date,volume,open,high,low,close
2024-02-26,2278614,13.31,13.75,13.20,13.68
2024-02-23,2319731,13.30,13.79,13.12,13.51
2024-02-22,1817822,13.50,13.65,13.34,13.36
2024-02-21,1731270,13.46,13.67,13.23,13.41
2024-02-20,3784513,13.96,14.05,13.16,13.49
2024-02-16,2301927,14.46,14.53,14.10,14.12
2024-02-15,2400542,14.54,14.75,14.23,14.51
2024-02-14,2504419,14.33,14.43,14.05,14.41
2024-02-13,3788691,14.20,14.40,13.77,14.17
2024-02-12,2750144,14.58,15.22,14.53,14.73
2024-02-09,3575284,14.37,15.23,14.30,14.66
2024-02-08,1838274,14.01,14.44,13.89,14.35
2024-02-07,1947793,14.12,14.30,13.78,14.07
2024-02-06,3052466,13.60,14.30,13.43,14.10
2024-02-05,4361519,14.50,14.61,13.40,13.46
2024-02-02,2924462,14.15,14.92,14.08,14.73
2024-02-01,2220154,14.34,14.42,14.02,14.42
2024-01-31,2684680,14.40,14.83,14.22,14.23
2024-01-30,1652561,14.54,14.82,14.51,14.55
2024-01-29,2164235,14.50,14.81,14.32,14.78
2024-01-26,2288830,14.44,14.72,14.41,14.49
2024-01-25,3635866,13.97,14.54,13.92,14.52
2024-01-24,2513801,14.28,14.38,13.82,13.95
2024-01-23,3495270,15.00,15.02,14.05,14.18
2024-01-22,3606547,14.50,15.16,14.30,14.90
2024-01-19,2396197,14.36,14.60,14.09,14.51
2024-01-18,3906004,14.20,14.77,14.05,14.29
2024-01-17,2706197,13.86,14.11,13.71,14.08
2024-01-16,3581167,14.60,14.62,13.93,13.98
2024-01-12,2479772,15.30,15.62,14.73,14.75
2024-01-11,2992177,15.65,15.80,15.24,15.25
2024-01-10,3191714,15.12,15.76,14.97,15.73
2024-01-09,3105267,15.59,15.62,15.12,15.16
2024-01-08,3031109,15.78,16.12,15.70,15.79
2024-01-05,2619192,16.16,16.52,15.96,15.96
2024-01-04,2671512,16.51,16.75,16.31,16.36
2024-01-03,4193550,16.30,16.83,15.90,16.69
2024-01-02,4428020,17.25,17.60,16.58,16.67
2023-12-29,4536656,18.04,18.16,17.46,17.53
2023-12-28,3574783,18.05,18.32,17.85,18.07
2023-12-27,4800071,17.43,18.37,17.37,18.37
2023-12-26,3079617,16.98,17.41,16.82,17.36
2023-12-22,3329896,16.78,17.20,16.45,16.97
2023-12-21,3975273,17.19,17.34,16.59,16.98
2023-12-20,5552971,17.53,18.38,16.89,16.93
2023-12-19,5447123,17.89,18.59,17.23,17.72
2023-12-18,7352153,17.24,18.51,17.10,17.86
2023-12-15,7119134,17.40,17.58,17.01,17.26
2023-12-14,10750750,17.14,17.88,16.80,17.44
2023-12-13,9086880,15.22,16.80,15.19,16.69
2023-12-12,4210660,15.12,15.36,14.84,15.22
2023-12-11,4961223,15.45,15.69,14.98,15.07
2023-12-08,10401390,15.83,16.48,15.47,15.55
2023-12-07,19840670,13.71,16.52,13.56,16.36
2023-12-06,12691340,15.36,15.70,14.64,14.84
2023-12-05,14220060,16.47,16.72,14.87,14.91
2023-12-04,20098660,15.29,17.41,14.91,16.98
2023-12-01,13378650,14.52,15.99,14.50,15.30
2023-11-30,16537170,16.29,16.33,14.32,14.55
2023-11-29,61172840,15.49,17.56,14.70,16.25
2023-11-28,14192940,11.90,13.55,11.89,13.49
2023-11-27,3710572,12.18,12.33,11.89,11.91
2023-11-24,1232474,12.22,12.41,12.18,12.20
2023-11-22,2362461,12.56,12.71,12.19,12.29
2023-11-21,3710097,12.65,12.72,12.26,12.55
2023-11-20,2301584,13.00,13.20,12.80,12.80
2023-11-17,3422596,12.52,13.06,12.52,13.03
2023-11-16,3425773,13.14,13.19,12.52,12.53
2023-11-15,4121561,13.15,13.50,13.03,13.27
2023-11-14,5187534,12.75,13.39,12.69,12.90
2023-11-13,4318457,12.50,12.53,11.83,12.14
2023-11-10,3875692,12.81,12.97,12.35,12.54
2023-11-09,2750115,13.25,13.32,12.70,12.70
2023-11-08,1705621,13.51,13.76,13.28,13.28
2023-11-07,2354364,13.47,13.79,13.23,13.64
2023-11-06,2164399,13.99,14.05,13.49,13.53
2023-11-03,2966237,13.90,14.40,13.83,13.87
2023-11-02,3566585,13.37,13.70,13.28,13.64
2023-11-01,3430138,13.78,13.80,13.01,13.01
2023-10-31,4574637,12.85,13.90,12.82,13.77
2023-10-30,3475939,13.15,13.27,12.59,12.80
2023-10-27,2481701,13.51,13.62,13.02,13.12
2023-10-26,2036419,13.73,13.80,13.41,13.50
2023-10-25,1967280,14.01,14.01,13.61,13.71
2023-10-24,3738325,13.59,14.30,13.55,14.04
2023-10-23,2785462,13.28,13.59,13.04,13.44
2023-10-20,3661770,13.18,13.80,13.12,13.44
2023-10-19,5808038,13.80,13.85,12.90,13.16
2023-10-18,4045789,14.00,14.25,13.81,13.85
2023-10-17,3842428,14.25,14.83,14.10,14.12
2023-10-16,3508601,14.81,14.93,14.15,14.43
2023-10-13,1835601,14.92,15.11,14.78,14.92
2023-10-12,3180340,15.77,15.80,14.82,15.09
2023-10-11,2098203,16.01,16.09,15.74,15.82
2023-10-10,2915872,15.50,16.19,15.40,16.00
2023-10-09,2276323,14.77,15.50,14.72,15.40
2023-10-06,2467053,14.59,15.26,14.58,15.08
2023-10-05,1945094,14.70,14.98,14.58,14.71
2023-10-04,2586368,14.77,14.94,14.44,14.87
2023-10-03,4510325,15.29,15.29,14.57,14.60
2023-10-02,6087651,16.30,16.31,15.26,15.39
2023-09-29,3397024,17.05,17.26,16.40,16.46
2023-09-28,7431938,18.02,18.10,16.44,16.84
2023-09-27,1681325,16.87,17.26,16.81,17.15
2023-09-26,2726813,17.38,17.82,16.78,16.78
2023-09-25,2181230,17.00,17.72,16.85,17.67
2023-09-22,2102886,17.18,17.35,17.00,17.18
2023-09-21,2913533,17.28,17.32,16.65,17.02
2023-09-20,2134121,17.63,17.93,17.45,17.52
2023-09-19,2584791,17.59,17.64,17.13,17.52
2023-09-18,3694591,17.99,18.10,17.35,17.55
2023-09-15,6166608,18.36,18.61,18.15,18.22
2023-09-14,3077962,17.80,18.52,17.60,18.33
2023-09-13,3012556,17.31,17.93,17.27,17.81
2023-09-12,5179405,17.53,18.50,17.19,17.23
2023-09-11,3543797,17.85,17.85,16.90,17.02
2023-09-08,4694034,18.15,18.50,17.35,17.71
2023-09-07,5021288,19.13,19.48,17.61,18.89
2023-09-06,6107245,19.06,19.15,18.42,18.75
2023-09-05,3781292,18.45,19.34,18.26,19.23
2023-09-01,2135901,18.66,18.73,18.32,18.42
2023-08-31,4674143,18.41,19.42,18.15,18.55
2023-08-30,1884501,18.20,18.53,17.91,18.37
2023-08-29,2709238,17.60,18.55,17.60,18.24
2023-08-28,3007418,17.35,18.11,17.25,17.57
2023-08-25,3423462,16.50,17.18,16.45,17.13
2023-08-24,3624485,16.94,16.98,16.18,16.36
2023-08-23,2909054,17.25,17.34,16.88,16.89
2023-08-22,3791911,18.62,18.62,17.25,17.26
2023-08-21,2864735,18.30,18.82,18.20,18.48
2023-08-18,2029098,18.18,18.66,18.14,18.36
2023-08-17,2056830,18.79,18.81,18.30,18.38
2023-08-16,3015627,19.18,19.34,18.55,18.59
2023-08-15,2290326,19.77,19.78,19.09,19.33
2023-08-14,3329291,19.75,20.01,19.08,19.96
2023-08-11,1522912,20.03,20.38,19.97,20.19
2023-08-10,1432446,20.00,20.29,19.87,20.19
2023-08-09,2929553,20.85,20.85,19.82,19.93
2023-08-08,1431250,20.70,20.90,20.28,20.74
2023-08-07,1441290,20.90,21.24,20.48,21.07
2023-08-04,2406033,20.95,21.89,20.89,20.98
2023-08-03,1324938,20.88,21.18,20.74,20.93
2023-08-02,2630714,21.15,21.15,20.34,20.83
2023-08-01,2574804,21.95,22.00,21.26,21.50
2023-07-31,1975391,22.00,22.38,21.85,22.20
2023-07-28,2647747,22.02,22.49,21.79,21.93
2023-07-27,3370913,22.94,23.49,22.13,22.22
2023-07-26,1489152,22.70,22.99,22.48,22.70
2023-07-25,1671991,23.10,23.10,22.53,22.85
2023-07-24,2970433,22.42,23.04,22.20,23.04
2023-07-21,3167916,23.05,23.22,22.16,22.18
2023-07-20,2256659,23.01,23.22,22.66,22.91
2023-07-19,2250133,23.42,23.58,22.96,23.17
2023-07-18,2345137,22.72,23.80,22.68,23.08
2023-07-17,2033970,22.88,23.31,22.70,22.82
2023-07-14,2178827,23.49,23.72,22.94,22.97
2023-07-13,1912157,23.54,23.98,23.42,23.46
2023-07-12,1742244,24.25,24.31,23.44,23.44
2023-07-11,3063534,23.20,24.44,23.20,23.91
2023-07-10,3318214,22.61,23.56,22.00,23.54
2023-07-07,2447203,22.97,23.53,22.67,22.71
2023-07-06,2390303,23.52,23.57,22.82,22.83
2023-07-05,2268244,24.64,24.85,23.79,23.90
2023-07-03,1806580,24.29,25.11,24.21,24.91
2023-06-30,2803299,24.97,25.13,24.25,24.25
2023-06-29,3101049,24.96,25.47,24.62,24.90
2023-06-28,3493873,23.44,25.10,23.40,24.98
2023-06-27,2141510,23.29,23.60,23.00,23.58
2023-06-26,2525247,23.38,24.03,22.91,23.02
2023-06-23,2261038,23.78,24.15,23.68,23.70
2023-06-22,1895012,24.13,24.33,23.76,24.32
2023-06-21,2404694,24.84,25.10,24.10,24.43
2023-06-20,3254039,24.41,24.65,23.72,24.58
2023-06-16,4443512,25.02,25.11,24.42,24.56
2023-06-15,5501822,25.41,26.17,24.64,24.84
2023-06-14,7243697,26.72,27.08,24.90,25.70
2023-06-13,17160610,26.20,27.65,25.03,26.95
2023-06-12,7142290,22.85,24.30,22.74,24.30
2023-06-09,10342630,21.78,23.43,21.50,22.68
2023-06-08,19213300,20.30,22.00,20.10,21.44
2023-06-07,18001070,26.20,26.55,25.07,26.11
2023-06-06,3984262,24.01,25.25,24.00,24.69
2023-06-05,4201866,24.53,25.84,24.16,24.31
2023-06-02,3300736,24.29,24.93,24.28,24.64
2023-06-01,3844957,24.04,24.66,23.78,24.10
2023-05-31,4265226,24.51,24.80,23.88,24.05
2023-05-30,5037830,23.35,24.69,23.30,24.57
2023-05-26,2261884,23.47,23.71,23.06,23.25
2023-05-25,2494434,23.50,23.69,22.71,23.35
2023-05-24,1900997,23.13,23.52,22.73,23.27
2023-05-23,3786525,23.89,23.90,22.80,23.16
2023-05-22,6251635,22.10,24.36,21.99,24.21
2023-05-19,2668214,22.94,22.99,21.75,22.06
2023-05-18,2144412,22.90,23.30,22.68,23.05
2023-05-17,4572988,21.99,23.25,21.90,22.87
2023-05-16,2500775,21.50,22.10,21.42,21.99
2023-05-15,2601994,20.62,21.63,20.49,21.62
2023-05-12,2006061,20.83,20.98,20.23,20.69
2023-05-11,1652512,20.69,21.16,20.51,20.88
2023-05-10,2139945,20.45,20.96,20.38,20.76
2023-05-09,1522674,20.16,20.65,20.12,20.24
2023-05-08,2402799,20.46,20.99,20.09,20.51
2023-05-05,4357180,19.62,20.88,19.51,20.42
2023-05-04,2041842,19.25,19.48,18.92,19.35
2023-05-03,3184021,18.56,19.20,18.53,18.90
2023-05-02,1918257,18.45,18.58,18.06,18.58
2023-05-01,2356640,19.16,19.25,18.46,18.55
2023-04-28,2836576,18.92,19.72,18.88,19.29
2023-04-27,2238947,18.75,19.34,18.72,18.94
2023-04-26,2287611,18.98,19.23,18.65,18.65
2023-04-25,2560841,19.74,20.04,18.91,19.00
2023-04-24,2742391,20.15,20.41,19.81,19.93
2023-04-21,2085872,20.20,20.62,20.10,20.49
2023-04-20,2977376,20.88,21.57,20.06,20.22
2023-04-19,2539480,21.28,21.87,20.96,21.31
2023-04-18,2748702,22.14,22.32,21.50,21.61
2023-04-17,2066616,22.27,22.68,22.14,22.28
2023-04-14,2312372,22.74,23.25,22.32,22.46
2023-04-13,1803934,22.50,22.85,22.33,22.55
2023-04-12,2141141,22.90,23.28,22.26,22.26
2023-04-11,2539969,22.57,23.17,22.42,22.69
2023-04-10,2176087,21.85,22.43,21.82,22.37
2023-04-06,2506935,22.00,22.67,21.77,22.40
2023-04-05,3638100,22.47,22.47,21.23,22.07
2023-04-04,3421464,22.75,23.14,22.09,22.35
2023-04-03,4274492,22.94,23.85,22.66,23.17
2023-03-31,3880261,22.35,23.07,22.15,23.02
2023-03-30,3477609,22.60,22.83,22.11,22.50
2023-03-29,4161361,23.08,23.70,22.22,22.46
2023-03-28,5711651,22.97,23.54,22.22,23.15
2023-03-27,4580797,23.99,24.01,22.69,23.00
2023-03-24,8768674,22.32,23.99,22.10,23.98
2023-03-23,11168850,22.57,24.59,22.13,22.58
2023-03-22,66764650,26.60,27.00,23.05,23.87
2023-03-21,15882850,17.15,18.35,17.14,17.65
2023-03-20,4463676,16.65,17.27,16.25,16.87
2023-03-17,5105501,16.62,16.72,15.92,16.60
2023-03-16,4093282,16.00,16.77,15.53,16.76
2023-03-15,4541529,16.50,16.69,15.70,15.95
2023-03-14,3077400,17.37,17.41,16.40,16.91
2023-03-13,2959090,16.77,17.35,16.52,16.75
2023-03-10,2845500,17.53,17.77,16.85,17.25
2023-03-09,2652605,18.07,18.38,17.48,17.52
2023-03-08,3277810,18.05,18.38,17.63,18.17
2023-03-07,2375301,18.54,18.84,18.06,18.06
2023-03-06,2815336,18.52,19.50,18.52,18.65
2023-03-03,2505515,18.19,19.10,18.10,18.70
2023-03-02,2627304,18.15,18.40,17.62,18.19
2023-03-01,4210100,18.92,19.09,18.14,18.15
2023-02-28,3373826,19.06,19.52,18.95,19.23
2023-02-27,4006677,19.61,19.70,18.89,19.10
2023-02-24,2277573,19.71,20.08,19.54,19.54
2023-02-23,2862036,20.66,20.87,19.53,20.14
2023-02-22,2164879,20.53,21.19,20.33,20.52
2023-02-21,3100309,21.33,21.83,20.63,20.66
2023-02-17,2850979,21.27,22.07,21.15,21.99
2023-02-16,3879046,21.25,22.42,20.85,21.60
2023-02-15,7147319,19.80,21.80,19.59,21.80
2023-02-14,2746308,19.31,20.01,19.10,19.87
2023-02-13,2299304,19.30,19.94,19.01,19.69
2023-02-10,2902678,19.56,20.04,19.05,19.27
2023-02-09,4497399,21.25,21.65,19.67,19.67
2023-02-08,2846425,21.43,21.55,20.61,21.10
2023-02-07,9093668,23.00,23.05,20.50,21.22
2023-02-06,8708367,21.88,24.88,21.77,23.86
2023-02-03,4935949,22.01,23.93,21.80,22.25
2023-02-02,7655658,22.44,24.40,22.22,22.70
2023-02-01,4517191,21.49,22.12,20.55,21.83
2023-01-31,3128376,21.41,22.05,21.30,21.87
2023-01-30,4950563,22.50,23.48,21.13,21.25
2023-01-27,11897250,19.80,23.31,19.41,22.82
2023-01-26,3519973,20.61,21.17,19.38,20.01
2023-01-25,3515791,20.59,20.84,19.53,20.23
2023-01-24,2381588,21.30,22.09,21.00,21.40
2023-01-23,7181508,19.50,22.49,19.37,21.66
2023-01-20,3564322,19.05,20.07,18.90,19.61
2023-01-19,4519163,20.44,20.45,18.82,19.04
2023-01-18,5632161,22.01,22.15,20.50,20.79
2023-01-17,5407905,20.49,21.94,20.37,21.80
2023-01-13,5494405,19.88,21.11,19.80,20.49
2023-01-12,5877276,19.04,20.63,18.34,20.63
2023-01-11,8405821,18.19,20.05,17.86,19.04
2023-01-10,4402799,16.30,18.09,16.25,17.77
2023-01-09,3522596,16.65,17.13,16.36,16.38
2023-01-06,4823357,16.00,16.57,15.41,16.46
2023-01-05,6066158,17.06,17.26,15.89,16.22
2023-01-04,3939325,17.25,17.93,16.90,17.32
2023-01-03,5135191,18.64,19.26,17.09,17.20
2022-12-30,2669548,17.95,18.58,17.90,18.46
2022-12-29,3442757,18.12,18.57,17.75,18.33
2022-12-28,5671992,18.29,18.70,16.98,17.92
2022-12-27,4233045,19.91,19.99,18.00,18.20
2022-12-23,3174827,20.00,20.63,19.65,20.08
2022-12-22,5343087,20.50,20.50,18.50,19.81
2022-12-21,2793559,20.40,20.90,20.18,20.56
2022-12-20,4478987,19.86,21.32,19.62,20.26
2022-12-19,3700556,20.55,20.89,19.59,19.92
2022-12-16,9379717,20.48,21.12,20.01,20.80
2022-12-15,6444512,20.74,21.44,20.24,20.58
2022-12-14,4604808,21.19,22.00,21.01,21.05
2022-12-13,6305646,23.55,23.70,20.83,21.00
2022-12-12,3750805,22.66,23.15,22.18,22.67
2022-12-09,5326676,24.59,24.59,22.59,22.63
2022-12-08,10252000,22.00,25.00,21.97,24.79
2022-12-07,10078220,23.40,23.61,21.97,22.26
2022-12-06,7699321,25.41,25.58,23.11,23.39
2022-12-05,4973747,27.31,27.48,25.44,25.56
2022-12-02,4577177,26.25,27.87,26.11,27.52
2022-12-01,7615154,26.00,27.50,25.18,26.60
2022-11-30,3731072,25.90,26.23,24.91,26.21
2022-11-29,2029480,25.58,26.35,25.32,25.60
2022-11-28,2453744,25.79,26.44,25.21,25.29
2022-11-25,1122700,26.50,27.05,26.14,26.17
2022-11-23,2737491,25.92,27.14,25.92,26.70
2022-11-22,4240402,25.13,26.45,24.70,26.30
2022-11-21,4443252,26.66,27.83,24.86,25.16
2022-11-18,3087420,28.16,28.70,26.83,27.60
2022-11-17,2477693,26.30,27.76,26.15,27.76
2022-11-16,2452335,26.62,27.35,26.37,27.14
2022-11-15,5391975,26.59,28.24,26.27,27.59
2022-11-14,4350537,26.30,27.38,25.61,26.05
2022-11-11,3986182,24.78,26.12,24.15,26.10
2022-11-10,6106952,24.62,25.70,23.91,24.88
2022-11-09,8464777,24.55,24.67,21.89,23.11
2022-11-08,4695117,25.33,25.85,24.11,25.14
2022-11-07,3303627,26.25,26.30,24.80,25.76
2022-11-04,4137984,26.60,27.03,25.34,26.51
2022-11-03,3384428,26.00,27.29,26.00,26.29
2022-11-02,4143900,27.90,28.75,26.50,26.62
2022-11-01,5147499,29.40,29.69,27.62,28.39
2022-10-31,24027610,31.22,34.99,27.91,28.31
2022-10-28,8089647,26.88,28.79,26.42,28.17
2022-10-27,2422933,25.75,26.33,25.20,25.93
2022-10-26,3866779,26.37,27.48,25.32,25.42
2022-10-25,7791571,24.82,27.79,24.80,26.87
2022-10-24,3114308,25.00,25.19,24.11,24.71
2022-10-21,3036299,24.15,25.33,24.10,25.30
2022-10-20,5148627,24.65,25.45,24.07,24.41
2022-10-19,5318442,26.00,26.18,24.27,24.54
2022-10-18,4402577,27.10,27.74,26.13,26.67
2022-10-17,3172241,25.37,26.41,25.24,25.96
2022-10-14,2778436,25.77,26.37,24.63,24.63
2022-10-13,3516164,24.42,26.59,23.91,25.56
2022-10-12,3284353,25.96,26.89,25.27,25.36
2022-10-11,4195897,24.87,26.30,23.95,25.27
2022-10-10,2917594,25.37,26.50,24.75,25.00
2022-10-07,3270565,25.84,25.84,24.42,25.35
2022-10-06,2418721,26.29,27.00,25.80,25.99
2022-10-05,2986448,26.77,26.98,25.43,26.39
2022-10-04,4581855,25.95,27.83,25.95,27.60
2022-10-03,2653852,25.14,25.63,24.21,25.38
2022-09-30,3148331,25.03,25.82,24.44,25.13
2022-09-29,4118215,27.08,27.69,24.69,25.46
2022-09-28,2630051,25.89,27.50,25.62,27.31
2022-09-27,4487179,25.47,26.39,25.13,26.13
2022-09-26,3440279,24.66,25.87,24.12,24.48
2022-09-23,3622430,24.15,25.15,24.06,25.04
2022-09-22,4346547,27.17,27.27,24.38,24.70
2022-09-21,3859156,27.45,28.99,26.77,26.86
2022-09-20,3145901,29.28,29.33,27.18,27.54
2022-09-19,3403984,28.34,29.65,28.15,28.96
2022-09-16,4656038,28.33,28.80,27.78,28.64
2022-09-15,3329490,27.86,29.07,27.86,28.61
2022-09-14,3605752,27.56,28.45,26.65,28.13
2022-09-13,3657164,27.40,28.61,27.32,27.85
2022-09-12,6175210,29.03,30.34,28.00,29.24
2022-09-09,7916490,26.30,29.08,26.10,28.92
2022-09-08,14142210,25.00,26.74,24.07,25.83
2022-09-07,12504680,24.73,25.19,23.42,24.04
2022-09-06,7010190,25.75,26.72,24.67,25.14
2022-09-02,4680123,28.26,28.74,26.93,27.36
2022-09-01,5293858,28.00,28.91,26.95,27.63
2022-08-31,5157027,29.25,29.96,28.26,28.64
2022-08-30,5060206,31.62,31.87,29.42,29.84
2022-08-29,4292686,30.48,32.75,30.38,31.55
2022-08-26,4297295,31.50,32.38,30.63,30.94
2022-08-25,4726286,32.84,32.89,31.50,31.96
2022-08-24,5620333,34.00,34.94,32.44,32.50
2022-08-23,4836309,34.70,34.99,33.45,33.53
2022-08-22,5798630,34.31,36.20,34.20,34.50
2022-08-19,9551861,35.18,37.19,34.67,36.49
2022-08-18,8145446,39.27,40.07,37.34,37.93
2022-08-17,9766448,42.18,44.36,40.41,40.52
2022-08-16,23602780,39.17,45.53,38.60,42.19
2022-08-15,5243088,39.75,40.39,38.81,39.68
2022-08-12,5120040,40.00,41.43,39.15,40.74
2022-08-11,5140480,40.91,41.97,39.35,39.45
2022-08-10,5434675,42.00,42.00,38.63,40.53
2022-08-09,6954188,42.14,43.19,39.00,40.37
2022-08-08,18045600,41.29,47.99,40.75,43.45
2022-08-05,8124235,37.37,40.43,36.56,40.02
2022-08-04,5421500,38.34,39.89,37.89,38.36
2022-08-03,5186482,36.22,38.01,36.00,37.93
2022-08-02,4697134,35.90,36.80,35.12,35.84
2022-08-01,4196630,33.80,35.71,33.77,34.78
2022-07-29,3988750,33.68,34.79,33.06,34.01
2022-07-28,3207363,33.39,34.43,32.66,33.84
2022-07-27,4251215,32.96,34.12,32.16,33.78
2022-07-26,4866070,32.87,33.31,32.10,32.43
2022-07-25,5686259,35.00,35.51,33.25,33.98
2022-07-22,10060250,36.88,38.70,34.93,35.78
2022-07-21,9277796,39.93,40.00,37.29,38.37
2022-07-20,11400292,38.50,40.41,38.35,39.69
2022-07-19,12827820,37.44,39.21,36.59,37.93
2022-07-18,11155132,36.25,37.40,35.77,36.66
2022-07-15,9832472,34.86,35.59,33.51,35.41
2022-07-14,20970208,34.80,37.99,34.05,34.05
2022-07-13,13703788,33.75,36.34,33.75,35.32
2022-07-12,16899680,32.70,35.65,31.82,34.28
2022-07-11,7558344,32.14,32.94,31.16,32.52
2022-07-08,13199444,31.67,33.17,30.63,32.14
2022-07-07,30313564,31.12,33.88,30.45,33.78
2022-07-06,9988996,30.17,30.57,28.34,29.36
2022-07-05,6045760,30.38,30.62,29.75,30.06
2022-07-01,6617116,30.28,31.29,29.82,30.86
2022-06-30,6718672,29.84,31.65,29.44,30.58
2022-06-29,6826496,30.39,31.62,29.90,30.72
2022-06-28,6621596,32.75,32.83,30.57,31.10
2022-06-27,9745448,34.12,34.26,31.83,32.42
2022-06-24,16995764,35.75,37.09,32.88,33.80
2022-06-23,6682900,35.41,36.00,34.18,35.51
2022-06-22,7846916,34.67,36.18,34.11,34.62
2022-06-21,12512268,34.56,36.35,33.88,35.07
2022-06-17,12340908,31.72,33.96,31.58,33.79
2022-06-16,9995056,31.24,32.32,30.15,31.43
2022-06-15,10764284,31.24,32.99,30.91,32.32
2022-06-14,12739140,29.39,32.00,29.03,31.54
2022-06-13,13792816,30.13,31.14,28.58,29.56
2022-06-10,11830196,31.50,32.98,30.79,32.27
2022-06-09,13135252,34.70,34.98,31.84,32.25
2022-06-08,24473520,35.35,38.25,33.96,34.68
2022-06-07,24967468,32.50,37.47,31.58,36.63
2022-06-06,9532920,33.83,34.03,31.76,32.03
2022-06-03,18234452,32.50,34.53,31.06,33.43
2022-06-02,27918764,29.75,34.13,28.89,33.50
2022-06-01,14991732,30.71,32.40,29.25,30.35
2022-05-31,19084328,34.30,34.98,30.13,31.19
2022-05-27,30045076,35.25,35.93,31.75,34.30
2022-05-26,57892320,29.00,37.12,28.68,32.12
2022-05-25,40060000,22.54,28.87,22.54,28.79
2022-05-24,8879480,23.51,23.55,21.68,22.29
2022-05-23,6993924,24.14,24.32,22.88,24.03
2022-05-20,9972096,24.95,25.60,22.44,23.92
2022-05-19,12720540,22.81,25.49,22.54,24.80
2022-05-18,11560128,24.10,24.96,22.54,22.87
2022-05-17,10444948,23.48,25.10,22.80,25.10
2022-05-16,11582124,24.70,24.79,22.70,22.95
2022-05-13,23930864,24.75,26.69,23.76,24.60
2022-05-12,40139760,20.76,27.02,19.44,22.39
2022-05-11,16681372,23.37,23.82,20.00,20.33
2022-05-10,16603212,25.75,26.52,22.00,23.38
2022-05-09,13264936,27.70,27.70,24.52,24.70
2022-05-06,7161632,29.32,30.14,27.56,28.68
2022-05-05,7015448,30.99,31.17,28.78,29.78
2022-05-04,6651292,29.80,31.94,28.93,31.77
2022-05-03,7312684,29.62,31.11,28.61,30.11
2022-05-02,10171944,30.91,31.35,28.18,29.89
2022-04-29,5143420,31.83,32.72,30.75,31.27
2022-04-28,7084892,32.57,33.15,30.13,32.33
2022-04-27,5223496,31.82,33.17,31.15,32.46
2022-04-26,6182896,33.91,34.20,31.54,31.90
2022-04-25,6139116,33.85,34.93,33.32,33.99
2022-04-22,6278432,35.64,36.58,33.89,34.56
2022-04-21,6737468,37.50,38.28,34.98,35.39
2022-04-20,4648012,38.00,38.08,36.66,37.21
2022-04-19,9416676,35.71,38.25,34.96,38.12
2022-04-18,9871124,37.50,37.81,34.31,35.37
2022-04-14,10002332,37.32,39.13,36.81,37.69
2022-04-13,8032900,36.03,38.03,35.51,37.68
2022-04-12,7996544,36.63,38.06,35.42,36.22
2022-04-11,9811916,35.76,37.06,35.15,36.73
2022-04-08,10371516,37.27,37.68,35.51,36.55
2022-04-07,15311388,38.53,39.18,35.39,37.50
2022-04-06,16267832,37.75,39.82,37.43,39.16
2022-04-05,15825264,42.00,42.11,38.00,38.40
2022-04-04,18560308,41.75,43.31,39.13,42.68
2022-04-01,52758240,47.23,47.44,38.82,41.25
2022-03-31,44968920,40.78,43.94,39.63,41.65
2022-03-30,36676744,43.75,45.83,41.25,41.71
2022-03-29,72045960,47.06,49.85,40.75,44.98
2022-03-28,65266080,38.00,47.71,37.89,47.40
2022-03-25,53535480,35.01,39.54,34.55,37.99
2022-03-24,36400600,33.50,35.87,31.69,35.60
2022-03-23,98399360,32.50,37.73,31.64,35.25
2022-03-22,60068920,23.85,31.45,23.61,30.79
2022-03-21,15812448,22.50,24.85,22.44,23.55
2022-03-18,35688376,19.94,24.36,19.73,22.70
2022-03-17,13796480,21.28,22.40,20.86,21.93
2022-03-16,10615712,21.28,22.50,20.50,21.72
2022-03-15,14115192,20.53,21.89,19.67,20.66
2022-03-14,18134456,23.36,23.58,19.40,19.53
2022-03-11,8822152,25.67,25.73,23.17,23.17
2022-03-10,5581868,25.98,26.01,24.56,25.14
2022-03-09,5598388,26.75,27.22,25.88,26.30
2022-03-08,8536116,25.26,27.25,24.27,25.75
2022-03-07,12591460,28.75,28.75,24.03,24.84
2022-03-04,5920052,29.50,30.13,27.65,27.92
2022-03-03,4382408,30.74,30.94,29.31,29.60
2022-03-02,5242600,29.88,30.67,29.09,30.49
2022-03-01,4384084,30.55,31.47,29.59,29.76
2022-02-28,6457988,30.25,31.57,29.22,30.84
2022-02-25,6841020,30.89,31.24,29.12,29.65
2022-02-24,9024848,26.38,31.43,26.03,31.15
2022-02-23,5393008,30.31,30.84,28.57,28.72
2022-02-22,6156452,29.55,30.83,28.55,29.52
2022-02-18,6214156,31.05,31.41,29.53,30.38
2022-02-17,6256416,31.69,32.71,30.56,30.85
2022-02-16,8007724,31.11,33.21,30.98,32.08
2022-02-15,7920356,30.24,31.81,29.82,31.54
2022-02-14,9102704,30.73,31.38,29.04,29.27
2022-02-11,11299108,30.62,32.47,30.19,31.06
2022-02-10,14826148,29.49,32.95,29.00,30.62
2022-02-09,15467580,28.52,31.18,28.25,31.07
2022-02-08,19839624,25.44,29.42,25.14,28.90
2022-02-07,7037440,25.75,26.35,24.69,25.59
2022-02-04,7627164,24.75,26.00,23.77,25.59
2022-02-03,10710076,25.38,26.74,24.43,24.81
2022-02-02,13116540,27.59,27.97,24.52,25.01
2022-02-01,13847508,28.25,29.16,27.07,28.15
2022-01-31,13997092,24.47,27.46,24.47,27.23
2022-01-28,16430268,23.85,24.50,21.90,24.48
2022-01-27,14679824,26.04,26.75,23.22,23.38
2022-01-26,33330160,25.28,29.75,25.08,25.82
2022-01-25,14297020,24.23,26.24,23.75,24.95
2022-01-24,25070996,24.76,25.72,21.57,25.04
2022-01-21,22120044,25.25,27.55,23.18,26.59
2022-01-20,11680296,26.98,28.80,25.40,25.67
2022-01-19,9614316,27.50,28.26,26.10,26.64
2022-01-18,15037612,28.28,28.44,26.10,27.23
2022-01-14,15401912,30.04,30.58,28.01,29.16
2022-01-13,8901080,32.13,32.63,30.42,30.62
2022-01-12,6298036,32.50,32.83,31.61,32.02
2022-01-11,10332220,32.53,34.20,31.85,32.58
2022-01-10,22047924,33.75,33.92,30.00,32.79
2022-01-07,48549240,39.94,40.08,33.13,35.16
2022-01-06,24205920,33.21,34.43,30.29,32.76
2022-01-05,13585600,37.10,37.21,32.29,32.34
2022-01-04,7339576,38.04,38.25,35.76,37.23
2022-01-03,5668004,37.31,39.85,37.30,38.21
2021-12-31,5575856,38.41,39.18,37.03,37.10
2021-12-30,6247528,37.75,40.00,37.50,38.83
2021-12-29,8149624,36.96,38.87,35.54,38.48
2021-12-28,5337888,36.88,39.35,36.60,36.62
2021-12-27,6461796,38.00,38.16,35.00,37.08
2021-12-23,4222156,38.50,38.75,36.51,38.04
2021-12-22,4188616,39.58,39.79,38.03,38.50
2021-12-21,5720952,39.27,40.06,38.79,39.53
2021-12-20,7314244,38.30,39.92,37.43,39.29
2021-12-17,17246480,35.94,39.64,34.83,38.91
2021-12-16,8659048,38.23,38.61,35.53,36.15
2021-12-15,11063968,36.87,38.00,35.28,37.15
2021-12-14,26048532,32.75,37.59,32.38,36.92
2021-12-13,21944804,40.08,40.22,33.77,34.22
2021-12-10,18107440,39.96,40.58,37.00,39.75
2021-12-09,20337360,41.75,43.17,37.75,38.94
2021-12-08,10444780,44.15,45.06,42.99,43.41
2021-12-07,7889580,43.80,45.50,42.63,44.45
2021-12-06,8914544,41.50,43.34,40.80,41.78
2021-12-03,16386752,45.25,45.98,39.76,43.10
2021-12-02,8348400,46.25,46.86,43.27,45.39
2021-12-01,9422140,49.85,50.03,44.25,44.96
2021-11-30,6895796,50.03,50.99,47.00,49.05
2021-11-29,4435376,51.00,51.98,50.24,50.50
2021-11-26,4941108,52.02,52.93,49.80,49.93
2021-11-24,5237552,54.31,56.00,52.00,52.95
2021-11-23,13406544,60.96,63.05,53.14,53.48
2021-11-22,17518416,57.62,62.41,57.44,61.89
2021-11-19,12174880,52.29,57.35,52.06,57.20
2021-11-18,4023100,52.56,53.78,51.88,52.53
2021-11-17,5410856,51.58,54.43,51.50,52.50
2021-11-16,4858384,52.26,53.14,50.91,51.80
2021-11-15,5865696,50.97,52.88,50.42,52.29
2021-11-12,3711964,50.54,51.34,49.47,50.53
2021-11-11,4317604,50.00,52.02,49.54,51.08
2021-11-10,5237556,50.53,51.85,49.13,49.80
2021-11-09,7381192,55.50,55.87,51.11,51.65
2021-11-08,8631648,53.13,56.26,53.00,54.66
2021-11-05,7242868,55.16,55.25,52.25,53.31
2021-11-04,11631904,55.50,57.24,52.89,54.46
2021-11-03,45062360,53.50,63.92,52.06,54.58
2021-11-02,15529344,49.84,52.98,47.92,51.75
2021-11-01,19776812,45.63,52.14,45.51,50.02
2021-10-29,9175880,45.70,46.44,44.50,45.88
2021-10-28,6784824,43.79,45.79,43.75,45.71
2021-10-27,4427992,45.00,45.77,43.08,43.38
2021-10-26,8706996,43.34,46.25,43.13,44.46
2021-10-25,5771224,42.36,43.70,41.82,43.49
2021-10-22,11201772,44.53,44.87,41.95,42.45
2021-10-21,9609472,46.18,47.68,45.15,45.43
2021-10-20,9107612,46.58,47.00,45.50,46.13
2021-10-19,8282472,47.25,48.05,46.10,46.70
2021-10-18,6358592,45.74,47.47,45.64,46.51
2021-10-15,4799908,46.00,46.75,45.22,45.82
2021-10-14,6704032,45.94,47.55,45.65,45.96
2021-10-13,7720956,44.58,47.05,44.00,46.02
2021-10-12,4934608,45.13,45.45,43.45,43.96
2021-10-11,10739420,43.25,47.12,43.25,44.53
2021-10-08,3272828,43.13,43.93,42.78,43.17
2021-10-07,4637304,43.00,43.80,42.64,43.03
2021-10-06,4801280,42.52,43.24,41.45,42.77
2021-10-05,5263416,42.80,43.29,41.68,43.05
2021-10-04,4782952,43.99,44.24,42.69,42.84
2021-10-01,6204556,44.85,44.87,43.06,44.23
2021-09-30,12709812,43.75,46.36,41.70,43.87
2021-09-29,7599732,45.02,46.12,43.65,43.98
2021-09-28,7081972,47.00,47.70,44.50,44.65
2021-09-27,5880584,46.48,48.01,46.47,47.37
2021-09-24,6743036,47.75,47.93,46.03,46.29
2021-09-23,6729036,48.08,48.94,47.65,47.81
2021-09-22,9026372,47.41,48.38,46.57,47.54
2021-09-21,10535308,49.84,49.84,46.50,47.49
2021-09-20,15767208,50.00,50.71,46.14,48.05
2021-09-17,15802572,52.01,53.12,50.20,51.24
2021-09-16,12232868,50.58,54.14,50.29,51.59
2021-09-15,9241628,49.25,51.22,48.44,51.13
2021-09-14,8566524,50.16,51.16,48.75,49.81
2021-09-13,17336272,48.44,52.22,47.88,50.85
2021-09-10,12170592,49.60,50.54,47.50,47.60
2021-09-09,30045832,45.02,50.50,44.50,49.80
2021-09-08,20694264,50.47,51.72,47.67,49.70
2021-09-07,10004712,51.56,52.48,49.03,49.75
2021-09-03,10656020,53.01,54.07,49.71,50.69
2021-09-02,7422472,53.47,53.70,51.58,53.38
2021-09-01,17815128,56.00,57.86,52.01,53.24
2021-08-31,14298748,53.18,55.58,52.87,54.56
2021-08-30,13238336,51.25,54.55,50.76,52.30
2021-08-27,12923216,51.93,53.25,50.01,51.24
2021-08-26,24954588,50.17,54.25,49.75,51.31
2021-08-25,51444240,51.66,56.75,48.25,49.91
2021-08-24,58608840,41.57,56.25,41.29,52.57
2021-08-23,5372128,40.60,41.82,39.89,41.22
2021-08-20,4619432,38.45,40.02,38.31,39.83
2021-08-19,4786192,39.19,39.50,37.70,38.23
2021-08-18,5647368,40.81,41.40,39.19,39.26
2021-08-17,4863752,40.30,42.37,40.28,40.89
2021-08-16,6299508,40.25,42.47,39.79,40.98
2021-08-13,4059004,40.12,40.89,39.35,40.63
2021-08-12,5279328,39.97,41.07,39.33,40.59
2021-08-11,3781712,39.61,39.76,38.66,39.70
2021-08-10,6493336,40.34,41.73,38.84,39.76
2021-08-09,8996816,37.95,41.18,37.67,40.28
2021-08-06,5410756,38.65,39.13,37.58,37.94
2021-08-05,9648492,37.00,39.40,36.31,38.36
2021-08-04,9573936,38.18,39.45,36.42,36.70
2021-08-03,57802480,39.19,39.72,37.05,38.19
2021-08-02,10131724,40.50,40.90,38.77,39.41
2021-07-30,9508472,41.25,41.81,39.72,40.28
2021-07-29,8959980,42.65,43.47,41.13,41.22
2021-07-28,16403380,43.93,44.28,41.07,42.28
2021-07-27,4859100,45.75,46.25,44.17,44.64
2021-07-26,5042372,45.09,46.51,44.69,45.99
2021-07-23,5264672,45.25,45.40,43.46,45.09
2021-07-22,5651952,46.33,46.92,44.04,44.71
2021-07-21,8916736,46.95,48.88,45.53,46.45
2021-07-20,12404360,43.48,48.41,43.11,47.80
2021-07-19,9747736,40.83,44.00,40.31,43.37
2021-07-16,13151716,42.54,44.87,41.58,42.26
2021-07-15,17194356,40.00,43.00,39.50,41.71
2021-07-14,15655080,45.12,45.60,41.27,41.91
2021-07-13,9591776,46.92,47.20,44.75,45.02
2021-07-12,6545296,47.86,49.44,46.86,47.31
2021-07-09,6331700,47.72,48.70,46.69,47.81
2021-07-08,11430056,44.96,48.56,44.88,47.85
2021-07-07,16958000,49.00,49.38,44.39,47.67
2021-07-06,11072248,51.00,51.19,48.43,49.89
2021-07-02,10410916,51.20,51.36,49.13,50.71
2021-07-01,10968448,53.35,54.21,50.50,51.09
2021-06-30,10158592,52.42,53.82,51.73,53.54
2021-06-29,9920036,53.40,53.81,52.00,52.72
2021-06-28,19517456,52.81,56.11,52.55,53.31
2021-06-25,50771000,53.50,53.55,49.63,52.38
2021-06-24,15453356,55.29,56.86,52.90,53.08
2021-06-23,14220360,55.36,55.64,53.53,54.84
2021-06-22,32800708,54.43,56.47,52.29,55.10
2021-06-21,20480744,54.24,54.60,49.25,50.09
2021-06-18,17281268,55.05,55.87,53.25,53.46
2021-06-17,18434292,56.00,58.42,55.37,55.90
2021-06-16,22259308,53.81,57.18,52.25,55.74
2021-06-15,29207740,56.59,57.31,52.00,55.63
2021-06-14,28530508,59.13,59.50,54.80,57.36
2021-06-11,62323080,55.59,60.28,51.53,58.34
2021-06-10,91920600,70.50,72.00,52.75,55.10
2021-06-09,53717240,75.78,82.00,72.88,75.64
2021-06-08,69756480,73.00,86.17,70.25,75.00
2021-06-07,24205960,64.50,70.50,63.80,70.00
2021-06-04,14550060,64.01,66.25,61.44,62.09
2021-06-03,31999820,66.43,68.61,60.53,64.55
2021-06-02,64076880,62.22,73.50,61.08,70.56
2021-06-01,38502440,58.37,63.75,56.77,62.26
2021-05-28,47005480,65.74,67.20,55.36,55.50
2021-05-27,62105200,57.45,66.00,56.75,63.53
2021-05-26,84479480,57.25,62.12,56.39,60.64
2021-05-25,59549840,45.25,54.28,45.25,52.36
2021-05-24,18657392,43.96,47.11,43.34,45.00
2021-05-21,14618732,42.75,44.81,42.58,44.20
2021-05-20,9912672,42.70,43.73,41.73,42.62
2021-05-19,19303620,43.00,44.75,41.04,42.21
2021-05-18,30954868,43.64,47.30,42.07,45.17
2021-05-17,29491052,39.96,45.63,39.75,45.15
2021-05-14,17174120,40.00,41.62,39.06,39.98
2021-05-13,35493948,36.86,42.49,36.61,41.13
2021-05-12,10926040,36.43,37.63,35.56,36.20
2021-05-11,18738336,34.25,37.63,34.13,36.73
2021-05-10,19226740,40.33,40.40,35.75,35.81
2021-05-07,11738496,40.03,41.85,39.38,40.28
2021-05-06,11771208,40.22,41.18,38.90,40.25
2021-05-05,7156744,40.46,41.38,39.58,39.87
2021-05-04,16030048,39.75,40.37,37.95,40.18
2021-05-03,21044076,44.37,44.37,39.90,40.55
2021-04-30,17734260,43.75,45.95,43.18,43.40
2021-04-29,15041000,44.14,45.22,42.69,44.05
2021-04-28,23155752,43.03,45.50,41.51,44.65
2021-04-27,35730872,45.89,47.00,43.29,44.44
2021-04-26,42128440,37.75,43.67,37.19,42.23
2021-04-23,16168228,37.25,38.41,36.18,37.80
2021-04-22,17383236,39.78,39.78,36.72,37.79
2021-04-21,15251380,39.60,40.75,38.98,39.63
2021-04-20,18634432,41.04,41.22,38.34,39.63
2021-04-19,42080840,42.95,43.80,40.58,41.09
2021-04-16,20858840,39.00,40.05,37.81,38.67
2021-04-15,31427120,40.75,41.56,38.20,39.11
2021-04-14,84552560,35.89,43.52,35.75,41.63
2021-04-13,27227472,35.47,36.34,33.00,35.25
2021-04-12,66734400,39.53,40.98,33.75,35.27
2021-04-09,37849520,42.43,42.90,38.25,39.59
2021-04-08,40189560,46.47,46.47,41.08,42.57
2021-04-07,19073044,45.81,46.13,44.03,44.49
2021-04-06,24873272,46.30,48.00,45.89,46.13
2021-04-05,56281960,42.75,48.75,41.20,46.74
2021-04-01,37337380,48.34,49.24,45.90,47.86
2021-03-31,33575336,49.38,49.87,46.78,47.46
2021-03-30,68379680,46.88,51.08,45.50,48.62
2021-03-29,40168720,45.19,48.48,43.38,45.33
2021-03-26,149722680,49.42,54.73,40.82,45.25
2021-03-25,203849360,30.87,46.88,29.23,45.94
2021-03-24,96711520,39.50,41.74,29.66,30.09
2021-03-23,57716600,49.38,50.44,44.39,45.44
2021-03-22,40246040,51.32,52.59,46.55,48.62
2021-03-19,98709200,48.93,56.75,45.67,50.07
2021-03-18,47199640,53.50,54.72,48.91,50.44
2021-03-17,65926360,54.46,57.87,51.00,52.45
2021-03-16,141691480,50.79,55.18,43.09,52.04
2021-03-15,96904760,69.38,70.75,51.50,55.04
2021-03-12,103383600,68.75,73.88,65.57,66.13
2021-03-11,113249960,60.41,70.38,58.15,65.00
2021-03-10,286282280,67.36,87.13,43.00,66.25
2021-03-09,156397320,54.43,62.46,52.13,61.73
2021-03-08,254262480,38.72,52.72,36.53,48.63
2021-03-05,122934680,32.04,37.88,31.88,34.44
2021-03-04,130427560,31.25,36.97,28.83,33.09
2021-03-03,77095520,30.63,31.94,28.28,31.05
2021-03-02,135132160,29.23,33.30,28.05,29.55
2021-03-01,199175880,26.14,33.50,24.99,30.10
2021-02-26,368776600,29.37,35.73,21.50,25.44
2021-02-25,601235200,42.39,46.17,25.25,27.18
2021-02-24,332446960,11.18,22.93,11.18,22.93
2021-02-23,30260860,11.24,11.56,10.00,11.24
2021-02-22,77904080,11.67,12.13,10.60,11.50
2021-02-19,59312960,10.32,10.97,9.63,10.15
2021-02-18,95962240,12.12,12.22,10.16,10.17
2021-02-17,37043180,12.44,12.80,11.14,11.49
2021-02-16,32700120,13.17,13.38,12.26,12.38
2021-02-12,58293040,12.69,13.81,12.01,13.10
2021-02-11,52226920,12.50,13.83,12.06,12.78
2021-02-10,145820160,12.69,15.71,11.64,12.80
2021-02-09,107372320,14.15,14.25,11.63,12.58
2021-02-08,102749120,18.10,18.17,14.51,15.00
2021-02-05,325380040,13.51,23.75,12.77,15.94
2021-02-04,249709120,22.80,22.88,13.33,13.38
2021-02-03,170794040,28.00,28.35,21.31,23.10
2021-02-02,312732280,35.19,39.50,18.56,22.50
2021-02-01,149528600,79.14,80.50,53.00,56.25
2021-01-29,202264240,94.93,103.50,62.50,81.25
2021-01-28,235263240,66.25,120.75,28.06,48.40
2021-01-27,373586680,88.71,95.00,62.25,86.88
2021-01-26,714352000,22.14,37.50,20.05,37.00
2021-01-25,711496000,24.18,39.80,15.28,19.20
2021-01-22,788631600,10.65,19.19,10.58,16.25
2021-01-21,228319000,9.81,11.19,9.25,10.76
2021-01-20,133887160,9.34,10.30,9.02,9.78
2021-01-19,298887680,10.39,11.38,9.16,9.84
2021-01-15,187465440,9.62,10.19,8.50,8.88
2021-01-14,374869640,9.52,10.77,8.26,9.98
2021-01-13,578006800,5.11,9.66,5.01,7.85
2021-01-12,28242660,4.99,5.10,4.83,4.99
2021-01-11,59710440,4.85,5.16,4.75,4.99
2021-01-08,25927840,4.55,4.58,4.27,4.42
2021-01-07,24517104,4.62,4.86,4.51,4.52
2021-01-06,24224992,4.34,4.75,4.33,4.59
2021-01-05,19845828,4.34,4.52,4.31,4.34
2021-01-04,40089880,4.75,4.78,4.29,4.31
2020-12-31,27690608,4.81,4.95,4.70,4.71
2020-12-30,23737564,4.85,5.00,4.71,4.82
2020-12-29,36965764,5.21,5.27,4.64,4.85
2020-12-28,35863432,5.33,5.49,5.09,5.25
2020-12-24,25048696,5.25,5.37,4.99,5.04
2020-12-23,103321040,5.04,5.59,4.78,5.14
2020-12-22,122750880,4.06,5.01,4.04,4.87
2020-12-21,39504512,3.95,4.09,3.82,3.88
2020-12-18,66475120,3.95,4.08,3.80,3.91
2020-12-17,32779608,3.49,3.75,3.40,3.71
2020-12-16,23460492,3.49,3.58,3.40,3.46
2020-12-15,32771424,3.20,3.51,3.12,3.46
2020-12-14,40028360,3.34,3.36,3.04,3.18
2020-12-11,29987472,3.48,3.50,3.26,3.33
2020-12-10,30235688,3.28,3.60,3.26,3.53
2020-12-09,97431760,3.48,3.68,3.31,3.42
2020-12-08,64480640,4.09,4.30,3.98,4.24
2020-12-07,29545032,4.25,4.38,4.06,4.09
2020-12-04,35890688,4.08,4.32,4.07,4.23
2020-12-03,25179860,4.12,4.16,3.97,4.03
2020-12-02,31533520,3.93,4.17,3.85,4.15
2020-12-01,50664120,4.28,4.35,3.94,3.95
2020-11-30,127934000,4.54,4.86,4.14,4.14
2020-11-27,50016800,3.82,4.19,3.72,4.02
2020-11-25,35440368,3.40,3.81,3.36,3.69
2020-11-24,28746840,3.56,3.57,3.33,3.42
2020-11-23,38431892,3.23,3.53,3.17,3.48
2020-11-20,33609388,3.14,3.37,3.14,3.18
2020-11-19,47150440,2.90,3.20,2.86,3.12
2020-11-18,12676888,2.95,3.01,2.89,2.89
2020-11-17,26712704,2.91,2.98,2.81,2.91
2020-11-16,39099296,2.79,3.17,2.68,3.02
2020-11-13,14184684,2.84,2.89,2.75,2.75
2020-11-12,17423568,2.94,2.97,2.74,2.78
2020-11-11,19530276,2.88,2.99,2.80,2.94
2020-11-10,15303852,2.88,2.92,2.71,2.78
2020-11-09,24979460,3.19,3.23,2.81,2.87
2020-11-06,22072972,2.88,3.04,2.83,2.97
2020-11-05,18820980,2.82,2.96,2.77,2.86
2020-11-04,23231484,2.94,2.94,2.65,2.73
2020-11-03,29817888,2.69,2.97,2.66,2.89
2020-11-02,20908044,2.71,2.77,2.63,2.69
2020-10-30,46249480,2.91,2.91,2.59,2.62
2020-10-29,16663372,2.97,3.06,2.92,2.93
2020-10-28,25554320,3.07,3.26,2.95,2.96
2020-10-27,28924024,3.43,3.43,3.09,3.17
2020-10-26,53505080,3.73,3.86,3.32,3.36
2020-10-23,26029296,3.76,3.85,3.64,3.75
2020-10-22,64848920,3.55,3.97,3.55,3.73
2020-10-21,21447712,3.48,3.61,3.45,3.53
2020-10-20,26415804,3.51,3.54,3.42,3.47
2020-10-19,52676280,3.36,3.63,3.35,3.48
2020-10-16,46606320,3.44,3.48,3.27,3.33
2020-10-15,159579280,3.00,3.78,3.00,3.46
2020-10-14,43107040,3.17,3.17,3.01,3.06
2020-10-13,40718840,2.93,3.11,2.91,2.97
2020-10-12,94622800,2.92,3.19,2.85,2.95
2020-10-09,308611120,3.21,3.70,2.98,3.01
2020-10-08,305814240,2.39,3.41,2.30,3.37
2020-10-07,13234576,2.31,2.39,2.29,2.34
2020-10-06,18141684,2.39,2.46,2.28,2.28
2020-10-05,11219876,2.36,2.40,2.31,2.37
2020-10-02,17361936,2.35,2.45,2.33,2.35
2020-10-01,18216220,2.52,2.56,2.42,2.44
2020-09-30,24316132,2.56,2.69,2.52,2.55
2020-09-29,20977356,2.50,2.66,2.48,2.59
2020-09-28,27057292,2.54,2.57,2.39,2.52
2020-09-25,30060628,2.30,2.55,2.28,2.51
2020-09-24,31755352,2.43,2.45,2.25,2.29
2020-09-23,42604600,2.65,2.72,2.48,2.51
2020-09-22,139009920,2.61,2.79,2.48,2.64
2020-09-21,30559224,2.34,2.40,2.10,2.19
2020-09-18,69630040,2.30,2.44,2.23,2.37
2020-09-17,68106880,2.14,2.44,2.10,2.30
2020-09-16,77386040,1.76,2.26,1.76,2.17
2020-09-15,22973956,1.72,1.82,1.67,1.77
2020-09-14,40475880,1.70,1.75,1.61,1.73
2020-09-11,24244760,1.57,1.58,1.47,1.52
2020-09-10,62233120,1.66,1.74,1.55,1.56
2020-09-09,36272328,1.99,2.00,1.83,1.84
2020-09-08,39266480,1.89,2.07,1.87,1.93
2020-09-04,30647976,1.95,1.98,1.79,1.91
2020-09-03,57378000,1.97,2.11,1.81,1.96
2020-09-02,52044440,1.95,2.01,1.78,1.93
2020-09-01,92844200,1.83,1.96,1.69,1.91
2020-08-31,151904000,1.44,1.79,1.42,1.67
2020-08-28,16947704,1.33,1.39,1.30,1.35
2020-08-27,13538632,1.28,1.35,1.26,1.31
2020-08-26,11118656,1.24,1.31,1.23,1.28
2020-08-25,11994712,1.22,1.31,1.22,1.25
2020-08-24,18341464,1.28,1.28,1.14,1.22
2020-08-21,42570360,1.15,1.40,1.15,1.26
2020-08-20,9764736,1.16,1.17,1.13,1.15
2020-08-19,10450332,1.20,1.21,1.16,1.18
2020-08-18,15339360,1.15,1.22,1.11,1.20
2020-08-17,9483880,1.20,1.20,1.14,1.16
2020-08-14,13898768,1.15,1.21,1.14,1.19
2020-08-13,8513252,1.13,1.18,1.12,1.16
2020-08-12,12230376,1.10,1.16,1.09,1.13
2020-08-11,12556420,1.11,1.14,1.09,1.09
2020-08-10,18247088,1.05,1.14,1.05,1.08
2020-08-07,13364396,1.10,1.10,1.02,1.04
2020-08-06,7604896,1.15,1.16,1.10,1.11
2020-08-05,19702788,1.13,1.19,1.06,1.16
2020-08-04,41445440,1.03,1.18,1.03,1.11
2020-08-03,10072040,1.01,1.06,1.00,1.04
2020-07-31,7518212,1.02,1.04,1.00,1.00
2020-07-30,9593940,1.00,1.06,0.99,1.03
2020-07-29,11518504,0.99,1.05,0.98,1.02
2020-07-28,18221568,0.99,1.01,0.98,0.99
2020-07-27,9890784,1.01,1.03,0.99,1.00
2020-07-24,8865180,1.02,1.06,1.00,1.01
2020-07-23,12950200,1.02,1.08,1.02,1.03
2020-07-22,10094188,1.01,1.03,0.98,1.03
2020-07-21,13364048,0.98,1.02,0.97,1.00
2020-07-20,13604352,0.99,1.02,0.94,0.96
2020-07-17,12266196,1.04,1.06,0.98,0.99
2020-07-16,5321844,1.05,1.05,1.02,1.04
2020-07-15,5896504,1.03,1.07,1.03,1.05
2020-07-14,9046356,1.06,1.08,1.02,1.02
2020-07-13,16865060,1.09,1.14,1.07,1.07
2020-07-10,5643312,1.05,1.10,1.05,1.09
2020-07-09,7970484,1.07,1.08,1.03,1.05
2020-07-08,8211316,1.03,1.07,1.01,1.07
2020-07-07,9827880,1.05,1.06,1.02,1.02
2020-07-06,8563516,1.08,1.09,1.05,1.06
2020-07-02,7551004,1.12,1.13,1.07,1.07
2020-07-01,9216404,1.08,1.13,1.08,1.11
2020-06-30,15556116,1.08,1.13,1.05,1.09
2020-06-29,8525320,1.09,1.13,1.08,1.10
2020-06-26,15204620,1.12,1.13,1.07,1.09
2020-06-25,9803744,1.08,1.14,1.07,1.12
2020-06-24,11904836,1.21,1.21,1.10,1.10
2020-06-23,12821488,1.24,1.25,1.20,1.21
2020-06-22,12715864,1.20,1.24,1.18,1.22
2020-06-19,29463468,1.24,1.27,1.17,1.22
2020-06-18,13695308,1.17,1.24,1.16,1.24
2020-06-17,14373864,1.14,1.21,1.13,1.19
2020-06-16,12494140,1.24,1.24,1.13,1.16
2020-06-15,15641540,1.13,1.19,1.11,1.17
2020-06-12,17512768,1.15,1.20,1.10,1.18
2020-06-11,24943972,1.16,1.23,1.05,1.09
2020-06-10,42425480,1.20,1.38,1.17,1.27
2020-06-09,32293792,1.25,1.25,1.14,1.24
2020-06-08,40534640,1.07,1.28,1.07,1.25
2020-06-05,25097712,1.07,1.10,1.02,1.04
2020-06-04,14057196,1.11,1.18,1.09,1.12
2020-06-03,12149696,1.06,1.13,1.05,1.11
2020-06-02,9479120,1.07,1.08,1.02,1.05
2020-06-01,10473696,1.03,1.09,1.01,1.03
2020-05-29,15894160,1.08,1.11,1.01,1.02
2020-05-28,8737468,1.19,1.19,1.08,1.08
2020-05-27,12586412,1.14,1.18,1.09,1.17
2020-05-26,14183704,1.09,1.15,1.08,1.11
2020-05-22,9519404,1.12,1.12,1.03,1.05
2020-05-21,7887624,1.11,1.16,1.10,1.11
2020-05-20,10174436,1.13,1.17,1.08,1.11
2020-05-19,7362928,1.15,1.19,1.09,1.11
2020-05-18,9486776,1.10,1.16,1.09,1.15
2020-05-15,7762816,1.01,1.11,1.01,1.06
2020-05-14,8019472,1.04,1.05,0.99,1.03
2020-05-13,11531508,1.14,1.14,1.02,1.05
2020-05-12,10556628,1.20,1.23,1.12,1.14
2020-05-11,6796632,1.23,1.24,1.19,1.19
2020-05-08,9414644,1.22,1.30,1.21,1.25
2020-05-07,10004780,1.21,1.23,1.16,1.22
2020-05-06,13478560,1.35,1.35,1.23,1.23
2020-05-05,8423676,1.39,1.41,1.34,1.35
2020-05-04,16272420,1.46,1.48,1.35,1.37
2020-05-01,16022392,1.41,1.55,1.36,1.51
2020-04-30,8694120,1.47,1.49,1.41,1.43
2020-04-29,13480180,1.46,1.52,1.36,1.51
2020-04-28,20800756,1.48,1.51,1.27,1.41
2020-04-27,29100552,1.21,1.50,1.20,1.46
2020-04-24,8946176,1.20,1.21,1.17,1.19
2020-04-23,9063412,1.19,1.22,1.15,1.18
2020-04-22,10712532,1.29,1.29,1.21,1.22
2020-04-21,16568200,1.31,1.33,1.19,1.20
2020-04-20,24340044,1.21,1.48,1.20,1.40
2020-04-17,22612752,1.31,1.32,1.11,1.22
2020-04-16,13487684,1.28,1.36,1.22,1.26
2020-04-15,29999416,1.42,1.42,1.23,1.32
2020-04-14,54026520,1.30,1.62,1.29,1.49
2020-04-13,27378004,1.06,1.19,1.04,1.19
2020-04-09,23635664,0.90,1.06,0.87,0.97
2020-04-08,11538112,0.81,0.92,0.80,0.85
2020-04-07,11347436,0.85,0.86,0.78,0.82
2020-04-06,13362176,0.72,0.80,0.71,0.77
2020-04-03,15323044,0.71,0.74,0.64,0.70
2020-04-02,16257356,0.82,0.84,0.71,0.71
2020-04-01,18274780,0.86,0.87,0.78,0.81
2020-03-31,9216528,0.91,0.95,0.88,0.88
2020-03-30,13402284,1.06,1.07,0.91,0.91
2020-03-27,28099052,1.24,1.27,1.04,1.06
2020-03-26,24843916,1.06,1.18,1.06,1.10
2020-03-25,14368236,1.04,1.12,1.01,1.04
2020-03-24,27222636,0.99,1.05,0.97,1.04
2020-03-23,24039136,0.90,0.97,0.88,0.95
2020-03-20,30888776,1.02,1.02,0.91,0.94
2020-03-19,20158156,0.93,1.05,0.89,1.05
2020-03-18,14606836,1.03,1.06,0.88,0.94
2020-03-17,14248840,1.10,1.16,1.03,1.06
2020-03-16,19466784,0.98,1.14,0.98,1.09
2020-03-13,23148844,1.03,1.16,0.96,1.15
2020-03-12,20493452,0.93,1.01,0.87,1.00
2020-03-11,17656784,1.04,1.06,1.00,1.04
2020-03-10,19452676,0.99,1.07,0.95,1.06
2020-03-09,10928088,0.90,0.99,0.88,0.93
2020-03-06,8387212,0.96,1.02,0.94,0.98
2020-03-05,14398508,0.93,1.00,0.90,0.99
2020-03-04,17030516,0.93,0.96,0.87,0.94
2020-03-03,17129824,0.97,0.97,0.88,0.91
2020-03-02,12833712,0.90,0.96,0.85,0.96
2020-02-28,18768788,0.84,0.93,0.84,0.90
2020-02-27,15517920,0.81,0.91,0.80,0.87
2020-02-26,18901488,0.90,0.91,0.84,0.85
2020-02-25,17791824,0.94,0.95,0.89,0.89
2020-02-24,14265156,0.98,0.98,0.93,0.93
2020-02-21,6782772,1.03,1.05,1.00,1.01
2020-02-20,6249364,1.04,1.07,1.03,1.04
2020-02-19,10372368,1.02,1.07,0.98,1.04
2020-02-18,5870448,1.00,1.02,0.99,1.02
2020-02-14,6330640,1.03,1.05,1.01,1.01
2020-02-13,8326772,1.03,1.07,1.02,1.03
2020-02-12,19282416,1.03,1.13,1.02,1.05
2020-02-11,13660092,1.00,1.06,0.99,1.01
2020-02-10,11108168,0.96,1.03,0.94,0.99
2020-02-07,10969124,1.03,1.03,0.94,0.95
2020-02-06,6041212,1.05,1.08,1.03,1.04
2020-02-05,10566888,1.04,1.10,1.04,1.05
2020-02-04,14252244,1.01,1.06,0.99,1.02
2020-02-03,8104796,0.97,1.00,0.96,0.99
2020-01-31,11567056,0.98,0.99,0.96,0.96
2020-01-30,12026932,1.03,1.03,0.97,0.98
2020-01-29,6210228,1.06,1.08,1.03,1.03
2020-01-28,8579744,1.08,1.08,1.05,1.05
2020-01-27,8491216,1.05,1.09,1.04,1.07
2020-01-24,16654788,1.16,1.16,1.06,1.08
2020-01-23,7520856,1.14,1.16,1.12,1.16
2020-01-22,10509944,1.14,1.16,1.12,1.14
2020-01-21,14128548,1.19,1.19,1.14,1.15
2020-01-17,16078096,1.15,1.19,1.13,1.19
2020-01-16,17148260,1.15,1.18,1.13,1.16
2020-01-15,19924464,1.17,1.18,1.14,1.15
2020-01-14,50250280,1.20,1.25,1.13,1.18
2020-01-13,14536056,1.36,1.40,1.33,1.36
2020-01-10,11125648,1.39,1.40,1.35,1.36
2020-01-09,10572204,1.46,1.46,1.37,1.39
2020-01-08,22517780,1.37,1.46,1.35,1.43
2020-01-07,20942076,1.44,1.46,1.36,1.38
2020-01-06,13579108,1.45,1.48,1.40,1.46
2020-01-03,14203844,1.55,1.56,1.46,1.47
2020-01-02,17723000,1.54,1.62,1.52,1.58
2019-12-31,17290440,1.52,1.60,1.50,1.52
2019-12-30,17929392,1.47,1.56,1.44,1.53
2019-12-27,44165160,1.36,1.50,1.35,1.48
2019-12-26,17064612,1.37,1.38,1.31,1.35
2019-12-24,13582040,1.41,1.42,1.36,1.36
2019-12-23,25131632,1.51,1.52,1.39,1.40
2019-12-20,21938516,1.52,1.56,1.49,1.50
2019-12-19,17807916,1.55,1.56,1.51,1.52
2019-12-18,21062424,1.52,1.57,1.48,1.54
2019-12-17,16569336,1.38,1.52,1.37,1.52
2019-12-16,17628824,1.35,1.40,1.35,1.38
2019-12-13,21756332,1.37,1.41,1.31,1.36
2019-12-12,25549496,1.37,1.43,1.35,1.40
2019-12-11,78155640,1.31,1.45,1.30,1.38
2019-12-10,38875396,1.57,1.64,1.53,1.63
2019-12-09,25406232,1.66,1.73,1.55,1.58
2019-12-06,19029552,1.60,1.67,1.60,1.67
2019-12-05,17525652,1.58,1.63,1.56,1.60
2019-12-04,11489940,1.54,1.62,1.53,1.61
2019-12-03,8864792,1.51,1.55,1.48,1.53
2019-12-02,8242504,1.59,1.62,1.52,1.54
2019-11-29,5475932,1.58,1.60,1.56,1.59
2019-11-27,12124616,1.53,1.60,1.51,1.59
2019-11-26,10602756,1.51,1.57,1.50,1.53
2019-11-25,10979552,1.42,1.52,1.41,1.51
2019-11-22,13976200,1.40,1.46,1.38,1.42
2019-11-21,11136084,1.37,1.40,1.34,1.38
2019-11-20,10666788,1.39,1.39,1.34,1.37
2019-11-19,13442192,1.39,1.42,1.36,1.38
2019-11-18,11983576,1.46,1.46,1.40,1.41
2019-11-15,8664204,1.50,1.50,1.46,1.47
2019-11-14,6834940,1.49,1.53,1.48,1.50
2019-11-13,6135676,1.48,1.49,1.45,1.49
2019-11-12,7337940,1.51,1.52,1.47,1.48
2019-11-11,12437828,1.51,1.52,1.44,1.51
2019-11-08,7874880,1.54,1.57,1.51,1.52
2019-11-07,12517132,1.55,1.58,1.51,1.56
2019-11-06,16513168,1.48,1.55,1.46,1.52
2019-11-05,13496484,1.47,1.55,1.47,1.48
2019-11-04,14680196,1.48,1.51,1.44,1.46
2019-11-01,20841420,1.36,1.50,1.36,1.46
2019-10-31,17434288,1.41,1.42,1.33,1.36
2019-10-30,14958172,1.44,1.46,1.38,1.43
2019-10-29,15675112,1.55,1.56,1.45,1.45
2019-10-28,11418976,1.60,1.62,1.54,1.55
2019-10-25,10581660,1.58,1.61,1.56,1.59
2019-10-24,17109496,1.63,1.64,1.51,1.61
2019-10-23,16292568,1.58,1.66,1.56,1.61
2019-10-22,16707328,1.48,1.61,1.48,1.60
2019-10-21,14447612,1.50,1.54,1.46,1.48
2019-10-18,12788432,1.51,1.51,1.44,1.49
2019-10-17,14564452,1.47,1.51,1.45,1.51
2019-10-16,15539152,1.40,1.48,1.40,1.47
2019-10-15,25404476,1.40,1.48,1.40,1.40
2019-10-14,21625244,1.33,1.40,1.31,1.40
2019-10-11,23643352,1.29,1.37,1.29,1.34
2019-10-10,21036908,1.26,1.29,1.24,1.26
2019-10-09,23462368,1.31,1.33,1.24,1.25
2019-10-08,19293640,1.36,1.36,1.29,1.31
2019-10-07,17757904,1.37,1.40,1.35,1.37
2019-10-04,16936828,1.36,1.39,1.34,1.39
2019-10-03,17750272,1.33,1.37,1.31,1.36
2019-10-02,33859952,1.39,1.39,1.31,1.33
2019-10-01,26371796,1.41,1.45,1.37,1.40
2019-09-30,37457980,1.36,1.41,1.35,1.38
2019-09-27,22200848,1.31,1.36,1.31,1.34
2019-09-26,24434156,1.30,1.34,1.27,1.32
2019-09-25,48680120,1.27,1.39,1.27,1.30
2019-09-24,52588600,1.29,1.38,1.25,1.25
2019-09-23,50011440,1.17,1.30,1.15,1.26
2019-09-20,46519680,1.15,1.20,1.13,1.18
2019-09-19,31472576,1.16,1.17,1.11,1.11
2019-09-18,39241176,1.08,1.17,1.08,1.15
2019-09-17,25664332,1.08,1.09,1.03,1.08
2019-09-16,27046996,1.08,1.12,1.07,1.09
2019-09-13,30648736,1.16,1.19,1.09,1.10
2019-09-12,35634964,1.15,1.20,1.11,1.15
2019-09-11,136020040,1.05,1.24,0.99,1.15
2019-09-10,66636760,1.22,1.28,1.13,1.27
2019-09-09,58315080,1.09,1.23,1.09,1.19
2019-09-06,26806096,1.06,1.09,1.04,1.08
2019-09-05,27568344,1.02,1.06,1.02,1.06
2019-09-04,16925312,0.97,1.00,0.96,1.00
2019-09-03,36177720,0.99,1.02,0.92,0.95
2019-08-30,42543760,1.07,1.09,0.98,0.99
2019-08-29,53457640,0.98,1.07,0.94,1.06
2019-08-28,25799812,0.93,0.99,0.92,0.97
2019-08-27,22804976,0.97,0.98,0.92,0.93
2019-08-26,41317680,0.93,1.01,0.91,0.96
2019-08-23,34702544,0.96,0.98,0.89,0.91
2019-08-22,116765880,0.99,1.06,0.93,0.97
2019-08-21,24036892,0.88,0.91,0.86,0.89
2019-08-20,17040412,0.84,0.87,0.82,0.86
2019-08-19,11550420,0.84,0.87,0.84,0.85
2019-08-16,12522852,0.81,0.84,0.80,0.83
2019-08-15,23553568,0.83,0.85,0.79,0.80
2019-08-14,24327708,0.85,0.86,0.80,0.83
2019-08-13,18020680,0.87,0.94,0.87,0.87
2019-08-12,10710580,0.90,0.91,0.86,0.88
2019-08-09,12317500,0.96,0.97,0.90,0.90
2019-08-08,9226904,0.96,0.98,0.94,0.97
2019-08-07,23424312,0.94,0.96,0.92,0.95
2019-08-06,20629772,0.93,0.96,0.91,0.95
2019-08-05,22727004,0.93,0.94,0.89,0.93
2019-08-02,14378672,0.96,0.97,0.94,0.95
2019-08-01,22386032,1.01,1.02,0.95,0.96
2019-07-31,20835676,1.01,1.05,1.00,1.01
2019-07-30,21085584,1.03,1.03,0.98,1.01
2019-07-29,17308484,1.01,1.04,1.01,1.03
2019-07-26,12836080,1.00,1.02,0.99,1.00
2019-07-25,23159964,1.03,1.08,0.99,1.00
2019-07-24,24082452,1.02,1.05,1.01,1.02
2019-07-23,30813988,1.04,1.05,1.00,1.02
2019-07-22,21954816,1.08,1.10,1.03,1.04
2019-07-19,43786000,1.06,1.10,1.06,1.08
2019-07-18,34404852,1.10,1.10,1.03,1.05
2019-07-17,30572592,1.16,1.16,1.08,1.10
2019-07-16,23880896,1.19,1.20,1.16,1.16
2019-07-15,12274080,1.22,1.22,1.19,1.19
2019-07-12,17569380,1.22,1.23,1.20,1.23
2019-07-11,67113000,1.25,1.25,1.18,1.21
2019-07-10,43413320,1.34,1.34,1.29,1.30
2019-07-09,46887440,1.37,1.39,1.32,1.33
2019-07-08,26370676,1.38,1.38,1.36,1.36
2019-07-05,51578600,1.33,1.41,1.32,1.38
2019-07-03,10248408,1.35,1.36,1.32,1.33
2019-07-02,22573856,1.34,1.36,1.33,1.35
2019-07-01,17302716,1.38,1.39,1.34,1.34
2019-06-28,15585420,1.38,1.40,1.36,1.37
2019-06-27,15023828,1.37,1.40,1.36,1.39
2019-06-26,14207176,1.37,1.38,1.35,1.37
2019-06-25,12341612,1.34,1.38,1.33,1.36
2019-06-24,19293304,1.35,1.37,1.32,1.34
2019-06-21,35817324,1.38,1.38,1.33,1.36
2019-06-20,15735168,1.42,1.42,1.38,1.38
2019-06-19,11893284,1.44,1.44,1.40,1.41
2019-06-18,16281532,1.43,1.46,1.42,1.43
2019-06-17,14746480,1.41,1.45,1.40,1.43
2019-06-14,21218564,1.43,1.46,1.40,1.41
2019-06-13,23363264,1.39,1.43,1.37,1.43
2019-06-12,19657192,1.42,1.45,1.38,1.38
2019-06-11,53695360,1.38,1.46,1.37,1.43
2019-06-10,75705960,1.34,1.39,1.32,1.36
2019-06-07,42365320,1.28,1.31,1.25,1.26
2019-06-06,54232080,1.25,1.28,1.21,1.28
2019-06-05,157416960,1.37,1.40,1.18,1.26
2019-06-04,41720480,1.90,1.96,1.88,1.96
2019-06-03,20916404,1.90,1.91,1.86,1.87
2019-05-31,15932960,1.87,1.92,1.83,1.90
2019-05-30,10780780,1.89,1.93,1.88,1.90
2019-05-29,16511496,1.93,1.94,1.85,1.89
2019-05-28,10931372,1.96,2.00,1.94,1.94
2019-05-24,10168560,1.93,1.96,1.93,1.96
2019-05-23,15677904,1.96,1.97,1.92,1.93
2019-05-22,18064500,2.02,2.02,1.94,1.98
2019-05-21,22788432,2.02,2.04,1.97,2.03
2019-05-20,20174308,2.12,2.13,2.00,2.02
2019-05-17,7869140,2.14,2.20,2.14,2.15
2019-05-16,7003936,2.19,2.21,2.16,2.17
2019-05-15,9014052,2.11,2.18,2.11,2.17
2019-05-14,10451432,2.08,2.14,2.06,2.13
2019-05-13,12172876,2.08,2.09,2.04,2.07
2019-05-10,9206096,2.13,2.15,2.09,2.12
2019-05-09,9358136,2.15,2.16,2.12,2.13
2019-05-08,8249560,2.19,2.21,2.16,2.17
2019-05-07,10366324,2.19,2.23,2.17,2.19
2019-05-06,9625712,2.21,2.23,2.17,2.21
2019-05-03,8718416,2.20,2.25,2.19,2.24
2019-05-02,12468436,2.13,2.21,2.13,2.19
2019-05-01,14155816,2.17,2.20,2.12,2.13
2019-04-30,12830560,2.20,2.21,2.16,2.16
2019-04-29,10192372,2.22,2.23,2.18,2.19
2019-04-26,9227140,2.23,2.26,2.22,2.22
2019-04-25,10507972,2.25,2.25,2.18,2.24
2019-04-24,16406892,2.23,2.27,2.22,2.25
2019-04-23,17809316,2.16,2.24,2.16,2.22
2019-04-22,25114236,2.19,2.20,2.13,2.16
2019-04-18,15243416,2.22,2.26,2.19,2.19
2019-04-17,15683528,2.28,2.28,2.19,2.24
2019-04-16,18863076,2.25,2.29,2.24,2.27
2019-04-15,22109572,2.32,2.34,2.20,2.24
2019-04-12,19111700,2.45,2.46,2.32,2.33
2019-04-11,10180772,2.50,2.50,2.44,2.44
2019-04-10,11228808,2.47,2.50,2.47,2.49
2019-04-09,11913900,2.46,2.50,2.45,2.46
2019-04-08,18197704,2.45,2.52,2.43,2.49
2019-04-05,22974356,2.49,2.50,2.45,2.47
2019-04-04,31660944,2.44,2.52,2.41,2.51
2019-04-03,106357960,2.22,2.51,2.21,2.41
2019-04-02,33946052,2.59,2.60,2.52,2.53
2019-04-01,17536736,2.57,2.61,2.51,2.59
2019-03-29,11673848,2.55,2.59,2.54,2.54
2019-03-28,12452176,2.59,2.62,2.52,2.55
2019-03-27,10311512,2.59,2.64,2.56,2.57
2019-03-26,14140036,2.53,2.61,2.52,2.59
2019-03-25,17932768,2.62,2.62,2.52,2.54
2019-03-22,12862548,2.66,2.67,2.61,2.61
2019-03-21,12796288,2.62,2.68,2.59,2.64
2019-03-20,16395204,2.74,2.74,2.60,2.63
2019-03-19,12352612,2.77,2.81,2.73,2.74
2019-03-18,9804904,2.77,2.79,2.75,2.77
2019-03-15,14148740,2.75,2.78,2.73,2.77
2019-03-14,11346400,2.83,2.84,2.73,2.74
2019-03-13,8755716,2.89,2.91,2.87,2.90
2019-03-12,8653172,2.82,2.89,2.81,2.87
2019-03-11,10804764,2.75,2.82,2.72,2.82
2019-03-08,24685500,2.77,2.81,2.69,2.74
2019-03-07,7245552,2.89,2.92,2.86,2.90
2019-03-06,13251548,2.92,2.97,2.89,2.89
2019-03-05,22147520,3.02,3.03,2.84,2.90
2019-03-04,8865612,2.95,2.96,2.87,2.89
2019-03-01,7596796,2.97,3.00,2.94,2.94
2019-02-28,11280568,2.92,2.97,2.90,2.93
2019-02-27,13589288,2.92,2.98,2.91,2.92
2019-02-26,8629632,2.89,2.93,2.88,2.91
2019-02-25,14377932,2.85,2.95,2.85,2.89
2019-02-22,12992908,2.76,2.85,2.76,2.84
2019-02-21,9949804,2.81,2.82,2.75,2.76
2019-02-20,11838292,2.81,2.83,2.79,2.80
2019-02-19,13220384,2.87,2.87,2.78,2.80
2019-02-15,8844652,2.83,2.86,2.82,2.86
2019-02-14,9871888,2.84,2.86,2.81,2.83
2019-02-13,8531024,2.89,2.94,2.85,2.87
2019-02-12,10709604,2.83,2.90,2.83,2.89
2019-02-11,7670220,2.85,2.85,2.79,2.83
2019-02-08,7204992,2.85,2.87,2.83,2.84
2019-02-07,8026556,2.85,2.90,2.81,2.87
2019-02-06,13917976,2.91,2.93,2.85,2.88
2019-02-05,17077816,2.84,2.95,2.84,2.95
2019-02-04,17082564,2.81,2.87,2.75,2.84
2019-02-01,13906340,2.83,2.86,2.80,2.81
2019-01-31,24197828,2.79,2.88,2.78,2.84
2019-01-30,24582092,2.81,2.84,2.78,2.80
2019-01-29,131397280,3.10,3.13,2.78,2.82
2019-01-28,11935476,3.94,3.95,3.75,3.88
2019-01-25,7660584,3.99,4.02,3.93,3.98
2019-01-24,5124060,3.87,3.95,3.86,3.95
2019-01-23,7347800,3.83,3.89,3.78,3.87
2019-01-22,12754916,3.95,3.98,3.79,3.82
2019-01-18,34173332,4.01,4.23,3.97,3.98
2019-01-17,6972016,3.87,3.96,3.82,3.94
2019-01-16,7970596,3.89,3.97,3.85,3.92
2019-01-15,8844204,3.90,3.91,3.80,3.88
2019-01-14,14442976,3.96,4.04,3.89,3.91
2019-01-11,9676168,3.97,4.01,3.94,3.96
2019-01-10,11619240,3.94,4.00,3.88,3.99
2019-01-09,14218084,3.96,4.10,3.93,4.00
2019-01-08,13775068,3.88,3.97,3.79,3.95
2019-01-07,18816372,3.78,3.95,3.74,3.87
2019-01-04,47654000,3.51,3.82,3.43,3.81
2019-01-03,6952688,3.25,3.31,3.17,3.24
2019-01-02,8496772,3.11,3.30,3.11,3.27
2018-12-31,11161164,3.08,3.17,3.08,3.16
2018-12-28,8105264,3.05,3.12,3.00,3.07
2018-12-27,7336428,3.06,3.06,2.91,3.05
2018-12-26,9540944,2.93,3.10,2.89,3.10
2018-12-24,5314104,2.99,3.01,2.91,2.92
2018-12-21,17691744,3.10,3.17,2.94,2.99
2018-12-20,10684720,3.15,3.23,3.05,3.11
2018-12-19,9703712,3.19,3.24,3.13,3.15
2018-12-18,10304824,3.16,3.26,3.15,3.18
2018-12-17,9022756,3.17,3.28,3.14,3.16
2018-12-14,6652476,3.17,3.25,3.17,3.19
2018-12-13,9746248,3.31,3.34,3.17,3.20
2018-12-12,7257784,3.27,3.38,3.25,3.31
2018-12-11,9352596,3.34,3.35,3.21,3.24
2018-12-10,11174988,3.35,3.36,3.21,3.31
2018-12-07,13610340,3.39,3.51,3.38,3.42
2018-12-06,12788696,3.38,3.44,3.31,3.39
2018-12-04,14935624,3.50,3.53,3.36,3.38
2018-12-03,16084812,3.46,3.50,3.38,3.47
2018-11-30,47602880,3.25,3.49,3.20,3.42
2018-11-29,16620128,3.76,3.81,3.64,3.66
2018-11-28,10573084,3.68,3.77,3.68,3.75
2018-11-27,17537864,3.60,3.74,3.55,3.68
2018-11-26,23613688,3.50,3.70,3.50,3.65
2018-11-23,10767096,3.43,3.44,3.29,3.38
2018-11-21,49923320,3.12,3.63,3.08,3.43
2018-11-20,24133664,3.15,3.23,3.04,3.07
2018-11-19,13610500,3.21,3.29,3.19,3.26
2018-11-16,22701988,3.25,3.25,3.11,3.20
2018-11-15,12119492,3.24,3.31,3.19,3.28
2018-11-14,13738744,3.52,3.53,3.22,3.24
2018-11-13,9232976,3.48,3.54,3.45,3.47
2018-11-12,9597740,3.67,3.70,3.47,3.47
2018-11-09,6686144,3.68,3.70,3.58,3.66
2018-11-08,8551324,3.73,3.76,3.70,3.72
2018-11-07,8177396,3.75,3.76,3.66,3.73
2018-11-06,7581360,3.74,3.76,3.71,3.74
2018-11-05,7214460,3.89,3.89,3.72,3.75
2018-11-02,6662332,3.86,3.94,3.80,3.90
2018-11-01,11001460,3.65,3.84,3.65,3.84
2018-10-31,6950872,3.70,3.71,3.57,3.65
2018-10-30,8376280,3.64,3.78,3.60,3.67
2018-10-29,12675508,3.46,3.74,3.44,3.63
2018-10-26,10044512,3.61,3.61,3.41,3.43
2018-10-25,9096128,3.78,3.80,3.57,3.61
2018-10-24,8962848,3.83,3.90,3.77,3.77
2018-10-23,9580268,3.75,3.83,3.70,3.82
2018-10-22,9221900,3.71,3.81,3.67,3.78
2018-10-19,12424080,3.72,3.75,3.62,3.68
2018-10-18,5914388,3.83,3.86,3.73,3.77
2018-10-17,7991476,3.82,3.87,3.70,3.83
2018-10-16,8160832,3.74,3.83,3.69,3.82
2018-10-15,6000356,3.70,3.77,3.70,3.72
2018-10-12,7710332,3.73,3.79,3.68,3.70
2018-10-11,8383876,3.70,3.78,3.66,3.67
2018-10-10,7850556,3.70,3.79,3.70,3.71
2018-10-09,9622820,3.73,3.86,3.68,3.69
2018-10-08,9040288,3.68,3.80,3.67,3.75
2018-10-05,9294480,3.71,3.73,3.65,3.67
2018-10-04,6078280,3.74,3.78,3.68,3.71
2018-10-03,8054572,3.75,3.79,3.69,3.73
2018-10-02,11506588,3.79,3.83,3.71,3.72
2018-10-01,16239004,3.82,3.89,3.75,3.82
2018-09-28,10099224,3.89,3.96,3.80,3.82
2018-09-27,8096752,3.92,3.94,3.86,3.89
2018-09-26,7604808,4.04,4.04,3.88,3.90
2018-09-25,8250144,3.91,4.02,3.83,4.01
2018-09-24,14310600,4.11,4.11,3.87,3.88
2018-09-21,12069412,4.11,4.19,4.11,4.13
2018-09-20,6416168,4.15,4.20,4.11,4.12
2018-09-19,7192944,4.13,4.20,4.11,4.15
2018-09-18,7147320,4.11,4.17,4.09,4.13
2018-09-17,8925160,4.18,4.22,4.13,4.15
2018-09-14,12021688,4.24,4.25,4.12,4.20
2018-09-13,14756712,4.18,4.26,4.15,4.26
2018-09-12,13580816,4.04,4.19,4.04,4.17
2018-09-11,11162532,4.00,4.15,4.00,4.04
2018-09-10,10910728,4.04,4.09,3.97,4.00
2018-09-07,27182280,3.81,4.10,3.69,4.03
2018-09-06,27049276,4.04,4.06,3.77,4.04
2018-09-05,69870520,3.49,4.13,3.49,4.07
2018-09-04,23738708,3.29,3.53,3.27,3.51
2018-08-31,14895868,3.40,3.41,3.30,3.32
2018-08-30,15733756,3.50,3.50,3.38,3.40
2018-08-29,16398288,3.54,3.58,3.44,3.53
2018-08-28,27267844,3.68,3.69,3.50,3.51
2018-08-27,58603920,4.12,4.13,3.64,3.68
2018-08-24,18100600,4.19,4.21,4.05,4.14
2018-08-23,14334008,4.25,4.30,4.16,4.19
2018-08-22,26411948,4.14,4.32,4.13,4.25
2018-08-21,20682804,4.00,4.14,3.96,4.12
2018-08-20,14427448,3.85,4.00,3.84,3.96
2018-08-17,6533028,3.79,3.84,3.75,3.83
2018-08-16,6878948,3.89,3.89,3.80,3.81
2018-08-15,8390436,3.87,3.87,3.80,3.86
2018-08-14,7813648,3.82,3.89,3.80,3.88
2018-08-13,8403788,3.84,3.85,3.78,3.80
2018-08-10,9665616,3.80,3.90,3.78,3.83
2018-08-09,9280984,3.81,3.87,3.75,3.80
2018-08-08,8715468,3.78,3.83,3.75,3.81
2018-08-07,7813716,3.73,3.80,3.71,3.78
2018-08-06,8300180,3.72,3.75,3.69,3.72
2018-08-03,10228852,3.67,3.73,3.65,3.71
2018-08-02,9190756,3.65,3.69,3.60,3.66
2018-08-01,8318780,3.61,3.72,3.60,3.68
2018-07-31,11029940,3.68,3.68,3.60,3.60
2018-07-30,6311376,3.72,3.75,3.65,3.68
2018-07-27,5658020,3.73,3.74,3.64,3.71
2018-07-26,6756760,3.63,3.76,3.63,3.70
2018-07-25,13379996,3.67,3.68,3.56,3.63
2018-07-24,6170456,3.75,3.75,3.67,3.70
2018-07-23,7335272,3.76,3.77,3.70,3.72
2018-07-20,8591404,3.73,3.80,3.72,3.77
2018-07-19,6913148,3.65,3.76,3.63,3.73
2018-07-18,8198668,3.65,3.66,3.58,3.65
2018-07-17,12180356,3.79,3.86,3.64,3.65
2018-07-16,7226052,3.82,3.85,3.76,3.81
2018-07-13,9328824,3.75,3.87,3.75,3.82
2018-07-12,7703668,3.69,3.78,3.69,3.77
2018-07-11,9150748,3.69,3.71,3.62,3.68
2018-07-10,11659640,3.88,3.89,3.70,3.72
2018-07-09,15677524,3.89,3.91,3.79,3.87
2018-07-06,16204424,3.67,3.81,3.66,3.79
2018-07-05,18877248,3.52,3.68,3.51,3.66
2018-07-03,5157204,3.54,3.58,3.50,3.51
2018-07-02,14847364,3.65,3.68,3.51,3.54
2018-06-29,13589800,3.75,3.77,3.63,3.64
2018-06-28,7620808,3.65,3.72,3.62,3.72
2018-06-27,9022876,3.75,3.79,3.65,3.65
2018-06-26,10790056,3.80,3.80,3.67,3.74
2018-06-25,10705352,3.85,3.93,3.74,3.78
2018-06-22,47536600,3.89,3.92,3.78,3.88
2018-06-21,14170168,3.95,4.00,3.87,3.88
2018-06-20,20655980,3.95,3.95,3.83,3.93
2018-06-19,40561320,3.84,3.94,3.78,3.94
2018-06-18,95094080,3.49,3.95,3.34,3.80
2018-06-15,52570800,3.19,3.59,3.19,3.49
2018-06-14,30126616,3.33,3.33,3.18,3.21
2018-06-13,35290504,3.49,3.49,3.26,3.33
2018-06-12,13523812,3.58,3.59,3.51,3.51
2018-06-11,18862220,3.54,3.58,3.52,3.57
2018-06-08,20122036,3.63,3.66,3.60,3.63
2018-06-07,12854364,3.63,3.66,3.59,3.62
2018-06-06,20570244,3.67,3.67,3.56,3.61
2018-06-05,22760260,3.56,3.66,3.50,3.65
2018-06-04,29174092,3.45,3.56,3.36,3.56
2018-06-01,103295160,3.20,3.43,3.20,3.43
2018-05-31,25798388,3.37,3.40,3.24,3.30
2018-05-30,19899312,3.28,3.40,3.22,3.36
2018-05-29,16954288,3.15,3.28,3.14,3.26
2018-05-25,9755504,3.19,3.20,3.15,3.17
2018-05-24,12308092,3.15,3.20,3.11,3.19
2018-05-23,12640264,3.14,3.19,3.11,3.18
2018-05-22,18160652,3.20,3.23,3.14,3.17
2018-05-21,20262852,3.13,3.22,3.12,3.20
2018-05-18,40946480,3.38,3.38,3.06,3.12
2018-05-17,11648260,3.38,3.44,3.37,3.41
2018-05-16,26939512,3.44,3.47,3.33,3.39
2018-05-15,15158636,3.31,3.40,3.31,3.38
2018-05-14,23629448,3.17,3.37,3.15,3.32
2018-05-11,22028628,3.15,3.21,3.12,3.18
2018-05-10,12473920,3.24,3.30,3.22,3.26
2018-05-09,15008780,3.21,3.24,3.15,3.23
2018-05-08,15356148,3.21,3.24,3.14,3.20
2018-05-07,12474080,3.26,3.26,3.19,3.22
2018-05-04,19613756,3.21,3.27,3.19,3.25
2018-05-03,20364964,3.36,3.37,3.20,3.21
2018-05-02,12721328,3.47,3.47,3.34,3.36
2018-05-01,9638748,3.40,3.47,3.37,3.46
2018-04-30,12602876,3.49,3.50,3.39,3.41
2018-04-27,10002964,3.42,3.48,3.40,3.47
2018-04-26,12847292,3.40,3.47,3.36,3.42
2018-04-25,14572168,3.34,3.41,3.32,3.37
2018-04-24,14455156,3.32,3.41,3.28,3.35
2018-04-23,14772172,3.23,3.34,3.23,3.30
2018-04-20,24802856,3.37,3.39,3.20,3.22
2018-04-19,10030104,3.42,3.45,3.36,3.38
2018-04-18,14294296,3.50,3.51,3.40,3.42
2018-04-17,17156740,3.47,3.55,3.46,3.49
2018-04-16,12910880,3.43,3.48,3.40,3.45
2018-04-13,12754764,3.43,3.49,3.39,3.40
2018-04-12,12456708,3.47,3.47,3.37,3.41
2018-04-11,17135848,3.41,3.50,3.40,3.46
2018-04-10,23173268,3.42,3.46,3.38,3.42
2018-04-09,22815056,3.38,3.44,3.36,3.37
2018-04-06,16953112,3.36,3.42,3.31,3.36
2018-04-05,20561936,3.34,3.41,3.32,3.39
2018-04-04,25532472,3.21,3.37,3.18,3.34
2018-04-03,22990112,3.16,3.28,3.15,3.25
2018-04-02,44518200,3.13,3.32,3.13,3.21
2018-03-29,101829480,3.16,3.25,3.05,3.16
2018-03-28,30034404,3.50,3.58,3.45,3.54
2018-03-27,17911580,3.52,3.55,3.44,3.47
2018-03-26,20058344,3.43,3.52,3.40,3.51
2018-03-23,15246296,3.48,3.49,3.37,3.38
2018-03-22,17767168,3.49,3.52,3.40,3.46
2018-03-21,17644180,3.58,3.61,3.50,3.51
2018-03-20,17127756,3.71,3.74,3.59,3.62
2018-03-19,15903560,3.81,3.85,3.69,3.70
2018-03-16,20331984,3.84,3.92,3.83,3.86
2018-03-15,7467872,3.88,3.91,3.82,3.83
2018-03-14,10070796,3.93,3.96,3.86,3.87
2018-03-13,11564992,3.91,4.00,3.90,3.90
2018-03-12,15512328,3.96,4.00,3.88,3.89
2018-03-09,15879532,3.92,3.97,3.88,3.96
2018-03-08,11898416,3.99,4.01,3.87,3.91
2018-03-07,11957628,3.96,4.04,3.96,3.99
2018-03-06,10643496,4.01,4.04,3.95,4.02
2018-03-05,16944376,3.97,4.03,3.92,4.01
2018-03-02,14215612,3.89,4.00,3.85,3.98
2018-03-01,12525848,3.95,4.06,3.94,3.99
2018-02-28,18948016,3.91,3.99,3.90,3.92
2018-02-27,17893500,4.03,4.15,3.89,3.89
2018-02-26,11084980,4.00,4.03,3.96,4.02
2018-02-23,10321124,3.95,4.00,3.92,3.99
2018-02-22,9808972,3.95,3.98,3.89,3.91
2018-02-21,12124804,3.98,4.05,3.92,3.92
2018-02-20,9959068,4.08,4.08,3.94,3.97
2018-02-16,10824336,4.13,4.24,4.06,4.10
2018-02-15,9051460,4.08,4.13,4.06,4.10
2018-02-14,12863556,3.90,4.10,3.88,4.06
2018-02-13,9853724,3.94,3.97,3.87,3.90
2018-02-12,9727336,4.07,4.08,3.91,3.95
2018-02-09,22563504,4.00,4.08,3.92,4.04
2018-02-08,17146928,4.11,4.14,3.94,3.96
2018-02-07,17652348,4.04,4.17,4.04,4.12
2018-02-06,19848816,3.84,4.10,3.78,4.04
2018-02-05,16438872,4.04,4.06,3.91,3.91
2018-02-02,13010104,4.14,4.17,4.06,4.06
2018-02-01,11748396,4.18,4.25,4.14,4.17
2018-01-31,10991884,4.29,4.32,4.17,4.20
2018-01-30,7540256,4.27,4.31,4.22,4.27
2018-01-29,12614560,4.26,4.30,4.20,4.29
2018-01-26,13394216,4.22,4.27,4.15,4.27
2018-01-25,10805416,4.25,4.26,4.15,4.21
2018-01-24,16291868,4.35,4.36,4.18,4.25
2018-01-23,14506648,4.38,4.39,4.29,4.35
2018-01-22,20939008,4.56,4.57,4.37,4.39
2018-01-19,12775700,4.47,4.55,4.44,4.53
2018-01-18,17060332,4.37,4.48,4.30,4.47
2018-01-17,17026656,4.31,4.43,4.29,4.38
2018-01-16,31399640,4.50,4.57,4.26,4.29
2018-01-12,61761080,4.63,4.64,4.41,4.44
2018-01-11,16852312,4.98,5.08,4.94,4.99
2018-01-10,16051196,4.85,4.98,4.83,4.92
2018-01-09,14650464,4.83,4.94,4.83,4.89
2018-01-08,14673604,4.70,4.85,4.70,4.81
2018-01-05,12075956,4.60,4.68,4.56,4.67
2018-01-04,11125364,4.55,4.60,4.49,4.58
2018-01-03,15156756,4.57,4.59,4.48,4.55
2018-01-02,11330900,4.49,4.57,4.45,4.57
2017-12-29,8254216,4.56,4.58,4.49,4.49
2017-12-28,7757596,4.57,4.57,4.51,4.54
2017-12-27,7351884,4.63,4.64,4.55,4.56
2017-12-26,12936928,4.57,4.80,4.57,4.63
2017-12-22,8342544,4.61,4.63,4.56,4.57
2017-12-21,11447052,4.57,4.62,4.50,4.61
2017-12-20,9217980,4.63,4.66,4.55,4.56
2017-12-19,9017188,4.68,4.70,4.59,4.60
2017-12-18,12825752,4.61,4.69,4.60,4.67
2017-12-15,15500780,4.61,4.65,4.54,4.59
2017-12-14,11274800,4.70,4.73,4.59,4.60
2017-12-13,12345884,4.78,4.79,4.65,4.67
2017-12-12,10134488,4.79,4.82,4.74,4.78
2017-12-11,14611096,4.82,4.84,4.67,4.77
2017-12-08,12565272,4.67,4.84,4.67,4.80
2017-12-07,13109396,4.75,4.79,4.65,4.66
2017-12-06,9716944,4.82,4.84,4.73,4.75
2017-12-05,12323652,4.88,4.91,4.74,4.82
2017-12-04,17445096,4.76,4.97,4.75,4.85
2017-12-01,15324412,4.68,4.79,4.62,4.69
2017-11-30,20084784,4.81,4.83,4.68,4.69
2017-11-29,25907324,4.77,4.92,4.77,4.88
2017-11-28,23523924,4.54,4.77,4.54,4.76
2017-11-27,23377908,4.40,4.55,4.40,4.54
2017-11-24,25897372,4.36,4.55,4.34,4.36
2017-11-22,80520320,4.46,4.68,4.33,4.34
2017-11-21,35676452,4.13,4.20,4.07,4.18
2017-11-20,15175340,4.10,4.12,4.01,4.11
2017-11-17,12771012,4.08,4.15,4.04,4.08
2017-11-16,19420336,4.00,4.20,4.00,4.05
2017-11-15,15285892,4.02,4.12,3.96,4.00
2017-11-14,14068712,4.03,4.10,3.96,4.05
2017-11-13,17498528,4.11,4.21,3.98,4.05
2017-11-10,23147336,4.36,4.36,4.06,4.11
2017-11-09,11451476,4.29,4.50,4.28,4.39
2017-11-08,8920248,4.29,4.32,4.25,4.30
2017-11-07,11373088,4.47,4.50,4.27,4.28
2017-11-06,12195976,4.52,4.55,4.43,4.46
2017-11-03,8077348,4.63,4.64,4.53,4.53
2017-11-02,11617736,4.65,4.65,4.56,4.63
2017-11-01,9954896,4.67,4.74,4.63,4.65
2017-10-31,8775048,4.72,4.76,4.65,4.67
2017-10-30,9006648,4.86,4.87,4.65,4.69
2017-10-27,8920792,4.85,4.86,4.73,4.84
2017-10-26,8568780,4.89,4.94,4.82,4.88
2017-10-25,10313568,4.99,5.00,4.84,4.90
2017-10-24,6803980,5.11,5.12,4.99,4.99
2017-10-23,6814268,5.04,5.14,5.04,5.07
2017-10-20,6744996,5.03,5.08,5.01,5.03
2017-10-19,5086568,5.00,5.04,4.98,5.01
2017-10-18,7648828,4.93,5.02,4.91,5.01
2017-10-17,5004384,4.87,4.93,4.84,4.92
2017-10-16,6058880,4.92,4.93,4.80,4.85
2017-10-13,4371796,4.91,4.94,4.88,4.93
2017-10-12,7103100,4.90,4.92,4.83,4.88
2017-10-11,9235416,5.06,5.06,4.87,4.90
2017-10-10,7052696,5.05,5.07,4.99,5.06
2017-10-09,7199740,5.02,5.06,5.00,5.04
2017-10-06,6600480,5.10,5.12,5.01,5.01
2017-10-05,4584316,5.08,5.13,5.06,5.13
2017-10-04,4735204,5.02,5.07,5.01,5.06
2017-10-03,5557952,5.13,5.13,5.02,5.05
2017-10-02,6238368,5.16,5.17,5.09,5.12
2017-09-29,6262968,5.20,5.21,5.13,5.17
2017-09-28,6883732,5.20,5.23,5.15,5.20
2017-09-27,8193508,5.20,5.24,5.13,5.21
2017-09-26,8520984,5.14,5.19,5.09,5.16
2017-09-25,4635088,5.01,5.12,5.00,5.11
2017-09-22,4004300,4.97,5.01,4.97,5.00
2017-09-21,5662984,5.00,5.05,4.97,4.97
2017-09-20,4860192,5.03,5.05,5.00,5.03
2017-09-19,5442304,5.04,5.07,4.98,5.05
2017-09-18,8383460,5.10,5.16,5.03,5.04
2017-09-15,10021448,5.02,5.11,5.00,5.07
2017-09-14,7684916,5.02,5.08,4.97,5.02
2017-09-13,7023428,4.90,5.01,4.89,5.01
2017-09-12,13389104,4.82,4.99,4.80,4.88
2017-09-11,8818168,4.80,4.86,4.78,4.80
2017-09-08,8876748,4.71,4.80,4.69,4.79
2017-09-07,11180048,4.76,4.84,4.70,4.71
2017-09-06,11679468,4.75,4.84,4.75,4.84
2017-09-05,10612512,4.67,4.74,4.64,4.74
2017-09-01,9377376,4.65,4.72,4.65,4.67
2017-08-31,10515428,4.71,4.72,4.62,4.63
2017-08-30,8837896,4.69,4.74,4.67,4.70
2017-08-29,18659356,4.73,4.77,4.66,4.69
2017-08-28,20865104,4.85,4.93,4.74,4.79
2017-08-25,81961240,4.98,4.99,4.68,4.85
2017-08-24,16724740,5.44,5.53,5.41,5.45
2017-08-23,9726476,5.40,5.46,5.30,5.37
2017-08-22,9893536,5.28,5.42,5.27,5.41
2017-08-21,6534268,5.29,5.34,5.24,5.25
2017-08-18,8493832,5.26,5.33,5.24,5.31
2017-08-17,7758424,5.34,5.42,5.25,5.28
2017-08-16,9757604,5.28,5.37,5.27,5.35
2017-08-15,15552304,5.43,5.44,5.20,5.23
2017-08-14,6131640,5.49,5.50,5.43,5.46
2017-08-11,6477028,5.31,5.46,5.27,5.44
2017-08-10,6085120,5.48,5.48,5.37,5.37
2017-08-09,6013424,5.44,5.53,5.41,5.52
2017-08-08,5692712,5.55,5.59,5.48,5.49
2017-08-07,5110372,5.49,5.56,5.46,5.54
2017-08-04,4547416,5.45,5.53,5.42,5.48
2017-08-03,4193368,5.33,5.46,5.33,5.42
2017-08-02,4462656,5.33,5.41,5.32,5.35
2017-08-01,12238128,5.42,5.42,5.29,5.34
2017-07-31,5486344,5.39,5.44,5.35,5.42
2017-07-28,4931584,5.41,5.43,5.35,5.38
2017-07-27,13900364,5.27,5.44,5.26,5.43
2017-07-26,7081384,5.32,5.33,5.24,5.26
2017-07-25,8420300,5.25,5.34,5.24,5.32
2017-07-24,6337268,5.18,5.25,5.16,5.20
2017-07-21,14303568,5.29,5.30,5.18,5.20
2017-07-20,7392740,5.33,5.34,5.28,5.28
2017-07-19,3891416,5.29,5.37,5.27,5.34
2017-07-18,4412788,5.35,5.35,5.25,5.27
2017-07-17,6917028,5.26,5.40,5.25,5.32
2017-07-14,4919460,5.31,5.33,5.24,5.26
2017-07-13,6997748,5.31,5.36,5.26,5.29
2017-07-12,4350060,5.29,5.32,5.25,5.25
2017-07-11,4670616,5.24,5.27,5.20,5.24
2017-07-10,6584136,5.22,5.26,5.20,5.22
2017-07-07,7423716,5.29,5.32,5.22,5.23
2017-07-06,6034088,5.34,5.39,5.27,5.28
2017-07-05,10736680,5.39,5.43,5.35,5.38
2017-07-03,5637552,5.44,5.50,5.39,5.40
2017-06-30,4604516,5.44,5.45,5.35,5.40
2017-06-29,6932464,5.39,5.45,5.32,5.40
2017-06-28,12645748,5.38,5.44,5.36,5.38
2017-06-27,6990436,5.27,5.37,5.26,5.35
2017-06-26,9228688,5.17,5.29,5.17,5.28
2017-06-23,6991204,5.12,5.17,5.07,5.16
2017-06-22,16845768,5.12,5.20,5.11,5.14
2017-06-21,8776816,5.17,5.24,5.07,5.12
2017-06-20,7184736,5.18,5.19,5.12,5.16
2017-06-19,8534832,5.16,5.24,5.09,5.20
2017-06-16,14731836,5.28,5.29,5.13,5.15
2017-06-15,9110040,5.38,5.41,5.29,5.31
2017-06-14,9915496,5.49,5.49,5.31,5.41
2017-06-13,7673072,5.45,5.54,5.39,5.50
2017-06-12,13128520,5.49,5.54,5.40,5.43
2017-06-09,11822756,5.33,5.52,5.33,5.50
2017-06-08,14466596,5.54,5.61,5.33,5.34
2017-06-07,8619896,5.49,5.55,5.46,5.51
2017-06-06,12420340,5.56,5.59,5.47,5.48
2017-06-05,7823792,5.56,5.64,5.49,5.62
2017-06-02,9388192,5.68,5.70,5.59,5.67
2017-06-01,14764024,5.54,5.74,5.53,5.70
2017-05-31,21625616,5.66,5.67,5.47,5.54
2017-05-30,22718636,5.55,5.73,5.54,5.64
2017-05-26,56842040,5.53,5.60,5.31,5.56
2017-05-25,30540864,5.90,5.92,5.68,5.91
2017-05-24,9795424,5.65,5.72,5.61,5.68
2017-05-23,22538816,6.09,6.09,5.66,5.67
2017-05-22,9823496,6.09,6.15,6.01,6.01
2017-05-19,10679304,5.95,6.08,5.90,6.06
2017-05-18,6988760,5.99,6.01,5.88,5.95
2017-05-17,8830848,6.04,6.10,5.94,5.96
2017-05-16,8138856,6.08,6.13,5.98,6.12
2017-05-15,8513140,6.04,6.17,6.03,6.09
2017-05-12,7281044,6.07,6.09,5.95,6.01
2017-05-11,12190792,6.28,6.33,6.06,6.09
2017-05-10,9637080,6.14,6.28,6.11,6.24
2017-05-09,7801808,6.08,6.19,6.02,6.12
2017-05-08,8862788,6.00,6.12,5.96,6.10
2017-05-05,4684252,5.93,6.00,5.90,6.00
2017-05-04,5855804,6.00,6.04,5.88,5.89
2017-05-03,12511300,5.87,6.00,5.85,5.99
2017-05-02,7152612,5.71,5.89,5.69,5.86
2017-05-01,10979184,5.69,5.81,5.64,5.70
2017-04-28,12417288,5.77,5.77,5.62,5.67
2017-04-27,11881392,5.92,5.93,5.76,5.78
2017-04-26,8846596,5.86,5.99,5.83,5.91
2017-04-25,5767840,5.83,5.87,5.78,5.85
2017-04-24,10865628,5.85,5.87,5.74,5.81
2017-04-21,7067392,5.81,5.82,5.74,5.80
2017-04-20,7626392,5.74,5.86,5.74,5.80
2017-04-19,6721864,5.73,5.78,5.69,5.70
2017-04-18,7943900,5.71,5.75,5.65,5.71
2017-04-17,14217792,5.61,5.74,5.60,5.72
2017-04-13,14654424,5.52,5.61,5.50,5.60
2017-04-12,7532436,5.55,5.55,5.47,5.52
2017-04-11,10873432,5.45,5.54,5.42,5.53
2017-04-10,9381048,5.40,5.53,5.39,5.47
2017-04-07,15018128,5.46,5.51,5.40,5.42
2017-04-06,13184728,5.49,5.54,5.44,5.46
2017-04-05,8669200,5.55,5.57,5.44,5.44
2017-04-04,8947456,5.49,5.55,5.44,5.50
2017-04-03,10832396,5.63,5.66,5.48,5.50
2017-03-31,11734716,5.62,5.69,5.59,5.64
2017-03-30,8889328,5.48,5.62,5.47,5.62
2017-03-29,13033208,5.45,5.54,5.39,5.49
2017-03-28,17114340,5.22,5.45,5.18,5.43
2017-03-27,27845572,5.08,5.27,5.06,5.21
2017-03-24,63703880,5.34,5.39,5.17,5.18
2017-03-23,18229336,6.04,6.11,5.95,5.99
2017-03-22,8168184,6.01,6.03,5.94,6.02
2017-03-21,11403884,6.01,6.04,5.85,6.00
2017-03-20,16464760,6.17,6.21,5.94,5.97
2017-03-17,21712456,6.07,6.17,6.05,6.16
2017-03-16,12535420,6.15,6.15,6.01,6.07
2017-03-15,11586176,6.17,6.20,6.08,6.17
2017-03-14,7400216,6.05,6.16,6.00,6.14
2017-03-13,15760116,6.19,6.20,6.03,6.05
2017-03-10,12197452,6.16,6.33,6.16,6.30
2017-03-09,9592860,6.25,6.31,6.21,6.25
2017-03-08,9521640,6.19,6.29,6.15,6.25
2017-03-07,9258264,6.20,6.22,6.11,6.17
2017-03-06,9101944,6.32,6.33,6.18,6.23
2017-03-03,7324200,6.27,6.33,6.25,6.32
2017-03-02,9901464,6.12,6.28,6.11,6.25
2017-03-01,13365128,6.14,6.23,6.07,6.12
2017-02-28,31029104,6.58,6.58,5.89,6.11
2017-02-27,9205460,6.55,6.67,6.42,6.63
2017-02-24,7967096,6.39,6.63,6.36,6.57
2017-02-23,9848732,6.58,6.59,6.38,6.39
2017-02-22,5512452,6.55,6.58,6.51,6.57
2017-02-21,10881160,6.46,6.56,6.44,6.56
2017-02-17,4966804,6.34,6.40,6.32,6.39
2017-02-16,7183340,6.43,6.47,6.33,6.36
2017-02-15,8587728,6.44,6.52,6.39,6.45
2017-02-14,6171264,6.32,6.47,6.31,6.44
2017-02-13,5883380,6.44,6.46,6.32,6.34
2017-02-10,6083976,6.38,6.44,6.32,6.42
2017-02-09,5953188,6.22,6.35,6.19,6.35
2017-02-08,5553432,6.15,6.21,6.13,6.20
2017-02-07,8718236,6.18,6.25,6.13,6.16
2017-02-06,6818228,6.19,6.24,6.13,6.17
2017-02-03,8970740,6.09,6.23,6.07,6.19
2017-02-02,6606368,6.10,6.15,6.07,6.10
2017-02-01,7011768,6.12,6.16,6.02,6.08
2017-01-31,6387752,6.00,6.14,5.97,6.12
2017-01-30,6925084,6.03,6.06,5.96,6.05
2017-01-27,10677456,6.07,6.13,5.99,6.08
2017-01-26,12641320,6.06,6.17,6.03,6.06
2017-01-25,7549292,6.00,6.06,5.98,6.04
2017-01-24,11401952,5.99,6.04,5.93,5.97
2017-01-23,8744264,5.92,6.00,5.86,5.98
2017-01-20,10264456,5.87,5.91,5.83,5.90
2017-01-19,8009596,5.88,5.92,5.80,5.83
2017-01-18,8726404,5.83,5.90,5.73,5.87
2017-01-17,19927520,5.69,5.94,5.67,5.84
2017-01-13,59292480,5.57,5.80,5.57,5.68
2017-01-12,10571796,6.15,6.24,6.15,6.18
2017-01-11,10171700,6.19,6.28,6.13,6.15
2017-01-10,8972432,6.13,6.27,6.11,6.16
2017-01-09,6586712,6.15,6.17,6.08,6.12
2017-01-06,9337424,6.29,6.29,6.13,6.13
2017-01-05,12150432,6.39,6.39,6.23,6.25
2017-01-04,8974172,6.40,6.51,6.40,6.48
2017-01-03,7765372,6.36,6.37,6.25,6.34
2016-12-30,6989400,6.36,6.44,6.30,6.32
2016-12-29,6859368,6.31,6.44,6.31,6.34
2016-12-28,6864484,6.45,6.49,6.27,6.32
2016-12-27,6384536,6.35,6.50,6.35,6.49
2016-12-23,7907980,6.39,6.50,6.33,6.35
2016-12-22,9185852,6.59,6.59,6.26,6.27
2016-12-21,7518116,6.52,6.64,6.46,6.60
2016-12-20,4122972,6.47,6.54,6.46,6.53
2016-12-19,5261920,6.35,6.48,6.35,6.48
2016-12-16,13533176,6.34,6.42,6.32,6.36
2016-12-15,7859416,6.32,6.43,6.28,6.34
2016-12-14,9493164,6.59,6.61,6.30,6.32
2016-12-13,9597372,6.63,6.71,6.58,6.60
2016-12-12,8584748,6.52,6.62,6.44,6.61
2016-12-09,9806532,6.48,6.58,6.44,6.51
2016-12-08,12400704,6.50,6.54,6.39,6.49
2016-12-07,11196284,6.29,6.53,6.29,6.49
2016-12-06,6027504,6.16,6.23,6.15,6.22
2016-12-05,9341112,6.11,6.22,6.07,6.13
2016-12-02,6291344,6.15,6.21,6.03,6.07
2016-12-01,5765428,6.17,6.26,6.11,6.16
2016-11-30,12765024,6.12,6.21,6.06,6.17
2016-11-29,9284344,6.21,6.26,6.09,6.12
2016-11-28,11260416,6.50,6.50,6.19,6.29
2016-11-25,9253284,6.54,6.62,6.45,6.46
2016-11-23,37539032,6.18,6.60,6.16,6.52
2016-11-22,14895040,5.92,6.05,5.90,6.03
2016-11-21,8943540,5.88,5.89,5.79,5.87
2016-11-18,6712064,5.84,5.89,5.76,5.87
2016-11-17,4575664,5.83,5.88,5.75,5.87
2016-11-16,6826296,5.63,5.80,5.61,5.77
2016-11-15,8865692,5.73,5.75,5.55,5.66
2016-11-14,8301920,5.61,5.82,5.60,5.75
2016-11-11,8789412,5.45,5.59,5.38,5.58
2016-11-10,10095280,5.44,5.63,5.43,5.47
2016-11-09,6963132,5.15,5.40,5.13,5.38
2016-11-08,7536184,5.29,5.31,5.22,5.23
2016-11-07,11529080,5.25,5.38,5.19,5.31
2016-11-04,12305508,5.20,5.31,5.15,5.18
2016-11-03,22234776,5.19,5.23,5.13,5.21
2016-11-02,54592480,5.15,5.39,5.03,5.23
2016-11-01,9996772,6.00,6.00,5.83,5.89
2016-10-31,8606284,5.99,6.05,5.94,6.01
2016-10-28,7480260,6.00,6.06,5.92,5.98
2016-10-27,10815424,6.21,6.23,5.97,6.00
2016-10-26,13295600,6.18,6.30,6.09,6.19
2016-10-25,7639724,6.26,6.29,6.16,6.19
2016-10-24,7495200,6.34,6.34,6.21,6.29
2016-10-21,7012328,6.27,6.27,6.18,6.25
2016-10-20,9064388,6.24,6.30,6.23,6.28
2016-10-19,9331904,6.22,6.25,6.11,6.25
2016-10-18,8277508,6.24,6.28,6.19,6.21
2016-10-17,21924400,6.33,6.39,6.16,6.18
2016-10-14,12544268,6.40,6.42,6.28,6.35
2016-10-13,10721044,6.50,6.54,6.34,6.37
2016-10-12,9788448,6.54,6.62,6.50,6.53
2016-10-11,8549372,6.71,6.72,6.50,6.51
2016-10-10,6398364,6.71,6.79,6.66,6.71
2016-10-07,8581564,6.70,6.73,6.62,6.67
2016-10-06,14987424,6.77,6.78,6.58,6.67
2016-10-05,7764448,6.82,6.87,6.74,6.80
2016-10-04,9382860,6.95,6.96,6.76,6.78
2016-10-03,6502788,6.90,6.97,6.86,6.95
2016-09-30,7155128,6.85,6.93,6.81,6.90
2016-09-29,7021808,6.88,6.92,6.78,6.79
2016-09-28,4665492,6.86,6.96,6.80,6.87
2016-09-27,5750100,6.91,6.94,6.82,6.86
2016-09-26,4299544,7.03,7.05,6.91,6.91
2016-09-23,5481304,7.06,7.15,7.05,7.05
2016-09-22,7159432,7.07,7.11,6.97,7.07
2016-09-21,6654804,6.95,7.04,6.93,7.03
2016-09-20,7460512,7.02,7.05,6.91,6.93
2016-09-19,13399900,6.85,7.04,6.85,6.98
2016-09-16,7687492,6.80,6.82,6.73,6.77
2016-09-15,8842760,6.72,6.82,6.67,6.81
2016-09-14,7417124,6.91,6.91,6.73,6.76
2016-09-13,11301392,6.74,6.85,6.70,6.75
2016-09-12,14424112,6.85,6.85,6.71,6.76
2016-09-09,9938880,6.99,7.01,6.79,6.80
2016-09-08,6915016,6.99,7.03,6.94,6.95
2016-09-07,6064980,7.01,7.06,6.97,7.03
2016-09-06,7776468,7.10,7.17,7.06,7.09
2016-09-02,6763016,7.05,7.12,7.01,7.10
2016-09-01,8379524,7.12,7.14,6.99,7.01
2016-08-31,11309820,7.12,7.24,7.08,7.10
2016-08-30,11436356,7.22,7.24,7.07,7.12
2016-08-29,17622176,7.19,7.24,7.09,7.24
2016-08-26,57970040,7.56,7.63,7.17,7.19
2016-08-25,24366204,7.92,8.06,7.82,8.04
2016-08-24,10855248,8.03,8.10,7.91,7.93
2016-08-23,11357388,8.01,8.17,7.96,8.02
2016-08-22,6687376,8.00,8.03,7.82,7.87
2016-08-19,8659352,7.77,7.98,7.72,7.93
2016-08-18,6320624,7.73,7.80,7.64,7.79
2016-08-17,7049848,7.72,7.74,7.63,7.71
2016-08-16,6347568,7.92,7.99,7.79,7.79
2016-08-15,5720384,7.83,8.02,7.83,7.93
2016-08-12,8584184,7.75,7.93,7.71,7.84
2016-08-11,9857128,7.63,7.79,7.61,7.78
2016-08-10,7001116,7.40,7.56,7.40,7.54
2016-08-09,8990536,7.44,7.56,7.38,7.41
2016-08-08,8176572,7.54,7.60,7.41,7.45
2016-08-05,10449160,7.47,7.65,7.45,7.51
2016-08-04,4820216,7.39,7.50,7.36,7.42
2016-08-03,9440512,7.26,7.46,7.14,7.41
2016-08-02,13682720,7.64,7.66,7.30,7.31
2016-08-01,11550424,7.74,7.75,7.55,7.59
2016-07-29,6389148,7.81,7.81,7.64,7.74
2016-07-28,5687792,7.80,7.83,7.70,7.79
2016-07-27,8721376,7.86,7.89,7.78,7.83
2016-07-26,10082856,7.71,7.83,7.61,7.81
2016-07-25,9008652,7.63,7.74,7.51,7.72
2016-07-22,10362056,7.75,7.80,7.66,7.70
2016-07-21,18236032,7.79,7.96,7.74,7.75
2016-07-20,15084268,7.53,7.83,7.51,7.78
2016-07-19,17438120,7.72,7.82,7.50,7.55
2016-07-18,31098700,7.00,7.60,6.97,7.55
2016-07-15,9874060,7.20,7.20,7.00,7.00
2016-07-14,7988328,7.24,7.28,7.12,7.16
2016-07-13,11811324,7.21,7.30,7.17,7.21
2016-07-12,12099784,7.18,7.24,7.13,7.19
2016-07-11,14260304,7.03,7.20,7.01,7.11
2016-07-08,8416280,6.67,6.85,6.67,6.84
2016-07-07,9082696,6.63,6.76,6.55,6.58
2016-07-06,9961260,6.56,6.62,6.43,6.62
2016-07-05,8564212,6.76,6.77,6.49,6.58
2016-07-01,10531372,6.72,6.85,6.68,6.77
2016-06-30,7436868,6.63,6.67,6.50,6.65
2016-06-29,9942836,6.62,6.74,6.59,6.60
2016-06-28,11525536,6.46,6.55,6.41,6.51
2016-06-27,12244176,6.33,6.49,6.30,6.38
2016-06-24,7371420,6.32,6.43,6.32,6.34
2016-06-23,6076380,6.61,6.64,6.54,6.58
2016-06-22,7147088,6.49,6.57,6.45,6.50
2016-06-21,6279100,6.59,6.61,6.43,6.46
2016-06-20,9123616,6.61,6.71,6.59,6.60
2016-06-17,10378808,6.50,6.65,6.45,6.54
2016-06-16,8923208,6.52,6.55,6.43,6.48
2016-06-15,14506580,6.43,6.61,6.40,6.53
2016-06-14,12596556,6.49,6.51,6.34,6.43
2016-06-13,9326848,6.61,6.67,6.51,6.51
2016-06-10,18090332,6.74,6.74,6.54,6.63
2016-06-09,13588996,7.02,7.07,6.79,6.82
2016-06-08,7681488,7.12,7.16,7.05,7.06
2016-06-07,7283944,7.12,7.20,7.10,7.12
2016-06-06,7820628,7.07,7.15,7.01,7.12
2016-06-03,8839476,7.24,7.26,7.08,7.16
2016-06-02,7872468,7.25,7.33,7.19,7.22
2016-06-01,14890976,7.26,7.30,7.11,7.24
2016-05-31,39743344,7.22,7.34,7.16,7.28
2016-05-27,30233956,7.01,7.23,6.91,7.20
2016-05-26,13524404,7.50,7.61,7.47,7.50
2016-05-25,18447296,7.19,7.46,7.17,7.43
2016-05-24,14090408,7.10,7.24,7.04,7.18
2016-05-23,8022860,7.15,7.22,7.08,7.12
2016-05-20,9317232,7.17,7.19,7.05,7.12
2016-05-19,12569888,7.01,7.15,6.88,7.14
2016-05-18,15549200,7.08,7.09,6.95,7.01
2016-05-17,12188236,7.27,7.35,7.10,7.12
2016-05-16,12104224,7.19,7.28,7.14,7.26
2016-05-13,11854536,7.28,7.33,7.10,7.18
2016-05-12,8598840,7.33,7.35,7.21,7.28
2016-05-11,11997208,7.54,7.54,7.23,7.30
2016-05-10,5274980,7.57,7.67,7.50,7.63
2016-05-09,7538384,7.53,7.62,7.51,7.55
2016-05-06,7822780,7.55,7.56,7.34,7.52
2016-05-05,8591224,7.67,7.69,7.49,7.53
2016-05-04,11483264,7.80,7.84,7.58,7.69
2016-05-03,10560784,8.05,8.09,7.83,7.83
2016-05-02,10591184,8.20,8.22,7.99,8.09
2016-04-29,8474064,8.23,8.26,8.09,8.20
2016-04-28,8580128,8.29,8.33,8.20,8.23
2016-04-27,11343292,8.30,8.43,8.28,8.35
2016-04-26,7961188,8.19,8.33,8.15,8.33
2016-04-25,8251248,8.17,8.25,8.11,8.20
2016-04-22,88881880,8.07,8.23,8.05,8.20
2016-04-21,10325524,8.22,8.27,8.05,8.08
2016-04-20,11015820,8.12,8.32,8.08,8.22
2016-04-19,6646728,8.09,8.14,8.03,8.11
2016-04-18,7128888,7.97,8.10,7.91,8.05
2016-04-15,10344324,7.94,8.04,7.88,7.95
2016-04-14,10247392,7.84,7.93,7.65,7.91
2016-04-13,8693084,7.56,7.90,7.55,7.87
2016-04-12,7840248,7.50,7.62,7.43,7.52
2016-04-11,8183816,7.44,7.66,7.43,7.47
2016-04-08,8490828,7.32,7.47,7.28,7.37
2016-04-07,14690456,7.53,7.55,7.25,7.28
2016-04-06,9206192,7.56,7.78,7.45,7.52
2016-04-05,7003828,7.70,7.77,7.56,7.57
2016-04-04,5967008,7.85,7.85,7.68,7.73
2016-04-01,8540128,7.93,7.94,7.68,7.84
2016-03-31,8374804,7.97,8.11,7.92,7.93
2016-03-30,10088376,7.89,7.99,7.75,7.94
2016-03-29,15209956,7.55,7.98,7.50,7.88
2016-03-28,32988604,7.24,7.74,7.10,7.52
2016-03-24,17625824,7.59,7.63,7.40,7.57
2016-03-23,7873096,7.59,7.70,7.51,7.59
2016-03-22,8699848,7.69,7.70,7.50,7.55
2016-03-21,13430664,7.73,7.92,7.51,7.71
2016-03-18,22169560,7.90,8.07,7.70,7.71
2016-03-17,12200948,8.05,8.06,7.75,7.84
2016-03-16,6248832,7.79,8.00,7.71,7.98
2016-03-15,8111456,7.88,7.93,7.49,7.70
2016-03-14,6920932,7.69,8.01,7.68,7.92
2016-03-11,6477028,7.64,7.77,7.61,7.69
2016-03-10,8198032,7.83,7.83,7.49,7.61
2016-03-09,10378464,7.60,7.89,7.54,7.82
2016-03-08,9314024,7.72,7.75,7.45,7.53
2016-03-07,11321304,7.76,7.93,7.60,7.69
2016-03-04,10122792,8.07,8.14,7.80,7.81
2016-03-03,14195968,7.84,8.24,7.82,8.18
2016-03-02,16452524,7.72,7.92,7.29,7.82
2016-03-01,8520284,7.76,7.81,7.62,7.74
2016-02-29,9401208,7.61,7.77,7.51,7.71
2016-02-26,6775832,7.53,7.65,7.48,7.64
2016-02-25,6115536,7.40,7.52,7.33,7.49
2016-02-24,6417876,7.36,7.48,7.07,7.47
2016-02-23,5058816,7.40,7.47,7.25,7.36
2016-02-22,6723008,7.13,7.41,7.11,7.30
2016-02-19,8529984,7.31,7.31,6.95,7.05
2016-02-18,11048132,7.20,7.45,7.17,7.31
2016-02-17,6689408,7.06,7.25,6.99,7.19
2016-02-16,5744192,6.83,7.01,6.72,7.00
2016-02-12,10327072,6.69,6.85,6.58,6.75
2016-02-11,5918416,6.61,6.74,6.53,6.67
2016-02-10,5479780,6.80,6.82,6.66,6.66
2016-02-09,13147372,6.91,6.97,6.68,6.78
2016-02-08,11779200,6.64,6.99,6.63,6.97
2016-02-05,6183076,6.75,6.80,6.61,6.71
2016-02-04,8000772,6.52,6.80,6.35,6.75
2016-02-03,8893796,6.53,6.57,6.19,6.54
2016-02-02,7362280,6.66,6.68,6.40,6.48
2016-02-01,11149028,6.55,6.72,6.46,6.70
2016-01-29,9271204,6.44,6.56,6.40,6.55
2016-01-28,5597392,6.62,6.65,6.42,6.43
2016-01-27,8011488,6.56,6.70,6.46,6.54
2016-01-26,11076076,6.34,6.62,6.29,6.52
2016-01-25,5780784,6.40,6.49,6.23,6.27
2016-01-22,7054308,6.43,6.51,6.36,6.42
2016-01-21,8473372,6.30,6.49,6.29,6.32
2016-01-20,8941948,6.30,6.36,6.08,6.30
2016-01-19,11137960,6.49,6.50,6.26,6.38
2016-01-15,12745908,6.27,6.48,6.21,6.41
2016-01-14,18357764,6.86,6.86,6.30,6.40
2016-01-13,11684460,6.93,6.95,6.62,6.74
2016-01-12,32357316,7.24,7.31,6.58,6.97
2016-01-11,13022092,7.08,7.39,7.00,7.35
2016-01-08,10796916,7.18,7.20,7.01,7.09
2016-01-07,10647284,7.03,7.19,6.94,7.11
2016-01-06,15025644,7.06,7.19,6.86,7.09
2016-01-05,13666584,7.15,7.25,7.02,7.19
2016-01-04,17321756,6.76,7.12,6.75,7.08
2015-12-31,6784120,7.11,7.22,7.01,7.01
2015-12-30,5753584,7.09,7.24,7.06,7.12
2015-12-29,8164216,7.16,7.20,7.08,7.11
2015-12-28,9301724,7.09,7.24,7.04,7.12
2015-12-24,3475860,7.16,7.20,7.07,7.09
2015-12-23,11114492,7.20,7.23,7.07,7.19
2015-12-22,12266544,7.23,7.23,7.04,7.15
2015-12-21,13673260,7.13,7.28,7.01,7.19
2015-12-18,21888968,7.23,7.24,6.98,7.19
2015-12-17,9117456,7.64,7.68,7.26,7.26
2015-12-16,8740164,7.71,7.75,7.53,7.64
2015-12-15,10153324,7.69,7.79,7.60,7.64
2015-12-14,11727452,7.50,7.66,7.43,7.57
2015-12-11,26369948,7.55,7.84,7.49,7.50
2015-12-10,16319776,8.14,8.23,7.87,8.00
2015-12-09,10327760,8.28,8.51,8.10,8.11
2015-12-08,11211260,8.15,8.47,8.07,8.44
2015-12-07,11791336,8.30,8.35,8.13,8.27
2015-12-04,14113164,8.19,8.34,8.06,8.33
2015-12-03,14867420,8.46,8.46,8.05,8.20
2015-12-02,11470444,8.68,8.71,8.47,8.47
2015-12-01,8725180,8.76,8.79,8.56,8.68
2015-11-30,12850004,8.89,8.96,8.73,8.76
2015-11-27,4772228,9.22,9.24,8.95,9.00
2015-11-25,8231604,9.45,9.51,9.15,9.16
2015-11-24,21453868,9.00,9.56,8.98,9.48
2015-11-23,67704600,8.29,9.42,8.25,9.40
2015-11-20,11169940,9.78,9.94,9.64,9.82
2015-11-19,8218588,9.41,9.74,9.38,9.62
2015-11-18,9136880,9.39,9.52,9.31,9.45
2015-11-17,10371648,9.58,9.58,9.23,9.29
2015-11-16,10279912,9.25,9.55,9.24,9.52
2015-11-13,38058044,9.99,10.03,9.27,9.30
2015-11-12,7500132,11.12,11.20,10.97,11.13
2015-11-11,7546616,11.52,11.58,11.11,11.15
2015-11-10,6072712,11.36,11.55,11.31,11.49
2015-11-09,6093112,11.69,11.71,11.36,11.38
2015-11-06,7677648,11.69,11.87,11.59,11.71
2015-11-05,3958760,11.74,11.79,11.58,11.74
2015-11-04,5237816,11.68,11.78,11.66,11.71
2015-11-03,5713000,11.58,11.70,11.52,11.69
2015-11-02,3821012,11.51,11.62,11.39,11.55
2015-10-30,4880812,11.48,11.64,11.39,11.52
2015-10-29,2984516,11.41,11.55,11.34,11.43
2015-10-28,3632160,11.12,11.42,11.07,11.39
2015-10-27,4584304,11.18,11.23,10.89,11.06
2015-10-26,5856264,11.34,11.38,11.09,11.17
2015-10-23,9208580,11.91,11.91,11.27,11.34
2015-10-22,6262032,11.55,11.82,11.40,11.75
2015-10-21,4632104,11.32,11.55,11.28,11.51
2015-10-20,6144932,11.20,11.41,11.18,11.28
2015-10-19,3044112,11.12,11.24,11.00,11.18
2015-10-16,3594416,11.07,11.12,10.90,11.12
2015-10-15,3522036,10.82,10.99,10.71,10.98
2015-10-14,3028596,10.87,10.93,10.68,10.76
2015-10-13,3241928,10.93,11.04,10.85,10.88
2015-10-12,2991444,11.07,11.16,10.96,10.99
2015-10-09,3828592,10.93,11.12,10.87,11.10
2015-10-08,4536376,10.76,11.09,10.76,11.00
2015-10-07,5071712,10.86,10.95,10.66,10.86
2015-10-06,7518176,10.61,10.87,10.60,10.84
2015-10-05,7671536,10.40,10.66,10.38,10.62
2015-10-02,5966536,10.07,10.39,10.00,10.38
2015-10-01,7782648,10.33,10.41,9.95,10.13
2015-09-30,6866496,10.25,10.33,10.15,10.30
2015-09-29,8431884,10.05,10.23,9.92,10.11
2015-09-28,6839332,10.21,10.27,9.99,10.08
2015-09-25,6665732,10.33,10.47,10.11,10.25
2015-09-24,5456752,10.19,10.37,10.15,10.30
2015-09-23,3140900,10.31,10.40,10.16,10.27
2015-09-22,4002956,10.32,10.44,10.25,10.34
2015-09-21,6619884,10.68,10.71,10.36,10.43
2015-09-18,8250304,10.79,10.89,10.56,10.57
2015-09-17,6777124,11.00,11.11,10.72,10.90
2015-09-16,6159288,10.74,11.04,10.73,11.00
2015-09-15,4498376,10.82,10.83,10.69,10.75
2015-09-14,5638924,10.71,10.80,10.56,10.79
2015-09-11,6061704,10.56,10.72,10.42,10.70
2015-09-10,5710744,10.42,10.72,10.38,10.59
2015-09-09,5866252,10.51,10.56,10.41,10.45
2015-09-08,8701156,10.49,10.49,10.19,10.45
2015-09-04,6127604,10.30,10.39,10.18,10.31
2015-09-03,8371028,10.50,10.70,10.39,10.43
2015-09-02,10147456,10.42,10.52,10.28,10.45
2015-09-01,9351784,10.38,10.54,10.18,10.30
2015-08-31,9857952,10.57,10.65,10.39,10.62
2015-08-28,33721992,11.17,11.24,10.39,10.62
2015-08-27,11633440,11.55,11.75,11.36,11.55
2015-08-26,15134308,11.17,11.38,11.01,11.34
2015-08-25,18919372,11.02,11.17,10.82,10.97
2015-08-24,9273140,10.47,11.04,9.67,10.74
2015-08-21,8100920,11.19,11.53,11.16,11.21
2015-08-20,6031920,11.42,11.50,11.30,11.31
2015-08-19,7015344,11.71,11.79,11.44,11.61
2015-08-18,6476424,11.76,11.93,11.73,11.75
2015-08-17,4342516,11.86,11.87,11.62,11.74
2015-08-14,9747692,11.64,11.96,11.64,11.86
2015-08-13,4406528,11.41,11.72,11.40,11.53
2015-08-12,5116172,11.33,11.47,11.16,11.41
2015-08-11,4990248,11.36,11.45,11.25,11.43
2015-08-10,4864772,11.47,11.51,11.34,11.45
2015-08-07,3788924,11.34,11.35,11.16,11.29
2015-08-06,4447384,11.56,11.58,11.23,11.34
2015-08-05,4967660,11.42,11.66,11.41,11.60
2015-08-04,7213984,11.18,11.41,11.13,11.39
2015-08-03,4821480,11.50,11.55,11.21,11.24
2015-07-31,4383060,11.57,11.62,11.41,11.46
2015-07-30,3734708,11.44,11.61,11.36,11.54
2015-07-29,4004920,11.36,11.47,11.30,11.47
2015-07-28,4929664,11.38,11.44,11.18,11.32
2015-07-27,6295304,11.35,11.46,11.23,11.33
2015-07-24,8122936,11.75,11.77,11.33,11.37
2015-07-23,3848868,11.81,11.91,11.65,11.74
2015-07-22,6506940,11.69,11.88,11.60,11.80
2015-07-21,5104980,11.68,11.74,11.56,11.74
2015-07-20,5273120,11.63,11.74,11.54,11.71
2015-07-17,5317160,11.81,11.89,11.60,11.67
2015-07-16,10452152,11.62,11.94,11.55,11.81
2015-07-15,5383204,11.71,11.75,11.59,11.61
2015-07-14,10610916,11.81,11.86,11.56,11.68
2015-07-13,6607032,11.80,11.92,11.71,11.84
2015-07-10,5966172,11.82,11.84,11.60,11.74
2015-07-09,10861440,11.60,11.77,11.47,11.73
2015-07-08,9786252,11.44,11.56,11.37,11.44
2015-07-07,9640320,11.07,11.51,11.01,11.51
2015-07-06,5994836,10.78,11.09,10.74,11.08
2015-07-02,4818108,10.95,11.13,10.88,10.89
2015-07-01,6926756,10.81,11.10,10.79,11.03
2015-06-30,4470692,10.77,10.80,10.69,10.74
2015-06-29,4458656,10.93,10.98,10.69,10.69
2015-06-26,7603644,10.95,11.04,10.84,11.01
2015-06-25,6468592,11.15,11.18,10.91,10.92
2015-06-24,9690652,11.05,11.38,11.04,11.14
2015-06-23,7034592,11.01,11.14,10.96,11.09
2015-06-22,10162720,10.81,11.03,10.75,10.97
2015-06-19,9357300,10.85,10.96,10.75,10.77
2015-06-18,8083568,10.80,10.85,10.72,10.80
2015-06-17,8662356,10.63,10.81,10.55,10.76
2015-06-16,5531888,10.61,10.66,10.49,10.63
2015-06-15,7436940,10.72,10.82,10.58,10.63
2015-06-12,5340948,10.73,10.82,10.67,10.74
2015-06-11,7227600,10.80,10.93,10.69,10.75
2015-06-10,7138736,10.79,10.87,10.68,10.71
2015-06-09,5136088,10.78,10.86,10.72,10.73
2015-06-08,5908076,11.01,11.07,10.76,10.76
2015-06-05,5971416,11.03,11.06,10.90,11.04
2015-06-04,7469392,11.04,11.11,10.97,11.01
2015-06-03,7901628,11.00,11.08,10.90,10.93
2015-06-02,9231264,10.85,11.11,10.69,10.99
2015-06-01,13167316,10.94,11.03,10.60,10.87
2015-05-29,34730328,11.00,11.12,10.78,10.85
2015-05-28,15322524,9.89,10.33,9.88,10.23
2015-05-27,7198884,10.14,10.16,9.85,9.87
2015-05-26,4948580,10.17,10.25,9.96,10.05
2015-05-22,4556412,10.19,10.24,10.10,10.20
2015-05-21,5149960,10.11,10.23,10.06,10.19
2015-05-20,4025992,10.05,10.08,9.92,10.04
2015-05-19,4007640,10.10,10.11,10.01,10.08
2015-05-18,4643296,10.03,10.08,9.93,10.06
2015-05-15,5546648,9.79,10.02,9.78,10.02
2015-05-14,2988804,9.85,9.85,9.69,9.79
2015-05-13,6279220,9.77,9.85,9.63,9.80
2015-05-12,5336168,9.88,9.96,9.76,9.76
2015-05-11,4075684,10.02,10.12,9.94,9.94
2015-05-08,4225804,9.96,10.13,9.93,10.05
2015-05-07,6818104,9.79,9.91,9.62,9.88
2015-05-06,5807508,9.98,9.98,9.69,9.78
2015-05-05,4386216,9.98,10.07,9.94,10.01
2015-05-04,3511868,9.83,10.04,9.78,10.03
2015-05-01,3065516,9.66,9.80,9.62,9.79
2015-04-30,4542976,9.81,9.83,9.61,9.64
2015-04-29,4989580,10.02,10.14,9.79,9.83
2015-04-28,3791060,10.05,10.12,9.89,10.10
2015-04-27,4195332,10.18,10.25,10.06,10.07
2015-04-24,3486804,10.08,10.19,10.03,10.18
2015-04-23,3466300,10.06,10.14,10.01,10.08
2015-04-22,3904432,10.00,10.09,9.90,10.06
2015-04-21,5463488,10.11,10.12,9.93,10.02
2015-04-20,5238248,9.95,10.11,9.94,10.08
2015-04-17,6251148,10.18,10.19,9.87,9.92
2015-04-16,5798736,10.24,10.33,10.17,10.24
2015-04-15,9191572,10.15,10.24,9.99,10.22
2015-04-14,5990352,10.06,10.13,9.92,10.10
2015-04-13,7375684,10.10,10.20,9.87,10.11
2015-04-10,5075920,10.05,10.10,9.89,10.10
2015-04-09,7648328,9.69,10.00,9.59,10.00
2015-04-08,6599784,9.45,9.70,9.44,9.68
2015-04-07,5328412,9.59,9.63,9.48,9.50
2015-04-06,5935412,9.50,9.60,9.42,9.59
2015-04-02,4690208,9.52,9.70,9.47,9.55
2015-04-01,9858696,9.47,9.63,9.33,9.45
2015-03-31,8458716,9.35,9.64,9.31,9.49
2015-03-30,11960060,9.60,9.63,9.38,9.42
2015-03-27,21982508,9.42,9.70,9.29,9.59
2015-03-26,19245412,9.87,9.95,9.65,9.70
2015-03-25,8287904,10.23,10.30,9.95,9.95
2015-03-24,10292988,10.32,10.38,10.23,10.23
2015-03-23,7004676,10.27,10.43,10.19,10.34
2015-03-20,9627204,10.21,10.30,10.13,10.23
2015-03-19,3568860,10.27,10.29,10.15,10.20
2015-03-18,4465776,10.19,10.34,10.04,10.28
2015-03-17,3507944,10.29,10.33,10.13,10.23
2015-03-16,4215944,10.18,10.32,10.16,10.27
2015-03-13,7166536,10.06,10.22,9.99,10.18
2015-03-12,4531772,9.99,10.05,9.77,9.92
2015-03-11,7634672,10.33,10.67,9.78,9.87
2015-03-10,5972492,10.13,10.29,10.03,10.16
2015-03-09,6152348,10.03,10.37,9.95,10.21
2015-03-06,4739268,9.96,10.14,9.96,10.04
2015-03-05,4857020,10.00,10.14,9.88,10.00
2015-03-04,8379088,9.80,10.11,9.68,10.01
2015-03-03,4709452,9.74,9.81,9.64,9.67
2015-03-02,9590076,9.60,9.73,9.45,9.67
2015-02-27,5850744,9.28,9.43,9.17,9.24
2015-02-26,4559068,9.31,9.37,9.21,9.26
2015-02-25,4073812,9.34,9.46,9.23,9.32
2015-02-24,2950464,9.42,9.45,9.23,9.29
2015-02-23,4514748,9.49,9.50,9.25,9.34
2015-02-20,5187540,9.42,9.51,9.35,9.37
2015-02-19,3095932,9.42,9.42,9.26,9.38
2015-02-18,4200044,9.25,9.39,9.15,9.38
2015-02-17,5420576,9.34,9.55,9.20,9.34
2015-02-13,6658996,9.26,9.48,9.22,9.34
2015-02-12,4925892,9.40,9.44,9.25,9.31
2015-02-11,5919264,9.52,9.55,9.32,9.38
2015-02-10,9737888,9.30,9.53,9.25,9.51
2015-02-09,6225976,9.14,9.40,9.13,9.30
2015-02-06,5922768,9.24,9.35,9.11,9.19
2015-02-05,5450324,9.19,9.32,9.07,9.18
2015-02-04,8152424,9.29,9.36,8.92,9.16
2015-02-03,5846536,9.20,9.48,9.10,9.38
2015-02-02,9705244,8.78,9.23,8.63,9.21
2015-01-30,12098208,8.96,9.03,8.77,8.81
2015-01-29,13562336,9.46,9.46,8.87,9.07
2015-01-28,11010136,9.63,9.83,9.36,9.40
2015-01-27,8028108,9.54,9.75,9.40,9.57
2015-01-26,9706248,9.35,9.62,9.32,9.54
2015-01-23,7201876,9.24,9.38,9.11,9.35
2015-01-22,8619888,9.31,9.31,9.04,9.28
2015-01-21,11862580,8.92,9.28,8.87,9.21
2015-01-20,18154012,9.08,9.19,8.80,9.02
2015-01-16,17027308,8.92,9.10,8.73,9.09
2015-01-15,20556604,9.01,9.19,8.56,8.62
2015-01-14,29738280,9.30,9.34,8.96,9.05
2015-01-13,11594284,8.55,8.78,8.18,8.19
2015-01-12,14479880,8.14,8.46,7.92,8.44
2015-01-09,16225460,8.40,8.43,8.02,8.07
2015-01-08,18189744,8.40,8.54,8.33,8.42
2015-01-07,10233296,8.57,8.67,8.25,8.33
2015-01-06,19540428,8.79,9.01,8.38,8.42
2015-01-05,19763016,8.38,8.72,8.33,8.68
2015-01-02,6450984,8.52,8.54,8.31,8.45
2014-12-31,6418268,8.56,8.60,8.43,8.45
2014-12-30,8535880,8.36,8.59,8.30,8.46
2014-12-29,9600132,8.38,8.46,8.23,8.41
2014-12-26,15397312,8.40,8.51,8.30,8.41
2014-12-24,11023388,8.72,8.72,8.31,8.35
2014-12-23,15244580,8.57,8.78,8.53,8.66
2014-12-22,20811408,9.12,9.15,8.46,8.53
2014-12-19,18318360,8.37,8.63,8.23,8.63
2014-12-18,13569940,8.31,8.41,8.10,8.28
2014-12-17,14442544,8.03,8.18,7.98,8.17
2014-12-16,17685464,8.15,8.39,7.95,7.98
2014-12-15,17750072,8.15,8.38,8.00,8.23
2014-12-12,23647604,8.43,8.50,8.07,8.08
2014-12-11,20111960,8.41,8.75,8.38,8.48
2014-12-10,21374260,8.69,8.73,8.33,8.33
2014-12-09,20449512,8.66,8.91,8.50,8.89
2014-12-08,18086320,9.28,9.28,8.69,8.80
2014-12-05,11269312,9.26,9.37,9.15,9.36
2014-12-04,12595612,9.16,9.29,9.04,9.27
2014-12-03,18127280,8.87,9.18,8.79,9.15
2014-12-02,14692280,9.00,9.19,8.83,8.89
2014-12-01,27132556,9.41,9.42,8.91,8.96
2014-11-28,7681608,9.30,9.50,9.30,9.45
2014-11-26,10280108,9.38,9.43,9.27,9.30
2014-11-25,20687360,9.53,9.57,9.26,9.35
2014-11-24,31472100,9.43,9.56,9.22,9.44
2014-11-21,74997240,9.85,9.99,9.28,9.47
2014-11-20,23523972,11.04,11.18,10.82,10.97
2014-11-19,15119496,11.10,11.12,10.83,10.90
2014-11-18,7973296,11.03,11.10,10.88,11.01
2014-11-17,8081916,11.09,11.18,10.95,11.03
2014-11-14,11160212,10.89,11.12,10.73,11.10
2014-11-13,12180544,11.04,11.18,10.98,11.12
2014-11-12,9113780,10.63,10.92,10.63,10.85
2014-11-11,7189924,10.72,10.80,10.59,10.63
2014-11-10,15371824,10.92,11.00,10.59,10.69
2014-11-07,9416304,11.17,11.20,10.91,10.92
2014-11-06,12739504,10.76,11.21,10.76,11.18
2014-11-05,5539864,10.88,10.96,10.68,10.76
2014-11-04,5909692,10.63,10.70,10.53,10.68
2014-11-03,6033636,10.69,10.79,10.60,10.68
2014-10-31,11985268,10.64,10.97,10.63,10.69
2014-10-30,6176456,10.35,10.59,10.35,10.52
2014-10-29,6064052,10.26,10.46,10.21,10.38
2014-10-28,16464680,10.30,10.32,9.83,10.26
2014-10-27,8297392,10.50,10.61,10.39,10.45
2014-10-24,7592680,10.33,10.60,10.27,10.51
2014-10-23,5678924,10.21,10.41,10.19,10.32
2014-10-22,6621228,10.20,10.29,10.14,10.15
2014-10-21,9868576,10.21,10.30,10.13,10.18
2014-10-20,12018072,9.93,10.25,9.88,10.17
2014-10-17,16314368,9.91,10.09,9.85,9.97
2014-10-16,15447420,9.45,10.04,9.39,9.81
2014-10-15,14822844,9.12,9.70,8.96,9.62
2014-10-14,12075144,9.32,9.39,9.22,9.30
2014-10-13,9831312,9.53,9.60,9.28,9.30
2014-10-10,12431224,9.55,9.87,9.55,9.58
2014-10-09,9502280,9.89,9.97,9.53,9.58
2014-10-08,10572084,9.79,9.93,9.65,9.91
2014-10-07,10106212,9.86,10.01,9.75,9.75
2014-10-06,9848400,10.13,10.15,9.89,9.89
2014-10-03,7416580,10.28,10.37,10.11,10.12
2014-10-02,10013540,10.08,10.28,9.90,10.22
2014-10-01,9247028,10.28,10.29,10.07,10.10
2014-09-30,8336060,10.50,10.54,10.30,10.30
2014-09-29,5399868,10.44,10.59,10.36,10.52
2014-09-26,6391236,10.52,10.66,10.42,10.51
2014-09-25,8304040,10.83,10.92,10.52,10.52
2014-09-24,8421848,10.59,10.82,10.53,10.79
2014-09-23,5262404,10.84,10.84,10.60,10.60
2014-09-22,5281348,10.83,10.87,10.76,10.85
2014-09-19,9978308,11.08,11.11,10.82,10.85
2014-09-18,7438412,11.00,11.10,10.88,11.06
2014-09-17,8790492,11.21,11.24,10.99,11.01
2014-09-16,10979304,10.86,11.36,10.82,11.21
2014-09-15,4722376,10.90,10.95,10.80,10.88
2014-09-12,6821552,11.01,11.10,10.87,10.90
2014-09-11,7767696,10.77,11.00,10.75,10.99
2014-09-10,8990236,10.86,10.89,10.69,10.79
2014-09-09,10427244,11.04,11.07,10.77,10.79
2014-09-08,7969820,11.28,11.35,11.05,11.07
2014-09-05,11084068,11.08,11.31,10.94,11.31
2014-09-04,9014780,10.90,11.12,10.89,11.11
2014-09-03,6695696,11.00,11.02,10.86,10.88
2014-09-02,12213408,10.57,10.99,10.56,10.94
2014-08-29,7246296,10.74,10.75,10.53,10.55
2014-08-28,7231752,10.69,10.80,10.56,10.79
2014-08-27,4411356,10.74,10.78,10.64,10.75
2014-08-26,9486812,10.61,10.74,10.48,10.69
2014-08-25,13844484,10.90,10.90,10.47,10.60
2014-08-22,34268804,10.92,11.13,10.60,10.73
2014-08-21,19414052,10.42,10.43,10.08,10.12
2014-08-20,9187900,10.22,10.35,10.02,10.33
2014-08-19,8367884,10.20,10.32,10.19,10.22
2014-08-18,10640996,10.02,10.19,9.99,10.16
2014-08-15,16992640,10.47,10.47,9.85,9.91
2014-08-14,8771720,10.37,10.48,10.20,10.46
2014-08-13,5473884,10.30,10.34,10.11,10.34
2014-08-12,6754236,10.41,10.41,10.15,10.23
2014-08-11,5897696,10.25,10.43,10.18,10.41
2014-08-08,7065308,10.24,10.24,10.07,10.18
2014-08-07,4841940,10.44,10.49,10.21,10.22
2014-08-06,6443696,10.26,10.46,10.22,10.38
2014-08-05,6909868,10.38,10.51,10.29,10.33
2014-08-04,10921420,10.34,10.53,10.33,10.42
2014-08-01,9872140,10.50,10.64,10.27,10.31
2014-07-31,9102864,10.74,10.76,10.49,10.49
2014-07-30,21596116,10.97,11.13,10.77,10.79
2014-07-29,50148320,11.52,11.65,10.47,10.86
2014-07-28,6511868,11.47,11.64,11.47,11.52
2014-07-25,5972832,11.47,11.52,11.39,11.42
2014-07-24,11491560,11.19,11.55,11.19,11.53
2014-07-23,16118104,11.13,11.42,11.02,11.18
2014-07-22,10832156,10.73,11.08,10.63,11.02
2014-07-21,10919144,10.64,10.81,10.60,10.71
2014-07-18,15965144,10.43,10.84,10.38,10.71
2014-07-17,9123980,10.41,10.51,10.28,10.31
2014-07-16,5677744,10.32,10.43,10.26,10.39
2014-07-15,7141804,10.42,10.49,10.22,10.26
2014-07-14,5525456,10.46,10.52,10.37,10.45
2014-07-11,7210468,10.40,10.45,10.21,10.31
2014-07-10,8211996,10.26,10.51,10.19,10.45
2014-07-09,10606508,10.42,10.72,10.36,10.45
2014-07-08,10329924,10.37,10.42,10.25,10.41
2014-07-07,5558236,10.39,10.46,10.36,10.40
2014-07-03,4632296,10.24,10.46,10.22,10.44
2014-07-02,6847112,10.15,10.30,10.13,10.22
2014-07-01,6431740,10.13,10.22,10.07,10.13
2014-06-30,6017548,10.11,10.20,10.07,10.12
2014-06-27,11698428,10.11,10.25,10.06,10.09
2014-06-26,7635628,10.06,10.15,9.93,10.14
2014-06-25,8234712,10.04,10.12,9.96,10.05
2014-06-24,7699164,10.09,10.19,10.00,10.06
2014-06-23,6448160,10.02,10.14,9.96,10.10
2014-06-20,11714980,10.00,10.11,9.97,10.03
2014-06-19,9364788,10.03,10.11,9.92,9.99
2014-06-18,11353640,10.08,10.08,9.86,10.00
2014-06-17,20228592,9.74,10.09,9.59,10.07
2014-06-16,7273104,9.21,9.43,9.20,9.43
2014-06-13,7460300,9.08,9.28,9.02,9.25
2014-06-12,10433356,9.39,9.40,9.05,9.08
2014-06-11,13596712,9.34,9.77,9.32,9.44
2014-06-10,8293244,9.14,9.34,9.08,9.32
2014-06-09,7673892,9.33,9.41,9.12,9.13
2014-06-06,7308000,9.18,9.37,9.17,9.32
2014-06-05,6580400,9.31,9.33,9.10,9.17
2014-06-04,7606388,9.12,9.47,9.07,9.32
2014-06-03,11521484,9.11,9.19,8.97,9.14
2014-06-02,8949296,9.42,9.46,9.14,9.14
2014-05-30,9635732,9.54,9.58,9.44,9.46
2014-05-29,9825892,9.58,9.65,9.43,9.54
2014-05-28,11018208,9.32,9.57,9.20,9.55
2014-05-27,12504300,9.68,9.76,9.29,9.32
2014-05-23,24071464,9.64,9.88,9.51,9.61
2014-05-22,16147972,9.20,9.36,9.01,9.22
2014-05-21,10674808,9.11,9.33,9.11,9.24
2014-05-20,13653392,9.22,9.29,9.07,9.11
2014-05-19,14664368,9.08,9.29,8.94,9.25
2014-05-16,7777596,8.86,9.06,8.86,9.06
2014-05-15,9629612,9.04,9.06,8.78,8.97
2014-05-14,8667976,9.41,9.42,9.10,9.12
2014-05-13,10291848,9.24,9.50,9.22,9.46
2014-05-12,7727732,9.15,9.33,9.14,9.21
2014-05-09,7016440,9.00,9.20,8.94,9.14
2014-05-08,11555060,8.95,9.20,8.92,9.01
2014-05-07,22162448,9.47,9.50,8.92,8.96
2014-05-06,9683816,9.58,9.59,9.40,9.42
2014-05-05,11827864,9.84,9.87,9.53,9.54
2014-05-02,7522756,9.84,10.12,9.82,9.98
2014-05-01,8941864,9.97,10.05,9.81,9.82
2014-04-30,8044844,10.04,10.07,9.77,9.92
2014-04-29,7624156,10.08,10.12,9.91,10.09
2014-04-28,7139196,9.90,10.12,9.80,10.09
2014-04-25,6581284,9.93,9.99,9.74,9.84
2014-04-24,8976984,10.06,10.15,9.87,10.05
2014-04-23,14692672,10.60,10.67,9.97,9.98
2014-04-22,11500576,10.22,10.71,10.22,10.57
2014-04-21,7421000,10.36,10.48,10.19,10.24
2014-04-17,9601520,10.15,10.40,10.03,10.37
2014-04-16,8219424,10.46,10.51,10.16,10.19
2014-04-15,14148936,10.33,10.47,10.19,10.36
2014-04-14,13217760,10.22,10.41,10.18,10.29
2014-04-11,13264516,10.18,10.30,10.06,10.13
2014-04-10,23130260,10.80,10.88,10.29,10.30
2014-04-09,13522792,10.95,10.95,10.70,10.80
2014-04-08,15609508,10.89,11.03,10.85,10.94
2014-04-07,16592204,10.67,10.93,10.52,10.88
2014-04-04,27133816,11.36,11.37,10.59,10.71
2014-04-03,19833440,10.88,11.12,10.85,11.10
2014-04-02,18085400,10.65,10.86,10.61,10.84
2014-04-01,17088496,10.26,10.68,10.24,10.65
2014-03-31,16384616,10.18,10.39,10.06,10.28
2014-03-28,28644080,9.34,10.16,9.34,10.16
2014-03-27,42226160,9.28,9.44,8.82,9.33
2014-03-26,22551180,9.53,9.75,9.51,9.73
2014-03-25,12698240,9.61,9.64,9.44,9.45
2014-03-24,12948040,9.50,9.64,9.41,9.53
2014-03-21,11759820,9.67,9.72,9.44,9.46
2014-03-20,8965412,9.36,9.67,9.36,9.61
2014-03-19,11646788,9.61,9.64,9.32,9.40
2014-03-18,30601812,9.47,9.67,9.34,9.60
2014-03-17,11348744,9.76,9.96,9.72,9.94
2014-03-14,16687796,9.22,9.79,9.19,9.75
2014-03-13,12612540,9.57,9.62,9.26,9.28
2014-03-12,8959168,9.50,9.64,9.50,9.63
2014-03-11,8839304,9.62,9.70,9.57,9.62
2014-03-10,9502148,9.63,9.75,9.52,9.63
2014-03-07,8106204,9.75,9.80,9.61,9.63
2014-03-06,11832700,9.70,9.84,9.60,9.67
2014-03-05,15731120,9.43,9.75,9.38,9.69
2014-03-04,6133060,9.38,9.46,9.31,9.34
2014-03-03,6933372,9.26,9.42,9.21,9.30
2014-02-28,8571104,9.35,9.44,9.23,9.33
2014-02-27,11474732,9.41,9.47,9.23,9.31