Date,Open,High,Low,Close,Volume
2012-05-18,41.9635,44.9074,37.9218,38.1532,573576400
2012-05-21,36.4549,36.5846,32.9321,33.9600,168192700
2012-05-22,32.5429,33.5209,30.8764,30.9362,101786600
2012-05-23,31.3055,32.4332,31.2955,31.9342,73600000
2012-05-24,32.8822,33.1417,31.7047,32.9621,50237200
2012-05-25,32.8323,32.8822,31.0460,31.8444,37149800
2012-05-29,31.4152,31.6248,28.5911,28.7807,78063400
2012-05-30,28.6360,29.4892,27.8027,28.1320,57267900
2012-05-31,28.4863,29.6090,26.7748,29.5391,111639200
2012-06-01,28.8326,29.0900,27.3337,27.6630,41855500
2012-06-04,27.1441,27.5931,26.3856,26.8447,35230300
2012-06-05,26.6451,27.7029,25.6970,25.8158,42473400
2012-06-06,26.0164,27.1141,25.4675,26.7549,61489200
2012-06-07,26.9445,27.2937,26.0962,26.2559,26159500
2012-06-08,26.4954,27.7029,26.3856,27.0443,38034000
2012-06-11,27.1241,28.0123,26.7798,26.9495,28219600
2012-06-12,27.4235,27.7129,26.9045,27.3436,15816800
2012-06-13,27.6031,28.0422,27.0443,27.2139,17102800
2012-06-14,27.5931,28.2617,27.3237,28.2318,16855000
2012-06-15,28.4464,30.0381,28.2917,29.9523,43563800
2012-06-18,29.8934,32.0140,29.3495,31.3454,42978900
2012-06-19,31.4701,32.1138,30.6369,31.8454,30849000
2012-06-20,31.8543,31.8631,31.0859,31.5350,15553600
2012-06-21,31.6049,32.4332,31.4452,31.7745,21875300
2012-06-22,32.3433,33.3812,31.9941,32.9820,74834000
2012-06-25,32.7924,32.9521,31.4851,31.9941,24352900
2012-06-26,32.6228,33.3712,32.4332,33.0319,24858700
2012-06-27,32.3932,32.8323,31.8344,32.1637,28568000
2012-06-28,31.8943,32.1238,30.8364,31.2955,17713300
2012-06-29,31.8543,31.9242,30.6967,31.0310,19526900
2012-07-02,31.1857,31.6647,30.4872,30.7077,14122000
2012-07-03,30.8464,31.3753,30.7366,31.1358,8763600
2012-07-05,31.2556,31.5600,30.9562,31.4053,10032100
2012-07-06,31.3753,31.8344,31.1957,31.6647,10945600
2012-07-09,32.0340,32.8124,31.9242,32.1038,17785200
2012-07-10,32.3633,32.4132,31.0958,31.4053,14269500
2012-07-11,31.4152,31.4951,30.4872,30.9063,13030300
2012-07-12,30.6369,31.3354,30.5371,30.7466,11300700
2012-07-13,30.9762,31.0061,30.4971,30.6568,8108300
2012-07-16,30.4373,30.4373,28.1520,28.1869,24672100
2012-07-17,28.4214,28.5312,27.0942,28.0322,30438600
2012-07-18,28.2518,29.2298,28.0921,29.0501,16841800
2012-07-19,29.3495,29.4393,28.5711,28.9404,13685100
2012-07-20,28.9404,29.4094,28.6609,28.7008,11869100
2012-07-23,28.0622,28.9404,27.9524,28.6909,12390700
2012-07-24,28.7607,29.3894,28.0422,28.3915,11539800
2012-07-25,28.3316,29.4293,28.0222,29.2797,17230200
2012-07-26,27.6929,28.1719,26.6750,26.7898,64597400
2012-07-27,23.1423,24.4895,22.2342,23.6562,123102300
2012-07-30,23.9456,23.9906,22.9826,23.1024,29285900
2012-07-31,23.3219,23.3219,21.5656,21.6653,56179400
2012-08-01,21.4558,21.5356,20.7971,20.8371,44604400
2012-08-02,20.7273,20.7971,19.7792,19.9988,56374500
2012-08-03,20.3181,22.1144,19.8591,21.0466,80647000
2012-08-06,21.3460,22.1044,21.2562,21.8749,27778900
2012-08-07,22.1543,22.4038,20.4578,20.6774,36782900
2012-08-08,20.6674,21.1065,20.1784,20.6774,29537400
2012-08-09,20.7073,21.1265,20.5676,20.9668,15610700
2012-08-10,21.3660,21.7751,21.0865,21.7621,25794700
2012-08-13,22.1044,22.4038,21.3560,21.5556,24973100
2012-08-14,21.3660,21.5556,20.2083,20.3381,39308800
2012-08-15,20.5975,21.3660,20.3580,21.1564,47861100
2012-08-16,20.3980,20.4379,19.6495,19.8291,157565300
2012-08-17,19.9639,20.0387,18.9609,19.0108,129293400
2012-08-20,19.0108,20.0886,18.7114,19.9698,101186600
2012-08-21,19.5397,19.9389,19.0507,19.1196,70640600
2012-08-22,19.3202,19.4898,18.9210,19.3990,49892200
2012-08-23,19.4599,19.6894,19.3202,19.4000,32813700
2012-08-24,19.4798,19.6395,19.2104,19.3691,29622200
2012-08-27,19.4499,19.4898,19.0607,19.1106,20704000
2012-08-28,19.0607,19.3401,18.9110,19.3002,25417000
2012-08-29,19.2803,19.3401,19.0308,19.0607,16124700
2012-08-30,19.2304,19.4100,19.0208,19.0492,30647500
2012-08-31,18.6416,18.6615,17.9929,18.0209,58764200
2012-09-04,18.0428,18.2324,17.5139,17.6925,46622400
2012-09-05,18.2324,18.7114,18.1426,18.5418,60781800
2012-09-06,18.7015,19.2221,18.6815,18.9210,46066500
2012-09-07,19.0607,19.3801,18.7414,18.9410,36371700
2012-09-10,19.0208,19.1605,18.5118,18.7713,24797800
2012-09-11,18.8811,19.5407,18.8112,19.3900,50508200
2012-09-12,20.7173,21.1165,20.2383,20.8879,121584000
2012-09-13,20.9119,21.4358,20.5676,20.6704,65041600
2012-09-14,21.0865,22.0346,20.8570,21.9547,72819800
2012-09-17,22.6234,22.7032,21.4558,21.4757,50667600
2012-09-18,21.5556,21.9348,21.3260,21.8250,36760500
2012-09-19,21.9448,23.3219,21.7252,23.2421,78782800
2012-09-20,22.9727,23.1922,22.4936,22.5435,57248900
2012-09-21,22.9228,23.1922,22.5535,22.8130,51218100
2012-09-24,21.7352,21.9348,20.3206,20.7472,79106500
2012-09-25,21.1564,21.1664,20.1784,20.2383,46291700
2012-09-26,20.1036,20.7373,19.7593,20.5776,38271900
2012-09-27,20.9468,20.9568,20.1185,20.2782,30215900
2012-09-28,20.5277,21.9049,20.4578,21.6154,65486000
2012-10-01,22.0346,22.5435,21.6853,21.9448,51262700
2012-10-02,22.0346,22.4437,21.7751,22.2242,29341400
2012-10-03,22.2491,22.4437,21.7552,21.7851,32000100
2012-10-04,22.2741,22.3539,21.3660,21.9024,46892100
2012-10-05,21.4458,21.5855,20.8371,20.8670,40529300
2012-10-08,20.3580,20.7073,20.1135,20.3580,32236700
2012-10-09,20.3481,20.5077,19.9289,20.1854,27161800
2012-10-10,19.8890,19.8990,19.4100,19.5996,39321800
2012-10-11,19.8391,19.9189,19.5697,19.7094,21817300
2012-10-12,19.7094,19.7593,19.4399,19.4780,18809400
2012-10-15,19.6395,19.8391,19.4499,19.4798,20189700
2012-10-16,19.6395,19.6495,19.2603,19.4399,21834700
2012-10-17,19.4599,20.4379,19.3320,19.8391,44074500
2012-10-18,19.6595,19.7493,18.8511,18.9360,52157400
2012-10-19,18.9609,19.0208,18.7613,18.9609,34835000
2012-10-22,19.2104,19.3900,19.0108,19.2813,32447300
2012-10-23,19.2104,19.7593,19.0607,19.4599,78381200
2012-10-24,24.0804,24.2001,22.8030,23.1821,228949900
2012-10-25,23.2421,23.2621,22.4238,22.5136,76142000
2012-10-26,22.3539,22.8329,21.8350,21.8974,73175800
2012-10-31,20.7772,21.4558,20.6874,21.0666,99378200
2012-11-01,21.0366,21.3959,20.9668,21.1664,37713900
2012-11-02,21.2163,21.6454,21.0267,21.1364,38344400
2012-11-05,21.0566,21.4358,20.8770,21.2063,31806700
2012-11-06,21.1963,21.3260,20.9468,21.1277,29062700
2012-11-07,20.8071,20.9069,20.3281,20.4279,33396800
2012-11-08,20.4778,20.6874,19.9389,19.9489,34254600
2012-11-09,19.9140,19.9589,19.0907,19.1705,42295500
2012-11-12,19.1106,20.1285,18.8312,20.0287,67349200
2012-11-13,19.5647,20.0686,19.5198,19.8192,71775100
2012-11-14,20.0587,22.4537,19.8890,22.3140,229751000
2012-11-15,22.2940,22.4537,21.6055,22.1244,78857700
2012-11-16,22.2042,23.8808,22.1344,23.5122,107182200
2012-11-19,23.9057,24.0704,22.7731,22.8729,85021300
2012-11-20,22.6832,23.8508,22.6533,23.0525,46655300
2012-11-21,23.1722,24.4795,23.0026,24.2700,89862400
2012-11-23,24.5294,24.6292,23.8309,23.9486,29520900
2012-11-26,24.8837,26.0363,24.7590,25.8866,123865000
2012-11-27,25.9864,26.4455,25.4076,26.0962,85760600
2012-11-28,25.8866,26.4355,25.6970,26.3058,49205600
2012-11-29,26.4455,27.4634,26.1062,27.2638,88759700
2012-11-30,27.2039,27.9424,26.7050,27.9424,127049600
2012-12-03,27.9423,28.8206,26.9245,26.9844,123526100
2012-12-04,27.0043,27.7029,26.6251,27.4035,72869200
2012-12-05,27.6929,27.8426,27.2039,27.6530,58976300
2012-12-06,27.6231,27.6929,26.7648,26.9145,46001500
2012-12-07,27.0143,27.7229,26.7848,27.4285,51751900
2012-12-10,27.1141,28.1121,27.0443,27.7827,50608500
2012-12-11,28.0123,28.1819,27.6031,27.9224,77099100
2012-12-12,27.9424,28.0821,27.3137,27.5234,46704200
2012-12-13,27.5333,28.6909,27.3736,28.1819,81051600
2012-12-14,28.1220,28.2717,26.7050,26.7569,91631600
2012-12-17,26.7149,26.9445,26.2659,26.6950,57742500
2012-12-18,26.9045,27.8526,26.8447,27.6530,60512900
2012-12-19,27.7728,28.1620,26.8946,27.3536,61390300
2012-12-20,27.4335,27.5432,27.0742,27.3037,35574800
2012-12-21,26.6052,26.9544,26.0663,26.2060,54555200
2012-12-24,26.4455,26.9045,26.1461,26.8746,28230100
2012-12-26,26.9744,27.1241,26.3207,26.4555,33175400
2012-12-27,26.4954,26.7449,25.4675,25.9964,43481700
2012-12-28,25.4276,26.0563,25.0983,25.8579,56574800
2012-12-31,26.1461,26.9345,26.0563,26.5649,60374500
2013-01-02,27.3836,28.1220,27.3636,27.9424,69846400
2013-01-03,27.8227,28.4114,27.5333,27.7129,63140600
2013-01-04,27.9524,28.8705,27.7728,28.7008,72715400
2013-01-07,28.6310,29.7287,28.5911,29.3608,83781800
2013-01-08,29.4493,29.5391,28.8006,29.0009,45871300
2013-01-09,29.6090,30.5371,29.4293,30.5271,104787700
2013-01-10,30.5371,31.3853,30.2177,31.2356,95316400
2013-01-11,31.2157,31.8943,31.0360,31.6548,89598000
2013-01-14,32.0140,32.1437,30.5570,30.8838,98892800
2013-01-15,30.5770,31.6448,29.8185,30.0381,173242600
2013-01-16,30.1479,30.2876,29.4693,29.7886,75332700
2013-01-17,30.0181,30.3574,29.9682,30.0780,40256700
2013-01-18,30.2477,30.3774,29.2098,29.5990,49631500
2013-01-22,29.6888,30.8265,29.6788,30.6658,55243300
2013-01-23,31.0360,31.4352,30.7366,30.7566,48899800
2013-01-24,31.2057,31.4252,30.7466,31.0161,43845100
2013-01-25,31.3454,31.8643,31.0660,31.4751,54363600
2013-01-28,31.8144,32.4394,31.7446,32.4022,59682500
2013-01-29,31.9342,32.0040,30.6468,30.7267,72976500
2013-01-30,30.9163,31.4252,30.8165,31.1757,87682100
2013-01-31,29.0900,31.4053,28.6809,30.9173,190744900
2013-02-01,30.9462,30.9562,29.5691,29.6688,85856700
2013-02-04,29.0002,29.1399,27.9524,28.0512,92362200
2013-02-05,28.2019,28.9004,27.9823,28.5811,47948200
2013-02-06,28.6809,29.2298,28.6010,28.9902,38375900
2013-02-07,29.0501,29.0900,28.2119,28.5911,34540100
2013-02-08,28.8306,29.1100,28.4514,28.4863,37708800
2013-02-11,28.5512,28.6210,27.9823,28.2019,37361800
2013-02-12,27.6131,28.1021,27.0443,27.3137,93498700
2013-02-13,27.3037,28.2617,27.2538,27.8501,50164000
2013-02-14,27.9624,28.5711,27.9524,28.4414,35615800
2013-02-15,28.4613,28.6909,28.0322,28.2617,33109300
2013-02-19,28.1719,29.0202,28.0622,28.8705,49396400
2013-02-20,28.8605,28.9902,28.2717,28.4035,42098200
2013-02-21,28.2218,28.4913,27.0942,27.2269,49642300
2013-02-22,27.5632,27.5732,26.7648,27.0742,36350200
2013-02-25,27.1041,27.5831,27.0942,27.2139,34652000
2013-02-26,27.3037,27.4035,26.6451,27.3337,31611700
2013-02-27,27.2838,27.2838,26.5752,26.8147,44319700
2013-02-28,26.7848,27.2438,26.2858,27.1940,83027800
2013-03-01,26.9944,28.0586,26.7549,27.7229,54064800
2013-03-04,27.7029,28.0023,27.3836,27.6630,32400700
2013-03-05,27.8227,28.1220,27.1540,27.4634,40622200
2013-03-06,28.0422,28.0721,27.2937,27.3960,33532600
2013-03-07,27.5133,28.6160,27.4135,28.5192,74540200
2013-03-08,28.3665,28.4114,27.6730,27.9025,44198900
2013-03-11,27.9524,28.5811,27.7728,28.0821,35642100
2013-03-12,28.0422,28.2617,27.5432,27.7728,27569600
2013-03-13,27.5632,27.5931,26.8646,27.0243,39619500
2013-03-14,27.0443,27.3736,26.7748,26.9844,27646400
2013-03-15,26.9744,27.0043,26.5054,26.5902,31597400
2013-03-18,26.3158,26.7349,25.7270,26.4355,26653700
2013-03-19,26.4754,26.8447,26.1561,26.4954,25254200
2013-03-20,26.6251,26.6351,25.7270,25.8068,44006500
2013-03-21,25.6072,26.0563,25.5074,25.6871,24336100
2013-03-22,25.7429,25.9565,25.5773,25.6771,18456300
2013-03-25,25.6970,25.7469,25.0264,25.0793,39199000
2013-03-26,25.0284,25.4276,24.9785,25.1532,26957200
2013-03-27,24.9486,26.2259,24.6692,26.0363,52297400
2013-03-28,26.0363,26.1162,25.4675,25.5274,28585700
2013-04-01,25.5773,25.8367,25.2280,25.4775,22249300
2013-04-02,25.7170,26.0663,25.2480,25.3677,35153300
2013-04-03,25.7769,26.3357,25.6471,26.1960,48195200
2013-04-04,26.5652,27.1741,26.0563,27.0168,82016800
2013-04-05,26.8048,27.7428,26.5553,27.3337,64566600
2013-04-08,27.1341,27.1441,26.5752,26.7938,27256000
2013-04-09,26.5253,26.8347,26.3657,26.5353,21311100
2013-04-10,26.9543,27.7827,26.8447,27.5133,45949400
2013-04-11,27.4235,28.0422,27.1940,27.9599,33368500
2013-04-12,27.9424,27.9424,27.1840,27.3436,28697400
2013-04-15,27.1041,27.4235,26.3058,26.4655,30275400
2013-04-16,26.7549,27.0542,26.3457,26.8646,27365900
2013-04-17,26.5952,27.1441,26.3357,26.5702,26440600
2013-04-18,26.7648,26.7648,25.0983,25.6372,39059000
2013-04-19,25.5673,25.9066,25.2779,25.6771,20380900
2013-04-22,25.7569,26.3058,25.6471,25.9166,25687600
2013-04-23,26.1611,26.2758,25.7170,25.9266,25191500
2013-04-24,25.8767,26.3457,25.7469,26.0563,19729900
2013-04-25,26.0164,26.3457,25.9465,26.0862,17150000
2013-04-26,26.5453,27.5632,26.5453,26.7948,33018000
2013-04-29,27.1041,27.3536,26.8048,26.9245,29201100
2013-04-30,27.0742,27.7927,26.9495,27.7119,36245700
2013-05-01,27.7927,27.8576,27.2538,27.3736,64567600
2013-05-02,27.9523,28.9603,27.9224,28.9104,104257000
2013-05-03,28.9803,29.0102,28.0921,28.2528,58506400
2013-05-06,28.2717,28.4015,27.4235,27.5133,43939400
2013-05-07,27.4933,27.7927,26.7948,26.8337,41259100
2013-05-08,26.8247,27.2438,26.5952,27.0642,34654900
2013-05-09,27.0243,27.4933,26.7948,26.9844,33457200
2013-05-10,27.0842,27.2438,26.5153,26.6251,30847100
2013-05-13,26.5453,27.2688,26.4764,26.7648,29068800
2013-05-14,26.8301,27.2239,26.7648,27.0143,24930300
2013-05-15,26.8646,26.9345,26.3457,26.5453,30299800
2013-05-16,26.4255,26.4954,25.8467,26.0763,35499100
2013-05-17,26.3457,26.5453,26.1461,26.1960,29462700
2013-05-20,26.1262,26.1361,25.6372,25.7060,42402900
2013-05-21,25.8168,26.0214,25.5374,25.6072,26261300
2013-05-22,25.5972,25.7968,24.8687,25.1073,45314500
2013-05-23,24.7490,25.4775,24.7191,25.0085,37663100
2013-05-24,24.9186,24.9186,24.0305,24.2625,58727900
2013-05-28,24.4895,24.4895,23.8708,24.0504,50079700
2013-05-29,23.7411,23.7610,23.2122,23.2720,64237800
2013-05-30,24.0804,24.7280,23.8808,24.4995,60733200
2013-05-31,24.5793,24.8987,24.2201,24.2979,35925000
2013-06-03,24.2151,24.2700,23.6612,23.7989,35733800
2013-06-04,23.8409,23.8808,23.2720,23.4716,34760800
2013-06-05,23.3020,23.6562,22.7431,22.8519,53819700
2013-06-06,22.9427,23.0425,22.6234,22.9228,31260700
2013-06-07,22.9826,23.3519,22.8130,23.2431,38699200
2013-06-10,24.0105,24.5494,23.9407,24.2800,58393000
2013-06-11,23.9806,24.2999,23.9506,23.9806,29885900
2013-06-12,24.1103,24.2101,23.5315,23.7211,26445800
2013-06-13,23.6712,23.7810,23.2171,23.6812,31189300
2013-06-14,23.5115,23.8409,23.2122,23.5814,30677100
2013-06-17,23.8608,24.2001,23.7011,23.9726,33664500
2013-06-18,24.0404,24.6392,24.0305,24.1602,36709100
2013-06-19,24.1502,25.1382,24.0504,24.2590,31790600
2013-06-20,24.2301,24.6941,23.6014,23.8508,42765600
2013-06-21,24.5394,24.6492,24.0005,24.4795,45833900
2013-06-24,23.9007,24.0604,23.3319,23.8858,40626000
2013-06-25,24.0903,24.3798,23.9906,24.2001,24713200
2013-06-26,24.4596,24.5993,23.9407,24.1103,29890300
2013-06-27,24.1901,24.7889,24.1602,24.6093,34694100
2013-06-28,24.6292,24.9286,24.3698,24.8288,96778900
2013-07-01,24.9180,25.0086,24.5694,24.7590,20582200
2013-07-02,24.6492,24.7191,24.2500,24.3598,18394100
2013-07-03,24.1702,24.6592,24.1003,24.4696,10404400
2013-07-05,24.5993,24.6093,24.1502,24.3199,20229500
2013-07-08,24.4197,24.9885,24.3698,24.6592,27064600
2013-07-09,25.0184,25.4376,24.9785,25.4276,30387900
2013-07-10,25.5274,25.7769,25.4176,25.7469,26721800
2013-07-11,25.9066,25.9465,25.3977,25.7569,26777400
2013-07-12,25.6871,25.8767,25.4974,25.8567,16537900
2013-07-15,25.8767,26.3756,25.5972,26.2259,24234000
2013-07-16,26.3357,26.6950,25.9565,26.2659,30817600
2013-07-17,26.3158,26.7249,26.2459,26.5952,21518500
2013-07-18,26.6950,26.7149,26.0663,26.1262,24806900
2013-07-19,25.7669,26.0540,25.5473,25.8278,46539700
2013-07-22,25.9365,26.0763,25.6671,25.9914,27526300
2013-07-23,26.0463,26.2459,25.9166,26.0763,28221600
2013-07-24,26.2659,26.4754,25.9964,26.4555,82635600
2013-07-25,33.4760,34.8083,32.6826,34.2883,365457900
2013-07-26,33.7005,34.6586,33.4910,33.9400,136028900
2013-07-29,33.9999,35.5567,33.9400,35.3571,124718800
2013-07-30,35.5767,37.8819,35.2474,37.5496,173582800
2013-07-31,37.8819,38.2312,36.2553,36.7243,154828700
2013-08-01,37.2233,38.2112,36.8441,37.4119,106066500
2013-08-02,37.5825,38.4108,37.4229,37.9717,73058500
2013-08-05,38.3510,39.2391,38.1713,39.1084,79994800
2013-08-06,39.0296,39.1693,37.8620,38.4707,63950800
2013-08-07,38.5306,38.8599,37.6225,38.7900,68854800
2013-08-08,39.0495,39.1094,38.3510,38.4607,41301000
2013-08-09,38.5106,38.6603,37.9318,38.4208,43532300
2013-08-12,38.1214,38.4208,38.0216,38.1414,31161000
2013-08-13,38.1613,38.2412,36.6944,36.9429,65379200
2013-08-14,36.7542,37.4728,36.5447,36.5746,48423900
2013-08-15,36.2852,36.9938,35.9460,36.4848,56521100
2013-08-16,36.8940,37.4129,36.8241,37.0037,45840800
2013-08-19,37.3530,38.2013,37.0636,37.7322,57609600
2013-08-20,38.2711,38.5006,37.6125,38.3310,57995200
2013-08-21,38.3011,38.7701,38.0665,38.2412,46116900
2013-08-22,38.2911,38.6703,38.2611,38.4707,21931200
2013-08-23,38.9198,40.5464,38.8499,40.4666,86442300
2013-08-26,40.8159,41.8537,40.5364,41.2550,94162400
2013-08-27,40.5963,41.1153,39.3389,39.5585,72695100
2013-08-28,39.8778,40.7660,39.7980,40.4646,57918200
2013-08-29,40.8059,41.6941,40.7161,41.1951,58303400
2013-08-30,41.9386,42.1731,40.9755,41.2091,67735100
2013-09-03,41.7539,42.0783,41.4246,41.7839,48774900
2013-09-04,41.9236,42.0833,41.3548,41.6941,42581900
2013-09-05,41.7040,42.6770,41.6841,42.5723,50035400
2013-09-06,43.0014,44.5182,42.3128,43.8596,117535700
2013-09-09,44.2688,44.6979,43.6101,43.9494,75794700
2013-09-10,44.1490,44.1690,43.1411,43.5103,54540300
2013-09-11,43.3008,44.9973,43.0213,44.9474,72328300
2013-09-12,45.4364,45.5262,44.5582,44.6580,68072300
2013-09-13,44.9474,44.9873,43.8396,44.2189,52765300
2013-09-16,44.7577,44.8476,42.3427,42.4226,70424200
2013-09-17,42.4126,45.3465,42.3427,44.9773,91934600
2013-09-18,44.7478,45.3765,44.3037,45.1370,79317000
2013-09-19,45.4164,45.9553,45.1370,45.8854,63972400
2013-09-20,46.2247,47.5021,45.6459,47.3923,115508400
2013-09-23,47.1828,47.4522,46.1948,47.0929,75177000
2013-09-24,48.4052,49.5579,48.0609,48.3503,136716100
2013-09-25,49.1287,49.4381,48.3603,49.3583,87879700
2013-09-26,49.9071,50.4959,49.3982,50.2864,98220100
2013-09-27,50.1866,51.1745,49.7574,51.1346,81410500
2013-09-30,50.0369,51.4939,49.6976,50.1267,100095000
2013-10-01,49.8672,50.9250,49.3483,50.3163,98114000
2013-10-02,50.0269,50.9949,49.8473,50.1766,62834000
2013-10-03,50.3662,50.6157,48.9591,49.0818,82045000
2013-10-04,49.6676,51.0548,49.4680,50.9350,74447000
2013-10-07,50.6257,51.1845,50.2963,50.4111,57204000
2013-10-08,50.4959,50.4959,46.9832,47.0430,136081000
2013-10-09,47.2776,47.7416,45.1669,46.6738,147297000
2013-10-10,47.7665,49.5778,47.7316,48.9491,99774000
2013-10-11,49.0788,49.7674,48.6896,49.0090,58428000
2013-10-14,48.2106,49.5279,47.8115,49.4082,68781000
2013-10-15,49.8872,50.8951,49.0788,49.3982,81167000
2013-10-16,49.9371,51.1346,49.7974,51.0298,64678000
2013-10-17,51.0149,52.1126,50.8452,52.1026,71522000
2013-10-18,54.0686,54.7122,53.4898,54.1085,88260000
2013-10-21,54.5675,54.6973,53.3999,53.7392,58235000
2013-10-22,54.2182,54.6474,52.0926,52.5667,83204000
2013-10-23,51.6436,52.1425,51.0248,51.7932,57207000
2013-10-24,52.2723,52.7313,51.4867,52.3371,46775000
2013-10-25,53.0706,53.1305,51.7733,51.8431,45085000
2013-10-28,51.4340,51.5937,49.5080,50.1257,73472000
2013-10-29,50.6257,50.6855,49.1487,49.2934,102143000
2013-10-30,49.8972,50.1067,48.6497,48.9092,127073000
2013-10-31,47.0580,51.8930,46.4044,50.1017,248809000
2013-11-01,50.7454,51.9829,49.6177,49.6477,95033000
2013-11-04,49.2635,49.6477,47.9212,48.1208,80371000
2013-11-05,47.6917,50.0768,47.4123,50.0019,76835000
2013-11-06,50.1566,50.3462,48.6098,49.0190,67889000
2013-11-07,49.1387,49.7674,47.2027,47.4622,97128000
2013-11-08,47.7117,48.5499,47.1528,47.4322,70731000
2013-11-11,46.9432,47.4322,45.6359,46.1050,80910000
2013-11-12,45.9054,47.2726,45.7357,46.5091,68196000
2013-11-13,46.1349,48.6397,45.9653,48.6098,79245000
2013-11-14,48.5998,49.4680,47.9312,48.8892,75117000
2013-11-15,49.0090,49.3782,48.6098,48.9092,42453000
2013-11-18,48.3703,48.7395,45.7058,45.7357,85910000
2013-11-19,46.1648,46.9033,45.6260,46.2646,75602000
2013-11-20,46.5141,47.4522,46.2147,46.3345,53933000
2013-11-21,46.8933,47.3624,46.5890,46.6039,34886000
2013-11-22,46.9432,47.1728,45.8655,46.1349,40545000
2013-11-25,46.2646,46.5540,43.9494,44.7278,82565000
2013-11-26,44.5681,46.0750,43.4604,45.7956,82016000
2013-11-27,45.8754,46.5740,45.4364,46.3944,44993000
2013-11-29,46.6538,47.1129,46.4044,46.9133,22953900
2013-12-02,46.8035,47.4422,46.1648,46.9632,50774000
2013-12-03,46.6538,47.1029,46.1948,46.6339,32086000
2013-12-04,46.3644,48.6697,46.1648,48.5200,60890000
2013-12-05,48.0510,48.5998,47.7715,48.2406,43855000
2013-12-06,48.8793,49.2884,47.6119,47.8414,42938000
2013-12-09,47.9911,48.8693,47.6418,48.7395,36056000
2013-12-10,48.5400,50.6656,48.4402,50.1417,68479000
2013-12-11,50.4460,50.6656,48.9092,49.2784,65776000
2013-12-12,50.9400,51.9629,50.5558,51.7234,92723000
2013-12-13,51.5537,53.3900,51.2344,53.2103,82641000
2013-12-16,53.1405,54.3879,52.8012,53.6993,85119000
2013-12-17,54.6474,55.0665,54.1284,54.7472,78751000
2013-12-18,54.7472,55.7750,53.6394,55.4557,76003000
2013-12-19,54.2182,55.0765,53.8390,54.9368,89753200
2013-12-20,54.8170,55.0366,54.1185,55.0066,239824000
2013-12-23,55.3858,58.2000,55.3359,57.6512,98297000
2013-12-24,58.1501,58.4595,56.7929,57.8408,46617800
2013-12-26,58.2000,58.2599,57.2520,57.6113,55101000
2013-12-27,57.3618,57.5614,55.1364,55.3260,60466000
2013-12-30,54.8170,55.0665,53.3201,53.5995,68307000
2013-12-31,54.0087,54.7472,53.7991,54.5366,43076200
2014-01-02,54.7172,55.1064,54.0785,54.5975,43195500
2014-01-03,54.9068,55.5355,54.4178,54.4448,38246200
2014-01-06,54.3081,57.1422,53.9388,57.0823,68852600
2014-01-07,57.5813,58.4296,57.1023,57.8009,77207400
2014-01-08,57.4815,58.2899,57.1123,58.1102,56682400
2014-01-09,58.5294,58.8387,56.5335,57.1023,92253300
2014-01-10,57.0125,58.1801,56.9426,57.8208,42449500
2014-01-13,57.7909,58.1302,55.2661,55.7950,63010900
2014-01-14,56.3439,57.6612,55.9846,57.6212,37503600
2014-01-15,57.8607,58.4495,57.1522,57.4815,33663400
2014-01-16,57.1422,57.9007,56.7131,57.0724,34541800
2014-01-17,57.1821,57.7011,55.9547,56.1842,40849200
2014-01-21,56.4836,58.4595,56.3838,58.3897,48669200
2014-01-22,58.7290,59.1880,56.9826,57.3917,61352900
2014-01-23,56.2541,56.5634,55.5710,56.5135,47951800
2014-01-24,56.0345,56.3040,54.2881,54.3380,55200700
2014-01-27,54.6174,54.8271,51.7434,53.4399,73924100
2014-01-28,53.9089,55.1663,53.8889,55.0266,48191200
2014-01-29,54.4977,54.8370,53.0806,53.4199,92995600
2014-01-30,61.9922,62.3714,60.3356,60.9544,150178900
2014-01-31,60.3456,63.2397,60.0462,62.4413,87794600
2014-02-03,62.9004,63.6388,60.5751,61.3535,74866600
2014-02-04,61.9224,63.0101,61.6928,62.6209,45985500
2014-02-05,62.6110,63.0301,61.1440,62.0621,51685100
2014-02-06,61.3336,62.6509,61.3336,62.0321,42086500
2014-02-07,62.1419,64.4372,62.0920,64.1877,60704300
2014-02-10,64.1677,64.3574,63.3424,63.4173,43666100
2014-02-11,63.6189,64.8663,63.2197,64.7176,45675600
2014-02-12,64.7865,64.9262,63.9183,64.3174,47282100
2014-02-13,64.0480,67.1915,63.9183,67.1915,61911700
2014-02-14,67.3612,67.4410,66.5828,66.9520,36694900
2014-02-18,66.8023,67.4008,65.9341,67.1616,43809900
2014-02-19,66.9121,68.9379,66.8622,67.9200,62087100
2014-02-20,67.5907,69.9658,65.5918,69.4868,130928900
2014-02-21,69.5467,69.8161,68.3092,68.4489,70932400
2014-02-24,68.5986,71.2931,68.3990,70.6344,76620300
2014-02-25,70.8041,70.8540,69.3071,69.7063,52077000
2014-02-26,70.0456,71.0735,68.7084,69.1175,55322700
2014-02-27,69.1974,69.8660,68.7283,68.7982,41653700
2014-02-28,69.3271,69.7363,67.2414,68.3192,66783700
2014-03-03,66.8223,67.9100,66.3732,67.2713,56824100
2014-03-04,68.5188,68.7583,67.4809,68.6585,42013500
2014-03-05,69.5467,71.8220,69.4768,71.4228,74567700
2014-03-06,71.7322,71.7421,70.1055,70.6943,46026500
2014-03-07,70.9338,71.0336,69.3271,69.6564,38927000
2014-03-10,70.6244,72.0016,70.3650,71.8818,59871600
2014-03-11,72.3509,72.4407,69.8161,69.9558,59408300
2014-03-12,69.7163,71.2032,68.8581,70.7341,46340500
2014-03-13,71.1434,71.2032,68.0098,68.6884,57091000
2014-03-14,68.3491,69.2872,67.3212,67.5807,48227000
2014-03-17,68.0398,68.8082,66.4830,68.5985,52197000
2014-03-18,68.6186,69.4568,68.1595,69.0477,40827000
2014-03-19,69.0277,69.1475,67.3262,68.0996,43981000
2014-03-20,67.8701,68.0897,66.6826,66.8323,44439000
2014-03-21,67.3911,67.7803,66.0425,67.1017,59999900
2014-03-24,67.0518,67.2214,63.2297,63.9682,85696000
2014-03-25,64.7565,66.0539,63.6488,64.7565,68786000
2014-03-26,64.6068,64.8164,60.2458,60.2608,97503900
2014-03-27,60.3855,61.7727,57.8607,60.8446,112650000
2014-03-28,61.2138,61.8226,59.2130,59.8866,67052000
2014-03-31,60.6550,61.3935,59.7469,60.1161,53011000
2014-04-01,60.3356,62.5311,60.1161,62.4912,59291000
2014-04-02,63.0800,63.7785,62.0820,62.5910,66277000
2014-04-03,62.4213,63.0401,59.0084,59.3676,83859000
2014-04-04,59.8167,60.0762,56.2042,56.6323,125214400
2014-04-07,55.7850,57.8807,55.3260,56.8329,108488000
2014-04-08,57.5614,58.5892,57.0524,58.0704,78836000
2014-04-09,59.5073,62.3273,59.0665,62.2816,100215000
2014-04-10,62.9503,63.0500,58.5593,59.0383,114988000
2014-04-11,57.4815,60.1859,57.1921,58.4096,91452000
2014-04-14,59.9664,60.3257,57.6612,58.7689,72325000
2014-04-15,59.1680,59.5572,55.7651,58.9685,108623000
2014-04-16,59.6670,60.0662,57.6212,59.5972,78774000
2014-04-17,59.1780,60.4554,58.5992,58.8188,88040000
2014-04-21,59.3377,61.1140,59.0283,61.1140,60364000
2014-04-22,62.5211,63.3095,62.0920,62.9005,60631000
2014-04-23,63.3195,63.3494,61.1340,61.2338,96565000
2014-04-24,63.4692,63.5191,59.6471,60.7448,138769000
2014-04-25,59.8466,59.8866,57.4516,57.5913,92502000
2014-04-28,57.9306,58.1901,54.5476,56.0245,107758000
2014-04-29,55.9746,58.1601,55.7251,58.0304,75557000
2014-04-30,57.4616,59.7269,57.0424,59.6570,76093000
2014-05-01,60.3057,62.1519,60.0862,61.0242,82429000
2014-05-02,61.1739,61.7627,60.0562,60.3356,54189000
2014-05-05,59.5473,61.2238,59.0583,61.0941,46057000
2014-05-06,60.8546,61.0242,58.3697,58.4096,55901000
2014-05-07,58.6491,59.1780,56.1443,57.2720,78587000
2014-05-08,57.1123,58.6990,56.3838,56.6433,61251000
2014-05-09,56.7331,57.5314,56.2640,57.1223,52584000
2014-05-12,57.8607,59.7768,57.8607,59.7069,48575000
2014-05-13,59.5373,60.7648,59.3876,59.7069,48525000
2014-05-14,59.4076,60.3257,58.8287,59.1082,47429000
2014-05-15,59.1381,59.2579,57.4017,57.7999,56814000
2014-05-16,58.1901,58.3298,57.1921,57.9006,47933000
2014-05-19,57.7709,59.4375,57.4516,59.0882,43034000
2014-05-20,59.3776,60.0662,58.0603,58.4395,53931000
2014-05-21,58.4395,60.3756,58.1302,60.3656,58992000
2014-05-22,60.8147,61.3535,60.2758,60.3955,54200000
2014-05-23,60.2857,61.3236,60.0263,61.2248,38294000
2014-05-27,61.4933,63.3794,61.4434,63.3494,55682000
2014-05-28,63.2596,64.0081,62.4912,63.3794,47795000
2014-05-29,63.7087,64.1677,63.3794,63.6987,42700000
2014-05-30,63.8185,64.0380,62.4313,63.1698,45253500
2014-06-02,63.0999,63.4592,61.9224,62.9503,35947400
2014-06-03,62.4912,63.2896,62.1918,62.7407,32217000
2014-06-04,62.3215,63.4592,61.9423,63.2097,36514000
2014-06-05,63.5291,64.2276,62.6908,63.0560,47352000
2014-06-06,63.2397,63.3494,62.0222,62.3714,42386300
2014-06-09,62.2717,63.2097,61.6629,62.7507,37573600
2014-06-10,63.3993,65.6846,63.3694,65.6347,69206900
2014-06-11,65.1856,65.6647,64.7665,65.6457,44158300
2014-06-12,65.7146,66.3333,63.9282,64.1579,55642800
2014-06-13,64.5669,64.8364,63.6987,64.3673,29383800
2014-06-16,64.0280,64.7465,63.6189,64.0580,30856800
2014-06-17,63.9682,64.7465,63.7985,64.2675,27636500
2014-06-18,64.3574,65.6148,63.9183,65.4651,35493200
2014-06-19,65.3254,65.4407,64.0779,64.2092,34133800
2014-06-20,64.3274,64.6767,63.2197,64.3673,46407900
2014-06-23,64.1877,65.5249,64.0879,65.2355,34434000
2014-06-24,65.2256,67.0318,65.1357,65.5848,57284100
2014-06-25,65.4451,67.3412,65.4351,67.3013,44245500
2014-06-26,67.8601,67.8601,66.7624,66.9919,47646700
2014-06-27,67.1716,67.5607,66.7025,67.4610,46444300
2014-06-30,67.3212,67.7803,66.9919,67.1516,27102800
2014-07-01,67.4410,68.2992,67.2514,67.9200,33166100
2014-07-02,67.9001,68.1595,65.6547,66.3133,41805900
2014-07-03,66.7175,66.8622,65.6247,66.1536,25203200
2014-07-07,66.1636,66.4331,64.9861,65.1557,28707100
2014-07-08,64.9262,65.4252,62.0820,62.6309,68855600
2014-07-09,63.2796,64.9861,63.0201,64.8364,51378000
2014-07-10,63.1798,65.2056,62.9203,64.7391,44388200
2014-07-11,65.1457,66.4530,64.6567,66.2035,39167800
2014-07-14,66.9919,68.0298,66.7624,67.7603,38468000
2014-07-15,67.8202,67.9498,66.1237,67.0268,44213200
2014-07-16,67.4011,67.8003,66.9320,67.5208,29541600
2014-07-17,66.8921,67.7104,65.9042,66.2734,38024200
2014-07-18,66.6626,68.3192,66.0239,68.2792,42262200
2014-07-21,68.6685,69.8161,68.3591,69.2573,49431600
2014-07-22,69.6165,69.6265,68.4689,69.1275,40301800
2014-07-23,69.5966,71.1833,69.4668,71.1434,77435900
2014-07-24,75.8038,76.5822,74.3567,74.8258,124006900
2014-07-25,74.8358,75.5144,74.5084,75.0353,45823100
2014-07-28,75.0154,75.3447,73.6981,74.7659,41640000
2014-07-29,74.5663,74.7659,73.2719,73.5584,41126900
2014-07-30,74.0574,75.0353,73.9775,74.5234,36823000
2014-07-31,73.8478,74.0125,72.2910,72.5006,43909200
2014-08-01,72.0715,73.0694,71.4028,72.2112,43456400
2014-08-04,72.2112,73.7280,72.2112,73.3588,30656900
2014-08-05,73.0494,73.4386,72.0315,72.5405,34820400
2014-08-06,71.8719,73.5684,71.6423,72.3209,30940200
2014-08-07,72.8498,73.8478,72.5505,73.0195,38093400
2014-08-08,73.2490,73.2790,72.4108,72.9097,27155700
2014-08-11,73.3089,73.7580,72.9097,73.2889,24544100
2014-08-12,72.9397,73.1793,72.0715,72.6802,27374400
2014-08-13,72.9696,74.0973,72.8997,73.6183,29198500
2014-08-14,73.8179,74.2270,73.5384,74.1432,22182800
2014-08-15,74.1671,74.4965,72.8498,73.4786,38846600
2014-08-18,73.8478,74.5663,73.8079,74.4366,23913200
2014-08-19,74.6561,75.4245,74.6162,75.1351,26618600
2014-08-20,74.8158,75.0254,74.4665,74.6561,22878000
2014-08-21,74.7659,75.0353,74.2618,74.4166,20075900
2014-08-22,74.1871,74.5763,73.4187,74.4166,20874600
2014-08-25,74.7859,75.1252,74.6362,74.8657,19691100
2014-08-26,74.8457,75.8337,74.5763,75.8039,23886100
2014-08-27,75.1152,75.3347,74.3068,74.4765,36238700
2014-08-28,73.8478,74.2769,73.5783,73.7031,21922800
2014-08-29,74.1472,74.6661,73.8578,74.6661,26224300
2014-09-02,74.8557,76.5422,74.6661,76.5223,34785800
2014-09-03,76.9813,77.3206,75.4445,75.6740,32330200
2014-09-04,75.7339,76.7718,75.3746,75.7938,26625500
2014-09-05,75.9435,77.2208,75.4425,77.1011,29407300
2014-09-08,77.1011,78.0092,76.8516,77.7298,28149300
2014-09-09,77.4304,78.0092,76.0433,76.5123,28769300
2014-09-10,76.3626,77.7897,76.3526,77.2707,29864000
2014-09-11,76.9714,78.1988,76.8915,77.7597,32219000
2014-09-12,77.8595,78.1389,76.9414,77.3206,26676800
2014-09-15,76.9913,77.0911,73.2790,74.4266,49576900
2014-09-16,73.3688,76.0732,72.9197,75.9235,37672600
2014-09-17,75.8038,77.0911,75.4146,76.2728,28647200
2014-09-18,76.6121,77.1709,76.3626,76.8416,22983300
2014-09-19,77.2408,78.1389,76.2828,77.7497,76638600
2014-09-22,76.8416,77.3705,75.7938,76.6420,31917700
2014-09-23,76.1730,78.4683,75.8836,78.1290,36721000
2014-09-24,77.9394,78.4583,77.3506,78.3735,30596541
2014-09-25,78.4383,78.7776,76.9714,77.0612,37354970
2014-09-26,77.4304,78.6794,77.1709,78.6279,28872012
2014-09-29,77.9593,79.0361,77.7497,78.8375,34030635
2014-09-30,79.1868,79.5428,78.4383,78.8774,35899444
2014-10-01,78.6180,78.6579,75.7439,76.3925,55090157
2014-10-02,76.4125,77.3206,75.4844,76.9215,36487612
2014-10-03,77.6001,77.8994,77.1011,77.2807,23340173
2014-10-06,77.0312,77.7298,76.6919,77.3955,25729191
2014-10-07,76.8915,77.7897,76.0832,76.1331,25317488
2014-10-08,76.0233,77.5502,74.9455,77.3606,32975514
2014-10-09,77.1210,77.6002,75.6940,75.7539,32487174
2014-10-10,75.4345,76.3426,72.6103,72.7600,52146162
2014-10-13,73.0794,74.6262,72.3708,72.8399,43937638
2014-10-14,73.8478,74.0274,71.9018,73.4386,50299288
2014-10-15,71.5425,73.6482,70.1754,73.0594,61528317
2014-10-16,70.6444,73.1991,70.4348,72.4806,53529459
2014-10-17,74.0773,75.8437,73.5983,75.7938,76341638
2014-10-20,75.4445,76.9314,75.2250,76.7917,34701260
2014-10-21,77.4005,78.5780,76.9913,78.5281,32252403
2014-10-22,78.6529,79.6858,77.8495,78.2088,41862393
2014-10-23,79.2167,80.4642,78.8475,79.8754,35055800
2014-10-24,80.0350,80.6521,79.1568,80.5041,32247520
2014-10-27,80.5739,80.6338,79.5959,80.1149,30168921
2014-10-28,80.0151,80.9931,79.4063,80.6039,74211768
2014-10-29,75.2948,76.7219,74.6262,75.7040,106119520
2014-10-30,74.8956,75.1950,72.7501,73.9576,83269554
2014-10-31,74.7759,75.5443,74.2969,74.8358,44544325
2014-11-03,75.3148,75.3647,73.5484,73.7280,40727330
2014-11-04,74.0773,75.6142,73.4985,75.6042,39326471
2014-11-05,76.3526,76.6420,74.2669,74.6761,35912588
2014-11-06,74.7360,75.4445,74.1572,75.1052,21383194
2014-11-07,75.2349,75.6990,74.8657,75.4445,20774381
2014-11-10,75.2050,75.3246,74.4565,74.8457,21575126
2014-11-11,74.7958,74.8258,73.8777,74.4565,18735123
2014-11-12,74.1272,74.9854,73.3887,74.5663,26536609
2014-11-13,74.5863,75.0852,73.4885,74.0973,26448451
2014-11-14,74.1172,74.7759,73.8877,74.7260,19476878
2014-11-17,74.7260,75.4994,73.7280,74.0873,28701191
2014-11-18,74.2969,74.6461,73.7480,74.1871,20696643
2014-11-19,73.8578,74.3867,72.9596,73.1792,25441163
2014-11-20,72.6503,73.8378,72.3609,73.4486,19154862
2014-11-21,74.3468,74.3468,73.3488,73.5983,23060382
2014-11-24,73.3887,74.1971,73.1991,73.8578,22103831
2014-11-25,74.0574,75.5842,73.9775,75.4744,32250205
2014-11-26,75.3746,77.6200,75.3547,77.4603,32721585
2014-11-28,77.5102,78.1090,77.0711,77.5402,15992035
2014-12-01,77.1011,77.1510,74.6461,74.9455,31789866
2014-12-02,75.1751,75.7539,74.8857,75.3048,16773884
2014-12-03,75.2250,75.5742,74.2470,74.7260,16689857
2014-12-04,74.6761,75.3946,74.5064,75.0852,14390520
2014-12-05,75.6441,76.6021,75.2050,76.2029,24306446
2014-12-08,76.0233,77.0911,75.2449,76.3626,25733853
2014-12-09,75.0453,76.7718,74.6262,76.6819,25358584
2014-12-10,76.4923,77.3905,75.9135,76.0233,32210532
2014-12-11,76.3626,78.3585,76.3227,77.5701,33492661
2014-12-12,77.0013,78.7178,76.8616,77.6699,28091617
2014-12-15,78.2986,78.4184,76.4025,76.8316,29396532
2014-12-16,76.0333,77.2308,74.4366,74.5364,31554593
2014-12-17,74.8557,76.2528,74.7459,75.9535,29203904
2014-12-18,76.7318,78.2387,76.3526,78.2387,34222081
2014-12-19,78.5880,79.8354,78.1689,79.7157,43334992
2014-12-22,79.9153,81.7216,79.8354,81.2825,31395770
2014-12-23,81.8513,82.0010,80.2346,80.4442,19865820
2014-12-24,80.8633,81.2625,80.5839,80.6039,7685481
2014-12-26,80.8534,81.1128,80.3444,80.6089,10647388
2014-12-29,80.3244,80.7935,79.5460,79.8554,14134666
2014-12-30,79.6858,80.4242,78.9373,79.0571,14370763
2014-12-31,79.3764,79.6359,77.6999,77.8595,20040439
2015-01-02,78.4184,78.7677,77.5402,78.2886,18177475
2015-01-05,77.8196,79.0825,76.7019,77.0312,26452191
2015-01-06,77.0711,77.4304,75.2100,75.9934,27399288
2015-01-07,76.6021,77.2009,75.6640,75.9934,22045333
2015-01-08,76.5822,78.0691,75.9235,78.0142,23960953
2015-01-09,78.0392,78.4583,77.0412,77.5801,21004109
2015-01-12,77.6799,77.8396,76.0532,76.5622,19190194
2015-01-13,77.0711,77.9194,75.6940,76.2928,25179561
2015-01-14,76.2628,77.0412,75.8727,76.1231,25918564
2015-01-15,76.2429,76.4125,73.3887,73.8977,34133974
2015-01-16,73.8877,75.1651,73.6881,75.0254,21791529
2015-01-20,75.5643,76.1530,74.6661,76.0832,22821614
2015-01-21,76.0033,77.1410,75.6940,76.5822,25096737
2015-01-22,77.0113,77.5901,76.5223,77.4903,19519458
2015-01-23,77.4903,78.0292,76.8815,77.6699,16746503
2015-01-26,77.8196,78.3086,77.1310,77.3356,19260820
2015-01-27,76.5522,76.7219,75.4744,75.6241,20109977
2015-01-28,76.7418,77.4783,75.8437,76.0832,53306422
2015-01-29,76.6919,77.8595,74.0574,77.8396,61293468
2015-01-30,77.8396,77.9992,75.5942,75.7539,42649491
2015-02-02,75.9535,75.9834,73.5983,74.8358,41955258
2015-02-03,75.0353,75.4245,73.7081,75.2449,26957714
2015-02-04,74.9355,76.1930,74.8557,75.4744,20277368
2015-02-05,75.5543,75.8237,75.0553,75.4595,15062573
2015-02-06,75.5243,75.5443,74.0973,74.3168,21210994
2015-02-09,73.8977,74.6761,73.2989,74.2869,16194322
2015-02-10,74.6960,75.1850,74.3468,75.0353,15811344
2015-02-11,74.9355,76.5921,74.8757,76.3526,20877427
2015-02-12,76.7019,76.7119,75.7339,76.0732,17234976
2015-02-13,76.3027,76.3227,75.3447,75.5842,18621860
2015-02-17,75.1451,76.7518,74.9256,75.4445,25254400
2015-02-18,75.7838,76.7418,75.2948,76.5522,22426421
2015-02-19,76.8276,79.6758,76.7917,79.2566,45851177
2015-02-20,79.3864,80.1748,79.0371,79.7307,36931698
2015-02-23,79.7955,80.0251,78.2188,78.6778,24139056
2015-02-24,78.3385,79.3165,77.9394,78.2886,18897133
2015-02-25,78.3385,80.0350,78.3385,79.3964,25593800
2015-02-26,79.7157,81.2026,79.5560,80.2446,31111891
2015-02-27,80.5141,81.0629,78.4583,78.8076,30739197
2015-03-02,78.8375,79.6907,78.3585,79.5860,21662537
2015-03-03,79.4463,79.5361,78.3585,79.4363,18634973
2015-03-04,79.1369,80.9831,78.6878,80.7286,28126686
2015-03-05,81.0629,81.8214,80.8833,81.0430,27825733
2015-03-06,80.7336,81.1627,79.6658,79.8404,24488581
2015-03-09,79.5161,79.7456,78.4683,79.2766,18925097
2015-03-10,78.3385,79.0970,77.3905,77.3905,23067057
2015-03-11,77.6400,78.2687,77.1011,77.4104,20215704
2015-03-12,77.9394,78.8874,77.7497,78.7677,16093319
2015-03-13,78.4383,79.2167,77.5202,77.8895,18557296
2015-03-16,77.7996,77.9593,77.2009,77.9094,19305406
2015-03-17,78.1988,79.6159,78.1789,79.2018,22169969
2015-03-18,79.0870,81.0729,79.0072,80.7436,36912446
2015-03-19,80.9531,82.8293,80.8334,82.5798,42099523
2015-03-20,83.2185,84.4260,82.8991,83.6276,44466323
2015-03-23,83.7474,84.7852,83.1287,84.2563,27357333
2015-03-24,84.5358,85.8929,84.3462,85.1345,32576522
2015-03-25,85.3241,85.3441,82.7494,82.7494,37436147
2015-03-26,82.5499,83.5977,81.9710,82.8393,32794800
2015-03-27,83.2085,83.7773,82.7095,83.1287,18372582
2015-03-30,83.6376,84.1665,82.2405,83.0239,24527686
2015-03-31,82.7295,83.3283,82.0409,82.0459,19734277
2015-04-01,82.3303,82.5499,80.7037,81.4970,22058167
2015-04-02,82.0808,82.3902,81.2725,81.3873,19664053
2015-04-06,80.6338,82.6397,80.6338,82.2704,19062934
2015-04-07,82.4800,83.2484,82.0509,82.1507,17467042
2015-04-08,82.4600,82.9291,81.6717,82.1058,18966732
2015-04-09,82.3303,82.6297,81.5419,82.0010,15927281
2015-04-10,82.0409,82.4401,81.7415,81.8713,12529738
2015-04-13,81.7615,83.7673,81.7515,82.8393,26883094
2015-04-14,82.9989,83.5179,82.2704,83.3432,19634173
2015-04-15,83.3781,83.4879,82.1008,82.5349,22390943
2015-04-16,82.3004,82.8991,81.9810,82.1407,13769687
2015-04-17,81.3124,81.9411,80.2047,80.6089,24214983
2015-04-20,81.3723,82.9790,81.0729,82.9191,28796761
2015-04-21,83.8272,84.3162,83.3682,83.4480,27171852
2015-04-22,84.1466,84.5657,83.4779,84.4559,45547963
2015-04-23,83.9270,85.4140,82.2405,82.2405,73728080
2015-04-24,82.5998,82.7694,81.3124,81.3623,29660356
2015-04-27,81.7016,82.7594,81.4621,81.7415,25446032
2015-04-28,81.6617,81.7315,80.0650,80.5141,23775344
2015-04-29,79.8454,81.2226,79.3564,80.2995,26430258
2015-04-30,79.8454,80.7935,78.1589,78.6080,28999005
2015-05-01,79.0770,79.5959,77.9493,78.8275,24136358
2015-05-04,79.1668,79.5261,78.4684,78.6479,14691991
2015-05-05,78.3884,78.6379,77.0612,77.4005,22311318
2015-05-06,77.8096,78.6479,76.8915,77.9394,28663026
2015-05-07,77.8396,78.7776,77.4005,78.2637,19749428
2015-05-08,78.9373,79.0670,77.8695,78.3485,19943595
2015-05-11,78.3186,78.8674,77.7697,77.8495,18874054
2015-05-12,77.7098,77.7298,76.6321,77.3007,21285310
2015-05-13,77.5601,78.3685,77.4903,78.2787,21512309
2015-05-14,78.7776,81.6767,78.5082,81.2026,49437996
2015-05-15,81.2425,81.3523,80.0151,80.2546,27069884
2015-05-18,80.1648,81.2126,80.0650,80.7136,21613674
2015-05-19,81.0829,81.5220,80.3843,80.4642,17955389
2015-05-20,80.3045,80.9332,79.2966,80.3843,23056899
2015-05-21,80.0251,80.7536,79.9153,80.3145,13402749
2015-05-22,80.1847,81.1428,80.0849,80.3743,19567937
2015-05-26,80.2646,80.4342,78.9173,79.1718,16321339
2015-05-27,79.4363,80.4941,79.2666,80.3843,14160865
2015-05-28,80.0849,80.9077,79.8354,79.9802,11982008
2015-05-29,79.7856,79.9053,78.7178,79.0271,16134580
2015-06-01,79.1369,80.2147,78.4982,80.1249,18119012
2015-06-02,79.5959,81.1827,79.3964,80.2795,18923300
2015-06-03,81.1827,82.3602,81.0829,82.2704,31774993
2015-06-04,81.9710,82.7794,81.3423,81.8812,20863877
2015-06-05,81.7016,82.2904,81.3423,81.9710,16143093
2015-06-08,81.6517,81.8313,79.9652,80.5041,16915471
2015-06-09,80.4342,81.0230,79.1568,80.5041,16497538
2015-06-10,80.6637,82.4301,80.6438,81.9910,21531208
2015-06-11,82.1407,82.7295,81.1927,81.6617,18656811
2015-06-12,81.2026,81.9212,81.0330,81.3623,11417882
2015-06-15,80.3843,80.7635,79.9053,80.5440,18805087
2015-06-16,80.6538,81.3423,80.2845,80.8933,13693666
2015-06-17,81.5918,82.0509,81.1727,81.6218,18350287
2015-06-18,81.4721,83.0189,81.4022,82.7345,26782573
2015-06-19,82.6596,82.8093,81.9511,82.3403,23353194
2015-06-22,83.2384,84.7952,83.1386,84.5657,29383079
2015-06-23,84.7852,87.7891,84.5857,87.6992,50667853
2015-06-24,87.4797,89.0664,87.2701,88.6772,41370227
2015-06-25,89.0764,89.2161,87.6543,87.7990,27301967
2015-06-26,87.9387,88.1583,86.6497,87.8290,38214647
2015-06-29,86.4319,87.3200,85.5537,85.6235,35957872
2015-06-30,86.4219,86.5217,85.3940,85.5886,23233183
2015-07-01,86.5915,87.7691,86.3121,86.7312,25260045
2015-07-02,87.2202,87.2601,86.1625,87.1055,16908781
2015-07-06,86.3121,88.0032,86.2123,87.3699,24635915
2015-07-07,87.6194,87.6693,85.0557,87.0406,33059921
2015-07-08,86.1125,86.5716,85.2693,85.4738,24399340
2015-07-09,86.5516,87.4198,85.4737,85.7034,23307402
2015-07-10,87.1703,88.0385,86.5915,87.7691,23245873
2015-07-13,88.4776,90.0344,88.2381,89.9147,29976670
2015-07-14,90.2739,90.6132,89.4656,89.4955,26627849
2015-07-15,89.8149,90.8028,89.2361,89.5754,30886601
2015-07-16,90.0943,90.6731,89.5854,90.6631,21804086
2015-07-17,92.3596,95.1938,92.3497,94.7747,54001635
2015-07-20,95.6528,98.3972,95.1639,97.7086,54860541
2015-07-21,98.7465,99.0359,96.9429,98.1876,39453332
2015-07-22,96.5410,97.3793,95.7227,96.8404,28299518
2015-07-23,96.7606,97.2496,94.6150,95.2437,29418833
2015-07-24,97.1498,97.5589,95.6828,96.7506,33444930
2015-07-27,96.3813,96.4113,93.6371,93.9763,38585381
2015-07-28,94.6449,95.3634,93.1181,95.0940,35235993
2015-07-29,96.1219,97.0799,94.5451,96.7905,64648320
2015-07-30,94.7148,95.6129,91.6112,95.0142,86211323
2015-07-31,94.7547,96.1319,93.7568,93.8166,46509045
2015-08-03,93.3376,94.8844,92.6091,93.9464,29343117
2015-08-04,93.5971,94.5352,93.1380,93.8665,20136036
2015-08-05,95.0541,96.8903,94.9842,96.2416,29629221
2015-08-06,96.9801,98.5369,94.2258,94.9243,42271318
2015-08-07,95.1838,95.2038,93.4175,94.1060,23199145
2015-08-10,95.4832,95.7027,93.4374,93.9563,21624153
2015-08-11,93.5372,94.5651,92.7095,93.4274,22491031
2015-08-12,92.5093,94.2457,91.0024,93.9963,27120375
2015-08-13,93.8566,94.5352,93.1580,93.2378,17451768
2015-08-14,93.3476,94.5252,93.0183,94.2258,15929656
2015-08-17,94.2258,94.2657,93.1979,93.7368,18313531
2015-08-18,93.8865,95.6528,93.8466,94.9742,22278848
2015-08-19,94.4354,95.9023,93.9673,95.1140,23251271
2015-08-20,93.3476,94.5751,90.2739,90.3737,44598224
2015-08-21,87.3400,88.9966,85.4339,85.8830,62778680
2015-08-24,76.8716,86.9608,71.8519,81.9212,83710727
2015-08-25,86.7712,87.4897,82.8293,82.8293,52021230
2015-08-26,85.7732,87.2801,83.0887,87.0107,45124302
2015-08-27,89.0065,89.8748,87.0107,89.5454,42431375
2015-08-28,89.7550,91.2918,89.6073,90.8228,33215885
2015-08-31,90.4037,90.8627,88.7072,89.2461,32850666
2015-09-01,86.8111,89.2061,86.3221,87.0506,36097370
2015-09-02,88.6373,89.7051,87.4498,89.7051,27190527
2015-09-03,89.5754,89.6353,87.5496,87.9687,27048198
2015-09-04,87.0206,88.2082,86.5217,88.0785,27328667
2015-09-08,89.5055,90.0544,88.6473,89.3458,27012543
2015-09-09,90.5933,91.7908,89.9845,90.2540,32551123
2015-09-10,89.8847,91.8706,89.4456,91.7908,26437398
2015-09-11,91.4914,91.8906,90.9426,91.8607,21185049
2015-09-14,92.1201,92.4295,91.4116,92.1201,20127871
2015-09-15,92.1800,93.0582,91.6012,92.7089,18859351
2015-09-16,92.7089,93.4075,92.4395,93.2578,16321193
2015-09-17,93.1779,95.3135,92.7089,94.1460,27841803
2015-09-18,93.0083,94.9942,92.8586,94.2058,62299984
2015-09-21,94.4254,96.2915,94.3256,95.3535,28789973
2015-09-22,93.5771,94.4853,91.7309,92.7688,36888893
2015-09-23,93.2079,94.1260,92.6091,93.7767,21701427
2015-09-24,92.8686,94.5701,92.0503,94.2158,29105964
2015-09-25,95.5930,95.6528,91.8706,92.5792,28961622
2015-09-28,91.8906,92.1002,87.9986,89.0265,40914897
2015-09-29,88.9167,89.8748,85.5437,86.4917,42281838
2015-09-30,88.2581,89.8348,87.8290,89.5454,35159225
2015-10-01,89.8648,90.7629,88.1783,90.7629,29283652
2015-10-02,88.7171,92.0104,88.1882,91.8806,37881652
2015-10-05,92.7488,94.0761,92.4694,93.8166,27292517
2015-10-06,93.8865,93.9763,92.1501,92.6091,22488275
2015-10-07,92.9185,93.4674,91.1821,92.2099,24129277
2015-10-08,91.7010,93.0283,90.2839,92.2798,27290523
2015-10-09,92.7089,93.5472,92.0493,93.0482,20012911
2015-10-12,93.1281,94.4054,92.4794,94.0661,18449562
2015-10-13,93.4674,95.1738,93.3576,93.9264,19480347
2015-10-14,93.8865,95.0042,93.4175,93.8765,19253351
2015-10-15,94.7946,96.1019,94.7048,95.7626,27557516
2015-10-16,95.9822,97.3893,95.1539,97.3394,25412856
2015-10-19,96.9801,98.3673,96.7206,98.2675,23729924
2015-10-20,98.5269,99.3852,96.3614,96.8005,30881777
2015-10-21,97.1697,97.9781,96.2716,96.9103,22003730
2015-10-22,97.5889,99.5249,97.3494,99.4650,26392075
2015-10-23,101.7004,102.6385,99.9540,101.9798,42809661
2015-10-26,101.9898,103.5965,101.3411,103.5566,25961212
2015-10-27,102.7283,103.8859,102.1894,103.4867,23795472
2015-10-28,103.6863,104.2651,102.7083,103.9857,24081515
2015-10-29,103.7462,104.9038,103.3071,104.6643,20316691
2015-10-30,104.2950,104.5046,101.4409,101.7603,33487104
2015-11-02,102.2493,103.2572,100.9719,103.0975,24003944
2015-11-03,103.0077,103.4368,102.1894,102.3690,21242341
2015-11-04,102.9778,103.9258,102.2692,103.7262,43469308
2015-11-05,108.5762,110.4224,107.7280,108.5363,63232861
2015-11-06,107.8178,108.5163,105.6922,106.8747,35084342
2015-11-09,106.7799,108.0273,105.6423,106.2710,26383540
2015-11-10,105.7421,107.9275,105.0235,107.6880,25031681
2015-11-11,108.0473,109.6440,106.8897,108.7858,25057099
2015-11-12,108.2569,109.1650,107.7779,107.7978,20924674
2015-11-13,107.4885,108.0273,103.6164,103.7362,30278403
2015-11-16,103.1075,103.9557,100.2633,103.8260,49309167
2015-11-17,104.4048,105.9816,103.9258,104.9138,26774146
2015-11-18,105.5824,107.6581,105.1732,107.5483,23836526
2015-11-19,107.1392,107.5084,105.7321,106.0414,25520599
2015-11-20,106.6202,107.6481,106.4007,107.0993,22129648
2015-11-23,106.9695,107.2470,105.8618,106.7300,19897220
2015-11-24,105.7820,106.2710,104.1753,105.5225,23577293
2015-11-25,106.1113,106.3807,104.8838,105.1932,15150785
2015-11-27,105.5624,105.7421,104.6443,105.2331,5913066
2015-11-30,105.6223,105.8817,103.5366,104.0256,20383179
2015-12-01,104.6144,106.9296,104.2851,106.8997,22781868
2015-12-02,106.7799,107.6980,105.5724,105.8518,24429063
2015-12-03,106.0514,106.6302,103.1374,104.1653,23236485
2015-12-04,104.5944,107.5084,103.8959,105.9616,21224721
2015-12-07,106.2610,106.6103,104.4447,105.3928,15474890
2015-12-08,103.7861,106.6901,103.7362,106.2710,20401791
2015-12-09,105.9616,106.2211,103.3370,104.3849,23517268
2015-12-10,104.8339,106.1811,104.1952,105.2032,17454312
2015-12-11,103.9358,104.1254,101.7004,101.9100,26427727
2015-12-14,102.0746,104.5246,101.2513,104.4447,24813496
2015-12-15,105.0834,105.5824,104.0655,104.3350,21764331
2015-12-16,105.1533,106.8697,103.9757,106.5703,22680547
2015-12-17,107.2689,107.5284,105.9117,106.0015,21675686
2015-12-18,105.8618,106.3708,103.7561,103.8260,35994199
2015-12-21,104.6942,104.9337,103.3869,104.5545,16138786
2015-12-22,105.0036,105.4428,104.5944,105.2930,14597122
2015-12-23,105.6722,105.8917,103.6464,104.4148,19599673
2015-12-24,104.5246,105.1034,104.2851,104.8040,6512134
2015-12-28,104.8040,105.7620,104.3150,105.7121,13069733
2015-12-29,106.2011,107.5184,106.0315,107.0394,17179901
2015-12-30,106.7799,107.0294,105.8418,106.0015,13115007
2015-12-31,105.7820,105.9516,104.4048,104.4447,18391064
2016-01-04,101.7403,102.0297,99.5448,102.0097,37912403
2016-01-05,102.6784,103.4966,101.4559,102.5187,23258238
2016-01-06,100.9220,103.5566,100.6925,102.7582,25096183
2016-01-07,100.2933,101.2214,97.0999,97.7186,45172906
2016-01-08,99.6746,100.2933,96.8315,97.1298,35402298
2016-01-11,97.7086,98.3972,95.1938,97.3094,29932385
2016-01-12,98.7964,99.7544,97.3494,99.1656,28395390
2016-01-13,100.3731,100.3731,95.0142,95.2437,33410553
2016-01-14,95.6528,98.6666,92.2598,98.1677,48658623
2016-01-15,93.7867,96.1818,93.3476,94.7747,46132781
2016-01-19,96.3314,97.2196,93.7268,95.0641,30998256
2016-01-20,92.6391,94.8046,89.1862,94.1559,59051429
2016-01-21,94.7148,95.7926,92.4295,93.9663,30518939
2016-01-22,96.2117,97.8683,95.2936,97.7385,30495387
2016-01-25,98.5169,99.2754,96.7306,96.8105,32482015
2016-01-26,97.5589,97.6787,95.4632,97.1398,26877080
2016-01-27,97.5889,97.6487,94.0362,94.2557,58699359
2016-01-28,106.9795,110.1130,104.5944,108.8856,107475327
2016-01-29,108.7658,112.6079,108.6161,111.9792,62739548
2016-02-01,112.0391,115.4820,111.7796,114.8533,46132726
2016-02-02,114.5639,117.3481,112.9672,114.3743,59778571
2016-02-03,115.0329,115.1035,109.5243,112.4582,56919324
2016-02-04,111.5700,111.7098,109.0253,110.2627,38890199
2016-02-05,109.2848,109.3546,102.9678,103.8559,76894741
2016-02-08,100.2035,102.4688,97.2595,99.5448,71229746
2016-02-09,96.9402,102.1894,96.6209,99.3353,62709018
2016-02-10,101.3411,103.0376,100.0338,100.7923,45179370
2016-02-11,99.3951,104.8938,98.6766,101.7004,43670634
2016-02-12,103.5266,104.0256,100.8821,101.8002,36176760
2016-02-16,103.5865,103.7162,100.0338,101.4010,45687224
2016-02-17,101.7303,105.5025,100.1935,104.9836,44073369
2016-02-18,105.5824,105.7820,102.8181,103.2572,29593508
2016-02-19,102.3391,104.8040,101.8501,104.3549,32404516
2016-02-22,105.2730,108.0273,105.1233,106.9396,35709714
2016-02-23,106.6302,107.2489,104.9038,105.2431,25319315
2016-02-24,103.9957,106.7300,102.5287,106.6602,34412437
2016-02-25,106.8897,107.8477,105.3928,107.8477,29906278
2016-02-26,108.4764,109.2249,106.9396,107.6980,26686193
2016-02-29,107.3787,108.6861,106.5304,106.7001,32778992
2016-03-01,107.6082,109.5941,107.3787,109.5941,26817309
2016-03-02,109.4544,110.3226,108.5463,109.7238,25670170
2016-03-03,110.0232,110.0731,108.3167,109.3546,21353092
2016-03-04,109.8236,109.8236,107.7080,108.1671,24938858
2016-03-07,107.8477,107.8477,104.5046,105.5125,31534055
2016-03-08,104.5645,107.1492,104.1853,105.7121,25204666
2016-03-09,106.4805,107.2889,105.2730,107.2889,20493305
2016-03-10,107.6880,108.4365,105.5523,107.0993,24854284
2016-03-11,108.2569,109.1949,107.6980,109.1850,20697553
2016-03-14,109.0552,110.1031,108.5463,109.6640,17249365
2016-03-15,108.8856,110.6020,108.6161,110.4424,17618460
2016-03-16,110.2627,112.2686,109.8735,111.9493,24744778
2016-03-17,111.9193,112.4582,110.5022,110.7916,24241247
2016-03-18,111.3305,112.1888,110.0432,111.2208,36256877
2016-03-21,111.4303,112.1389,110.8016,111.6199,18447974
2016-03-22,111.1309,112.6478,110.9413,112.0191,19001076
2016-03-23,111.7796,112.9572,111.7696,112.3085,18561974
2016-03-24,111.8994,112.8574,111.4503,112.8175,17839119
2016-03-28,113.0869,114.3532,112.7177,113.4562,21351751
2016-03-29,113.5959,116.0807,113.4063,115.9011,29825340
2016-03-30,116.4899,116.7494,114.1198,114.4641,33235184
2016-03-31,114.4641,114.7734,113.5342,113.8653,21207526
2016-04-01,113.5160,115.9311,113.1169,115.8213,24760504
2016-04-04,113.8354,114.3144,111.3804,112.3185,48487913
2016-04-05,111.8794,113.0869,111.6698,111.9892,22962365
2016-04-06,112.2387,113.5759,112.1888,113.4761,20814640
2016-04-07,113.5559,114.6537,112.8337,113.4063,20714537
2016-04-08,114.0150,114.0948,109.6739,110.4024,48497808
2016-04-11,110.4723,110.6819,108.5463,108.7658,39762304
2016-04-12,109.1151,110.9358,108.7658,110.3825,26248081
2016-04-13,111.9992,112.4183,106.3009,110.2827,88227393
2016-04-14,110.3925,111.8095,110.0332,110.6120,28473322
2016-04-15,110.5621,110.7417,108.9754,109.4145,20922803
2016-04-18,109.5143,110.5821,108.9754,110.2228,21167199
2016-04-19,110.8715,112.2187,108.9355,112.0590,30210455
2016-04-20,112.1987,113.0370,111.3305,112.1888,21027901
2016-04-21,112.3185,113.8054,112.0790,113.2067,20875230
2016-04-22,110.9813,111.5201,108.7858,110.3326,38458201
2016-04-25,109.6440,110.4424,108.8457,109.8735,21017895
2016-04-26,110.2627,110.2727,107.9275,108.5363,22521534
2016-04-27,107.7180,108.7159,106.0913,108.6660,52213107
2016-04-28,119.3290,120.5415,115.9909,116.4899,87110080
2016-04-29,116.5797,117.5976,115.6017,117.3382,37140594
2016-05-02,117.5876,118.4858,116.3302,118.3261,28095168
2016-05-03,117.2783,117.9170,116.7793,117.1885,24117463
2016-05-04,116.3701,118.0567,116.3302,117.8172,23448440
2016-05-05,117.7972,118.7353,117.0088,117.5677,22056749
2016-05-06,116.9190,119.3909,116.8718,119.2442,26395568
2016-05-09,119.2941,120.0326,118.6554,118.9947,21138059
2016-05-10,119.3740,120.2521,114.5639,120.2521,23220046
2016-05-11,120.1623,120.8310,119.1744,119.2742,22038396
2016-05-12,119.7332,120.5914,118.6554,120.0326,22035465
2016-05-13,120.1324,120.3919,119.4338,119.5636,18124286
2016-05-16,119.1345,119.3640,117.1086,118.4259,31247834
2016-05-17,118.5756,118.7652,116.9589,117.1086,21328648
2016-05-18,116.5598,118.0267,116.4899,117.4080,21642299
2016-05-19,116.8092,117.2483,115.6416,116.5697,20544109
2016-05-20,116.7194,117.7473,116.7094,117.1086,18944831
2016-05-23,117.1785,117.3581,115.7015,115.7315,20441004
2016-05-24,116.0009,117.4878,115.8812,117.4579,20183627
2016-05-25,117.8870,118.4209,117.1386,117.6475,20035494
2016-05-26,117.9968,119.5138,117.6775,119.2243,18481340
2016-05-27,119.3141,119.6035,118.7652,119.1345,13493563
2016-05-31,119.2143,119.8530,117.8780,118.5656,23547597
2016-06-01,118.2563,118.8351,117.5777,118.5357,15029494
2016-06-02,118.4459,135.3211,117.9768,118.6854,13228310
2016-06-03,118.7303,118.7353,117.6176,118.2263,14135114
2016-06-06,118.3760,119.1843,118.1165,118.5457,12744676
2016-06-07,118.9947,119.0546,117.4280,117.5178,17103023
2016-06-08,117.5178,118.3561,117.0288,118.1465,14505596
2016-06-09,117.8870,118.4359,117.4679,118.3161,13859240
2016-06-10,117.2982,117.8671,116.0209,116.3801,18510826
2016-06-13,114.7635,115.2425,113.0769,113.7156,31718239
2016-06-14,113.8354,114.7136,113.3464,114.7036,17618479
2016-06-15,115.0628,115.2026,113.8354,114.3643,19819432
2016-06-16,113.6358,114.2645,112.7077,114.1547,19236255
2016-06-17,114.1847,114.1946,112.3285,112.7875,24644308
2016-06-20,113.5360,114.4840,112.5181,113.1368,20785390
2016-06-21,113.8853,114.9772,113.7356,114.1447,19166269
2016-06-22,114.4142,114.5040,113.3763,113.6757,14846329
2016-06-23,114.1348,114.8533,113.3065,114.8433,16176895
2016-06-24,110.7817,113.4462,110.7717,111.8495,40643130
2016-06-27,111.3405,111.3405,108.0074,108.7459,36409606
2016-06-28,110.4024,112.5181,110.3226,112.4682,26813842
2016-06-29,113.1368,114.0150,112.8075,113.9252,20968273
2016-06-30,114.4341,114.9431,113.4362,114.0449,23192716
2016-07-01,113.9651,114.8932,113.5759,113.9551,14980023
2016-07-05,113.7056,113.8753,112.7376,113.7655,14207037
2016-07-06,113.1268,116.5498,112.7376,116.4600,24337586
2016-07-07,116.3901,116.7294,115.1227,115.6117,16630201
2016-07-08,116.1905,117.2583,115.6117,116.9989,18142597
2016-07-11,117.4679,118.4558,117.2583,117.6276,17711570
2016-07-12,118.3860,118.4758,117.3282,117.6874,15217700
2016-07-13,118.1465,118.1565,116.4400,116.5398,16207662
2016-07-14,117.2583,117.3980,116.4600,117.0487,14579736
2016-07-15,117.4978,118.0367,116.3402,116.6196,16645964
2016-07-18,117.0787,119.3640,116.6496,119.1245,20868367
2016-07-19,118.7453,120.6014,118.4159,120.3619,21541292
2016-07-20,121.0006,121.9486,120.3120,121.6692,20046452
2016-07-21,121.6692,121.8489,120.0027,120.3619,17801663
2016-07-22,119.6534,120.7611,119.0646,120.7511,18422410
2016-07-25,121.1403,121.5994,117.5377,121.3798,18487449
2016-07-26,121.7491,121.8189,120.5016,120.9707,17611964
2016-07-27,122.1682,124.7429,121.2601,123.0863,52654239
2016-07-28,127.2577,128.0660,123.3757,124.7429,78955758
2016-07-29,124.3936,125.5812,123.4555,123.6851,35058803
2016-08-01,123.5953,124.3238,122.6073,124.0543,25006850
2016-08-02,123.8048,124.5433,121.8189,122.8368,23968414
2016-08-03,122.8368,123.6651,122.0584,122.2580,18525332
2016-08-04,122.6871,124.5333,122.2580,124.1042,21065974
2016-08-05,124.7229,125.5762,124.3621,124.8926,20184035
2016-08-08,124.9924,125.1920,124.2938,125.0024,15233929
2016-08-09,125.0822,125.8306,124.2739,124.8028,19620967
2016-08-10,124.8127,125.2219,124.2838,124.6231,10670148
2016-08-11,124.9425,125.1221,124.4934,124.6431,11729519
2016-08-12,124.4435,124.7429,123.9246,124.6231,12158955
2016-08-15,124.6531,124.6631,123.4456,123.6452,19295130
2016-08-16,123.2460,123.6651,122.5275,123.0464,14222410
2016-08-17,123.4056,124.1242,122.5973,124.1142,13794179
2016-08-18,123.7549,124.0044,123.3857,123.6551,12400816
2016-08-19,123.3458,123.9016,123.0264,123.3059,11688265
2016-08-22,123.0763,124.5732,122.8568,123.8946,14386361
2016-08-23,124.2539,124.8327,123.9944,124.1142,13309452
2016-08-24,124.2140,124.4335,122.8368,123.2260,12243719
2016-08-25,122.8668,124.1142,122.8468,123.6352,10730811
2016-08-26,123.7948,124.9325,123.6551,124.7030,17504825
2016-08-29,124.0942,126.4693,124.0942,126.2797,15925900
2016-08-30,126.3396,126.3396,124.8926,125.5812,17804286
2016-08-31,125.3417,125.9604,124.8427,125.8606,14200636
2016-09-01,126.1201,126.3695,125.3417,125.9105,13536125
2016-09-02,126.5891,126.5991,125.7408,126.2498,12118773
2016-09-06,126.4095,129.6727,126.2099,129.4632,26278407
2016-09-07,129.7725,131.7085,129.6827,130.7804,27990796
2016-09-08,130.6507,130.8104,129.5430,130.0021,15676595
2016-09-09,129.4432,129.6817,126.8386,126.8386,27100679
2016-09-12,125.7009,128.4952,125.4913,128.4253,21252752
2016-09-13,127.7667,128.0860,126.3995,126.9483,18016152
2016-09-14,126.6290,128.5351,126.6290,127.5072,15720388
2016-09-15,127.7168,128.8345,127.4074,128.0860,15111838
2016-09-16,127.9363,128.9143,127.9363,128.8045,24119174
2016-09-19,129.6428,129.6727,127.9962,128.3854,14958794
2016-09-20,128.3854,128.9043,127.7674,128.3754,11083808
2016-09-21,128.8644,129.7376,128.1259,129.6727,14068336
2016-09-22,130.2316,130.4611,129.2935,129.8124,15538307
2016-09-23,127.2976,128.3355,127.0382,127.6968,28326266
2016-09-26,127.1080,127.8964,126.5392,127.0481,15064940
2016-09-27,127.3475,128.7446,127.1679,128.4253,15637111
2016-09-28,128.9442,129.2037,128.1359,128.9642,12047636
2016-09-29,128.9143,129.0241,127.2876,127.8265,14532241
2016-09-30,127.7667,128.3255,127.1879,128.0062,18402945
2016-10-03,128.1159,128.8245,127.5371,128.5051,13156943
2016-10-04,128.9043,129.0106,127.2875,127.9263,14307548
2016-10-05,127.9862,128.5351,127.5671,128.2058,12386753
2016-10-06,128.1658,128.7945,127.8166,128.4752,11682729
2016-10-07,128.7746,128.9841,128.0660,128.7247,12804420
2016-10-10,129.4133,130.4312,128.9343,129.9721,15138720
2016-10-11,129.9621,130.3713,127.9662,128.6149,17537928
2016-10-12,128.7446,129.3933,128.1958,128.7846,11072991
2016-10-13,127.9463,127.9862,126.4893,127.5571,17139306
2016-10-14,128.2257,128.6848,127.3176,127.6170,13345292
2016-10-17,127.9363,128.2058,127.0581,127.2777,11351681
2016-10-18,128.4153,129.1239,127.7467,128.3055,13503967
2016-10-19,128.4752,130.2016,128.3355,129.8424,16752321
2016-10-20,129.8025,130.3912,129.2336,129.7326,13167503
2016-10-21,129.5131,131.8582,129.4332,131.7983,19088794
2016-10-24,132.4470,133.1306,131.8782,133.0059,17470227
2016-10-25,133.2254,133.2254,131.9480,132.0179,13336787
2016-10-26,131.3692,131.9880,130.6657,130.7705,13084731
2016-10-27,131.4690,131.5289,129.0041,129.4232,16741393
2016-10-28,130.2316,132.6965,129.6628,131.0200,24545547
2016-10-31,131.7385,131.8482,130.6143,130.7206,15668982
2016-11-01,131.1397,131.6686,128.3854,129.2336,22077779
2016-11-02,129.9621,129.9621,126.0203,126.9084,50190225
2016-11-03,121.7491,123.0264,119.2542,119.7532,63766259
2016-11-04,119.3440,121.6792,119.0047,120.5016,30545466
2016-11-07,122.5774,122.9555,121.1004,121.8988,23008880
2016-11-08,121.7790,124.3537,121.2900,123.9645,19460768
2016-11-09,121.2501,123.5553,120.2621,122.9266,31916020
2016-11-10,123.6751,123.9246,115.0329,120.5515,67846704
2016-11-11,120.1923,120.4517,117.9070,118.7752,32840137
2016-11-14,118.8806,118.8806,113.3199,114.8433,51377040
2016-11-15,116.4899,118.2463,115.5918,116.9589,34681369
2016-11-16,116.9589,117.6375,113.9751,116.1007,32397947
2016-11-17,116.5997,117.5477,115.7714,117.5477,18597766
2016-11-18,118.1465,118.8850,116.5997,116.7793,22879303
2016-11-21,118.1465,121.6992,117.5577,121.5195,35415366
2016-11-22,122.1482,122.7270,120.6513,121.2202,26089163
2016-11-23,120.9806,121.0605,119.6933,120.5914,15672136
2016-11-25,120.7611,120.8908,119.8230,120.1324,8658605
2016-11-28,119.8729,121.4397,119.5735,120.1623,18101314
2016-11-29,120.3220,121.8489,120.1524,120.6214,18890956
2016-11-30,120.0725,121.5395,117.7074,118.1764,30188922
2016-12-01,118.1365,118.2064,113.7655,114.8633,43276994
2016-12-02,114.8732,116.2404,114.0649,115.1626,25070364
2016-12-05,115.7115,117.3282,114.8333,117.1885,20201528
2016-12-06,117.4479,117.5527,116.0907,117.0687,19131202
2016-12-07,116.7593,117.7074,116.3302,117.7074,21913658
2016-12-08,117.7373,119.2542,117.3980,118.6654,22442756
2016-12-09,118.9748,119.6933,118.7053,119.4338,17464736
2016-12-12,118.9748,118.9947,117.4080,117.5278,17805527
2016-12-13,117.6176,121.2700,117.3681,120.0625,29768028
2016-12-14,119.7532,121.4397,118.6055,119.9627,25913095
2016-12-15,119.8330,122.2480,119.3839,120.3220,20139568
2016-12-16,120.6513,121.2501,119.0247,119.6234,25324299
2016-12-19,119.6035,120.1124,118.2662,118.9947,15918146
2016-12-20,119.2542,119.5236,118.5556,118.8450,13684402
2016-12-21,118.6754,118.9548,118.2363,118.7951,10767646
2016-12-22,118.6155,118.7453,116.6895,117.1585,16258587
2016-12-23,116.7593,117.3182,116.0608,117.0288,10889985
2016-12-27,116.7194,118.4359,116.6236,117.7673,12051481
2016-12-28,117.9469,118.0068,116.4101,116.6795,12087377
2016-12-29,116.7593,117.2893,115.8213,116.1107,9934873
2016-12-30,116.3552,116.5897,114.5378,114.8134,18684106
2017-01-03,115.7913,117.5976,115.2724,116.6196,20663912
2017-01-04,117.3082,119.4139,117.0487,118.4459,19630932
2017-01-05,118.6155,120.7012,118.0775,120.4218,19492150
2017-01-06,120.7312,123.6252,119.7831,123.1562,28545263
2017-01-09,123.2959,125.1720,122.7869,124.6431,22880360
2017-01-10,124.5633,125.2419,124.0244,124.0942,17324590
2017-01-11,124.0942,125.8606,123.8048,125.8306,18356523
2017-01-12,125.3516,126.4693,124.5433,126.3596,18653914
2017-01-13,127.2278,129.0041,127.1080,128.0760,24884325
2017-01-17,127.7766,128.0760,127.1380,127.6070,15294460
2017-01-18,128.1459,128.1658,126.5791,127.6569,13145852
2017-01-19,127.9662,128.0860,127.1879,127.2876,12195465
2017-01-20,127.8365,128.2157,126.5192,126.7787,19097223
2017-01-23,127.0481,128.9841,126.6889,128.6648,16593563
2017-01-24,129.1139,129.6328,128.1159,129.1039,15162724
2017-01-25,129.7326,131.4690,129.5031,131.2096,18777314
2017-01-26,131.3593,132.8661,131.1697,132.5069,20020141
2017-01-27,132.4071,132.6765,130.8104,131.9081,19539514
2017-01-30,131.3094,131.3094,129.3334,130.7106,18956095
2017-01-31,129.9023,130.3912,129.2493,130.0519,19790484
2017-02-01,131.9780,133.2154,130.4112,132.9560,50139775
2017-02-02,132.9460,135.2113,130.1318,130.5709,54366447
2017-02-03,130.9701,132.5767,130.4910,130.7106,24804890
2017-02-06,130.7106,131.7884,130.0320,131.7884,17058494
2017-02-07,131.9680,132.7264,131.3902,131.5688,14596449
2017-02-08,132.3273,134.1635,132.1676,133.9240,22390556
2017-02-09,134.2134,134.2234,133.0358,133.8641,16470609
2017-02-10,133.8242,134.6624,133.4050,133.9140,15061939
2017-02-13,134.4204,134.4204,133.4250,133.7743,13526221
2017-02-14,133.8242,133.9539,132.2774,133.5747,14364877
2017-02-15,133.1755,133.4250,132.3871,133.1655,13226534
2017-02-16,132.7963,133.5946,132.7484,133.5647,12831092
2017-02-17,133.2254,133.8154,132.8961,133.2553,12276490
2017-02-21,133.2254,133.6346,132.6266,133.4450,14759109
2017-02-22,133.3252,136.5086,133.1855,135.8400,27360092
2017-02-23,135.6105,135.8400,134.0537,135.0816,18422549
2017-02-24,133.8840,135.3410,133.8840,135.1614,12625742
2017-02-27,134.9818,136.9024,134.7423,136.1294,14306668
2017-02-28,136.5086,136.5236,134.4728,135.2612,16112092
2017-03-01,136.1893,137.1972,136.0196,137.1373,16257010
2017-03-02,136.8080,137.5365,136.0296,136.4787,12294804
2017-03-03,136.3490,137.0475,135.8001,136.8879,11160563
2017-03-06,136.5985,137.5465,136.2292,137.1373,12748179
2017-03-07,136.7481,138.0854,136.7082,137.0176,13527132
2017-03-08,136.8679,137.7062,136.7697,137.4367,10184514
2017-03-09,137.4367,138.2850,137.1174,137.9557,15535259
2017-03-10,138.6243,139.2031,137.9357,138.5045,16314113
2017-03-13,138.4247,139.3927,138.3877,139.3129,10955450
2017-03-14,139.1731,139.1731,138.2351,139.0334,12944018
2017-03-15,139.0035,139.8118,138.2051,139.4326,19344826
2017-03-16,139.9116,139.9615,139.4426,139.7021,13612942
2017-03-17,140.0513,140.0513,139.4127,139.5524,20592818
2017-03-20,139.4226,139.9016,138.9636,139.6522,12099471
2017-03-21,140.8597,142.0155,138.1153,138.2251,29894784
2017-03-22,137.6463,139.5025,137.3170,139.3029,17055449
2017-03-23,139.1931,140.1012,138.8039,139.2430,13022801
2017-03-24,139.7919,140.7343,139.4725,140.0513,16664683
2017-03-27,138.7640,140.3607,138.4846,140.0314,12800544
2017-03-28,140.0713,141.6580,139.7220,141.4684,14679436
2017-03-29,141.6979,142.5662,141.1391,142.3566,16527574
2017-03-30,142.1071,142.6560,141.5582,142.1171,12403997
2017-03-31,142.0173,142.3366,141.5981,141.7578,11478265
2017-04-03,141.6381,142.1770,140.5304,141.9873,13563960
2017-04-04,141.5682,141.7977,140.9794,141.4385,12948599
2017-04-05,141.9674,143.1450,140.9994,141.5582,17158059
2017-04-06,141.8177,141.9275,140.6202,140.8796,15103426
2017-04-07,140.9096,141.2588,139.9515,140.4904,11811439
2017-04-10,140.7100,141.1391,140.3407,140.7499,9039366
2017-04-11,140.5104,140.7398,138.5245,139.6322,16638087
2017-04-12,139.4326,140.1112,139.1532,139.2929,11612456
2017-04-13,139.3328,140.2908,139.0434,139.1033,10965614
2017-04-17,139.4725,141.2588,139.4626,141.1291,11519663
2017-04-18,140.9794,141.6131,140.3208,140.6701,14807472
2017-04-19,141.0593,142.7458,140.9794,141.9774,15563945
2017-04-20,142.6560,143.9533,142.3955,143.5042,15968164
2017-04-21,143.6040,143.8735,141.9774,143.3845,12382002
2017-04-24,144.6618,145.3742,144.0431,145.1708,14397448
2017-04-25,145.4901,146.8473,145.4899,146.1887,17767523
2017-04-26,146.7875,147.2864,145.7895,146.2585,12394959
2017-04-27,146.3683,147.4461,145.8394,147.3962,11275112
2017-04-28,149.1925,151.2183,148.7634,149.9410,30652248
2017-05-01,151.4279,152.2562,151.1085,152.1464,25218300
2017-05-02,153.0246,153.1244,151.3481,152.4658,21870380
2017-05-03,153.2841,153.2841,151.0287,151.4878,29782492
2017-05-04,149.8611,151.2083,148.4141,150.5397,36225452
2017-05-05,151.1385,151.3181,149.4819,149.9310,17148543
2017-05-08,150.4000,150.7692,149.4320,150.7493,15827488
2017-05-09,151.1784,152.2761,149.9010,150.1705,17453859
2017-05-10,149.9210,150.2104,148.5538,149.9809,12080650
2017-05-11,150.0008,150.3401,149.1027,149.7314,11841864
2017-05-12,150.0906,150.1505,149.3222,150.0208,9598229
2017-05-15,149.8611,151.1684,149.4619,149.8811,15064664
2017-05-16,149.8012,149.9010,148.7235,149.4719,14550830
2017-05-17,147.6956,148.3642,144.1245,144.5521,28300050
2017-05-18,144.4223,147.8453,144.2128,147.3563,23031566
2017-05-19,148.1397,149.0827,147.6557,147.7555,16187892
2017-05-22,147.7754,148.2844,147.3862,147.9351,12586712
2017-05-23,148.2145,148.5039,146.9471,147.7654,12817837
2017-05-24,148.2045,149.9210,148.1147,149.7314,17940668
2017-05-25,149.9909,152.2761,149.6416,151.6474,19891352
2017-05-26,151.9169,151.9368,150.8391,151.8171,14996185
2017-05-30,151.6574,152.5855,151.3281,152.0666,13226007
2017-05-31,152.3859,153.0346,150.7792,151.1485,18023917
2017-06-01,151.4379,151.9768,149.9909,151.2183,14530600
2017-06-02,151.5377,153.3140,150.9888,153.2940,16854365
2017-06-05,153.3240,154.3906,153.0945,153.3140,12520387
2017-06-06,153.0945,154.2022,152.1664,152.4957,13457119
2017-06-07,152.9547,153.4338,152.0267,152.8051,12066657
2017-06-08,153.7631,154.4117,152.7851,154.3918,17799449
2017-06-09,154.4517,155.2700,146.3084,149.2923,35577676
2017-06-12,147.8652,148.8881,144.2627,148.1347,33170180
2017-06-13,149.8412,150.8690,148.5937,150.3701,20483350
2017-06-14,150.9489,152.0865,148.7434,149.9410,20808759
2017-06-15,147.3663,149.7280,146.0736,149.4919,18994152
2017-06-16,149.2823,150.5198,148.2943,150.3302,22882417
2017-06-19,151.3980,153.2541,151.3980,152.5556,19026462
2017-06-20,152.5655,153.5236,151.8969,151.9368,14743853
2017-06-21,152.0466,153.7631,151.5676,153.5934,15039834
2017-06-22,152.6953,154.2321,152.5955,153.0845,13005535
2017-06-23,152.4059,154.8808,152.3360,154.7510,18026977
2017-06-26,155.9286,156.1781,152.8803,153.2741,18049651
2017-06-27,152.5256,152.9947,150.0807,150.2703,19360766
2017-06-28,150.6096,153.1543,149.5518,152.9248,16719104
2017-06-29,151.9668,152.1863,148.6112,150.7293,23973482
2017-06-30,151.5876,151.6075,149.7513,150.6695,17666022
2017-07-03,151.4079,151.8370,147.4960,148.1247,13862735
2017-07-05,148.6935,150.5397,147.8253,150.0308,14334290
2017-07-06,148.7235,149.7314,147.6956,148.5139,14951802
2017-07-07,148.9430,151.6774,148.8831,151.1285,13615931
2017-07-10,151.3780,153.6633,151.1984,153.1843,13378672
2017-07-11,153.0545,155.1028,152.5955,154.9506,13667744
2017-07-12,156.1681,158.8326,155.8787,158.5732,22739388
2017-07-13,158.4135,159.4514,158.0968,158.9324,13929236
2017-07-14,159.8006,159.9902,158.9977,159.6410,16371207
2017-07-17,159.9204,160.4493,158.4833,159.4015,12858836
2017-07-18,159.3316,163.3932,159.0921,162.5250,23722910
2017-07-19,163.2535,165.3592,162.8344,163.8024,26273642
2017-07-20,164.4610,164.6606,162.4751,164.1916,18523107
2017-07-21,163.8223,164.7105,163.4132,164.0918,14744002
2017-07-24,164.3014,165.8282,163.9720,165.6586,17366971
2017-07-25,164.6706,165.1995,163.5249,164.9400,15383241
2017-07-26,165.6685,165.6685,163.7625,165.2694,35236867
2017-07-27,174.3407,175.1290,167.1555,170.0894,68910708
2017-07-28,168.7222,173.0733,168.7023,172.0953,24557553
2017-07-31,171.6462,172.3647,168.2033,168.9019,25478945
2017-08-01,169.4707,170.1194,168.7023,169.5106,14384957
2017-08-02,169.9497,170.1992,166.5667,168.9518,17433774
2017-08-03,168.9518,169.3509,167.9039,168.2432,10793841
2017-08-04,168.6224,169.7102,168.3430,169.2711,10777727
2017-08-07,169.6004,171.7061,169.3110,171.6263,12787844
2017-08-08,171.5265,172.6941,170.2691,170.8778,14393524
2017-08-09,169.6304,171.0973,169.2112,170.8279,10814984
2017-08-10,169.7102,170.2391,166.5068,167.0557,20832746
2017-08-11,167.6045,168.4728,166.5068,167.7343,13791153
2017-08-14,169.7401,170.7281,168.9418,170.3988,12954231
2017-08-15,171.1373,171.1472,169.6603,170.6483,8729172
2017-08-16,170.8978,171.0275,168.8919,169.6503,15779924
2017-08-17,168.9917,169.5106,166.5068,166.5667,17216030
2017-08-18,166.4968,168.3231,165.8681,167.0657,15093638
2017-08-21,166.8162,167.6544,165.4789,167.4349,11907488
2017-08-22,167.9339,169.5206,166.8062,169.2911,11390975
2017-08-23,168.4927,169.0116,167.8540,168.3630,9856473
2017-08-24,168.5326,168.9418,166.0677,167.3950,14030420
2017-08-25,167.5147,168.0337,165.8382,165.9779,12614477
2017-08-28,166.5667,167.3551,165.9879,166.8960,8553741
2017-08-29,164.9101,168.0786,164.6606,167.7043,11120986
2017-08-30,167.8241,169.8300,167.2852,169.5705,11138293
2017-08-31,170.0495,171.7909,169.7102,171.6163,17226465
2017-09-01,172.0454,172.5593,170.9576,171.6662,11677589
2017-09-05,170.9177,172.0329,169.2013,170.3689,13221127
2017-09-06,170.5585,172.1252,169.2212,171.7360,13906342
2017-09-07,171.5863,172.9502,169.9198,172.8537,18049527
2017-09-08,172.7340,173.1332,170.4487,170.5984,10998459
2017-09-11,172.0454,173.5323,171.8458,173.1531,12372040
2017-09-12,173.4026,173.6421,171.3967,172.6042,11186328
2017-09-13,172.6541,172.8138,171.7061,172.6941,9119295
2017-09-14,171.9057,171.9256,170.1493,170.6084,15615654
2017-09-15,170.5285,171.9855,169.9098,171.2870,15660539
2017-09-18,171.6362,171.7161,168.9917,169.6603,12954013
2017-09-19,170.2691,172.2051,170.0096,172.1651,13168595
2017-09-20,172.1452,172.6941,170.3489,171.8159,12264125
2017-09-21,171.3369,171.9157,169.6603,170.7580,11161412
2017-09-22,169.8599,171.3768,168.8719,170.1892,12097138
2017-09-25,168.8919,168.9518,161.2277,162.5350,41251583
2017-09-26,164.1616,165.1596,162.4452,163.8722,23363335
2017-09-27,165.5588,167.9937,165.2294,167.3351,19242548
2017-09-28,167.5946,168.7218,166.8162,168.3829,12178747
2017-09-29,168.4827,171.3069,168.4628,170.5185,15340366
2017-10-02,171.0375,171.5165,168.4029,169.1214,13392280
2017-10-03,168.9518,170.3788,168.8520,169.6104,8190273
2017-10-04,169.4807,170.3190,167.9438,168.0736,12127887
2017-10-05,168.8320,170.9576,168.2532,170.8878,14580628
2017-10-06,169.8998,172.0155,169.4008,171.8757,13124473
2017-10-09,172.3448,174.5203,171.6462,172.1452,14570413
2017-10-10,172.6442,172.8437,170.4487,171.2371,11341081
2017-10-11,171.5963,172.4246,171.0475,172.3847,11283663
2017-10-12,172.2550,173.4924,171.9356,172.1951,10351044
2017-10-13,173.0932,174.2908,172.8437,173.3826,13658307
2017-10-16,174.1311,174.6400,173.7020,174.1610,11498752
2017-10-17,174.3506,175.7677,174.0014,175.7478,15990079
2017-10-18,176.2867,176.3765,175.3885,175.6679,12752351
2017-10-19,174.5702,175.6679,172.2749,174.2010,14048350
2017-10-20,175.1390,175.5182,174.2708,174.6201,12602238
2017-10-23,174.8396,174.9793,170.8978,170.9177,13852658
2017-10-24,171.9456,172.8837,171.1472,171.4466,12267913
2017-10-25,171.5464,171.8957,168.5426,170.2491,15868197
2017-10-26,171.0275,171.9306,170.0395,170.2790,11833141
2017-10-27,173.7918,177.8434,173.5423,177.5141,30285281
2017-10-30,178.8913,180.3183,177.2447,179.5000,24353160
2017-10-31,180.1986,180.4281,178.5719,179.6896,20174231
2017-11-01,181.9849,182.5238,180.1986,182.2843,40918341
2017-11-02,180.2585,181.5658,176.9752,178.5520,35529893
2017-11-03,178.9212,179.4901,176.3465,178.5520,17822131
2017-11-06,178.1927,180.0788,177.9432,179.7994,13312741
2017-11-07,180.1287,180.3760,178.5919,179.8792,12928182
2017-11-08,179.4202,179.9790,178.7416,179.1907,10873359
2017-11-09,177.9432,179.0310,176.7257,178.9312,12557573
2017-11-10,177.9832,178.7315,177.5940,178.0929,11070189
2017-11-13,177.1349,178.6717,176.9353,178.4023,9523447
2017-11-14,177.7636,178.6019,176.8156,177.7037,9585868
2017-11-15,176.2966,178.2027,176.0372,177.5840,10253667
2017-11-16,178.3923,179.4601,178.1328,179.2206,15607582
2017-11-17,178.9312,179.6098,178.5320,178.6318,13017980
2017-11-20,178.5021,179.1308,177.7337,178.3724,10052391
2017-11-21,178.7815,181.5159,178.6218,181.4859,14503990
2017-11-22,180.9271,181.3562,180.0689,180.4980,10376329
2017-11-24,180.0289,182.7733,179.9192,182.4040,9426283
2017-11-27,182.1845,183.3521,181.6157,182.6535,12344516
2017-11-28,183.1325,183.8710,181.7155,182.0448,14379674
2017-11-29,181.5159,181.5957,173.6421,174.7698,41933484
2017-11-30,176.4862,177.9083,174.8396,176.8156,25307601
2017-12-01,175.6679,177.1149,171.9855,174.7398,20182523
2017-12-04,175.9274,176.2068,170.4387,171.1173,24459422
2017-12-05,170.0994,175.0193,168.6624,172.4745,20184908
2017-12-06,172.1452,176.4064,171.5464,175.6979,20255846
2017-12-07,175.4384,180.0190,175.4384,179.7695,20404533
2017-12-08,181.1566,181.9051,178.3725,178.6318,19883764
2017-12-11,178.9312,179.8493,178.4322,178.6717,13168575
2017-12-12,178.2326,178.8114,176.2368,176.5960,16854098
2017-12-13,176.9353,178.7915,176.8854,177.9333,14615718
2017-12-14,177.9233,179.9891,177.3145,178.0231,13590999
2017-12-15,178.6518,180.1221,177.9931,179.8094,28463101
2017-12-18,180.6377,180.9271,179.3803,180.4481,17265376
2017-12-19,179.5799,179.7096,177.8534,179.1408,14920582
2017-12-20,179.4402,179.4402,176.9952,177.5241,11860497
2017-12-21,177.5740,178.3125,176.6858,177.0850,11600700
2017-12-22,176.7756,177.1648,175.8675,176.8355,8509451
2017-12-26,176.2667,176.6359,174.3107,175.6280,8897286
2017-12-27,176.1869,178.0730,175.8975,177.2547,9496071
2017-12-28,177.5840,178.5686,177.3145,177.5540,12220760
2017-12-29,177.6339,178.4821,176.0970,176.0970,10261456
2018-01-02,177.3145,181.2065,177.1848,181.0468,18151903
2018-01-03,181.5059,184.3999,180.9570,184.2902,16886563
2018-01-04,184.5197,185.8270,183.7209,183.9509,13880896
2018-01-05,185.2083,186.5156,184.5496,186.4657,13574535
2018-01-08,186.8150,188.5115,185.9467,187.8927,17994726
2018-01-09,188.3119,188.4117,186.7152,187.4836,12393057
2018-01-10,186.5555,187.5035,185.2482,187.4536,10529894
2018-01-11,188.0125,188.0125,186.9946,187.3838,9588587
2018-01-12,177.6938,181.1067,177.0351,179.0011,77551299
2018-01-16,181.1267,181.3762,177.6738,178.0231,36183842
2018-01-17,178.8913,178.9512,175.4384,177.2347,27992376
2018-01-18,177.7636,180.6077,176.7158,179.4302,23304901
2018-01-19,180.4780,181.9949,179.7996,180.9171,26826540
2018-01-22,180.4281,185.0087,180.0389,184.9887,21059464
2018-01-23,185.6673,189.1601,185.1683,188.9605,25678781
2018-01-24,189.4994,190.2678,186.1364,186.1663,24334548
2018-01-25,187.5634,188.2320,186.2162,187.0944,17377740
2018-01-26,187.3638,189.6092,186.4258,189.6092,17759212
2018-01-29,188.3618,188.4516,185.2483,185.5975,20453172
2018-01-30,182.6336,187.7929,181.4660,186.7351,20858556
2018-01-31,187.9825,189.4395,184.8390,186.5056,43275144
2018-02-01,187.8329,194.9183,187.5035,192.6928,54211293
2018-02-02,191.6450,193.8105,189.5892,189.8886,26677484
2018-02-05,186.5455,190.2179,180.2385,180.8872,33128206
2018-02-06,178.2027,185.3879,177.3744,184.9288,37758505
2018-02-07,183.7712,184.7010,179.5799,179.8094,27601886
2018-02-08,180.6377,181.4660,171.1288,171.2271,38478321
2018-02-09,174.4005,176.5361,166.8361,175.7478,39887626
2018-02-12,176.6958,177.1798,171.4865,176.0471,32092133
2018-02-13,175.2588,175.6081,172.7440,172.7939,21809350
2018-02-14,173.0932,179.4402,172.8556,179.1507,28929704
2018-02-15,180.1287,180.1287,176.4763,179.5898,20922120
2018-02-16,178.6218,179.5100,175.9374,176.9952,21015610
2018-02-20,175.4085,177.5840,174.7498,175.6480,21204921
2018-02-21,176.3465,180.8972,176.0372,177.5441,23200804
2018-02-22,178.3324,179.8393,177.0451,178.6218,18464192
2018-02-23,179.5300,183.0128,179.1408,182.9130,19007288
2018-02-26,184.2003,185.2781,182.8459,184.5496,17599703
2018-02-27,184.0706,184.3201,181.0868,181.0868,15849806
2018-02-28,181.9250,182.5038,177.7736,177.9532,18783039
2018-03-01,178.6418,179.7495,174.0513,175.5781,23201626
2018-03-02,172.9336,176.7457,172.6342,176.2567,20025905
2018-03-05,175.8376,180.7749,175.5282,180.0289,16189280
2018-03-06,181.4061,182.0049,178.7416,179.4102,15086784
2018-03-07,178.3724,183.4419,177.7037,183.3321,19097293
2018-03-08,183.1824,184.0207,181.0768,181.9649,17225946
2018-03-09,183.5317,185.1284,182.8332,184.8490,18526292
2018-03-12,184.8490,185.7172,183.8411,184.3800,15301229
2018-03-13,185.2282,185.6074,180.7375,181.5059,18067477
2018-03-14,182.2244,183.8710,181.4760,183.8111,16821728
2018-03-15,182.8631,183.6215,181.8153,183.4818,15645035
2018-03-16,184.1105,184.9488,183.0327,184.7093,24403438
2018-03-19,176.6459,176.8056,169.7102,172.2051,88140060
2018-03-20,167.1255,169.8499,161.6169,167.8041,129851768
2018-03-21,164.4610,173.0433,162.9641,169.0416,106598834
2018-03-22,165.7883,169.9198,163.3832,164.5508,73742979
2018-03-23,165.0997,166.7563,158.6929,159.0622,53609706
2018-03-26,160.4892,160.7686,148.7135,159.7308,126116634
2018-03-27,155.9885,162.5150,150.4399,151.9069,79116995
2018-03-28,151.3381,155.5594,150.4898,152.7152,60029170
2018-03-29,154.8309,161.0880,153.8230,159.4613,59434293
2018-04-02,157.4854,158.8725,153.7940,155.0704,36795991
2018-04-03,156.2280,157.0663,150.4998,155.7889,42543865
2018-04-04,151.7123,155.2400,150.2004,154.7810,49885584
2018-04-05,161.2277,161.2427,156.3278,159.0123,41449609
2018-04-06,157.4056,161.0880,156.4875,156.8767,41644812
2018-04-09,157.4954,160.1998,155.7190,157.6052,34915227
2018-04-10,157.6052,165.6386,156.6870,164.7005,58947041
2018-04-11,165.0199,168.3031,162.9142,165.9779,56144633
2018-04-12,166.6365,167.1056,162.7645,163.5329,38262956
2018-04-13,164.2415,165.3628,163.4331,164.1816,19990561
2018-04-16,165.3840,165.4390,163.0539,164.4910,18119435
2018-04-17,165.4889,168.6524,165.3193,168.3131,22743029
2018-04-18,166.5367,167.7742,165.4290,166.0178,20969568
2018-04-19,165.8581,167.9838,164.8602,167.7542,22234961
2018-04-20,167.4449,168.0836,165.4689,165.9380,19119438
2018-04-23,166.9259,168.1035,164.7504,165.4989,23088102
2018-04-24,165.0897,165.7584,157.8646,159.3615,35079926
2018-04-25,159.8154,160.7287,155.8687,159.3615,41083581
2018-04-26,172.8637,175.9074,170.4487,173.8018,77556934
2018-04-27,176.4463,176.7357,172.2450,173.2329,29804657
2018-04-30,173.4325,175.3586,171.3568,171.6462,20750478
2018-05-01,171.6462,173.6621,169.8799,173.5024,26025932
2018-05-02,173.8876,177.7137,173.8417,175.7078,30424450
2018-05-03,174.7698,175.7577,171.7660,173.6621,24026071
2018-05-04,172.7240,176.6160,172.7040,176.2467,17677844
2018-05-07,176.9852,179.1308,176.8056,177.6039,18697195
2018-05-08,177.8834,178.6717,176.7457,178.5520,15577211
2018-05-09,179.3004,182.6336,178.4130,182.2843,23282811
2018-05-10,182.7733,185.7464,182.1246,185.1484,21071403
2018-05-11,184.4698,187.9326,183.8012,186.6054,21207848
2018-05-14,187.3239,187.4736,185.8170,186.2561,15646744
2018-05-15,184.4997,184.9089,182.8232,183.9409,15429433
2018-05-16,183.3174,183.9409,182.2843,182.8232,16975495
2018-05-17,182.3042,183.6814,181.8452,183.3820,14840675
2018-05-18,183.1126,183.8111,182.2344,182.3042,13130451
2018-05-21,183.3920,184.9189,182.7533,184.1105,13532864
2018-05-22,184.5496,185.0386,183.0527,183.4219,12731419
2018-05-23,182.1246,186.5255,181.8053,186.5156,16628100
2018-05-24,185.4977,186.4158,184.6494,185.5476,12354742
2018-05-25,185.6374,185.9467,184.0706,184.5396,10965061
2018-05-29,183.9608,186.4258,183.3321,185.3580,16398937
2018-05-30,186.1563,187.6133,184.8690,187.2840,13736866
2018-05-31,187.4836,192.3236,187.0944,191.3855,30782631
2018-06-01,192.6679,194.1490,191.6749,193.5910,17307245
2018-06-04,191.4454,193.5810,191.0762,192.8824,18939795
2018-06-05,193.9003,194.5989,192.2238,192.5431,15544294
2018-06-06,190.6323,192.1340,188.7210,190.9464,22558920
2018-06-07,190.3577,190.5772,186.3858,187.7929,21503171
2018-06-08,187.1443,189.0857,186.0465,188.7110,12677092
2018-06-11,188.4216,192.2038,188.4117,191.1460,12928907
2018-06-12,191.7747,192.8824,191.1660,192.0043,11562704
2018-06-13,192.3436,194.0999,191.5153,192.0142,15853821
2018-06-14,192.7028,196.8742,192.5132,196.4052,19120866
2018-06-15,195.3873,196.6647,194.2396,195.4472,21860931
2018-06-18,194.3993,199.1695,193.7307,197.9021,16826023
2018-06-19,195.8316,197.5528,193.3914,197.0838,19993996
2018-06-20,198.6905,203.1313,198.3961,201.5845,28230933
2018-06-21,202.3429,202.9717,199.6784,201.0855,19045717
2018-06-22,200.7462,201.8240,198.9000,201.3250,17420188
2018-06-25,199.5886,199.5886,192.7128,195.9461,25275137
2018-06-26,197.1936,198.6905,195.8264,198.5907,17897576
2018-06-27,198.7703,200.3371,195.3973,195.4372,18734408
2018-06-28,194.7785,196.9341,192.8625,195.8264,18172439
2018-06-29,196.9141,197.1933,193.5561,193.9203,15811602
2018-07-02,192.9723,197.0439,191.8246,196.9541,13734954
2018-07-03,194.1498,194.9981,192.1240,192.3336,13489514
2018-07-05,194.3394,198.2414,193.6309,198.0418,19684193
2018-07-06,198.0418,203.2211,197.2934,202.8120,19740131
2018-07-09,204.5085,205.3767,201.7044,204.3189,18149437
2018-07-10,204.0794,204.4885,201.8440,203.1213,13190067
2018-07-11,201.8041,204.0794,201.3350,202.1234,12927377
2018-07-12,203.0116,206.6541,202.7721,206.4944,15454706
2018-07-13,207.3826,208.0013,206.0254,206.8936,11503401
2018-07-16,207.0732,208.2907,206.4146,206.8038,11078209
2018-07-17,204.4785,210.0271,204.4187,209.5581,15349892
2018-07-18,209.3884,210.5560,208.0113,208.9294,15334907
2018-07-19,208.3406,209.5581,207.3327,207.6620,11350429
2018-07-20,208.4204,211.0650,208.0711,209.5082,16241508
2018-07-23,210.1469,211.1847,208.3705,210.4762,16731969
2018-07-24,214.6675,215.7553,212.1627,214.2285,28468681
2018-07-25,215.2713,218.1703,213.8293,217.0526,64592585
2018-07-26,174.5303,179.7595,173.3926,175.8975,169803668
2018-07-27,179.5000,179.5599,172.6442,174.5303,60073749
2018-07-30,174.9394,174.9394,166.2174,170.7082,65280787
2018-07-31,170.3190,173.8816,169.6503,172.2250,40356471
2018-08-01,173.5722,174.7199,170.5485,171.2969,34042109
2018-08-02,170.3289,176.4264,169.9198,176.0072,32399954
2018-08-03,177.3245,178.4821,175.7877,177.4143,24763434
2018-08-06,178.6019,185.4079,178.0131,185.3081,49716192
2018-08-07,186.1164,187.9127,183.3421,183.4319,33398562
2018-08-08,184.3700,186.4657,183.3820,184.7991,22205230
2018-08-09,185.4669,186.1862,182.1047,182.7134,19732120
2018-08-10,181.6656,181.7254,179.0510,179.8892,21500410
2018-08-13,179.7296,182.2344,178.5320,179.6797,17423264
2018-08-14,180.3383,181.6157,178.2526,180.7375,19101995
2018-08-15,178.9711,180.4980,174.4205,179.1607,33020231
2018-08-16,180.0489,180.1287,173.6521,174.3407,31351784
2018-08-17,174.1411,175.8575,171.6861,173.4425,24893176
2018-08-20,173.6820,174.2109,170.5585,172.1452,21518006
2018-08-21,172.4546,173.8118,171.0375,172.2649,19578514
2018-08-22,171.8558,173.8816,171.7759,173.2828,16894083
2018-08-23,172.7340,175.1889,172.4745,172.5444,18053567
2018-08-24,173.3427,174.4604,172.5643,174.2858,14631556
2018-08-27,175.6280,178.3025,175.4284,177.0950,17921935
2018-08-28,177.7337,177.8733,175.4683,175.8975,15910675
2018-08-29,175.9324,176.4264,174.3906,175.5382,18678301
2018-08-30,175.5382,179.4203,175.3386,177.2746,24216532
2018-08-31,176.7856,177.2547,174.6216,175.3685,18065159
2018-09-04,173.1431,173.5323,168.4528,170.8079,29808971
2018-09-05,169.1414,170.7730,166.3272,166.8361,31226744
2018-09-06,166.6365,166.6365,159.6709,162.1957,41514834
2018-09-07,159.9803,164.2883,159.8306,162.7046,24300600
2018-09-10,163.1737,164.6706,161.8265,163.8423,20197680
2018-09-11,163.6028,166.8461,163.3832,165.5987,20457088
2018-09-12,162.9142,164.1517,161.4672,161.6668,24078118
2018-09-13,161.6668,162.9841,160.5291,161.0281,25453775
2018-09-14,161.3824,162.5051,160.0102,161.9861,21770405
2018-09-17,161.5870,161.7267,159.4414,160.2497,21005321
2018-09-18,159.0622,161.4312,158.5388,159.9703,22465236
2018-09-19,159.7507,163.1038,159.1520,162.7246,19628996
2018-09-20,164.1616,166.1076,164.1339,165.6785,18936038
2018-09-21,166.2972,166.9060,162.4751,162.5949,45994800
2018-09-24,160.6988,165.3592,160.5491,165.0698,19222775
2018-09-25,161.6568,165.2494,160.8185,164.5708,27622806
2018-09-26,163.9621,168.9518,163.8722,166.6066,25252231
2018-09-27,167.2054,171.4167,166.8661,168.4927,27266856
2018-09-28,167.9838,168.4428,162.2256,164.1217,34265638
2018-10-01,162.6947,165.5388,160.9283,162.1059,26407677
2018-10-02,161.2476,161.9462,158.3436,159.0023,36030977
2018-10-03,159.6709,163.3234,159.2019,162.0959,23109456
2018-10-04,161.1279,161.1279,157.0264,158.5233,25739635
2018-10-05,158.8825,160.5690,155.8787,157.0064,25744047
2018-10-08,155.2201,158.0143,154.0724,156.9266,24045968
2018-10-09,157.3657,160.2597,157.0962,157.5752,18844425
2018-10-10,156.4974,157.3657,150.9988,151.0686,30609970
2018-10-11,149.8212,154.4916,148.8532,153.0346,35338901
2018-10-12,156.4076,156.5673,150.9886,153.4238,25293492
2018-10-15,153.0046,155.2500,152.2362,153.2042,15433521
2018-10-16,155.0804,159.1320,154.6912,158.4534,19180095
2018-10-17,159.2318,160.1599,157.6251,159.0921,17592003
2018-10-18,158.1840,158.3337,152.9647,154.6013,21675084
2018-10-19,155.5394,157.0264,153.2342,153.7331,19761347
2018-10-22,154.4417,157.0164,154.1423,154.4616,15424658
2018-10-23,150.9090,154.4517,150.5397,154.0724,19095032
2018-10-24,153.9627,154.3319,145.3005,145.7396,27744597
2018-10-25,147.4261,151.8969,146.6976,150.6395,22105696
2018-10-26,145.5201,148.6935,143.5042,145.0710,31303341
2018-10-29,148.1946,148.5239,138.7440,141.7977,31336784
2018-10-30,139.6472,146.3384,139.4545,145.9192,50528278
2018-10-31,154.6812,156.0783,148.6536,151.4778,60101251
2018-11-01,151.2083,152.4358,149.0428,151.4379,25640786
2018-11-02,151.4878,153.8130,148.6536,150.0407,24708695
2018-11-05,149.7913,149.8811,147.1367,148.3742,15969849
2018-11-06,149.0029,150.6595,147.6956,149.6316,16667124
2018-11-07,151.2582,152.6953,149.5218,151.2183,21877372
2018-11-08,150.1805,150.6295,146.4382,147.5658,24145814
2018-11-09,146.4482,147.4561,143.7737,144.6618,17326898
2018-11-12,144.1828,144.7417,140.2009,141.2588,18542123
2018-11-13,141.7079,144.5820,141.3287,141.8676,15141710
2018-11-14,143.4044,145.2806,141.2588,143.9234,22068384
2018-11-15,142.0372,144.5421,140.5403,143.5541,30320280
2018-11-16,140.7798,141.4784,137.4866,139.2430,37250560
2018-11-19,137.3270,137.4667,130.9401,131.2794,44362729
2018-11-20,126.7687,133.8833,126.5891,132.1576,41939475
2018-11-21,134.1236,136.9078,133.8541,134.5427,25469735
2018-11-23,133.3751,134.2234,130.9851,131.4590,11886128
2018-11-26,132.7264,136.7182,132.5069,136.0995,24263640
2018-11-27,135.4708,136.3316,133.4350,134.7223,20750318
2018-11-28,135.9997,136.5085,131.5788,136.4787,29847505
2018-11-29,135.6404,139.7021,135.3810,138.3948,24238713
2018-11-30,137.9756,140.6761,137.0775,140.3208,25732577
2018-12-03,142.7059,143.3844,140.4705,140.7998,24819226
2018-12-04,140.4405,143.0951,136.8779,137.6463,30307400
2018-12-06,133.5447,139.4127,133.3951,139.3428,28218145
2018-12-07,138.9636,140.5802,136.3755,137.1373,21195460
2018-12-10,139.3129,142.7558,138.7241,141.5582,26422173
2018-12-11,143.5841,143.5841,140.8098,141.7878,20300349
2018-12-12,142.7857,146.8872,142.2169,144.2028,23696936
2018-12-13,145.2706,145.5500,142.8955,144.7117,18148610
2018-12-14,143.0452,145.7097,142.2169,143.7637,21785820
2018-12-17,142.7857,144.6219,138.1353,139.9016,24333959
2018-12-18,140.7898,145.6298,139.5425,143.3645,24709084
2018-12-19,140.9195,144.6119,132.2275,132.9659,57404894
2018-12-20,130.4312,135.2911,129.7326,133.1256,40297944
2018-12-21,133.1156,134.6225,123.1661,124.6930,56901491
2018-12-24,122.8468,129.4731,122.7670,123.8048,22066002
2018-12-26,125.7408,133.9639,125.6311,133.9040,39723370
2018-12-27,132.1676,134.7123,129.4033,134.2433,31202509
2018-12-28,135.0616,135.6404,131.9281,132.9260,22627569
2018-12-31,134.1735,134.3631,129.6827,130.8204,24625308
2019-01-02,128.7247,137.2272,128.2956,135.4009,28146193
2019-01-03,134.4130,136.8879,130.8503,131.4690,22717948
2019-01-04,133.7344,137.7162,133.4749,137.6663,29002059
2019-01-07,137.2771,138.5844,135.6304,137.7660,20089337
2019-01-08,139.6023,142.8456,139.2530,142.2368,26263793
2019-01-09,142.6560,144.4024,140.9794,143.9333,22205879
2019-01-10,142.7857,144.2627,140.5503,143.9034,16125004
2019-01-11,142.8556,145.0610,142.2768,143.5042,12908031
2019-01-14,141.7079,146.2685,140.9794,145.0910,20520278
2019-01-15,145.7097,150.3701,145.6897,148.6436,24068822
2019-01-16,148.6935,149.3421,146.6951,147.2365,18025714
2019-01-17,146.6477,148.6935,146.1987,147.9950,15787914
2019-01-18,149.4420,152.1165,148.2445,149.7314,31029612
2019-01-22,148.8931,151.2183,146.0689,147.2665,22378694
2019-01-23,147.9750,148.4939,142.7608,144.0032,20098415
2019-01-24,144.3425,146.1388,142.2269,145.5300,20955518
2019-01-25,147.1767,149.5218,146.2386,148.7035,22250954
2019-01-28,147.7455,148.6536,145.9093,147.1667,15508483
2019-01-29,147.7854,147.7954,143.1350,143.8934,17631953
2019-01-30,145.9192,150.6395,145.3956,150.1106,44613240
2019-01-31,165.2594,171.3269,164.6606,166.3471,77233602
2019-02-01,165.4989,168.7522,165.3193,165.3692,30806513
2019-02-04,165.3592,168.9518,163.2835,168.9019,20036470
2019-02-05,168.8021,171.6263,168.3430,170.8079,22556985
2019-02-06,170.8479,172.1153,168.9218,170.1393,13281161
2019-02-07,167.8540,168.8919,164.9101,166.0378,17517609
2019-02-08,164.1317,167.0257,163.8722,166.9858,12561422
2019-02-11,167.5547,167.9538,164.7405,165.4490,12811176
2019-02-12,166.5168,167.9937,164.1616,164.7005,16292290
2019-02-13,165.0398,165.8781,163.3932,163.7325,14205146
2019-02-14,162.8543,164.5306,161.9131,163.6128,12755151
2019-02-15,164.1716,164.3612,160.5291,162.1658,15504415
2019-02-19,160.1699,163.8124,160.0002,161.9562,14345390
2019-02-20,161.9163,163.3832,160.9183,162.2256,11770692
2019-02-21,161.5969,161.9063,159.2617,159.7108,15607828
2019-02-22,160.2497,162.0759,159.9803,161.5570,15858468
2019-02-25,162.7346,165.7284,162.5649,164.2814,18737106
2019-02-26,163.9970,165.8981,163.4631,163.7924,13784063
2019-02-27,162.5649,163.5928,160.0801,162.4751,12697485
2019-02-28,162.0360,163.1637,160.5291,161.1179,11114185
2019-03-01,162.2656,162.7965,161.3574,161.9462,11097770
2019-03-04,163.5629,167.1555,163.4930,167.0257,18894689
2019-03-05,167.0257,171.5265,166.2074,170.9077,28187890
2019-03-06,172.5444,173.2130,170.9177,172.1552,21531723
2019-03-07,171.1472,171.3868,167.2652,168.7821,18306504
2019-03-08,165.8581,169.2711,165.6286,169.2512,13184831
2019-03-11,171.2470,173.9415,171.2271,171.7161,18883983
2019-03-12,171.7360,173.4425,170.8656,171.5664,12155264
2019-03-13,171.9656,173.6720,171.7660,173.0134,11973280
2019-03-14,169.4108,170.7980,167.8141,169.8200,18037364
2019-03-15,166.8162,167.2353,162.1757,165.6386,37126000
2019-03-18,163.2336,163.5629,158.9524,160.1399,37524191
2019-03-19,161.1479,163.4830,160.4892,161.2377,25611488
2019-03-20,161.1678,165.7783,160.9083,165.0997,20211474
2019-03-21,164.5508,166.0478,163.4132,165.7384,16223007
2019-03-22,165.3093,167.0756,163.7525,164.0020,16389185
2019-03-25,162.6647,166.1974,161.6668,165.9480,12631230
2019-03-26,167.0058,169.1015,166.0077,167.3351,15437920
2019-03-27,167.5048,168.5925,164.4510,165.5288,10620299
2019-03-28,164.2315,166.3771,162.9941,165.2095,10689171
2019-03-29,166.0478,166.8461,164.4710,166.3471,13455454
2019-04-01,167.4848,168.5526,166.9348,168.3530,10381490
2019-04-02,169.7900,174.5403,169.2013,173.8417,23946529
2019-04-03,174.1411,177.5940,172.5943,173.1830,27590058
2019-04-04,175.6579,177.6339,175.1691,175.6579,17847731
2019-04-05,176.5162,176.6359,174.7398,175.3586,9594133
2019-04-08,174.8496,175.1390,173.8716,174.5702,7297379
2019-04-09,175.2588,178.8214,175.1889,177.2147,19751031
2019-04-10,177.8135,178.4223,176.1769,177.4542,11701479
2019-04-11,177.8734,178.0331,176.6359,177.1449,8070967
2019-04-12,177.6339,179.2605,177.5840,178.7316,12329812
2019-04-15,178.1328,180.1287,176.5062,179.2805,10834762
2019-04-16,178.6318,179.7994,177.9333,178.5021,11215193
2019-04-17,179.2306,180.3682,177.9931,178.4123,9973732
2019-04-18,178.4322,178.5121,176.9752,177.9133,11655608
2019-04-22,177.8834,181.2913,177.8834,181.0668,13389889
2019-04-23,182.3641,183.8411,181.1067,183.4020,19954814
2019-04-24,184.1105,184.7592,181.2764,182.2045,37289871
2019-04-25,196.5748,198.0718,191.7248,192.8625,54148789
2019-04-26,192.1041,192.5032,188.7011,191.0961,22075002
2019-04-29,190.5572,195.0081,190.2579,194.3794,19641310
2019-04-30,193.7906,196.9840,191.8845,193.0022,23494689
2019-05-01,194.3794,195.7734,192.6130,192.6330,15996646
2019-05-02,192.6030,193.6010,189.3597,192.1340,13209452
2019-05-03,193.9802,195.7565,193.3116,195.0679,14575434
2019-05-06,190.8466,193.8804,190.1581,193.4812,13994932
2019-05-07,192.1440,192.5032,187.4636,189.3797,16253001
2019-05-08,189.0004,190.3277,188.1622,189.1501,12505737
2019-05-09,186.8150,189.3797,185.8769,188.2620,12967033
2019-05-10,187.8628,189.6092,184.2103,187.9526,12578508
2019-05-13,183.1226,185.0486,180.4680,181.1666,16833347
2019-05-14,182.1446,183.1126,177.7337,180.3583,17628142
2019-05-15,180.0489,186.8948,179.6497,185.8869,16746904
2019-05-16,184.6694,188.1871,184.6694,186.6054,12953111
2019-05-17,184.4598,187.1942,183.9010,184.9189,10485370
2019-05-20,181.5059,183.8511,180.9969,182.3442,10351981
2019-05-21,184.1904,185.3180,183.5068,184.4398,7502820
2019-05-22,184.3500,186.3559,183.2323,184.9388,9213801
2019-05-23,182.0448,183.5217,179.3004,180.4980,12768835
2019-05-24,181.9550,183.2523,180.4581,180.6876,8807701
2019-05-28,181.1666,184.3320,181.0805,183.9309,14843308
2019-05-29,183.1226,184.1804,180.9770,181.8153,12797685
2019-05-30,182.7034,183.1026,180.5179,182.6336,8581544
2019-05-31,179.9092,180.1687,176.7956,177.1050,15226536
2019-06-03,174.6400,174.6899,160.6788,163.8124,56059609
2019-06-04,163.3733,167.9339,160.5092,167.1555,46044256
2019-06-05,167.1355,168.3730,164.2914,167.8241,19758317
2019-06-06,167.9538,169.3509,166.8860,167.9838,12446354
2019-06-07,169.8200,173.5124,168.4927,172.9934,16917343
2019-06-10,174.3906,177.4942,173.4425,174.4604,14767918
2019-06-11,178.1129,179.6098,176.4264,177.7337,15266644
2019-06-12,178.0131,178.9013,172.5244,174.6800,17699806
2019-06-13,175.1690,177.6638,174.2469,177.1050,12253569
2019-06-14,180.1387,181.4658,179.6298,180.9570,16773691
2019-06-17,184.6295,189.1102,184.0312,188.6212,29459881
2019-06-18,193.6010,194.1299,186.8948,188.0823,37571352
2019-06-19,186.6154,187.7131,184.1704,187.0944,21417092
2019-06-20,190.5572,190.7668,187.2540,189.1402,14635740
2019-06-21,188.3618,191.6051,188.3618,190.7468,22751159
2019-06-24,192.0242,193.5810,191.1760,192.2038,15508955
2019-06-25,192.4833,192.7427,187.7430,188.4516,16750309
2019-06-26,189.1501,190.3676,186.9247,187.2740,12808604
2019-06-27,189.4894,189.5593,187.8828,189.1102,11158983
2019-06-28,190.1581,192.8026,189.5493,192.6030,16378878
2019-07-01,194.8085,194.8783,191.5352,192.6030,14204690
2019-07-02,192.6030,194.5989,192.3136,194.5989,9049979
2019-07-03,193.7606,196.9940,193.7606,196.7944,10246119
2019-07-05,195.7765,196.6647,193.7706,195.9960,11164107
2019-07-08,194.7885,196.2755,193.2417,195.3573,9723858
2019-07-09,194.5690,199.0497,194.4891,198.8002,14698611
2019-07-10,199.5886,202.5425,199.2593,202.3130,20571702
2019-07-11,202.8419,203.3808,199.7982,200.8161,13678457
2019-07-12,199.2693,204.8777,198.7504,204.4486,15366272
2019-07-15,203.8299,204.9077,201.4049,203.4906,16030335
2019-07-16,203.4706,205.0481,202.6822,203.4207,12132720
2019-07-17,203.7600,203.9397,201.1754,201.3849,12083714
2019-07-18,199.7383,202.0535,198.9699,200.3670,11956554
2019-07-19,201.7641,201.9138,197.6626,197.9520,12098262
2019-07-22,199.4988,202.1533,198.4011,201.9039,13589024
2019-07-23,202.4228,203.8219,200.5491,201.9438,14583680
2019-07-24,197.2235,204.3887,196.8143,204.2390,32532540
2019-07-25,206.2748,208.2308,197.8522,200.2972,39889869
2019-07-26,199.7782,202.4627,195.8463,199.3391,24433985
2019-07-29,198.5907,199.2194,194.8983,195.5370,16530801
2019-07-30,194.9881,198.3013,193.1020,196.6347,11903558
2019-07-31,196.5449,198.3512,192.2837,193.8305,14593544
2019-08-01,193.7706,198.0618,190.4874,192.3336,17777013
2019-08-02,190.7069,192.2238,187.6832,188.6312,15296975
2019-08-05,184.3101,185.2881,178.9711,181.3562,23086655
2019-08-06,183.3122,185.4069,182.7134,184.1305,18035686
2019-08-07,183.2224,185.9867,180.8473,184.7692,15833197
2019-08-08,186.2361,189.9485,183.6714,189.7689,14828916
2019-08-09,189.6092,190.5872,186.7351,187.4636,11058811
2019-08-12,186.4657,187.2042,184.0806,184.9887,10936283
2019-08-13,185.1384,190.9864,184.9887,188.0624,13653319
2019-08-14,185.4178,185.6074,178.9412,179.3404,18903716
2019-08-15,180.5778,182.8232,179.6597,182.2144,13059640
2019-08-16,183.3720,184.7193,181.9849,183.3222,12844832
2019-08-19,185.6274,187.1143,184.4698,185.7871,9699661
2019-08-20,185.0686,185.6174,182.0148,183.4319,10087592
2019-08-21,184.6195,185.5176,182.7633,183.1725,8409548
2019-08-22,183.0527,183.7313,179.5399,181.6656,10829509
2019-08-23,180.4680,182.7533,176.2966,177.3844,17331221
2019-08-26,179.0310,180.1287,177.8734,179.9890,8780477
2019-08-27,181.5558,183.6615,180.6377,180.9271,14408946
2019-08-28,180.1587,181.5758,178.5520,181.3861,9392060
2019-08-29,183.3920,185.6925,183.0926,185.1883,10135033
2019-08-30,186.3958,186.4175,183.0811,185.2881,10785722
2019-09-03,183.6215,185.2881,181.7354,182.0148,9792187
2019-09-04,184.2702,187.3632,183.5118,186.7551,11314571
2019-09-05,188.1422,190.9664,187.5534,190.5073,13896621
2019-09-06,189.8188,189.8188,185.9667,187.1044,15142954
2019-09-09,187.3439,188.5913,185.4643,188.3717,14722402
2019-09-10,187.0545,187.7131,184.1704,185.7871,15455867
2019-09-11,186.0765,189.0503,185.6973,188.1023,11761660
2019-09-12,189.4695,190.5373,186.8449,187.0844,11419775
2019-09-13,186.9397,187.5834,186.1563,186.8050,11441116
2019-09-16,186.5455,187.4080,185.3829,185.8370,8444844
2019-09-17,186.2761,187.9326,185.1584,187.6931,9751570
2019-09-18,187.7031,188.6911,185.6294,187.7530,9945798
2019-09-19,188.2719,190.7069,187.7630,189.7489,10474685
2019-09-20,190.2678,192.7028,187.7331,189.5393,20359878
2019-09-23,188.9506,189.7090,184.8253,186.4357,14370089
2019-09-24,187.5933,187.6532,180.0190,180.9071,18775666
2019-09-25,181.0768,183.0427,177.5041,182.4240,18339960
2019-09-26,180.9570,181.0269,177.3046,179.7395,16280691
2019-09-27,177.7935,180.3832,175.2987,176.7357,14663575
2019-09-30,177.5041,178.3025,176.4862,177.7137,11071425
2019-10-01,178.7815,179.4701,174.5203,175.4484,17261556
2019-10-02,174.4804,176.1669,172.7340,174.2409,16374148
2019-10-03,175.2089,179.4701,173.2729,179.0110,16789319
2019-10-04,179.1807,180.6077,177.7337,180.0788,10476395
2019-10-07,179.6298,180.8073,177.7237,179.3104,9359793
2019-10-08,177.8933,179.9990,177.3545,177.3844,10084896
2019-10-09,178.7915,180.3483,177.5740,179.4801,7648874
2019-10-10,179.9491,181.2365,178.8015,179.6597,8980978
2019-10-11,181.7753,186.1064,181.7654,183.8111,14998754
2019-10-14,183.8211,184.2403,182.1980,182.9030,7203665
2019-10-15,183.4219,189.9884,183.2822,188.5015,15143119
2019-10-16,187.9326,189.3098,186.5158,189.1601,10560343
2019-10-17,189.9086,190.4475,188.3767,189.9984,9761548
2019-10-18,189.8387,191.0961,183.5456,185.4677,16584992
2019-10-21,186.6553,189.5194,186.3659,189.3697,8122598
2019-10-22,189.6092,190.2579,181.1267,181.9649,19854192
2019-10-23,181.6356,185.9966,181.6256,185.7671,12370819
2019-10-24,184.2403,186.3459,182.4240,185.9966,11505406
2019-10-25,185.4478,188.6113,184.7069,187.5035,8061240
2019-10-28,186.8150,189.1402,184.6993,189.0104,13657866
2019-10-29,191.2957,192.1340,188.0823,188.9206,13574874
2019-10-30,189.1701,190.0583,185.5975,187.8628,28734559
2019-10-31,196.2954,197.6826,187.8628,191.2558,42286529
2019-11-01,192.4533,193.7107,189.5194,193.2217,21711829
2019-11-04,194.1498,196.9612,193.4133,194.3195,16371292
2019-11-05,194.9681,195.3474,193.2018,193.9203,9941954
2019-11-06,193.6309,193.9702,190.9564,191.1560,10973019
2019-11-07,191.5153,193.0421,189.0803,190.0283,13472998
2019-11-08,189.6092,191.9444,189.3098,190.4475,10764784
2019-11-11,189.5393,189.6890,188.1522,189.2200,8637768
2019-11-12,189.6092,194.6588,189.3497,194.0700,17615454
2019-11-13,194.2995,195.2975,192.3436,192.7926,11009800
2019-11-14,192.5332,193.6309,191.0562,192.7527,9059897
2019-11-15,193.8604,194.8983,192.9822,194.6987,11530232
2019-11-18,194.1598,198.2214,192.6529,196.9940,16176107
2019-11-19,196.9940,199.5886,196.4551,198.9100,19070291
2019-11-20,198.1715,199.1795,195.0280,197.1037,12370240
2019-11-21,197.0139,198.6805,196.4551,197.5229,12130985
2019-11-22,197.9720,198.8901,197.2135,198.4111,9959817
2019-11-25,199.1046,200.5566,198.8402,199.3791,15286442
2019-11-26,199.5886,199.7383,197.6314,198.5607,11748664
2019-11-27,199.4888,202.7222,199.0098,201.5845,12760568
2019-11-29,201.1853,203.3808,200.7961,201.2253,7985231
2019-12-02,201.7142,201.7641,197.6426,199.2892,11542020
2019-12-03,197.1936,198.5208,194.6787,198.4111,13014170
2019-12-04,199.5886,199.6174,197.6426,198.3013,8459939
2019-12-05,199.4489,200.8760,197.8049,198.9499,9755350
2019-12-06,200.0876,201.1554,199.6485,200.6365,12279525
2019-12-09,200.2373,202.7240,199.7982,200.9259,12013218
2019-12-10,201.2452,201.6344,199.7383,200.4568,9485568
2019-12-11,199.8680,202.2132,199.8680,201.8440,8041827
2019-12-12,201.9338,203.2411,193.7008,196.3453,23766986
2019-12-13,195.9960,196.3952,192.7727,193.7107,18806020
2019-12-16,194.8684,198.7104,194.4093,197.5129,14922733
2019-12-17,198.4310,198.5907,195.7266,197.9819,10177605
2019-12-18,199.6784,203.8798,199.6784,202.0835,23284746
2019-12-19,202.3629,205.8757,202.0935,205.6362,16808184
2019-12-20,207.0532,207.2828,203.0116,205.8757,27315226
2019-12-23,206.2748,208.1610,205.2569,205.7559,13353194
2019-12-24,205.8757,206.3647,204.5783,204.6981,6046273
2019-12-26,205.1437,207.3925,204.8877,207.3626,9368273
2019-12-27,208.2405,208.5003,206.1626,207.6720,10287634
2019-12-30,207.4325,207.4724,203.4807,203.9896,10534441
2019-12-31,203.5754,205.1372,203.1813,204.8278,8962756
2020-01-02,206.3247,209.3585,205.8457,209.3485,12090707
2020-01-03,206.7873,209.9672,206.5243,208.2408,11197416
2020-01-06,206.4944,212.3423,206.0952,212.1627,15711298
2020-01-07,212.3823,214.1386,211.3145,212.6218,15111857
2020-01-08,212.5619,215.7952,212.1748,214.7773,13492703
2020-01-09,217.0925,217.9308,215.8331,217.8510,12184634
2020-01-10,218.7491,219.4277,216.9728,217.6115,12127432
2020-01-13,219.1448,221.5134,218.7591,221.4536,14295658
2020-01-14,221.1542,221.9226,218.1803,218.6094,13315361
2020-01-15,220.1562,221.2240,219.6872,220.6951,10036475
2020-01-16,222.1122,222.1721,219.9367,221.3138,10015288
2020-01-17,221.5733,221.8328,220.0764,221.6831,15905944
2020-01-21,221.6981,221.9126,218.6693,220.9845,14162007
2020-01-22,221.8527,222.2918,220.8249,220.8648,12212814
2020-01-23,220.2959,221.0294,218.8190,219.3080,11195000
2020-01-24,220.3458,221.3238,215.6655,217.4917,11905824
2020-01-27,212.6617,215.6156,212.0629,214.4280,13810655
2020-01-28,215.6954,218.2901,213.0808,217.3420,13413835
2020-01-29,220.9845,223.7388,218.0007,222.7708,33610005
2020-01-30,206.1052,210.9951,204.3289,209.0990,48775500
2020-01-31,208.0013,208.2608,200.6464,201.4947,31359917
2020-02-03,203.0215,204.7181,202.0835,203.7700,15510509
2020-02-04,206.1915,210.1668,204.7804,209.3984,19628890
2020-02-05,212.0729,212.2924,208.2807,209.6778,12538154
2020-02-06,210.0371,210.7556,208.9074,210.4163,10567533
2020-02-07,209.8674,212.3823,209.4982,211.8933,12242530
2020-02-10,211.0849,213.3602,210.2267,212.6218,11856350
2020-02-11,209.7577,210.4263,206.0854,206.7638,25030810
2020-02-12,207.4225,210.7855,206.9734,210.3265,13813704
2020-02-13,209.0925,213.8851,208.7497,212.7016,15396625
2020-02-14,213.5598,214.4879,212.2126,213.7395,10741747
2020-02-18,213.1108,217.5267,212.9611,217.3520,15630026
2020-02-19,217.5416,217.8709,215.6655,217.0426,12135114
2020-02-20,216.0746,218.3150,212.5070,214.1386,13109213
2020-02-21,213.0409,213.7963,208.4010,209.7477,14098432
2020-02-24,201.3849,203.2311,197.7624,200.3071,23080057
2020-02-25,201.8540,203.0814,195.5506,196.3653,21433487
2020-02-26,196.7844,200.7961,195.0879,196.7944,16555210
2020-02-27,191.4254,195.4771,189.1102,189.3597,21682626
2020-02-28,182.3192,192.3436,181.4460,192.0741,32583494
2020-03-02,193.6309,196.1657,188.4616,196.0359,24948955
2020-03-03,195.8164,196.8343,183.5916,185.5076,27984104
2020-03-04,188.7809,191.4354,186.0066,191.3656,23062473
2020-03-05,186.3958,188.6013,183.5119,184.7891,19333425
2020-03-06,177.9632,183.4020,175.8975,180.7175,24559550
2020-03-09,169.2512,174.6400,164.8502,169.1514,29716936
2020-03-10,174.3107,177.9233,169.1514,177.8235,24517791
2020-03-11,173.6521,175.5182,167.3151,169.8898,20297257
2020-03-12,159.2118,166.2573,154.0225,154.1523,43266335
2020-03-13,163.1936,170.4387,157.2758,169.9298,35028627
2020-03-16,152.0067,158.8027,142.8057,145.7097,38876427
2020-03-17,150.4299,153.6234,139.7120,149.1127,33905834
2020-03-18,139.4626,147.8752,136.8186,146.6577,37553136
2020-03-19,146.3184,159.6004,144.5022,152.8150,39862312
2020-03-20,155.6991,158.9424,147.6956,149.4220,32568398
2020-03-23,149.3522,151.9967,141.9574,147.7954,29830765
2020-03-24,154.8858,160.9782,152.2562,160.6489,30440369
2020-03-25,158.5931,162.6547,152.7452,155.8887,34959783
2020-03-26,157.9245,163.6627,156.6971,163.0040,26579021
2020-03-27,157.8746,159.7607,154.4317,156.4675,24879869
2020-03-30,158.8526,166.4070,157.7349,165.6087,22515225
2020-03-31,165.1396,170.5784,163.8623,166.4569,23520528
2020-04-01,161.2826,163.8124,157.7099,159.2717,19363145
2020-04-02,158.7728,161.0190,155.5993,157.8646,20563168
2020-04-03,156.8268,157.5852,150.5198,153.8629,25983317
2020-04-06,159.8206,165.8581,158.1840,165.2095,28359595
2020-04-07,171.4366,173.0334,165.6685,168.4827,31098986
2020-04-08,170.8978,174.6400,167.3950,173.9215,21554783
2020-04-09,175.5382,176.7158,171.2171,174.8297,23534287
2020-04-13,173.3128,174.6400,169.1015,174.4305,19355355
2020-04-14,178.6084,180.8522,176.2567,177.8035,21011815
2020-04-15,174.8262,177.8235,172.4645,176.6060,17423003
2020-04-16,177.5840,177.6838,172.1552,175.8875,23593229
2020-04-17,178.8314,179.9092,176.2966,178.8713,20974750
2020-04-20,177.0451,180.1287,176.4064,177.8734,15773270
2020-04-21,174.8895,175.0193,167.9945,170.4487,24850528
2020-04-22,178.0830,184.3999,177.7736,181.9051,32875815
2020-04-23,183.7014,186.6653,182.7733,184.7492,21306701
2020-04-24,182.8531,190.0184,180.4531,189.6790,28868528
2020-04-27,192.5930,193.3515,187.0245,187.1143,29040957
2020-04-28,188.2719,188.8108,182.1845,182.5338,20000732
2020-04-29,190.5373,196.5050,189.6092,193.7906,45954521
2020-04-30,206.4944,209.2587,201.1555,204.2889,46230116
2020-05-01,201.1853,206.8537,198.6407,201.8540,30415581
2020-05-04,199.7882,205.4865,198.3474,204.8378,19250673
2020-05-05,206.5942,209.9473,206.0753,206.6441,21071223
2020-05-06,207.6919,211.1648,206.2349,208.0412,21856963
2020-05-07,210.7257,211.1648,208.6100,210.8255,15151976
2020-05-08,211.8034,212.7715,210.4163,211.9132,12524048
2020-05-11,210.4527,214.5578,209.9373,212.7415,12870850
2020-05-12,212.8513,214.8322,209.5681,209.6679,14704647
2020-05-13,208.9992,210.3465,201.6943,204.6781,20684559
2020-05-14,202.1434,206.5044,200.2772,206.3846,17178947
2020-05-15,204.8478,210.9053,203.7002,210.4462,19252430
2020-05-18,211.7136,214.2030,210.5061,212.7515,20167443
2020-05-19,212.8313,220.0365,212.3922,216.4339,31843152
2020-05-20,223.0403,230.8642,222.7309,229.4970,50162875
2020-05-21,234.2372,236.7121,230.7245,230.9141,47782636
2020-05-22,231.0338,235.5046,228.2695,234.4268,33925564
2020-05-26,239.2768,240.4045,231.1935,231.7224,33178318
2020-05-27,228.5988,230.0858,220.6799,228.6687,34697553
2020-05-28,223.8386,231.1568,223.5393,224.9963,29423013
2020-05-29,224.7368,227.0221,222.4216,224.6270,23322476
2020-06-01,224.1280,231.9619,223.0403,231.4330,18223839
2020-06-02,230.4650,232.5207,226.0940,232.2413,20774530
2020-06-03,231.6326,232.1715,228.0599,229.6866,15312623
2020-06-04,229.0878,231.1536,224.1480,225.8245,16888846
2020-06-05,226.2437,230.8741,224.8471,230.2953,16750438
2020-06-08,228.5589,231.0737,226.9422,230.9240,15420093
2020-06-09,231.0438,239.2768,229.9361,238.1791,27462872
2020-06-10,240.4644,240.7139,234.7961,236.2431,20651789
2020-06-11,229.4670,232.4110,223.0902,223.9684,26468737
2020-06-12,229.4271,231.1835,224.0382,228.1098,22091387
2020-06-15,224.6270,233.2892,224.3376,232.0218,15340264
2020-06-16,236.6522,237.9695,232.5207,235.1653,15138105
2020-06-17,234.5166,237.1013,231.2502,235.0455,19578125
2020-06-18,234.5067,235.6543,231.6725,235.4547,15677390
2020-06-19,237.3009,240.3346,235.0655,238.2988,30081291
2020-06-22,238.0693,240.2049,236.4227,238.7280,18833031
2020-06-23,240.7837,244.6810,239.3666,241.7417,24017915
2020-06-24,240.7039,242.7197,232.2014,233.5386,20668057
2020-06-25,234.1374,236.8119,232.2613,235.1952,18704339
2020-06-26,232.1615,232.6106,214.9569,215.6356,76343939
2020-06-29,209.3186,220.2959,206.6840,220.1862,58287669
2020-06-30,220.1363,227.0321,218.0206,226.6029,33849335
2020-07-01,228.0300,238.5084,227.0919,237.0614,43403869
2020-07-02,238.5084,239.5063,232.1316,232.9399,30635970
2020-07-06,233.2792,239.9055,231.7922,239.7858,26208488
2020-07-07,238.9176,247.1406,238.3288,240.3646,27887936
2020-07-08,237.6202,246.4820,236.1034,243.0790,29793184
2020-07-09,244.4961,246.0179,238.7479,243.9971,22175054
2020-07-10,243.1838,244.9851,238.8277,244.5659,22982716
2020-07-13,246.4969,249.6355,237.9296,238.5084,24674883
2020-07-14,236.2730,239.8357,231.5527,239.2369,23378056
2020-07-15,241.0532,244.3164,237.5604,239.7858,19134627
2020-07-16,237.5105,241.2627,235.8445,240.4344,18880800
2020-07-17,240.5043,243.6578,237.3708,241.5322,18152413
2020-07-20,239.5662,245.5439,235.1503,244.9152,20872293
2020-07-21,245.7136,246.4021,239.5862,241.2528,19410382
2020-07-22,239.7658,241.4024,237.6302,239.3766,15440905
2020-07-23,239.1371,241.9214,231.2733,232.1216,21771802
2020-07-24,229.7165,233.0097,226.4333,230.2355,18325813
2020-07-27,230.9839,234.4667,230.3552,233.0197,12410577
2020-07-28,234.1474,234.4767,229.3573,229.6467,14105451
2020-07-29,230.6646,233.2193,229.8363,232.8102,13503275
2020-07-30,229.7465,234.4099,228.5290,234.0177,18572796
2020-07-31,255.2938,255.3237,248.4878,253.1482,53030037
2020-08-03,252.1303,254.8747,249.8151,251.4417,22852145
2020-08-04,251.0426,252.2800,246.9211,249.3161,17183533
2020-08-05,249.6754,251.7509,247.2604,248.6076,13031344
2020-08-06,248.5278,266.0516,248.1535,264.7344,45241611
2020-08-07,263.5368,278.3164,262.8882,267.8879,72766364
2020-08-10,267.4887,273.2967,259.1558,262.4590,30248826
2020-08-11,259.6498,265.3680,254.6052,255.6032,28006281
2020-08-12,258.4373,263.3545,257.5816,259.3554,21360539
2020-08-13,261.0120,264.6146,259.0361,260.7625,17336346
2020-08-14,261.7655,262.1098,258.1480,260.7027,14792708
2020-08-17,261.9601,263.5541,258.8664,260.6228,13303174
2020-08-18,260.4133,264.6046,258.7267,261.8004,18595844
2020-08-19,260.8504,267.3569,260.8124,262.0499,23201794
2020-08-20,260.9621,269.0754,260.9222,268.4567,20207640
2020-08-21,268.1373,269.9336,265.8720,266.4608,15538615
2020-08-24,270.5124,276.6775,268.2173,270.8318,23554925
2020-08-25,271.8497,282.5077,269.7042,280.2424,41677553
2020-08-26,283.4158,304.0433,283.4158,303.2849,68153823
2020-08-27,299.5426,300.6104,291.4194,292.6169,30115732
2020-08-28,294.3932,296.6186,290.3815,293.0560,17172415
2020-08-31,293.3454,296.2694,290.9503,292.5969,17210653
2020-09-01,294.1038,300.8699,292.1079,294.8323,17187628
2020-09-02,298.2652,302.9755,292.4472,301.8778,23970214
2020-09-03,295.3812,296.9879,283.0466,290.5212,31448990
2020-09-04,286.6592,288.4056,270.5823,282.1485,30333671
2020-09-08,270.7220,278.7255,268.8658,270.6023,24677850
2020-09-09,275.2028,277.9072,270.7919,273.1570,22482505
2020-09-10,274.9433,278.5858,266.4826,267.5386,24814669
2020-09-11,269.5045,270.8318,262.0998,266.0616,18913883
2020-09-14,270.3927,276.0710,265.1535,265.6026,23896524
2020-09-15,270.1133,273.9553,268.7461,271.8597,18207796
2020-09-16,266.7402,271.8796,261.2515,262.9780,29126246
2020-09-17,257.7487,260.9621,249.6754,254.2959,31195243
2020-09-18,257.8735,258.6669,249.5357,252.0106,28020655
2020-09-21,247.0308,249.4359,243.6279,247.6396,24453445
2020-09-22,252.7890,254.7948,247.7094,254.2260,30152828
2020-09-23,254.7350,257.4614,247.6396,248.5078,19569189
2020-09-24,245.9930,251.7212,245.1148,249.0167,20006750
2020-09-25,248.8870,255.2240,246.1028,254.2959,18351311
2020-09-28,258.8664,259.0660,254.2967,256.2918,18600098
2020-09-29,257.2797,262.7884,256.3716,261.2515,20152557
2020-09-30,261.4411,265.5377,259.5650,261.3613,20038746
2020-10-01,264.8042,267.7781,264.2553,266.0816,19822459
2020-10-02,260.6727,264.6046,258.6469,259.4053,16367597
2020-10-05,261.6607,264.3202,260.3036,264.1056,12645393
2020-10-06,261.2416,265.1435,257.7088,258.1280,18485536
2020-10-07,258.6768,259.6448,254.2959,257.5891,22845964
2020-10-08,259.2157,264.0757,258.6158,263.2175,16223098
2020-10-09,263.9759,264.2054,261.6307,263.9061,14107803
2020-10-12,269.6442,279.6037,267.3190,275.1828,30951464
2020-10-13,277.0091,278.5259,272.8277,275.5720,18002195
2020-10-14,277.0490,278.1766,270.9416,271.2609,14663789
2020-10-15,267.0496,268.4866,263.1277,266.1714,15110774
2020-10-16,266.8250,270.8118,264.7543,265.3830,16622702
2020-10-19,264.9838,267.9976,259.3455,260.8623,13471101
2020-10-20,262.5189,269.1453,262.3393,267.0097,18763246
2020-10-21,278.9850,282.4678,275.8015,278.1567,28998638
2020-10-22,279.2943,281.8690,274.4743,277.5479,16676599
2020-10-23,278.2289,284.6533,276.2506,284.2042,17535155
2020-10-26,282.5776,284.6433,273.6959,276.5400,21226251
2020-10-27,278.1866,283.9248,275.7417,282.7073,16159602
2020-10-28,278.2166,278.2166,266.7103,267.1194,22461776
2020-10-29,275.9812,283.0167,273.2169,280.2524,32368118
2020-10-30,273.9354,276.1309,258.5671,262.5688,47299002
2020-11-02,264.0558,269.9137,256.8107,260.8224,27165679
2020-11-03,262.6187,269.4945,260.3434,264.7543,17961859
2020-11-04,280.4220,288.3457,278.0469,286.7889,35364424
2020-11-05,291.2961,296.7683,288.3557,294.0739,23634186
2020-11-06,293.3454,293.9940,287.4675,292.8065,13890974
2020-11-09,289.2738,291.9782,277.9571,278.1966,25117650
2020-11-10,272.5383,273.4364,263.4570,271.8696,28532007
2020-11-11,272.9075,277.8274,271.9195,275.9113,14956950
2020-11-12,276.6099,279.1746,273.8655,274.5142,12914206
2020-11-13,277.1488,277.1887,272.5383,276.3803,10400101
2020-11-16,274.4843,278.8353,274.0651,278.3862,12970352
2020-11-17,277.1088,277.1088,272.7279,274.4344,15040297
2020-11-18,273.9553,276.8183,271.2809,271.4106,12152945
2020-11-19,270.4675,272.9075,268.6363,272.3786,12963658
2020-11-20,271.9994,272.4385,268.8559,269.1453,17980540
2020-11-23,270.3328,270.3898,263.9859,267.8779,20856136
2020-11-24,267.9377,277.2485,267.3190,276.3504,16852501
2020-11-25,277.5679,279.6037,272.0892,275.0231,12467009
2020-11-27,276.8194,278.5559,274.2547,277.2386,7808426
2020-11-30,275.4622,277.1288,270.4526,276.4003,16693336
2020-12-01,278.5858,288.7049,278.3862,285.9606,20602115
2020-12-02,284.7730,291.1798,280.2474,286.9286,17361624
2020-12-03,285.6612,286.0604,280.4919,281.2703,12921694
2020-12-04,279.7235,282.8770,278.7255,279.1247,10880299
2020-12-07,278.6157,287.8966,277.6278,284.9926,13007665
2020-12-08,285.4217,285.8381,280.9709,282.8171,10747650
2020-12-09,283.0765,287.0384,271.1910,277.3484,25189707
2020-12-10,274.9683,278.1567,271.3008,276.5500,20065091
2020-12-11,273.9653,275.9113,269.6941,272.9873,14391401
2020-12-14,272.8099,276.6498,271.0014,273.6260,16376880
2020-12-15,274.2647,275.5121,266.9198,274.9832,23979461
2020-12-16,274.1949,277.2885,271.9495,275.1030,15884999
2020-12-17,276.5001,279.8632,273.0472,273.9154,16377844
2020-12-18,275.2078,277.4282,270.5823,275.8315,26693249
2020-12-21,272.4165,274.1050,267.2392,272.2289,16553740
2020-12-22,270.9416,270.9416,264.0857,266.5406,17334999
2020-12-23,266.3410,271.6101,265.6824,267.5585,14190136
2020-12-24,268.3220,269.8438,265.6525,266.8500,6702033
2020-12-28,268.1872,276.7296,265.1136,276.4302,23299707
2020-12-29,276.3803,279.9330,275.7117,276.2107,16370072
2020-12-30,277.3783,277.5080,271.1511,271.3108,11803795
2020-12-31,271.4405,276.5201,269.2550,272.5981,12900408
2021-01-04,274.2148,274.4344,264.6545,268.3868,15106113
2021-01-05,267.7382,271.8397,267.6594,270.4126,9462436
2021-01-06,261.4611,267.1993,259.4752,262.7684,24354149
2021-01-07,265.3531,271.0513,264.2354,268.1872,15640288
2021-01-08,267.7581,268.3968,262.6387,267.0196,18528251
2021-01-11,259.9442,262.9281,255.3736,256.3117,30412286
2021-01-12,256.1021,259.1858,249.7852,250.5735,25772128
2021-01-13,251.0326,253.4277,248.6874,251.1224,19253840
2021-01-14,252.8788,254.5054,244.1069,245.1347,29739404
2021-01-15,247.3901,253.3378,246.6516,250.8430,24942930
2021-01-19,256.3716,261.6607,252.2003,260.5629,27587774
2021-01-20,268.3768,269.7640,263.0578,266.9298,24590360
2021-01-21,268.7062,273.0372,266.9399,272.3087,20838687
2021-01-22,271.4505,277.8972,271.4405,273.9354,21954042
2021-01-25,277.5679,279.5239,270.9515,277.4382,18920773
2021-01-26,277.5677,284.8030,277.2386,281.4699,19373636
2021-01-27,281.9489,282.8670,267.5686,271.5802,35346194
2021-01-28,276.6099,286.2001,264.1555,264.4549,37338718
2021-01-29,264.7543,266.0117,254.3258,257.7986,30389499
2021-02-01,258.9862,263.6266,254.3857,261.4711,22744266
2021-02-02,263.4570,268.2970,262.7285,266.5306,16972041
2021-02-03,265.0737,268.6463,263.2973,266.1015,14223377
2021-02-04,266.4608,267.6084,263.4570,265.9419,16059958
2021-02-05,266.2512,268.6164,265.1235,267.5486,12454367
2021-02-08,268.1972,269.3049,264.4549,266.0317,13258245
2021-02-09,265.8920,272.8277,265.2034,268.8958,14613375
2021-02-10,271.8861,273.2367,267.1693,271.3108,14188230
2021-02-11,271.3308,273.0173,267.9377,269.8338,12477640
2021-02-12,269.9636,270.6222,267.7881,269.9436,9097597
2021-02-16,270.2430,276.0311,269.4945,273.4065,15417243
2021-02-17,270.6821,273.4065,269.0255,273.0073,12763240
2021-02-18,269.0105,271.3906,265.4828,268.8359,15249134
2021-02-19,269.3049,269.7141,259.6149,261.0220,25622587
2021-02-22,257.4194,262.5289,257.0003,259.7945,17434873
2021-02-23,258.9662,266.9099,254.4356,265.3082,21924557
2021-02-24,261.7854,265.8321,257.8585,263.7663,15736123
2021-02-25,261.7605,266.3909,253.5175,254.1661,19053142
2021-02-26,255.9425,265.0038,255.9425,257.0901,26619517
2021-03-01,260.2835,266.1015,257.3734,264.3651,22157255
2021-03-02,265.2333,266.1614,258.1180,258.4673,15191722
2021-03-03,259.7546,260.4531,254.5753,254.8847,15292126
2021-03-04,255.9425,265.9419,252.9786,257.1101,31626463
2021-03-05,260.1338,264.9040,255.0842,263.7364,26820055
2021-03-08,265.0038,265.0337,254.5254,254.7849,18391768
2021-03-09,260.6378,267.9777,259.2756,265.1934,22039740
2021-03-10,268.0874,268.4168,262.3293,264.3551,14210318
2021-03-11,267.5585,277.3284,267.2691,273.3167,21833979
2021-03-12,268.5864,269.1852,263.4769,267.8479,20600198
2021-03-15,268.5265,275.3924,267.9477,273.1869,16563060
2021-03-16,275.5171,281.5597,274.2348,278.7056,22178373
2021-03-17,275.1379,285.6413,274.8435,283.4258,21073640
2021-03-18,279.2943,284.6033,277.7076,278.0469,18754853
2021-03-19,280.6416,292.1977,280.6166,289.5133,38930536
2021-03-22,289.8526,299.0885,286.1603,292.9362,28273073
2021-03-23,292.5470,297.3871,289.2139,290.0322,22953488
2021-03-24,290.4014,291.1200,280.5817,281.5597,18550754
2021-03-25,280.4021,287.4675,277.1787,278.1667,24505648
2021-03-26,277.7294,283.9148,277.1987,282.4379,17629185
2021-03-29,285.1822,292.5770,284.1144,290.2218,21718831
2021-03-30,289.2339,291.8684,286.1103,287.4076,17266852
2021-03-31,289.3935,295.8901,288.0164,293.9242,19498157
2021-04-01,297.7862,301.7780,295.9899,298.0457,17615980
2021-04-05,300.2711,310.1258,300.0615,308.2746,27969598
2021-04-06,308.2013,310.7096,304.6221,305.6301,17335246
2021-04-07,305.7099,313.6036,304.8716,312.4460,22855241
2021-04-08,314.2024,315.2303,309.4123,312.3762,20894148
2021-04-09,310.7595,314.0926,309.6917,311.8173,15988568
2021-04-12,310.4102,311.5079,307.2966,310.8992,10881935
2021-04-13,311.5678,313.7813,308.6838,309.1229,14036927
2021-04-14,306.6679,307.3964,301.3289,302.1971,17421393
2021-04-15,305.7099,309.5021,303.4745,307.1869,14558273
2021-04-16,307.5361,308.3145,303.9835,305.5502,13059163
2021-04-19,304.3796,307.0671,299.9418,301.6183,14553507
2021-04-20,301.3688,304.4724,296.5987,302.0275,16796442
2021-04-21,301.3239,301.3589,296.7783,300.8499,14863474
2021-04-22,300.7102,302.2969,295.4311,295.9101,16375350
2021-04-23,298.1455,301.9676,296.5388,300.5106,17559498
2021-04-26,302.7157,305.1710,300.9397,302.4167,16072889
2021-04-27,303.6541,304.7120,300.4907,302.9456,15309256
2021-04-28,306.7278,310.2805,304.7419,306.4683,33907210
2021-04-29,329.4410,331.1275,320.9485,328.8322,56526771
2021-04-30,325.4727,329.1416,323.8325,324.4114,26332423
2021-05-03,325.4991,327.8742,321.1780,321.9165,18719462
2021-05-04,319.3667,321.5273,312.4760,317.7052,24032557
2021-05-05,317.5355,320.3996,313.8431,314.3720,15577605
2021-05-06,313.8731,319.5813,312.6306,319.3618,19012241
2021-05-07,321.7169,322.2708,318.0944,318.4237,15916743
2021-05-10,313.7034,313.9316,304.2030,305.3407,24050335
2021-05-11,300.1314,306.2089,299.0736,305.8995,18767808
2021-05-12,300.5106,304.3327,297.5767,301.9277,24641010
2021-05-13,305.4537,308.2247,302.1473,304.6321,18079160
2021-05-14,308.9033,316.1983,308.4443,315.2902,19057238
2021-05-17,312.9051,315.0307,310.9391,314.8111,15356141
2021-05-18,314.9409,315.8490,309.1728,309.3225,14396686
2021-05-19,303.5593,314.0128,302.9456,312.9450,19004390
2021-05-20,312.9350,318.5933,312.5159,317.9547,17320241
2021-05-21,318.6333,319.2719,315.1605,315.5796,13600901
2021-05-24,317.5555,325.2796,317.3759,323.9623,16343794
2021-05-25,326.4072,328.5029,324.1319,327.1158,16436965
2021-05-26,327.6746,329.1515,325.1498,326.9860,9607561
2021-05-27,327.3253,333.0935,326.0879,332.0656,20286922
2021-05-28,330.3192,332.1837,327.6547,328.0538,12037430
2021-06-01,329.4709,330.7383,325.9681,328.4530,11765906
2021-06-02,329.7004,331.1874,326.4487,328.4730,11645698
2021-06-03,325.1099,326.7016,322.8146,325.3694,12569358
2021-06-04,325.2297,331.7712,324.5111,329.6705,13156889
2021-06-07,328.8023,336.9954,328.2534,335.8877,20110431
2021-06-08,336.0074,337.6041,331.5566,332.9937,14580464
2021-06-09,335.0494,336.1072,329.3212,329.5707,13654652
2021-06-10,330.1046,333.2531,327.8692,331.7762,13161143
2021-06-11,331.8959,332.1454,328.2534,330.5786,13524236
2021-06-14,331.2173,336.1272,329.1316,336.0773,12250799
2021-06-15,336.2969,339.2208,334.3409,336.0573,15742806
2021-06-16,336.0025,336.8557,328.0439,330.3990,17031281
2021-06-17,329.8102,337.2848,329.4709,335.8178,17794080
2021-06-18,333.8419,335.4586,328.3233,328.9819,23039457
2021-06-21,330.4090,332.2352,326.9761,331.6065,11070712
2021-06-22,332.0007,339.2208,331.9159,338.3327,15215474
2021-06-23,338.6520,342.7135,337.5044,339.8894,14817824
2021-06-24,341.1469,344.1906,341.0870,342.4741,12287867
2021-06-25,341.8853,343.4122,338.9813,340.6678,14594444
2021-06-28,341.7556,357.4034,341.0670,354.9085,28928889
2021-06-29,355.5372,356.0062,348.3320,351.1662,21331628
2021-06-30,351.4406,352.1941,346.4559,346.9948,15107514
2021-07-01,346.1066,353.9404,345.7873,353.6611,17137021
2021-07-02,354.3696,355.7068,351.8947,353.9704,11524614
2021-07-06,355.7667,358.0520,348.4618,352.0544,13211008
2021-07-07,354.5293,355.7567,349.2801,349.7691,14141365
2021-07-08,345.0189,347.6135,341.8554,344.9390,14267692
2021-07-09,344.6097,349.9886,344.5548,349.6992,13018694
2021-07-12,350.5076,353.4615,348.9208,352.4336,10018624
2021-07-13,350.7770,357.7526,348.0826,351.3658,11455963
2021-07-14,353.8307,354.4694,346.0168,346.9150,13894221
2021-07-15,348.5165,348.5165,339.5202,343.7515,14781594
2021-07-16,344.2006,345.2782,339.4404,340.4583,10825814
2021-07-19,336.8757,339.0911,333.8519,336.2569,14372345
2021-07-20,338.1031,342.7436,333.8120,340.9572,10984410
2021-07-21,340.7976,345.8073,340.5481,345.5178,9279657
2021-07-22,345.9669,350.8169,344.4999,350.4676,12385441
2021-07-23,360.1677,374.5580,356.4553,369.0294,33694328
2021-07-26,368.8198,373.6698,367.4626,371.6939,14811113
2021-07-27,371.1450,372.3825,363.8002,367.0535,14926227
2021-07-28,373.7896,376.7733,366.1753,372.5122,29676910
2021-07-29,360.2575,364.7682,356.0062,357.5830,33413244
2021-07-30,353.2719,359.9880,352.2140,355.5671,15976179
2021-08-02,357.3634,358.6608,350.0186,351.2261,12688575
2021-08-03,352.0045,353.0422,346.9848,350.5175,12406054
2021-08-04,351.6951,359.7385,350.7870,358.1817,14180572
2021-08-05,358.9003,363.1515,356.1659,362.2234,10247207
2021-08-06,360.6566,364.3989,360.6517,362.7623,8925017
2021-08-09,363.0141,365.0226,360.0080,360.8662,7798872
2021-08-10,361.0808,363.3511,358.3050,360.3872,7469878
2021-08-11,361.3552,361.6147,357.0740,359.2196,8400332
2021-08-12,357.7127,362.2534,356.3755,361.9041,7175206
2021-08-13,362.2234,363.9106,360.7365,362.4330,7195724
2021-08-16,361.7743,366.1952,356.6449,365.8060,11232269
2021-08-17,362.2334,363.9199,354.3397,357.7127,12308213
2021-08-18,355.5172,359.1198,354.4195,354.7189,9408786
2021-08-19,350.6223,356.8345,350.2780,354.3896,11753981
2021-08-20,353.8706,359.2493,352.5833,358.6308,8659608
2021-08-23,358.7007,364.9378,358.3614,362.6026,10885198
2021-08-24,362.9120,367.1991,361.0957,364.7582,9076935
2021-08-25,364.8480,370.0972,364.6484,367.6323,8775313
2021-08-26,367.6173,368.6801,363.3810,363.6305,7861213
2021-08-27,364.3490,372.9713,363.3311,371.8635,11060624
2021-08-30,371.7937,380.7053,369.7579,379.8770,13525490
2021-08-31,379.1685,381.9717,378.0209,378.5997,12255298
2021-09-01,378.8092,383.5395,378.0308,381.2642,11524311
2021-09-02,380.7153,380.9648,373.2906,374.5081,14761709
2021-09-03,373.9792,376.3842,372.3426,375.4861,7511356
2021-09-07,375.1069,382.1723,372.3825,381.3939,10658060
2021-09-08,379.3781,380.0866,374.0191,376.7934,10991125
2021-09-09,376.8632,379.0487,375.7905,377.2225,8953042
2021-09-10,380.5766,383.0006,377.4820,377.9111,11191779
2021-09-13,380.8949,380.9648,373.5751,375.7356,12113995
2021-09-14,376.6237,377.8113,374.3384,375.7555,8367306
2021-09-15,376.2246,376.7784,366.9137,373.1509,17793362
2021-09-16,372.0232,372.7916,368.9496,372.2927,11566850
2021-09-17,370.6411,370.6461,360.8463,363.9698,26059658
2021-09-20,358.5610,360.2874,349.0805,354.9684,19616257
2021-09-21,357.7626,359.2994,354.4594,356.7447,11654698
2021-09-22,346.5158,349.1204,339.9893,342.5041,43151031
2021-09-23,344.6446,348.9508,342.2945,345.2484,21623221
2021-09-24,342.5327,353.6211,341.6658,352.2340,18755301
2021-09-27,349.0855,354.4195,346.3661,352.8527,15185021
2021-09-28,347.2543,348.8809,338.2229,339.9493,21092884
2021-09-29,342.4442,344.5199,338.1830,338.9115,14176253
2021-09-30,339.7447,342.0949,337.4545,338.6919,16360190
2021-10-01,340.9074,344.3103,337.9435,342.3045,14773252
2021-10-04,334.8399,335.2490,322.0362,325.5590,41887935
2021-10-05,327.9042,334.4906,325.4929,332.2751,35224110
2021-10-06,329.0618,333.6922,325.1299,332.9537,26320623
2021-10-07,336.3068,338.1430,328.3033,328.5428,28201997
2021-10-08,330.8281,332.7142,328.0339,329.3711,15889692
2021-10-11,326.9511,329.7803,324.6409,324.7806,14646273
2021-10-12,322.3656,323.7128,316.7172,323.1040,31222568
2021-10-13,326.2975,326.3274,321.9963,323.8725,14520488
2021-10-14,327.6796,329.8402,326.4272,327.8543,14218835
2021-10-15,328.0039,328.3931,321.8466,324.0920,21385840
2021-10-18,328.2734,335.1991,326.8264,334.6502,21238417
2021-10-19,338.9464,341.7556,336.5863,339.2907,18707585
2021-10-20,342.7386,343.2725,338.7549,340.0791,13581494
2021-10-21,339.5751,341.6059,337.1052,341.1768,15425175
2021-10-22,325.6737,328.9520,320.4495,323.9423,35013392
2021-10-25,319.6412,328.8821,319.0624,328.0139,34385788
2021-10-26,327.5848,329.5307,308.9632,315.1604,65376977
2021-10-27,313.5438,318.5933,311.4181,311.5778,29646934
2021-10-28,312.3462,324.8504,307.4763,316.2681,50339197
2021-10-29,319.5314,325.3294,318.9426,322.9045,36640949
2021-11-01,325.3694,332.7641,325.3295,329.3013,31353325
2021-11-02,330.6984,334.1009,323.1340,327.4052,28259036
2021-11-03,326.8164,331.4668,322.5352,330.9379,20457118
2021-11-04,333.3195,336.5793,331.9658,335.1592,22018494
2021-11-05,339.6100,346.0767,338.9414,340.4283,26347818
2021-11-08,343.7116,344.0798,337.6441,337.9235,18190506
2021-11-09,339.3007,340.6055,333.7820,334.6802,17469000
2021-11-10,331.8061,332.5047,324.8405,326.9661,21819789
2021-11-11,329.1416,331.7752,326.3274,327.0659,12282131
2021-11-12,329.5009,341.1568,329.1017,340.1888,25288579
2021-11-15,343.6317,352.9226,342.4941,346.8451,24927345
2021-11-16,343.1228,345.9370,340.1689,342.2546,18078622
2021-11-17,343.5319,346.5856,339.4005,340.0691,13532783
2021-11-18,339.0212,341.7556,334.6103,337.9934,17462014
2021-11-19,341.4961,351.3758,339.2009,344.5898,25817935
2021-11-22,348.3320,353.1022,339.8096,340.3086,24267769
2021-11-23,338.2329,340.6977,332.8140,336.5563,17184592
2021-11-24,335.3089,341.0770,332.1255,340.3585,13566181
2021-11-26,335.1043,337.0553,331.2193,332.4348,14688615
2021-11-29,336.1971,339.9693,334.6153,337.3347,16282873
2021-11-30,334.3109,335.1193,322.7647,323.7926,25246939
2021-12-01,329.6106,329.8202,309.6518,309.9611,30168811
2021-12-02,310.7595,313.9529,306.5681,309.7516,24327211
2021-12-03,313.0847,313.1047,298.8840,306.2089,27041396
2021-12-06,307.4962,319.4416,305.7099,317.2162,21511804
2021-12-07,320.9086,325.8683,320.3397,322.1460,18794047
2021-12-08,324.3315,332.0656,322.4055,329.8801,19441030
2021-12-09,328.8622,335.4386,327.3253,329.1416,16840926
2021-12-10,331.8710,334.3409,325.6987,329.0717,14281096
2021-12-13,330.2693,340.3884,328.9121,333.8020,22743009
2021-12-14,327.3752,335.0095,326.9761,333.0535,19152681
2021-12-15,331.8096,341.4063,323.3136,340.9572,24065601
2021-12-16,338.2828,343.7515,333.0535,334.2112,22587872
2021-12-17,332.1105,336.4166,330.0697,333.1034,39672100
2021-12-20,329.0967,329.2214,321.8666,324.7806,17678238
2021-12-21,325.7386,335.3089,323.0841,333.5126,15516431
2021-12-22,333.1137,333.8220,327.5848,329.7703,16714354
2021-12-23,329.4210,335.9775,327.6846,334.5505,13987698
2021-12-27,338.1480,347.1545,337.3148,345.4680,17726126
2021-12-28,345.9170,351.9845,344.4900,345.5079,16415427
2021-12-29,346.1964,348.9706,340.9374,342.2346,10683967
2021-12-30,343.2924,346.5158,342.5140,343.6517,10556734
2021-12-31,342.3095,342.7336,335.5783,335.6582,12516527
2022-01-03,337.5992,340.3800,336.4964,337.8437,14166774
2022-01-04,339.2508,342.3797,331.1885,335.8378,15530232
2022-01-05,332.3350,335.0694,323.1739,323.5032,20209839
2022-01-06,322.1560,338.4674,322.0562,331.7762,27732733
2022-01-07,332.0556,336.3068,328.2036,331.1075,14667144
2022-01-10,324.6409,327.6646,314.7812,327.3952,24828659
2022-01-11,326.1079,333.9417,324.6109,333.6822,16191633
2022-01-12,334.4906,335.6731,329.3512,332.5745,14060522
2022-01-13,334.2910,334.9397,325.0900,325.8085,14672853
2022-01-14,321.1281,332.0456,320.5493,331.2173,16868497
2022-01-18,322.6250,323.5431,316.9867,317.4956,22352652
2022-01-19,318.9249,326.4272,318.6732,318.9326,20563976
2022-01-20,323.2338,327.1457,315.3301,315.9089,16641902
2022-01-21,314.1625,317.6553,302.4167,302.5464,28364134
2022-01-24,297.2274,308.8933,288.4155,308.0750,38195549
2022-01-25,299.3330,305.6001,296.9679,299.5326,24740170
2022-01-26,306.3785,306.8775,290.2518,294.0240,28148471
2022-01-27,297.1396,301.0884,293.6547,294.0340,21421023
2022-01-28,295.0123,301.2790,292.4306,301.0894,21737140
2022-01-31,300.0615,313.1446,298.7043,312.6157,21484575
2022-02-01,313.9080,319.0023,311.4780,318.3439,17540828
2022-02-02,327.1457,327.3253,316.2229,322.3356,45369674
2022-02-03,244.1418,247.4899,235.2601,237.2710,185731854
2022-02-04,234.4867,242.1109,229.6367,236.6023,89342247
2022-02-07,237.2111,237.8098,223.5492,224.4474,87950389
2022-02-08,220.3957,225.3056,215.7054,219.7271,93919996
2022-02-09,223.7388,232.8900,221.7529,231.5228,85911071
2022-02-10,227.8005,234.5166,226.2337,227.6009,46789058
2022-02-11,227.9901,229.9461,218.3201,219.0984,45881978
2022-02-14,218.8589,220.5454,214.3382,217.2522,38013472
2022-02-15,220.0165,220.6951,214.6176,220.5454,42401482
2022-02-16,211.9731,217.0127,211.9232,216.0946,45678260
2022-02-17,213.5798,217.0526,206.7340,207.2828,38333068
2022-02-18,208.9593,210.3165,204.7580,205.7360,37128438
2022-02-22,201.9238,207.0532,199.6485,201.6643,39703994
2022-02-23,203.7401,206.5144,197.6426,198.0418,44032176
2022-02-24,190.6670,207.9214,189.8287,207.1730,49708163
2022-02-25,204.5185,210.8853,202.7621,210.0471,37306993
2022-02-28,207.2478,212.7124,206.4046,210.5959,34021138
2022-03-01,209.4383,211.3162,201.8041,203.0714,26774541
2022-03-02,204.3538,208.7198,201.6045,207.6819,29335792
2022-03-03,208.5851,208.6499,201.0057,202.5525,26863071
2022-03-04,201.9537,205.4665,198.3811,199.6485,32021100
2022-03-07,200.3770,200.4768,186.8948,187.0844,38115144
2022-03-08,187.4636,196.2954,185.7272,189.8986,36627917
2022-03-09,195.3374,198.6905,193.5211,198.0917,31776917
2022-03-10,194.4392,195.8763,190.6750,194.8085,24564961
2022-03-11,192.2388,193.1619,186.2860,187.2241,34378812
2022-03-14,186.6453,191.8945,185.4378,186.2461,30919329
2022-03-15,190.4075,191.8845,185.5286,191.6350,31636434
2022-03-16,194.2995,203.3110,194.1199,203.2112,40093054
2022-03-17,201.2851,207.6121,200.6963,207.4125,29287482
2022-03-18,206.2748,216.3541,205.5763,216.0447,51157976
2022-03-21,214.0588,214.2684,207.2029,211.0550,29072837
2022-03-22,210.9352,219.0086,209.7477,216.2044,31934386
2022-03-23,212.8912,216.3529,211.7236,213.0209,23547393
2022-03-24,214.5578,220.2161,214.3482,219.1184,31336499
2022-03-25,220.0564,225.0362,218.4399,221.3637,39854786
2022-03-28,221.6731,223.5792,219.0884,223.1301,25573374
2022-03-29,225.6050,230.4151,224.8266,229.3872,31001537
2022-03-30,228.4392,230.6756,226.2437,227.3813,24713153
2022-03-31,227.9801,228.0200,221.8028,221.9026,24029964
2022-04-01,224.0881,226.8125,222.2419,224.3875,19509371
2022-04-04,225.5152,233.8690,225.3954,233.4089,27254402
2022-04-05,233.5985,236.3728,230.5448,231.3631,29525086
2022-04-06,226.4433,228.5189,220.9496,222.8407,28858753
2022-04-07,223.4694,225.0561,218.1104,222.4914,19696164
2022-04-08,221.9226,224.6669,219.5757,221.8727,18344461
2022-04-11,217.9707,220.1562,214.7771,216.0148,20452089
2022-04-12,219.7820,221.5733,212.6916,213.6995,19780367
2022-04-13,211.3843,216.1645,210.8953,214.5478,19089182
2022-04-14,214.4480,214.5478,209.5681,209.7477,18379455
2022-04-18,209.5681,212.9411,207.8716,210.3365,16493191
2022-04-19,210.0870,217.9806,208.5701,216.8630,19890849
2022-04-20,213.1656,213.7195,198.5108,200.0078,42859593
2022-04-21,201.1853,202.5475,185.1983,187.6832,49158794
2022-04-22,189.9784,192.3236,182.8930,183.7313,36308593
2022-04-25,182.3541,186.7950,181.2814,186.6054,29184244
2022-04-26,186.2461,186.8000,179.1308,180.5778,30872853
2022-04-27,174.0712,180.8372,168.6524,174.5901,62301463
2022-04-28,202.5026,208.1011,192.5032,205.3068,100004980
2022-04-29,204.0395,212.0430,199.4888,200.0577,48734773
2022-05-02,200.7512,211.4442,200.5766,210.6957,49628085
2022-05-03,210.0171,214.4579,207.6620,211.5939,41444078
2022-05-04,210.2167,223.8386,206.5343,222.9505,41197345
2022-05-05,218.2901,219.7171,205.7360,207.8516,41039253
2022-05-06,206.9135,208.9493,200.6065,203.3509,34609497
2022-05-09,199.4290,202.1533,195.1777,195.8064,36042902
2022-05-10,199.0996,202.5425,193.7906,197.2435,34403078
2022-05-11,195.9212,200.2614,187.8828,188.3518,31041408
2022-05-12,186.6703,197.6426,184.3999,190.8466,38238101
2022-05-13,192.1839,199.4789,190.8866,198.2115,24371224
2022-05-16,196.6447,204.9476,195.5270,199.6285,27027775
2022-05-17,201.6993,205.0374,197.9520,202.2032,24747425
2022-05-18,199.5886,200.5866,191.2358,191.8446,23810473
2022-05-19,190.8067,194.8883,189.2100,190.8965,24383466
2022-05-20,194.5690,197.5029,187.4836,193.1419,31286848
2022-05-23,194.7885,196.5872,190.8466,195.8264,22708259
2022-05-24,180.1786,183.2981,175.7478,180.9071,50246717
2022-05-25,180.0289,185.0686,178.9512,183.4519,27561268
2022-05-26,182.5018,192.4335,181.8851,191.2358,22957979
2022-05-27,190.9664,194.9311,189.4096,194.7286,22562727
2022-05-31,194.4841,197.1936,191.6151,193.2417,25915926
2022-06-01,196.1058,199.1196,184.6195,188.2520,36393928
2022-06-02,188.0624,200.5217,187.3439,198.4510,31488870
2022-06-03,195.5769,196.2056,189.3896,190.3876,19284201
2022-06-06,193.5910,196.5150,188.0125,193.8505,30425523
2022-06-07,191.5352,196.1258,191.0961,195.2476,18763822
2022-06-08,194.2696,201.6144,194.0101,196.2355,22226393
2022-06-09,193.8804,199.0398,183.3022,183.6215,23302624
2022-06-10,182.6635,182.7234,174.6600,175.2089,27421551
2022-06-13,170.2391,172.2200,163.6926,163.9221,31562448
2022-06-14,165.6885,166.4070,161.0282,163.3932,26771547
2022-06-15,166.8561,171.8059,163.6377,169.0017,29806123
2022-06-16,163.3832,164.7405,159.2817,160.5391,26633885
2022-06-17,161.3474,165.5588,159.5711,163.4032,31374215
2022-06-21,165.5887,167.4149,155.6492,156.7270,50474942
2022-06-22,158.0542,160.4593,155.1203,155.5294,46301753
2022-06-23,155.9486,159.4214,153.9327,158.4235,39967911
2022-06-24,161.3924,169.8998,160.9682,169.8100,49918734
2022-06-27,170.9676,171.3967,167.6644,169.1414,28744207
2022-06-28,169.5505,170.9477,160.2796,160.3495,27669349
2022-06-29,163.2336,165.9879,159.9902,163.6028,28529359
2022-06-30,161.8165,164.8901,158.1640,160.9183,34979464
2022-07-01,159.9803,160.2896,154.6812,159.7008,31423933
2022-07-05,157.8147,167.9039,156.6970,167.8441,28545018
2022-07-06,167.8540,171.2371,165.1197,169.4208,23043122
2022-07-07,169.1015,172.3647,167.4349,171.8358,23894755
2022-07-08,169.6304,172.0454,167.8042,170.5285,19156561
2022-07-11,166.7214,167.1455,161.5770,162.5450,21712128
2022-07-12,164.4610,165.5694,161.7666,162.9342,16582731
2022-07-13,159.8306,164.6407,159.2844,163.1537,16493799
2022-07-14,160.8884,162.2556,156.9566,157.7249,23517402
2022-07-15,160.2098,164.6407,159.4913,164.3612,22490535
2022-07-18,166.4070,171.3319,165.2993,166.8860,23526695
2022-07-19,170.0196,176.1270,169.1613,175.4184,25762790
2022-07-20,177.1199,183.2224,176.3365,182.7134,24519258
2022-07-21,180.2585,183.4718,178.5021,182.7932,26065648
2022-07-22,172.7140,175.2383,168.0636,168.9218,41933652
2022-07-25,168.6524,170.2192,164.4660,166.3072,26166326
2022-07-26,165.5987,165.6586,157.6251,158.8226,26572448
2022-07-27,162.2556,170.5185,161.6867,169.2312,39139452
2022-07-28,160.7287,161.1778,154.5315,160.3894,72564850
2022-07-29,157.3657,159.8106,154.8508,158.7728,41913823
2022-08-01,156.9266,164.8502,154.9108,159.6010,40515749
2022-08-02,157.9844,161.9063,157.6850,159.8605,27229980
2022-08-03,162.3554,169.1913,161.2377,168.4528,31647687
2022-08-04,167.9488,171.7959,166.4569,170.2192,23787341
2022-08-05,166.6465,171.2590,165.4590,166.7663,25764236
2022-08-08,167.6544,177.1449,166.7862,169.8998,27219144
2022-08-09,168.6025,169.1813,166.2573,168.1834,18615386
2022-08-10,175.6280,180.1088,173.5922,177.9732,30076879
2022-08-11,179.3404,182.7234,176.0072,177.1249,23989022
2022-08-12,180.4381,181.0840,178.5430,180.1287,21158197
2022-08-15,178.5919,181.0668,177.8335,180.5179,15840306
2022-08-16,179.0709,180.6177,176.6709,179.1009,21038049
2022-08-17,176.3964,177.7736,173.8118,174.4904,20043895
2022-08-18,173.9814,175.3985,171.5065,174.3007,18755790
2022-08-19,169.8499,171.9656,166.7064,167.6145,26104473
2022-08-22,165.1496,165.1496,161.9263,162.7146,19138393
2022-08-23,162.1458,164.7105,160.3695,160.7786,17960351
2022-08-24,160.2697,165.1197,159.4414,162.9242,20891481
2022-08-25,164.8402,168.5326,163.6826,168.4328,15462647
2022-08-26,168.1335,170.5684,161.3401,161.4472,23921121
2022-08-29,160.3246,162.7146,158.6829,158.8426,19771863
2022-08-30,160.0252,161.3275,155.5893,156.8367,19417622
2022-08-31,166.7264,167.4948,161.8065,162.5949,40750170
2022-09-01,163.2435,167.0157,160.0152,165.0199,30074533
2022-09-02,167.1056,167.5846,158.8925,159.9902,22634191
2022-09-06,159.7707,161.3574,157.3657,158.2139,19282598
2022-09-07,157.4355,160.6239,156.4875,160.0601,16768207
2022-09-08,158.3836,161.8963,157.4155,161.7267,22261089
2022-09-09,162.9122,169.1913,162.6847,168.8021,22000101
2022-09-12,167.0457,171.0375,166.9359,168.6125,23168049
2022-09-13,161.2077,161.2975,152.3560,152.8150,44225414
2022-09-14,153.0146,153.2242,148.7434,151.1584,42956161
2022-09-15,149.4919,153.8812,148.3941,149.2424,34389011
2022-09-16,147.7455,148.2744,143.9967,145.9891,39978411
2022-09-19,144.9363,148.2744,144.8015,147.7155,22039819
2022-09-20,145.4752,148.5339,144.9213,145.7895,23138290
2022-09-21,146.0889,149.2923,141.7079,141.8277,38008475
2022-09-22,141.2588,144.2826,140.5802,142.5262,34162531
2022-09-23,141.1291,142.3266,138.6043,140.1212,31495005
2022-09-26,139.8318,141.9474,135.9099,136.0895,30214305
2022-09-27,137.6363,139.1332,133.8442,134.1236,30553478
2022-09-28,134.3431,141.7379,133.9938,141.3187,32498013
2022-09-29,139.0734,139.5524,134.9219,136.1294,38929048
2022-09-30,135.7702,140.7000,135.2213,135.4009,33071008
2022-10-03,136.8579,139.3328,135.8201,138.3249,27564372
2022-10-04,140.2010,142.0972,139.0534,139.9915,34533204
2022-10-05,137.9557,139.9216,134.5028,138.6941,27896351
2022-10-06,137.4317,141.1591,136.3190,138.7840,36094766
2022-10-07,136.4787,138.0056,132.1676,133.1755,33095256
2022-10-10,133.2753,135.8300,131.5988,133.5148,23840746
2022-10-11,131.3493,132.3871,126.7288,128.2756,37646266
2022-10-12,128.0561,129.4033,125.9903,127.2377,34456053
2022-10-13,123.2759,130.8703,122.2781,130.0220,34280389
2022-10-14,130.7305,131.5189,126.2598,126.4993,23484898
2022-10-17,130.0320,134.5128,129.9122,133.7643,29462152
2022-10-18,136.8030,137.5564,131.1297,132.5268,25274382
2022-10-19,132.6167,136.7182,131.9480,132.9560,30528337
2022-10-20,132.6566,136.4887,131.0399,131.2595,25118550
2022-10-21,126.0502,129.8524,125.1820,129.7426,46143364
2022-10-24,126.9883,133.2054,124.3138,129.4532,63433057
2022-10-25,130.6058,138.0654,130.3214,137.2272,37709658
2022-10-26,131.4092,135.2712,128.2656,129.5530,63660693
2022-10-27,97.7735,102.2892,96.1818,97.7385,230333238
2022-10-28,99.3752,100.6426,97.3094,98.9960,94790631
2022-10-31,98.0180,99.1157,92.4095,92.9684,120740613
2022-11-01,94.1360,97.2895,93.3576,95.0042,109609095
2022-11-02,94.0112,95.0042,90.2939,90.3538,71135584
2022-11-03,89.8947,90.2715,88.2282,88.7271,59762476
2022-11-04,90.1642,91.2020,87.9088,90.6033,54596929
2022-11-07,94.5850,96.6807,92.9085,96.5211,81540059
2022-11-08,95.7227,97.5988,94.5950,96.2716,51435123
2022-11-09,101.5108,104.6842,100.5328,101.2613,107344698
2022-11-10,106.8997,112.5181,104.3948,111.6399,79615065
2022-11-11,109.0053,114.6637,108.5862,112.7875,59021083
2022-11-14,110.7617,116.0308,110.5721,113.9851,53147759
2022-11-15,115.8313,118.4958,114.1763,116.8392,50548611
2022-11-16,114.2645,115.8362,112.4283,112.9971,32439859
2022-11-17,110.1829,112.0990,109.5742,111.2208,35073536
2022-11-18,113.5659,114.0849,110.3925,111.8195,33259290
2022-11-21,111.2906,112.1388,108.9654,109.6340,23642362
2022-11-22,109.6340,111.3904,108.0988,111.2108,28976029
2022-11-23,111.4902,112.4383,110.5022,112.0091,21343083
2022-11-25,111.0711,112.4981,110.7916,111.1808,11995623
2022-11-28,110.5521,111.8095,108.1571,108.5563,23294738
2022-11-29,109.3147,110.7118,108.3204,109.2349,23358029
2022-11-30,109.2798,117.9170,109.1550,117.8571,42961499
2022-12-01,118.9528,120.9507,118.1565,120.1923,36486672
2022-12-02,117.5876,123.7849,117.3681,123.2360,39821914
2022-12-05,121.4996,124.4136,121.1004,122.1782,35400046
2022-12-06,119.6634,120.3020,113.5061,113.8853,43599058
2022-12-07,113.5260,115.6416,112.6478,113.6957,28903648
2022-12-08,116.1506,117.0986,114.3543,115.0928,29504305
2022-12-09,115.0628,117.2982,113.6358,115.6616,25627798
2022-12-12,114.9431,115.4820,112.9073,114.4741,24436750
2022-12-13,121.8788,123.0464,118.3960,119.9029,44266984
2022-12-14,119.1444,123.8847,119.1444,121.3399,36660075
2022-12-15,118.0866,118.3810,113.7755,115.9111,34465870
2022-12-16,119.9827,123.0564,118.5770,119.1843,67006304
2022-12-19,116.5897,117.5577,114.0958,114.2445,29531870
2022-12-20,113.0270,117.0887,112.2287,116.8492,28667796
2022-12-21,116.4600,120.0925,115.3822,119.5137,20363538
2022-12-22,116.9589,118.3760,114.1447,116.8791,23522542
2022-12-23,115.7913,117.9319,115.2974,117.7972,17796625
2022-12-27,117.6874,118.3561,115.8114,116.6396,20394399
2022-12-28,116.0109,117.9070,115.2724,115.3822,19543597
2022-12-29,116.1606,120.7811,115.5319,120.0126,22301621
2022-12-30,117.9170,120.1723,117.4978,120.0925,19583825
2023-01-03,122.5674,126.1101,122.0285,124.4834,35376001
2023-01-04,127.1180,128.7844,125.5911,127.1080,32228546
2023-01-05,125.8656,128.2557,124.2838,126.6789,25339282
2023-01-06,128.7047,130.0619,125.7808,129.7526,27530824
2023-01-09,130.8902,132.6765,129.0141,129.2037,26469292
2023-01-10,127.0082,133.1655,126.8885,132.7165,28074287
2023-01-11,130.6906,133.5741,130.0719,132.6167,25365083
2023-01-12,133.1655,137.3949,131.4890,136.4288,30695099
2023-01-13,134.6924,137.1074,134.5577,136.6982,22423839
2023-01-17,135.8959,136.4687,133.9739,135.0816,21086999
2023-01-18,135.5307,136.9677,132.5268,132.7464,20146372
2023-01-19,132.2175,137.1673,131.8682,135.8700,28461987
2023-01-20,135.6105,139.6522,134.3331,139.0833,28575122
2023-01-23,139.0035,143.4643,138.3748,142.9753,26900001
2023-01-24,141.3986,144.7018,141.0692,142.8456,21730855
2023-01-25,140.9295,142.8755,140.0214,141.2090,26419639
2023-01-26,144.1030,147.2066,143.0052,146.9970,25360791
2023-01-27,147.9321,152.8749,147.0868,151.4279,35690019
2023-01-30,149.0977,150.8125,146.6477,146.7575,27670838
2023-01-31,147.6457,149.5717,147.2166,148.6636,29251481
2023-02-01,147.7255,153.2641,146.7575,152.8051,46975454
2023-02-02,183.0028,196.7545,179.7894,188.3817,150064865
2023-02-03,183.0876,196.3653,182.5138,186.1463,76617200
2023-02-06,186.1463,190.3078,185.1340,185.6773,42181161
2023-02-07,185.1933,193.3813,184.0207,191.2259,45703434
2023-02-08,189.6092,190.4375,182.5438,183.0527,35955027
2023-02-09,185.7472,186.2661,176.9054,177.5540,36937102
2023-02-10,175.9907,178.5220,172.9934,173.7918,33343466
2023-02-13,177.8484,180.6277,175.4584,179.0609,31405142
2023-02-14,176.7956,181.1331,175.5182,179.1108,23968793
2023-02-15,176.0521,177.8235,174.9694,176.7956,24919871
2023-02-16,172.3947,175.4883,171.4366,172.0853,25704711
2023-02-17,169.8699,172.8238,169.3509,172.5244,24171260
2023-02-21,173.9515,177.8035,171.5265,171.7261,32716708
2023-02-22,170.7181,172.3997,169.3410,170.7680,20572828
2023-02-23,171.6462,173.3327,169.0316,171.6861,19156286
2023-02-24,168.2931,170.3689,167.3151,170.0395,19729838
2023-02-27,171.5215,172.7639,168.7123,169.1913,18307881
2023-02-28,171.5464,177.1848,171.5165,174.5802,44239795
2023-03-01,174.2309,177.4842,172.6941,173.0633,29149676
2023-03-02,172.0254,174.6500,171.0774,174.1710,17330540
2023-03-03,178.5520,186.2361,176.6858,184.8690,43846329
2023-03-06,187.6133,189.2699,184.2602,184.5197,31735189
2023-03-07,188.6113,189.9685,183.6315,184.1305,35147189
2023-03-08,182.4939,184.8789,180.9670,184.5895,19356417
2023-03-09,185.9667,188.5414,179.9291,181.3163,26505698
2023-03-10,180.6377,184.3900,178.4322,179.1408,25263204
2023-03-13,177.5940,183.4020,174.4604,180.5279,24676845
2023-03-14,187.1942,193.9203,186.1763,193.6209,41023631
2023-03-15,192.5531,197.3732,190.4426,197.3433,41194242
2023-03-16,197.8522,205.3368,195.6853,204.5085,50428386
2023-03-17,200.1475,201.4847,195.0284,195.2077,49937380
2023-03-20,198.0718,198.9499,193.2417,197.4031,25140028
2023-03-21,202.7820,203.1313,197.5428,201.7442,31476179
2023-03-22,202.0835,206.9435,199.2593,199.3990,28035186
2023-03-23,202.4228,207.4524,201.7342,203.8598,27174432
2023-03-24,204.7580,207.1530,203.1313,205.5863,27647596
2023-03-27,204.3887,205.4366,200.9458,202.4228,18452312
2023-03-28,199.7383,200.6165,197.4929,200.2672,19090325
2023-03-29,203.1413,205.2969,202.1189,204.9276,18811276
2023-03-30,202.9617,207.6620,202.4028,207.4125,22554509
2023-03-31,206.8137,211.7336,206.3447,211.5041,25388745
2023-04-03,208.4104,213.0470,207.7718,212.6317,17887238
2023-04-04,212.9511,215.7952,212.1028,214.2783,20977958
2023-04-05,213.7095,214.7474,209.5082,211.0450,19331864
2023-04-06,208.8196,216.4938,208.2208,215.6555,26104411
2023-04-10,214.2684,215.2164,210.2267,214.3083,15841652
2023-04-11,215.0368,215.5757,212.9710,213.4101,16348387
2023-04-12,214.3931,216.3940,212.1467,213.5598,18859583
2023-04-13,215.2863,220.6951,215.2464,219.8968,23233212
2023-04-14,217.4318,221.6531,217.1025,221.0344,21532908
2023-04-17,219.3379,220.5245,216.6834,218.4098,15411724
2023-04-18,219.4577,219.9866,215.7653,217.4418,12209744
2023-04-19,213.0329,216.8830,212.4920,215.2563,15798567
2023-04-20,213.0409,216.3042,212.3324,212.6317,16426551
2023-04-21,209.7776,212.9710,209.1489,212.4521,17670990
2023-04-24,213.2355,213.4800,210.2766,212.3523,14357160
2023-04-25,210.3814,210.8255,206.7040,207.1231,18605536
2023-04-26,212.0629,213.6696,208.4504,208.9693,35185227
2023-04-27,239.3966,241.1879,236.2830,238.0693,70784741
2023-04-28,238.5184,239.9355,235.2651,239.8257,39181238
2023-05-01,238.1242,243.4981,235.9736,242.6798,29059445
2023-05-02,242.6798,244.4162,238.4984,238.7479,23169301
2023-05-03,238.9774,241.2528,232.2713,236.5425,33947181
2023-05-04,235.5745,237.7101,232.4473,233.0397,17791031
2023-05-05,231.7623,234.1973,229.3772,232.3012,26906204
2023-05-08,230.9390,235.1354,229.7964,232.7902,14946565
2023-05-09,230.9839,235.3948,230.6047,232.8900,16825199
2023-05-10,235.6842,236.2630,230.2454,232.6006,18705122
2023-05-11,232.5706,237.7200,231.8222,235.3050,20380106
2023-05-12,236.2531,236.4725,230.9739,233.3291,16142268
2023-05-15,236.4327,239.7608,234.8460,238.3687,20618908
2023-05-16,235.3050,239.1421,235.0356,238.3288,18114421
2023-05-17,237.9595,243.3407,237.6502,241.9862,21140588
2023-05-18,240.8037,246.5799,240.6939,246.3423,22813308
2023-05-19,246.9610,248.1785,242.9093,245.1347,21597153
2023-05-22,244.9052,253.0484,244.6158,247.8092,27486372
2023-05-23,246.3023,251.0925,246.1427,246.2325,17670494
2023-05-24,244.7755,249.0758,244.4482,248.6974,17318273
2023-05-25,252.8788,255.0942,248.6575,252.1702,21989756
2023-05-26,252.4098,261.7712,252.1902,261.5010,25768663
2023-05-30,264.7044,268.0974,260.7526,261.9800,23690443
2023-05-31,259.4652,264.4549,257.9184,264.1755,25361238
2023-06-01,265.3531,273.4364,265.3431,272.0493,25282488
2023-06-02,272.0992,274.7836,270.5623,272.0493,19347544
2023-06-05,269.7440,275.0032,269.0055,270.8318,20570383
2023-06-06,269.5844,276.0011,269.1353,270.5623,19261029
2023-06-07,271.1112,273.6859,262.2595,263.0578,25495231
2023-06-08,260.0839,267.0995,258.3475,264.0358,20759056
2023-06-09,261.9401,267.3979,261.1617,264.4050,16879645
2023-06-12,266.6205,271.1910,264.7842,270.4925,15384567
2023-06-13,274.3146,275.1529,268.5388,270.7619,16086191
2023-06-14,271.3308,274.4244,267.7631,272.7878,18881655
2023-06-15,271.7399,283.4059,270.8617,281.2503,25849519
2023-06-16,284.1643,287.2579,279.5538,280.4220,43127731
2023-06-20,278.1567,284.2142,275.6518,283.7452,20668630
2023-06-21,282.9468,283.4158,277.7874,281.0607,19918615
2023-06-22,278.5060,284.6733,277.2186,284.2940,17274787
2023-06-23,280.9310,289.0742,278.3762,288.1361,50983140
2023-06-26,288.1062,289.1939,277.0290,277.8972,24061917
2023-06-27,281.4299,288.7499,280.0777,286.4596,25809172
2023-06-28,284.2342,288.9544,283.4757,284.7032,16581229
2023-06-29,283.9148,285.9806,280.1127,280.9509,15305401
2023-06-30,284.1743,288.4555,283.8300,286.3897,19526896
2023-07-03,286.1103,288.8047,284.2640,285.4317,8629269
2023-07-05,287.0583,297.5068,285.7710,293.7645,33539399
2023-07-06,295.2764,297.5068,290.7108,291.3894,47438489
2023-07-07,291.5790,295.5908,288.0663,289.9324,25468176
2023-07-10,294.9421,297.5168,286.4596,293.4951,36862401
2023-07-11,293.2955,299.5626,291.2996,297.6765,27545631
2023-07-12,301.1243,308.8135,299.4831,308.7037,36413252
2023-07-13,312.9749,315.5895,309.6519,312.7654,30138488
2023-07-14,311.1487,314.2323,306.7290,308.2347,22634510
2023-07-17,306.9074,311.0689,304.0832,309.9811,25092193
2023-07-18,310.2356,313.5537,306.9861,311.4082,20545902
2023-07-19,312.3861,318.0245,309.8813,315.3600,21347159
2023-07-20,312.8552,314.8910,301.5984,301.8978,23618835
2023-07-21,303.9435,304.8317,290.6010,293.6547,41883333
2023-07-24,295.1716,296.9080,287.7071,291.0102,24271790
2023-07-25,294.5828,297.6864,291.2597,293.8643,18809328
2023-07-26,300.5705,301.1493,291.2996,297.9559,45725455
2023-07-27,324.4513,324.6808,309.2027,311.0689,63721520
2023-07-28,316.2232,325.5290,313.6017,324.8105,39005761
2023-07-31,323.0242,324.9901,316.9368,317.9447,24224777
2023-08-01,316.8819,323.4733,314.0128,322.0462,22663021
2023-08-02,317.3459,317.7351,310.0110,313.6635,20223203
2023-08-03,309.2925,315.3000,309.2925,312.5458,15059300
2023-08-04,314.3122,317.7551,309.5620,310.0909,17542530
2023-08-07,312.5857,316.4178,309.8214,315.9089,16180824
2023-08-08,313.7533,317.2361,309.4721,311.9969,15138307
2023-08-09,312.2364,312.9849,302.2271,304.5822,18854283
2023-08-10,307.3066,311.6966,303.2450,305.1111,14301795
2023-08-11,301.9477,304.0932,299.7422,301.0196,13959041
2023-08-14,300.3609,305.5802,297.6365,305.5602,15376384
2023-08-15,305.5103,306.5981,299.4129,301.3289,11550281
2023-08-16,299.5775,300.4607,293.6747,293.6847,18086986
2023-08-17,292.4472,295.4411,284.3639,284.5036,23721334
2023-08-18,278.4561,285.1024,273.8156,282.6674,34061083
2023-08-21,282.8670,289.9025,281.2703,289.3037,18584536
2023-08-22,291.9483,292.2975,286.1602,287.0084,12704844
2023-08-23,287.9066,296.7883,287.0783,293.6348,16551154
2023-08-24,297.8860,298.8440,286.0504,286.1602,16451462
2023-08-25,285.5415,287.7928,275.4622,284.9128,23490810
2023-08-28,287.4076,290.8505,285.2121,289.6630,14028624
2023-08-29,287.9914,298.5347,287.5872,297.3771,20209216
2023-08-30,296.5588,297.6765,292.8265,294.4930,17491920
2023-08-31,295.1916,300.4807,295.0519,295.2814,17184211
2023-09-01,298.7542,301.1194,293.8643,295.7704,12842257
2023-09-05,296.4091,300.7701,294.9022,299.5326,14793449
2023-09-06,301.0894,302.6761,295.0519,298.5546,15132163
2023-09-07,297.3871,306.4183,291.6189,298.0557,33147458
2023-09-08,298.6045,304.6221,296.1696,297.2773,17276715
2023-09-11,300.7900,308.4043,300.6603,306.9274,19417055
2023-09-12,305.6999,308.0250,299.6125,301.0395,13201176
2023-09-13,301.7381,306.5482,300.7008,304.4325,12746516
2023-09-14,306.1091,312.2265,304.4026,311.0788,19283438
2023-09-15,310.9691,311.3583,298.1355,299.6923,27576051
2023-09-18,297.5767,302.9755,297.1875,301.9277,13649732
2023-09-19,301.8578,305.5402,299.1933,304.4425,15796721
2023-09-20,304.4225,307.4264,298.8141,299.0536,18763607
2023-09-21,295.0918,299.6390,292.6668,295.1217,20995376
2023-09-22,298.6844,304.7519,297.6565,298.4648,24384236
2023-09-25,295.0319,300.3310,293.0959,300.2112,17285559
2023-09-26,297.0478,299.6822,295.4012,298.3451,19313955
2023-09-27,299.8320,300.6800,286.2001,297.1276,36404390
2023-09-28,298.3201,305.6998,296.0897,303.3348,21742745
2023-09-29,306.7478,310.0011,298.7443,299.5925,25324847
2023-10-02,302.1173,306.5482,301.0096,306.1889,16203936
2023-10-03,303.6342,306.1390,299.0237,300.3210,17273749
2023-10-04,298.1106,306.2687,297.8860,304.9515,16820210
2023-10-05,303.9984,305.5782,298.8840,304.1631,19096647
2023-10-06,300.8200,315.6594,300.2959,314.7812,21258110
2023-10-09,311.8572,319.6711,311.1786,317.7052,22119375
2023-10-10,318.4636,323.9922,317.5056,321.1780,18972651
2023-10-11,322.3406,328.1586,322.2857,327.1457,21389951
2023-10-12,327.3253,329.8601,322.0263,323.4932,20071782
2023-10-13,322.8645,324.3816,311.7275,314.0427,21151820
2023-10-16,317.9846,321.1581,314.8710,320.4894,16059207
2023-10-17,317.5255,323.7327,316.6474,323.3336,16287586
2023-10-18,320.7289,325.2696,314.9109,316.3180,16804319
2023-10-19,319.2171,321.2279,311.1092,312.1666,17860584
2023-10-20,313.4939,314.6515,305.8396,308.0151,21722761
2023-10-23,308.8634,316.7072,306.6280,313.3641,17471232
2023-10-24,316.1284,317.6952,309.9911,311.9071,18338924
2023-10-25,309.3624,310.2406,298.2253,298.9139,37405734
2023-10-26,294.3932,294.3932,278.8283,287.7569,65773116
2023-10-27,293.8743,298.6944,292.3674,296.1197,29531901
2023-10-30,298.4748,308.7603,298.4349,302.0375,27536438
2023-10-31,302.6861,303.0554,296.2494,300.6503,18045601
2023-11-01,301.2291,312.0967,301.2291,311.2086,20033005
2023-11-02,316.6474,318.1642,307.6958,310.2306,21478146
2023-11-03,311.9071,314.9010,310.3770,313.9529,16654979
2023-11-06,315.3301,317.6752,313.8032,315.1504,12847346
2023-11-07,316.4078,320.3397,314.4718,318.1642,14000492
2023-11-08,317.4856,320.6691,314.2323,319.1223,12867733
2023-11-09,318.7610,323.5131,318.1443,319.8907,14949310
2023-11-10,319.2819,328.4231,318.8029,328.0938,18496071
2023-11-13,325.5290,331.6464,325.0301,328.5129,16050221
2023-11-14,333.8519,337.4046,332.6444,335.6183,17040366
2023-11-15,337.2349,337.7040,329.3412,332.0257,14448261
2023-11-16,328.6925,333.8918,325.7087,333.5026,18510522
2023-11-17,329.5807,334.8099,328.6726,334.3509,14454511
2023-11-20,334.2012,341.1668,333.5026,339.2707,16736052
2023-11-21,337.6341,339.2024,335.2091,336.2869,11953985
2023-11-22,338.5123,342.2147,337.8836,340.7876,10715177
2023-11-24,339.4304,341.1524,336.0773,337.5343,5462550
2023-11-27,335.4885,339.2009,333.5126,334.0116,15646335
2023-11-28,332.7142,338.6769,332.7142,338.2927,12390592
2023-11-29,338.9913,339.2009,330.0996,331.5167,15979637
2023-11-30,331.2073,332.8140,321.7406,326.4771,22402528
2023-12-01,324.8105,326.1877,320.1002,324.1519,14690339
2023-12-04,316.6374,320.2000,313.0148,319.3618,18997667
2023-12-05,318.3239,321.2179,314.7413,317.6353,15889806
2023-12-06,321.2678,321.5872,316.3879,316.7970,11264491
2023-12-07,317.1164,327.5649,317.1164,325.9182,15706309
2023-12-08,322.4254,332.4847,322.3356,332.0656,13549558
2023-12-11,328.7225,329.2115,319.3368,324.6109,25463736
2023-12-12,323.9323,333.7820,323.8924,333.5326,17975705
2023-12-13,333.2431,337.6740,331.9558,334.0515,16203331
2023-12-14,333.1633,334.0116,327.9611,332.4847,19340019
2023-12-15,331.3071,337.9634,330.5387,334.2311,29999101
2023-12-18,336.7858,346.8451,336.3268,343.9112,18358570
2023-12-19,344.8692,352.8727,344.4101,349.6394,17661395
2023-12-20,347.9329,354.2299,347.0746,348.5616,15990372
2023-12-21,352.2540,355.6719,348.4917,353.3617,15229998
2023-12-22,354.8486,356.4652,350.4976,352.6631,11772779
2023-12-26,354.2598,356.2457,352.7230,354.1002,9849739
2023-12-27,355.3376,358.2616,354.5792,357.0940,12705142
2023-12-28,358.9601,361.1556,357.0740,357.5830,11738147
2023-12-29,358.2516,359.2595,351.0963,353.2319,14987092
2024-01-02,350.5974,352.4336,339.3106,345.5777,18048153
2024-01-03,344.2704,347.2343,342.4691,343.7615,14275185
2024-01-04,343.7914,347.4338,342.6924,346.4060,11662557
2024-01-05,346.2763,352.7729,345.5479,351.2261,13668551
2024-01-08,353.9704,358.2416,351.3259,357.9223,13553873
2024-01-09,355.6669,359.8982,354.6291,356.6948,13343430
2024-01-10,359.4292,372.1729,358.3414,369.7080,22024099
2024-01-11,371.3646,372.0132,362.1835,368.9096,16894039
2024-01-12,369.3936,376.2844,368.7799,373.7197,19310046
2024-01-16,372.8814,374.8374,366.4747,366.7042,15256347
2024-01-17,365.5466,367.7820,357.8724,367.6123,12657904
2024-01-18,370.7259,376.0749,370.1870,375.3563,15934880
2024-01-19,378.2204,383.5694,377.1926,382.6613,19052354
2024-01-22,387.1520,389.5496,380.3761,380.9947,17489663
2024-01-23,383.8239,387.5812,381.2891,384.4077,15448049
2024-01-24,389.1978,395.3352,387.0123,389.8964,15555621
2024-01-25,389.3675,394.6765,384.8667,392.3713,14613212
2024-01-26,393.5389,395.9739,390.7853,393.3293,13024654
2024-01-29,394.1726,402.1012,392.2914,400.1952,17789199
2024-01-30,402.7599,405.5242,398.7481,399.2371,18057258
2024-01-31,388.1999,397.1814,386.3038,389.3375,20013594
2024-02-01,393.1297,399.6762,392.2415,393.9680,25110266
2024-02-02,458.6547,484.9604,452.0782,474.0130,84391922
2024-02-05,468.9135,470.9294,458.2754,458.4651,40561233
2024-02-06,463.0456,466.1592,452.0682,453.7847,21538168
2024-02-07,457.0580,470.5501,455.2390,468.6241,22911857
2024-02-08,467.3567,469.6221,464.0735,469.0333,18764756
2024-02-09,471.9772,472.6159,466.5035,467.1472,18170087
2024-02-12,467.2270,478.1595,465.6203,467.9355,19340374
2024-02-13,455.9303,466.9276,454.1539,459.1736,19117077
2024-02-14,466.9675,473.1348,465.1314,472.3065,16582545
2024-02-15,474.3024,487.6150,471.2487,483.0344,22944421
2024-02-16,477.1266,477.9748,468.2449,472.3464,23324620
2024-02-20,468.7489,475.2006,465.6003,470.7797,17933421
2024-02-21,466.0378,468.5353,461.3325,467.5663,12190054
2024-02-22,479.7642,489.5045,475.5901,485.6484,21257629
2024-02-23,487.5665,493.8701,481.8703,483.5504,17861129
2024-02-26,482.9910,485.6583,480.1238,481.2627,11727121
2024-02-27,479.4995,486.7872,479.4445,486.5674,10791955
2024-02-28,484.5195,490.5635,482.2717,483.5404,12180233
2024-02-29,487.9561,491.2128,482.1318,489.6444,17043898
2024-03-01,491.6224,503.7504,491.3627,501.8023,15728176
2024-03-04,502.5016,503.9202,495.9282,497.6964,12277260
2024-03-05,494.5096,495.0890,487.4066,489.7343,14429968
2024-03-06,497.1370,502.4717,493.8023,495.5985,11520573
2024-03-07,502.7814,519.3350,500.8832,511.6825,18124317
2024-03-08,513.6806,523.0513,498.8553,505.4487,18029444
2024-03-11,496.5176,496.8253,475.5284,483.1109,19982445
2024-03-12,492.7713,501.8123,484.2497,499.2549,15362157
2024-03-13,494.8992,500.4836,490.5453,495.0790,11937907
2024-03-14,499.7594,500.8533,487.6763,491.3427,12571134
2024-03-15,488.5255,491.3427,480.8232,483.6204,28583888
2024-03-18,491.4226,496.9272,486.3277,496.4876,11523234
2024-03-19,487.6863,496.1376,480.8032,495.7483,10888627
2024-03-20,499.0051,507.6964,494.6794,505.0191,11625280
2024-03-21,514.2000,514.5297,505.5087,507.2569,9677831
2024-03-22,506.4977,509.4647,503.8403,509.0751,8062190
2024-03-25,505.2889,506.7175,499.7455,502.5216,8346423
2024-03-26,504.6295,509.4947,494.7231,495.3987,11138702
2024-03-27,498.8053,499.3947,487.5864,493.3707,9921775
2024-03-28,492.3517,492.4017,484.6693,485.0989,15212764
2024-04-01,486.7173,496.9372,481.3027,490.8632,9013459
2024-04-02,484.6194,497.0371,484.1698,496.8772,10989041
2024-04-03,498.4357,506.7374,498.2559,506.2379,12001199
2024-04-04,515.9083,529.4749,510.0741,510.4138,26207031
2024-04-05,516.3429,530.1742,513.9002,526.8175,19178665
2024-04-08,528.7556,530.9633,518.3759,518.7355,13126009
2024-04-09,521.7126,525.3490,506.2379,516.3879,10644177
2024-04-10,508.7854,522.0422,505.2989,519.3150,11375517
2024-04-11,520.5937,523.3410,516.7775,522.6417,10292286
2024-04-12,517.2370,519.6745,508.8254,511.3928,11886622
2024-04-15,516.2081,518.0163,496.7873,499.7344,13062861
2024-04-16,497.6165,504.2698,496.6175,499.2649,9804968
2024-04-17,502.6015,502.6615,486.6574,493.6804,12138306
2024-04-18,499.3248,511.7025,498.5456,501.3028,14751260
2024-04-19,502.3018,502.3018,475.2587,480.5934,25136053
2024-04-22,489.2298,491.5225,472.9310,481.2527,17200432
2024-04-23,490.7633,498.2658,488.4855,495.6085,14703960
2024-04-24,507.5566,509.4947,484.0999,493.0111,29332888
2024-04-25,420.9825,445.3283,414.0893,440.9427,82315186
2024-04-26,441.0226,445.9977,431.5320,442.8508,31948729
2024-04-29,439.1245,439.3243,428.1354,432.1914,21441079
2024-04-30,430.6229,439.1843,429.2942,429.7438,17849359
2024-05-01,428.1754,449.5142,426.6868,438.7549,20151279
2024-05-02,438.4052,443.5201,431.8517,441.2424,14724872
2024-05-03,445.4882,453.7200,443.4102,451.5122,16280693
2024-05-06,455.1286,465.6981,452.8908,465.2186,15011156
2024-05-07,465.8280,471.0628,460.8529,467.7761,13305138
2024-05-08,463.0408,475.1088,462.5433,472.1318,11640522
2024-05-09,469.5343,475.6083,467.1667,474.9490,9155908
2024-05-10,476.6173,477.0269,469.1347,475.7282,10721068
2024-05-13,472.2816,472.8810,462.3914,467.5463,14623007
2024-05-14,462.9109,472.0718,459.6242,471.3825,10362021
2024-05-15,474.5094,482.0219,470.7332,481.0629,12516577
2024-05-16,474.5294,477.2167,472.2816,472.7611,16103883
2024-05-17,470.3635,472.3316,467.9559,471.4424,9969760
2024-05-20,469.4844,472.7312,466.5773,468.3755,11315047
2024-05-21,466.6572,470.2336,461.8120,464.1697,11706784
2024-05-22,467.4065,473.2506,465.1886,467.3165,9807021
2024-05-23,472.4115,473.8881,461.0827,465.3185,11700768
2024-05-24,467.1567,479.3745,465.8380,477.7462,12024254
2024-05-28,476.1028,480.3836,474.3695,479.4445,9932987
2024-05-29,474.1897,479.3746,473.2307,473.8900,9178647
2024-05-30,471.2027,471.2626,464.2496,466.5873,10684245
2024-05-31,465.3385,468.6552,454.0098,466.3675,16656006
2024-06-03,470.3935,479.1248,467.7761,477.0169,10831861
2024-06-04,476.5274,478.4155,472.7633,476.5174,6958670
2024-06-05,483.9700,496.1579,483.4306,494.5695,15623388
2024-06-06,492.4916,502.3218,490.4036,493.2708,10643416
2024-06-07,495.4187,498.4157,489.6845,492.4716,8788193
2024-06-10,493.3707,502.1620,492.9211,502.1020,10611884
2024-06-11,499.6645,507.0971,497.7763,506.9672,8581363
2024-06-12,513.4808,513.5007,503.9702,508.3359,11330929
2024-06-13,505.2090,508.8553,500.8633,503.6006,7928861
2024-06-14,502.6500,507.1500,500.7500,504.1600,10004487
2024-06-17,501.6700,510.7500,496.0100,506.6300,11245824
2024-06-18,504.5600,506.0000,495.0200,499.4900,12850339
2024-06-20,502.0000,503.6700,496.7700,501.7000,11134921
2024-06-21,503.4500,503.4500,492.3900,494.7800,22307015
2024-06-24,499.2000,507.8000,494.2900,498.9100,13410972
2024-06-25,497.0500,510.7100,495.5000,510.6000,12063167
2024-06-26,506.6450,513.8100,504.6765,513.1200,8450940
2024-06-27,514.2500,522.8799,513.9000,519.5600,10013441
2024-06-28,517.1500,521.8800,503.8400,504.2200,15757171
2024-07-01,504.9500,506.5800,493.1700,504.6800,10308864
2024-07-02,500.7600,510.5000,499.4500,509.5000,7721350
2024-07-03,506.3700,511.2800,506.0200,509.9600,6003437
2024-07-05,511.6000,540.8700,511.6000,539.9100,21235857
2024-07-08,542.3500,542.8100,526.6500,529.3200,14850235
2024-07-09,533.7500,537.4800,528.1901,530.0000,8725650
2024-07-10,530.7900,538.8800,528.3600,534.6900,10386328
2024-07-11,530.8900,535.4600,508.3733,512.7000,16040506
2024-07-12,497.7550,508.0900,494.2300,498.8700,19592122
2024-07-15,498.6300,506.6799,493.3700,496.1600,11759089
2024-07-16,501.5000,503.9499,485.7900,489.7900,13963440
2024-07-17,479.1700,479.1700,459.1200,461.9900,27999397
2024-07-18,475.0000,479.2393,464.5400,475.8500,18808533
2024-07-19,476.0600,486.7100,475.7100,476.7900,14649352
2024-07-22,486.5750,492.0600,483.9000,487.4000,11901245
2024-07-23,489.8400,495.2200,487.7200,488.6900,9154984
2024-07-24,472.3050,476.3000,460.5800,461.2700,17242336
2024-07-25,463.2600,463.5480,442.6500,453.4100,18169018
2024-07-26,464.1950,469.7700,459.4200,465.7000,14172236
2024-07-29,469.8800,473.9600,465.0200,465.7100,11121241
2024-07-30,467.0000,472.7300,456.7000,463.1900,10923240
2024-07-31,471.0200,476.5000,466.7500,474.8300,21032619
2024-08-01,521.0000,527.1709,492.1000,497.7400,42608597
2024-08-02,489.0000,501.1450,476.1500,488.1400,22838768
2024-08-05,451.3450,483.4800,450.8000,475.7300,21357545
2024-08-06,479.0000,502.5600,478.6500,494.0900,20698953
2024-08-07,503.1300,510.1500,486.8600,488.9200,19697693
