Date,Open,High,Low,Close,Volume
1986-03-13,0.0550,0.0631,0.0550,0.0604,1031788800
1986-03-14,0.0604,0.0636,0.0604,0.0625,308160000
1986-03-17,0.0625,0.0642,0.0625,0.0636,133171200
1986-03-18,0.0636,0.0642,0.0615,0.0620,67766400
1986-03-19,0.0620,0.0625,0.0604,0.0609,47894400
1986-03-20,0.0609,0.0609,0.0588,0.0593,58435200
1986-03-21,0.0593,0.0604,0.0566,0.0577,59990400
1986-03-24,0.0577,0.0577,0.0555,0.0561,65289600
1986-03-25,0.0561,0.0572,0.0555,0.0572,32083200
1986-03-26,0.0572,0.0593,0.0566,0.0588,22752000
1986-03-27,0.0588,0.0598,0.0588,0.0598,16848000
1986-03-31,0.0598,0.0598,0.0582,0.0593,12873600
1986-04-01,0.0593,0.0593,0.0588,0.0588,11088000
1986-04-02,0.0588,0.0604,0.0588,0.0593,27014400
1986-04-03,0.0598,0.0615,0.0598,0.0598,23040000
1986-04-04,0.0598,0.0604,0.0598,0.0598,26582400
1986-04-07,0.0598,0.0604,0.0577,0.0588,16560000
1986-04-08,0.0588,0.0604,0.0588,0.0593,10252800
1986-04-09,0.0593,0.0609,0.0593,0.0604,12153600
1986-04-10,0.0604,0.0615,0.0593,0.0609,13881600
1986-04-11,0.0615,0.0631,0.0615,0.0620,17222400
1986-04-14,0.0620,0.0631,0.0620,0.0625,12153600
1986-04-15,0.0625,0.0625,0.0604,0.0625,9302400
1986-04-16,0.0625,0.0652,0.0620,0.0647,31910400
1986-04-17,0.0647,0.0652,0.0647,0.0652,22003200
1986-04-18,0.0652,0.0652,0.0625,0.0631,21628800
1986-04-21,0.0631,0.0636,0.0615,0.0631,22924800
1986-04-22,0.0631,0.0631,0.0620,0.0620,15552000
1986-04-23,0.0620,0.0625,0.0615,0.0623,15609600
1986-04-24,0.0623,0.0696,0.0620,0.0685,62352000
1986-04-25,0.0690,0.0758,0.0690,0.0728,85795200
1986-04-28,0.0728,0.0739,0.0722,0.0733,28886400
1986-04-29,0.0733,0.0733,0.0706,0.0712,30326400
1986-04-30,0.0712,0.0717,0.0679,0.0696,30902400
1986-05-01,0.0696,0.0696,0.0674,0.0685,54345600
1986-05-02,0.0685,0.0696,0.0679,0.0685,20246400
1986-05-05,0.0685,0.0685,0.0679,0.0679,3254400
1986-05-06,0.0685,0.0696,0.0685,0.0685,9734400
1986-05-07,0.0685,0.0690,0.0674,0.0685,5155200
1986-05-08,0.0685,0.0690,0.0679,0.0690,3542400
1986-05-09,0.0690,0.0690,0.0685,0.0685,6076800
1986-05-12,0.0685,0.0706,0.0685,0.0690,10483200
1986-05-13,0.0690,0.0701,0.0690,0.0696,3830400
1986-05-14,0.0696,0.0696,0.0690,0.0690,9302400
1986-05-15,0.0690,0.0701,0.0690,0.0690,3801600
1986-05-16,0.0690,0.0712,0.0690,0.0696,11952000
1986-05-19,0.0696,0.0696,0.0679,0.0685,11001600
1986-05-20,0.0685,0.0685,0.0674,0.0679,61977600
1986-05-21,0.0679,0.0685,0.0669,0.0669,8092800
1986-05-22,0.0669,0.0674,0.0669,0.0669,4406400
1986-05-23,0.0669,0.0679,0.0669,0.0669,4089600
1986-05-27,0.0669,0.0690,0.0669,0.0690,13881600
1986-05-28,0.0690,0.0712,0.0690,0.0712,15523200
1986-05-29,0.0712,0.0739,0.0706,0.0728,45676800
1986-05-30,0.0733,0.0766,0.0733,0.0755,27072000
1986-06-02,0.0755,0.0755,0.0733,0.0733,19728000
1986-06-03,0.0733,0.0733,0.0722,0.0733,5011200
1986-06-04,0.0733,0.0739,0.0722,0.0728,4723200
1986-06-05,0.0728,0.0739,0.0722,0.0739,13708800
1986-06-06,0.0739,0.0739,0.0728,0.0739,3427200
1986-06-09,0.0739,0.0739,0.0706,0.0706,12672000
1986-06-10,0.0706,0.0706,0.0696,0.0706,3427200
1986-06-11,0.0706,0.0706,0.0696,0.0706,2304000
1986-06-12,0.0706,0.0706,0.0674,0.0679,13708800
1986-06-13,0.0679,0.0685,0.0674,0.0679,7891200
1986-06-16,0.0679,0.0685,0.0669,0.0674,9590400
1986-06-17,0.0679,0.0696,0.0679,0.0685,13075200
1986-06-18,0.0685,0.0685,0.0669,0.0679,4348800
1986-06-19,0.0679,0.0685,0.0669,0.0674,8467200
1986-06-20,0.0674,0.0679,0.0674,0.0677,3801600
1986-06-23,0.0677,0.0685,0.0663,0.0685,46195200
1986-06-24,0.0685,0.0690,0.0674,0.0679,14572800
1986-06-25,0.0679,0.0685,0.0669,0.0669,15235200
1986-06-26,0.0669,0.0674,0.0647,0.0647,19152000
1986-06-27,0.0647,0.0652,0.0636,0.0642,10396800
1986-06-30,0.0642,0.0679,0.0636,0.0663,62352000
1986-07-01,0.0663,0.0663,0.0658,0.0663,47577600
1986-07-02,0.0663,0.0663,0.0658,0.0663,52617600
1986-07-03,0.0669,0.0679,0.0669,0.0674,14140800
1986-07-07,0.0674,0.0674,0.0647,0.0647,14054400
1986-07-08,0.0647,0.0647,0.0625,0.0631,14256000
1986-07-09,0.0631,0.0631,0.0598,0.0604,46137600
1986-07-10,0.0604,0.0609,0.0561,0.0588,46886400
1986-07-11,0.0588,0.0615,0.0588,0.0604,17395200
1986-07-14,0.0588,0.0609,0.0588,0.0596,28598400
1986-07-15,0.0596,0.0615,0.0588,0.0604,13190400
1986-07-16,0.0609,0.0625,0.0609,0.0625,9360000
1986-07-17,0.0625,0.0636,0.0620,0.0636,6940800
1986-07-18,0.0636,0.0647,0.0620,0.0642,12326400
1986-07-21,0.0642,0.0652,0.0642,0.0642,3513600
1986-07-22,0.0642,0.0663,0.0642,0.0663,10512000
1986-07-23,0.0663,0.0674,0.0647,0.0647,20793600
1986-07-24,0.0658,0.0679,0.0658,0.0669,14140800
1986-07-25,0.0669,0.0679,0.0669,0.0674,20448000
1986-07-28,0.0674,0.0674,0.0658,0.0658,11808000
1986-07-29,0.0658,0.0663,0.0631,0.0642,14054400
1986-07-30,0.0642,0.0642,0.0598,0.0620,26409600
1986-07-31,0.0620,0.0625,0.0615,0.0615,15638400
1986-08-01,0.0615,0.0620,0.0604,0.0609,12902400
1986-08-04,0.0609,0.0609,0.0593,0.0609,12441600
1986-08-05,0.0609,0.0615,0.0604,0.0604,2822400
1986-08-06,0.0604,0.0609,0.0588,0.0598,18316800
1986-08-07,0.0598,0.0604,0.0588,0.0593,3657600
1986-08-08,0.0593,0.0609,0.0593,0.0598,4147200
1986-08-11,0.0609,0.0625,0.0609,0.0620,7948800
1986-08-12,0.0620,0.0636,0.0620,0.0636,9993600
1986-08-13,0.0636,0.0642,0.0631,0.0642,6883200
1986-08-14,0.0642,0.0663,0.0642,0.0658,20131200
1986-08-15,0.0658,0.0663,0.0652,0.0660,6105600
1986-08-18,0.0660,0.0663,0.0652,0.0652,12787200
1986-08-19,0.0652,0.0655,0.0642,0.0652,20390400
1986-08-20,0.0652,0.0652,0.0647,0.0647,20764800
1986-08-21,0.0647,0.0658,0.0647,0.0647,49536000
1986-08-22,0.0647,0.0652,0.0625,0.0636,5760000
1986-08-25,0.0636,0.0636,0.0625,0.0636,2419200
1986-08-26,0.0636,0.0636,0.0631,0.0631,10857600
1986-08-27,0.0631,0.0636,0.0625,0.0631,9532800
1986-08-28,0.0631,0.0636,0.0631,0.0631,3427200
1986-08-29,0.0631,0.0636,0.0604,0.0615,25430400
1986-09-02,0.0615,0.0615,0.0590,0.0598,5212800
1986-09-03,0.0593,0.0593,0.0566,0.0582,18316800
1986-09-04,0.0593,0.0631,0.0593,0.0631,39427200
1986-09-05,0.0631,0.0658,0.0625,0.0658,26352000
1986-09-08,0.0658,0.0663,0.0652,0.0652,9619200
1986-09-09,0.0652,0.0679,0.0652,0.0663,37526400
1986-09-10,0.0663,0.0669,0.0652,0.0652,10886400
1986-09-11,0.0652,0.0658,0.0625,0.0625,35654400
1986-09-12,0.0625,0.0631,0.0609,0.0609,24451200
1986-09-15,0.0609,0.0620,0.0598,0.0620,22492800
1986-09-16,0.0620,0.0625,0.0609,0.0620,5184000
1986-09-17,0.0620,0.0647,0.0615,0.0636,8035200
1986-09-18,0.0636,0.0652,0.0636,0.0642,5356800
1986-09-19,0.0642,0.0647,0.0636,0.0642,2505600
1986-09-22,0.0642,0.0642,0.0636,0.0636,4492800
1986-09-23,0.0636,0.0652,0.0636,0.0647,5961600
1986-09-24,0.0647,0.0647,0.0636,0.0639,4780800
1986-09-25,0.0639,0.0642,0.0625,0.0625,5155200
1986-09-26,0.0625,0.0631,0.0620,0.0625,2332800
1986-09-29,0.0625,0.0625,0.0609,0.0609,6192000
1986-09-30,0.0609,0.0620,0.0609,0.0609,5184000
1986-10-01,0.0609,0.0620,0.0593,0.0604,32428800
1986-10-02,0.0604,0.0615,0.0598,0.0604,22723200
1986-10-03,0.0604,0.0615,0.0604,0.0609,14716800
1986-10-06,0.0625,0.0669,0.0625,0.0658,85334400
1986-10-07,0.0658,0.0685,0.0658,0.0671,59788800
1986-10-08,0.0671,0.0698,0.0663,0.0690,119606400
1986-10-09,0.0690,0.0728,0.0690,0.0712,92563200
1986-10-10,0.0712,0.0760,0.0701,0.0744,76752000
1986-10-13,0.0744,0.0744,0.0712,0.0712,27129600
1986-10-14,0.0717,0.0728,0.0717,0.0722,12873600
1986-10-15,0.0722,0.0760,0.0722,0.0755,63532800
1986-10-16,0.0755,0.0760,0.0749,0.0755,21859200
1986-10-17,0.0755,0.0782,0.0755,0.0776,124444800
1986-10-20,0.0776,0.0793,0.0760,0.0782,43545600
1986-10-21,0.0787,0.0814,0.0787,0.0814,112377600
1986-10-22,0.0814,0.0822,0.0809,0.0814,54576000
1986-10-23,0.0814,0.0820,0.0806,0.0814,70444800
1986-10-24,0.0814,0.0814,0.0787,0.0809,101376000
1986-10-27,0.0814,0.0836,0.0814,0.0836,125654400
1986-10-28,0.0836,0.0868,0.0836,0.0855,142646400
1986-10-29,0.0855,0.0857,0.0820,0.0830,53222400
1986-10-30,0.0830,0.0857,0.0825,0.0847,44380800
1986-10-31,0.0847,0.0857,0.0830,0.0836,63734400
1986-11-03,0.0841,0.0857,0.0841,0.0852,42192000
1986-11-04,0.0852,0.0884,0.0852,0.0884,54403200
1986-11-05,0.0884,0.0944,0.0879,0.0938,45100800
1986-11-06,0.0938,0.0981,0.0933,0.0960,72576000
1986-11-07,0.0960,0.0965,0.0938,0.0954,44323200
1986-11-10,0.0954,0.0954,0.0911,0.0917,28684800
1986-11-11,0.0922,0.0933,0.0922,0.0922,11894400
1986-11-12,0.0922,0.0944,0.0911,0.0922,34156800
1986-11-13,0.0922,0.0927,0.0906,0.0909,30211200
1986-11-14,0.0909,0.0917,0.0890,0.0917,18720000
1986-11-17,0.0917,0.0933,0.0906,0.0922,24307200
1986-11-18,0.0922,0.0927,0.0873,0.0873,59673600
1986-11-19,0.0873,0.0911,0.0873,0.0906,48729600
1986-11-20,0.0906,0.0976,0.0906,0.0976,98179200
1986-11-21,0.0981,0.1019,0.0981,0.1008,91065600
1986-11-24,0.1008,0.1095,0.0976,0.1089,173836800
1986-11-25,0.1089,0.1105,0.1084,0.1100,95788800
1986-11-26,0.1100,0.1105,0.1089,0.1089,38793600
1986-11-28,0.1089,0.1095,0.1062,0.1073,41328000
1986-12-01,0.1073,0.1078,0.1046,0.1051,40291200
1986-12-02,0.1057,0.1078,0.1057,0.1057,28771200
1986-12-03,0.1057,0.1068,0.1046,0.1049,35164800
1986-12-04,0.1049,0.1073,0.1041,0.1062,42508800
1986-12-05,0.1062,0.1068,0.1057,0.1057,107510400
1986-12-08,0.1057,0.1068,0.1030,0.1046,22665600
1986-12-09,0.1046,0.1051,0.1035,0.1041,16099200
1986-12-10,0.1041,0.1051,0.1030,0.1049,27590400
1986-12-11,0.1049,0.1062,0.1046,0.1057,11635200
1986-12-12,0.1057,0.1057,0.1019,0.1019,25286400
1986-12-15,0.1019,0.1024,0.0976,0.0992,50774400
1986-12-16,0.0997,0.1019,0.0997,0.1003,77299200
1986-12-17,0.1003,0.1019,0.1003,0.1014,23356800
1986-12-18,0.1014,0.1024,0.1008,0.1022,12672000
1986-12-19,0.1024,0.1057,0.1024,0.1046,56592000
1986-12-22,0.1046,0.1068,0.1046,0.1057,18316800
1986-12-23,0.1057,0.1068,0.1057,0.1068,23788800
1986-12-24,0.1068,0.1068,0.1062,0.1065,7027200
1986-12-26,0.1065,0.1073,0.1062,0.1062,3715200
1986-12-29,0.1062,0.1073,0.1019,0.1019,41702400
1986-12-30,0.1019,0.1035,0.1008,0.1030,25401600
1986-12-31,0.1030,0.1057,0.1030,0.1041,23356800
1987-01-02,0.1041,0.1051,0.1024,0.1030,12643200
1987-01-05,0.1030,0.1100,0.1024,0.1089,48499200
1987-01-06,0.1089,0.1111,0.1084,0.1105,40032000
1987-01-07,0.1105,0.1165,0.1105,0.1165,60998400
1987-01-08,0.1170,0.1213,0.1170,0.1202,61488000
1987-01-09,0.1202,0.1256,0.1197,0.1251,63705600
1987-01-12,0.1251,0.1343,0.1240,0.1332,128793600
1987-01-13,0.1321,0.1321,0.1272,0.1294,76320000
1987-01-14,0.1294,0.1299,0.1267,0.1294,69465600
1987-01-15,0.1294,0.1396,0.1294,0.1364,117014400
1987-01-16,0.1364,0.1364,0.1305,0.1332,65433600
1987-01-19,0.1332,0.1380,0.1305,0.1380,88243200
1987-01-20,0.1380,0.1434,0.1375,0.1402,95760000
1987-01-21,0.1402,0.1499,0.1375,0.1461,108489600
1987-01-22,0.1461,0.1612,0.1418,0.1607,116035200
1987-01-23,0.1607,0.1671,0.1456,0.1456,317894400
1987-01-26,0.1467,0.1499,0.1418,0.1483,116553600
1987-01-27,0.1483,0.1564,0.1483,0.1542,114105600
1987-01-28,0.1542,0.1569,0.1499,0.1547,76723200
1987-01-29,0.1547,0.1564,0.1450,0.1483,79228800
1987-01-30,0.1483,0.1580,0.1461,0.1577,104169600
1987-02-02,0.1577,0.1607,0.1574,0.1574,46915200
1987-02-03,0.1574,0.1591,0.1520,0.1547,59328000
1987-02-04,0.1547,0.1558,0.1531,0.1553,31737600
1987-02-05,0.1553,0.1564,0.1526,0.1542,42652800
1987-02-06,0.1542,0.1550,0.1477,0.1485,45619200
1987-02-09,0.1483,0.1483,0.1464,0.1472,136080000
1987-02-10,0.1472,0.1477,0.1440,0.1477,44668800
1987-02-11,0.1483,0.1547,0.1483,0.1547,60307200
1987-02-12,0.1547,0.1663,0.1547,0.1655,185731200
1987-02-13,0.1655,0.1677,0.1601,0.1639,81763200
1987-02-17,0.1639,0.1655,0.1601,0.1650,70732800
1987-02-18,0.1650,0.1677,0.1542,0.1547,128592000
1987-02-19,0.1542,0.1542,0.1467,0.1483,317750400
1987-02-20,0.1483,0.1483,0.1445,0.1467,87897600
1987-02-23,0.1467,0.1580,0.1434,0.1558,125913600
1987-02-24,0.1558,0.1639,0.1558,0.1634,120816000
1987-02-25,0.1634,0.1663,0.1596,0.1607,65001600
1987-02-26,0.1607,0.1715,0.1574,0.1666,145209600
1987-02-27,0.1666,0.1677,0.1628,0.1655,37555200
1987-03-02,0.1655,0.1655,0.1596,0.1607,79516800
1987-03-03,0.1607,0.1623,0.1585,0.1607,81100800
1987-03-04,0.1607,0.1725,0.1601,0.1720,98179200
1987-03-05,0.1720,0.1839,0.1720,0.1801,128188800
1987-03-06,0.1801,0.1812,0.1752,0.1795,63561600
1987-03-09,0.1795,0.1801,0.1752,0.1763,38275200
1987-03-10,0.1763,0.1839,0.1758,0.1817,74102400
1987-03-11,0.1844,0.1855,0.1822,0.1844,43862400
1987-03-12,0.1844,0.1866,0.1801,0.1852,71337600
1987-03-13,0.1852,0.1866,0.1747,0.1785,105120000
1987-03-16,0.1779,0.1779,0.1720,0.1774,88473600
1987-03-17,0.1774,0.1844,0.1769,0.1833,54547200
1987-03-18,0.1844,0.1946,0.1844,0.1930,119347200
1987-03-19,0.1930,0.1968,0.1898,0.1968,62812800
1987-03-20,0.1968,0.1968,0.1936,0.1946,38246400
1987-03-23,0.1946,0.1973,0.1914,0.1933,67478400
1987-03-24,0.1887,0.1957,0.1887,0.1946,69609600
1987-03-25,0.1946,0.1957,0.1925,0.1938,33840000
1987-03-26,0.1938,0.1941,0.1919,0.1925,33379200
1987-03-27,0.1936,0.2022,0.1936,0.1979,120873600
1987-03-30,0.1979,0.2087,0.1909,0.2087,186134400
1987-03-31,0.2060,0.2135,0.2060,0.2087,125337600
1987-04-01,0.2087,0.2130,0.1952,0.1963,259430400
1987-04-02,0.1995,0.2092,0.1995,0.2049,159955200
1987-04-03,0.2049,0.2162,0.2049,0.2151,155606400
1987-04-06,0.2151,0.2157,0.2103,0.2141,98956800
1987-04-07,0.2141,0.2141,0.2027,0.2027,73728000
1987-04-08,0.2027,0.2108,0.2027,0.2087,106214400
1987-04-09,0.2087,0.2087,0.2033,0.2049,71568000
1987-04-10,0.2049,0.2065,0.2043,0.2062,43372800
1987-04-13,0.2060,0.2060,0.1984,0.1995,50256000
1987-04-14,0.1995,0.2060,0.1963,0.2027,87379200
1987-04-15,0.2043,0.2092,0.2043,0.2070,95961600
1987-04-16,0.2070,0.2167,0.2065,0.2124,188092800
1987-04-20,0.2124,0.2146,0.2060,0.2065,100310400
1987-04-21,0.2065,0.2114,0.2022,0.2097,113184000
1987-04-22,0.2097,0.2130,0.2097,0.2124,74678400
1987-04-23,0.2124,0.2146,0.2092,0.2124,48326400
1987-04-24,0.2124,0.2146,0.2097,0.2135,54172800
1987-04-27,0.2135,0.2151,0.2097,0.2135,53107200
1987-04-28,0.2135,0.2297,0.2114,0.2292,111081600
1987-04-29,0.2292,0.2351,0.2227,0.2227,85161600
1987-04-30,0.2227,0.2292,0.2194,0.2243,88041600
1987-05-01,0.2243,0.2270,0.2216,0.2265,37843200
1987-05-04,0.2265,0.2324,0.2254,0.2308,34531200
1987-05-05,0.2313,0.2496,0.2313,0.2496,110995200
1987-05-06,0.2496,0.2518,0.2426,0.2437,153504000
1987-05-07,0.2437,0.2556,0.2421,0.2550,289699200
1987-05-08,0.2556,0.2766,0.2556,0.2728,150048000
1987-05-11,0.2728,0.2728,0.2650,0.2653,127382400
1987-05-12,0.2653,0.2680,0.2523,0.2561,148464000
1987-05-13,0.2577,0.2637,0.2577,0.2626,73382400
1987-05-14,0.2626,0.2696,0.2626,0.2647,59961600
1987-05-15,0.2642,0.2642,0.2572,0.2572,84326400
1987-05-18,0.2572,0.2572,0.2416,0.2486,172598400
1987-05-19,0.2486,0.2486,0.2399,0.2399,78336000
1987-05-20,0.2389,0.2389,0.2313,0.2362,228355200
1987-05-21,0.2367,0.2432,0.2367,0.2405,93312000
1987-05-22,0.2405,0.2416,0.2324,0.2335,64627200
1987-05-26,0.2335,0.2372,0.2329,0.2362,46886400
1987-05-27,0.2362,0.2416,0.2351,0.2362,48758400
1987-05-28,0.2362,0.2513,0.2356,0.2507,108662400
1987-05-29,0.2507,0.2550,0.2480,0.2486,80380800
1987-06-01,0.2486,0.2486,0.2437,0.2437,30326400
1987-06-02,0.2437,0.2475,0.2394,0.2426,51552000
1987-06-03,0.2437,0.2475,0.2437,0.2442,21628800
1987-06-04,0.2442,0.2442,0.2410,0.2426,20390400
1987-06-05,0.2426,0.2437,0.2308,0.2356,59270400
1987-06-08,0.2356,0.2372,0.2318,0.2367,111571200
1987-06-09,0.2367,0.2372,0.2340,0.2351,25833600
1987-06-10,0.2351,0.2362,0.2184,0.2232,176256000
1987-06-11,0.2270,0.2281,0.2097,0.2103,268704000
1987-06-12,0.2103,0.2189,0.2097,0.2119,196156800
1987-06-15,0.2119,0.2151,0.2076,0.2119,125222400
1987-06-16,0.2119,0.2189,0.2114,0.2162,73526400
1987-06-17,0.2173,0.2243,0.2173,0.2238,71078400
1987-06-18,0.2232,0.2265,0.2200,0.2262,56188800
1987-06-19,0.2270,0.2292,0.2243,0.2254,40809600
1987-06-22,0.2265,0.2265,0.2221,0.2238,87436800
1987-06-23,0.2238,0.2238,0.2167,0.2216,100771200
1987-06-24,0.2227,0.2286,0.2227,0.2259,82684800
1987-06-25,0.2254,0.2265,0.2232,0.2254,44035200
1987-06-26,0.2259,0.2270,0.2238,0.2259,21945600
1987-06-29,0.2259,0.2259,0.2211,0.2248,25632000
1987-06-30,0.2254,0.2259,0.2194,0.2200,38332800
1987-07-01,0.2194,0.2227,0.2189,0.2211,21945600
1987-07-02,0.2216,0.2216,0.2130,0.2157,56880000
1987-07-06,0.2151,0.2178,0.2092,0.2103,65491200
1987-07-07,0.2097,0.2097,0.1930,0.1946,197078400
1987-07-08,0.1963,0.2043,0.1909,0.2011,193449600
1987-07-09,0.2022,0.2114,0.2011,0.2065,92707200
1987-07-10,0.2054,0.2103,0.2027,0.2092,75830400
1987-07-13,0.2092,0.2146,0.2070,0.2141,48326400
1987-07-14,0.2157,0.2270,0.2146,0.2265,152812800
1987-07-15,0.2265,0.2281,0.2205,0.2205,96768000
1987-07-16,0.2211,0.2221,0.2157,0.2200,72979200
1987-07-17,0.2200,0.2243,0.2194,0.2205,51264000
1987-07-20,0.2200,0.2200,0.2141,0.2146,42019200
1987-07-21,0.2146,0.2178,0.2124,0.2141,36547200
1987-07-22,0.2141,0.2167,0.2124,0.2157,53366400
1987-07-23,0.2157,0.2157,0.2027,0.2108,148492800
1987-07-24,0.2114,0.2146,0.2108,0.2124,57744000
1987-07-27,0.2124,0.2151,0.2092,0.2151,41817600
1987-07-28,0.2162,0.2194,0.2141,0.2146,38160000
1987-07-29,0.2146,0.2151,0.2108,0.2141,27676800
1987-07-30,0.2141,0.2141,0.2070,0.2092,55555200
1987-07-31,0.2081,0.2081,0.1984,0.2027,186624000
1987-08-03,0.2027,0.2038,0.1968,0.1979,116352000
1987-08-04,0.1979,0.2022,0.1979,0.2022,135072000
1987-08-05,0.2027,0.2124,0.2022,0.2097,211190400
1987-08-06,0.2103,0.2192,0.2103,0.2178,152553600
1987-08-07,0.2178,0.2254,0.2173,0.2232,171014400
1987-08-10,0.2238,0.2243,0.2211,0.2232,56448000
1987-08-11,0.2243,0.2254,0.2178,0.2189,68544000
1987-08-12,0.2189,0.2194,0.2157,0.2157,42364800
1987-08-13,0.2157,0.2254,0.2157,0.2221,80640000
1987-08-14,0.2221,0.2238,0.2211,0.2232,50832000
1987-08-17,0.2232,0.2248,0.2221,0.2248,33667200
1987-08-18,0.2232,0.2243,0.2189,0.2211,46944000
1987-08-19,0.2211,0.2216,0.2167,0.2211,48902400
1987-08-20,0.2211,0.2281,0.2211,0.2270,82051200
1987-08-21,0.2265,0.2335,0.2265,0.2308,68976000
1987-08-24,0.2308,0.2421,0.2275,0.2410,97747200
1987-08-25,0.2432,0.2518,0.2405,0.2475,185961600
1987-08-26,0.2475,0.2545,0.2464,0.2491,114105600
1987-08-27,0.2491,0.2507,0.2464,0.2496,72432000
1987-08-28,0.2502,0.2615,0.2502,0.2593,114796800
1987-08-31,0.2583,0.2593,0.2518,0.2561,84326400
1987-09-01,0.2545,0.2561,0.2437,0.2448,93859200
1987-09-02,0.2426,0.2486,0.2421,0.2480,78393600
1987-09-03,0.2507,0.2540,0.2453,0.2486,70934400
1987-09-04,0.2486,0.2491,0.2410,0.2416,48355200
1987-09-08,0.2410,0.2416,0.2335,0.2405,96336000
1987-09-09,0.2416,0.2459,0.2405,0.2432,60710400
1987-09-10,0.2442,0.2496,0.2437,0.2469,58176000
1987-09-11,0.2469,0.2513,0.2459,0.2507,41040000
1987-09-14,0.2513,0.2588,0.2513,0.2572,94464000
1987-09-15,0.2577,0.2577,0.2507,0.2542,39052800
1987-09-16,0.2545,0.2588,0.2518,0.2518,57715200
1987-09-17,0.2523,0.2534,0.2453,0.2502,69436800
1987-09-18,0.2502,0.2502,0.2459,0.2480,31651200
1987-09-21,0.2308,0.2469,0.2286,0.2308,42774336
1987-09-22,0.2308,0.2491,0.2286,0.2469,82006416
1987-09-23,0.2491,0.2604,0.2491,0.2599,107696016
1987-09-24,0.2588,0.2728,0.2588,0.2642,118438416
1987-09-25,0.2653,0.2804,0.2642,0.2674,82454400
1987-09-28,0.2674,0.2815,0.2664,0.2761,95542416
1987-09-29,0.2782,0.2815,0.2745,0.2771,57411216
1987-09-30,0.2761,0.2874,0.2761,0.2858,85680000
1987-10-01,0.2858,0.2965,0.2847,0.2955,127222416
1987-10-02,0.2976,0.3138,0.2965,0.3127,131644800
1987-10-05,0.3170,0.3408,0.3170,0.3408,184320000
1987-10-06,0.3408,0.3418,0.3165,0.3181,203040000
1987-10-07,0.3192,0.3246,0.3084,0.3149,125638416
1987-10-08,0.3160,0.3203,0.2998,0.3106,96940800
1987-10-09,0.3116,0.3246,0.3095,0.3095,93888000
1987-10-12,0.3106,0.3149,0.2976,0.3084,117187200
1987-10-13,0.3116,0.3192,0.3063,0.3160,96809616
1987-10-14,0.3160,0.3224,0.3052,0.3073,114220800
1987-10-15,0.3041,0.3138,0.3019,0.3041,128822400
1987-10-16,0.3041,0.3213,0.2771,0.2793,210240000
1987-10-19,0.2653,0.2739,0.1941,0.1952,146880000
1987-10-20,0.1984,0.2243,0.1855,0.2070,324000000
1987-10-21,0.2232,0.2610,0.2157,0.2443,262080000
1987-10-22,0.2448,0.2502,0.2200,0.2297,223200000
1987-10-23,0.2265,0.2286,0.2049,0.2081,112764816
1987-10-26,0.2006,0.2070,0.1607,0.1693,148320000
1987-10-27,0.1758,0.1855,0.1693,0.1779,234720000
1987-10-28,0.1725,0.1833,0.1661,0.1779,149760000
1987-10-29,0.1779,0.2103,0.1779,0.2060,167040000
1987-10-30,0.2146,0.2254,0.2092,0.2146,168480000
1987-11-02,0.2124,0.2200,0.2092,0.2167,84771216
1987-11-03,0.2124,0.2157,0.1887,0.2070,116150400
1987-11-04,0.2027,0.2189,0.1984,0.2103,95340816
1987-11-05,0.2114,0.2211,0.2103,0.2178,81430416
1987-11-06,0.2167,0.2178,0.2027,0.2049,75353616
1987-11-09,0.2017,0.2049,0.1963,0.2027,86585616
1987-11-10,0.2006,0.2092,0.1963,0.2027,91164816
1987-11-11,0.2049,0.2124,0.2038,0.2114,54617616
1987-11-12,0.2189,0.2243,0.2114,0.2157,99171216
1987-11-13,0.2157,0.2167,0.2081,0.2081,58492800
1987-11-16,0.2103,0.2146,0.2049,0.2060,59472000
1987-11-17,0.2017,0.2049,0.1952,0.2017,69321600
1987-11-18,0.2049,0.2070,0.1941,0.2070,89308800
1987-11-19,0.2081,0.2092,0.1984,0.1995,75024000
1987-11-20,0.1963,0.2060,0.1930,0.2049,82467216
1987-11-23,0.2038,0.2103,0.2027,0.2060,44640000
1987-11-24,0.2092,0.2114,0.1963,0.2049,72230400
1987-11-25,0.2049,0.2060,0.1984,0.1984,32153616
1987-11-27,0.1984,0.1995,0.1941,0.1952,18316800
1987-11-30,0.1909,0.1941,0.1747,0.1930,164160000
1987-12-01,0.1919,0.1973,0.1855,0.1887,73539216
1987-12-02,0.1876,0.1930,0.1844,0.1898,68515200
1987-12-03,0.1909,0.1930,0.1736,0.1742,127670400
1987-12-04,0.1736,0.1828,0.1725,0.1812,121750416
1987-12-07,0.1855,0.1887,0.1822,0.1866,66211200
1987-12-08,0.1866,0.2049,0.1855,0.2049,112521600
1987-12-09,0.2038,0.2081,0.1984,0.1995,83792016
1987-12-10,0.1963,0.2135,0.1909,0.2049,165600000
1987-12-11,0.2060,0.2092,0.2017,0.2070,72473616
1987-12-14,0.2070,0.2200,0.2060,0.2189,95110416
1987-12-15,0.2211,0.2238,0.2157,0.2211,112217616
1987-12-16,0.2178,0.2362,0.2167,0.2340,105536016
1987-12-17,0.2362,0.2362,0.2232,0.2243,94016016
1987-12-18,0.2265,0.2318,0.2243,0.2243,52486416
1987-12-21,0.2265,0.2308,0.2189,0.2221,51161616
1987-12-22,0.2221,0.2286,0.2157,0.2265,41772816
1987-12-23,0.2297,0.2318,0.2254,0.2297,60710400
1987-12-24,0.2297,0.2318,0.2286,0.2297,12672000
1987-12-28,0.2286,0.2297,0.2157,0.2211,50716800
1987-12-29,0.2211,0.2372,0.2178,0.2351,79459200
1987-12-30,0.2351,0.2416,0.2340,0.2405,70704000
1987-12-31,0.2383,0.2405,0.2318,0.2340,61545600
1988-01-04,0.2362,0.2437,0.2351,0.2416,110345616
1988-01-05,0.2469,0.2502,0.2437,0.2459,155520000
1988-01-06,0.2469,0.2577,0.2459,0.2523,121680000
1988-01-07,0.2502,0.2615,0.2480,0.2610,90675216
1988-01-08,0.2599,0.2664,0.2400,0.2416,145440000
1988-01-11,0.2405,0.2502,0.2362,0.2497,143568000
1988-01-12,0.2502,0.2523,0.2340,0.2448,168480000
1988-01-13,0.2416,0.2523,0.2362,0.2448,96147216
1988-01-14,0.2469,0.2502,0.2416,0.2426,40608000
1988-01-15,0.2545,0.2556,0.2491,0.2491,92172816
1988-01-18,0.2502,0.2502,0.2426,0.2469,30038400
1988-01-19,0.2416,0.2513,0.2405,0.2469,47417616
1988-01-20,0.2448,0.2469,0.2265,0.2329,208800000
1988-01-21,0.2340,0.2426,0.2340,0.2372,125107200
1988-01-22,0.2400,0.2421,0.2275,0.2324,75296016
1988-01-25,0.2340,0.2426,0.2340,0.2405,75497616
1988-01-26,0.2372,0.2410,0.2340,0.2351,43558416
1988-01-27,0.2362,0.2426,0.2362,0.2405,100409616
1988-01-28,0.2416,0.2448,0.2416,0.2437,29318400
1988-01-29,0.2437,0.2459,0.2351,0.2405,66700800
1988-02-01,0.2448,0.2459,0.2372,0.2383,48729600
1988-02-02,0.2383,0.2416,0.2362,0.2405,60752016
1988-02-03,0.2405,0.2405,0.2254,0.2275,75801600
1988-02-04,0.2286,0.2297,0.2146,0.2200,114710400
1988-02-05,0.2243,0.2308,0.2211,0.2221,94102416
1988-02-08,0.2189,0.2265,0.2189,0.2232,72876816
1988-02-09,0.2254,0.2286,0.2243,0.2275,49939200
1988-02-10,0.2286,0.2329,0.2265,0.2318,77024016
1988-02-11,0.2329,0.2362,0.2318,0.2362,69436800
1988-02-12,0.2362,0.2426,0.2351,0.2383,80220816
1988-02-16,0.2372,0.2491,0.2351,0.2480,67334400
1988-02-17,0.2502,0.2534,0.2469,0.2480,101318400
1988-02-18,0.2469,0.2545,0.2459,0.2502,84153600
1988-02-19,0.2513,0.2534,0.2491,0.2534,53164800
1988-02-22,0.2534,0.2545,0.2502,0.2534,52227216
1988-02-23,0.2534,0.2588,0.2534,0.2566,91728000
1988-02-24,0.2566,0.2620,0.2566,0.2583,79558416
1988-02-25,0.2577,0.2610,0.2497,0.2507,61558416
1988-02-26,0.2513,0.2534,0.2469,0.2513,29923200
1988-02-29,0.2523,0.2566,0.2502,0.2561,39324816
1988-03-01,0.2577,0.2588,0.2523,0.2545,43299216
1988-03-02,0.2545,0.2620,0.2534,0.2566,67894416
1988-03-03,0.2588,0.2653,0.2577,0.2631,83664000
1988-03-04,0.2631,0.2642,0.2577,0.2620,68355216
1988-03-07,0.2631,0.2707,0.2620,0.2701,78003216
1988-03-08,0.2717,0.2793,0.2707,0.2755,96896016
1988-03-09,0.2739,0.2782,0.2728,0.2761,81734400
1988-03-10,0.2771,0.2804,0.2691,0.2707,97948800
1988-03-11,0.2696,0.2717,0.2631,0.2696,84297600
1988-03-14,0.2685,0.2750,0.2653,0.2745,46281600
1988-03-15,0.2750,0.2750,0.2685,0.2696,43760016
1988-03-16,0.2707,0.2793,0.2674,0.2793,54547200
1988-03-17,0.2804,0.2825,0.2750,0.2755,125308800
1988-03-18,0.2750,0.2761,0.2513,0.2513,169920000
1988-03-21,0.2523,0.2534,0.2448,0.2534,198720000
1988-03-22,0.2534,0.2620,0.2534,0.2599,115833600
1988-03-23,0.2664,0.2691,0.2534,0.2545,151200000
1988-03-24,0.2534,0.2534,0.2405,0.2437,159840000
1988-03-25,0.2448,0.2486,0.2405,0.2421,47331216
1988-03-28,0.2394,0.2459,0.2372,0.2453,67145616
1988-03-29,0.2469,0.2513,0.2426,0.2437,80710416
1988-03-30,0.2448,0.2459,0.2340,0.2362,100713600
1988-03-31,0.2351,0.2437,0.2351,0.2437,50256000
1988-04-04,0.2416,0.2437,0.2351,0.2383,47721600
1988-04-05,0.2394,0.2416,0.2351,0.2416,41760000
1988-04-06,0.2416,0.2513,0.2405,0.2507,75296016
1988-04-07,0.2513,0.2534,0.2469,0.2469,74921616
1988-04-08,0.2480,0.2523,0.2464,0.2502,57974400
1988-04-11,0.2523,0.2523,0.2459,0.2480,40406400
1988-04-12,0.2469,0.2491,0.2372,0.2405,52444800
1988-04-13,0.2416,0.2459,0.2394,0.2459,42204816
1988-04-14,0.2394,0.2437,0.2275,0.2286,110028816
1988-04-15,0.2297,0.2372,0.2275,0.2340,114220800
1988-04-18,0.2329,0.2383,0.2318,0.2362,48051216
1988-04-19,0.2362,0.2459,0.2329,0.2340,75772800
1988-04-20,0.2340,0.2372,0.2318,0.2351,65404800
1988-04-21,0.2372,0.2394,0.2318,0.2346,63977616
1988-04-22,0.2351,0.2405,0.2351,0.2383,33926400
1988-04-25,0.2383,0.2405,0.2362,0.2378,23385600
1988-04-26,0.2405,0.2437,0.2383,0.2405,46454400
1988-04-27,0.2405,0.2416,0.2340,0.2394,47894400
1988-04-28,0.2394,0.2405,0.2372,0.2389,28467216
1988-04-29,0.2372,0.2372,0.2340,0.2351,64771200
1988-05-02,0.2351,0.2383,0.2308,0.2372,49260816
1988-05-03,0.2383,0.2459,0.2383,0.2437,62739216
1988-05-04,0.2448,0.2491,0.2416,0.2464,75152016
1988-05-05,0.2448,0.2469,0.2426,0.2459,24883200
1988-05-06,0.2448,0.2502,0.2448,0.2469,43977600
1988-05-09,0.2469,0.2513,0.2448,0.2469,34790400
1988-05-10,0.2469,0.2486,0.2426,0.2459,46828800
1988-05-11,0.2437,0.2437,0.2372,0.2405,59484816
1988-05-12,0.2405,0.2437,0.2394,0.2416,26409600
1988-05-13,0.2437,0.2459,0.2426,0.2448,17913600
1988-05-16,0.2448,0.2540,0.2448,0.2513,59788800
1988-05-17,0.2545,0.2556,0.2502,0.2502,70428816
1988-05-18,0.2502,0.2518,0.2437,0.2448,81372816
1988-05-19,0.2416,0.2469,0.2405,0.2459,57728016
1988-05-20,0.2469,0.2491,0.2416,0.2426,42521616
1988-05-23,0.2426,0.2437,0.2351,0.2372,50227200
1988-05-24,0.2372,0.2448,0.2362,0.2448,55324800
1988-05-25,0.2437,0.2459,0.2394,0.2405,53580816
1988-05-26,0.2416,0.2459,0.2405,0.2421,43385616
1988-05-27,0.2426,0.2426,0.2394,0.2394,33148800
1988-05-31,0.2394,0.2513,0.2383,0.2502,44048016
1988-06-01,0.2513,0.2588,0.2491,0.2556,95788800
1988-06-02,0.2566,0.2588,0.2534,0.2545,63228816
1988-06-03,0.2545,0.2577,0.2534,0.2566,34832016
1988-06-06,0.2566,0.2631,0.2556,0.2620,81747216
1988-06-07,0.2631,0.2674,0.2604,0.2631,82166400
1988-06-08,0.2620,0.2696,0.2620,0.2674,66281616
1988-06-09,0.2685,0.2712,0.2658,0.2664,69264000
1988-06-10,0.2664,0.2707,0.2642,0.2685,45014400
1988-06-13,0.2696,0.2717,0.2685,0.2691,31116816
1988-06-14,0.2717,0.2739,0.2707,0.2717,60377616
1988-06-15,0.2707,0.2761,0.2696,0.2761,51033600
1988-06-16,0.2728,0.2750,0.2717,0.2739,73712016
1988-06-17,0.2739,0.2771,0.2707,0.2717,42105600
1988-06-20,0.2707,0.2717,0.2674,0.2707,28137600
1988-06-21,0.2696,0.2761,0.2696,0.2761,39715200
1988-06-22,0.2804,0.2912,0.2777,0.2890,127324800
1988-06-23,0.2890,0.2901,0.2836,0.2847,41052816
1988-06-24,0.2847,0.2858,0.2804,0.2815,28553616
1988-06-27,0.2815,0.2815,0.2761,0.2761,23628816
1988-06-28,0.2761,0.2847,0.2750,0.2836,32140800
1988-06-29,0.2847,0.2868,0.2825,0.2836,49808016
1988-06-30,0.2858,0.2890,0.2847,0.2890,31548816
1988-07-01,0.2890,0.2933,0.2879,0.2933,42940800
1988-07-05,0.2912,0.3009,0.2890,0.3003,48096000
1988-07-06,0.3009,0.3041,0.2955,0.2965,89379216
1988-07-07,0.2944,0.2976,0.2922,0.2965,68428800
1988-07-08,0.2933,0.2965,0.2922,0.2955,40089600
1988-07-11,0.2965,0.2965,0.2879,0.2879,65763216
1988-07-12,0.2890,0.2901,0.2793,0.2830,90000000
1988-07-13,0.2825,0.2879,0.2804,0.2879,57427200
1988-07-14,0.2879,0.2890,0.2847,0.2890,34848000
1988-07-15,0.2890,0.2901,0.2858,0.2890,31577616
1988-07-18,0.2901,0.2922,0.2890,0.2912,20102400
1988-07-19,0.2901,0.2912,0.2836,0.2847,36460800
1988-07-20,0.2868,0.2868,0.2750,0.2761,111094416
1988-07-21,0.2750,0.2761,0.2610,0.2631,128937600
1988-07-22,0.2620,0.2696,0.2610,0.2664,68816016
1988-07-25,0.2674,0.2696,0.2599,0.2610,52704000
1988-07-26,0.2502,0.2545,0.2448,0.2502,228960000
1988-07-27,0.2513,0.2545,0.2480,0.2486,68140800
1988-07-28,0.2480,0.2523,0.2459,0.2513,57945600
1988-07-29,0.2523,0.2588,0.2513,0.2566,59385600
1988-08-01,0.2577,0.2588,0.2523,0.2523,51824016
1988-08-02,0.2523,0.2534,0.2448,0.2480,65475216
1988-08-03,0.2469,0.2480,0.2394,0.2426,91987200
1988-08-04,0.2426,0.2437,0.2394,0.2394,53494416
1988-08-05,0.2394,0.2394,0.2232,0.2308,201600000
1988-08-08,0.2318,0.2318,0.2275,0.2297,148320000
1988-08-09,0.2286,0.2297,0.2200,0.2232,138828816
1988-08-10,0.2211,0.2232,0.2157,0.2178,113168016
1988-08-11,0.2200,0.2243,0.2157,0.2232,123104016
1988-08-12,0.2232,0.2254,0.2221,0.2243,58262400
1988-08-15,0.2243,0.2254,0.2157,0.2189,41081616
1988-08-16,0.2178,0.2275,0.2167,0.2265,90876816
1988-08-17,0.2265,0.2324,0.2216,0.2265,59110416
1988-08-18,0.2275,0.2297,0.2265,0.2275,32025600
1988-08-19,0.2275,0.2286,0.2167,0.2178,67376016
1988-08-22,0.2167,0.2178,0.2060,0.2070,110172816
1988-08-23,0.2081,0.2146,0.2060,0.2130,88313616
1988-08-24,0.2135,0.2227,0.2124,0.2221,102585600
1988-08-25,0.2167,0.2221,0.2157,0.2189,72633600
1988-08-26,0.2189,0.2232,0.2189,0.2216,24451200
1988-08-29,0.2243,0.2265,0.2232,0.2249,35033616
1988-08-30,0.2243,0.2254,0.2200,0.2211,20966400
1988-08-31,0.2221,0.2232,0.2124,0.2157,71884800
1988-09-01,0.2135,0.2146,0.2070,0.2108,82380816
1988-09-02,0.2146,0.2232,0.2135,0.2221,115328016
1988-09-06,0.2221,0.2265,0.2211,0.2243,67750416
1988-09-07,0.2254,0.2275,0.2189,0.2232,72115200
1988-09-08,0.2221,0.2297,0.2211,0.2243,69206400
1988-09-09,0.2232,0.2362,0.2221,0.2329,111123216
1988-09-12,0.2318,0.2372,0.2308,0.2318,43257600
1988-09-13,0.2297,0.2340,0.2275,0.2329,40608000
1988-09-14,0.2367,0.2383,0.2318,0.2329,79212816
1988-09-15,0.2329,0.2340,0.2243,0.2254,72921600
1988-09-16,0.2254,0.2265,0.2232,0.2243,48700800
1988-09-19,0.2265,0.2265,0.2200,0.2232,44697600
1988-09-20,0.2243,0.2297,0.2232,0.2297,53625600
1988-09-21,0.2308,0.2329,0.2308,0.2318,16054416
1988-09-22,0.2329,0.2372,0.2318,0.2351,59686416
1988-09-23,0.2351,0.2351,0.2318,0.2318,35091216
1988-09-26,0.2318,0.2329,0.2232,0.2259,50211216
1988-09-27,0.2243,0.2254,0.2221,0.2243,35366400
1988-09-28,0.2254,0.2286,0.2232,0.2286,25516800
1988-09-29,0.2275,0.2308,0.2265,0.2286,56460816
1988-09-30,0.2275,0.2286,0.2232,0.2254,37251216
1988-10-03,0.2211,0.2232,0.2178,0.2216,41097600
1988-10-04,0.2221,0.2243,0.2195,0.2205,29260800
1988-10-05,0.2211,0.2211,0.2157,0.2167,67088016
1988-10-06,0.2167,0.2189,0.2157,0.2157,33609600
1988-10-07,0.2157,0.2167,0.2065,0.2146,208064016
1988-10-10,0.2157,0.2157,0.2060,0.2124,106358400
1988-10-11,0.2146,0.2178,0.2114,0.2146,65952000
1988-10-12,0.2135,0.2232,0.2114,0.2184,137532816
1988-10-13,0.2173,0.2254,0.2167,0.2221,82467216
1988-10-14,0.2243,0.2254,0.2200,0.2211,56764800
1988-10-17,0.2211,0.2265,0.2211,0.2243,25673616
1988-10-18,0.2232,0.2275,0.2211,0.2265,37222416
1988-10-19,0.2308,0.2318,0.2254,0.2297,80681616
1988-10-20,0.2275,0.2329,0.2275,0.2308,73296000
1988-10-21,0.2286,0.2308,0.2265,0.2286,24262416
1988-10-24,0.2297,0.2297,0.2238,0.2243,28627200
1988-10-25,0.2243,0.2254,0.2157,0.2178,74547216
1988-10-26,0.2167,0.2178,0.2092,0.2146,157420800
1988-10-27,0.2124,0.2135,0.2060,0.2135,114336000
1988-10-28,0.2124,0.2146,0.2092,0.2135,46540800
1988-10-31,0.2124,0.2124,0.2092,0.2114,41283216
1988-11-01,0.2114,0.2146,0.2103,0.2103,53280000
1988-11-02,0.2103,0.2103,0.2017,0.2038,221801616
1988-11-03,0.2038,0.2060,0.1990,0.2038,118339200
1988-11-04,0.2006,0.2060,0.2006,0.2006,106601616
1988-11-07,0.2006,0.2027,0.1984,0.2017,55065600
1988-11-08,0.2038,0.2114,0.2027,0.2098,56604816
1988-11-09,0.2070,0.2157,0.2060,0.2146,124732800
1988-11-10,0.2146,0.2178,0.2114,0.2114,78796800
1988-11-11,0.2092,0.2114,0.2049,0.2054,54934416
1988-11-14,0.2070,0.2103,0.2049,0.2092,34329600
1988-11-15,0.2092,0.2092,0.2006,0.2027,93900816
1988-11-16,0.2033,0.2038,0.1963,0.1995,199008000
1988-11-17,0.1995,0.2017,0.1973,0.1984,65865600
1988-11-18,0.1995,0.2017,0.1973,0.2011,34428816
1988-11-21,0.1984,0.1995,0.1952,0.1984,47100816
1988-11-22,0.1984,0.2006,0.1963,0.1984,30310416
1988-11-23,0.1995,0.2027,0.1984,0.2022,56547216
1988-11-25,0.1995,0.2006,0.1973,0.2001,11462400
1988-11-28,0.1995,0.2049,0.1995,0.2027,58736016
1988-11-29,0.2027,0.2049,0.2017,0.2049,21872016
1988-11-30,0.2038,0.2060,0.2038,0.2038,35193600
1988-12-01,0.2049,0.2135,0.2027,0.2114,82006416
1988-12-02,0.2092,0.2167,0.2092,0.2146,91497600
1988-12-05,0.2146,0.2178,0.2103,0.2135,70140816
1988-12-06,0.2135,0.2146,0.2114,0.2146,44364816
1988-12-07,0.2135,0.2157,0.2119,0.2124,30886416
1988-12-08,0.2124,0.2135,0.2103,0.2114,40176000
1988-12-09,0.2103,0.2124,0.2092,0.2114,22304016
1988-12-12,0.2103,0.2114,0.2044,0.2044,38892816
1988-12-13,0.2038,0.2060,0.2038,0.2060,39168000
1988-12-14,0.2060,0.2103,0.2049,0.2087,28006416
1988-12-15,0.2114,0.2124,0.2092,0.2114,23196816
1988-12-16,0.2103,0.2167,0.2103,0.2146,51795216
1988-12-19,0.2184,0.2221,0.2178,0.2189,83532816
1988-12-20,0.2216,0.2265,0.2200,0.2211,92188800
1988-12-21,0.2221,0.2265,0.2211,0.2254,46438416
1988-12-22,0.2265,0.2286,0.2232,0.2243,74592000
1988-12-23,0.2232,0.2243,0.2221,0.2243,17120016
1988-12-27,0.2243,0.2265,0.2232,0.2232,30771216
1988-12-28,0.2243,0.2254,0.2232,0.2254,21267216
1988-12-29,0.2243,0.2308,0.2243,0.2297,38275200
1988-12-30,0.2308,0.2340,0.2297,0.2297,63820800
1989-01-03,0.2308,0.2318,0.2275,0.2313,51824016
1989-01-04,0.2308,0.2367,0.2308,0.2340,53897616
1989-01-05,0.2362,0.2362,0.2297,0.2303,47244816
1989-01-06,0.2308,0.2318,0.2286,0.2286,59052816
1989-01-09,0.2286,0.2297,0.2249,0.2265,46006416
1989-01-10,0.2254,0.2265,0.2232,0.2243,54128016
1989-01-11,0.2238,0.2265,0.2221,0.2265,48297600
1989-01-12,0.2254,0.2318,0.2254,0.2265,54588816
1989-01-13,0.2265,0.2297,0.2265,0.2286,35568000
1989-01-16,0.2297,0.2335,0.2275,0.2292,27532800
1989-01-17,0.2270,0.2281,0.2211,0.2221,41744016
1989-01-18,0.2232,0.2232,0.2167,0.2221,63632016
1989-01-19,0.2254,0.2318,0.2254,0.2308,84297600
1989-01-20,0.2308,0.2346,0.2297,0.2335,61027200
1989-01-23,0.2329,0.2329,0.2281,0.2286,52227216
1989-01-24,0.2286,0.2308,0.2265,0.2275,56217600
1989-01-25,0.2286,0.2297,0.2265,0.2286,49046400
1989-01-26,0.2270,0.2351,0.2265,0.2340,87132816
1989-01-27,0.2335,0.2437,0.2318,0.2389,166419216
1989-01-30,0.2394,0.2534,0.2383,0.2523,110086416
1989-01-31,0.2545,0.2599,0.2523,0.2572,125091216
1989-02-01,0.2566,0.2577,0.2545,0.2556,131212800
1989-02-02,0.2566,0.2717,0.2556,0.2626,180028800
1989-02-03,0.2610,0.2696,0.2588,0.2631,91324800
1989-02-06,0.2620,0.2631,0.2577,0.2610,87580800
1989-02-07,0.2615,0.2696,0.2610,0.2680,127094400
1989-02-08,0.2674,0.2761,0.2653,0.2696,133315200
1989-02-09,0.2674,0.2793,0.2664,0.2750,199036800
1989-02-10,0.2717,0.2739,0.2658,0.2669,129036816
1989-02-13,0.2653,0.2674,0.2631,0.2642,94073616
1989-02-14,0.2669,0.2685,0.2588,0.2599,62956800
1989-02-15,0.2610,0.2685,0.2599,0.2685,81936000
1989-02-16,0.2696,0.2739,0.2642,0.2707,61385616
1989-02-17,0.2717,0.2728,0.2685,0.2696,29692800
1989-02-21,0.2685,0.2707,0.2653,0.2664,33753600
1989-02-22,0.2653,0.2664,0.2588,0.2588,95513616
1989-02-23,0.2599,0.2620,0.2556,0.2604,75945600
1989-02-24,0.2599,0.2620,0.2534,0.2534,76016016
1989-02-27,0.2534,0.2599,0.2523,0.2577,68787216
1989-02-28,0.2588,0.2599,0.2545,0.2566,43443216
1989-03-01,0.2588,0.2599,0.2556,0.2556,59888016
1989-03-02,0.2556,0.2631,0.2556,0.2620,92304000
1989-03-03,0.2620,0.2674,0.2610,0.2664,68947200
1989-03-06,0.2664,0.2685,0.2631,0.2674,56633616
1989-03-07,0.2577,0.2588,0.2297,0.2308,788688000
1989-03-08,0.2318,0.2351,0.2259,0.2265,253612800
1989-03-09,0.2275,0.2275,0.2221,0.2232,123305616
1989-03-10,0.2221,0.2265,0.2200,0.2232,66902400
1989-03-13,0.2243,0.2275,0.2232,0.2275,60204816
1989-03-14,0.2297,0.2297,0.2254,0.2275,63718416
1989-03-15,0.2275,0.2275,0.2167,0.2167,104889600
1989-03-16,0.2189,0.2221,0.2178,0.2211,102886416
1989-03-17,0.2167,0.2178,0.1984,0.2006,245577600
1989-03-20,0.2001,0.2006,0.1973,0.2006,238995216
1989-03-21,0.2017,0.2157,0.1995,0.2152,224467200
1989-03-22,0.2135,0.2146,0.2092,0.2114,167024016
1989-03-23,0.2103,0.2167,0.2103,0.2167,87811200
1989-03-27,0.2157,0.2184,0.2135,0.2146,75542400
1989-03-28,0.2167,0.2178,0.2124,0.2146,70803216
1989-03-29,0.2146,0.2146,0.2124,0.2135,30009600
1989-03-30,0.2146,0.2157,0.2119,0.2152,46742400
1989-03-31,0.2157,0.2167,0.2135,0.2152,29734416
1989-04-03,0.2157,0.2189,0.2141,0.2167,35049600
1989-04-04,0.2167,0.2167,0.2135,0.2157,25027200
1989-04-05,0.2157,0.2178,0.2146,0.2173,19641600
1989-04-06,0.2178,0.2221,0.2167,0.2211,51680016
1989-04-07,0.2211,0.2232,0.2200,0.2211,29446416
1989-04-10,0.2211,0.2254,0.2211,0.2216,28668816
1989-04-11,0.2221,0.2243,0.2173,0.2216,28726416
1989-04-12,0.2232,0.2232,0.2054,0.2076,71020800
1989-04-13,0.2060,0.2173,0.2049,0.2103,92880000
1989-04-14,0.2124,0.2211,0.2124,0.2189,62624016
1989-04-17,0.2211,0.2259,0.2189,0.2221,51638400
1989-04-18,0.2265,0.2297,0.2243,0.2297,69334416
1989-04-19,0.2372,0.2405,0.2351,0.2367,168969600
1989-04-20,0.2372,0.2437,0.2351,0.2416,138800016
1989-04-21,0.2416,0.2416,0.2372,0.2383,58188816
1989-04-24,0.2372,0.2394,0.2351,0.2378,29331216
1989-04-25,0.2394,0.2405,0.2351,0.2362,24896016
1989-04-26,0.2372,0.2372,0.2313,0.2329,44508816
1989-04-27,0.2329,0.2367,0.2329,0.2362,34588800
1989-04-28,0.2362,0.2426,0.2318,0.2410,69782400
1989-05-01,0.2389,0.2416,0.2340,0.2356,33737616
1989-05-02,0.2362,0.2372,0.2308,0.2329,34371216
1989-05-03,0.2329,0.2362,0.2329,0.2329,28857600
1989-05-04,0.2340,0.2340,0.2254,0.2265,37424016
1989-05-05,0.2297,0.2297,0.2232,0.2243,35827200
1989-05-08,0.2243,0.2254,0.2200,0.2221,49001616
1989-05-09,0.2232,0.2308,0.2221,0.2286,54588816
1989-05-10,0.2308,0.2362,0.2297,0.2329,58752000
1989-05-11,0.2340,0.2340,0.2308,0.2329,34400016
1989-05-12,0.2356,0.2372,0.2308,0.2340,71091216
1989-05-15,0.2335,0.2372,0.2329,0.2362,74736000
1989-05-16,0.2362,0.2437,0.2351,0.2426,83433600
1989-05-17,0.2432,0.2502,0.2432,0.2475,89811216
1989-05-18,0.2469,0.2529,0.2469,0.2513,52572816
1989-05-19,0.2507,0.2566,0.2507,0.2513,62566416
1989-05-22,0.2513,0.2566,0.2491,0.2556,74275200
1989-05-23,0.2513,0.2545,0.2426,0.2443,97545600
1989-05-24,0.2421,0.2480,0.2405,0.2480,69363216
1989-05-25,0.2480,0.2523,0.2459,0.2480,33840000
1989-05-26,0.2502,0.2545,0.2491,0.2540,37884816
1989-05-30,0.2545,0.2572,0.2523,0.2545,63907200
1989-05-31,0.2545,0.2631,0.2545,0.2610,80969616
1989-06-01,0.2599,0.2620,0.2577,0.2588,62796816
1989-06-02,0.2594,0.2599,0.2513,0.2513,54041616
1989-06-05,0.2523,0.2523,0.2437,0.2448,61414416
1989-06-06,0.2448,0.2529,0.2437,0.2523,53897616
1989-06-07,0.2534,0.2588,0.2534,0.2577,44928000
1989-06-08,0.2577,0.2599,0.2566,0.2577,29216016
1989-06-09,0.2577,0.2594,0.2556,0.2577,36144000
1989-06-12,0.2577,0.2599,0.2529,0.2545,51680016
1989-06-13,0.2518,0.2523,0.2469,0.2469,40563216
1989-06-14,0.2491,0.2502,0.2437,0.2491,47302416
1989-06-15,0.2491,0.2491,0.2426,0.2448,52112016
1989-06-16,0.2443,0.2459,0.2426,0.2448,47360016
1989-06-19,0.2459,0.2459,0.2394,0.2437,27158400
1989-06-20,0.2437,0.2448,0.2351,0.2351,45804816
1989-06-21,0.2297,0.2416,0.2297,0.2372,80496000
1989-06-22,0.2383,0.2394,0.2372,0.2394,36070416
1989-06-23,0.2394,0.2416,0.2383,0.2389,33536016
1989-06-26,0.2383,0.2394,0.2340,0.2362,30240000
1989-06-27,0.2362,0.2383,0.2318,0.2324,35897616
1989-06-28,0.2329,0.2329,0.2243,0.2275,57456000
1989-06-29,0.2281,0.2281,0.2211,0.2243,77196816
1989-06-30,0.2243,0.2308,0.2211,0.2286,67248000
1989-07-03,0.2292,0.2340,0.2292,0.2329,14688000
1989-07-05,0.2351,0.2394,0.2329,0.2383,26537616
1989-07-06,0.2405,0.2416,0.2259,0.2275,94780800
1989-07-07,0.2275,0.2340,0.2270,0.2308,41456016
1989-07-10,0.2318,0.2372,0.2308,0.2367,27257616
1989-07-11,0.2367,0.2394,0.2297,0.2308,43488000
1989-07-12,0.2286,0.2308,0.2243,0.2297,52156800
1989-07-13,0.2292,0.2318,0.2265,0.2286,33408000
1989-07-14,0.2297,0.2308,0.2232,0.2275,42768000
1989-07-17,0.2275,0.2308,0.2265,0.2297,31289616
1989-07-18,0.2297,0.2340,0.2297,0.2308,42982416
1989-07-19,0.2329,0.2351,0.2297,0.2335,29763216
1989-07-20,0.2340,0.2383,0.2308,0.2308,44524800
1989-07-21,0.2286,0.2437,0.2275,0.2383,99763200
1989-07-24,0.2362,0.2405,0.2340,0.2383,38361600
1989-07-25,0.2372,0.2459,0.2221,0.2243,326028816
1989-07-26,0.2275,0.2297,0.2243,0.2275,123638400
1989-07-27,0.2313,0.2329,0.2297,0.2318,45561600
1989-07-28,0.2329,0.2351,0.2297,0.2340,29216016
1989-07-31,0.2329,0.2372,0.2318,0.2362,33334416
1989-08-01,0.2362,0.2383,0.2329,0.2340,62134416
1989-08-02,0.2329,0.2362,0.2329,0.2340,28368000
1989-08-03,0.2346,0.2383,0.2340,0.2372,27590400
1989-08-04,0.2362,0.2480,0.2351,0.2459,178128000
1989-08-07,0.2491,0.2502,0.2459,0.2491,93571200
1989-08-08,0.2480,0.2556,0.2480,0.2545,110547216
1989-08-09,0.2540,0.2588,0.2534,0.2534,113772816
1989-08-10,0.2545,0.2545,0.2513,0.2523,48339216
1989-08-11,0.2545,0.2566,0.2491,0.2491,61472016
1989-08-14,0.2491,0.2491,0.2459,0.2459,68988816
1989-08-15,0.2459,0.2502,0.2443,0.2480,17856000
1989-08-16,0.2491,0.2502,0.2394,0.2410,46668816
1989-08-17,0.2405,0.2448,0.2383,0.2437,39958416
1989-08-18,0.2437,0.2491,0.2437,0.2480,24912000
1989-08-21,0.2480,0.2497,0.2416,0.2421,32096016
1989-08-22,0.2416,0.2534,0.2416,0.2518,64771200
1989-08-23,0.2529,0.2572,0.2502,0.2556,46092816
1989-08-24,0.2583,0.2610,0.2513,0.2545,92764800
1989-08-25,0.2534,0.2556,0.2491,0.2540,85145616
1989-08-28,0.2534,0.2566,0.2513,0.2551,28540800
1989-08-29,0.2583,0.2588,0.2518,0.2523,54416016
1989-08-30,0.2534,0.2572,0.2523,0.2556,40377600
1989-08-31,0.2566,0.2577,0.2534,0.2534,14198400
1989-09-01,0.2545,0.2599,0.2534,0.2583,44409600
1989-09-05,0.2577,0.2631,0.2572,0.2588,93340800
1989-09-06,0.2577,0.2588,0.2534,0.2556,42377616
1989-09-07,0.2545,0.2556,0.2502,0.2513,41904000
1989-09-08,0.2502,0.2566,0.2491,0.2545,39785616
1989-09-11,0.2534,0.2566,0.2523,0.2561,27907200
1989-09-12,0.2566,0.2631,0.2556,0.2599,67795200
1989-09-13,0.2631,0.2739,0.2610,0.2685,181020816
1989-09-14,0.2707,0.2782,0.2685,0.2750,78163200
1989-09-15,0.2761,0.2782,0.2696,0.2707,89148816
1989-09-18,0.2696,0.2739,0.2696,0.2739,39110400
1989-09-19,0.2750,0.2761,0.2696,0.2696,49203216
1989-09-20,0.2707,0.2804,0.2685,0.2804,72128016
1989-09-21,0.2836,0.2879,0.2782,0.2825,89350416
1989-09-22,0.2825,0.2847,0.2793,0.2847,43948800
1989-09-25,0.2847,0.2933,0.2825,0.2890,69939216
1989-09-26,0.2890,0.2912,0.2868,0.2901,39987216
1989-09-27,0.2858,0.2906,0.2836,0.2874,69235200
1989-09-28,0.2868,0.2933,0.2868,0.2933,41427216
1989-09-29,0.2933,0.2998,0.2922,0.2955,64323216
1989-10-02,0.2944,0.3019,0.2933,0.3003,50428800
1989-10-03,0.3041,0.3041,0.2971,0.2976,68918400
1989-10-04,0.2976,0.3267,0.2955,0.3257,260019216
1989-10-05,0.3257,0.3548,0.3246,0.3418,284758416
1989-10-06,0.3434,0.3472,0.3375,0.3440,87609600
1989-10-09,0.3429,0.3537,0.3408,0.3526,58534416
1989-10-10,0.3559,0.3580,0.3483,0.3505,68297616
1989-10-11,0.3462,0.3472,0.3408,0.3451,106400016
1989-10-12,0.3451,0.3472,0.3375,0.3386,58880016
1989-10-13,0.3354,0.3364,0.3149,0.3170,102643200
1989-10-16,0.3052,0.3289,0.2976,0.3267,253065600
1989-10-17,0.3246,0.3515,0.3203,0.3391,177206400
1989-10-18,0.3402,0.3483,0.3386,0.3472,134784000
1989-10-19,0.3494,0.3710,0.3462,0.3634,179424000
1989-10-20,0.3623,0.3688,0.3559,0.3677,93542400
1989-10-23,0.3656,0.3699,0.3559,0.3585,60912000
1989-10-24,0.3559,0.3559,0.3397,0.3488,157088016
1989-10-25,0.3515,0.3569,0.3418,0.3440,71481600
1989-10-26,0.3397,0.3462,0.3343,0.3354,135459216
1989-10-27,0.3354,0.3364,0.3289,0.3321,97040016
1989-10-30,0.3364,0.3440,0.3359,0.3434,45920016
1989-10-31,0.3462,0.3537,0.3451,0.3526,56563200
1989-11-01,0.3526,0.3580,0.3526,0.3542,74649600
1989-11-02,0.3488,0.3488,0.3278,0.3289,226051200
1989-11-03,0.3300,0.3397,0.3289,0.3375,98755200
1989-11-06,0.3375,0.3440,0.3300,0.3332,88025616
1989-11-07,0.3343,0.3553,0.3332,0.3494,131542416
1989-11-08,0.3542,0.3645,0.3537,0.3591,106486416
1989-11-09,0.3623,0.3645,0.3559,0.3612,111526416
1989-11-10,0.3623,0.3666,0.3612,0.3645,59168016
1989-11-13,0.3645,0.3807,0.3612,0.3801,178905600
1989-11-14,0.3828,0.3850,0.3710,0.3731,95241600
1989-11-15,0.3742,0.3850,0.3720,0.3817,94492800
1989-11-16,0.3839,0.3850,0.3720,0.3774,68054400
1989-11-17,0.3779,0.3807,0.3742,0.3747,31651200
1989-11-20,0.3742,0.3742,0.3645,0.3731,56937600
1989-11-21,0.3731,0.3817,0.3731,0.3801,67116816
1989-11-22,0.3807,0.3817,0.3774,0.3807,38230416
1989-11-24,0.3833,0.3839,0.3774,0.3779,17971200
1989-11-27,0.3774,0.3785,0.3699,0.3742,37280016
1989-11-28,0.3753,0.3807,0.3720,0.3753,56662416
1989-11-29,0.3774,0.3796,0.3634,0.3688,85894416
1989-11-30,0.3623,0.3763,0.3612,0.3753,111209616
1989-12-01,0.3758,0.3785,0.3661,0.3666,52070400
1989-12-04,0.3666,0.3763,0.3639,0.3720,40534416
1989-12-05,0.3742,0.3763,0.3710,0.3742,44048016
1989-12-06,0.3731,0.3753,0.3645,0.3677,57382416
1989-12-07,0.3623,0.3720,0.3623,0.3688,40348800
1989-12-08,0.3688,0.3710,0.3580,0.3656,107625600
1989-12-11,0.3656,0.3656,0.3537,0.3580,103376016
1989-12-12,0.3612,0.3612,0.3472,0.3559,93628800
1989-12-13,0.3483,0.3559,0.3418,0.3451,95788800
1989-12-14,0.3408,0.3440,0.3364,0.3364,61516800
1989-12-15,0.3375,0.3386,0.3235,0.3321,107164800
1989-12-18,0.3332,0.3408,0.3321,0.3375,78435216
1989-12-19,0.3375,0.3472,0.3354,0.3467,70473600
1989-12-20,0.3505,0.3580,0.3483,0.3569,111008016
1989-12-21,0.3569,0.3602,0.3505,0.3602,55020816
1989-12-22,0.3602,0.3720,0.3569,0.3699,54892800
1989-12-26,0.3704,0.3726,0.3656,0.3688,23817600
1989-12-27,0.3710,0.3753,0.3677,0.3720,62796816
1989-12-28,0.3602,0.3699,0.3580,0.3677,123091200
1989-12-29,0.3688,0.3807,0.3677,0.3753,77628816
1990-01-02,0.3763,0.3828,0.3715,0.3828,53033616
1990-01-03,0.3861,0.3893,0.3817,0.3850,113772816
1990-01-04,0.3850,0.3968,0.3828,0.3963,125740800
1990-01-05,0.3947,0.3968,0.3861,0.3866,69564816
1990-01-08,0.3861,0.3925,0.3817,0.3925,58982400
1990-01-09,0.3925,0.3968,0.3893,0.3914,70300800
1990-01-10,0.3882,0.3936,0.3801,0.3807,103766400
1990-01-11,0.3828,0.3861,0.3666,0.3731,95772816
1990-01-12,0.3672,0.3763,0.3623,0.3715,148908816
1990-01-15,0.3699,0.3753,0.3677,0.3715,62467200
1990-01-16,0.3688,0.3850,0.3645,0.3828,80092800
1990-01-17,0.3796,0.3904,0.3753,0.3774,97587216
1990-01-18,0.3866,0.4098,0.3861,0.4098,292361616
1990-01-19,0.4109,0.4141,0.4033,0.4060,99257616
1990-01-22,0.4055,0.4055,0.3904,0.3914,167686416
1990-01-23,0.3925,0.3936,0.3850,0.3871,139347216
1990-01-24,0.3796,0.3914,0.3758,0.3914,180345600
1990-01-25,0.3947,0.3990,0.3904,0.3914,112752000
1990-01-26,0.3904,0.3936,0.3882,0.3914,68083200
1990-01-29,0.3947,0.3979,0.3893,0.3947,55078416
1990-01-30,0.3958,0.3990,0.3882,0.3936,73107216
1990-01-31,0.3968,0.3990,0.3936,0.3990,112937616
1990-02-01,0.3990,0.4065,0.3990,0.4044,89193600
1990-02-02,0.4011,0.4119,0.4011,0.4044,71395200
1990-02-05,0.4038,0.4065,0.4022,0.4065,59731200
1990-02-06,0.4055,0.4065,0.3979,0.4055,81964800
1990-02-07,0.4033,0.4087,0.4011,0.4022,134150400
1990-02-08,0.4038,0.4098,0.4022,0.4065,95225616
1990-02-09,0.4065,0.4087,0.4055,0.4076,62380800
1990-02-12,0.4076,0.4119,0.4055,0.4087,56086416
1990-02-13,0.4098,0.4109,0.4076,0.4087,58752000
1990-02-14,0.4109,0.4109,0.4076,0.4098,35868816
1990-02-15,0.4098,0.4227,0.4098,0.4184,89494416
1990-02-16,0.4238,0.4260,0.4216,0.4227,70876800
1990-02-20,0.4216,0.4335,0.4184,0.4324,132652800
1990-02-21,0.4260,0.4313,0.4130,0.4146,103347216
1990-02-22,0.4173,0.4238,0.4152,0.4157,60809616
1990-02-23,0.4130,0.4216,0.4119,0.4206,56851200
1990-02-26,0.4206,0.4313,0.4195,0.4281,69219216
1990-02-27,0.4292,0.4292,0.4227,0.4227,62019216
1990-02-28,0.4227,0.4303,0.4227,0.4260,39312000
1990-03-01,0.4249,0.4389,0.4249,0.4313,76867200
1990-03-02,0.4324,0.4502,0.4319,0.4475,100208016
1990-03-05,0.4464,0.4561,0.4410,0.4540,75526416
1990-03-06,0.4518,0.4529,0.4421,0.4508,68630400
1990-03-07,0.4518,0.4551,0.4432,0.4432,47606400
1990-03-08,0.4443,0.4626,0.4389,0.4583,88976016
1990-03-09,0.4572,0.4658,0.4540,0.4594,75744000
1990-03-12,0.4583,0.4691,0.4572,0.4669,68873616
1990-03-13,0.4680,0.4702,0.4583,0.4583,85203216
1990-03-14,0.4626,0.4691,0.4572,0.4653,130966416
1990-03-15,0.4653,0.4820,0.4648,0.4788,81676800
1990-03-16,0.4831,0.4971,0.4820,0.4917,118899216
1990-03-19,0.4907,0.5047,0.4874,0.5025,81171216
1990-03-20,0.5025,0.5036,0.4853,0.4874,92144016
1990-03-21,0.4869,0.4982,0.4842,0.4885,69840000
1990-03-22,0.4896,0.4907,0.4756,0.4799,92419200
1990-03-23,0.4831,0.4885,0.4702,0.4756,53596800
1990-03-26,0.4766,0.4853,0.4761,0.4809,55929600
1990-03-27,0.4793,0.4874,0.4777,0.4853,52515216
1990-03-28,0.4842,0.4842,0.4680,0.4788,99532800
1990-03-29,0.4761,0.4863,0.4745,0.4766,64784016
1990-03-30,0.4745,0.4788,0.4712,0.4777,36691200
1990-04-02,0.4734,0.4847,0.4712,0.4809,74057616
1990-04-03,0.4863,0.5014,0.4853,0.5004,84643200
1990-04-04,0.5004,0.5122,0.4982,0.5047,79644816
1990-04-05,0.5041,0.5052,0.4939,0.4939,66368016
1990-04-06,0.4950,0.4971,0.4885,0.4928,72876816
1990-04-09,0.4907,0.4971,0.4907,0.4939,31174416
1990-04-10,0.4944,0.5090,0.4939,0.5090,45187200
1990-04-11,0.5111,0.5219,0.5101,0.5219,70371216
1990-04-12,0.5252,0.5262,0.5176,0.5208,48252816
1990-04-16,0.5262,0.5327,0.5187,0.5241,19734408
1990-04-17,0.5230,0.5435,0.5155,0.5349,66777624
1990-04-18,0.5317,0.5327,0.5068,0.5230,97795224
1990-04-19,0.5176,0.5284,0.5111,0.5133,58003200
1990-04-20,0.5176,0.5219,0.5068,0.5111,44659224
1990-04-23,0.5079,0.5133,0.4939,0.5090,64876824
1990-04-24,0.5155,0.5155,0.4874,0.5004,47913624
1990-04-25,0.5025,0.5068,0.4917,0.5004,53868816
1990-04-26,0.5047,0.5068,0.4939,0.4950,46294416
1990-04-27,0.4929,0.4939,0.4799,0.4853,57123216
1990-04-30,0.4853,0.5004,0.4809,0.5004,51449616
1990-05-01,0.5068,0.5068,0.4896,0.4929,52473600
1990-05-02,0.4939,0.5047,0.4939,0.5025,33264000
1990-05-03,0.5047,0.5155,0.5025,0.5090,45891216
1990-05-04,0.5133,0.5327,0.5090,0.5327,47811168
1990-05-07,0.5349,0.5694,0.5306,0.5521,97347168
1990-05-08,0.5413,0.5478,0.5370,0.5413,50822424
1990-05-09,0.5425,0.5456,0.5349,0.5413,35164800
1990-05-10,0.5456,0.5607,0.5413,0.5564,48800016
1990-05-11,0.5607,0.5694,0.5456,0.5651,49164768
1990-05-14,0.5715,0.5737,0.5651,0.5672,47232000
1990-05-15,0.5651,0.5672,0.5543,0.5586,54118368
1990-05-16,0.5564,0.5586,0.5478,0.5586,38553624
1990-05-17,0.5586,0.5629,0.5543,0.5586,41731200
1990-05-18,0.5575,0.5974,0.5564,0.5888,101820816
1990-05-21,0.5931,0.6233,0.5931,0.6060,159593616
1990-05-22,0.6125,0.6233,0.5953,0.6168,142435224
1990-05-23,0.6211,0.6556,0.6200,0.6545,141180768
1990-05-24,0.6621,0.6794,0.6556,0.6600,146649600
1990-05-25,0.6405,0.6578,0.6384,0.6405,104688000
1990-05-29,0.6405,0.6513,0.6384,0.6492,61478424
1990-05-30,0.6567,0.6600,0.6449,0.6513,65072016
1990-05-31,0.6449,0.6513,0.6254,0.6298,69436800
1990-06-01,0.6319,0.6492,0.6298,0.6480,69065568
1990-06-04,0.6459,0.6664,0.6384,0.6600,59158368
1990-06-05,0.6664,0.6686,0.6276,0.6330,80256024
1990-06-06,0.6319,0.6427,0.6254,0.6298,86287968
1990-06-07,0.6319,0.6362,0.6125,0.6211,90118368
1990-06-08,0.6211,0.6362,0.6168,0.6341,63766368
1990-06-11,0.6298,0.6513,0.6298,0.6459,58236768
1990-06-12,0.6513,0.6556,0.6427,0.6545,46656000
1990-06-13,0.6545,0.6707,0.6480,0.6600,80265600
1990-06-14,0.6600,0.6621,0.6405,0.6513,58204800
1990-06-15,0.6427,0.6643,0.6427,0.6556,51552000
1990-06-18,0.6535,0.6578,0.6427,0.6459,52790400
1990-06-19,0.6449,0.6513,0.6362,0.6470,41715216
1990-06-20,0.6502,0.6707,0.6470,0.6696,39561624
1990-06-21,0.6686,0.6707,0.6556,0.6643,34303968
1990-06-22,0.6664,0.6707,0.6513,0.6535,34032024
1990-06-25,0.6524,0.6600,0.6405,0.6427,68979168
1990-06-26,0.6492,0.6524,0.6427,0.6449,50198400
1990-06-27,0.6449,0.6600,0.6427,0.6578,35760024
1990-06-28,0.6610,0.6664,0.6567,0.6600,30051216
1990-06-29,0.6600,0.6600,0.6492,0.6556,34953624
1990-07-02,0.6556,0.6556,0.6351,0.6362,35472024
1990-07-03,0.6330,0.6341,0.6168,0.6211,79257600
1990-07-05,0.6168,0.6254,0.6103,0.6233,61852824
1990-07-06,0.6222,0.6384,0.6190,0.6319,41801616
1990-07-09,0.6341,0.6449,0.6319,0.6405,37315224
1990-07-10,0.6405,0.6470,0.6341,0.6362,29695968
1990-07-11,0.6384,0.6535,0.6319,0.6513,28918368
1990-07-12,0.6492,0.6707,0.6492,0.6686,89040024
1990-07-13,0.6707,0.6945,0.6686,0.6761,93628800
1990-07-16,0.6794,0.6966,0.6772,0.6837,48729600
1990-07-17,0.6847,0.6858,0.6643,0.6707,54473616
1990-07-18,0.6664,0.6707,0.6513,0.6556,41849568
1990-07-19,0.6502,0.6621,0.6362,0.6621,63132768
1990-07-20,0.6643,0.6751,0.6298,0.6319,87724800
1990-07-23,0.6319,0.6384,0.6147,0.6211,74201616
1990-07-24,0.6254,0.6254,0.5758,0.5996,137100816
1990-07-25,0.6039,0.6190,0.5931,0.6168,60147216
1990-07-26,0.6147,0.6384,0.5694,0.5931,303321600
1990-07-27,0.5909,0.6039,0.5845,0.5953,51017616
1990-07-30,0.5909,0.5953,0.5672,0.5866,87955200
1990-07-31,0.5888,0.5920,0.5694,0.5737,42307200
1990-08-01,0.5715,0.5802,0.5500,0.5758,111113568
1990-08-02,0.5651,0.5758,0.5543,0.5694,91769616
1990-08-03,0.5651,0.5672,0.5209,0.5456,117177624
1990-08-06,0.5306,0.5349,0.5047,0.5219,113184000
1990-08-07,0.5284,0.5370,0.5176,0.5284,91065600
1990-08-08,0.5392,0.5521,0.5349,0.5478,86259168
1990-08-09,0.5521,0.5672,0.5456,0.5618,77052816
1990-08-10,0.5618,0.5672,0.5413,0.5564,73183968
1990-08-13,0.5500,0.5651,0.5456,0.5607,53942400
1990-08-14,0.5629,0.5683,0.5500,0.5543,33708816
1990-08-15,0.5586,0.5672,0.5543,0.5543,51408000
1990-08-16,0.5521,0.5564,0.5327,0.5327,53328024
1990-08-17,0.5262,0.5327,0.5176,0.5198,95225616
1990-08-20,0.5198,0.5219,0.4788,0.4788,113600016
1990-08-21,0.4680,0.4723,0.4378,0.4680,165648024
1990-08-22,0.4745,0.4788,0.4605,0.4637,79231968
1990-08-23,0.4529,0.4637,0.4400,0.4464,107443224
1990-08-24,0.4508,0.4982,0.4508,0.4939,95443200
1990-08-27,0.5090,0.5284,0.5090,0.5241,110115216
1990-08-28,0.5198,0.5456,0.5176,0.5425,79824024
1990-08-29,0.5392,0.5500,0.5176,0.5219,77952024
1990-08-30,0.5241,0.5381,0.5176,0.5176,65379168
1990-08-31,0.5176,0.5349,0.5111,0.5306,40736016
1990-09-04,0.5262,0.5392,0.5241,0.5370,47376000
1990-09-05,0.5392,0.5435,0.5047,0.5090,54675216
1990-09-06,0.5004,0.5047,0.4853,0.4960,115616016
1990-09-07,0.4917,0.5090,0.4874,0.4982,53702424
1990-09-10,0.5068,0.5176,0.4809,0.4809,74246400
1990-09-11,0.4831,0.4874,0.4702,0.4788,78867216
1990-09-12,0.4853,0.4982,0.4809,0.4950,75014424
1990-09-13,0.5004,0.5047,0.4917,0.4960,49865616
1990-09-14,0.4917,0.5198,0.4864,0.5155,67670424
1990-09-17,0.5133,0.5327,0.5111,0.5241,70390368
1990-09-18,0.5230,0.5381,0.5155,0.5327,60636816
1990-09-19,0.5435,0.5456,0.5327,0.5349,52694424
1990-09-20,0.5306,0.5349,0.5155,0.5155,52444800
1990-09-21,0.5155,0.5241,0.5047,0.5219,79891200
1990-09-24,0.5133,0.5176,0.4960,0.5047,81436824
1990-09-25,0.5144,0.5219,0.5068,0.5209,53308800
1990-09-26,0.5219,0.5241,0.5133,0.5198,39267216
1990-09-27,0.5262,0.5306,0.5025,0.5111,65724768
1990-09-28,0.5025,0.5478,0.5004,0.5435,97980768
1990-10-01,0.5586,0.5823,0.5564,0.5790,131619168
1990-10-02,0.5888,0.5909,0.5651,0.5683,83465568
1990-10-03,0.5651,0.5812,0.5629,0.5672,57600000
1990-10-04,0.5629,0.5672,0.5521,0.5532,69292800
1990-10-05,0.5435,0.5672,0.5370,0.5586,82099224
1990-10-08,0.5694,0.5737,0.5564,0.5694,38678400
1990-10-09,0.5629,0.5694,0.5392,0.5435,66374424
1990-10-10,0.5349,0.5370,0.5090,0.5133,115593624
1990-10-11,0.5155,0.5198,0.4917,0.5004,83811168
1990-10-12,0.5047,0.5068,0.4658,0.4917,109251216
1990-10-15,0.4982,0.5004,0.4788,0.4874,130332816
1990-10-16,0.4896,0.4972,0.4658,0.4713,300886416
1990-10-17,0.4723,0.4896,0.4615,0.4874,135820800
1990-10-18,0.4917,0.5306,0.4896,0.5274,123737616
1990-10-19,0.5349,0.5456,0.5219,0.5349,170336016
1990-10-22,0.5349,0.5586,0.5327,0.5521,80294400
1990-10-23,0.5500,0.5672,0.5456,0.5543,71884800
1990-10-24,0.5478,0.5651,0.5456,0.5639,54732816
1990-10-25,0.5651,0.5715,0.5521,0.5586,51497568
1990-10-26,0.5500,0.5564,0.5456,0.5468,59126400
1990-10-29,0.5500,0.5543,0.5349,0.5392,67881600
1990-10-30,0.5392,0.5543,0.5349,0.5511,52563168
1990-10-31,0.5564,0.5629,0.5500,0.5500,61200000
1990-11-01,0.5435,0.5543,0.5413,0.5478,49440024
1990-11-02,0.5478,0.5672,0.5456,0.5607,74764800
1990-11-05,0.5629,0.5694,0.5586,0.5661,50700816
1990-11-06,0.5672,0.5737,0.5478,0.5543,59212800
1990-11-07,0.5500,0.5586,0.5478,0.5500,63100800
1990-11-08,0.5478,0.5586,0.5435,0.5478,43462368
1990-11-09,0.5586,0.5651,0.5564,0.5586,43344000
1990-11-12,0.5694,0.5974,0.5694,0.5941,87657624
1990-11-13,0.5931,0.5996,0.5845,0.5920,67654368
1990-11-14,0.5909,0.6039,0.5888,0.5996,59721624
1990-11-15,0.5953,0.5974,0.5802,0.5855,63129600
1990-11-16,0.5823,0.5931,0.5802,0.5866,67075200
1990-11-19,0.5866,0.6017,0.5866,0.5996,45552024
1990-11-20,0.5974,0.6082,0.5877,0.5888,68863968
1990-11-21,0.5866,0.5953,0.5780,0.5931,60739200
1990-11-23,0.5974,0.6060,0.5909,0.5931,22060800
1990-11-26,0.5909,0.6082,0.5845,0.6060,47577600
1990-11-27,0.6082,0.6233,0.6017,0.6200,63417600
1990-11-28,0.6233,0.6276,0.6060,0.6071,77619168
1990-11-29,0.6060,0.6147,0.6017,0.6147,65865600
1990-11-30,0.6147,0.6405,0.6082,0.6233,72163224
1990-12-03,0.6319,0.6427,0.6276,0.6373,68240016
1990-12-04,0.6341,0.6492,0.6298,0.6427,54547200
1990-12-05,0.6427,0.6535,0.6405,0.6492,68630400
1990-12-06,0.6578,0.6621,0.6384,0.6449,108201600
1990-12-07,0.6405,0.6492,0.6233,0.6405,81920016
1990-12-10,0.6319,0.6502,0.6276,0.6384,55526400
1990-12-11,0.6319,0.6427,0.6211,0.6222,61766424
1990-12-12,0.6190,0.6276,0.6082,0.6254,71558424
1990-12-13,0.6298,0.6341,0.6190,0.6276,50707224
1990-12-14,0.6298,0.6405,0.6254,0.6351,48633624
1990-12-17,0.6298,0.6405,0.6254,0.6384,27286416
1990-12-18,0.6427,0.6535,0.6405,0.6492,51871968
1990-12-19,0.6502,0.6535,0.6449,0.6459,34262424
1990-12-20,0.6405,0.6556,0.6384,0.6513,46992024
1990-12-21,0.6535,0.6556,0.6492,0.6535,33468768
1990-12-24,0.6513,0.6513,0.6449,0.6492,13548816
1990-12-26,0.6492,0.6535,0.6427,0.6470,16214400
1990-12-27,0.6470,0.6492,0.6427,0.6449,22627224
1990-12-28,0.6427,0.6492,0.6405,0.6470,20265624
1990-12-31,0.6470,0.6492,0.6427,0.6492,23702400
1991-01-02,0.6470,0.6492,0.6449,0.6449,38105568
1991-01-03,0.6449,0.6556,0.6449,0.6492,52822368
1991-01-04,0.6470,0.6600,0.6470,0.6545,58483224
1991-01-07,0.6492,0.6707,0.6449,0.6459,87552000
1991-01-08,0.6449,0.6492,0.6298,0.6341,76438368
1991-01-09,0.6384,0.6535,0.6341,0.6384,115622424
1991-01-10,0.6405,0.6794,0.6405,0.6751,123888024
1991-01-11,0.6772,0.6815,0.6621,0.6729,62006400
1991-01-14,0.6664,0.6686,0.6513,0.6621,58656024
1991-01-15,0.6621,0.6858,0.6621,0.6761,83436768
1991-01-16,0.6772,0.7149,0.6751,0.7096,139913568
1991-01-17,0.7419,0.7441,0.7225,0.7247,163526400
1991-01-18,0.7117,0.7376,0.7096,0.7354,103030416
1991-01-21,0.7300,0.7764,0.7300,0.7721,154512000
1991-01-22,0.7731,0.7850,0.7537,0.7667,113715216
1991-01-23,0.7613,0.7786,0.7613,0.7678,77081616
1991-01-24,0.7699,0.7839,0.7656,0.7807,86083200
1991-01-25,0.7829,0.7850,0.7678,0.7721,86889600
1991-01-28,0.7678,0.8109,0.7678,0.7958,130985568
1991-01-29,0.7958,0.8141,0.7764,0.7980,146979216
1991-01-30,0.7980,0.8325,0.7894,0.8303,148582368
1991-01-31,0.8325,0.8584,0.8282,0.8465,111417624
1991-02-01,0.8541,0.8713,0.8390,0.8605,117878400
1991-02-04,0.8627,0.8692,0.8454,0.8551,88233624
1991-02-05,0.8562,0.8799,0.8454,0.8735,88735968
1991-02-06,0.8713,0.9188,0.8670,0.9123,106348824
1991-02-07,0.9166,0.9403,0.8821,0.8886,133462368
1991-02-08,0.8886,0.9037,0.8778,0.8972,74230416
1991-02-11,0.8982,0.9015,0.8821,0.8993,152336016
1991-02-12,0.8907,0.9037,0.8843,0.8907,96204816
1991-02-13,0.8843,0.9112,0.8778,0.9101,95491224
1991-02-14,0.9080,0.9101,0.8541,0.8692,133702416
1991-02-15,0.8756,0.8993,0.8735,0.8907,115449624
1991-02-19,0.8821,0.8929,0.8756,0.8843,66559968
1991-02-20,0.8778,0.8972,0.8756,0.8864,52550424
1991-02-21,0.8886,0.8929,0.8627,0.8627,68275224
1991-02-22,0.8605,0.9015,0.8605,0.8821,105340824
1991-02-25,0.8907,0.8972,0.8756,0.8886,88521624
1991-02-26,0.8756,0.8843,0.8670,0.8778,55539216
1991-02-27,0.8821,0.9123,0.8735,0.9080,87670368
1991-02-28,0.9144,0.9166,0.8907,0.8950,55008000
1991-03-01,0.8886,0.9166,0.8799,0.9123,77721624
1991-03-04,0.9123,0.9274,0.9015,0.9231,47020824
1991-03-05,0.9252,0.9705,0.9231,0.9619,76351968
1991-03-06,0.9705,0.9748,0.9209,0.9252,101088000
1991-03-07,0.8993,0.9274,0.8929,0.8972,165388824
1991-03-08,0.9015,0.9144,0.8778,0.8843,134697600
1991-03-11,0.8778,0.8843,0.8433,0.8562,160966368
1991-03-12,0.8476,0.8529,0.8249,0.8260,152883216
1991-03-13,0.8282,0.8723,0.8282,0.8670,110265624
1991-03-14,0.8756,0.8756,0.8368,0.8454,100214424
1991-03-15,0.8476,0.8519,0.8303,0.8335,76927968
1991-03-18,0.8303,0.8605,0.8282,0.8562,66214368
1991-03-19,0.8476,0.8713,0.8346,0.8541,92505600
1991-03-20,0.8541,0.8713,0.8519,0.8541,83216016
1991-03-21,0.8584,0.8692,0.8109,0.8174,119187216
1991-03-22,0.8152,0.8239,0.8023,0.8088,95686416
1991-03-25,0.8109,0.8519,0.8109,0.8476,59820768
1991-03-26,0.8519,0.9080,0.8519,0.9069,89926416
1991-03-27,0.9058,0.9425,0.9058,0.9295,91932768
1991-03-28,0.9252,0.9339,0.9144,0.9155,30489624
1991-04-01,0.9144,0.9295,0.9015,0.9209,59203224
1991-04-02,0.9274,0.9705,0.9209,0.9684,96252768
1991-04-03,0.9727,1.0072,0.9727,0.9813,91776024
1991-04-04,0.9835,1.0072,0.9727,0.9813,73846368
1991-04-05,0.9835,0.9856,0.9403,0.9490,108912024
1991-04-08,0.9490,0.9770,0.9446,0.9608,46524816
1991-04-09,0.9619,0.9770,0.9468,0.9511,60768000
1991-04-10,0.9468,0.9511,0.9101,0.9274,74335968
1991-04-11,0.9360,0.9619,0.9317,0.9576,47936016
1991-04-12,0.9446,0.9490,0.8950,0.9252,176729616
1991-04-15,0.9144,0.9856,0.9058,0.9813,88819200
1991-04-16,0.9813,0.9878,0.9490,0.9684,81331200
1991-04-17,0.9835,1.0137,0.9586,0.9619,128380824
1991-04-18,0.9597,0.9662,0.9317,0.9490,88083216
1991-04-19,0.9166,0.9446,0.9058,0.9252,96585624
1991-04-22,0.9144,0.9166,0.8778,0.8810,139708800
1991-04-23,0.8821,0.8886,0.8670,0.8767,103910400
1991-04-24,0.8756,0.9037,0.8670,0.8886,82128024
1991-04-25,0.8843,0.8950,0.8670,0.8692,65705616
1991-04-26,0.8648,0.8821,0.8519,0.8692,88371216
1991-04-29,0.8735,0.8756,0.8433,0.8433,71254368
1991-04-30,0.8433,0.8562,0.8282,0.8541,115174368
1991-05-01,0.8497,0.8692,0.8368,0.8692,111628800
1991-05-02,0.8735,0.8843,0.8648,0.8670,66886416
1991-05-03,0.8670,0.8735,0.8605,0.8735,23043168
1991-05-06,0.8670,0.8907,0.8648,0.8864,44755200
1991-05-07,0.8907,0.8950,0.8735,0.8735,50902416
1991-05-08,0.8713,0.8907,0.8648,0.8886,57590424
1991-05-09,0.8907,0.9144,0.8864,0.9123,76294368
1991-05-10,0.9166,0.9231,0.8799,0.8864,52070400
1991-05-13,0.8907,0.8950,0.8735,0.8896,68745600
1991-05-14,0.8853,0.8907,0.8692,0.8735,58812768
1991-05-15,0.8648,0.8670,0.8335,0.8454,111158424
1991-05-16,0.8562,0.8627,0.8497,0.8572,70243200
1991-05-17,0.8541,0.8584,0.8454,0.8562,44812800
1991-05-20,0.8584,0.8627,0.8433,0.8551,65936016
1991-05-21,0.8605,0.8907,0.8584,0.8799,83568024
1991-05-22,0.8864,0.9209,0.8821,0.9209,88780824
1991-05-23,0.9231,0.9468,0.9231,0.9446,67750416
1991-05-24,0.9490,0.9705,0.9446,0.9490,67929624
1991-05-28,0.9533,0.9640,0.9490,0.9554,43939224
1991-05-29,0.9597,0.9662,0.9468,0.9511,64198368
1991-05-30,0.9500,0.9640,0.9403,0.9511,61833600
1991-05-31,0.9533,0.9576,0.9317,0.9468,81782424
1991-06-03,0.9446,0.9684,0.9403,0.9662,46947168
1991-06-04,0.9662,0.9791,0.9533,0.9748,35033616
1991-06-05,0.9705,0.9856,0.9662,0.9662,41385600
1991-06-06,0.9727,0.9748,0.9533,0.9586,32678424
1991-06-07,0.9468,0.9511,0.9382,0.9511,51984000
1991-06-10,0.9511,0.9576,0.9468,0.9533,29494368
1991-06-11,0.9576,0.9748,0.9533,0.9543,41846400
1991-06-12,0.9554,0.9684,0.9511,0.9586,51065568
1991-06-13,0.9576,0.9684,0.9533,0.9576,38000016
1991-06-14,0.9597,0.9813,0.9576,0.9791,46358424
1991-06-17,0.9813,0.9899,0.9705,0.9791,29417616
1991-06-18,0.9770,0.9791,0.9468,0.9619,46848024
1991-06-19,0.9468,0.9468,0.8886,0.8918,157036824
1991-06-20,0.8713,0.8778,0.8541,0.8692,187996824
1991-06-21,0.8735,0.8886,0.8735,0.8821,67680000
1991-06-24,0.8713,0.8756,0.8411,0.8465,79692768
1991-06-25,0.8562,0.8648,0.8454,0.8519,97228800
1991-06-26,0.8541,0.8756,0.8476,0.8692,96636816
1991-06-27,0.8767,0.8832,0.8638,0.8799,37672512
1991-06-28,0.8767,0.8896,0.8476,0.8815,61526400
1991-07-01,0.8896,0.9268,0.8767,0.9235,72387216
1991-07-02,0.9220,0.9349,0.8799,0.8815,43920000
1991-07-03,0.8346,0.8411,0.7991,0.8282,191628816
1991-07-05,0.8249,0.8249,0.7958,0.7991,78758400
1991-07-08,0.7861,0.8702,0.7829,0.8670,109184016
1991-07-09,0.8735,0.8896,0.8605,0.8783,76947216
1991-07-10,0.8832,0.8896,0.8411,0.8444,67308816
1991-07-11,0.8508,0.8638,0.8411,0.8573,51148800
1991-07-12,0.8670,0.8864,0.8541,0.8799,35174400
1991-07-15,0.8896,0.9091,0.8864,0.9041,36761616
1991-07-16,0.9058,0.9058,0.8735,0.8735,42732816
1991-07-17,0.8508,0.8767,0.8411,0.8767,40524816
1991-07-18,0.8799,0.8961,0.8638,0.8670,25654416
1991-07-19,0.8735,0.8799,0.8541,0.8767,24441600
1991-07-22,0.8638,0.8896,0.8605,0.8735,35136000
1991-07-23,0.8799,0.8832,0.8605,0.8605,35596800
1991-07-24,0.8670,0.8702,0.8411,0.8476,54320016
1991-07-25,0.8670,0.8799,0.8524,0.8541,90211200
1991-07-26,0.8670,0.9285,0.8638,0.9188,149292816
1991-07-29,0.9188,0.9220,0.8896,0.9091,136467216
1991-07-30,0.9123,0.9446,0.9026,0.9414,78038400
1991-07-31,0.9446,0.9576,0.9414,0.9511,111628800
1991-08-01,0.9543,0.9576,0.9446,0.9479,53942400
1991-08-02,0.9543,0.9673,0.9479,0.9479,81369600
1991-08-05,0.9479,0.9479,0.9285,0.9349,28252800
1991-08-06,0.9349,0.9705,0.9349,0.9640,53097600
1991-08-07,0.9673,0.9899,0.9640,0.9835,69235200
1991-08-08,0.9835,1.0255,0.9835,1.0223,91852800
1991-08-09,1.0190,1.0611,1.0126,1.0449,114806400
1991-08-12,1.0320,1.0837,1.0320,1.0740,56899200
1991-08-13,1.0837,1.0837,1.0643,1.0676,94496016
1991-08-14,1.0708,1.0805,1.0611,1.0676,67008000
1991-08-15,1.0676,1.0773,1.0482,1.0546,45459216
1991-08-16,1.0449,1.0659,1.0385,1.0579,52073616
1991-08-19,1.0029,1.0514,0.9964,1.0385,85424016
1991-08-20,1.0432,1.0594,1.0352,1.0417,57324816
1991-08-21,1.0611,1.0935,1.0579,1.0870,73212816
1991-08-22,1.0902,1.1032,1.0773,1.0870,43625616
1991-08-23,1.0870,1.1193,1.0870,1.1032,43161600
1991-08-26,1.0967,1.1032,1.0805,1.1032,44134416
1991-08-27,1.0967,1.0999,1.0870,1.0967,34204800
1991-08-28,1.0967,1.1226,1.0935,1.1079,41558400
1991-08-29,1.1129,1.1193,1.0999,1.1096,27974400
1991-08-30,1.1096,1.1161,1.0935,1.1032,22032000
1991-09-03,1.0999,1.0999,1.0676,1.0756,33494400
1991-09-04,1.0773,1.0805,1.0482,1.0691,38467200
1991-09-05,1.0740,1.0740,1.0352,1.0417,58457616
1991-09-06,1.0482,1.0643,1.0385,1.0449,50787216
1991-09-09,1.0449,1.0546,1.0385,1.0449,31913616
1991-09-10,1.0611,1.0676,1.0352,1.0352,65936016
1991-09-11,1.0417,1.0643,1.0417,1.0611,64032000
1991-09-12,1.0740,1.1096,1.0740,1.1079,53808000
1991-09-13,1.1064,1.1096,1.0676,1.0740,51360000
1991-09-16,1.0740,1.0805,1.0643,1.0740,21686400
1991-09-17,1.0708,1.0967,1.0611,1.0935,23366400
1991-09-18,1.0870,1.1064,1.0837,1.0967,26940816
1991-09-19,1.0999,1.1290,1.0967,1.1161,51363216
1991-09-20,1.1226,1.1258,1.1129,1.1193,30316800
1991-09-23,1.1161,1.1193,1.0935,1.0982,49769616
1991-09-24,1.1032,1.1420,1.1032,1.1387,47625600
1991-09-25,1.1387,1.1435,1.1193,1.1355,25766400
1991-09-26,1.1323,1.1646,1.1290,1.1549,48000000
1991-09-27,1.1582,1.1582,1.1355,1.1420,33273600
1991-09-30,1.1420,1.1582,1.1258,1.1517,27699216
1991-10-01,1.1517,1.1549,1.1387,1.1500,19625616
1991-10-02,1.1452,1.1711,1.1161,1.1258,67219200
1991-10-03,1.1193,1.1420,1.1161,1.1323,34630416
1991-10-04,1.1387,1.1517,1.1323,1.1403,26457600
1991-10-07,1.1290,1.1500,1.1226,1.1452,27187200
1991-10-08,1.1387,1.1582,1.1387,1.1549,37708800
1991-10-09,1.1582,1.1808,1.1549,1.1582,60931200
1991-10-10,1.1711,1.1711,1.1452,1.1614,42048000
1991-10-11,1.1743,1.1776,1.1355,1.1597,69920016
1991-10-14,1.1646,1.1937,1.1646,1.1937,50624016
1991-10-15,1.1937,1.1937,1.1743,1.1824,57852816
1991-10-16,1.1840,1.1840,1.1629,1.1743,100198416
1991-10-17,1.1743,1.1743,1.1452,1.1549,95561616
1991-10-18,1.1646,1.1808,1.1614,1.1646,37843200
1991-10-21,1.1646,1.1840,1.1614,1.1776,28704000
1991-10-22,1.1840,1.2002,1.1808,1.1824,32496000
1991-10-23,1.1873,1.1905,1.1614,1.1679,36723216
1991-10-24,1.1711,1.1711,1.1549,1.1679,26940816
1991-10-25,1.1679,1.1743,1.1549,1.1582,28080000
1991-10-28,1.1582,1.1679,1.1355,1.1679,37952016
1991-10-29,1.1679,1.1743,1.1614,1.1743,36521616
1991-10-30,1.1743,1.2261,1.1743,1.2229,65590416
1991-10-31,1.2229,1.2326,1.2067,1.2147,41091216
1991-11-01,1.2099,1.2131,1.1905,1.1985,34294416
1991-11-04,1.1937,1.1970,1.1743,1.1776,28838400
1991-11-05,1.1808,1.2229,1.1776,1.2131,51737616
1991-11-06,1.2164,1.2358,1.2067,1.2326,38307216
1991-11-07,1.2358,1.2390,1.2229,1.2261,20892816
1991-11-08,1.2293,1.2520,1.2293,1.2326,36492816
1991-11-11,1.2423,1.2681,1.2373,1.2617,40563216
1991-11-12,1.2714,1.3037,1.2681,1.2923,80035200
1991-11-13,1.2876,1.3167,1.2779,1.3070,57523200
1991-11-14,1.3134,1.3134,1.2779,1.2843,44371200
1991-11-15,1.2811,1.3005,1.2261,1.2293,71590416
1991-11-18,1.2326,1.2649,1.2293,1.2584,72432000
1991-11-19,1.2455,1.2600,1.2196,1.2455,71974416
1991-11-20,1.2552,1.2617,1.2423,1.2487,36441600
1991-11-21,1.2455,1.2584,1.2390,1.2584,35558400
1991-11-22,1.2552,1.2617,1.2326,1.2423,38102400
1991-11-25,1.2390,1.2552,1.2326,1.2373,33724800
1991-11-26,1.2438,1.2455,1.2002,1.2229,58809600
1991-11-27,1.2196,1.2358,1.2164,1.2326,15008016
1991-11-29,1.2261,1.2649,1.2261,1.2584,20524800
1991-12-02,1.2455,1.3134,1.2423,1.3102,55852800
1991-12-03,1.3070,1.3296,1.2876,1.3118,64995216
1991-12-04,1.3167,1.3328,1.2940,1.3199,36297600
1991-12-05,1.3167,1.3231,1.3037,1.3167,24892800
1991-12-06,1.3134,1.3620,1.3070,1.3490,51580800
1991-12-09,1.3361,1.3426,1.3102,1.3199,57718416
1991-12-10,1.3199,1.3199,1.2940,1.3167,46252800
1991-12-11,1.3215,1.3296,1.2876,1.3037,39132816
1991-12-12,1.3070,1.3361,1.3005,1.3199,36979200
1991-12-13,1.3231,1.3296,1.3134,1.3199,26192016
1991-12-16,1.3199,1.3231,1.3037,1.3215,27225600
1991-12-17,1.3199,1.3393,1.2973,1.3182,27478416
1991-12-18,1.3199,1.3361,1.3102,1.3312,33561600
1991-12-19,1.3247,1.3361,1.3102,1.3296,38115216
1991-12-20,1.3458,1.3587,1.3231,1.3361,35356800
1991-12-23,1.3361,1.3814,1.3264,1.3814,46112016
1991-12-24,1.3814,1.3911,1.3717,1.3749,23993616
1991-12-26,1.3749,1.4008,1.3684,1.3959,24326400
1991-12-27,1.4008,1.4428,1.3943,1.4282,36656016
1991-12-30,1.4299,1.4396,1.4170,1.4331,35523216
1991-12-31,1.4331,1.4493,1.4073,1.4396,40512000
1992-01-02,1.4331,1.4849,1.4170,1.4752,74265600
1992-01-03,1.4752,1.4784,1.4461,1.4622,38246400
1992-01-06,1.4655,1.5237,1.4541,1.5075,63056016
1992-01-07,1.5075,1.5561,1.4978,1.5528,64361616
1992-01-08,1.5399,1.6272,1.5367,1.6078,90761616
1992-01-09,1.6078,1.6693,1.6046,1.6466,88348800
1992-01-10,1.6434,1.6531,1.6046,1.6208,64640016
1992-01-13,1.6046,1.6677,1.5884,1.6450,52803216
1992-01-14,1.6499,1.6628,1.6305,1.6596,44006400
1992-01-15,1.6661,1.7243,1.6596,1.7016,65292816
1992-01-16,1.6984,1.7081,1.6499,1.6531,58761600
1992-01-17,1.6531,1.6758,1.6014,1.6369,85027200
1992-01-20,1.6466,1.6466,1.5852,1.5852,58860816
1992-01-21,1.5819,1.5917,1.5011,1.5447,120019200
1992-01-22,1.5528,1.6240,1.5399,1.6240,56131200
1992-01-23,1.6240,1.6742,1.6014,1.6175,75590400
1992-01-24,1.6111,1.6240,1.6046,1.6126,37756800
1992-01-27,1.6143,1.6240,1.5593,1.5609,46233600
1992-01-28,1.5658,1.5755,1.5011,1.5625,95539200
1992-01-29,1.5852,1.6272,1.5755,1.6111,97344000
1992-01-30,1.6111,1.6143,1.5722,1.5981,41923200
1992-01-31,1.5981,1.6014,1.5496,1.5561,49948800
1992-02-03,1.5302,1.6240,1.5205,1.6175,80265600
1992-02-04,1.6208,1.6305,1.5852,1.6111,58438416
1992-02-05,1.6143,1.6628,1.5981,1.6466,71212800
1992-02-06,1.6369,1.6693,1.6272,1.6337,62355216
1992-02-07,1.6337,1.6499,1.6046,1.6272,36499200
1992-02-10,1.6256,1.6305,1.5787,1.6111,41369616
1992-02-11,1.6078,1.6143,1.5722,1.5852,41078400
1992-02-12,1.5350,1.6402,1.5350,1.6272,83340816
1992-02-13,1.6240,1.6369,1.5722,1.5852,97356816
1992-02-14,1.5819,1.5852,1.5270,1.5334,82630416
1992-02-18,1.5431,1.5819,1.5270,1.5302,73692816
1992-02-19,1.5270,1.5270,1.4687,1.4897,145372800
1992-02-20,1.5011,1.5431,1.4978,1.5205,74323200
1992-02-21,1.5140,1.5334,1.4720,1.4817,91116816
1992-02-24,1.4817,1.5075,1.4622,1.4864,59049600
1992-02-25,1.4881,1.5075,1.4655,1.4978,57388800
1992-02-26,1.5011,1.5787,1.5011,1.5787,100668816
1992-02-27,1.5884,1.6208,1.5884,1.6159,79577616
1992-02-28,1.6175,1.6369,1.5819,1.5981,58275216
1992-03-02,1.6014,1.6272,1.5755,1.5917,34876800
1992-03-03,1.5981,1.6208,1.5852,1.5949,27734400
1992-03-04,1.5949,1.6078,1.5755,1.5852,33084816
1992-03-05,1.5852,1.5949,1.5431,1.5690,55689600
1992-03-06,1.5625,1.5787,1.5108,1.5302,61865616
1992-03-09,1.5367,1.5593,1.5302,1.5399,30425616
1992-03-10,1.5464,1.5884,1.5431,1.5755,45478416
1992-03-11,1.5819,1.5949,1.5431,1.5561,39532800
1992-03-12,1.5561,1.5722,1.5334,1.5673,50025600
1992-03-13,1.5852,1.5917,1.5593,1.5658,36761616
1992-03-16,1.5658,1.6078,1.5593,1.6078,55132800
1992-03-17,1.6223,1.6661,1.6143,1.6564,94473600
1992-03-18,1.6628,1.6693,1.6305,1.6353,69228816
1992-03-19,1.6434,1.6855,1.6337,1.6499,111574416
1992-03-20,1.6499,1.6693,1.6499,1.6628,35772816
1992-03-23,1.6628,1.6725,1.6531,1.6628,37843200
1992-03-24,1.6693,1.6807,1.6369,1.6499,70227216
1992-03-25,1.6499,1.6725,1.6434,1.6628,36739200
1992-03-26,1.6661,1.6693,1.6078,1.6175,60403200
1992-03-27,1.6111,1.6175,1.5464,1.5690,89971200
1992-03-30,1.5722,1.5787,1.5528,1.5528,40713600
1992-03-31,1.5593,1.5787,1.5237,1.5334,86700816
1992-04-01,1.5172,1.5625,1.5140,1.5593,74201616
1992-04-02,1.5593,1.5722,1.5108,1.5140,56918400
1992-04-03,1.5205,1.5431,1.5108,1.5205,59532816
1992-04-06,1.5237,1.5738,1.5237,1.5690,40121616
1992-04-07,1.5787,1.5852,1.4978,1.5011,72758400
1992-04-08,1.4978,1.5205,1.4655,1.5172,105388800
1992-04-09,1.5302,1.5561,1.5091,1.5528,70006416
1992-04-10,1.5690,1.5787,1.4752,1.5011,126444816
1992-04-13,1.5108,1.5285,1.4784,1.5205,45552000
1992-04-14,1.5302,1.5561,1.5075,1.5140,72806400
1992-04-15,1.6661,1.6725,1.6369,1.6677,223305600
1992-04-16,1.6693,1.6693,1.6434,1.6514,66393600
1992-04-20,1.6111,1.6175,1.4946,1.5285,226118400
1992-04-21,1.5302,1.5334,1.4946,1.5026,99244800
1992-04-22,1.5075,1.5334,1.4817,1.5220,61788816
1992-04-23,1.5334,1.5399,1.4525,1.4978,115334400
1992-04-24,1.5011,1.5108,1.4493,1.4525,90393600
1992-04-27,1.4558,1.5075,1.4558,1.4655,99584016
1992-04-28,1.4720,1.4817,1.3846,1.4105,199875216
1992-04-29,1.4170,1.4428,1.4008,1.4412,137308800
1992-04-30,1.4493,1.4590,1.4202,1.4267,95868816
1992-05-01,1.4299,1.4752,1.4267,1.4720,62083200
1992-05-04,1.4687,1.5011,1.4558,1.4752,73920000
1992-05-05,1.4720,1.5205,1.4655,1.5075,59244816
1992-05-06,1.5140,1.5172,1.4946,1.5011,50016000
1992-05-07,1.5011,1.5075,1.4784,1.4881,40579200
1992-05-08,1.5011,1.5140,1.4655,1.4817,59820816
1992-05-11,1.4849,1.4914,1.4655,1.4752,41110416
1992-05-12,1.4849,1.4914,1.4590,1.4784,49904016
1992-05-13,1.4720,1.4784,1.4364,1.4590,64320000
1992-05-14,1.4590,1.4622,1.4137,1.4331,72307200
1992-05-15,1.4267,1.4428,1.4170,1.4234,40812816
1992-05-18,1.4331,1.4687,1.4299,1.4590,37526400
1992-05-19,1.4655,1.4817,1.4655,1.4817,51238416
1992-05-20,1.4817,1.5140,1.4817,1.5108,58800000
1992-05-21,1.5140,1.5140,1.4914,1.5091,48566400
1992-05-22,1.5140,1.5140,1.4881,1.4978,36969600
1992-05-26,1.5011,1.5140,1.4881,1.4946,38217600
1992-05-27,1.4978,1.5043,1.4849,1.4881,31164816
1992-05-28,1.4849,1.5464,1.4817,1.5399,62700816
1992-05-29,1.5496,1.5819,1.5464,1.5658,89916816
1992-06-01,1.5593,1.6078,1.5528,1.6078,68528016
1992-06-02,1.6078,1.6111,1.5819,1.5900,42585600
1992-06-03,1.5852,1.6078,1.5852,1.5917,28188816
1992-06-04,1.5949,1.5981,1.5852,1.5867,41753616
1992-06-05,1.5852,1.5917,1.5625,1.5658,40937616
1992-06-08,1.5625,1.5658,1.5302,1.5302,40227216
1992-06-09,1.5334,1.5399,1.4752,1.4881,84604800
1992-06-10,1.4914,1.4946,1.4493,1.4558,65456016
1992-06-11,1.4558,1.4914,1.3911,1.3975,130732800
1992-06-12,1.4267,1.4622,1.4088,1.4558,138028800
1992-06-15,1.4558,1.5140,1.4558,1.4703,36627200
1992-06-16,1.4655,1.4849,1.4073,1.4121,57376000
1992-06-17,1.4073,1.4218,1.3878,1.4047,70032000
1992-06-18,1.4170,1.4509,1.3781,1.4024,53356800
1992-06-19,1.4267,1.4412,1.4121,1.4267,43110400
1992-06-22,1.4218,1.4461,1.3878,1.4412,54080000
1992-06-23,1.4509,1.4703,1.4121,1.4267,57420800
1992-06-24,1.4315,1.4315,1.3927,1.4024,34096000
1992-06-25,1.4024,1.4024,1.2908,1.3587,165340800
1992-06-26,1.3490,1.3539,1.2762,1.2956,140982400
1992-06-29,1.3296,1.4121,1.3248,1.4024,90963200
1992-06-30,1.4121,1.4170,1.3490,1.3587,74048000
1992-07-01,1.3636,1.4121,1.3490,1.3999,45136000
1992-07-02,1.4121,1.4170,1.3345,1.3562,80563200
1992-07-06,1.3587,1.3636,1.3151,1.3490,36224000
1992-07-07,1.3539,1.3539,1.3053,1.3199,54396800
1992-07-08,1.3199,1.3393,1.2714,1.3319,93417600
1992-07-09,1.3393,1.3733,1.3248,1.3393,61174400
1992-07-10,1.3442,1.3587,1.3125,1.3490,28905600
1992-07-13,1.3539,1.3830,1.3296,1.3587,35113600
1992-07-14,1.3684,1.3878,1.3636,1.3805,41116800
1992-07-15,1.3927,1.4218,1.3781,1.3878,80172800
1992-07-16,1.3781,1.4024,1.3733,1.4024,42291200
1992-07-17,1.3927,1.3975,1.3539,1.3636,59865600
1992-07-20,1.3490,1.3636,1.3296,1.3442,48707200
1992-07-21,1.3587,1.4121,1.3490,1.3927,45907200
1992-07-22,1.3927,1.3927,1.3490,1.3587,59008000
1992-07-23,1.3539,1.4024,1.3345,1.3781,68441600
1992-07-24,1.3805,1.4315,1.3781,1.4121,76259200
1992-07-27,1.4121,1.4267,1.4024,1.4170,30512000
1992-07-28,1.4267,1.4461,1.4121,1.4364,45363200
1992-07-29,1.4461,1.4509,1.3975,1.4364,145273600
1992-07-30,1.4267,1.4461,1.4170,1.4193,32035200
1992-07-31,1.4267,1.4267,1.4024,1.4121,35312000
1992-08-03,1.4121,1.4412,1.3975,1.4315,31516800
1992-08-04,1.4364,1.4461,1.4267,1.4338,31430400
1992-08-05,1.4315,1.4315,1.3830,1.3975,60150400
1992-08-06,1.3878,1.3975,1.3636,1.3878,3705600
1992-08-07,1.3878,1.4315,1.3684,1.3733,55008000
1992-08-10,1.3781,1.4073,1.3733,1.3756,42067200
1992-08-11,1.3830,1.3950,1.3587,1.3853,33436800
1992-08-12,1.3927,1.4073,1.3733,1.3781,30441600
1992-08-13,1.3830,1.3927,1.3684,1.3756,28227200
1992-08-14,1.3781,1.3927,1.3733,1.3781,33942400
1992-08-17,1.3733,1.3781,1.3490,1.3490,63318400
1992-08-18,1.3393,1.3733,1.3199,1.3490,66313600
1992-08-19,1.3490,1.3684,1.3345,1.3442,27433600
1992-08-20,1.3490,1.3733,1.3393,1.3659,36534400
1992-08-21,1.3684,1.3756,1.3393,1.3539,52710400
1992-08-24,1.3514,1.3587,1.3345,1.3393,42800000
1992-08-25,1.3345,1.3733,1.3296,1.3659,37123200
1992-08-26,1.3636,1.4024,1.3636,1.3902,50016000
1992-08-27,1.3975,1.4364,1.3975,1.4290,88028800
1992-08-28,1.4267,1.4461,1.4267,1.4436,49468800
1992-08-31,1.4412,1.4558,1.4267,1.4461,25651200
1992-09-01,1.4364,1.4484,1.4218,1.4461,30825600
1992-09-02,1.4461,1.4703,1.4315,1.4630,61955200
1992-09-03,1.4703,1.4995,1.4655,1.4872,85296000
1992-09-04,1.4800,1.4849,1.4655,1.4752,28585600
1992-09-08,1.4752,1.4921,1.4606,1.4897,49376000
1992-09-09,1.4897,1.5212,1.4849,1.5163,60982400
1992-09-10,1.5189,1.5334,1.5043,1.5334,53302400
1992-09-11,1.5237,1.5383,1.5140,1.5286,30796800
1992-09-14,1.5480,1.5917,1.5480,1.5868,95100800
1992-09-15,1.5819,1.5868,1.5528,1.5771,44614400
1992-09-16,1.5480,1.5868,1.5431,1.5600,35708800
1992-09-17,1.5625,1.5819,1.5577,1.5746,23590400
1992-09-18,1.5771,1.5819,1.5212,1.5503,71683200
1992-09-21,1.5286,1.5431,1.5189,1.5358,31811200
1992-09-22,1.5334,1.5358,1.5043,1.5092,30777600
1992-09-23,1.5092,1.5480,1.5043,1.5358,37654400
1992-09-24,1.5383,1.5625,1.5383,1.5577,36953600
1992-09-25,1.5577,1.5600,1.4752,1.5286,41817600
1992-09-28,1.4849,1.5189,1.4800,1.4946,52854400
1992-09-29,1.4946,1.5334,1.4946,1.5286,39392000
1992-09-30,1.5480,1.5625,1.5286,1.5625,59843200
1992-10-01,1.5528,1.5722,1.5431,1.5455,47804800
1992-10-02,1.5383,1.5480,1.5140,1.5286,36803200
1992-10-05,1.5237,1.5868,1.4703,1.5868,71347200
1992-10-06,1.5965,1.6208,1.5771,1.6014,74316800
1992-10-07,1.6014,1.6353,1.5722,1.5746,58153600
1992-10-08,1.5965,1.6402,1.5868,1.6182,59532800
1992-10-09,1.6208,1.6208,1.5819,1.5988,40182400
1992-10-12,1.6111,1.6305,1.6062,1.6279,34700800
1992-10-13,1.6450,1.6571,1.6159,1.6353,86643200
1992-10-14,1.6377,1.6499,1.6111,1.6208,47456000
1992-10-15,1.6159,1.6450,1.6062,1.6402,35942400
1992-10-16,1.6450,1.6596,1.6256,1.6571,47644800
1992-10-19,1.6499,1.7130,1.6499,1.7056,83280000
1992-10-20,1.7130,1.7421,1.6887,1.7056,84150400
1992-10-21,1.7130,1.7469,1.7033,1.7469,60396800
1992-10-22,1.7469,1.7518,1.7130,1.7421,49174400
1992-10-23,1.7518,1.7518,1.7130,1.7201,46006400
1992-10-26,1.7178,1.7518,1.7033,1.7469,40121600
1992-10-27,1.7469,1.7518,1.6984,1.7081,49116800
1992-10-28,1.7130,1.7227,1.6936,1.7178,36172800
1992-10-29,1.7227,1.7469,1.7178,1.7469,32774400
1992-10-30,1.7444,1.7469,1.7178,1.7227,24998400
1992-11-02,1.7275,1.7469,1.7033,1.7396,31091200
1992-11-03,1.7372,1.7421,1.7007,1.7130,35267200
1992-11-04,1.7130,1.7421,1.7081,1.7178,23657600
1992-11-05,1.7275,1.7906,1.7130,1.7832,90361600
1992-11-06,1.7809,1.8100,1.7712,1.8003,61155200
1992-11-09,1.8003,1.8003,1.7566,1.7832,54796800
1992-11-10,1.7858,1.8100,1.7761,1.8026,38710400
1992-11-11,1.8003,1.8440,1.7906,1.8197,60748800
1992-11-12,1.8197,1.8294,1.7858,1.8149,46960000
1992-11-13,1.8149,1.8197,1.7955,1.8100,25811200
1992-11-16,1.8052,1.8149,1.7906,1.8003,19312000
1992-11-17,1.8026,1.8246,1.7324,1.7469,56649600
1992-11-18,1.7566,1.7955,1.7444,1.7858,33273600
1992-11-19,1.7906,1.8440,1.7906,1.8246,46857600
1992-11-20,1.8246,1.8440,1.8197,1.8440,41113600
1992-11-23,1.7518,1.7809,1.6936,1.7178,309884800
1992-11-24,1.7712,1.8003,1.7324,1.7761,145513600
1992-11-25,1.7858,1.7955,1.7518,1.7687,53152000
1992-11-27,1.7761,1.7955,1.7663,1.7809,17593600
1992-11-30,1.7955,1.8100,1.7809,1.8075,35251200
1992-12-01,1.8003,1.8149,1.7858,1.8075,33593600
1992-12-02,1.8052,1.8149,1.7566,1.7615,49881600
1992-12-03,1.7615,1.7955,1.7566,1.7784,26048000
1992-12-04,1.7761,1.7955,1.7712,1.7809,23548800
1992-12-07,1.7858,1.8149,1.7663,1.8123,46422400
1992-12-08,1.8197,1.8246,1.7761,1.7955,26908800
1992-12-09,1.7809,1.8100,1.7712,1.7858,26048000
1992-12-10,1.7469,1.7809,1.7178,1.7275,89296000
1992-12-11,1.7178,1.7275,1.6644,1.6765,112934400
1992-12-14,1.6839,1.7130,1.6790,1.6910,51286400
1992-12-15,1.6936,1.7033,1.6596,1.6765,45289600
1992-12-16,1.6790,1.7130,1.6547,1.6887,73792000
1992-12-17,1.6936,1.7518,1.6887,1.7469,51859200
1992-12-18,1.7275,1.7518,1.7178,1.7469,74387200
1992-12-21,1.7421,1.7858,1.7324,1.7566,64928000
1992-12-22,1.7663,1.7761,1.6887,1.7033,56928000
1992-12-23,1.7081,1.7130,1.6693,1.6936,59974400
1992-12-24,1.6936,1.6936,1.6693,1.6936,32723200
1992-12-28,1.6936,1.7033,1.6693,1.6984,45731200
1992-12-29,1.6936,1.6984,1.6741,1.6790,60035200
1992-12-30,1.6839,1.6887,1.6547,1.6668,50860800
1992-12-31,1.6693,1.6741,1.6547,1.6571,30851200
1993-01-04,1.6499,1.6644,1.6402,1.6522,72646400
1993-01-05,1.6499,1.6839,1.6450,1.6790,71529600
1993-01-06,1.6887,1.7324,1.6839,1.7275,87440000
1993-01-07,1.7275,1.7444,1.6887,1.6936,58748800
1993-01-08,1.6936,1.7130,1.6741,1.6910,43977600
1993-01-11,1.6936,1.7324,1.6741,1.7299,58348800
1993-01-12,1.7275,1.7712,1.7227,1.7421,85129600
1993-01-13,1.7372,1.7906,1.7130,1.7712,83696000
1993-01-14,1.7906,1.8246,1.7566,1.7712,121264000
1993-01-15,1.6984,1.7663,1.6887,1.7421,181958400
1993-01-18,1.7372,1.7421,1.7130,1.7324,50611200
1993-01-19,1.7275,1.7324,1.7130,1.7153,52960000
1993-01-20,1.7178,1.7275,1.7033,1.7153,47968000
1993-01-21,1.7033,1.7469,1.6839,1.7372,73363200
1993-01-22,1.7421,1.7518,1.7227,1.7347,49088000
1993-01-25,1.7324,1.7518,1.7033,1.7178,49609600
1993-01-26,1.7178,1.7469,1.6984,1.7081,42345600
1993-01-27,1.6984,1.7033,1.6596,1.6741,64192000
1993-01-28,1.6741,1.6910,1.6450,1.6887,77030400
1993-01-29,1.6984,1.7081,1.6644,1.6790,39424000
1993-02-01,1.6741,1.7081,1.6596,1.6984,42854400
1993-02-02,1.6959,1.7372,1.6936,1.7275,70371200
1993-02-03,1.7372,1.7518,1.7081,1.7153,71728000
1993-02-04,1.7033,1.7033,1.6402,1.6499,124214400
1993-02-05,1.6450,1.7372,1.5965,1.7275,177216000
1993-02-08,1.7178,1.7275,1.6499,1.6644,92665600
1993-02-09,1.6839,1.6936,1.6208,1.6279,64550400
1993-02-10,1.6402,1.6741,1.6305,1.6596,39193600
1993-02-11,1.6741,1.6790,1.6450,1.6547,31635200
1993-02-12,1.6547,1.6547,1.6159,1.6231,34752000
1993-02-16,1.6085,1.6256,1.5480,1.5552,91180800
1993-02-17,1.5722,1.5771,1.4995,1.5577,121913600
1993-02-18,1.5771,1.6062,1.5334,1.5843,138553600
1993-02-19,1.5891,1.5917,1.5431,1.5480,97094400
1993-02-22,1.5480,1.5722,1.4897,1.4897,76256000
1993-02-23,1.5140,1.5625,1.4897,1.5431,105974400
1993-02-24,1.5334,1.6305,1.5286,1.6279,77548800
1993-02-25,1.6014,1.6499,1.6014,1.6377,60806400
1993-02-26,1.6353,1.6499,1.6111,1.6182,29833600
1993-03-01,1.6256,1.6256,1.5771,1.5819,26432000
1993-03-02,1.5868,1.6450,1.5771,1.6425,38380800
1993-03-03,1.6450,1.6596,1.6208,1.6450,42352000
1993-03-04,1.6450,1.6450,1.5868,1.6256,56659200
1993-03-05,1.6208,1.6499,1.6014,1.6062,35724800
1993-03-08,1.6037,1.6402,1.5917,1.6231,48022400
1993-03-09,1.6305,1.6499,1.6256,1.6353,41312000
1993-03-10,1.6402,1.6644,1.6208,1.6499,26592000
1993-03-11,1.6547,1.7033,1.6499,1.6790,57779200
1993-03-12,1.6693,1.7324,1.6547,1.7275,73580800
1993-03-15,1.7324,1.7324,1.6887,1.7007,35347200
1993-03-16,1.7130,1.7227,1.6887,1.7033,36336000
1993-03-17,1.6839,1.6984,1.6547,1.6571,39644800
1993-03-18,1.6644,1.6839,1.6499,1.6547,34406400
1993-03-19,1.6644,1.6644,1.6305,1.6353,45404800
1993-03-22,1.6159,1.6305,1.6014,1.6182,34083200
1993-03-23,1.6208,1.6499,1.6111,1.6134,34409600
1993-03-24,1.6159,1.6839,1.6111,1.6741,50576000
1993-03-25,1.6790,1.7130,1.6765,1.6959,43833600
1993-03-26,1.7081,1.7130,1.6693,1.6813,28380800
1993-03-29,1.6839,1.7178,1.6839,1.6887,48262400
1993-03-30,1.7178,1.7712,1.6936,1.7663,140777600
1993-03-31,1.7712,1.8294,1.7615,1.7955,179660800
1993-04-01,1.7955,1.8391,1.7955,1.8052,100412800
1993-04-02,1.7809,1.7858,1.7421,1.7421,73251200
1993-04-05,1.7227,1.7906,1.7081,1.7761,61187200
1993-04-06,1.7809,1.8052,1.7324,1.7421,55699200
1993-04-07,1.7469,1.7566,1.7324,1.7518,39417600
1993-04-08,1.7469,1.7518,1.7130,1.7275,40185600
1993-04-12,1.7227,1.7712,1.7178,1.7493,48976000
1993-04-13,1.7518,1.7906,1.7227,1.7250,53337600
1993-04-14,1.7275,1.7518,1.7033,1.7275,38592000
1993-04-15,1.7081,1.7444,1.6693,1.6910,109152000
1993-04-16,1.6936,1.7033,1.6596,1.6887,49600000
1993-04-19,1.6887,1.6936,1.6499,1.6887,45673600
1993-04-20,1.6839,1.6984,1.6499,1.6839,46009600
1993-04-21,1.6839,1.6839,1.6353,1.6474,92528000
1993-04-22,1.6402,1.6499,1.6085,1.6159,79872000
1993-04-23,1.6111,1.6159,1.5674,1.5794,89296000
1993-04-26,1.5819,1.6014,1.5480,1.5600,65376000
1993-04-27,1.5625,1.6062,1.5577,1.6014,58208000
1993-04-28,1.6111,1.6693,1.6062,1.6693,55372800
1993-04-29,1.6644,1.6644,1.6305,1.6596,49660800
1993-04-30,1.6499,1.6839,1.6499,1.6596,46825600
1993-05-03,1.6596,1.6887,1.6499,1.6716,38096000
1993-05-04,1.6839,1.7178,1.6790,1.7081,49664000
1993-05-05,1.7081,1.7469,1.6984,1.7324,51868800
1993-05-06,1.7275,1.7421,1.6839,1.6936,47244800
1993-05-07,1.6936,1.7033,1.6790,1.6887,31798400
1993-05-10,1.7178,1.7469,1.7081,1.7299,69091200
1993-05-11,1.7130,1.7227,1.6936,1.7033,38220800
1993-05-12,1.6984,1.7081,1.6644,1.6741,48272000
1993-05-13,1.6644,1.6693,1.6402,1.6644,43708800
1993-05-14,1.6693,1.6839,1.6450,1.6596,49116800
1993-05-17,1.6644,1.6813,1.6547,1.6790,27763200
1993-05-18,1.6839,1.7227,1.6790,1.7178,84185600
1993-05-19,1.7615,1.8052,1.7372,1.7955,181017600
1993-05-20,1.7906,1.8488,1.7858,1.8269,150256000
1993-05-21,1.8149,1.8294,1.7858,1.7955,75500800
1993-05-24,1.7906,1.8246,1.7858,1.7881,64252800
1993-05-25,1.7809,1.7858,1.7469,1.7712,36716800
1993-05-26,1.7761,1.8488,1.7712,1.8488,87484800
1993-05-27,1.8440,1.8537,1.8052,1.8269,95052800
1993-05-28,1.8149,1.8197,1.7809,1.7978,35136000
1993-06-01,1.8052,1.9022,1.8003,1.8683,173088000
1993-06-02,1.8585,1.8925,1.8488,1.8585,70710400
1993-06-03,1.8585,1.8634,1.8343,1.8366,23936000
1993-06-04,1.8246,1.8343,1.8149,1.8246,32652800
1993-06-07,1.8294,1.8585,1.8052,1.8100,52761600
1993-06-08,1.8052,1.8100,1.7615,1.7906,48131200
1993-06-09,1.8003,1.8052,1.7615,1.7663,62480000
1993-06-10,1.7712,1.7955,1.7372,1.7687,56544000
1993-06-11,1.7809,1.7955,1.7275,1.7347,67542400
1993-06-14,1.7663,1.7906,1.7518,1.7906,40489600
1993-06-15,1.8052,1.8052,1.7761,1.7955,42345600
1993-06-16,1.8003,1.8100,1.7324,1.7712,66966400
1993-06-17,1.7761,1.7809,1.7566,1.7638,28083200
1993-06-18,1.7566,1.7712,1.6887,1.6984,75910400
1993-06-21,1.7227,1.7324,1.6887,1.7201,68102400
1993-06-22,1.7324,1.7421,1.6936,1.7081,41062400
1993-06-23,1.7081,1.7324,1.7033,1.7201,33129600
1993-06-24,1.7130,1.7372,1.6936,1.7178,35782400
1993-06-25,1.7178,1.7324,1.6839,1.7178,45484800
1993-06-28,1.7227,1.7518,1.7178,1.7518,52224000
1993-06-29,1.7518,1.7809,1.7178,1.7275,42361600
1993-06-30,1.7324,1.7518,1.6936,1.7081,56422400
1993-07-01,1.7130,1.7178,1.6790,1.6910,57907200
1993-07-02,1.6936,1.6984,1.6790,1.6936,25404800
1993-07-06,1.6839,1.7033,1.6547,1.6693,47721600
1993-07-07,1.5940,1.6353,1.5771,1.6182,182569600
1993-07-08,1.6305,1.6596,1.6305,1.6474,70105600
1993-07-09,1.6499,1.6499,1.6208,1.6425,50000000
1993-07-12,1.6450,1.6450,1.6208,1.6256,26540800
1993-07-13,1.6305,1.6305,1.6014,1.6062,36476800
1993-07-14,1.6111,1.6596,1.6014,1.6353,43491200
1993-07-15,1.6353,1.6353,1.6062,1.6208,34432000
1993-07-16,1.6159,1.6159,1.5674,1.5746,86217600
1993-07-19,1.5431,1.5577,1.5140,1.5286,122435200
1993-07-20,1.5383,1.5625,1.5140,1.5625,74822400
1993-07-21,1.5237,1.5334,1.4897,1.5334,178963200
1993-07-22,1.5674,1.5868,1.4897,1.5066,147584000
1993-07-23,1.4946,1.5189,1.4897,1.5066,92790400
1993-07-26,1.5189,1.5383,1.5092,1.5189,65801600
1993-07-27,1.5237,1.5286,1.4655,1.4655,112220800
1993-07-28,1.4752,1.5431,1.4509,1.5189,113459200
1993-07-29,1.5140,1.5674,1.5043,1.5334,96534400
1993-07-30,1.4170,1.4412,1.3975,1.4364,287936000
1993-08-02,1.4509,1.4703,1.4024,1.4121,148208000
1993-08-03,1.4170,1.4218,1.3975,1.4170,85136000
1993-08-04,1.4218,1.4315,1.3927,1.4170,94416000
1993-08-05,1.4267,1.4558,1.4218,1.4509,67910400
1993-08-06,1.4509,1.4727,1.4121,1.4218,71760000
1993-08-09,1.4218,1.4364,1.4024,1.4170,70876800
1993-08-10,1.4170,1.4218,1.3659,1.3781,192028800
1993-08-11,1.3830,1.4170,1.3805,1.4047,95974400
1993-08-12,1.4073,1.4461,1.4024,1.4364,77366400
1993-08-13,1.4364,1.4703,1.4170,1.4606,61900800
1993-08-16,1.4703,1.5189,1.4655,1.5092,78451200
1993-08-17,1.5140,1.5237,1.4752,1.4995,54272000
1993-08-18,1.5092,1.5383,1.4849,1.4995,66012800
1993-08-19,1.4995,1.5115,1.4315,1.4412,114742400
1993-08-20,1.4267,1.4897,1.4218,1.4800,73683200
1993-08-23,1.4655,1.5189,1.4655,1.4946,59472000
1993-08-24,1.4849,1.4946,1.4703,1.4727,39417600
1993-08-25,1.4558,1.4752,1.4144,1.4412,68800000
1993-08-26,1.4267,1.4315,1.3878,1.3999,136256000
1993-08-27,1.4024,1.4073,1.3830,1.3950,67763200
1993-08-30,1.4073,1.4218,1.3927,1.4096,54012800
1993-08-31,1.4315,1.4655,1.4267,1.4581,93020800
1993-09-01,1.4606,1.4995,1.4558,1.4897,86035200
1993-09-02,1.4995,1.5237,1.4775,1.4872,55497600
1993-09-03,1.4849,1.4897,1.4606,1.4703,26800000
1993-09-07,1.4703,1.4800,1.4412,1.4509,38659200
1993-09-08,1.4364,1.4509,1.4218,1.4461,54777600
1993-09-09,1.4558,1.4849,1.4461,1.4800,29856000
1993-09-10,1.4946,1.5189,1.4800,1.5140,56540800
1993-09-13,1.5237,1.5237,1.4800,1.4824,33481600
1993-09-14,1.4752,1.4800,1.4412,1.4606,57756800
1993-09-15,1.4703,1.4897,1.4436,1.4849,60428800
1993-09-16,1.4897,1.4995,1.4703,1.4752,25641600
1993-09-17,1.4655,1.4849,1.4606,1.4752,25286400
1993-09-20,1.4800,1.5092,1.4558,1.4678,34691200
1993-09-21,1.4655,1.5018,1.4509,1.4752,57846400
1993-09-22,1.4752,1.5140,1.4606,1.4995,72051200
1993-09-23,1.4995,1.5383,1.4897,1.5286,72214400
1993-09-24,1.5237,1.5674,1.5237,1.5528,91481600
1993-09-27,1.5868,1.6014,1.5771,1.5965,73472000
1993-09-28,1.5965,1.6353,1.5965,1.6305,84012800
1993-09-29,1.6256,1.6305,1.5674,1.6111,87529600
1993-09-30,1.6062,1.6159,1.5965,1.6014,38400000
1993-10-01,1.6014,1.6159,1.5917,1.5917,46048000
1993-10-04,1.6014,1.6305,1.6014,1.6037,40505600
1993-10-05,1.6062,1.6450,1.6014,1.6159,86931200
1993-10-06,1.6159,1.6596,1.6111,1.6474,77321600
1993-10-07,1.6499,1.6644,1.6256,1.6328,41596800
1993-10-08,1.6353,1.6450,1.5965,1.6402,38086400
1993-10-11,1.6402,1.6450,1.5965,1.6305,36457600
1993-10-12,1.6353,1.6547,1.5965,1.6353,79296000
1993-10-13,1.6256,1.6353,1.5771,1.6159,62409600
1993-10-14,1.6256,1.6305,1.5917,1.5940,63257600
1993-10-15,1.5965,1.6111,1.5577,1.5674,126425600
1993-10-18,1.5722,1.6159,1.5674,1.6111,67750400
1993-10-19,1.5917,1.6305,1.5431,1.5577,91392000
1993-10-20,1.5625,1.5868,1.5383,1.5722,81590400
1993-10-21,1.5286,1.5528,1.5140,1.5431,127142400
1993-10-22,1.5383,1.5674,1.5383,1.5600,47625600
1993-10-25,1.5625,1.5771,1.5334,1.5625,48553600
1993-10-26,1.5625,1.5674,1.5383,1.5431,66944000
1993-10-27,1.5431,1.5625,1.5431,1.5503,45564800
1993-10-28,1.5480,1.5625,1.5286,1.5334,56009600
1993-10-29,1.5431,1.5577,1.5383,1.5552,39843200
1993-11-01,1.5577,1.5819,1.5480,1.5697,30163200
1993-11-02,1.5771,1.5819,1.5431,1.5577,42422400
1993-11-03,1.5528,1.5625,1.5092,1.5237,56796800
1993-11-04,1.5286,1.5334,1.4849,1.4849,63177600
1993-11-05,1.4800,1.5334,1.4752,1.5286,56432000
1993-11-08,1.5334,1.5431,1.5092,1.5237,28819200
1993-11-09,1.5334,1.5528,1.5140,1.5189,36320000
1993-11-10,1.5528,1.5843,1.5334,1.5794,57177600
1993-11-11,1.5771,1.6014,1.5722,1.5843,31158400
1993-11-12,1.5868,1.6014,1.5868,1.5891,34339200
1993-11-15,1.5917,1.5917,1.5625,1.5625,29244800
1993-11-16,1.5722,1.6062,1.5625,1.5965,47664000
1993-11-17,1.6062,1.6111,1.5674,1.5674,72217600
1993-11-18,1.5674,1.5819,1.5528,1.5577,48438400
1993-11-19,1.5480,1.5577,1.5431,1.5552,38403200
1993-11-22,1.5480,1.5480,1.4849,1.4946,80355200
1993-11-23,1.5092,1.5237,1.4995,1.5018,98256000
1993-11-24,1.5043,1.5480,1.5043,1.5286,32467200
1993-11-26,1.5334,1.5383,1.5286,1.5334,6403200
1993-11-29,1.5334,1.5528,1.5334,1.5431,32105600
1993-11-30,1.5237,1.5625,1.5189,1.5528,44153600
1993-12-01,1.5625,1.5965,1.5625,1.5819,58886400
1993-12-02,1.5917,1.6111,1.5868,1.6085,51936000
1993-12-03,1.6256,1.6790,1.6208,1.6644,114502400
1993-12-06,1.6499,1.6596,1.6305,1.6474,59337600
1993-12-07,1.6499,1.6693,1.6499,1.6596,32780800
1993-12-08,1.6111,1.6256,1.5965,1.6208,105900800
1993-12-09,1.6208,1.6208,1.5625,1.5746,61465600
1993-12-10,1.5771,1.5965,1.5674,1.5891,19916800
1993-12-13,1.5819,1.5917,1.5674,1.5794,20112000
1993-12-14,1.5722,1.5819,1.5383,1.5528,47414400
1993-12-15,1.5528,1.5722,1.5480,1.5480,35219200
1993-12-16,1.5528,1.5722,1.5480,1.5528,29113600
1993-12-17,1.5625,1.5625,1.5480,1.5625,26112000
1993-12-20,1.5722,1.5917,1.5625,1.5917,35462400
1993-12-21,1.5917,1.6014,1.5819,1.6014,31008000
1993-12-22,1.5965,1.6014,1.5722,1.5746,24169600
1993-12-23,1.5722,1.5965,1.5674,1.5697,31820800
1993-12-27,1.5674,1.5771,1.5480,1.5625,24537600
1993-12-28,1.5625,1.6111,1.5625,1.6062,27776000
1993-12-29,1.6062,1.6208,1.5625,1.5819,48988800
1993-12-30,1.5868,1.5965,1.5674,1.5771,25328000
1993-12-31,1.5722,1.5819,1.5577,1.5649,22995200
1994-01-03,1.5625,1.5674,1.5383,1.5552,36646400
1994-01-04,1.5577,1.5674,1.5383,1.5625,45302400
1994-01-05,1.5577,1.6014,1.5528,1.5965,53974400
1994-01-06,1.6037,1.6450,1.6014,1.6425,82006400
1994-01-07,1.6353,1.6644,1.6159,1.6547,70832000
1994-01-10,1.6499,1.6790,1.6499,1.6644,74185600
1994-01-11,1.6499,1.6693,1.6377,1.6547,35360000
1994-01-12,1.6499,1.6644,1.6256,1.6596,39488000
1994-01-13,1.6450,1.6596,1.6305,1.6571,40755200
1994-01-14,1.6596,1.6693,1.6450,1.6619,45216000
1994-01-17,1.6547,1.6693,1.6402,1.6450,30755200
1994-01-18,1.6547,1.6596,1.6305,1.6425,43686400
1994-01-19,1.6256,1.6353,1.6014,1.6159,76563200
1994-01-20,1.6159,1.6765,1.6159,1.6741,145004800
1994-01-21,1.6741,1.6887,1.6499,1.6741,99078400
1994-01-24,1.6693,1.6887,1.6499,1.6547,38374400
1994-01-25,1.6547,1.6571,1.6305,1.6522,70361600
1994-01-26,1.6499,1.6499,1.6305,1.6353,50489600
1994-01-27,1.6305,1.6450,1.6159,1.6353,51129600
1994-01-28,1.6402,1.6596,1.6353,1.6474,41875200
1994-01-31,1.6547,1.6668,1.6450,1.6522,62566400
1994-02-01,1.6499,1.6644,1.6402,1.6522,44003200
1994-02-02,1.6450,1.6596,1.6305,1.6305,40924800
1994-02-03,1.6353,1.6402,1.6208,1.6402,31792000
1994-02-04,1.6305,1.6402,1.5771,1.5771,78217600
1994-02-07,1.5480,1.5771,1.5431,1.5674,118851200
1994-02-08,1.5625,1.5625,1.5140,1.5286,149875200
1994-02-09,1.5237,1.5577,1.5140,1.5455,98585600
1994-02-10,1.5480,1.5674,1.5334,1.5406,66620800
1994-02-11,1.5383,1.5431,1.5140,1.5286,53747200
1994-02-14,1.5334,1.5431,1.5286,1.5358,55270400
1994-02-15,1.5480,1.5577,1.5383,1.5480,28876800
1994-02-16,1.5577,1.5577,1.5286,1.5286,43731200
1994-02-17,1.5334,1.5431,1.5140,1.5260,85017600
1994-02-18,1.5237,1.5674,1.5237,1.5528,79465600
1994-02-22,1.5528,1.5577,1.5237,1.5431,63235200
1994-02-23,1.5480,1.5917,1.5189,1.5722,139462400
1994-02-24,1.5528,1.5674,1.5383,1.5503,82553600
1994-02-25,1.5577,1.5771,1.5480,1.5722,52995200
1994-02-28,1.5771,1.6111,1.5722,1.6014,55494400
1994-03-01,1.6111,1.6159,1.5965,1.6159,48070400
1994-03-02,1.5868,1.6111,1.5722,1.6062,68499200
1994-03-03,1.6111,1.6159,1.5625,1.5722,31564800
1994-03-04,1.5722,1.5819,1.5625,1.5722,25705600
1994-03-07,1.5771,1.5965,1.5674,1.5771,30540800
1994-03-08,1.5771,1.5771,1.5480,1.5722,24723200
1994-03-09,1.5771,1.5868,1.5528,1.5697,37024000
1994-03-10,1.5819,1.5965,1.5625,1.5697,46588800
1994-03-11,1.5722,1.5965,1.5674,1.5868,34857600
1994-03-14,1.6014,1.6353,1.5965,1.6279,69203200
1994-03-15,1.6305,1.6547,1.6208,1.6474,62934400
1994-03-16,1.6499,1.6547,1.6402,1.6450,41286400
1994-03-17,1.6450,1.6547,1.6402,1.6402,30992000
1994-03-18,1.6402,1.6499,1.6208,1.6450,36857600
1994-03-21,1.6499,1.6571,1.6111,1.6159,65078400
1994-03-22,1.5965,1.6644,1.5965,1.6450,89024000
1994-03-23,1.6547,1.6984,1.6499,1.6741,116441600
1994-03-24,1.6644,1.6936,1.6499,1.6936,60166400
1994-03-25,1.6887,1.7324,1.6887,1.6984,102051200
1994-03-28,1.6984,1.7081,1.6256,1.6765,118403200
1994-03-29,1.6790,1.6790,1.6014,1.6014,78339200
1994-03-30,1.6062,1.6499,1.6014,1.6231,86860800
1994-03-31,1.6208,1.6644,1.6014,1.6450,72297600
1994-04-04,1.6014,1.6644,1.5917,1.6402,73996800
1994-04-05,1.6547,1.7033,1.6499,1.7033,101878400
1994-04-06,1.6984,1.7324,1.6936,1.7275,80780800
1994-04-07,1.7324,1.7493,1.7227,1.7421,76630400
1994-04-08,1.7421,1.7469,1.6839,1.6887,118710400
1994-04-11,1.6887,1.6936,1.6693,1.6887,40400000
1994-04-12,1.6839,1.6839,1.6305,1.6450,84969600
1994-04-13,1.6450,1.6596,1.6111,1.6474,69644800
1994-04-14,1.6402,1.6547,1.6256,1.6328,53088000
1994-04-15,1.6208,1.6547,1.6208,1.6474,35241600
1994-04-18,1.6450,1.6644,1.5965,1.6111,78006400
1994-04-19,1.6887,1.7372,1.6644,1.7104,291273600
1994-04-20,1.7178,1.7396,1.6887,1.7372,104732800
1994-04-21,1.7372,1.7809,1.7324,1.7761,141980800
1994-04-22,1.7858,1.8003,1.7615,1.7809,66060800
1994-04-25,1.7858,1.8294,1.7761,1.8197,142745600
1994-04-26,1.8343,1.8488,1.8246,1.8428,113193600
1994-04-28,1.8488,1.8488,1.7809,1.7881,141382400
1994-04-29,1.7858,1.8149,1.7712,1.7955,56803200
1994-05-02,1.8003,1.8549,1.7858,1.8537,79260800
1994-05-03,1.8488,1.8537,1.8100,1.8149,41929600
1994-05-04,1.8197,1.8488,1.8003,1.8463,68889600
1994-05-05,1.8488,1.8683,1.8246,1.8318,56374400
1994-05-06,1.8100,1.8294,1.7638,1.7955,96403200
1994-05-09,1.7809,1.8172,1.7784,1.7906,47600000
1994-05-10,1.8052,1.8343,1.8003,1.8246,65305600
1994-05-11,1.8246,1.8294,1.8003,1.8149,57433600
1994-05-12,1.8149,1.8498,1.8100,1.8343,58998400
1994-05-13,1.8925,1.8925,1.8343,1.8731,179920000
1994-05-16,1.8683,1.8780,1.8391,1.8440,56633600
1994-05-17,1.8440,1.8488,1.8149,1.8366,122464000
1994-05-18,1.8488,1.8925,1.8391,1.8840,96953600
1994-05-19,1.8877,1.9216,1.8828,1.9094,89651200
1994-05-20,1.9022,1.9265,1.8877,1.8974,78140800
1994-05-23,1.9022,1.9799,1.8828,1.9628,37473600
1994-05-24,1.9896,2.0140,1.9507,1.9849,85144000
1994-05-25,1.9799,2.0478,1.9507,2.0381,86003200
1994-05-26,2.0478,2.0478,1.9896,2.0187,64296000
1994-05-27,2.0090,2.0478,1.9896,2.0334,47544000
1994-05-31,2.0284,2.0874,2.0140,2.0866,76000000
1994-06-01,2.0769,2.0769,2.0334,2.0575,100764800
1994-06-02,2.0672,2.0723,2.0187,2.0284,60291200
1994-06-03,2.0381,2.0769,2.0284,2.0528,86841600
1994-06-06,2.0431,2.1208,2.0090,2.1157,764504000
1994-06-07,2.0963,2.1060,2.0769,2.0820,166171200
1994-06-08,2.0820,2.0820,2.0043,2.0187,203835200
1994-06-09,2.0140,2.0404,2.0090,2.0284,79356800
1994-06-10,2.0284,2.0575,2.0140,2.0404,53726400
1994-06-13,2.0431,2.0723,2.0140,2.0528,56628800
1994-06-14,2.0625,2.1014,2.0575,2.0792,59249600
1994-06-15,2.0820,2.1208,2.0672,2.1060,58860800
1994-06-16,2.1060,2.1060,2.0769,2.0792,48478400
1994-06-17,2.0769,2.0820,2.0528,2.0575,47622400
1994-06-20,2.0381,2.0769,2.0334,2.0769,45668800
1994-06-21,2.0237,2.0723,2.0187,2.0431,86995200
1994-06-22,2.0478,2.0575,1.9896,1.9993,82924800
1994-06-23,1.9993,2.0284,1.9410,1.9461,85979200
1994-06-24,1.9410,1.9558,1.9119,1.9216,81454400
1994-06-27,1.9313,2.0237,1.9170,2.0140,76161600
1994-06-28,2.0187,2.0478,1.9484,1.9919,99417600
1994-06-29,1.9946,2.0140,1.9752,1.9946,53435200
1994-06-30,2.0090,2.0237,1.9799,2.0043,40827200
1994-07-01,2.0043,2.0090,1.9356,1.9507,66622400
1994-07-05,1.9558,1.9799,1.9022,1.9073,40430400
1994-07-06,1.8851,1.9022,1.8537,1.8754,89254400
1994-07-07,1.8828,1.9604,1.8611,1.9558,89667200
1994-07-08,1.9364,1.9752,1.9073,1.9216,48945600
1994-07-11,1.9267,1.9267,1.8537,1.8781,85406400
1994-07-12,1.8731,1.8731,1.8199,1.8634,83752000
1994-07-13,1.8731,1.9216,1.8587,1.9216,82956800
1994-07-14,1.9170,1.9267,1.8781,1.8925,81446400
1994-07-15,1.8925,1.9170,1.8634,1.8879,45520000
1994-07-18,1.9993,2.0090,1.9216,1.9604,150499200
1994-07-19,1.9655,1.9655,1.9267,1.9461,70126400
1994-07-20,1.9410,1.9410,1.8587,1.8781,112604800
1994-07-21,1.8879,1.8976,1.8440,1.8537,85740800
1994-07-22,1.8828,1.9702,1.8343,1.9628,152916800
1994-07-25,1.9655,2.0043,1.9507,1.9872,51513600
1994-07-26,1.9849,1.9896,1.9313,1.9558,54308800
1994-07-27,1.9558,1.9558,1.9216,1.9216,29291200
1994-07-28,1.9216,1.9507,1.9119,1.9216,39899200
1994-07-29,1.9364,2.0043,1.9267,1.9993,67064000
1994-08-01,2.0043,2.0820,1.9993,2.0723,83934400
1994-08-02,2.0866,2.1208,2.0431,2.0501,95249600
1994-08-03,2.0866,2.0963,2.0625,2.0723,58771200
1994-08-04,2.0769,2.0820,2.0478,2.0478,40192000
1994-08-05,2.0431,2.0528,2.0284,2.0381,31204800
1994-08-08,2.0334,2.0575,2.0187,2.0575,34537600
1994-08-09,2.0575,2.0917,2.0478,2.0769,40198400
1994-08-10,2.0769,2.1111,2.0672,2.1014,48646400
1994-08-11,2.0917,2.1740,2.0917,2.1448,81428800
1994-08-12,2.1499,2.1596,2.1305,2.1448,38088000
1994-08-15,2.1546,2.1546,2.1111,2.1134,36113600
1994-08-16,2.1305,2.1402,2.0963,2.1305,56779200
1994-08-17,2.1499,2.1837,2.1402,2.1693,79790400
1994-08-18,2.1693,2.1887,2.1499,2.1546,61276800
1994-08-19,2.1693,2.1740,2.1254,2.1305,74761600
1994-08-22,2.1351,2.1351,2.1157,2.1208,62835200
1994-08-23,2.1208,2.1887,2.1157,2.1546,58363200
1994-08-24,2.1546,2.1740,2.1546,2.1643,35246400
1994-08-25,2.1693,2.2031,2.1643,2.1813,55174400
1994-08-26,2.1887,2.2419,2.1837,2.2081,60961600
1994-08-29,2.2275,2.2567,2.2128,2.2151,56625600
1994-08-30,2.2128,2.2710,2.1984,2.2664,39851200
1994-08-31,2.2664,2.3001,2.2419,2.2567,60968000
1994-09-01,2.2128,2.2128,2.1643,2.1790,115568000
1994-09-02,2.1934,2.1934,2.1643,2.1740,46964800
1994-09-06,2.1693,2.1837,2.1619,2.1740,28804800
1994-09-07,2.1837,2.2442,2.1790,2.2081,43588800
1994-09-08,2.2128,2.2516,2.2128,2.2493,28377600
1994-09-09,2.1790,2.2469,2.1693,2.2081,60800000
1994-09-12,2.2178,2.2178,2.1693,2.1790,36238400
1994-09-13,2.1887,2.2469,2.1887,2.2345,41134400
1994-09-14,2.2419,2.2567,2.2322,2.2372,29968000
1994-09-15,2.2372,2.2613,2.2275,2.2613,40640000
1994-09-16,2.2516,2.2567,2.2031,2.2081,52921600
1994-09-19,2.2178,2.2225,2.1984,2.2081,48350400
1994-09-20,2.2081,2.2178,2.1716,2.1740,40276800
1994-09-21,2.1860,2.2275,2.1351,2.2225,82948800
1994-09-22,2.2225,2.2322,2.1984,2.2128,44320000
1994-09-23,2.2081,2.2322,2.1740,2.1740,48371200
1994-09-26,2.1740,2.1740,2.1448,2.1569,29921600
1994-09-27,2.1546,2.1934,2.1305,2.1934,50585600
1994-09-28,2.1984,2.2322,2.1934,2.2128,33355200
1994-09-29,2.2081,2.2225,2.1887,2.1934,27105600
1994-09-30,2.1934,2.2322,2.1790,2.1790,34608000
1994-10-03,2.1790,2.1887,2.1546,2.1693,28833600
1994-10-04,2.1740,2.1790,2.1305,2.1351,42622400
1994-10-05,2.1305,2.1693,2.1014,2.1546,50985600
1994-10-06,2.1546,2.1693,2.1060,2.1157,40790400
1994-10-07,2.1208,2.1305,2.0917,2.1111,51518400
1994-10-10,2.1111,2.1499,2.1111,2.1254,39480000
1994-10-11,2.1402,2.1984,2.1402,2.1666,55692800
1994-10-12,2.1693,2.1934,2.1643,2.1837,27912000
1994-10-13,2.1984,2.2419,2.1984,2.2225,63033600
1994-10-14,2.2225,2.2275,2.1425,2.1716,99878400
1994-10-17,2.1740,2.1837,2.1351,2.1402,31160000
1994-10-18,2.1448,2.2031,2.1375,2.1984,52686400
1994-10-19,2.1984,2.2516,2.1837,2.2372,59488000
1994-10-20,2.2613,2.3246,2.2469,2.3149,136558400
1994-10-21,2.3001,2.3149,2.2664,2.3052,67099200
1994-10-24,2.3098,2.3098,2.2664,2.2858,57145600
1994-10-25,2.2807,2.3195,2.2664,2.3172,44780800
1994-10-26,2.3246,2.3731,2.3195,2.3681,97904000
1994-10-27,2.3731,2.3925,2.3584,2.3925,41238400
1994-10-28,2.3925,2.4216,2.3828,2.4119,58414400
1994-10-31,2.4166,2.4748,2.4069,2.4457,59932800
1994-11-01,2.4360,2.4411,2.4119,2.4360,39624000
1994-11-02,2.4360,2.4892,2.4263,2.4457,61408000
1994-11-03,2.4457,2.4554,2.4216,2.4313,63441600
1994-11-04,2.4313,2.4508,2.3801,2.3875,46947200
1994-11-07,2.3875,2.4069,2.3634,2.4022,47094400
1994-11-08,2.4022,2.4799,2.3949,2.4702,43328000
1994-11-09,2.4942,2.5086,2.4508,2.4748,60206400
1994-11-10,2.4651,2.4989,2.4651,2.4725,24689600
1994-11-11,2.4166,2.4337,2.3584,2.4166,132899200
1994-11-14,2.4360,2.5039,2.4360,2.5039,48934400
1994-11-15,2.5039,2.5280,2.4942,2.5063,52544000
1994-11-16,2.5136,2.5183,2.5039,2.5086,30196800
1994-11-17,2.5086,2.5136,2.4799,2.4942,33232000
1994-11-18,2.4892,2.5136,2.4845,2.4892,25694400
1994-11-21,2.5039,2.5136,2.4605,2.4651,35560000
1994-11-22,2.4554,2.4799,2.4022,2.4069,56358400
1994-11-23,2.3925,2.4092,2.3704,2.3875,87507200
1994-11-25,2.3972,2.4216,2.3925,2.4166,12563200
1994-11-28,2.4263,2.4651,2.4166,2.4605,43449600
1994-11-29,2.4702,2.4989,2.4651,2.4892,37673600
1994-11-30,2.4942,2.4942,2.4360,2.4411,40934400
1994-12-01,2.4313,2.4616,2.4263,2.4286,43096000
1994-12-02,2.4360,2.4554,2.4069,2.4554,37715200
1994-12-05,2.4605,2.4942,2.4508,2.4577,38166400
1994-12-06,2.4554,2.4892,2.4457,2.4605,38830400
1994-12-07,2.4651,2.4799,2.4457,2.4457,36744000
1994-12-08,2.4508,2.4748,2.4166,2.4263,41934400
1994-12-09,2.4263,2.4554,2.4166,2.4508,79956800
1994-12-12,2.4508,2.4651,2.3925,2.4508,65313600
1994-12-13,2.4605,2.4651,2.4166,2.4360,30219200
1994-12-14,2.4263,2.4702,2.4263,2.4554,33641600
1994-12-15,2.4605,2.4892,2.4457,2.4651,28854400
1994-12-16,2.4702,2.4942,2.4535,2.4605,54020800
1994-12-19,2.4605,2.4702,2.4263,2.4313,31507200
1994-12-20,2.4313,2.4360,2.2807,2.3246,253456000
1994-12-21,2.3390,2.3925,2.3343,2.3875,69395200
1994-12-22,2.3875,2.4069,2.3390,2.3537,57355200
1994-12-23,2.3537,2.3828,2.3440,2.3634,19486400
1994-12-27,2.3681,2.3925,2.3537,2.3584,20566400
1994-12-28,2.3584,2.3681,2.3292,2.3681,34961600
1994-12-29,2.3634,2.4022,2.3537,2.3995,23446400
1994-12-30,2.4022,2.4022,2.3731,2.3731,20686400
1995-01-03,2.3875,2.3875,2.3343,2.3366,39545600
1995-01-04,2.3390,2.3584,2.3098,2.3537,51611200
1995-01-05,2.3634,2.3681,2.3052,2.3149,39824000
1995-01-06,2.3246,2.3778,2.3195,2.3537,46681600
1995-01-09,2.3634,2.3681,2.3195,2.3390,46000000
1995-01-10,2.3537,2.3875,2.3487,2.3681,42184000
1995-01-11,2.3731,2.3972,2.3584,2.3828,31512000
1995-01-12,2.3778,2.4119,2.3681,2.3778,26996800
1995-01-13,2.4069,2.4457,2.4022,2.4360,41307200
1995-01-16,2.4554,2.5039,2.4457,2.4892,74648000
1995-01-17,2.5136,2.5280,2.4989,2.5086,73932800
1995-01-18,2.5183,2.5331,2.4942,2.5257,50504000
1995-01-19,2.5039,2.5234,2.4628,2.4651,67108800
1995-01-20,2.4411,2.4651,2.3778,2.3925,82388800
1995-01-23,2.3681,2.4457,2.3487,2.4383,53843200
1995-01-24,2.4457,2.4508,2.4069,2.4077,36739200
1995-01-25,2.3925,2.4166,2.3681,2.3972,52459200
1995-01-26,2.3634,2.3681,2.3195,2.3246,80836800
1995-01-27,2.3343,2.3390,2.3195,2.3246,58376000
1995-01-30,2.3343,2.3343,2.2858,2.2904,55164800
1995-01-31,2.2955,2.3195,2.2613,2.3052,59945600
1995-02-01,2.3052,2.3584,2.2896,2.2955,66705600
1995-02-02,2.2807,2.3052,2.2664,2.2904,46312000
1995-02-03,2.3098,2.3487,2.3001,2.3343,60332800
1995-02-06,2.3343,2.3731,2.3343,2.3634,48345600
1995-02-07,2.3584,2.3731,2.3537,2.3681,33152000
1995-02-08,2.3778,2.4069,2.3681,2.4022,49150400
1995-02-09,2.4119,2.4263,2.3972,2.4022,42398400
1995-02-10,2.4069,2.4313,2.3875,2.4069,49862400
1995-02-13,2.4069,2.4360,2.3925,2.4069,38160000
1995-02-14,2.4119,2.4166,2.3875,2.4022,31121600
1995-02-15,2.3343,2.3828,2.3149,2.3584,147001600
1995-02-16,2.3634,2.3731,2.3390,2.3634,56744000
1995-02-17,2.3584,2.3634,2.3390,2.3440,37824000
1995-02-21,2.3487,2.3584,2.3098,2.3195,55392000
1995-02-22,2.3195,2.4069,2.3149,2.3875,60902400
1995-02-23,2.3778,2.4119,2.3681,2.3925,59939200
1995-02-24,2.3828,2.4022,2.3778,2.3778,34177600
1995-02-27,2.3828,2.4069,2.3731,2.3972,28592000
1995-02-28,2.4022,2.4554,2.3972,2.4457,52544000
1995-03-01,2.4508,2.4845,2.4360,2.4554,52032000
1995-03-02,2.4554,2.4748,2.4508,2.4748,26038400
1995-03-03,2.4702,2.4799,2.4508,2.4702,31776000
1995-03-06,2.4554,2.4989,2.4411,2.4966,45156800
1995-03-07,2.4989,2.5629,2.4942,2.5366,91750400
1995-03-08,2.5525,2.6639,2.5525,2.6592,140096000
1995-03-09,2.6592,2.6689,2.5959,2.6348,58238400
1995-03-10,2.6348,2.6689,2.5816,2.6616,44324800
1995-03-13,2.6639,2.7054,2.6495,2.6786,34550400
1995-03-14,2.6930,2.7951,2.6883,2.7854,78643200
1995-03-15,2.7854,2.7900,2.7318,2.7369,57294400
1995-03-16,2.7175,2.7369,2.7027,2.7221,47510400
1995-03-17,2.7369,2.7854,2.7124,2.7151,59868800
1995-03-20,2.7221,2.7757,2.7175,2.7609,37772800
1995-03-21,2.7660,2.7757,2.7318,2.7345,74772800
1995-03-22,2.7369,2.7563,2.7124,2.7539,52464000
1995-03-23,2.7706,2.8436,2.7660,2.8242,105286400
1995-03-24,2.8436,2.8774,2.8386,2.8677,65683200
1995-03-27,2.8242,2.8677,2.8192,2.8339,61008000
1995-03-28,2.8289,2.8727,2.8289,2.8580,47603200
1995-03-29,2.8580,2.8727,2.7974,2.8048,65763200
1995-03-30,2.8145,2.8242,2.7318,2.7998,75011200
1995-03-31,2.7854,2.7998,2.7369,2.7609,63080000
1995-04-03,2.7563,2.7706,2.6980,2.7175,65617600
1995-04-04,2.7272,2.7757,2.7077,2.7124,66689600
1995-04-05,2.7124,2.7415,2.6689,2.7415,65792000
1995-04-06,2.7415,2.7512,2.6957,2.7175,35414400
1995-04-07,2.7272,2.7466,2.6980,2.7027,43148800
1995-04-10,2.6980,2.7660,2.6930,2.7539,43169600
1995-04-11,2.7803,2.8005,2.7609,2.7998,43624000
1995-04-12,2.7998,2.8436,2.7466,2.7803,40430400
1995-04-13,2.7854,2.8145,2.7609,2.8145,32814400
1995-04-17,2.9310,3.0327,2.9310,3.0036,187913600
1995-04-18,3.0036,3.0086,2.9504,2.9795,75609600
1995-04-19,2.9744,2.9892,2.9310,2.9550,59163200
1995-04-20,2.9698,2.9842,2.8727,2.9213,83913600
1995-04-21,2.9356,2.9453,2.9065,2.9116,53555200
1995-04-24,2.9259,3.0191,2.9162,3.0183,68089600
1995-04-25,3.0133,3.1103,3.0133,3.1057,69371200
1995-04-26,3.0960,3.1154,3.0715,3.0909,44305600
1995-04-27,3.0909,3.1251,2.9647,3.0521,128844800
1995-04-28,3.0618,3.1880,3.0521,3.1736,92104000
1995-05-01,3.1783,3.2512,3.1736,3.1880,65550400
1995-05-02,3.1880,3.1930,3.0863,3.0886,78099200
1995-05-03,3.1154,3.1445,3.1154,3.1394,61566400
1995-05-04,3.1639,3.2318,3.1445,3.1639,66524800
1995-05-05,3.1588,3.1686,3.1006,3.1057,43707200
1995-05-08,3.1006,3.1200,3.0715,3.1006,43988800
1995-05-09,3.1057,3.1200,3.0715,3.0983,36748800
1995-05-10,3.1103,3.1200,3.0618,3.0765,38688000
1995-05-11,3.0715,3.1639,3.0668,3.1588,38673600
1995-05-12,3.1588,3.1930,3.1200,3.1348,36192000
1995-05-15,3.1297,3.1833,3.1006,3.1565,35232000
1995-05-16,3.1639,3.3005,3.1639,3.2947,86708800
1995-05-17,3.3095,3.3724,3.3044,3.3386,66515200
1995-05-18,3.3238,3.3677,3.2850,3.2850,58326400
1995-05-19,3.2707,3.3192,3.2609,3.3141,45190400
1995-05-22,3.3141,3.3968,3.2609,3.3871,91382400
1995-05-23,3.3968,3.4356,3.3398,3.4356,55516800
1995-05-24,3.4597,3.4745,3.3774,3.3968,68684800
1995-05-25,3.4112,3.4694,3.3821,3.4648,43440000
1995-05-26,3.4624,3.4648,3.3774,3.3968,52934400
1995-05-30,3.4162,3.4306,3.2074,3.2221,99612800
1995-05-31,3.2318,3.2901,3.1445,3.2877,119756800
1995-06-01,3.2998,3.3238,3.2559,3.2656,61153600
1995-06-02,3.2512,3.2656,3.2074,3.2268,55556800
1995-06-05,3.2074,3.3141,3.1736,3.2901,55852800
1995-06-06,3.2947,3.3394,3.2268,3.2268,49036800
1995-06-07,3.2171,3.2901,3.1880,3.2609,64590400
1995-06-08,3.2656,3.2850,3.2462,3.2656,29320000
1995-06-09,3.2512,3.3335,3.2074,3.2947,81214400
1995-06-12,3.2850,3.2901,3.2318,3.2512,45832000
1995-06-13,3.2656,3.2901,3.2365,3.2559,37691200
1995-06-14,3.2365,3.2656,3.2124,3.2536,43096000
1995-06-15,3.2609,3.2998,3.2559,3.2947,43912000
1995-06-16,3.2998,3.3968,3.2947,3.3774,92278400
1995-06-19,3.3871,3.4896,3.3724,3.4865,78982400
1995-06-20,3.5082,3.5471,3.4842,3.5471,56670400
1995-06-21,3.5665,3.5859,3.4939,3.5133,57224000
1995-06-22,3.5179,3.5715,3.5179,3.5665,46296000
1995-06-23,3.5230,3.5789,3.5036,3.5373,46356800
1995-06-26,3.5327,3.5373,3.4745,3.4842,41048000
1995-06-27,3.4745,3.5133,3.3677,3.3724,66004800
1995-06-28,3.3677,3.4550,3.2947,3.4112,107286400
1995-06-29,3.4162,3.4842,3.4162,3.4694,57643200
1995-06-30,3.4791,3.5327,3.4791,3.5082,53342400
1995-07-03,3.5276,3.5373,3.5082,3.5304,16763200
1995-07-05,3.5568,3.5715,3.5082,3.5207,48547200
1995-07-06,3.5179,3.6103,3.5082,3.6006,47070400
1995-07-07,3.6053,3.7120,3.6006,3.7120,66699200
1995-07-10,3.7268,3.8724,3.7171,3.8382,111982400
1995-07-11,3.8433,3.8479,3.7462,3.7462,78227200
1995-07-12,3.7559,3.8821,3.7559,3.8770,94675200
1995-07-13,3.8867,3.9403,3.8091,3.8867,84811200
1995-07-14,3.8141,4.0226,3.8044,4.0226,89905600
1995-07-17,4.1829,4.2412,4.1344,4.2315,155830400
1995-07-18,4.1538,4.1585,3.9306,3.9547,289624000
1995-07-19,3.7656,3.8336,3.4356,3.6686,305092800
1995-07-20,3.6977,3.7800,3.6492,3.7315,177848000
1995-07-21,3.6492,3.7268,3.5618,3.5715,169257600
1995-07-24,3.5956,3.6394,3.5762,3.6344,94811200
1995-07-25,3.7074,3.7897,3.6880,3.7412,109422400
1995-07-26,3.7897,3.8091,3.6829,3.7268,77470400
1995-07-27,3.7462,3.7897,3.7365,3.7462,52916800
1995-07-28,3.7268,3.7268,3.5715,3.5956,158468800
1995-07-31,3.6150,3.6297,3.4939,3.5133,101435200
1995-08-01,3.5230,3.5284,3.4112,3.4745,166144000
1995-08-02,3.5327,3.5956,3.4162,3.4550,129804800
1995-08-03,3.4162,3.5471,3.3968,3.5373,113536000
1995-08-04,3.5471,3.6441,3.5424,3.6441,77705600
1995-08-07,3.6686,3.7074,3.5618,3.6344,64273600
1995-08-08,3.6538,3.6829,3.6247,3.6297,43913600
1995-08-09,3.7947,3.8091,3.7268,3.7462,144384000
1995-08-10,3.7656,3.7703,3.6441,3.6538,71883200
1995-08-11,3.6783,3.7509,3.5762,3.7462,97195200
1995-08-14,3.7606,3.8530,3.7171,3.8336,88872000
1995-08-15,3.8530,3.8576,3.7606,3.8188,63267200
1995-08-16,3.8188,3.8382,3.7703,3.8336,38118400
1995-08-17,3.8382,3.9112,3.8293,3.8479,74564800
1995-08-18,3.8700,3.8724,3.7656,3.7703,77502400
1995-08-21,3.7850,3.8141,3.6635,3.6686,110491200
1995-08-22,3.6926,3.8576,3.6635,3.8553,94320000
1995-08-23,3.8821,3.9015,3.7850,3.7994,111188800
1995-08-24,3.8091,3.8091,3.7074,3.7315,95275200
1995-08-25,3.7412,3.7559,3.6635,3.6635,73489600
1995-08-28,3.6635,3.6635,3.4888,3.4962,112622400
1995-08-29,3.4985,3.5665,3.3774,3.5665,163929600
1995-08-30,3.6053,3.6394,3.5521,3.6200,79499200
1995-08-31,3.6247,3.6492,3.5521,3.5909,38764800
1995-09-01,3.5618,3.5715,3.4694,3.4842,80262400
1995-09-05,3.5276,3.6926,3.5036,3.6880,92052800
1995-09-06,3.6977,3.7462,3.6103,3.6297,100265600
1995-09-07,3.6589,3.7509,3.6200,3.6732,93932800
1995-09-08,3.6394,3.7120,3.6200,3.7074,64417600
1995-09-11,3.7023,3.7994,3.6880,3.7897,77408000
1995-09-12,3.7947,3.7947,3.7120,3.7365,71155200
1995-09-13,3.7315,3.7656,3.6926,3.7315,61208000
1995-09-14,3.7315,3.7462,3.6783,3.6829,54230400
1995-09-15,3.6783,3.7023,3.5909,3.6274,88316800
1995-09-18,3.6200,3.6247,3.5276,3.5715,76827200
1995-09-19,3.5715,3.6686,3.5521,3.6224,58011200
1995-09-20,3.6297,3.6732,3.5956,3.6150,44652800
1995-09-21,3.5424,3.6127,3.5133,3.5179,83836800
1995-09-22,3.4888,3.5230,3.4550,3.4842,99899200
1995-09-25,3.5133,3.5179,3.4356,3.5028,57878400
1995-09-26,3.5082,3.5665,3.4209,3.4259,76548800
1995-09-27,3.4162,3.4453,3.2365,3.4403,140756800
1995-09-28,3.4550,3.5521,3.4500,3.5521,105510400
1995-09-29,3.5568,3.6006,3.4962,3.5133,95158400
1995-10-02,3.5133,3.5276,3.4209,3.4259,67731200
1995-10-03,3.4209,3.4648,3.3871,3.4500,80736000
1995-10-04,3.4209,3.4209,3.3192,3.3432,73473600
1995-10-05,3.3386,3.3968,3.2998,3.3968,101289600
1995-10-06,3.3968,3.4550,3.3192,3.3335,76616000
1995-10-09,3.2947,3.3289,3.2124,3.2268,108614400
1995-10-10,3.1542,3.2656,3.1200,3.2512,157644800
1995-10-11,3.3335,3.3918,3.2998,3.3627,107009600
1995-10-12,3.3774,3.4209,3.3627,3.4015,78700800
1995-10-13,3.4356,3.4453,3.3386,3.3483,68644800
1995-10-16,3.3289,3.3918,3.3192,3.3677,61067200
1995-10-17,3.3871,3.5521,3.3677,3.5373,123140800
1995-10-18,3.8141,3.8285,3.6829,3.7120,294329600
1995-10-19,3.6977,3.7656,3.6783,3.7559,95840000
1995-10-20,3.7462,3.7606,3.6829,3.7074,79984000
1995-10-23,3.6880,3.7703,3.6686,3.7412,93473600
1995-10-24,3.7412,3.8091,3.7412,3.7850,68681600
1995-10-25,3.7897,3.7947,3.7217,3.7217,60211200
1995-10-26,3.7171,3.8091,3.7023,3.8044,82841600
1995-10-27,3.7850,3.8875,3.7800,3.8821,130683200
1995-10-30,3.8530,4.0129,3.8238,3.9888,125464000
1995-10-31,3.9985,4.0129,3.8724,3.8821,91958400
1995-11-01,3.8867,3.9209,3.8141,3.8188,72819200
1995-11-02,3.8285,3.8964,3.8141,3.8821,63504000
1995-11-03,3.8821,3.8867,3.8336,3.8627,40635200
1995-11-06,3.7656,3.8382,3.7606,3.7800,87729600
1995-11-07,3.7462,3.7800,3.6053,3.6103,115921600
1995-11-08,3.6441,3.7074,3.6247,3.6977,71280000
1995-11-09,3.7462,3.8440,3.7268,3.8433,99814400
1995-11-10,3.8238,3.8433,3.7505,3.7606,60819200
1995-11-13,3.7509,3.7753,3.7291,3.7388,59003200
1995-11-14,3.7217,3.7268,3.6441,3.6492,75657600
1995-11-15,3.6635,3.6732,3.5665,3.6492,108686400
1995-11-16,3.5133,3.5653,3.4791,3.4888,195126400
1995-11-17,3.4939,3.5179,3.3918,3.3918,143803200
1995-11-20,3.4306,3.4694,3.3289,3.3386,115296000
1995-11-21,3.3335,3.4453,3.2707,3.4162,130163200
1995-11-22,3.4306,3.4745,3.3871,3.3918,65428800
1995-11-24,3.4015,3.4259,3.3918,3.4162,15014400
1995-11-27,3.4403,3.4745,3.3828,3.3871,79100800
1995-11-28,3.3774,3.5521,3.3580,3.5521,86537600
1995-11-29,3.5665,3.5909,3.4648,3.4842,91067200
1995-11-30,3.4745,3.4842,3.3724,3.3821,93512000
1995-12-01,3.3821,3.4112,3.3335,3.3483,96124800
1995-12-04,3.3432,3.4791,3.3095,3.4112,130436800
1995-12-05,3.4112,3.4209,3.3044,3.3386,104528000
1995-12-06,3.3432,3.5327,3.3386,3.5179,145272000
1995-12-07,3.5373,3.5715,3.4496,3.5133,132876800
1995-12-08,3.5956,3.6732,3.5804,3.6686,147041600
1995-12-11,3.6686,3.6783,3.6103,3.6150,61924800
1995-12-12,3.6103,3.6150,3.5373,3.5471,44739200
1995-12-13,3.5373,3.5762,3.5133,3.5618,39577600
1995-12-14,3.5812,3.6297,3.4403,3.4453,92822400
1995-12-15,3.4597,3.4842,3.3871,3.4306,115470400
1995-12-18,3.4306,3.4550,3.3141,3.3774,99460800
1995-12-19,3.3918,3.5335,3.3918,3.5276,84340800
1995-12-20,3.5373,3.5471,3.3774,3.3821,84980800
1995-12-21,3.4065,3.4939,3.3918,3.4939,60593600
1995-12-22,3.4985,3.5276,3.4597,3.5133,36057600
1995-12-26,3.5036,3.5424,3.4888,3.5036,34707200
1995-12-27,3.5082,3.5179,3.4306,3.4500,40539200
1995-12-28,3.4259,3.4356,3.3871,3.3918,49777600
1995-12-29,3.3871,3.4453,3.3483,3.4065,52342400
1996-01-02,3.4112,3.4842,3.3918,3.4842,57779200
1996-01-03,3.4597,3.4985,3.3677,3.3724,62857600
1996-01-04,3.3871,3.3968,3.2947,3.3918,102353600
1996-01-05,3.3483,3.4015,3.3432,3.3530,62083200
1996-01-08,3.3580,3.4015,3.3432,3.3483,11377600
1996-01-09,3.3386,3.3386,3.1006,3.1130,177424000
1996-01-10,3.1251,3.2318,3.1243,3.1977,181571200
1996-01-11,3.2415,3.3724,3.2268,3.3627,116617600
1996-01-12,3.3580,3.3724,3.2559,3.3289,80544000
1996-01-15,3.3335,3.3335,3.1783,3.2027,84572800
1996-01-16,3.2462,3.3572,3.2318,3.3530,122006400
1996-01-17,3.2901,3.3968,3.2850,3.2947,143078400
1996-01-18,3.3192,3.4500,3.2998,3.4015,121331200
1996-01-19,3.5036,3.6200,3.4791,3.5665,227440000
1996-01-22,3.5568,3.6006,3.5276,3.5715,82643200
1996-01-23,3.5471,3.5618,3.4648,3.4745,66473600
1996-01-24,3.4888,3.5909,3.4745,3.5424,92217600
1996-01-25,3.5471,3.5568,3.4550,3.4694,59881600
1996-01-26,3.4597,3.5276,3.4550,3.5133,50881600
1996-01-29,3.5230,3.5424,3.4690,3.5082,39587200
1996-01-30,3.5276,3.5471,3.5179,3.5253,45120000
1996-01-31,3.5230,3.5956,3.4985,3.5909,68774400
1996-02-01,3.5812,3.6589,3.5715,3.6538,78587200
1996-02-02,3.6492,3.6538,3.5762,3.6103,44686400
1996-02-05,3.6006,3.7753,3.6006,3.7703,126480000
1996-02-06,3.7462,3.7850,3.7120,3.7462,98158400
1996-02-07,3.7268,3.7703,3.7066,3.7606,65555200
1996-02-08,3.7509,3.8627,3.7074,3.8382,103924800
1996-02-09,3.8336,3.8918,3.8238,3.8867,122832000
1996-02-12,3.8724,3.9256,3.8479,3.8627,87779200
1996-02-13,3.7947,3.8918,3.7850,3.8673,114513600
1996-02-14,3.8867,3.8867,3.8188,3.8336,80212800
1996-02-15,3.8238,3.8479,3.7947,3.8238,52195200
1996-02-16,3.8336,3.8530,3.7994,3.7994,62206400
1996-02-20,3.7753,3.8238,3.7606,3.7947,64182400
1996-02-21,3.7947,3.8867,3.7850,3.8770,80046400
1996-02-22,3.8821,3.9838,3.8821,3.9791,106500800
1996-02-23,3.9838,4.0226,3.9547,4.0180,102640000
1996-02-26,3.9985,4.0082,3.9015,3.9061,63696000
1996-02-27,3.9112,3.9135,3.8716,3.8867,60958400
1996-02-28,3.9112,3.9597,3.8770,3.8867,60051200
1996-02-29,3.8433,3.8867,3.8262,3.8312,61723200
1996-03-01,3.8188,3.8285,3.6732,3.7074,157652800
1996-03-04,3.7268,3.7800,3.7074,3.7365,72564800
1996-03-05,3.7268,3.8149,3.7171,3.8091,57369600
1996-03-06,3.8141,3.8382,3.7656,3.7656,44256000
1996-03-07,3.7703,3.7897,3.7509,3.7777,44291200
1996-03-08,3.7074,3.7850,3.6783,3.6926,108524800
1996-03-11,3.6926,3.7509,3.6926,3.7462,74592000
1996-03-12,3.7365,3.7509,3.6783,3.7171,76888000
1996-03-13,3.8134,3.9209,3.7947,3.9159,156710400
1996-03-14,3.9256,3.9547,3.8673,3.8673,60640000
1996-03-15,3.8821,4.0032,3.8673,3.9741,121721600
1996-03-18,3.9741,4.1100,3.9741,4.0859,119472000
1996-03-19,4.1294,4.1562,4.0665,4.1488,92491200
1996-03-20,4.1247,4.1391,4.0269,4.0614,92944000
1996-03-21,4.0471,4.0517,3.9015,3.9112,66313600
1996-03-22,3.9256,3.9380,3.8724,3.9256,48046400
1996-03-25,3.9403,3.9741,3.8359,3.8770,63379200
1996-03-26,3.8576,3.9935,3.8336,3.9888,79899200
1996-03-27,4.0082,4.0374,3.9256,3.9791,52729600
1996-03-28,3.9547,4.0180,3.9256,3.9694,54955200
1996-03-29,3.9741,4.0420,3.9644,4.0032,53508800
1996-04-01,4.0040,4.0180,3.9644,3.9888,31692800
1996-04-02,3.9888,4.0762,3.9838,4.0614,54396800
1996-04-03,4.0420,4.0808,4.0129,4.0568,46072000
1996-04-04,4.0614,4.0711,4.0180,4.0517,28961600
1996-04-08,3.9791,4.0323,3.9547,4.0277,73753600
1996-04-09,4.0374,4.0374,3.9403,3.9450,66942400
1996-04-10,3.9403,3.9985,3.9306,3.9450,51910400
1996-04-11,3.9403,3.9741,3.8673,3.9256,62465600
1996-04-12,3.9256,3.9450,3.9015,3.9256,33737600
1996-04-15,3.9209,4.0226,3.9209,4.0187,50102400
1996-04-16,4.0471,4.0956,4.0374,4.0859,80116800
1996-04-17,4.0859,4.1150,4.0494,4.1127,62630400
1996-04-18,4.1150,4.2412,4.0956,4.2315,133958400
1996-04-19,4.3332,4.3526,4.2509,4.2606,169492800
1996-04-22,4.2897,4.4011,4.2800,4.3770,92758400
1996-04-23,4.3770,4.3965,4.3235,4.3720,57139200
1996-04-24,4.3867,4.3914,4.3188,4.3285,69251200
1996-04-25,4.3285,4.4159,4.2800,4.3770,63896000
1996-04-26,4.3770,4.4205,4.3623,4.4062,54296000
1996-04-29,4.4011,4.4062,4.3479,4.3720,34267200
1996-04-30,4.3720,4.3965,4.3429,4.3965,28441600
1996-05-01,4.3817,4.4741,4.3720,4.4690,65014400
1996-05-02,4.4690,4.4741,4.3138,4.3332,87340800
1996-05-03,4.3673,4.4450,4.2749,4.3041,75300800
1996-05-06,4.3091,4.3623,4.2555,4.3382,75852800
1996-05-07,4.3332,4.4062,4.3332,4.3914,47366400
1996-05-08,4.3817,4.4399,4.2994,4.4353,77851200
1996-05-09,4.4353,4.4690,4.3965,4.4062,47776000
1996-05-10,4.4399,4.4698,4.4302,4.4593,43913600
1996-05-13,4.4644,4.6146,4.4644,4.6049,95606400
1996-05-14,4.6294,4.6585,4.5898,4.6197,76832000
1996-05-15,4.6197,4.6488,4.5564,4.5661,56323200
1996-05-16,4.5032,4.5564,4.4885,4.5467,67092800
1996-05-17,4.5758,4.5809,4.5176,4.5420,35392000
1996-05-20,4.5564,4.5758,4.5273,4.5323,38457600
1996-05-21,4.5323,4.5370,4.4690,4.4690,42113600
1996-05-22,4.4644,4.5517,4.4496,4.5370,45646400
1996-05-23,4.5370,4.6243,4.5370,4.6003,51976000
1996-05-24,4.6003,4.6197,4.5906,4.6003,26443200
1996-05-28,4.6100,4.6251,4.5467,4.5517,43376000
1996-05-29,4.5564,4.5906,4.5273,4.5467,33569600
1996-05-30,4.5517,4.5906,4.5273,4.5906,33824000
1996-05-31,4.6026,4.6340,4.5809,4.6100,40259200
1996-06-03,4.6100,4.6391,4.5855,4.5952,31684800
1996-06-04,4.6049,4.6146,4.5129,4.5758,65852800
1996-06-05,4.5809,4.7070,4.5758,4.6923,50968000
1996-06-06,4.7264,4.7750,4.6488,4.6511,88136000
1996-06-07,4.5661,4.7070,4.5661,4.7070,70198400
1996-06-10,4.6973,4.7070,4.6577,4.6826,45819200
1996-06-11,4.6876,4.7847,4.6826,4.7408,65259200
1996-06-12,4.7699,4.8670,4.7653,4.8526,88844800
1996-06-13,4.8573,4.8864,4.8041,4.8378,62577600
1996-06-14,4.8429,4.8526,4.7699,4.7750,55944000
1996-06-17,4.7796,4.8526,4.7505,4.8378,57499200
1996-06-18,4.8332,4.8332,4.7361,4.7505,74585600
1996-06-19,4.7555,4.7796,4.7117,4.7264,73409600
1996-06-20,4.7361,4.7548,4.6197,4.7264,102228800
1996-06-21,4.7505,4.8184,4.7167,4.8087,56806400
1996-06-24,4.8138,4.8573,4.7750,4.8184,48102400
1996-06-25,4.8235,4.8235,4.7117,4.7361,41145600
1996-06-26,4.7311,4.7361,4.6197,4.6779,71457600
1996-06-27,4.6779,4.6973,4.6197,4.6562,77582400
1996-06-28,4.6779,4.6973,4.6243,4.6632,52000000
1996-07-01,4.6682,4.7555,4.6632,4.7482,47862400
1996-07-02,4.7505,4.7602,4.7070,4.7214,38548800
1996-07-03,4.7214,4.7699,4.6826,4.7020,44243200
1996-07-05,4.6632,4.6632,4.5952,4.5952,35331200
1996-07-08,4.6003,4.6876,4.5855,4.6705,64432000
1996-07-09,4.6923,4.7117,4.6585,4.6585,35571200
1996-07-10,4.6585,4.6585,4.5855,4.6391,77980800
1996-07-11,4.5906,4.5952,4.4159,4.4450,140915200
1996-07-12,4.4718,4.4718,4.2889,4.3623,139478400
1996-07-15,4.3623,4.4159,4.2652,4.2944,111832000
1996-07-16,4.2800,4.4885,4.1732,4.4788,182100800
1996-07-17,4.5711,4.5855,4.4885,4.5467,126208000
1996-07-18,4.5517,4.6585,4.4982,4.6534,98537600
1996-07-19,4.5711,4.7214,4.5711,4.6965,99208000
1996-07-22,4.6981,4.7167,4.5758,4.6488,144475200
1996-07-23,4.6585,4.6585,4.2800,4.3526,257678400
1996-07-24,4.2509,4.4935,4.2509,4.4547,192225600
1996-07-25,4.5032,4.6100,4.4690,4.6003,100920000
1996-07-26,4.6391,4.6391,4.5906,4.6243,59304000
1996-07-29,4.6294,4.6534,4.5323,4.5370,56748800
1996-07-30,4.5758,4.6100,4.5079,4.6049,66976000
1996-07-31,4.6197,4.6437,4.5661,4.5758,56320000
1996-08-01,4.5758,4.6923,4.5564,4.6826,96025600
1996-08-02,4.7408,4.8087,4.6826,4.7893,109289600
1996-08-05,4.7944,4.8041,4.7070,4.7264,55072000
1996-08-06,4.7214,4.8184,4.6923,4.8138,67388800
1996-08-07,4.8281,4.8573,4.7699,4.8429,76790400
1996-08-08,4.8184,4.8864,4.8041,4.8623,54379200
1996-08-09,4.8429,4.8720,4.8087,4.8332,44313600
1996-08-12,4.8235,4.8961,4.8138,4.8623,66187200
1996-08-13,4.8526,4.8864,4.7893,4.7944,72508800
1996-08-14,4.8087,4.8573,4.8041,4.8476,52032000
1996-08-15,4.8429,4.8817,4.8281,4.8573,35556800
1996-08-16,4.8573,4.8623,4.8041,4.8235,47598400
1996-08-19,4.8087,4.8184,4.7458,4.7944,43131200
1996-08-20,4.8041,4.8184,4.7847,4.7893,25678400
1996-08-21,4.7555,4.7944,4.7264,4.7944,49345600
1996-08-22,4.8184,4.8573,4.7944,4.8526,50236800
1996-08-23,4.8476,4.8526,4.7847,4.7847,44006400
1996-08-26,4.7893,4.8041,4.7653,4.7699,31944000
1996-08-27,4.7796,4.8429,4.7750,4.8429,28038400
1996-08-28,4.8526,4.8817,4.8476,4.8767,32070400
1996-08-29,4.8623,4.8623,4.7990,4.8184,34182400
1996-08-30,4.8235,4.8235,4.7555,4.7555,28088000
1996-09-03,4.7361,4.7893,4.6826,4.7893,48524800
1996-09-04,4.7893,4.7990,4.7726,4.7893,27126400
1996-09-05,4.7653,4.7653,4.7167,4.7167,40372800
1996-09-06,4.7361,4.7653,4.7214,4.7555,41921600
1996-09-09,4.7555,4.8526,4.7458,4.8476,41747200
1996-09-10,4.8429,4.8573,4.7990,4.8281,38904000
1996-09-11,4.8114,4.8720,4.7990,4.8573,36387200
1996-09-12,4.8720,5.0273,4.8600,4.9935,95944000
1996-09-13,5.0323,5.1003,5.0032,5.0855,80137600
1996-09-16,5.0906,5.1682,5.0855,5.1049,62409600
1996-09-17,5.1585,5.2264,5.1340,5.1973,75624000
1996-09-18,5.2020,5.3526,5.1729,5.2990,86049600
1996-09-19,5.2990,5.3670,5.2699,5.3476,75912000
1996-09-20,5.3184,5.3817,5.2750,5.3623,104849600
1996-09-23,5.3429,5.3623,5.2893,5.3476,46385600
1996-09-24,5.3379,5.3720,5.2847,5.3138,72520000
1996-09-25,5.3379,5.3526,5.2556,5.2653,44067200
1996-09-26,5.2699,5.2847,5.1146,5.1243,92604800
1996-09-27,5.1438,5.2505,5.0952,5.2167,98372800
1996-09-30,5.1826,5.2361,5.1146,5.1197,89574400
1996-10-01,5.1146,5.1973,5.0809,5.1294,69124800
1996-10-02,5.1585,5.2699,5.1391,5.2311,68760000
1996-10-03,5.2311,5.2459,5.1876,5.2020,58294400
1996-10-04,5.2264,5.3041,5.2117,5.2944,45166400
1996-10-07,5.2944,5.3623,5.2750,5.3379,42432000
1996-10-08,5.3476,5.3476,5.2408,5.2556,48465600
1996-10-09,5.2796,5.2847,5.1729,5.2214,64955200
1996-10-10,5.1923,5.2847,5.1779,5.1923,51739200
1996-10-11,5.2264,5.3282,5.2117,5.3235,36523200
1996-10-14,5.3332,5.3623,5.2944,5.3041,36091200
1996-10-15,5.3864,5.4011,5.3332,5.3914,61206400
1996-10-16,5.3864,5.3938,5.3184,5.3573,36427200
1996-10-17,5.3670,5.3961,5.2602,5.2602,49097600
1996-10-18,5.2020,5.2408,5.1849,5.2311,69646400
1996-10-21,5.2311,5.2796,5.1826,5.2020,71401600
1996-10-22,5.1682,5.1779,5.0952,5.1438,113806400
1996-10-23,5.1488,5.2311,5.1146,5.2214,67443200
1996-10-24,5.2361,5.3332,5.1973,5.3041,81417600
1996-10-25,5.3041,5.3526,5.2847,5.2967,53084800
1996-10-28,5.3064,5.3429,5.2893,5.3041,51240000
1996-10-29,5.3138,5.3332,5.2361,5.2556,66756800
1996-10-30,5.2556,5.3184,5.2361,5.2893,60526400
1996-10-31,5.2944,5.3332,5.2847,5.3282,37028800
1996-11-01,5.3282,5.3864,5.2990,5.3332,56531200
1996-11-04,5.3282,5.3720,5.3087,5.3573,36006400
1996-11-05,5.3767,5.4931,5.3693,5.4931,86417600
1996-11-06,5.4885,5.6096,5.4737,5.6096,71438400
1996-11-07,5.6193,5.6729,5.5564,5.5708,76742400
1996-11-08,5.5661,5.5708,5.4931,5.5708,67369600
1996-11-11,5.5661,5.6193,5.5514,5.5758,38593600
1996-11-12,5.5902,5.6632,5.4931,5.5028,81156800
1996-11-13,5.5758,5.6581,5.5564,5.6290,90409600
1996-11-14,5.6387,5.8088,5.6387,5.8088,114969600
1996-11-15,5.8522,5.8573,5.7214,5.7843,104041600
1996-11-18,5.7990,5.8911,5.7699,5.8379,98585600
1996-11-19,5.8425,6.0514,5.8328,6.0514,104739200
1996-11-20,6.0560,6.1337,5.9493,5.9493,123857600
1996-11-21,5.9978,6.0029,5.8231,5.8379,130718400
1996-11-22,5.8522,5.9202,5.7990,5.8425,94424000
1996-11-25,5.8670,5.9640,5.8425,5.9590,75129600
1996-11-26,5.9784,6.0320,5.9155,5.9687,108238400
1996-11-27,5.9834,6.0463,5.9687,6.0366,44446400
1996-11-29,6.0366,6.0999,6.0366,6.0902,17152000
1996-12-02,6.1143,6.1240,6.0269,6.1240,64502400
1996-12-03,6.1484,6.1919,6.0029,6.0052,77563200
1996-12-04,6.0223,6.0269,5.9058,5.9493,102542400
1996-12-05,5.9543,6.0320,5.8961,5.9396,74950400
1996-12-06,5.7843,5.9978,5.7560,5.9349,110238400
1996-12-09,6.0848,6.3565,6.0560,6.3472,47359200
1996-12-10,6.5506,6.5654,6.3472,6.3565,125725600
1996-12-11,6.2890,6.4924,6.2206,6.4730,113558400
1996-12-12,6.5995,6.6189,6.2890,6.2890,78272800
1996-12-13,6.2983,6.3666,6.1515,6.2113,74532000
1996-12-16,6.2307,6.2696,5.9396,5.9590,64883200
1996-12-17,5.9489,6.2206,5.9295,6.2012,68944800
1996-12-18,6.3177,6.4248,6.2113,6.4147,61796800
1996-12-19,6.5219,6.6089,6.4443,6.5894,94609600
1996-12-20,6.6384,6.6477,6.4730,6.4924,90414400
1996-12-23,6.5312,6.5801,6.4342,6.5025,36892800
1996-12-24,6.5312,6.6089,6.4536,6.5894,16246400
1996-12-26,6.6189,6.6865,6.6089,6.6384,27905600
1996-12-27,6.6384,6.6578,6.5234,6.5413,19079200
1996-12-30,6.6283,6.6477,6.4831,6.4831,27279200
1996-12-31,6.5219,6.5413,6.4054,6.4147,34367200
1997-01-02,6.4536,6.4536,6.2696,6.3371,54480800
1997-01-03,6.3860,6.5801,6.3666,6.5700,44131200
1997-01-06,6.5700,6.6189,6.4536,6.5506,55948000
1997-01-07,6.5607,6.6089,6.4730,6.5995,36880800
1997-01-08,6.5995,6.6174,6.4536,6.4730,50593600
1997-01-09,6.5025,6.5025,6.3860,6.3953,47763200
1997-01-10,6.3666,6.5506,6.3371,6.5413,66556800
1997-01-13,6.6089,6.6384,6.4831,6.5025,50361600
1997-01-14,6.5413,6.7253,6.5413,6.6283,63728000
1997-01-15,6.6477,6.6966,6.5506,6.5700,53058400
1997-01-16,6.5995,6.7641,6.5995,6.6772,58688000
1997-01-17,6.6477,6.8130,6.6384,6.7641,65368800
1997-01-20,6.7548,7.2106,6.7253,7.0460,146220800
1997-01-21,7.0359,7.3806,6.9582,7.3759,114592000
1997-01-22,7.3853,7.6477,7.3464,7.5600,129236800
1997-01-23,7.6182,7.7447,7.3371,7.3565,105048000
1997-01-24,7.3853,7.5895,7.3270,7.4489,89817600
1997-01-27,7.4924,7.5615,7.4148,7.4629,53263200
1997-01-28,7.6376,7.6671,7.3565,7.4241,64656800
1997-01-29,7.5118,7.5600,7.4342,7.5506,48933600
1997-01-30,7.6283,7.8612,7.6089,7.8511,79937600
1997-01-31,7.9093,8.0165,7.8317,7.9194,86516000
1997-02-03,7.9676,8.0274,7.8511,7.9482,60804800
1997-02-04,7.9482,8.0165,7.8030,8.0064,56464000
1997-02-05,8.0064,8.0359,7.5211,7.6376,110099200
1997-02-06,7.6283,7.6376,7.4536,7.5405,102122400
1997-02-07,7.6376,7.8030,7.5701,7.7929,62448000
1997-02-10,7.8224,7.8806,7.5794,7.5895,66804800
1997-02-11,7.6283,7.6570,7.3853,7.6477,88834400
1997-02-12,7.6376,7.7642,7.5701,7.7541,72001600
1997-02-13,7.8030,7.8511,7.7152,7.7642,58292000
1997-02-14,7.7152,7.8030,7.5794,7.5988,57395200
1997-02-18,7.5794,7.5988,7.4730,7.5600,52545600
1997-02-19,7.5600,7.6182,7.4924,7.5701,56383200
1997-02-20,7.5211,7.5701,7.3853,7.3954,75395200
1997-02-21,7.3659,7.4047,7.2983,7.3759,61131200
1997-02-24,7.3177,7.7836,7.2983,7.7735,68599200
1997-02-25,7.7642,7.8434,7.6764,7.7253,63941600
1997-02-26,7.7253,7.7929,7.6376,7.7836,48849600
1997-02-27,7.7836,7.7836,7.4536,7.4629,56628800
1997-02-28,7.4629,7.6376,7.4101,7.5701,78412000
1997-03-03,7.5312,7.7735,7.5017,7.7253,53874400
1997-03-04,7.7059,7.7735,7.6570,7.6958,63920800
1997-03-05,7.7253,7.8418,7.7059,7.8317,46393600
1997-03-06,7.8224,7.8317,7.5879,7.5895,57018400
1997-03-07,7.6376,7.7253,7.4924,7.5118,46032000
1997-03-10,7.5405,7.7735,7.4489,7.7642,45997600
1997-03-11,7.7347,7.8076,7.6376,7.6376,47577600
1997-03-12,7.5895,7.7253,7.5895,7.6671,43234400
1997-03-13,7.6283,7.7735,7.6089,7.7347,45505600
1997-03-14,7.7447,7.7836,7.6764,7.6865,61327200
1997-03-17,7.6477,7.8224,7.6089,7.8030,83958400
1997-03-18,7.8123,7.8270,7.6764,7.7347,59012000
1997-03-19,7.5895,7.6283,7.3713,7.5118,111560000
1997-03-20,7.5017,7.5895,7.4047,7.4536,81410400
1997-03-21,7.4924,7.5405,7.2106,7.2983,85829600
1997-03-24,7.2300,7.2595,6.8030,6.9971,186269600
1997-03-25,7.0359,7.0941,6.9000,7.0118,89701600
1997-03-26,7.0460,7.3464,7.0359,7.3177,81270400
1997-03-27,7.3853,7.4629,7.0654,7.2789,93919200
1997-03-31,7.2300,7.3371,7.0848,7.1190,93825600
1997-04-01,6.9971,7.2789,6.9683,7.2401,86680800
1997-04-02,7.2106,7.2688,7.0654,7.1430,63331200
1997-04-03,7.0654,7.4047,7.0359,7.3853,92252800
1997-04-04,7.2789,7.5118,7.2789,7.3131,94964000
1997-04-07,7.4241,7.5794,7.3759,7.4435,76511200
1997-04-08,7.5017,7.6283,7.4148,7.6283,53339200
1997-04-09,7.6958,7.7059,7.5895,7.6089,73762400
1997-04-10,7.5895,7.5895,7.4148,7.5118,67913600
1997-04-11,7.4148,7.5506,7.3713,7.3759,60033600
1997-04-14,7.3565,7.5600,7.2494,7.5600,59107200
1997-04-15,7.5988,7.6865,7.4435,7.5405,84440000
1997-04-16,7.5017,7.6477,7.4730,7.6283,42710400
1997-04-17,7.6477,7.7642,7.5701,7.6182,71720800
1997-04-18,8.0747,8.3558,7.9971,8.3558,231764000
1997-04-21,8.3076,8.6858,8.2393,8.3558,155695200
1997-04-22,8.3558,8.6035,8.3465,8.5887,82300000
1997-04-23,8.5887,8.9870,8.5693,8.9381,102814400
1997-04-24,9.0546,9.1516,8.7541,8.8605,118163200
1997-04-25,8.8123,8.9575,8.7929,8.8216,58566400
1997-04-28,8.8317,8.9334,8.6664,8.9187,67224000
1997-04-29,9.1128,9.2487,9.0452,9.2393,73953600
1997-04-30,9.2098,9.5204,9.1904,9.4335,90204000
1997-05-01,9.4723,9.5693,9.2588,9.3946,72325600
1997-05-02,9.4723,9.5887,9.2347,9.3752,96192000
1997-05-05,9.2875,9.3752,8.9676,9.3317,111063200
1997-05-06,9.2681,9.2976,9.0351,9.1081,74770400
1997-05-07,9.0351,9.2393,8.9381,8.9676,70532800
1997-05-08,8.9482,9.1710,8.9381,9.0351,53834400
1997-05-09,9.1617,9.2005,8.9870,9.0647,58392000
1997-05-12,9.1229,9.2005,9.0841,9.1710,42976000
1997-05-13,9.1904,9.2588,9.0740,9.1423,49813600
1997-05-14,9.1904,9.2098,8.9769,8.9963,60744800
1997-05-15,9.0064,9.1516,8.9963,9.0934,41861600
1997-05-16,9.0351,9.0841,8.9187,8.9629,59913600
1997-05-19,9.0157,9.0934,8.9381,8.9381,45632000
1997-05-20,8.9963,9.2588,8.9482,9.2487,64876800
1997-05-21,9.3651,9.5453,9.2976,9.3457,76620000
1997-05-22,9.3946,9.4428,9.2976,9.3651,33655200
1997-05-23,9.4234,9.5499,9.3845,9.5398,28904800
1997-05-27,9.5305,9.8892,9.5010,9.8310,69036000
1997-05-28,9.8799,9.8799,9.6951,9.7727,52241600
1997-05-29,9.8799,10.0204,9.7052,9.7727,51111200
1997-05-30,9.1229,9.7533,9.1229,9.6276,83337600
1997-06-02,9.7052,9.7440,9.5592,9.6563,38939200
1997-06-03,9.5786,9.5887,9.3651,9.3752,41995200
1997-06-04,9.3651,9.4917,9.1811,9.2541,54639200
1997-06-05,9.3380,9.4335,9.2782,9.3605,35892000
1997-06-06,9.4234,9.6516,9.3946,9.6322,35964000
1997-06-09,9.6951,9.7922,9.5111,9.7145,48200000
1997-06-10,9.7145,9.8651,9.6081,9.6904,53135200
1997-06-11,9.6904,9.8892,9.5934,9.8605,49056800
1997-06-12,9.8411,9.9482,9.7339,9.8605,44614400
1997-06-13,9.8411,10.0981,9.8263,10.0647,50116000
1997-06-16,10.0647,10.2005,10.0064,10.2005,40612800
1997-06-17,10.2099,10.4770,10.1617,10.4187,53191200
1997-06-18,10.3457,10.3651,10.0981,10.1082,55657600
1997-06-19,9.9676,10.1516,9.9381,10.0398,65519200
1997-06-20,10.0453,10.2005,9.9769,10.0841,64240000
1997-06-23,10.0841,10.2099,9.9381,9.9428,35724800
1997-06-24,10.0546,10.2588,9.9676,10.2533,39319200
1997-06-25,10.3170,10.3457,10.0787,10.1276,49576000
1997-06-26,10.1035,10.1563,9.9280,9.9575,37312000
1997-06-27,10.0259,10.0934,9.8799,9.8993,38198400
1997-06-30,9.9280,9.9964,9.7976,9.8116,38286400
1997-07-01,9.8170,9.8504,9.5693,9.7005,59377600
1997-07-02,9.7533,9.9769,9.6322,9.9676,53237600
1997-07-03,10.0981,10.0981,9.9769,10.0592,28764000
1997-07-07,10.1423,10.2293,10.0453,10.0546,39320000
1997-07-08,10.0453,10.1951,10.0111,10.1905,36007200
1997-07-09,10.2875,10.2976,10.0546,10.1516,48266400
1997-07-10,10.1322,10.1905,10.0064,10.0841,43780800
1997-07-11,10.1128,10.1757,9.9723,10.0740,38094400
1997-07-14,10.1563,10.5593,10.1322,10.5546,57424000
1997-07-15,10.7192,10.8116,10.6082,10.7510,75503200
1997-07-16,11.0546,11.6074,10.8698,11.5251,111217600
1997-07-17,11.6851,11.7045,11.3745,11.6074,131668000
1997-07-18,11.2580,11.4428,10.8698,10.9086,158927200
1997-07-21,10.9381,10.9475,10.3846,10.5546,127223200
1997-07-22,10.6276,11.2433,10.6175,11.1905,101384000
1997-07-23,11.2774,11.4040,10.9475,10.9816,95556000
1997-07-24,10.7440,10.8993,10.5305,10.7145,141855200
1997-07-25,10.7534,11.0445,10.6563,10.7534,90308800
1997-07-28,10.8116,10.8217,10.5398,10.6369,56404000
1997-07-29,10.6175,10.8745,10.5693,10.8652,79061600
1997-07-30,10.9281,11.0251,10.8411,10.9576,78324000
1997-07-31,11.0251,11.0352,10.9381,10.9770,42240800
1997-08-01,10.9770,11.0104,10.8069,10.9187,58912800
1997-08-04,10.8892,11.0251,10.8263,10.9909,46312800
1997-08-05,11.0445,11.2099,11.0251,11.1268,59333600
1997-08-06,11.1268,11.2293,11.0445,11.1369,43410400
1997-08-07,11.2045,11.2099,11.0251,11.1757,43947200
1997-08-08,11.0880,11.1128,10.8698,10.8698,66815200
1997-08-11,10.8698,10.8892,10.5888,10.7339,72696000
1997-08-12,10.8217,10.8504,10.5445,10.5593,60887200
1997-08-13,10.7246,10.7339,10.4622,10.5639,66731200
1997-08-14,10.5593,10.6175,10.4141,10.5787,45900800
1997-08-15,10.5204,10.5593,10.3069,10.3170,51078400
1997-08-18,10.3263,10.3947,10.1710,10.3947,69969600
1997-08-19,10.4622,10.7922,10.4529,10.7774,91013600
1997-08-20,10.7922,10.9234,10.6369,10.9133,51433600
1997-08-21,10.9964,11.0546,10.6757,10.7052,64412000
1997-08-22,10.5010,10.6757,10.4141,10.6563,72161600
1997-08-25,10.7052,10.7922,10.5305,10.5981,38856800
1997-08-26,10.5593,10.6276,10.4622,10.4816,34327200
1997-08-27,10.5010,10.5057,10.3263,10.4474,49371200
1997-08-28,10.3651,10.3846,10.2487,10.2533,43641600
1997-08-29,10.2533,10.3947,10.2293,10.2634,37857600
1997-09-02,10.3364,10.6757,10.3263,10.6516,50112800
1997-09-03,10.6858,10.7829,10.5740,10.6027,42872800
1997-09-04,10.5593,10.7534,10.5398,10.7293,44476000
1997-09-05,10.7968,10.8458,10.5787,10.6610,48398400
1997-09-08,10.6951,10.8551,10.6951,10.8162,42416000
1997-09-09,10.8116,10.8892,10.7440,10.8310,39465600
1997-09-10,10.7829,10.8023,10.4863,10.4917,53294400
1997-09-11,10.4816,10.6664,10.3170,10.6221,61779200
1997-09-12,10.6276,10.7440,10.5305,10.7099,48576000
1997-09-15,10.5305,10.6563,10.1423,10.1470,129003200
1997-09-16,10.2293,10.6369,10.1710,10.5888,102538400
1997-09-17,10.6082,10.6175,10.2976,10.3411,61609600
1997-09-18,10.4234,10.4917,10.2052,10.2681,61077600
1997-09-19,10.2681,10.5010,10.2487,10.4964,77435200
1997-09-22,10.4816,10.5499,10.3411,10.3504,43251200
1997-09-23,10.3698,10.5204,10.3364,10.5204,39946400
1997-09-24,10.5305,10.5639,10.2588,10.2828,60040000
1997-09-25,10.3170,10.4141,10.2533,10.3069,39272000
1997-09-26,10.3752,10.3846,10.2200,10.3558,36652000
1997-09-29,10.3651,10.4622,10.3170,10.4428,27505600
1997-09-30,10.4381,10.5398,10.2681,10.2728,43892800
1997-10-01,10.2875,10.4428,10.2005,10.3947,61466400
1997-10-02,10.3846,10.4529,10.3069,10.3411,28831200
1997-10-03,10.4770,10.5787,10.3558,10.4770,60284800
1997-10-06,10.5499,10.5787,10.4234,10.4917,41776800
1997-10-07,10.4816,10.6905,10.4529,10.6027,54548800
1997-10-08,10.6082,10.7968,10.5787,10.7922,71196800
1997-10-09,10.7534,10.8411,10.7246,10.7875,34672800
1997-10-10,10.7386,10.7728,10.5787,10.5981,24893600
1997-10-13,10.6369,10.7052,10.6027,10.6175,19051200
1997-10-14,10.6470,10.6664,10.5111,10.6128,33361600
1997-10-15,10.5398,10.5593,10.4723,10.5398,45003200
1997-10-16,10.5693,10.6082,10.2681,10.3970,47327200
1997-10-17,10.3364,10.4529,10.1229,10.2681,87720000
1997-10-20,10.3263,10.5010,9.8993,10.2976,154052800
1997-10-21,10.5693,10.8100,10.5057,10.7534,115682400
1997-10-22,10.7440,10.7534,10.5111,10.5352,55775200
1997-10-23,10.2487,10.6563,10.2487,10.5305,66413600
1997-10-24,10.6276,10.6563,10.3457,10.5111,70030400
1997-10-27,10.4723,10.5787,9.9870,10.0064,96795200
1997-10-28,10.2681,10.4816,9.5887,10.3558,160057600
1997-10-29,10.3846,10.4863,10.1035,10.1617,85532800
1997-10-30,10.0546,10.2005,9.9769,9.9870,72097600
1997-10-31,10.1710,10.2099,10.0647,10.0934,46808800
1997-11-03,10.2200,10.4234,10.1951,10.4141,67714400
1997-11-04,10.4040,10.4770,10.3411,10.4234,49134400
1997-11-05,10.4428,10.4529,10.2875,10.3698,42512800
1997-11-06,10.3457,10.3651,10.2293,10.2533,40266400
1997-11-07,10.0981,10.2487,10.0841,10.2145,63628800
1997-11-10,10.2200,10.2875,10.0740,10.1082,36764800
1997-11-11,10.1276,10.2052,10.0453,10.1423,37013600
1997-11-12,10.1035,10.1710,10.0158,10.0305,45784000
1997-11-13,10.0981,10.2200,10.0305,10.2145,60094400
1997-11-14,10.2200,10.3947,10.2005,10.3504,46663200
1997-11-17,10.4428,10.5445,10.3605,10.4723,60094400
1997-11-18,10.4770,10.5204,10.3846,10.4040,36683200
1997-11-19,10.3752,10.4917,10.3558,10.4863,31720800
1997-11-20,10.5010,10.6470,10.4723,10.6276,53680800
1997-11-21,10.6998,10.7145,10.5888,10.7052,68220800
1997-11-24,10.6470,10.7246,10.5204,10.5204,39084000
1997-11-25,10.5499,10.8116,10.5398,10.7922,56463200
1997-11-26,10.7922,11.0158,10.7339,10.9909,63053600
1997-11-28,10.9669,11.0445,10.9576,10.9863,17392800
1997-12-01,11.0204,11.1804,10.9964,11.1656,49006400
1997-12-02,11.1462,11.2487,11.0251,11.0445,50167200
1997-12-03,11.0010,11.2627,10.9475,11.2340,57712000
1997-12-04,11.2386,11.3264,11.0445,11.0686,62630400
1997-12-05,11.0352,11.2386,11.0352,11.1128,48136000
1997-12-08,11.1416,11.3846,11.1128,11.3458,49952800
1997-12-09,11.2580,11.2875,11.1416,11.2045,51782400
1997-12-10,11.0445,11.1222,10.9475,11.0445,66434400
1997-12-11,10.8993,10.9475,10.7829,10.7968,70189600
1997-12-12,10.6951,10.7534,10.5593,10.6175,54308000
1997-12-15,10.5934,10.6369,10.3263,10.5693,84305600
1997-12-16,10.5499,10.8993,10.4816,10.7968,65401600
1997-12-17,10.8605,10.8993,10.5204,10.5305,51472000
1997-12-18,10.4428,10.4622,10.1229,10.1617,98774400
1997-12-19,9.9964,10.1082,9.8022,9.9917,138065600
1997-12-22,10.0259,10.0934,9.7727,9.8605,59063200
1997-12-23,9.8651,9.9575,9.5499,9.5740,67195200
1997-12-24,9.6081,9.6175,9.1617,9.2347,88411200
1997-12-26,9.2293,9.3752,9.2199,9.3752,32388800
1997-12-29,9.5010,9.8411,9.4816,9.8069,67815200
1997-12-30,9.8170,10.1710,9.8022,10.1128,77864800
1997-12-31,10.1710,10.2099,10.0158,10.0352,46147200
1998-01-02,10.0647,10.2099,10.0546,10.1811,39748000
1998-01-05,10.1905,10.3752,9.9280,10.1229,80377600
1998-01-06,10.0740,10.3263,10.0352,10.1811,67834400
1998-01-07,10.0841,10.1858,9.8993,10.0592,61492800
1998-01-08,9.9870,10.2588,9.8993,10.1322,77619200
1998-01-09,10.0981,10.2099,9.7727,9.8605,87534400
1998-01-12,9.6757,10.0934,9.6563,10.0546,78393600
1998-01-13,10.0546,10.2681,9.9482,10.2588,66945600
1998-01-14,10.2588,10.2875,10.0352,10.1811,54774400
1998-01-15,10.1229,10.3263,10.0841,10.2728,50622400
1998-01-16,10.2782,10.5111,10.2728,10.5010,72943200
1998-01-20,10.4141,10.7145,10.4040,10.6998,64956000
1998-01-21,10.6563,10.7487,10.5305,10.6369,85567200
1998-01-22,10.5251,10.8605,10.5057,10.7635,159139200
1998-01-23,10.7728,10.8263,10.6136,10.7339,63312000
1998-01-26,10.8605,11.0158,10.7495,11.0057,74277600
1998-01-27,11.0546,11.3264,10.9909,11.2728,97540800
1998-01-28,11.3551,11.6074,11.2968,11.5686,79387200
1998-01-29,11.5639,11.6563,11.4521,11.5104,73571200
1998-01-30,11.5399,11.6462,11.4622,11.5833,50071200
1998-02-02,11.7821,12.0445,11.6851,12.0251,98397600
1998-02-03,12.0445,12.1222,11.9420,12.1028,61374400
1998-02-04,12.1028,12.2674,12.0391,12.1750,61940800
1998-02-05,12.2775,12.3256,12.0150,12.0686,67014400
1998-02-06,12.0639,12.2868,12.0445,12.2775,50070400
1998-02-09,12.3256,12.3357,12.0834,12.2045,54681600
1998-02-10,12.2091,12.3838,12.1703,12.3644,48099200
1998-02-11,12.3745,12.4273,12.1944,12.3404,76460000
1998-02-12,12.2720,12.3404,12.1462,12.3256,76658400
1998-02-13,12.3163,12.3256,12.2192,12.2285,42203200
1998-02-17,12.3062,12.3062,11.9475,11.9863,85673600
1998-02-18,12.0057,12.1121,11.9374,12.0057,76608800
1998-02-19,12.0733,12.1167,11.9762,12.0251,73773600
1998-02-20,12.0733,12.0927,11.8698,12.0445,86092000
1998-02-23,12.5686,12.6851,12.3248,12.6742,60401800
1998-02-24,12.9460,13.1897,12.7130,12.7519,118302000
1998-02-25,12.9568,13.1991,12.8978,13.1897,94944400
1998-02-26,13.2767,13.3062,13.1121,13.2767,61388000
1998-02-27,13.2860,13.3544,13.1307,13.1602,47532400
1998-03-02,13.3342,13.3342,12.8978,12.9366,50093600
1998-03-03,12.8295,13.1307,12.8202,13.1214,50753600
1998-03-04,12.8015,13.0143,12.6649,12.7814,71513600
1998-03-05,12.3062,12.6463,12.3062,12.4320,92255600
1998-03-06,12.4708,12.8497,12.4615,12.8497,51404800
1998-03-09,12.8109,12.8109,12.3450,12.3590,52256000
1998-03-10,12.6074,12.6556,12.4133,12.6556,47406400
1998-03-11,12.7332,12.7332,12.3838,12.5298,39838800
1998-03-12,12.8109,12.8295,12.5484,12.7130,47962000
1998-03-13,12.8015,12.8885,12.6649,12.7907,32542400
1998-03-16,12.8015,12.8497,12.6354,12.7332,27979600
1998-03-17,12.6851,12.6851,12.3745,12.4801,53842400
1998-03-18,12.4320,12.7037,12.4025,12.6944,33887600
1998-03-19,12.6556,12.7814,12.6168,12.7332,30299200
1998-03-20,12.7519,12.8885,12.5003,12.7037,56310000
1998-03-23,12.6074,13.1401,12.5873,13.0236,55050000
1998-03-24,13.0733,13.2084,12.9568,13.1897,32281600
1998-03-25,14.0531,14.1214,13.5485,13.7907,124244800
1998-03-26,13.7426,13.9072,13.5873,13.7037,45441200
1998-03-27,13.8777,13.8777,13.5966,13.6354,38924000
1998-03-30,13.6742,13.7612,13.5283,13.6556,27463200
1998-03-31,13.7612,13.9367,13.7426,13.8978,38177200
1998-04-01,13.9460,14.0718,13.7426,14.0329,36835600
1998-04-02,14.0826,14.2767,13.9553,14.1789,41414800
1998-04-03,14.2860,14.4506,14.2084,14.4413,40987600
1998-04-06,14.3823,14.3823,13.8295,13.9662,74232000
1998-04-07,13.8683,14.0718,13.4708,13.5485,62630800
1998-04-08,13.4708,13.8202,13.4506,13.8109,36793200
1998-04-09,13.6556,13.9165,13.5873,13.8202,33619200
1998-04-13,13.7907,13.8202,13.4708,13.7612,33156400
1998-04-14,13.7721,13.9072,13.5873,13.7332,28476800
1998-04-15,13.8590,14.1882,13.8000,14.1882,40498400
1998-04-16,14.0329,14.2954,14.0050,14.2379,39695600
1998-04-17,14.2084,14.3249,14.0236,14.3047,37402800
1998-04-20,14.3435,14.7519,14.3156,14.6929,45535200
1998-04-21,14.7038,14.7519,14.4600,14.7317,51938400
1998-04-22,14.9072,15.3917,14.8482,15.3528,80154000
1998-04-23,15.1013,15.1199,14.6184,14.6743,64215200
1998-04-24,14.5190,14.7131,14.2659,14.3047,51436000
1998-04-27,13.8978,14.0578,13.7426,14.0236,58752000
1998-04-28,14.3047,14.3249,13.8233,13.9553,56668000
1998-04-29,13.9848,14.2084,13.9165,14.0531,50061600
1998-04-30,14.2084,14.2270,13.9273,13.9941,54473600
1998-05-01,14.0050,14.0531,13.6836,13.9165,35996000
1998-05-04,13.8497,13.9553,13.6556,13.6742,37899600
1998-05-05,13.6059,13.9072,13.5096,13.6261,50828000
1998-05-06,13.5873,13.5873,13.3544,13.4118,48110800
1998-05-07,13.3839,13.3932,12.9180,12.9460,78022000
1998-05-08,12.7130,13.3730,12.7130,13.3155,96274800
1998-05-11,13.3730,13.3839,13.0531,13.0826,51474400
1998-05-12,12.9273,13.3155,12.9273,13.3062,64147200
1998-05-13,13.7721,13.7814,13.4320,13.5003,80680400
1998-05-14,13.3342,14.1308,13.3248,13.8109,94774400
1998-05-15,13.9941,14.0050,13.7814,13.8885,48150800
1998-05-18,13.1214,13.4320,13.1214,13.3637,80395600
1998-05-19,13.3248,13.5003,13.2860,13.4320,52234400
1998-05-20,13.3730,13.4894,13.2565,13.3155,35698800
1998-05-21,13.3248,13.5671,13.2767,13.4118,36680000
1998-05-22,13.4506,13.4708,13.2674,13.2860,36129200
1998-05-26,13.2472,13.3839,12.9661,12.9848,44473600
1998-05-27,12.8683,13.3730,12.8683,13.3544,58574400
1998-05-28,13.3155,13.4118,13.2084,13.4025,30746800
1998-05-29,13.4118,13.4320,13.1602,13.1696,34091200
1998-06-01,13.0236,13.1385,12.9071,13.0050,42436800
1998-06-02,13.0531,13.3450,13.0236,13.2767,38570800
1998-06-03,13.3342,13.4227,13.0624,13.0919,36010800
1998-06-04,13.1509,13.3730,12.9848,13.3637,33717600
1998-06-05,13.3342,13.4320,13.1602,13.3932,34431600
1998-06-08,13.2953,13.4025,13.1991,13.3062,18886400
1998-06-09,13.2472,13.5966,13.2379,13.5190,35690400
1998-06-10,13.4506,13.7224,13.3342,13.3544,33290400
1998-06-11,13.4227,13.5283,13.2177,13.2472,41271200
1998-06-12,13.1789,13.3730,13.0438,13.3155,41323600
1998-06-15,13.1509,13.5578,13.1307,13.3450,42846000
1998-06-16,13.4025,13.9662,13.2767,13.9553,61138400
1998-06-17,13.9662,14.3435,13.9367,14.1401,76147600
1998-06-18,14.1013,14.2472,14.0329,14.1603,39228400
1998-06-19,14.4211,14.7131,14.3637,14.7038,91226800
1998-06-22,14.7131,14.8979,14.5485,14.8777,48969600
1998-06-23,14.8777,15.6634,14.7907,15.6448,124675200
1998-06-24,15.7907,16.3234,15.5190,16.2954,105724800
1998-06-25,16.4398,16.5951,15.7411,15.7706,88969600
1998-06-26,15.8777,16.2457,15.8389,16.2178,55680400
1998-06-29,16.3824,16.7224,16.3436,16.6836,65906000
1998-06-30,16.3436,16.8575,16.2457,16.8280,77010000
1998-07-01,16.9445,17.0998,16.6448,16.9833,53470400
1998-07-02,16.8964,16.9445,16.6339,16.6541,27321200
1998-07-06,16.5951,16.7799,16.3622,16.7411,35307600
1998-07-07,16.7411,16.8575,16.5377,16.7613,32422800
1998-07-08,16.7892,17.0998,16.5765,17.0610,41553600
1998-07-09,17.0811,17.3917,17.0423,17.2364,43690000
1998-07-10,17.2551,17.5858,17.0610,17.5765,45396800
1998-07-13,17.7209,18.3622,17.6433,18.2551,69223200
1998-07-14,18.3622,18.4399,17.9352,18.0905,56972400
1998-07-15,18.0128,18.3234,17.9538,18.2256,48690000
1998-07-16,18.3327,18.4585,18.1091,18.2256,65125200
1998-07-17,18.2458,18.5750,18.0035,18.3141,83108400
1998-07-20,18.3529,18.5563,18.1386,18.1681,45794800
1998-07-21,18.1479,18.4787,17.4694,17.5175,74605200
1998-07-22,17.3917,18.2069,17.3715,18.1293,71654400
1998-07-23,18.0610,18.2458,17.5470,17.5470,51029600
1998-07-24,17.6635,17.9538,17.4694,17.6728,60366400
1998-07-27,17.5656,18.1293,17.1883,18.1293,58998000
1998-07-28,18.0128,18.1479,17.3917,17.4305,78378400
1998-07-29,17.5858,17.7411,17.0905,17.1883,59738000
1998-07-30,17.3824,17.6433,17.1976,17.6153,72746400
1998-07-31,17.5377,17.6277,17.0718,17.0718,53705200
1998-08-03,16.9445,17.2162,16.6728,16.8389,73566400
1998-08-04,16.8669,17.0221,16.1790,16.2271,91412000
1998-08-05,16.1681,16.4988,15.7612,16.1976,120208800
1998-08-06,16.1106,16.6060,16.0904,16.5951,68308000
1998-08-07,16.6836,16.6929,16.3140,16.4398,54972400
1998-08-10,16.4305,16.5082,16.2178,16.2178,46763200
1998-08-11,15.9740,16.2069,15.8389,16.0625,60976400
1998-08-12,16.1976,16.3342,15.9942,16.3140,53760000
1998-08-13,16.1681,16.4600,16.1106,16.1401,51193200
1998-08-14,16.2566,16.3140,16.0718,16.1883,29566400
1998-08-17,16.0718,16.6728,15.9942,16.6634,54073200
1998-08-18,16.7504,17.3622,16.6728,17.2752,70591200
1998-08-19,17.4305,17.5082,17.1200,17.1681,55709600
1998-08-20,17.0998,17.5082,17.0330,17.4787,49970400
1998-08-21,17.2551,17.3715,16.8870,17.1774,59523600
1998-08-24,17.1293,17.3917,17.0811,17.1386,26319200
1998-08-25,17.2939,17.6541,17.2551,17.5175,58026800
1998-08-26,17.2752,17.6635,17.2162,17.4787,44804400
1998-08-27,17.1681,17.5082,16.8482,16.9647,74874000
1998-08-28,16.8094,17.0221,16.2659,16.3436,72730000
1998-08-31,16.2845,16.5377,14.8684,14.8979,132690400
1998-09-01,14.7907,15.8001,14.6743,15.7224,140112400
1998-09-02,15.8094,16.1883,15.5671,15.6153,63438400
1998-09-03,15.3342,15.6448,15.2752,15.4119,67506800
1998-09-04,15.4802,15.5671,14.9258,15.0035,50890400
1998-09-08,15.5283,15.8482,15.3823,15.8342,60625600
1998-09-09,15.8777,16.2178,15.7799,15.8777,65480800
1998-09-10,15.5283,15.7022,15.3249,15.6448,60758000
1998-09-11,15.7022,16.2457,15.5469,16.1883,58989200
1998-09-14,16.2954,16.6246,16.2845,16.4600,45086800
1998-09-15,16.4398,16.8389,16.3234,16.8187,49367600
1998-09-16,16.7504,16.8482,16.4786,16.8001,42886800
1998-09-17,16.3529,16.5377,16.2752,16.2954,45178400
1998-09-18,16.4212,16.4988,16.1976,16.3622,47361600
1998-09-21,15.9165,16.7799,15.8963,16.7504,45872000
1998-09-22,16.8389,17.0610,16.5765,16.9554,43082000
1998-09-23,17.0221,17.6821,16.8482,17.6433,65263600
1998-09-24,17.5656,17.7986,16.9259,17.0998,63521600
1998-09-25,16.9445,17.5656,16.8669,17.5563,47878400
1998-09-28,17.5470,17.7597,17.0423,17.2846,41405200
1998-09-29,17.3622,17.7023,17.2939,17.5268,48743200
1998-09-30,17.4398,17.6340,17.0858,17.0905,38875600
1998-10-01,16.7799,17.0035,16.1494,16.1588,65442400
1998-10-02,16.0516,16.3342,15.6836,16.1681,65889600
1998-10-05,15.9165,15.9740,14.9848,15.7131,114937600
1998-10-06,15.9165,16.0904,15.1199,15.1587,76550000
1998-10-07,15.1199,15.4895,14.4988,14.6152,90710400
1998-10-08,14.0624,14.2659,13.6261,14.1603,144719200
1998-10-09,14.4708,15.0625,14.3249,15.0423,72661600
1998-10-12,15.4119,15.6836,15.2954,15.4895,51502800
1998-10-13,15.4507,15.4895,14.8684,14.9755,47995600
1998-10-14,14.8870,15.7411,14.8870,15.5578,62403200
1998-10-15,15.5469,16.4010,15.4693,16.3731,66253600
1998-10-16,16.4600,16.5377,16.1494,16.3140,68620000
1998-10-19,16.1681,16.1790,15.7022,15.9848,60177600
1998-10-20,16.0330,16.0516,15.4693,15.5671,94368400
1998-10-21,16.2845,16.5951,16.0035,16.5283,125377200
1998-10-22,16.4600,17.0998,16.3436,17.0811,81910800
1998-10-23,16.9259,17.0811,16.4895,16.5175,59882000
1998-10-26,16.5858,16.7706,16.4119,16.6246,59678400
1998-10-27,16.7318,16.7504,16.3047,16.3731,65434800
1998-10-28,16.2845,16.5563,16.2845,16.4119,56808400
1998-10-29,16.3731,16.6929,16.3731,16.5563,52402800
1998-10-30,16.6541,16.8001,16.3234,16.4398,59322800
1998-11-02,16.5175,16.5951,16.3047,16.4305,48388400
1998-11-03,16.3824,16.5470,16.2659,16.3342,36546800
1998-11-04,16.4305,16.6634,16.2845,16.3824,67459600
1998-11-05,16.3529,16.7116,16.3436,16.5175,76727200
1998-11-06,16.4693,17.0423,16.4507,16.9740,74461200
1998-11-09,16.9554,17.2939,16.8964,17.1883,68956800
1998-11-10,17.0998,17.6153,17.0905,17.4010,72075600
1998-11-11,17.6153,17.8187,17.2162,17.2457,63899200
1998-11-12,17.1200,17.2551,16.8482,16.8870,38526800
1998-11-13,16.8389,17.1588,16.8280,17.0811,28368800
1998-11-16,17.2846,17.3529,16.6929,16.8964,42620400
1998-11-17,16.9259,17.4492,16.9165,17.3715,58744000
1998-11-18,17.0128,17.2457,16.9445,17.0423,41691200
1998-11-19,16.9352,17.4694,16.9352,17.3529,45220800
1998-11-20,17.5082,17.6635,17.2752,17.6433,48405200
1998-11-23,17.4694,18.6635,17.4694,18.5082,110870400
1998-11-24,18.4306,19.4197,18.4197,18.8964,101114800
1998-11-25,19.0517,19.3126,18.7504,19.2939,41394000
1998-11-27,19.4290,19.8964,19.3032,19.8856,26335600
1998-11-30,20.0905,20.2287,18.9352,18.9445,70900000
1998-12-01,18.6728,20.1480,18.6526,20.1092,86330800
1998-12-02,20.0610,20.1480,19.4880,19.6821,65759600
1998-12-03,19.7008,20.0222,18.9445,18.9632,51426800
1998-12-04,19.4011,19.7784,19.2551,19.7784,44352000
1998-12-07,19.8281,20.7691,19.6821,20.7396,89809200
1998-12-08,20.6340,20.8468,20.1480,20.3716,77585200
1998-12-09,20.5176,20.7784,20.1868,20.7505,44781600
1998-12-10,20.6728,20.9058,20.4011,20.4290,57015600
1998-12-11,20.3421,20.9151,20.3033,20.8079,51728800
1998-12-14,20.6138,20.7691,19.8281,19.8669,64077600
1998-12-15,20.0797,20.4974,20.0703,20.4787,51719600
1998-12-16,20.5750,20.9834,20.0517,20.7691,60024000
1998-12-17,20.8374,20.9446,20.5362,20.8669,46963600
1998-12-18,20.9632,21.4679,20.8281,21.3996,59648000
1998-12-21,21.5269,22.0797,21.3903,21.8080,48112000
1998-12-22,21.8173,21.8173,21.3328,21.4974,41350000
1998-12-23,21.7986,22.3313,21.6434,22.2924,34940000
1998-12-24,22.3033,22.3608,21.9726,22.0114,13832400
1998-12-28,22.2055,22.3033,21.9726,22.1092,23636400
1998-12-29,22.1372,22.1372,21.6822,21.8173,29651600
1998-12-30,21.8763,22.2614,21.5657,21.5844,34942800
1998-12-31,21.6139,21.7396,21.4291,21.5362,23834400
1999-01-04,21.6791,22.5549,21.6434,21.8949,69305200
1999-01-05,22.0316,22.9819,21.9632,22.7490,64281600
1999-01-06,23.2148,23.5254,22.7878,23.4866,69064800
1999-01-07,23.2537,23.3903,23.0207,23.3701,51150400
1999-01-08,23.6325,23.6807,22.8266,23.2738,50244800
1999-01-11,23.4291,23.4384,22.3996,22.9043,46463200
1999-01-12,23.0021,23.0021,21.8949,22.0797,57907200
1999-01-13,21.1185,22.9431,21.1185,22.3313,75346000
1999-01-14,22.5549,22.6030,21.9726,22.0114,59214000
1999-01-15,22.1962,23.2925,21.9539,23.2537,59344000
1999-01-19,23.5068,24.5937,23.4291,24.1667,102741600
1999-01-20,25.9230,26.0487,25.2304,25.2537,125481200
1999-01-21,25.1170,25.3593,24.4959,24.5829,80077200
1999-01-22,24.1667,24.8810,24.1077,24.2630,82160000
1999-01-25,25.1077,25.3593,24.7102,25.1372,103076400
1999-01-26,25.6994,26.6699,25.5441,26.6404,120203200
1999-01-27,26.7863,27.0876,26.1652,26.1854,98048000
1999-01-28,26.6699,27.0286,26.3686,27.0193,78838400
1999-01-29,27.1357,27.1947,26.5348,27.1745,79571600
1999-02-01,27.2429,27.3205,26.5239,26.8547,81729200
1999-02-02,26.7863,26.7957,25.8158,26.0301,91965600
1999-02-03,25.8360,26.3795,25.7770,25.9028,73749200
1999-02-04,26.1078,26.1466,24.6714,24.6993,89151600
1999-02-05,24.8841,25.0984,24.0503,24.8453,127945200
1999-02-08,25.2428,25.7087,25.0984,25.6605,109866800
1999-02-09,25.6124,25.8935,24.8065,24.8546,77293600
1999-02-10,24.8267,25.5254,24.6326,24.9431,73694000
1999-02-11,25.2723,25.4478,24.9043,25.2723,60366000
1999-02-12,25.1077,25.4183,24.3996,24.4959,62930400
1999-02-16,24.8065,24.8267,24.0006,24.2630,73666800
1999-02-17,23.7490,23.9338,23.0595,23.2925,101215600
1999-02-18,23.4384,23.5068,22.3577,22.6325,117035200
1999-02-19,22.8949,23.1760,22.6325,22.9431,73085600
1999-02-22,23.0207,23.1372,22.4772,23.1077,92514400
1999-02-23,23.7490,24.1667,23.3701,24.1372,95106800
1999-02-24,24.2925,24.7490,23.7195,23.7397,67696800
1999-02-25,23.6620,23.8748,23.2350,23.8360,70817200
1999-02-26,23.6620,23.6807,23.2148,23.3127,59273200
1999-03-01,23.2241,23.6900,23.2148,23.5642,58332000
1999-03-02,23.5844,23.9338,22.9245,23.0689,58569600
1999-03-03,23.1372,23.3996,22.8359,23.2350,76798400
1999-03-04,23.4679,23.8360,23.0021,23.6419,61696400
1999-03-05,24.0301,24.1279,23.7785,24.0596,47302800
1999-03-08,24.1465,24.7257,24.0689,24.6900,46726000
1999-03-09,24.8267,25.5829,24.8065,25.1264,90129600
1999-03-10,25.2040,25.2335,24.7195,25.0596,53114800
1999-03-11,25.0006,25.5534,24.7382,25.0689,62948400
1999-03-12,25.2537,25.2723,24.3499,24.8748,73395200
1999-03-15,24.9323,25.7770,24.5161,25.7584,60609600
1999-03-16,25.6994,26.3981,25.5053,26.2522,68554000
1999-03-17,26.2522,26.3112,25.8935,25.9525,44919600
1999-03-18,25.8453,26.7957,25.8065,26.7770,56231200
1999-03-19,27.0006,27.0395,26.3795,26.5829,91980400
1999-03-22,26.8547,27.1652,26.7087,26.8345,55719200
1999-03-23,26.8158,27.0395,25.8158,25.8640,69581200
1999-03-24,25.9323,26.6792,25.3313,26.5922,82634400
1999-03-25,26.8733,27.9603,26.7863,27.9416,109447600
1999-03-26,27.7864,28.0100,27.2910,27.6606,94687600
1999-03-29,27.9882,28.7646,27.2895,28.6870,39888500
1999-03-30,28.9976,29.0379,28.6497,28.8827,67502400
1999-03-31,29.3485,29.3858,27.6777,27.8330,58752600
1999-04-01,28.3392,28.8423,28.0348,28.7864,41106000
1999-04-05,29.2895,29.5100,29.0379,29.4852,39848600
1999-04-06,29.5628,29.6963,28.9603,29.2119,39674800
1999-04-07,29.4634,29.5038,28.3392,28.9789,46910200
1999-04-08,28.9603,29.3858,28.2615,29.3671,38637000
1999-04-09,29.2709,29.5038,28.8827,29.2709,31816800
1999-04-12,28.4541,29.0752,28.3764,28.8827,37858800
1999-04-13,28.9199,28.9199,27.6994,27.9882,46746800
1999-04-14,28.2025,28.2988,26.6683,26.6683,52944000
1999-04-15,27.1155,27.9106,26.0472,27.6000,72594600
1999-04-16,27.6590,27.6777,26.6683,26.9013,44774000
1999-04-19,26.9789,27.3671,24.9602,25.1559,75389000
1999-04-20,25.5441,26.0876,24.8453,25.8143,108459400
1999-04-21,25.5037,25.6217,24.8453,25.4664,92732800
1999-04-22,26.3981,26.4758,25.8919,26.3795,55096400
1999-04-23,26.3981,27.0193,25.7770,26.7087,56592000
1999-04-26,27.0783,27.6218,26.9416,27.3298,48349800
1999-04-27,27.5628,27.5628,26.0689,26.0876,58665800
1999-04-28,26.4944,26.8640,25.3795,25.5037,55963400
1999-04-29,25.5813,25.9913,24.9726,25.4851,60880600
1999-04-30,25.6994,26.0099,24.8049,25.2521,58558600
1999-05-03,25.2925,25.3112,24.3981,24.8049,67180000
1999-05-04,25.0006,25.4074,24.1465,24.2428,66502200
1999-05-05,24.5720,24.8049,23.7397,24.5720,67028200
1999-05-06,25.0596,25.1931,24.0689,24.2055,74021000
1999-05-07,24.7273,24.9602,24.2242,24.5534,48011600
1999-05-10,24.8049,25.0006,24.3018,24.7490,46218000
1999-05-11,25.0782,25.1621,24.6714,24.8049,42786200
1999-05-12,25.0782,25.1559,24.6124,25.0006,60142600
1999-05-13,25.1931,25.3888,24.5720,24.5720,51737200
1999-05-14,24.4944,24.8267,23.7956,23.8732,84401000
1999-05-17,24.0285,24.7087,23.9136,24.5720,66850200
1999-05-18,24.7863,24.9229,24.2055,24.4385,63858400
1999-05-19,24.8049,24.8049,23.9912,24.6310,46510800
1999-05-20,24.7087,24.8453,24.3391,24.3608,42386200
1999-05-21,24.3795,24.5347,23.9136,24.0875,56568800
1999-05-24,24.1838,24.1838,23.6217,23.9912,38990000
1999-05-25,23.8360,24.6124,23.6403,23.6807,50791600
1999-05-26,23.9726,24.3795,23.4478,24.3795,52022800
1999-05-27,24.3018,24.6714,24.0689,24.3391,56702200
1999-05-28,24.4571,25.1155,24.2614,25.0596,41548000
1999-06-01,25.0379,25.0782,24.3608,24.3795,36046400
1999-06-02,24.2428,24.4167,23.6807,24.3608,42812600
1999-06-03,24.3391,24.5161,23.6403,23.7179,32934400
1999-06-04,23.8950,24.7490,23.8360,24.7087,35668200
1999-06-07,24.8267,25.1745,24.5937,24.9229,32392200
1999-06-08,24.8049,25.5037,24.5347,24.6496,41516400
1999-06-09,24.8826,25.6590,24.8453,25.5627,53310800
1999-06-10,25.4261,25.5627,24.5534,24.8049,35277400
1999-06-11,24.8453,25.0006,24.0875,24.2614,34543000
1999-06-14,24.4571,24.7490,24.0503,24.0875,28369800
1999-06-15,24.2428,24.4944,23.8173,24.1279,36981000
1999-06-16,24.5534,25.3484,24.5161,25.1559,48325200
1999-06-17,25.0596,25.7770,25.0006,25.7366,44475200
1999-06-18,25.5627,26.3981,25.5037,26.3981,69116200
1999-06-21,26.3578,27.6404,26.3578,27.6218,56194400
1999-06-22,27.4665,27.4665,26.7863,26.8640,38751000
1999-06-23,26.6901,27.1342,26.4168,26.7087,33942000
1999-06-24,26.6311,26.7863,26.0876,26.2801,33559000
1999-06-25,26.5130,26.8453,26.2025,26.3795,24933000
1999-06-28,26.5534,26.9603,26.3795,26.9416,31701000
1999-06-29,26.9230,27.3485,26.7087,27.3298,38973200
1999-06-30,27.2522,28.0286,26.9416,28.0100,57610200
1999-07-01,27.9106,28.4168,27.4447,28.3205,47737800
1999-07-02,28.2212,28.6094,28.0472,28.5721,32094800
1999-07-06,28.6497,28.8640,27.7180,27.8143,45419400
1999-07-07,27.9696,28.6684,27.9106,28.6684,33834600
1999-07-08,28.5131,28.8827,28.1653,28.7460,37790400
1999-07-09,28.6870,28.9789,28.6497,28.9603,33884200
1999-07-12,28.9417,29.4262,28.6870,29.2522,43847800
1999-07-13,28.9199,29.2119,28.8237,29.0752,30845000
1999-07-14,29.1156,29.5038,28.7274,29.4852,37985200
1999-07-15,29.5038,29.5814,29.1156,29.3081,40926200
1999-07-16,29.6591,31.0163,29.5038,30.8827,115369800
1999-07-19,31.0566,31.2896,30.3765,30.5504,81181600
1999-07-20,29.9510,30.0473,28.6684,28.9789,92287400
1999-07-21,29.0752,29.6001,28.8827,29.4075,54050800
1999-07-22,29.3081,29.3485,27.9510,28.2802,60904200
1999-07-23,28.4354,28.4945,27.8547,28.0286,68833200
1999-07-26,27.6000,27.8920,27.2118,27.2118,50885000
1999-07-27,27.5814,27.8733,27.3298,27.5814,65513000
1999-07-28,27.6994,28.1062,27.4447,27.9510,62215200
1999-07-29,27.5441,27.5814,26.8050,27.0006,57968200
1999-07-30,27.2118,27.5224,26.5534,26.6497,51127400
1999-08-02,26.6124,27.0006,26.2025,26.3391,48050600
1999-08-03,26.6683,26.7273,26.2025,26.3205,55051200
1999-08-04,26.4354,27.0783,26.3205,26.3795,75573400
1999-08-05,26.5130,26.8236,26.3205,26.6311,76634000
1999-08-06,26.7273,26.8453,26.3795,26.4354,67205800
1999-08-09,26.5907,26.6497,25.9913,26.0286,39333600
1999-08-10,25.9509,26.1062,25.3484,25.7584,62743000
1999-08-11,26.0876,26.3019,25.5627,26.1466,66105200
1999-08-12,26.0689,26.1466,25.3484,25.3888,61062000
1999-08-13,25.7584,26.5907,25.6994,26.3019,65099800
1999-08-16,26.4168,26.6745,25.5627,26.1838,57321800
1999-08-17,26.5348,26.5534,25.7584,26.2615,51749000
1999-08-18,26.2242,26.7677,26.1062,26.3981,58361200
1999-08-19,26.2615,26.4354,25.8143,26.0286,71478200
1999-08-20,26.0876,26.3298,25.7956,25.8919,46072800
1999-08-23,26.1838,26.9013,26.0472,26.8453,60447000
1999-08-24,27.0379,29.0379,27.0379,28.6311,120450000
1999-08-25,29.0752,29.8144,28.9417,29.6001,81877600
1999-08-26,29.6187,29.9293,29.0970,29.3858,61246000
1999-08-27,29.5224,29.5411,28.6870,28.9603,41948400
1999-08-30,28.8423,29.0193,28.4354,28.6497,33300800
1999-08-31,28.5131,28.9199,27.9882,28.7460,46882800
1999-09-01,28.6684,29.0193,28.4541,28.6870,36607200
1999-09-02,28.4168,28.7460,28.1653,28.5131,33340800
1999-09-03,29.1156,29.9510,29.0379,29.7740,52098000
1999-09-07,29.4634,30.0287,29.1156,29.2709,47028000
1999-09-08,29.0970,29.4075,28.5907,28.6497,42568200
1999-09-09,28.7087,29.2367,28.5100,29.2119,38475200
1999-09-10,29.5224,29.6001,29.1932,29.5038,34455000
1999-09-13,29.3485,29.4448,28.9976,29.1529,27870800
1999-09-14,29.0970,29.6777,29.0752,29.5224,40207800
1999-09-15,29.6591,29.7367,28.6870,28.7646,48413800
1999-09-16,28.8423,29.2119,28.1435,29.1932,45796000
1999-09-17,29.3081,29.9696,29.1342,29.9510,79773400
1999-09-20,29.8144,30.3951,29.5038,30.2988,48601800
1999-09-21,29.9883,29.9883,29.2305,29.3858,47082800
1999-09-22,29.4262,30.0069,29.0970,29.8330,48531600
1999-09-23,30.0846,30.0846,27.9572,28.3205,71073600
1999-09-24,28.0100,28.3764,27.6000,28.2429,70277000
1999-09-27,28.5721,28.8640,28.2212,28.3982,34132200
1999-09-28,28.3392,28.7864,27.6590,28.6094,46000600
1999-09-29,28.4354,28.6094,27.6777,27.7957,37484400
1999-09-30,27.9510,28.4758,27.5814,28.1249,47455400
1999-10-01,28.0100,28.1435,27.4261,27.9448,44239000
1999-10-04,28.1062,28.7646,28.0286,28.7460,29998000
1999-10-05,28.8050,29.1529,27.7957,28.5131,43397000
1999-10-06,28.6684,29.1932,28.5907,29.0970,35500200
1999-10-07,29.0970,29.5224,28.7864,29.1156,46036400
1999-10-08,29.0379,29.5628,28.6094,29.4852,35697000
1999-10-11,29.3858,29.5038,29.2305,29.2895,19943800
1999-10-12,29.1932,29.2895,28.6870,28.7460,27668600
1999-10-13,28.5721,28.9199,28.0472,28.2802,38098400
1999-10-14,28.2212,28.6435,27.8547,28.1653,42737800
1999-10-15,27.7957,27.8920,27.1155,27.3485,73788000
1999-10-18,27.0783,27.3298,26.4168,27.2895,75312800
1999-10-19,27.4075,27.7180,26.4758,26.8050,69945600
1999-10-20,28.4354,28.6870,28.0286,28.6497,88090600
1999-10-21,28.1249,28.9199,28.1062,28.9013,60801200
1999-10-22,29.0566,29.1529,28.4945,28.7864,43650600
1999-10-25,28.5721,29.0566,28.2988,28.7087,30492200
1999-10-26,29.3081,29.5814,28.6560,28.6870,52467600
1999-10-27,28.4168,28.4541,27.8547,28.2212,54416600
1999-10-28,27.9510,28.2212,27.7367,27.9106,70570400
1999-10-29,28.3982,29.1932,28.3392,28.7460,79452600
1999-11-01,28.9603,29.2522,28.6094,28.6870,53261200
1999-11-02,28.8050,29.3485,28.5535,28.7460,46349000
1999-11-03,28.8640,29.0379,28.4168,28.5721,44517000
1999-11-04,28.6684,28.8050,28.0472,28.4945,54239400
1999-11-05,28.5131,28.8423,28.1062,28.4354,70167400
1999-11-08,26.3391,28.1839,26.2025,27.9323,243819200
1999-11-09,27.8733,27.9106,26.8453,27.6000,109769800
1999-11-10,27.3671,27.6777,26.8453,27.0565,69385400
1999-11-11,27.4075,28.0876,27.4075,27.8330,69274600
1999-11-12,27.8733,27.9510,27.0379,27.6994,49414200
1999-11-15,27.4075,27.4851,27.0006,27.0193,47080400
1999-11-16,27.0006,27.2522,26.6683,27.1155,59165200
1999-11-17,26.8453,27.0379,26.3981,26.3981,66819000
1999-11-18,26.3795,26.6497,26.2429,26.3795,64493200
1999-11-19,26.2242,26.8826,26.2025,26.7087,58226000
1999-11-22,27.8330,28.0659,27.4665,27.8920,90596600
1999-11-23,27.7180,28.3764,27.4447,27.8330,70787400
1999-11-24,27.8143,28.6497,27.7957,28.4758,53771000
1999-11-26,28.4541,28.9976,28.2615,28.2988,28514200
1999-11-29,27.9882,28.5907,27.7957,28.0100,51460200
1999-11-30,27.8733,28.8423,27.8143,28.2771,64145600
1999-12-01,28.2802,29.1746,28.2212,28.9417,48864200
1999-12-02,28.9013,29.5814,28.8423,29.4448,55473800
1999-12-03,29.7554,30.1622,29.7305,29.8516,64100600
1999-12-06,29.5814,30.1839,29.4262,29.6404,49098200
1999-12-07,29.4262,29.4634,28.8423,28.8827,56859200
1999-12-08,28.9199,29.2895,28.4758,28.4945,40955800
1999-12-09,28.5721,28.9789,28.3982,28.8050,46258200
1999-12-10,28.9976,29.2305,28.6497,29.1529,36836000
1999-12-13,29.0721,30.1063,28.8050,30.0069,52691600
1999-12-14,29.8734,31.4045,29.6001,30.6498,144116200
1999-12-15,30.6094,33.7741,30.5908,33.6778,155571600
1999-12-16,33.9294,35.7151,33.8331,35.3083,128660200
1999-12-17,36.2182,36.3735,35.2865,35.7928,105898800
1999-12-20,35.6561,35.7151,34.5319,35.0163,39433800
1999-12-21,34.8983,36.2182,34.3548,35.9853,57446000
1999-12-22,36.1189,36.6468,35.7524,36.5102,38565200
1999-12-23,36.4139,37.0350,36.2586,36.4729,31028400
1999-12-27,36.7835,37.0350,36.0630,36.9947,32202200
1999-12-28,36.8797,36.8984,36.3549,36.4915,24591000
1999-12-29,36.3176,36.7617,36.2772,36.6282,17449200
1999-12-30,36.6064,37.2493,36.3735,36.5288,22360000
1999-12-31,36.4915,36.5692,36.1033,36.2586,12517600
2000-01-03,36.4512,36.8394,34.7834,36.1996,53228400
2000-01-04,35.2679,36.3735,34.8611,34.9760,54119000
2000-01-05,34.5101,36.1406,33.9666,35.3455,64059600
2000-01-06,34.8424,35.3642,33.6561,34.1623,54976600
2000-01-07,33.7337,34.8611,33.3269,34.6095,62013600
2000-01-10,35.2306,35.3083,34.5878,34.8611,44963600
2000-01-11,34.6281,35.4822,33.7554,33.9666,46743600
2000-01-12,33.6964,33.8114,32.4355,32.8610,66532400
2000-01-13,32.4138,33.7337,31.5225,33.4822,83144000
2000-01-14,33.2896,35.3859,32.8424,34.8611,73416400
2000-01-18,34.7244,36.1810,34.7058,35.8114,81483600
2000-01-19,34.3176,34.6281,32.9200,33.2306,97568200
2000-01-20,33.2492,34.0660,32.8797,32.9200,56349800
2000-01-21,33.2306,33.3082,32.0660,32.2213,68416200
2000-01-24,32.2368,32.8238,31.3082,31.4448,63597600
2000-01-25,31.3672,32.2585,30.9200,31.9293,59823200
2000-01-26,31.8144,32.1436,30.7833,30.8610,49365000
2000-01-27,31.0225,31.4262,30.2026,30.6684,63654800
2000-01-28,30.4728,31.1343,30.2026,30.5131,58225400
2000-01-31,30.3175,30.4945,29.4634,30.3951,73194200
2000-02-01,30.5908,32.0660,30.3392,31.9697,70196600
2000-02-02,31.8144,32.2803,31.2119,31.3082,49915600
2000-02-03,31.6964,32.3579,31.0939,32.1809,49186000
2000-02-04,32.4138,33.5412,32.3424,33.0939,55365400
2000-02-07,33.1716,33.1902,32.3765,33.1126,40005800
2000-02-08,33.0567,34.1623,33.0567,34.1437,56229000
2000-02-09,33.9884,33.9884,32.2585,32.2989,55090000
2000-02-10,32.2647,33.0939,31.8330,32.9200,54527800
2000-02-11,32.5691,32.5691,30.7833,31.0380,115559000
2000-02-14,31.4386,31.6001,30.7647,30.9386,81028600
2000-02-15,30.9790,31.0566,30.4728,30.6094,71027600
2000-02-16,30.8237,31.1156,30.1622,30.3175,65202600
2000-02-17,30.5908,30.9604,30.1684,30.9386,80343400
2000-02-18,31.0566,31.0753,29.4634,29.5224,79063000
2000-02-22,29.5411,30.1622,28.8237,29.1342,66296200
2000-02-23,29.0379,29.7367,28.5907,29.2709,75847200
2000-02-24,29.2709,29.7740,28.5721,29.4262,69733200
2000-02-25,29.4075,29.4106,28.1062,28.3578,65301400
2000-02-28,28.0286,28.6094,27.3671,28.4354,76131800
2000-02-29,28.4945,28.4945,27.6000,27.7553,58437400
2000-03-01,27.8330,29.2212,27.6218,28.2025,106889800
2000-03-02,28.5131,29.6187,28.2988,28.9976,106932600
2000-03-03,29.4262,30.7057,29.1529,29.8516,101435200
2000-03-06,29.8144,30.2398,27.9882,28.1435,93609400
2000-03-07,29.8516,30.2802,28.5535,28.8423,135061000
2000-03-08,29.1342,29.8734,28.2615,29.6777,94290000
2000-03-09,29.6001,31.0566,29.5038,31.0566,88198800
2000-03-10,30.9200,31.8330,30.9013,31.3672,85589000
2000-03-13,30.3175,31.1343,30.2802,30.4355,61831800
2000-03-14,30.6280,30.8237,29.5411,29.5411,73489200
2000-03-15,29.3671,30.0069,29.0970,29.6187,53208000
2000-03-16,29.7957,30.0287,28.9603,29.6187,77300800
2000-03-17,29.5814,30.9013,29.3485,30.8610,81161600
2000-03-20,30.6684,30.9790,29.9696,30.2398,47773000
2000-03-21,30.0473,32.0256,29.9696,31.9107,81648800
2000-03-22,31.9293,32.8020,31.4045,32.0660,93975800
2000-03-23,33.1716,35.0536,33.1126,34.7430,148224000
2000-03-24,34.9760,35.7151,34.0256,34.6871,112196800
2000-03-27,33.4697,33.6188,32.2803,32.3175,111434000
2000-03-28,32.1809,33.3672,31.7927,32.3952,81114400
2000-03-29,32.6685,33.8331,32.6467,33.2896,64363800
2000-03-30,32.9790,33.7337,31.8330,32.1032,64178400
2000-03-31,32.9200,33.6188,32.3362,32.9977,64281400
2000-04-03,29.3299,29.9696,27.9510,28.2212,260118200
2000-04-04,28.4354,28.5721,26.3795,27.5037,181244400
2000-04-05,27.4075,27.4851,26.6683,26.8236,82887600
2000-04-06,27.2895,27.3298,26.4820,26.7087,66421400
2000-04-07,27.0193,27.7553,26.3981,27.6590,82613600
2000-04-10,27.5224,27.5224,26.7087,26.7273,60685400
2000-04-11,26.4354,26.7273,25.9323,26.0472,71961800
2000-04-12,25.5037,25.5441,24.4571,24.6496,153003800
2000-04-13,25.1155,25.5441,24.5347,24.6124,94316200
2000-04-14,24.5720,24.6900,22.7490,23.0192,151217800
2000-04-17,23.0595,23.6030,22.6713,23.5627,119772200
2000-04-18,23.7583,25.4478,23.5627,25.0192,91794600
2000-04-19,25.2925,25.3112,24.2614,24.4385,53715400
2000-04-20,24.4167,24.8049,24.0689,24.5161,52387400
2000-04-24,20.8856,21.1185,20.1868,20.6899,313645800
2000-04-25,21.3514,21.5844,21.0005,21.5440,159517400
2000-04-26,21.7396,22.0875,20.9229,21.1185,107091200
2000-04-27,20.9446,21.7210,20.9229,21.6806,77669800
2000-04-28,21.9726,22.0502,21.1961,21.6620,78082600
2000-05-01,22.6310,22.9819,22.2645,22.8080,107811000
2000-05-02,22.6123,22.8266,21.5844,21.6993,97716200
2000-05-03,21.8545,21.9912,21.3701,21.9136,55354800
2000-05-04,21.8359,22.1278,21.5253,21.8763,43317200
2000-05-05,21.8173,22.3018,21.6993,22.0875,36402200
2000-05-08,22.0316,22.1651,21.6434,21.6806,36187600
2000-05-09,21.7986,21.8763,20.9632,21.0595,60778400
2000-05-10,21.0409,21.0781,20.4197,20.5564,67740000
2000-05-11,20.6899,21.1558,20.4197,21.0781,58390800
2000-05-12,21.2552,21.6620,21.1961,21.3701,37886000
2000-05-15,21.4291,21.5657,21.1185,21.5440,33899600
2000-05-16,21.6030,21.9322,21.4477,21.5844,48410600
2000-05-17,21.3887,21.4663,20.8856,21.0222,53242000
2000-05-18,21.1371,21.1371,20.4570,20.5564,53640400
2000-05-19,20.3017,20.4787,20.0315,20.2054,66578000
2000-05-22,20.2241,20.2644,19.3918,19.9352,69955000
2000-05-23,19.8390,20.3607,19.5843,19.6247,57963200
2000-05-24,19.6060,20.6713,19.5657,20.3607,85482400
2000-05-25,20.0502,20.1092,18.9849,19.0998,94348800
2000-05-26,19.2737,19.4508,18.7520,19.0812,55822000
2000-05-30,19.3918,19.9135,19.2551,19.6837,68536400
2000-05-31,19.7644,19.7831,19.2737,19.4290,54968200
2000-06-01,19.9912,20.4974,19.8172,20.0502,94507200
2000-06-02,20.4974,20.7303,20.1868,20.5937,80463200
2000-06-05,20.5036,21.2334,20.4974,20.7676,64400000
2000-06-06,21.1775,21.6993,21.0595,21.6216,99019000
2000-06-07,21.5067,21.9726,20.8452,21.8949,76310600
2000-06-08,22.2241,22.3980,21.1961,21.3701,94765600
2000-06-09,21.6216,21.6434,21.2148,21.3701,35710200
2000-06-12,21.4291,21.4291,20.6123,20.7676,49260600
2000-06-13,20.7303,21.1185,20.5346,21.0781,44289200
2000-06-14,21.6806,22.0502,21.5844,21.8949,79992400
2000-06-15,21.9912,22.5751,21.9322,22.4757,65592600
2000-06-16,22.5533,22.7086,22.2055,22.5347,68710600
2000-06-19,22.5347,22.9229,22.3608,22.8856,46604800
2000-06-20,22.9415,23.3701,22.9043,23.2738,62275000
2000-06-21,23.9136,25.5254,23.8950,25.0596,160399600
2000-06-22,25.2708,25.4664,24.6310,24.8049,87315200
2000-06-23,24.8267,24.8639,23.9136,24.1279,49811600
2000-06-26,24.0689,24.8826,24.0689,24.6900,48287000
2000-06-27,24.6124,24.8826,24.3391,24.4757,31071200
2000-06-28,24.5347,24.8639,24.4167,24.5161,37459200
2000-06-29,24.3018,24.5161,23.9322,23.9726,38449000
2000-06-30,23.9322,24.8453,23.8173,24.8453,52356400
2000-07-03,24.7490,24.8639,24.6496,24.8453,15734800
2000-07-05,24.8049,24.8049,24.3018,24.3795,34824400
2000-07-06,24.4944,25.3702,24.3795,25.1372,47873200
2000-07-07,25.2397,25.7366,25.0192,25.4664,54153200
2000-07-10,25.0596,25.2521,24.6496,24.6714,52689800
2000-07-11,24.4757,25.0006,24.3795,24.5720,37164800
2000-07-12,24.3018,25.1559,23.9726,24.9416,58370200
2000-07-13,24.4757,24.8453,24.0285,24.8267,80843200
2000-07-14,24.6900,24.7677,24.3608,24.5161,51180600
2000-07-17,24.3018,24.7087,24.0689,24.2832,53992800
2000-07-18,24.1062,24.6900,24.0503,24.3795,70617200
2000-07-19,23.6217,24.0689,22.6123,22.7086,139924600
2000-07-20,22.8080,23.3701,22.7086,23.2335,54690600
2000-07-21,23.2148,23.2925,22.3204,22.4570,56100600
2000-07-24,22.3794,22.3980,21.7396,21.9136,56165600
2000-07-25,21.9912,22.0502,21.2334,21.4291,64188600
2000-07-26,21.4477,21.5844,20.8856,21.0595,85404600
2000-07-27,21.0781,21.7769,20.9632,21.5440,74337600
2000-07-28,22.0316,22.3018,21.6216,21.6434,75645600
2000-07-31,21.7986,22.0875,21.5067,21.6806,70283800
2000-08-01,21.7210,21.7583,21.1775,21.3328,47163600
2000-08-02,21.2924,21.8763,21.2738,21.5440,48269200
2000-08-03,21.1775,21.8545,21.1558,21.8173,54543400
2000-08-04,21.5657,21.6993,21.1775,21.4663,38107400
2000-08-07,21.7986,22.0875,21.6620,21.7396,52741800
2000-08-08,21.7583,23.1962,21.7396,23.0192,138038800
2000-08-09,22.9043,23.2521,22.7086,23.0595,63945600
2000-08-10,22.9229,23.0005,22.2831,22.5533,48986000
2000-08-11,22.4974,22.5751,22.2428,22.4974,35629600
2000-08-14,22.4570,22.7862,22.1651,22.4198,53427000
2000-08-15,22.3608,22.6713,22.2055,22.2428,40714200
2000-08-16,22.3204,22.4384,21.9136,22.0502,44976200
2000-08-17,22.0875,22.3608,21.9136,22.2241,36112800
2000-08-18,22.0875,22.1869,21.7396,22.0502,54438800
2000-08-21,21.9539,21.9912,21.7583,21.9322,34119600
2000-08-22,21.9912,22.4974,21.8080,22.1278,54428200
2000-08-23,21.9912,22.0875,21.8545,21.9726,36726800
2000-08-24,21.9322,22.1092,21.7210,22.0875,42405400
2000-08-25,21.9539,22.2645,21.9136,21.9322,52729400
2000-08-28,21.7986,22.3980,21.7769,22.1465,56421600
2000-08-29,22.1092,22.5937,22.0098,22.0316,59400200
2000-08-30,21.9539,22.0316,21.6434,21.7396,53498800
2000-08-31,22.0098,22.3608,21.6434,21.6806,72575400
2000-09-01,21.7396,21.9322,21.6434,21.7986,37629800
2000-09-05,21.7396,21.9539,21.6806,21.7769,50755200
2000-09-06,21.7583,21.9539,21.5253,21.5657,62960800
2000-09-07,21.7396,22.3794,21.5657,21.7583,111711200
2000-09-08,21.8545,22.0098,21.4881,21.5253,56709600
2000-09-11,21.4663,21.6434,21.1371,21.3701,48495200
2000-09-12,21.3514,21.5253,21.0005,21.1558,46781200
2000-09-13,20.9819,21.3514,20.8669,21.1961,40744800
2000-09-14,21.3328,21.3514,20.4011,20.4384,78503000
2000-09-15,20.3235,20.3794,19.6620,19.9352,99915200
2000-09-18,19.9539,20.0688,19.3141,19.5657,69037800
2000-09-19,19.7613,20.4197,19.6837,20.1868,79311200
2000-09-20,20.1464,20.1868,19.6247,19.9539,67791400
2000-09-21,19.8762,20.2241,19.7396,19.9352,48952200
2000-09-22,18.9849,19.7210,18.9445,19.6433,84476600
2000-09-25,19.6433,19.7210,18.7706,19.0222,53484200
2000-09-26,18.9259,20.4570,18.7706,19.4694,155704800
2000-09-27,19.7023,19.7396,18.5750,18.8296,106155600
2000-09-28,18.8855,19.2178,18.8296,19.0408,52360400
2000-09-29,18.9445,19.0408,18.2085,18.7303,74053600
2000-10-02,18.7893,18.8855,18.0905,18.3638,58562400
2000-10-03,18.4973,18.5750,17.5470,17.5656,85374000
2000-10-04,17.5097,17.5656,16.9259,17.2178,136453400
2000-10-05,17.2364,17.7799,17.1588,17.1992,81099400
2000-10-06,17.3327,17.6246,17.0035,17.2551,61794000
2000-10-09,17.2768,17.3141,16.4600,16.8296,58323600
2000-10-10,16.7519,17.2551,16.7116,16.9445,62066200
2000-10-11,16.7706,17.6836,16.7706,17.3141,101205800
2000-10-12,17.4880,17.6650,16.7116,16.8886,90219600
2000-10-13,16.7333,17.0439,16.1898,16.6929,104521200
2000-10-16,16.6153,16.7116,15.3917,15.6463,119759000
2000-10-17,16.1122,16.2861,15.6060,15.6650,81276600
2000-10-18,15.4134,16.5377,15.0438,16.0718,110536400
2000-10-19,18.1495,19.3141,18.0128,19.2178,256993200
2000-10-20,19.0408,20.5346,18.9849,20.2458,160378600
2000-10-23,20.0688,20.5750,18.8483,19.2955,185170400
2000-10-24,19.4508,19.5470,18.6930,19.0998,94427400
2000-10-25,19.2365,19.7023,18.7706,19.0222,167603800
2000-10-26,18.9445,20.2054,18.8855,20.0129,114826600
2000-10-27,20.0905,21.4881,20.0688,21.0222,124292400
2000-10-30,20.9632,21.7769,20.9229,21.4477,110057600
2000-10-31,21.4291,21.5844,21.1185,21.3887,104474000
2000-11-01,21.2738,21.7583,21.2552,21.6216,81309400
2000-11-02,21.8545,22.0005,21.6216,21.8359,77985200
2000-11-03,21.5067,21.6216,21.1371,21.1961,68711000
2000-11-06,21.3328,21.7769,21.1961,21.5844,74851400
2000-11-07,21.6620,22.3204,21.5844,21.8949,104331200
2000-11-08,22.0875,22.4757,21.1185,21.5657,206149400
2000-11-09,21.2738,22.1465,21.2552,22.0098,91058600
2000-11-10,21.7210,21.8359,20.7489,20.9229,93744400
2000-11-13,20.7117,21.1558,20.0036,20.6340,83364800
2000-11-14,21.1185,21.6806,20.9042,21.3701,84218600
2000-11-15,21.4477,22.0098,21.3328,21.7583,60422200
2000-11-16,21.5657,22.2055,21.4104,21.4104,92128600
2000-11-17,21.5657,21.7396,21.0564,21.4477,106525600
2000-11-20,21.1558,21.2738,20.3607,20.8669,80157200
2000-11-21,20.9229,21.5067,20.9229,21.0409,59487600
2000-11-22,20.5160,21.5844,20.4974,21.1961,76343200
2000-11-24,21.4291,21.8763,21.2738,21.7210,34439200
2000-11-27,22.1869,22.4384,21.9322,21.9539,85307600
2000-11-28,21.5440,21.6620,20.7489,20.8079,127446200
2000-11-29,20.7489,20.8452,19.6433,20.2054,98280400
2000-11-30,19.2551,19.2737,17.7023,17.8203,197200800
2000-12-01,18.0315,18.8296,17.4103,17.5874,109809800
2000-12-04,17.7799,18.3234,17.1402,17.5284,80407200
2000-12-05,18.3824,18.7893,18.0905,18.5967,101734400
2000-12-06,18.6340,18.6526,17.4103,17.6060,90560800
2000-12-07,16.5967,16.7706,16.2271,16.5004,145308400
2000-12-08,16.9662,17.3544,16.5967,16.9072,120939800
2000-12-11,17.2364,18.2458,17.0811,18.0315,95576200
2000-12-12,17.9538,18.6340,17.6246,18.1309,63106000
2000-12-13,18.7893,18.7893,17.6433,17.7799,98360400
2000-12-14,17.9942,18.2396,17.1992,17.2364,71201400
2000-12-15,15.8544,16.1494,14.8295,15.2768,116899800
2000-12-18,15.2177,15.5283,14.5966,14.8482,107187400
2000-12-19,14.7333,14.9072,13.8202,13.9165,120271800
2000-12-20,13.2953,13.6649,12.8512,12.8885,149037800
2000-12-21,12.6556,14.0159,12.5189,13.4910,163173000
2000-12-22,13.8978,14.6370,13.8978,14.4227,109551800
2000-12-26,14.5593,15.0811,14.2488,14.5593,66941600
2000-12-27,14.3264,14.5376,13.9755,14.4227,69003800
2000-12-28,14.0159,14.3637,13.6276,13.8388,77619200
2000-12-29,13.6463,14.2270,13.3544,13.4724,99977600
2001-01-02,13.7053,13.9755,13.3171,13.4724,82413200
2001-01-03,13.4134,15.1805,13.3947,14.8885,135962200
2001-01-04,14.8482,15.6836,14.5593,15.0438,112397000
2001-01-05,15.0625,15.4910,14.7705,15.2581,93414600
2001-01-08,15.1991,15.4507,14.5003,15.1991,79817600
2001-01-09,15.5283,16.3451,15.4507,16.0904,114965400
2001-01-10,15.8389,16.7116,15.7612,16.4227,90230200
2001-01-11,16.4600,17.3141,16.2457,17.0811,101854800
2001-01-12,17.0439,17.0811,16.3047,16.6153,73712000
2001-01-16,16.5780,16.6153,15.8793,16.3234,68462400
2001-01-17,16.6557,17.0439,16.3234,16.4414,72844200
2001-01-18,16.6743,17.4507,16.3451,17.2364,109788800
2001-01-19,18.6340,19.0812,18.2861,18.9445,209348800
2001-01-22,18.8669,18.9445,18.3234,18.6744,76673000
2001-01-23,18.5563,18.9259,18.3048,18.8079,70295200
2001-01-24,18.9445,19.7023,18.8669,19.5470,110455000
2001-01-25,19.4880,19.8762,19.1185,19.1961,85657400
2001-01-26,18.9445,19.9725,18.9445,19.8762,93080000
2001-01-29,19.7396,20.0688,19.7210,20.0315,84983800
2001-01-30,20.0315,20.1092,19.5284,19.6837,57276800
2001-01-31,19.5657,19.7986,18.9445,18.9632,81898800
2001-02-01,18.8855,19.4508,18.7520,19.3731,71792800
2001-02-02,19.4104,19.6837,18.8669,18.8855,71100000
2001-02-05,18.8669,19.2737,18.7116,19.2365,51399200
2001-02-06,19.2737,19.8172,19.1588,19.4290,96442000
2001-02-07,19.2551,20.2054,19.1961,20.0905,126061800
2001-02-08,19.7986,20.0315,19.2551,19.3328,88041200
2001-02-09,19.0408,19.1185,18.1681,18.3638,100575200
2001-02-12,18.2644,18.4601,17.7613,18.2458,71289400
2001-02-13,18.5191,18.9632,18.0532,18.0719,76070600
2001-02-14,17.8979,18.3234,17.5097,18.1309,61728400
2001-02-15,18.3234,18.6930,17.9756,18.2644,65627800
2001-02-16,17.7023,18.0905,17.4321,17.7986,66958400
2001-02-20,17.8203,18.0905,17.1992,17.3544,60730800
2001-02-21,17.1588,18.0315,17.1402,17.4694,63947200
2001-02-22,17.4880,17.6433,16.7333,17.1402,100816400
2001-02-23,16.9072,17.8576,16.8669,17.6246,92620600
2001-02-26,17.8979,18.6153,17.8203,18.4973,87936800
2001-02-27,18.4414,19.0036,18.2209,18.4414,99148600
2001-02-28,18.4973,18.6588,18.0719,18.3234,84608400
2001-03-01,18.1868,18.4787,17.4694,18.4352,81781600
2001-03-02,17.8576,18.0532,17.5284,17.6060,79800800
2001-03-05,17.7799,18.2085,17.5656,17.8389,49383600
2001-03-06,18.2085,18.6340,18.1309,18.4601,66781800
2001-03-07,18.5967,18.9849,18.4197,18.8483,59743600
2001-03-08,18.7303,18.8172,18.1495,18.4011,54626000
2001-03-09,17.9942,18.0719,17.0439,17.6060,103794400
2001-03-12,16.9849,17.0811,16.0345,16.1308,114376000
2001-03-13,16.2085,17.0035,16.1494,16.8296,91035600
2001-03-14,16.3047,17.1588,16.2085,16.7706,90686200
2001-03-15,17.1774,17.4166,16.6153,16.6743,71638400
2001-03-16,16.3047,17.1215,16.2985,16.9445,112848800
2001-03-19,16.9259,17.2364,16.5004,16.8669,61036400
2001-03-20,16.9445,17.4321,16.3451,16.3637,91822800
2001-03-21,16.2271,16.5377,15.4507,15.5469,124988600
2001-03-22,15.7022,16.7892,15.6836,16.7706,126363200
2001-03-23,17.0625,17.7023,16.8886,17.5656,99519600
2001-03-26,17.7427,17.8576,17.2551,17.4103,63118600
2001-03-27,17.4103,18.1868,17.3544,18.0905,95135600
2001-03-28,17.8203,17.9942,17.1992,17.2551,78681600
2001-03-29,17.1992,17.7613,16.9445,17.1992,86985000
2001-03-30,17.3141,17.4507,16.7333,16.9849,91201600
2001-04-02,17.0221,17.6836,16.9662,17.3327,75924000
2001-04-03,17.1774,17.1774,16.3824,16.5780,94187600
2001-04-04,16.5780,17.0811,15.8575,16.1308,104046600
2001-04-05,16.6929,17.8203,16.6153,17.6246,113364000
2001-04-06,17.5097,17.7613,17.0998,17.4507,92622000
2001-04-09,17.5687,17.8327,17.2861,17.7489,56295600
2001-04-10,17.9973,18.6619,17.9445,18.5346,109199400
2001-04-11,18.8358,19.0998,18.5408,18.6464,109879600
2001-04-12,18.4973,19.3514,18.4321,19.3110,87520000
2001-04-16,19.0688,19.1247,18.6712,18.8793,65857400
2001-04-17,18.7955,19.2893,18.6464,19.0936,85149200
2001-04-18,19.6868,20.5937,19.5657,20.3204,156696400
2001-04-19,20.4384,21.4291,20.4197,21.1309,159375600
2001-04-20,21.8328,22.0813,21.2738,21.4291,192919600
2001-04-23,21.1527,21.2645,20.7769,21.1961,92171200
2001-04-24,21.1806,21.7179,20.8514,20.9788,89176600
2001-04-25,20.9850,21.6744,20.8856,21.6434,76744000
2001-04-26,21.7614,22.0502,21.1961,21.4694,118737600
2001-04-27,21.5937,21.6403,20.5626,20.8452,121572400
2001-04-30,21.2831,21.4477,21.0191,21.0409,74368200
2001-05-01,21.0129,21.8328,20.9943,21.7924,83702800
2001-05-02,22.0502,22.0968,21.5378,21.6651,92864400
2001-05-03,21.5067,21.7955,21.1620,21.2831,66273400
2001-05-04,21.1185,22.0657,21.1061,21.9726,119538400
2001-05-07,21.9974,22.4074,21.9570,22.1682,109356200
2001-05-08,22.2831,22.3918,21.9726,22.3794,75084000
2001-05-09,22.1247,22.1434,21.6962,21.8639,76676600
2001-05-10,22.0906,22.1247,21.7272,21.7396,64334600
2001-05-11,21.7272,21.7396,21.3204,21.5533,51128800
2001-05-14,21.4694,21.4912,21.2117,21.3421,44968000
2001-05-15,21.3483,21.5222,21.1185,21.2024,61385600
2001-05-16,21.0253,21.7024,20.9104,21.4788,91893800
2001-05-17,21.4601,21.7831,20.9788,21.1713,106984800
2001-05-18,21.0222,21.4912,20.8856,21.1465,90605400
2001-05-21,21.1340,21.7365,21.0409,21.3639,103491600
2001-05-22,21.5688,21.8483,21.4850,21.8359,83455600
2001-05-23,21.8608,22.2365,21.5875,21.6465,93637400
2001-05-24,21.7210,22.2924,21.5129,22.2738,80781600
2001-05-25,22.2552,22.3297,21.8514,22.0223,52747600
2001-05-29,21.9881,22.2831,21.7552,21.8452,71210800
2001-05-30,21.6030,21.9198,21.3204,21.4881,86501800
2001-05-31,21.5813,21.8577,21.2427,21.4850,70682600
2001-06-01,21.6154,21.9570,21.3359,21.8452,57587600
2001-06-04,21.9105,22.0564,21.6775,21.9819,43736600
2001-06-05,21.9757,22.6962,21.8949,22.5471,89454200
2001-06-06,22.6372,22.8204,22.2210,22.4726,80022800
2001-06-07,22.3980,22.8981,22.3856,22.8825,66960000
2001-06-08,22.8887,22.9043,22.3763,22.7303,51867000
2001-06-11,22.6248,22.6248,22.2086,22.3980,47345600
2001-06-12,22.0564,22.4881,21.9912,22.3856,66714600
2001-06-13,22.3763,22.4539,21.9384,21.9539,55302400
2001-06-14,21.8080,21.9105,21.2427,21.3980,71972400
2001-06-15,20.9663,21.2117,20.6216,21.1247,108354400
2001-06-18,21.1030,21.1061,20.5005,20.7707,56846800
2001-06-19,21.1837,21.3825,20.7614,20.9073,63457400
2001-06-20,20.8514,21.6123,20.8390,21.5564,64108400
2001-06-21,21.4757,21.9105,21.4042,21.6899,69603800
2001-06-22,21.7396,21.9291,21.2986,21.3763,51092000
2001-06-25,21.4601,21.6806,21.0471,21.3825,49215600
2001-06-26,21.0626,21.8049,21.0253,21.7831,63077000
2001-06-27,21.6962,22.2148,21.5409,22.0937,69199800
2001-06-28,22.2210,23.6496,21.9042,22.5906,128975600
2001-06-29,22.5471,22.7987,22.1744,22.6713,94283800
2001-07-02,22.3763,22.7179,21.7862,21.9260,72810200
2001-07-03,21.8328,21.9881,21.7179,21.8856,28037400
2001-07-05,21.8080,21.9632,21.2552,21.2769,49242600
2001-07-06,21.2117,21.2427,20.3949,20.5160,67467800
2001-07-09,20.5595,20.7800,20.1992,20.4011,66476600
2001-07-10,20.4663,20.5750,19.9849,20.0253,66562600
2001-07-11,19.9415,20.7303,19.9384,20.6527,73822600
2001-07-12,21.9570,22.3763,21.8421,22.2365,128078000
2001-07-13,22.1744,22.3608,22.0316,22.1558,58934600
2001-07-16,22.1900,22.4105,21.7862,22.1061,55990800
2001-07-17,21.9446,22.3639,21.7831,22.3049,63241000
2001-07-18,21.9260,22.2055,21.6993,21.9167,57590800
2001-07-19,22.1185,22.6713,22.1185,22.5378,76549400
2001-07-20,21.1278,21.5533,21.0999,21.4850,124203600
2001-07-23,21.5036,21.5036,20.6061,20.8359,79999400
2001-07-24,20.8079,21.1154,20.4042,20.5968,67530200
2001-07-25,20.5781,20.9694,20.3763,20.9570,74065400
2001-07-26,20.8452,20.9073,20.3421,20.6806,77974000
2001-07-27,20.5129,20.5750,20.2023,20.3328,65396000
2001-07-30,20.3887,20.7707,20.3545,20.4353,42196400
2001-07-31,20.5005,20.9291,20.4508,20.5564,59031600
2001-08-01,20.7458,20.7489,20.4228,20.6433,55679000
2001-08-02,20.8732,20.9756,20.5781,20.9477,54198400
2001-08-03,20.9011,20.9197,20.4974,20.7738,43260400
2001-08-06,20.6620,20.8452,20.3980,20.5377,27831600
2001-08-07,20.5098,20.8235,20.4943,20.6061,31347800
2001-08-08,20.6558,20.8825,20.0284,20.1433,54996400
2001-08-09,20.1806,20.3576,19.9694,20.1899,45536200
2001-08-10,20.1154,20.4539,19.5346,20.3483,51756400
2001-08-13,20.2613,20.4943,20.1092,20.4446,32675400
2001-08-14,20.4197,20.5253,20.0160,20.0905,36481200
2001-08-15,20.0967,20.2023,19.6278,19.6278,39503000
2001-08-16,19.5160,20.0967,19.4725,20.0688,43905600
2001-08-17,19.8079,19.9166,19.0998,19.2178,52234200
2001-08-20,19.1495,19.4880,18.9756,19.4725,48371200
2001-08-21,19.4725,19.6278,18.8545,18.8762,47111800
2001-08-22,18.9849,18.9911,18.3483,18.8390,78107200
2001-08-23,18.8421,19.1091,18.3234,18.3607,51813200
2001-08-24,18.5098,19.3421,18.3948,19.2706,63399000
2001-08-27,19.2241,19.6775,19.1216,19.3514,44562800
2001-08-28,19.3607,19.5501,18.8141,18.8638,47422800
2001-08-29,18.9601,19.0377,18.4911,18.7116,48170000
2001-08-30,18.3358,18.5284,17.5532,17.6836,97632000
2001-08-31,17.6557,18.0315,17.4849,17.7178,57900800
2001-09-04,17.7613,18.3483,17.4135,17.4228,67189200
2001-09-05,17.4476,18.1340,17.2023,17.9321,89470600
2001-09-06,17.5656,18.1340,17.3607,17.3979,112356800
2001-09-07,17.4259,17.8141,17.1774,17.2054,89863800
2001-09-10,17.0563,17.9973,16.9880,17.8824,84471800
2001-09-17,16.7768,17.1122,16.3979,16.4321,127502000
2001-09-18,16.5873,17.0811,16.5128,16.8700,83182600
2001-09-19,16.9134,16.9880,15.7147,16.7302,126950200
2001-09-20,16.2581,16.3389,15.7364,15.7643,117983200
2001-09-21,14.8823,15.7147,14.7519,15.4382,184976600
2001-09-24,15.7302,16.2892,15.4879,16.1526,85580200
2001-09-25,16.2333,16.4600,15.5780,15.9321,84940600
2001-09-26,15.9973,16.0873,15.3886,15.6122,58524400
2001-09-27,15.5594,15.7395,14.9072,15.5159,81191200
2001-09-28,15.4103,16.0221,15.2115,15.8917,116641200
2001-10-01,15.8202,16.3047,15.6556,16.0842,69999600
2001-10-02,16.0345,16.6308,16.0128,16.4755,80860800
2001-10-03,16.2985,17.6805,16.2737,17.4631,97199200
2001-10-04,17.6774,18.1371,17.4569,17.5284,101778000
2001-10-05,17.4414,18.0128,17.0625,17.9259,80844400
2001-10-08,17.6402,18.2147,17.6215,18.0253,60605800
2001-10-09,17.8576,17.8793,16.8296,16.9445,99477600
2001-10-10,16.6464,17.3141,16.4600,17.2395,86349200
2001-10-11,17.3172,17.6526,16.9538,17.4911,83742600
2001-10-12,17.2985,17.5905,16.9414,17.5097,63307000
2001-10-15,17.3607,18.1681,17.3451,18.0315,68437000
2001-10-16,17.9725,18.2955,17.7675,18.1526,66169000
2001-10-17,18.3607,18.4166,17.3855,17.4010,73710600
2001-10-18,17.4973,17.8824,17.2364,17.6246,78348000
2001-10-19,17.8265,18.0159,17.2768,17.9818,91219600
2001-10-22,17.9818,18.6899,17.8482,18.6837,72323600
2001-10-23,18.7799,19.0812,18.4476,18.7675,80325000
2001-10-24,18.7893,19.1371,18.5160,19.0439,79141400
2001-10-25,18.8234,19.4414,18.5004,19.4290,75318200
2001-10-26,19.3545,19.7613,19.2800,19.3172,64509400
2001-10-29,19.2862,19.3172,18.4911,18.5222,55129400
2001-10-30,18.2986,18.4911,18.0719,18.2861,57395600
2001-10-31,18.4166,18.8607,18.0439,18.0594,64700000
2001-11-01,18.6588,19.3328,18.5098,19.2054,109671200
2001-11-02,19.2334,19.5719,18.7924,19.0688,83360000
2001-11-05,19.2116,19.8856,19.1775,19.6495,66401600
2001-11-06,19.4725,20.1682,19.3048,20.1185,68612000
2001-11-07,19.9446,20.2023,19.8856,19.9539,58899000
2001-11-08,20.0191,20.5160,19.7706,20.0067,74227800
2001-11-09,19.9818,20.3887,19.8483,20.2520,48013600
2001-11-12,20.0936,20.6340,19.7675,20.4322,57752800
2001-11-13,20.7458,21.1030,20.6837,21.0875,60159600
2001-11-14,21.1899,21.2241,20.4322,20.4818,88625600
2001-11-15,20.5284,20.8235,20.3266,20.5346,77922000
2001-11-16,20.6092,20.6868,20.1713,20.4197,59249000
2001-11-19,20.5750,20.7986,20.4042,20.6651,56005000
2001-11-20,20.6371,21.0564,20.1961,20.3110,65921800
2001-11-21,19.9880,20.0626,19.7147,19.8918,50785200
2001-11-23,19.9943,20.1278,19.7582,20.0967,15754600
2001-11-26,20.1837,20.4073,20.0005,20.2303,41983600
2001-11-27,20.1216,20.2085,19.4880,19.7955,90819000
2001-11-28,19.6185,19.9135,19.4818,19.5036,54536600
2001-11-29,19.6029,20.1558,19.5501,20.1371,54034400
2001-11-30,20.0812,20.2117,19.8545,19.9415,48234200
2001-12-03,19.8234,20.2582,19.8141,20.1154,47211800
2001-12-04,20.1868,20.5222,19.9073,20.4974,51005800
2001-12-05,20.6496,21.1713,20.2489,21.1496,74243000
2001-12-06,21.1123,21.4291,20.9788,21.3204,56026200
2001-12-07,21.1961,21.3794,20.6682,21.0657,42334800
2001-12-10,20.9694,21.2583,20.7645,20.8266,38367400
2001-12-11,21.0129,21.1589,20.8297,20.9073,54334000
2001-12-12,20.8576,21.1123,20.5750,21.1030,47884200
2001-12-13,20.8483,21.1930,20.5191,20.5812,53227800
2001-12-14,20.5036,21.1030,20.4756,20.9446,43000600
2001-12-17,20.8607,21.4632,20.8576,21.4229,57079800
2001-12-18,21.4042,21.5533,21.3048,21.5129,47255200
2001-12-19,21.3111,21.7055,21.2583,21.5813,56996200
2001-12-20,21.4757,21.5067,20.6899,20.7334,78585000
2001-12-21,21.1216,21.1247,20.8079,20.9756,84307600
2001-12-24,21.0315,21.1278,20.8701,20.8918,11701600
2001-12-26,20.9384,21.4508,20.9291,21.0191,29328000
2001-12-27,21.1123,21.3390,20.8887,21.0719,32406600
2001-12-28,21.1899,21.3825,21.0253,21.0781,28787200
2001-12-31,21.0688,21.2676,20.5750,20.5750,43006200
2002-01-02,20.6992,20.8421,20.3452,20.8204,48124000
2002-01-03,20.8421,21.5067,20.8359,21.5005,67590800
2002-01-04,21.5067,21.7117,21.3266,21.3980,52731400
2002-01-07,21.6620,21.7459,21.2272,21.2924,58508800
2002-01-08,21.3328,21.6962,21.1185,21.5471,47736400
2002-01-09,21.6527,21.9322,21.2893,21.3390,76304000
2002-01-10,21.2676,21.6775,21.1589,21.5160,50296600
2002-01-11,21.5906,21.8390,21.1496,21.3080,72993200
2002-01-14,21.2117,21.4415,21.0378,21.2645,50997800
2002-01-15,21.3235,21.6216,21.2738,21.5999,60717400
2002-01-16,21.3825,21.6899,21.0719,21.0781,61955400
2002-01-17,21.2831,21.7396,21.2427,21.6962,78958000
2002-01-18,20.8390,21.0719,20.3172,20.5284,107140400
2002-01-22,20.6868,20.6930,19.9539,20.0191,76837200
2002-01-23,19.8918,20.0967,19.6402,19.7955,80403000
2002-01-24,19.9073,20.2427,19.8141,20.0626,83886000
2002-01-25,19.9352,20.1402,19.7241,19.8141,48981200
2002-01-28,19.9477,20.0005,19.5377,19.8203,41622000
2002-01-29,19.8452,20.0315,19.2520,19.3545,58666000
2002-01-30,19.3949,19.5346,19.0470,19.5191,66100000
2002-01-31,19.5843,19.8172,19.2924,19.7862,69566200
2002-02-01,19.9228,20.0315,19.4011,19.4601,63462200
2002-02-04,19.3793,19.4694,18.8669,18.9818,70308400
2002-02-05,18.8824,19.3265,18.7893,18.9911,66772600
2002-02-06,19.1340,19.2209,18.7116,18.7582,66103000
2002-02-07,18.7271,19.1340,18.5563,18.5719,63314000
2002-02-08,18.6712,18.8390,18.2706,18.8358,61283000
2002-02-11,18.6371,19.0191,18.5066,18.9849,50899600
2002-02-12,18.7862,18.8980,18.6402,18.6775,44973800
2002-02-13,18.7147,19.2178,18.6184,19.1992,54168600
2002-02-14,19.2551,19.5626,19.0439,19.1557,57267000
2002-02-15,19.1619,19.2737,18.6961,18.7054,50179800
2002-02-19,18.6060,18.6775,18.1992,18.3017,52262600
2002-02-20,18.4476,18.7458,18.2613,18.6029,50492000
2002-02-21,18.5470,18.7178,18.0159,18.0284,59398400
2002-02-22,18.0284,18.2458,17.7489,18.0097,71347800
2002-02-25,17.9942,18.5998,17.9787,18.3483,51832200
2002-02-26,18.3545,18.6340,17.9818,18.1837,63276200
2002-02-27,18.3452,18.6806,18.0097,18.1340,65750000
2002-02-28,18.2551,18.5408,18.0563,18.1184,68068000
2002-03-01,18.3389,19.0750,18.2768,19.0595,62115600
2002-03-04,19.0191,19.7210,18.9042,19.6588,74464200
2002-03-05,19.5657,19.8390,19.3607,19.5905,55926400
2002-03-06,19.5377,19.7831,19.3141,19.7613,49835400
2002-03-07,19.7738,19.8390,19.2116,19.4787,58079200
2002-03-08,19.7613,20.0936,19.6185,19.8607,57701800
2002-03-11,19.7241,20.1868,19.5657,19.9818,43718200
2002-03-12,19.4166,19.5036,19.1526,19.4228,66407200
2002-03-13,19.2800,19.5719,19.2396,19.2862,44387400
2002-03-14,19.2986,19.3296,18.9601,19.0129,51819600
2002-03-15,18.9445,19.4135,18.9352,19.4073,69086800
2002-03-18,19.4849,19.5626,19.0067,19.2986,52296800
2002-03-19,19.3110,19.5657,19.0998,19.3265,36376400
2002-03-20,19.0688,19.2613,18.6650,18.6650,55235200
2002-03-21,18.6992,19.1278,18.5812,19.0563,46123400
2002-03-22,18.9601,18.9880,18.7023,18.7737,41341400
2002-03-25,18.7830,18.8762,18.3700,18.3948,47752400
2002-03-26,18.3545,18.9197,18.1091,18.3483,69357200
2002-03-27,18.2613,18.5967,18.1961,18.4601,47318400
2002-03-28,18.6184,18.8358,18.5284,18.7303,43901200
2002-04-01,18.5812,18.7582,18.3855,18.7520,47010000
2002-04-02,18.2924,18.3514,17.7364,17.7892,76509400
2002-04-03,17.8389,17.8917,17.2364,17.4942,76931400
2002-04-04,17.3855,17.6930,17.2116,17.5315,61763800
2002-04-05,17.6681,17.7954,17.3420,17.3513,50166000
2002-04-08,16.8637,17.7986,16.8513,17.7706,73389600
2002-04-09,17.8048,17.8358,17.0190,17.0408,63413000
2002-04-10,17.1184,17.7364,17.0998,17.4849,75636400
2002-04-11,17.3575,17.5315,16.9259,17.0159,58165800
2002-04-12,17.1277,17.4725,17.0377,17.3700,52297600
2002-04-15,17.3917,17.6246,17.2054,17.2954,47388800
2002-04-16,17.5159,18.0439,17.5035,17.9538,51921600
2002-04-17,17.9973,18.0998,17.5221,17.5874,55158600
2002-04-18,17.6371,17.7986,16.3606,17.5066,74794800
2002-04-19,17.8389,18.0066,17.6588,17.7644,104268600
2002-04-22,17.5532,17.6091,17.0811,17.2644,51465200
2002-04-23,17.2985,17.3358,16.5532,16.7675,68281400
2002-04-24,16.7240,16.9041,16.4600,16.4662,61220400
2002-04-25,16.4290,16.9103,16.4227,16.6867,57290400
2002-04-26,16.7923,16.9103,15.9817,15.9942,62776600
2002-04-29,15.9848,16.4321,15.9755,16.2240,70246000
2002-04-30,16.1805,16.5532,16.1246,16.2302,77384000
2002-05-01,16.1991,16.5190,15.7333,16.3824,76413000
2002-05-02,16.3482,16.7923,15.8855,15.9041,79009200
2002-05-03,15.9196,16.0501,15.3761,15.3917,71628000
2002-05-06,15.3544,15.6960,15.0221,15.0997,66299400
2002-05-07,15.2736,15.6184,15.0159,15.3637,88385400
2002-05-08,15.9227,17.0718,15.9072,17.0718,101242000
2002-05-09,16.8948,17.0811,16.1184,16.1867,83288200
2002-05-10,16.3140,16.3575,15.5252,15.5438,64408800
2002-05-13,15.6681,16.4321,15.4507,16.3637,64819000
2002-05-14,16.8948,17.1122,16.7644,17.0439,64832400
2002-05-15,16.9228,17.5284,16.7271,17.0035,70412000
2002-05-16,16.9911,17.4010,16.9724,17.3110,53406400
2002-05-17,17.4569,17.5159,17.1650,17.4010,54646200
2002-05-20,17.2364,17.2520,16.6153,16.7737,52115800
2002-05-21,16.7551,16.9569,16.1898,16.2085,63120000
2002-05-22,16.1091,16.6836,16.1029,16.6743,54169400
2002-05-23,16.6774,17.0315,16.4631,17.0252,51412800
2002-05-24,16.8141,16.9321,16.4724,16.5408,35982000
2002-05-28,16.6432,16.6743,16.0718,16.2488,49602000
2002-05-29,16.0407,16.3731,16.0097,16.1650,45393200
2002-05-30,16.0376,16.5718,15.9724,16.3482,63213000
2002-05-31,16.4290,16.5905,15.8016,15.8109,66468000
2002-06-03,15.8358,16.0376,15.2705,15.3482,88439000
2002-06-04,15.3730,15.9103,15.2923,15.5221,88008400
2002-06-05,15.6619,16.0718,15.6308,16.0439,66969400
2002-06-06,15.9942,16.1929,15.5283,16.1184,78703400
2002-06-07,15.4942,16.3358,15.4848,16.1432,97834400
2002-06-10,16.0407,16.5532,15.9817,16.4041,71825400
2002-06-11,16.5345,16.8265,16.2799,16.3265,74368200
2002-06-12,16.3296,17.3234,16.3047,17.2489,136198600
2002-06-13,17.0315,17.2302,16.8327,16.8389,79771600
2002-06-14,16.5066,17.2520,16.4600,17.1588,109433600
2002-06-17,17.2861,17.5284,17.1961,17.2923,94486600
2002-06-18,17.2457,17.4818,17.1898,17.3886,77518400
2002-06-19,17.2271,17.3731,16.8700,16.8824,81247000
2002-06-20,16.8855,17.1122,16.7395,16.8016,86401200
2002-06-21,16.5842,16.9414,16.2364,16.2364,116820000
2002-06-24,16.1774,16.9693,16.1029,16.8203,104523200
2002-06-25,16.9880,17.0811,16.3979,16.4445,84025200
2002-06-26,15.8544,16.8917,15.8544,16.8110,112131400
2002-06-27,16.9569,17.0625,16.4165,17.0563,95812400
2002-06-28,16.9414,17.3265,16.7706,16.9880,89555600
2002-07-01,16.8078,16.8917,16.3296,16.3544,66473800
2002-07-02,16.2675,16.4352,15.9414,15.9755,82814200
2002-07-03,15.9134,16.3109,15.6681,16.0998,80936600
2002-07-05,16.4880,17.0501,16.4755,17.0346,35673600
2002-07-08,16.8979,17.0594,16.3296,16.4352,63199400
2002-07-09,16.5563,16.9973,16.4507,16.5252,85277200
2002-07-10,16.6743,16.8327,16.1898,16.2240,90673400
2002-07-11,16.1619,16.4818,15.9165,16.4321,129550600
2002-07-12,16.5749,16.6867,15.9880,16.1060,95733800
2002-07-15,15.9600,16.1060,14.9072,16.0873,136965600
2002-07-16,15.9352,16.3979,15.7271,15.9165,97154600
2002-07-17,16.3109,16.5532,15.8917,16.1494,98034800
2002-07-18,16.1681,16.3793,15.7333,15.8730,91053600
2002-07-19,15.4879,15.8047,15.1587,15.3917,112543400
2002-07-22,15.2022,15.5252,14.2550,14.7550,180069800
2002-07-23,14.4382,14.5345,13.3450,13.3575,168061600
2002-07-24,12.9661,14.3979,12.8605,14.3575,202307800
2002-07-25,14.1152,14.1960,13.1804,13.3016,163411400
2002-07-26,13.5842,14.1028,13.5655,14.0842,123538000
2002-07-29,14.5500,15.0004,14.4569,14.9848,112148600
2002-07-30,14.7674,15.1650,14.6991,14.9382,122690600
2002-07-31,14.7861,14.9072,14.3979,14.9010,93875600
2002-08-01,14.7767,14.9351,14.1308,14.2084,92002800
2002-08-02,14.1339,14.2395,13.6028,13.7922,85947600
2002-08-05,13.7550,14.0283,13.6059,13.6618,78941600
2002-08-06,13.9444,14.6743,13.9258,14.1836,88715800
2002-08-07,14.5966,14.6898,14.0252,14.6246,86349400
2002-08-08,14.6308,15.2177,14.4134,15.1898,88748000
2002-08-09,14.9538,15.2643,14.8016,14.9444,69049400
2002-08-12,14.7861,15.1401,14.7830,15.0531,56866600
2002-08-13,14.9041,15.4351,14.5718,14.6152,100122800
2002-08-14,14.6743,15.4445,14.6618,15.4382,96706000
2002-08-15,15.5159,15.7581,15.1401,15.4569,98745600
2002-08-16,15.3513,15.5997,15.1929,15.5283,69334000
2002-08-19,15.5407,16.1650,15.4817,16.1494,79848200
2002-08-20,15.9569,16.0563,15.7612,15.8513,70317600
2002-08-21,16.0128,16.2675,15.8855,16.2364,81203400
2002-08-22,16.4134,16.5998,16.3358,16.5314,72517600
2002-08-23,16.3544,16.4134,16.0998,16.2178,57929200
2002-08-26,16.3047,16.3513,15.8948,16.1805,55652400
2002-08-27,16.2519,16.2892,15.7302,15.7892,65470200
2002-08-28,15.6774,15.7333,15.3109,15.3358,68875000
2002-08-29,15.1836,15.8389,15.0687,15.7084,94275600
2002-08-30,15.5718,15.6774,15.2177,15.2426,58138400
2002-09-03,15.0687,15.0687,14.5966,14.6028,74452600
2002-09-04,14.7364,15.0935,14.6432,14.9724,80232000
2002-09-05,14.7519,14.7581,14.2488,14.2581,90438800
2002-09-06,14.8295,14.9910,14.7426,14.8513,69918400
2002-09-09,14.6743,15.2022,14.4817,15.1246,81653200
2002-09-10,15.0749,15.4724,15.0159,15.4631,83950000
2002-09-11,15.5997,15.8699,15.0718,15.0873,77443200
2002-09-12,14.9538,15.0004,14.6028,14.6432,63726800
2002-09-13,14.5656,14.9879,14.5500,14.8792,59549200
2002-09-16,14.7830,14.9476,14.6121,14.8389,50166200
2002-09-17,15.1153,15.1867,14.6618,14.6867,73343400
2002-09-18,14.5097,14.9817,14.4910,14.8295,83951800
2002-09-19,14.4972,14.8513,14.4693,14.6587,77777600
2002-09-20,14.8171,14.9072,14.6898,14.7395,130619200
2002-09-23,14.4724,14.5066,13.9165,14.0469,89783800
2002-09-24,13.9227,14.4351,13.8606,14.1742,104142200
2002-09-25,14.4103,14.5842,13.9910,14.4444,107116600
2002-09-26,14.6308,14.7519,14.2705,14.3482,100852200
2002-09-27,14.2985,14.6277,14.0345,14.0531,81011600
2002-09-30,13.9351,13.9879,13.3885,13.5842,115577000
2002-10-01,13.7643,14.3637,13.4134,14.3575,110636600
2002-10-02,14.3171,14.5376,14.0252,14.1649,103488600
2002-10-03,14.0687,14.4693,13.8513,13.9134,105221400
2002-10-04,14.0966,14.1525,13.5686,13.5935,107120400
2002-10-07,13.6059,13.9941,13.5686,13.6804,89790000
2002-10-08,13.8978,14.2798,13.7053,13.9724,115667600
2002-10-09,13.7363,14.1152,13.6059,13.6618,123142600
2002-10-10,13.6649,14.4786,13.4320,14.4041,118515000
2002-10-11,14.7084,15.1867,14.5997,15.1774,108828800
2002-10-14,14.9848,15.3202,14.8575,15.3078,76216200
2002-10-15,15.9196,16.2644,15.7302,16.2395,133374200
2002-10-16,15.6494,15.9196,15.6153,15.6556,95437400
2002-10-17,16.2364,16.3047,15.5438,15.7675,182602400
2002-10-18,16.3358,16.5221,15.8824,16.5066,152817200
2002-10-21,16.1401,16.4569,15.9507,16.3078,112378600
2002-10-22,15.9724,16.1277,15.8482,16.0470,87159000
2002-10-23,15.9724,16.5408,15.9724,16.5221,110866600
2002-10-24,16.5718,16.5749,15.8078,15.9103,95833400
2002-10-25,15.9165,16.3979,15.8886,16.3606,75425800
2002-10-28,16.5842,16.6153,15.9973,16.1339,79906600
2002-10-29,16.1960,16.3016,15.7923,16.1712,90517200
2002-10-30,16.2116,16.5811,16.0345,16.4942,94451200
2002-10-31,16.5190,16.7923,16.4134,16.6060,105973800
2002-11-01,16.2830,16.5345,16.1184,16.4600,105097800
2002-11-04,17.6246,17.7799,17.2426,17.4228,139964200
2002-11-05,17.3234,17.6402,17.2613,17.6029,76658200
2002-11-06,17.6992,17.7333,17.2457,17.7116,115407000
2002-11-07,17.4538,17.5843,17.2364,17.3948,73699600
2002-11-08,17.3917,17.5625,17.0843,17.1122,64522200
2002-11-11,17.1029,17.1122,16.7147,16.7271,58341200
2002-11-12,16.8016,17.2147,16.7395,16.9290,81398600
2002-11-13,16.8451,17.3700,16.8047,17.1929,107370200
2002-11-14,17.3886,17.7023,17.3513,17.6992,78337000
2002-11-15,17.5781,17.6774,17.2892,17.6060,77533600
2002-11-18,17.6867,17.7116,17.3110,17.3451,58086400
2002-11-19,17.2520,17.3296,16.8669,17.0377,76403400
2002-11-20,17.0843,17.6712,17.0594,17.5843,76435400
2002-11-21,17.6961,18.0128,17.6340,17.9632,82922200
2002-11-22,17.8420,18.1060,17.7178,18.0812,70002000
2002-11-25,18.0315,18.2116,17.8793,18.0843,61583000
2002-11-26,17.9010,18.0905,17.6340,17.6712,68650400
2002-11-27,17.8886,18.2023,17.8265,18.0377,55191800
2002-11-29,18.1464,18.2085,17.9135,17.9135,28393000
2002-12-02,18.2147,18.3110,17.7054,17.9166,63735000
2002-12-03,17.7892,17.8110,17.5190,17.6122,58457400
2002-12-04,17.4321,17.8389,17.3358,17.5594,83892000
2002-12-05,17.6867,17.7302,17.1743,17.1867,68435800
2002-12-06,17.0408,17.3110,16.8389,17.2271,71670200
2002-12-09,17.0811,17.1495,16.6184,16.6246,63862800
2002-12-10,16.6339,16.9197,16.6091,16.7737,63730200
2002-12-11,16.7240,17.0843,16.6401,16.9756,69186200
2002-12-12,17.0811,17.0998,16.6743,16.8234,55242000
2002-12-13,16.6712,16.6929,16.3016,16.3047,65245400
2002-12-16,16.4600,16.9414,16.3575,16.9197,60140400
2002-12-17,16.9010,17.0780,16.7023,16.8824,49549800
2002-12-18,16.7209,16.8948,16.3948,16.6246,62709400
2002-12-19,16.5377,17.0035,16.4227,16.4942,82686600
2002-12-20,16.6122,16.6836,16.4445,16.4724,98294600
2002-12-23,16.4755,16.8575,16.4290,16.7706,48798400
2002-12-24,16.6277,16.8420,16.6215,16.7147,18386000
2002-12-26,16.7799,16.9849,16.5128,16.5811,37228000
2002-12-27,16.5470,16.7706,16.4290,16.4507,40891600
2002-12-30,16.4631,16.5345,16.2333,16.3824,48019600
2002-12-31,16.3793,16.4569,15.9196,16.0563,58208800
2003-01-02,16.2426,16.6929,16.0594,16.6836,67025200
2003-01-03,16.6432,16.7085,16.4227,16.7054,55546800
2003-01-06,16.7768,17.1526,16.7085,17.0097,59456200
2003-01-07,17.0563,17.3948,16.9818,17.3296,80517400
2003-01-08,17.1961,17.2520,16.8047,16.8451,64566000
2003-01-09,16.9942,17.3669,16.9352,17.3327,61808000
2003-01-10,17.1122,17.4849,17.0501,17.3669,67730200
2003-01-13,17.5532,17.6246,17.3203,17.5128,60817800
2003-01-14,17.4942,17.7023,17.4507,17.6930,54206400
2003-01-15,17.7023,17.8017,17.4507,17.4756,59622600
2003-01-16,17.4911,17.5936,17.1153,17.1898,81371000
2003-01-17,16.4414,16.4600,15.9352,15.9817,155876000
2003-01-21,16.1091,16.1960,15.9289,15.9414,86159200
2003-01-22,16.0221,16.2737,15.8109,15.8389,86948000
2003-01-23,16.1339,16.3172,15.9817,16.2364,71374800
2003-01-24,16.1588,16.1650,15.4351,15.4817,103027000
2003-01-27,15.3171,15.7147,15.0345,15.2705,114838600
2003-01-28,15.4320,15.4351,15.0811,15.1618,86151200
2003-01-29,15.1339,15.5407,14.8854,15.5004,106884000
2003-01-30,15.5780,15.5811,14.9662,14.9817,87877400
2003-01-31,14.7364,15.0159,14.6059,14.7395,106858400
2003-02-03,14.8854,15.2488,14.7395,15.0811,80129800
2003-02-04,14.8451,14.8885,14.5593,14.6960,81854800
2003-02-05,14.8544,15.0718,14.5128,14.5842,101072000
2003-02-06,14.5531,14.7892,14.4600,14.7271,83312000
2003-02-07,14.8699,14.8917,14.4134,14.4662,75208000
2003-02-10,14.5345,14.7581,14.4538,14.7146,74081400
2003-02-11,14.6898,14.8047,14.2860,14.4227,84292000
2003-02-12,14.4569,14.6277,14.3668,14.4227,71315200
2003-02-13,14.4134,14.6339,14.3264,14.5935,73558200
2003-02-14,14.6743,15.0625,14.5252,15.0004,90446400
2003-02-18,15.2923,15.5221,15.1556,15.5035,28707750
2003-02-19,15.4668,15.5042,15.0617,15.2861,46902700
2003-02-20,15.4356,15.4979,15.0181,15.0430,50897200
2003-02-21,15.1365,15.4543,14.7689,15.3484,56853200
2003-02-24,15.2300,15.2674,14.8561,14.9994,62403700
2003-02-25,14.6691,15.1241,14.5694,15.0742,68113000
2003-02-26,14.9994,15.2487,14.6941,14.7128,57096000
2003-02-27,14.8935,15.0867,14.5196,14.6941,75434300
2003-02-28,14.7938,14.9994,14.6754,14.7689,56585400
2003-03-03,14.9683,15.0306,14.5819,14.6691,50653500
2003-03-04,14.6941,14.7439,14.3700,14.3763,56605700
2003-03-05,14.3763,14.6754,14.3638,14.6068,55415900
2003-03-06,14.4386,14.6442,14.4137,14.5009,54607600
2003-03-07,14.3015,14.8249,14.2703,14.6816,66167600
2003-03-10,14.5258,14.6193,14.2641,14.3015,48413600
2003-03-11,14.3700,14.4947,14.1831,14.2080,53990700
2003-03-12,14.2142,14.6068,14.0522,14.5757,72379500
2003-03-13,14.7813,15.4169,14.6068,15.3733,80701300
2003-03-14,15.3795,15.5540,15.1178,15.4917,75451400
2003-03-17,15.2798,16.1710,15.1614,16.1585,100983800
2003-03-18,16.1336,16.2270,15.8905,16.2270,78108800
2003-03-19,16.1897,16.4701,16.0401,16.4015,73652100
2003-03-20,16.2146,16.5262,15.9965,16.3579,71798500
2003-03-21,16.6695,16.7006,16.2208,16.5573,85586800
2003-03-24,15.9217,16.1585,15.6911,15.7597,61105200
2003-03-25,15.9529,16.0463,15.5977,15.8843,63595100
2003-03-26,15.8656,15.9653,15.7285,15.7347,51673600
2003-03-27,15.5416,15.7410,15.3235,15.6039,60043300
2003-03-28,15.3733,15.6413,15.3297,15.3733,39584600
2003-03-31,15.1116,15.3982,14.9620,15.0867,71384000
2003-04-01,15.2425,15.3920,15.1116,15.1739,49803200
2003-04-02,15.6413,16.2021,15.6413,16.0276,68282500
2003-04-03,16.1959,16.2582,15.9529,16.0339,57394300
2003-04-04,16.0526,16.0775,15.5353,15.6350,55740600
2003-04-07,16.3454,16.4701,15.6849,15.6849,65627100
2003-04-08,15.7721,16.0962,15.7036,15.9404,54132100
2003-04-09,15.9591,15.9965,15.2923,15.3110,76875800
2003-04-10,15.3982,15.4481,15.1303,15.3235,51608900
2003-04-11,15.5104,15.6911,14.9246,15.0804,71565500
2003-04-14,15.1241,15.5042,14.9558,15.4294,51599600
2003-04-15,15.3795,15.4481,15.0181,15.3297,63399000
2003-04-16,15.9529,16.0401,15.3297,15.5291,86178700
2003-04-17,15.4356,15.9155,15.4169,15.8905,58356600
2003-04-21,15.9591,15.9591,15.6288,15.7098,41557800
2003-04-22,15.6163,16.0775,15.5977,16.0526,58844000
2003-04-23,16.0463,16.1959,15.8718,16.0276,55559300
2003-04-24,15.8781,16.0276,15.7784,15.8843,51703600
2003-04-25,15.7846,15.9778,15.6849,15.7161,53657400
2003-04-28,15.8220,16.1647,15.7784,16.0401,56287600
2003-04-29,16.1710,16.3579,16.0027,16.0775,65877300
2003-04-30,16.0339,16.1273,15.7347,15.9342,55566800
2003-05-01,15.9155,16.1710,15.7908,16.0276,42085800
2003-05-02,15.9840,16.3828,15.9279,16.2644,52695400
2003-05-05,16.3579,16.4451,16.1024,16.1149,50391500
2003-05-06,16.1149,16.5137,16.0899,16.4327,54299500
2003-05-07,16.2707,16.4202,16.1024,16.1959,49120000
2003-05-08,16.0463,16.2894,16.0214,16.0401,46401400
2003-05-09,16.1398,16.5137,16.1336,16.4265,58913600
2003-05-12,16.2956,16.4950,16.2395,16.3267,53900800
2003-05-13,16.2270,16.3267,16.1336,16.1959,44501900
2003-05-14,16.2520,16.3143,15.9155,15.9653,45021000
2003-05-15,16.1086,16.2083,15.9342,16.0713,45450200
2003-05-16,16.1273,16.2333,15.8345,15.9342,60620900
2003-05-19,15.8282,15.9155,15.4169,15.4294,55336300
2003-05-20,15.4917,15.5790,15.2674,15.3484,52677600
2003-05-21,15.3484,15.3982,14.8873,14.9745,108960900
2003-05-22,15.0804,15.1241,14.9807,15.0555,93157100
2003-05-23,15.0804,15.2923,14.9745,15.0929,76968000
2003-05-27,15.1116,15.5104,15.0929,15.4481,68486800
2003-05-28,15.4419,15.4979,15.1427,15.2113,91467000
2003-05-29,15.2487,15.3733,15.0991,15.2051,75451300
2003-05-30,15.4107,15.5229,15.2736,15.3359,85096700
2003-06-02,15.5665,15.5977,15.3110,15.3546,66310800
2003-06-03,15.4232,15.5291,15.3110,15.5042,61058200
2003-06-04,15.5727,15.7161,15.4169,15.4979,83484600
2003-06-05,15.2487,15.2798,14.9620,15.0119,115877900
2003-06-06,15.2300,15.3048,14.7377,14.7502,119629400
2003-06-09,14.7813,14.9433,14.7065,14.8000,73610000
2003-06-10,14.9184,15.4232,14.8623,15.3795,80655300
2003-06-11,15.3733,15.5540,15.2175,15.5042,75768600
2003-06-12,15.5603,15.6662,15.4169,15.5727,66177700
2003-06-13,15.7036,15.7347,15.2611,15.3609,55157500
2003-06-16,15.4543,15.8407,15.3733,15.8220,69658600
2003-06-17,15.9778,16.2894,15.9092,16.1772,122213900
2003-06-18,16.1897,16.4701,16.0214,16.2457,89957700
2003-06-19,16.2582,16.4451,16.2083,16.2457,63626900
2003-06-20,16.4140,16.4389,16.2083,16.4078,86048900
2003-06-23,16.2894,16.3517,15.8843,16.0650,52584500
2003-06-24,15.9840,16.2270,15.9030,16.0152,51820300
2003-06-25,15.9778,16.1959,15.6662,15.7410,60483500
2003-06-26,15.8220,16.5199,15.7098,16.0463,51758100
2003-06-27,16.1710,16.4140,15.9092,15.9715,76040300
2003-06-30,16.1647,16.2769,15.8905,15.9778,48073100
2003-07-01,15.9466,16.3267,15.8220,16.2956,60926000
2003-07-02,16.5137,16.7817,16.4825,16.7505,94069300
2003-07-03,16.6321,16.7941,16.4576,16.5137,39440900
2003-07-07,16.8377,17.1680,16.7941,17.0870,88960800
2003-07-08,16.9873,17.3238,16.9811,17.2615,61896800
2003-07-09,17.1742,17.2615,16.9811,17.1182,62300700
2003-07-10,16.9811,17.0870,16.5698,16.7692,55350800
2003-07-11,16.7941,17.1057,16.7567,17.0185,50377300
2003-07-14,17.2179,17.3300,16.8564,17.0745,60464400
2003-07-15,17.1182,17.1555,16.8876,16.9935,53567600
2003-07-16,17.1742,17.2116,16.9499,17.1493,49838900
2003-07-17,16.9125,16.9935,16.5386,16.6321,72805000
2003-07-18,16.8938,16.9686,16.6695,16.7567,63388400
2003-07-21,16.7443,16.7692,16.2021,16.2270,48480800
2003-07-22,16.3766,16.5511,16.2831,16.4389,51791000
2003-07-23,16.4638,16.6072,16.2894,16.4825,49828200
2003-07-24,16.6882,16.7754,16.1897,16.2021,53556600
2003-07-25,16.3766,16.7941,16.2457,16.7567,54173000
2003-07-28,16.7879,16.8253,16.5075,16.5822,52658300
2003-07-29,16.7505,16.7630,16.3517,16.4950,62391100
2003-07-30,16.4888,16.5573,16.3081,16.3454,41240300
2003-07-31,16.5760,16.8190,16.3953,16.4576,64504800
2003-08-01,16.4078,16.5199,16.2769,16.3081,42649700
2003-08-04,16.2956,16.4576,16.0463,16.3143,51825600
2003-08-05,16.3953,16.5386,15.9529,15.9902,58825800
2003-08-06,15.9155,16.3205,15.8469,15.9840,56294900
2003-08-07,16.0276,16.0837,15.8594,16.0214,44258500
2003-08-08,16.1273,16.1897,15.8905,15.9404,33241400
2003-08-11,15.9591,16.1959,15.9155,15.9591,36433900
2003-08-12,16.0214,16.0588,15.8594,16.0339,38208400
2003-08-13,16.0713,16.1336,15.8905,15.9529,39636900
2003-08-14,15.9902,16.0214,15.9030,15.9715,37338300
2003-08-15,15.9591,15.9902,15.8469,15.9155,27607900
2003-08-18,15.9279,16.0962,15.8656,16.0152,45817400
2003-08-19,16.1086,16.6072,16.0588,16.5885,72952900
2003-08-20,16.3891,16.5324,16.2021,16.4825,56739300
2003-08-21,16.6072,16.6570,16.2831,16.3517,63802700
2003-08-22,16.6882,16.7941,16.3330,16.3392,65846300
2003-08-25,16.3953,16.5386,16.3454,16.5137,36132900
2003-08-26,16.3953,16.6196,16.1772,16.5573,47546000
2003-08-27,16.5199,16.5635,16.3891,16.4638,30633900
2003-08-28,16.5137,16.5635,16.3517,16.5199,46211200
2003-08-29,16.4888,16.5449,16.4202,16.5262,34503000
2003-09-02,16.6383,17.0122,16.4950,16.9873,74168900
2003-09-03,17.0870,17.6977,17.0621,17.6354,109437800
2003-09-04,17.5107,17.7413,17.4422,17.7164,59840800
2003-09-05,17.5918,17.9158,17.5544,17.6852,64024500
2003-09-08,17.6915,18.0217,17.6603,17.9719,46105300
2003-09-09,17.8535,17.8909,17.6416,17.6790,44315200
2003-09-10,17.4671,17.5606,17.1244,17.1680,54763500
2003-09-11,17.2366,17.5170,17.1929,17.3487,37813300
2003-09-12,17.1244,17.6977,17.1057,17.6603,55777200
2003-09-15,17.6790,17.8286,17.6541,17.6728,41432300
2003-09-16,17.7039,18.0404,17.6478,18.0093,52060600
2003-09-17,17.9220,18.0404,17.7413,17.7600,47221600
2003-09-18,17.7538,18.3894,17.7102,18.3832,67268100
2003-09-19,18.5452,18.6761,18.3956,18.6698,92433800
2003-09-22,18.3146,18.6947,17.9532,18.1152,65678700
2003-09-23,18.1464,18.5140,17.9968,18.4455,57827800
2003-09-24,18.4517,18.5078,17.7102,17.7351,66336500
2003-09-25,17.7413,18.0467,17.5855,17.5980,56224500
2003-09-26,17.6167,17.9345,17.5357,17.5668,49864700
2003-09-29,17.7039,18.0155,17.5107,17.9657,47380300
2003-09-30,17.8161,17.8286,17.2926,17.3238,63333700
2003-10-01,17.4671,17.8410,17.3300,17.7725,58375900
2003-10-02,17.7289,17.9158,17.5668,17.7600,38143600
2003-10-03,18.1713,18.3582,18.0280,18.1214,57303000
2003-10-06,18.1651,18.2585,18.0155,18.1900,34047600
2003-10-07,18.0778,18.3022,18.0217,18.1588,52356800
2003-10-08,18.2959,18.2959,17.8722,17.9594,46989100
2003-10-09,18.2087,18.2897,17.9470,18.0342,62653300
2003-10-10,18.0155,18.1962,17.8659,18.0155,37604700
2003-10-13,18.0591,18.1339,17.7600,17.9345,39320300
2003-10-14,17.8597,17.9283,17.7475,17.8722,34851300
2003-10-15,18.2964,18.3340,17.9831,18.2149,57242100
2003-10-16,18.1147,18.3653,18.0457,18.3152,42232500
2003-10-17,18.3465,18.3528,18.0457,18.1272,49960000
2003-10-20,18.1397,18.4029,18.0457,18.3904,38794500
2003-10-21,18.3904,18.4405,18.2776,18.3904,44166800
2003-10-22,18.1899,18.3026,18.0457,18.1021,48798500
2003-10-23,17.9956,18.2212,17.6071,18.1147,67357900
2003-10-24,17.0871,17.1685,16.5545,16.6735,210558300
2003-10-27,16.8615,16.9805,16.8051,16.8615,65619100
2003-10-28,16.9743,17.0557,16.8427,17.0432,71752600
2003-10-29,17.0181,17.0745,16.7048,16.7550,73551500
2003-10-30,16.9241,16.9429,16.2349,16.3665,98729400
2003-10-31,16.5231,16.5670,16.3602,16.3790,69623700
2003-11-03,16.5106,16.7612,16.4730,16.7174,57772300
2003-11-04,16.6610,16.6798,16.2976,16.3352,84026100
2003-11-05,16.3853,16.4918,16.2913,16.3539,61514400
2003-11-06,16.4542,16.4793,16.2913,16.4354,68189800
2003-11-07,16.5294,16.5983,16.3101,16.3539,57822100
2003-11-10,16.3665,16.4354,16.2913,16.2913,54579100
2003-11-11,16.2976,16.3414,16.0845,16.1660,64990700
2003-11-12,16.1973,16.3790,16.0407,16.2788,75877300
2003-11-13,16.2036,16.2474,15.9467,16.0970,78949500
2003-11-14,16.1033,16.3038,15.9404,15.9780,83146400
2003-11-17,15.9091,15.9404,15.5644,15.7587,103900200
2003-11-18,15.8715,16.1910,15.7399,15.7587,106868300
2003-11-19,15.8464,16.0031,15.7712,15.8840,78853300
2003-11-20,15.7712,16.0595,15.7148,15.7274,106845700
2003-11-21,15.8715,15.9028,15.7148,15.7336,70712900
2003-11-24,15.8715,16.1722,15.8401,16.1221,99463800
2003-11-25,16.2098,16.2600,15.9028,15.9153,85663800
2003-11-26,16.0469,16.0595,15.8652,15.9467,69758400
2003-11-28,15.9780,16.1346,15.9153,16.1096,33402600
2003-12-01,16.2286,16.4229,15.9780,16.1910,101914600
2003-12-02,16.2600,16.3477,16.0469,16.0783,85121700
2003-12-03,16.1785,16.3352,16.0532,16.0845,93121600
2003-12-04,16.1158,16.4354,16.0783,16.4166,87202400
2003-12-05,16.2662,16.5921,16.2412,16.2788,96610900
2003-12-08,16.3665,16.5043,16.1722,16.4417,90504000
2003-12-09,16.5670,16.6735,16.4479,16.5294,103547100
2003-12-10,16.5733,16.6860,16.5294,16.6610,82853700
2003-12-11,16.6610,16.7738,16.4667,16.6735,79309000
2003-12-12,16.7236,16.7988,16.6046,16.6986,69154100
2003-12-15,16.9492,16.9805,16.7174,16.7550,88860600
2003-12-16,16.8114,17.0181,16.7738,16.9555,73978000
2003-12-17,16.9429,16.9680,16.8239,16.9429,53712300
2003-12-18,16.9805,17.1998,16.9492,17.1685,61177800
2003-12-19,17.2249,17.2625,17.0369,17.1435,76856400
2003-12-22,17.0181,17.1873,16.8991,17.0307,43894800
2003-12-23,17.0244,17.1309,16.9241,17.0119,39609000
2003-12-24,17.0056,17.0181,16.9179,16.9429,19924200
2003-12-26,16.9492,17.0745,16.9179,17.0495,12076900
2003-12-29,17.0495,17.2500,17.0181,17.2061,40426700
2003-12-30,17.1748,17.2625,17.1685,17.2437,34406600
2003-12-31,17.1810,17.2625,17.0620,17.1497,42198900
2004-01-02,17.2813,17.4004,17.1247,17.1998,44487700
2004-01-05,17.3753,17.6573,17.3690,17.6322,67333700
2004-01-06,17.6635,17.7199,17.5883,17.6948,46950800
2004-01-07,17.6510,17.7387,17.5507,17.6761,54298200
2004-01-08,17.7888,17.8452,17.5445,17.6447,58810800
2004-01-09,17.5633,17.5827,17.2876,17.3314,67079900
2004-01-12,17.3377,17.3753,17.1372,17.2750,55845200
2004-01-13,17.2562,17.3189,17.0808,17.1873,51555900
2004-01-14,17.2374,17.3753,17.2124,17.3565,43907000
2004-01-15,17.2625,17.3690,17.1810,17.2562,58504100
2004-01-16,17.3816,17.4693,17.2500,17.4254,63983400
2004-01-20,17.5382,17.6698,17.5006,17.6071,63068500
2004-01-21,17.6259,17.7324,17.4505,17.7324,53570600
2004-01-22,17.7763,17.8202,17.5069,17.5507,78425200
2004-01-23,17.7136,18.0207,17.6823,17.8452,127259100
2004-01-26,17.8515,18.0645,17.7450,18.0457,58299600
2004-01-27,17.9204,17.9956,17.6823,17.7011,63196200
2004-01-28,17.7199,17.8202,17.2124,17.3628,71336000
2004-01-29,17.4066,17.5131,17.2750,17.4881,63748400
2004-01-30,17.4505,17.4818,17.2625,17.3252,40528700
2004-02-02,17.3126,17.4191,17.0683,17.1685,62891800
2004-02-03,17.1810,17.2625,17.0307,17.0996,47993800
2004-02-04,17.0119,17.1873,16.9241,16.9241,60648000
2004-02-05,16.9555,17.0244,16.8114,16.8928,55527500
2004-02-06,16.9179,17.0369,16.8740,16.9680,47209600
2004-02-09,17.0307,17.0614,16.8239,16.8552,48108500
2004-02-10,16.8302,17.0119,16.8051,16.9304,37790600
2004-02-11,16.8865,17.0620,16.8239,17.0119,51515300
2004-02-12,16.9743,17.0119,16.8740,16.8865,44537000
2004-02-13,16.9053,16.9555,16.6046,16.6610,67541100
2004-02-17,16.7299,16.9805,16.6610,16.9116,43477000
2004-02-18,16.8678,16.9868,16.7550,16.7738,50334700
2004-02-19,16.8552,16.9053,16.5607,16.5795,61840600
2004-02-20,16.6986,16.7894,16.6046,16.6484,57821900
2004-02-23,16.7612,16.7675,16.5920,16.6735,50256800
2004-02-24,16.6672,16.8865,16.6359,16.8427,55426500
2004-02-25,16.8490,16.9116,16.6735,16.7299,64275700
2004-02-26,16.6860,16.6986,16.5482,16.6046,66602700
2004-02-27,16.5921,16.6798,16.5106,16.6234,58266500
2004-03-01,16.6986,16.7424,16.6046,16.7299,51912300
2004-03-02,16.6860,16.7236,16.5106,16.5357,66331000
2004-03-03,16.5106,16.6359,16.4291,16.5231,54998700
2004-03-04,16.5231,16.5545,16.4229,16.5231,44023200
2004-03-05,16.4354,16.6672,16.4166,16.5106,59849800
2004-03-08,16.4855,16.5106,16.1722,16.1848,69367800
2004-03-09,16.1472,16.2725,16.0031,16.1158,81111700
2004-03-10,16.0783,16.1660,15.8840,15.8965,75155800
2004-03-11,15.7900,16.1534,15.7086,15.7211,90536300
2004-03-12,15.9028,15.9843,15.8088,15.9028,64137100
2004-03-15,15.8715,15.9341,15.7023,15.7650,68835300
2004-03-16,15.8339,15.8965,15.7273,15.7775,65453800
2004-03-17,15.8213,15.9529,15.7336,15.7462,56241400
2004-03-18,15.6396,15.6835,15.4015,15.5958,123231000
2004-03-19,15.5644,15.6271,15.3890,15.4329,86281600
2004-03-22,15.3702,15.5644,15.0444,15.3514,127605200
2004-03-23,15.4329,15.4517,15.1070,15.1321,91696300
2004-03-24,15.2637,15.4015,15.1509,15.2950,97584700
2004-03-25,15.4141,15.8151,15.4015,15.7838,85677900
2004-03-26,15.7336,15.9843,15.6647,15.6835,61584900
2004-03-29,15.8151,15.9153,15.6647,15.8589,51881600
2004-03-30,15.7838,15.8715,15.6835,15.7900,59010400
2004-03-31,15.7838,15.7900,15.5832,15.6208,70533200
2004-04-01,15.6334,15.7336,15.5707,15.7148,69051900
2004-04-02,15.9592,16.2286,15.9404,16.1973,98043800
2004-04-05,16.1660,16.2788,16.1221,16.2606,53800300
2004-04-06,16.1409,16.2286,16.0783,16.1660,48992000
2004-04-07,16.1221,16.1534,15.8840,16.0344,63268900
2004-04-08,16.1660,16.1973,15.8903,15.9655,45294600
2004-04-12,15.9655,16.1284,15.9341,16.0469,38786800
2004-04-13,16.0902,16.1472,15.9216,15.9467,56971500
2004-04-14,15.9153,16.0908,15.9028,15.9843,61079600
2004-04-15,16.0281,16.1221,15.7274,15.7994,73756900
2004-04-16,15.8652,15.9153,15.7336,15.7650,51768600
2004-04-19,15.7148,16.0407,15.7023,15.9968,44592100
2004-04-20,16.0720,16.2161,15.8401,15.8715,59902600
2004-04-21,15.8965,15.9717,15.7900,15.9467,49252000
2004-04-22,15.9836,16.2850,15.9592,16.2600,99207700
2004-04-23,17.1685,17.3690,17.1309,17.2562,258269000
2004-04-26,17.2061,17.2625,16.9805,17.0683,89391000
2004-04-27,17.0119,17.1497,16.9993,17.0557,80716800
2004-04-28,16.9492,16.9492,16.5858,16.6422,72842200
2004-04-29,16.6109,16.8803,16.4855,16.5921,77787300
2004-04-30,16.6610,16.7612,16.2662,16.3727,66172200
2004-05-03,16.4229,16.6171,16.4103,16.5106,65916200
2004-05-04,16.5137,16.6296,16.3038,16.4981,55496400
2004-05-05,16.4918,16.6672,16.4479,16.4793,51841700
2004-05-06,16.3915,16.5043,16.3095,16.3665,62693900
2004-05-07,16.3107,16.5294,16.1346,16.1534,68290200
2004-05-10,16.0657,16.3226,16.0532,16.2474,64621400
2004-05-11,16.3539,16.3602,16.1597,16.2537,57917200
2004-05-12,16.2098,16.2913,15.9341,16.2537,64145600
2004-05-13,16.1785,16.4103,16.1597,16.3539,63861500
2004-05-14,16.2788,16.3978,16.0657,16.2036,43775300
2004-05-17,15.9655,16.1597,15.9279,16.0031,55149600
2004-05-18,16.1033,16.2725,16.0657,16.1848,58158600
2004-05-19,16.3164,16.4605,16.0532,16.0532,60052800
2004-05-20,16.1340,16.2098,16.0344,16.1221,52089900
2004-05-21,16.2537,16.4166,16.1534,16.2224,57809300
2004-05-24,16.3164,16.3978,16.1284,16.1409,56250500
2004-05-25,16.1033,16.4103,16.0407,16.3539,66615000
2004-05-26,16.2844,16.3853,16.1973,16.3790,50306900
2004-05-27,16.3853,16.4103,16.2412,16.4103,49071900
2004-05-28,16.3915,16.5106,16.3038,16.4354,37393000
2004-06-01,16.3665,16.4605,16.2098,16.3602,48369500
2004-06-02,16.3727,16.4667,16.2976,16.3727,54020000
2004-06-03,16.3226,16.3727,16.2036,16.2224,45933100
2004-06-04,16.3164,16.4417,16.2537,16.2600,48815300
2004-06-07,16.3038,16.5607,16.2725,16.5607,65218600
2004-06-08,16.4730,16.6986,16.4417,16.6672,58447700
2004-06-09,16.5482,16.6986,16.5419,16.5858,50385500
2004-06-10,16.5294,16.7863,16.5294,16.7738,48109200
2004-06-14,16.6422,16.8552,16.6234,16.8552,67377500
2004-06-15,16.9053,17.2938,16.8991,17.1716,114183400
2004-06-16,17.1309,17.2312,17.0119,17.1184,67431100
2004-06-17,17.1121,17.4943,17.0996,17.3997,105427500
2004-06-18,17.3816,17.8578,17.3565,17.7638,134218700
2004-06-21,17.6886,17.9580,17.6197,17.7638,116881700
2004-06-22,17.6385,17.7638,17.4254,17.7262,98932000
2004-06-23,17.5445,17.7826,17.5445,17.7324,58558400
2004-06-24,17.8515,17.9517,17.7700,17.7888,65503800
2004-06-25,17.8390,17.9392,17.6980,17.9016,71136500
2004-06-28,17.9392,18.0144,17.6510,17.7199,77024100
2004-06-29,17.6635,17.9079,17.6573,17.8578,55371700
2004-06-30,17.8954,18.0457,17.7888,17.8954,83544400
2004-07-01,17.9768,18.0708,17.7074,17.9392,78441400
2004-07-02,17.9261,17.9705,17.7951,17.9016,36690100
2004-07-06,17.7450,17.7512,17.5069,17.5570,69158900
2004-07-07,17.3571,17.7450,17.2625,17.6071,66255700
2004-07-08,17.4693,17.6385,17.2625,17.3189,59125100
2004-07-09,17.4066,17.5451,17.3189,17.4567,50249300
2004-07-12,17.3502,17.5451,17.2876,17.4755,45757300
2004-07-13,17.4881,17.5131,17.2938,17.2938,43274100
2004-07-14,17.1685,17.7700,17.1309,17.6259,87656300
2004-07-15,17.5752,17.6721,17.4191,17.4630,46759700
2004-07-16,17.6441,17.6698,17.0745,17.2186,66406300
2004-07-19,17.3064,17.7074,17.2938,17.5131,60354500
2004-07-20,17.5507,17.8452,17.4505,17.7450,89010700
2004-07-21,18.5031,18.7287,18.0520,18.0833,201518000
2004-07-22,18.2080,18.3590,18.0645,18.1711,124640700
2004-07-23,17.7888,17.7951,17.5570,17.5633,97372700
2004-07-26,17.7763,17.9893,17.6692,17.9580,72387600
2004-07-27,17.9893,18.0207,17.6259,17.8202,72968400
2004-07-28,17.7638,18.0395,17.7199,17.9079,62718800
2004-07-29,18.0332,18.0457,17.7011,17.8452,60148400
2004-07-30,17.8202,18.0520,17.7512,17.8515,59552900
2004-08-02,17.7136,17.8891,17.6447,17.8703,52267000
2004-08-03,17.7763,17.8076,17.5445,17.5883,53990900
2004-08-04,17.5451,17.6698,17.5376,17.5821,46217900
2004-08-05,17.6322,17.6761,17.2437,17.2500,55591700
2004-08-06,17.1685,17.4567,16.9555,17.0056,75628000
2004-08-09,17.0745,17.0933,16.9805,17.0307,51877500
2004-08-10,17.1059,17.3878,17.0745,17.3690,57632700
2004-08-11,17.1560,17.2374,17.0432,17.1748,53097300
2004-08-12,17.0683,17.1121,16.8302,16.8427,50279700
2004-08-13,16.9304,17.0752,16.2600,16.9304,43333200
2004-08-16,16.9680,17.0432,16.8928,16.9743,54347200
2004-08-17,17.0557,17.1560,16.9053,16.9492,56879700
2004-08-18,16.8552,17.2312,16.8490,17.2061,58844000
2004-08-19,17.1309,17.1998,16.9241,16.9931,46293000
2004-08-20,16.9931,17.1497,16.9429,17.0432,46494800
2004-08-23,17.1372,17.1749,17.0430,17.1184,39572200
2004-08-24,17.2127,17.2566,17.0241,17.1184,40835300
2004-08-25,17.0995,17.3886,17.0807,17.3132,53512700
2004-08-26,17.2566,17.3446,17.2127,17.2441,35465500
2004-08-27,17.2755,17.3760,17.2504,17.2566,33248700
2004-08-30,17.1561,17.2127,16.8733,17.1561,36679600
2004-08-31,17.1498,17.1687,16.9990,17.1561,52106700
2004-09-01,17.1184,17.2943,17.0555,17.2127,48507500
2004-09-02,17.2064,17.3949,17.1875,17.3572,42161700
2004-09-03,17.2504,17.3572,17.0304,17.0367,46174400
2004-09-07,17.1498,17.2064,17.0681,17.1938,44893400
2004-09-08,17.1624,17.2624,17.0555,17.1310,53278100
2004-09-09,17.1561,17.2629,17.0807,17.1435,56904700
2004-09-10,17.1749,17.2881,17.0807,17.2755,52664500
2004-09-13,17.3069,17.3258,16.8042,17.1247,48239200
2004-09-14,17.1938,17.2881,17.1372,17.2441,55920000
2004-09-15,17.2001,17.2196,17.0555,17.0870,52605700
2004-09-16,17.1058,17.1875,17.0744,17.1310,35951500
2004-09-17,17.2127,17.3006,17.1310,17.2881,65283000
2004-09-20,17.2378,17.3760,17.1749,17.2881,51513600
2004-09-21,17.2566,17.3006,17.1247,17.1310,73874400
2004-09-22,17.1121,17.4326,17.0116,17.0430,68409000
2004-09-23,17.0870,17.2127,17.0744,17.1875,52155800
2004-09-24,17.2127,17.2566,17.0870,17.1498,49859800
2004-09-27,17.0807,17.1687,17.0493,17.0870,47813600
2004-09-28,17.0995,17.1938,16.9927,17.1372,62055100
2004-09-29,17.1372,17.4012,17.1142,17.3321,61529300
2004-09-30,17.3377,17.4640,17.2943,17.3760,71218000
2004-10-01,17.4766,17.7971,17.4577,17.7531,66302800
2004-10-04,17.8599,17.8851,17.6400,17.6714,62016200
2004-10-05,17.6903,17.8788,17.6588,17.8348,58017700
2004-10-06,17.8411,17.9423,17.7405,17.9291,56999600
2004-10-07,17.9165,17.9668,17.6965,17.7028,38401500
2004-10-08,17.6651,17.8034,17.5771,17.5897,49556600
2004-10-11,17.7217,17.7342,17.5520,17.6337,44691000
2004-10-12,17.4892,17.6965,17.4766,17.6148,56412900
2004-10-13,17.7154,17.7657,17.5583,17.6148,49500700
2004-10-14,17.6331,17.6965,17.4697,17.4703,41548700
2004-10-15,17.5771,17.7468,17.4829,17.5897,49828500
2004-10-18,17.6337,17.8788,17.5834,17.8536,50350700
2004-10-19,17.9353,17.9668,17.7028,17.7091,57026500
2004-10-20,17.7342,18.0673,17.6714,18.0353,69078100
2004-10-21,18.1113,18.1553,17.8914,17.9479,94988500
2004-10-22,17.7845,17.8097,17.3321,17.4326,101912800
2004-10-25,17.3949,17.4515,17.3132,17.3635,61529500
2004-10-26,17.4075,17.5331,17.3628,17.5331,76966600
2004-10-27,17.5143,17.8166,17.3321,17.6903,72392600
2004-10-28,17.6714,17.9353,17.5331,17.6023,63059600
2004-10-29,17.6651,17.6903,17.2315,17.5771,80010100
2004-11-01,17.6903,17.7720,17.5709,17.6463,72930900
2004-11-02,17.7468,17.8914,17.6142,17.7468,89417100
2004-11-03,18.0045,18.0045,17.7908,17.8914,79666700
2004-11-04,17.8411,18.2244,17.8348,18.2244,87867700
2004-11-05,18.3250,18.4507,18.2433,18.4192,95337700
2004-11-08,18.3438,18.5261,18.3061,18.4004,112802100
2004-11-09,18.4946,18.7837,18.4444,18.7083,100401000
2004-11-10,18.7963,18.8528,18.6580,18.6832,84097700
2004-11-11,18.7806,18.9031,18.7397,18.8403,87358900
2004-11-12,18.9534,18.9785,18.7272,18.8340,162269000
2004-11-15,19.1202,19.2251,19.0154,19.1482,104468000
2004-11-16,19.0993,19.1133,18.9105,18.9595,64522600
2004-11-17,19.0503,19.1272,18.9175,18.9944,58830700
2004-11-18,18.9664,18.9944,18.8756,18.9245,63249900
2004-11-19,18.9035,18.9245,18.7637,18.7777,85808600
2004-11-22,18.7078,18.7497,17.3795,18.6309,92410800
2004-11-23,18.5400,18.6658,18.4561,18.5470,70459700
2004-11-24,18.6099,18.6868,18.4561,18.6239,60069200
2004-11-26,18.5750,18.7497,18.5610,18.5959,24398700
2004-11-29,18.6204,18.8406,18.6029,18.7148,67079900
2004-11-30,18.7078,18.8826,18.6658,18.7427,75960400
2004-12-01,18.8406,19.0713,18.7427,19.0503,99889000
2004-12-02,19.0643,19.1552,18.8196,18.9385,96088300
2004-12-03,18.9874,19.1832,18.9734,19.0364,76498400
2004-12-06,18.9455,19.1832,18.9245,19.1063,55297400
2004-12-07,19.0573,19.1412,18.8756,18.9245,111656000
2004-12-08,18.8826,19.1272,18.8126,19.1272,95655000
2004-12-09,18.9595,19.1272,18.8336,19.0364,83006000
2004-12-10,18.9315,19.0014,18.9035,18.9315,70949200
2004-12-13,18.9455,19.0713,18.8126,19.0503,93812500
2004-12-14,18.9105,19.1063,18.9035,19.0364,127843200
2004-12-15,19.0294,19.1552,18.9245,18.9525,106303900
2004-12-16,18.9769,19.0713,18.8826,18.9874,88997500
2004-12-17,18.8756,19.0993,18.7323,18.8476,126184400
2004-12-20,18.8895,18.9804,18.7987,18.8406,85552800
2004-12-21,18.8756,18.9944,18.8336,18.9245,94646100
2004-12-22,18.7567,18.9804,18.7218,18.8546,63651900
2004-12-23,18.7777,18.9804,18.7567,18.8826,65801900
2004-12-27,18.8895,18.9455,18.7497,18.7707,55958500
2004-12-28,18.7637,18.8965,18.7357,18.8406,55075900
2004-12-29,18.7707,18.8756,18.7497,18.8057,47594900
2004-12-30,18.7987,18.8336,18.7001,18.7078,48355400
2004-12-31,18.7008,18.8057,18.6512,18.6798,54959500
2005-01-03,18.7357,18.8406,18.6302,18.6938,65002900
2005-01-04,18.7777,18.9455,18.6379,18.7637,109442100
2005-01-05,18.7637,18.9455,18.7078,18.7218,72463500
2005-01-06,18.7777,18.9175,18.6238,18.7008,76890500
2005-01-07,18.7567,18.7987,18.6099,18.6449,68723300
2005-01-10,18.5959,18.7777,18.5540,18.7357,70376600
2005-01-11,18.6588,18.7497,18.6029,18.6868,64712000
2005-01-12,18.7148,18.7707,18.6099,18.7218,72940600
2005-01-13,18.6588,18.7357,18.2883,18.3652,89861600
2005-01-14,18.4561,18.4911,18.2044,18.2604,92180800
2005-01-18,18.1974,18.4212,18.0646,18.4002,69146400
2005-01-19,18.3163,18.3582,18.1205,18.1625,58114100
2005-01-20,18.0611,18.2464,17.9947,18.0786,58380100
2005-01-21,18.1345,18.2674,17.9248,17.9318,76501000
2005-01-24,18.0157,18.1765,17.9248,17.9458,69010900
2005-01-25,18.0087,18.3093,18.0017,18.1905,67580700
2005-01-26,18.2324,18.2953,18.1066,18.1835,64974500
2005-01-27,18.1415,18.2883,18.0716,18.2534,93204100
2005-01-28,18.5540,18.6309,18.1484,18.3023,110466500
2005-01-31,18.4212,18.5400,18.2883,18.3722,71442100
2005-02-01,18.3512,18.4771,18.3303,18.4491,57981700
2005-02-02,18.4701,18.5260,18.3721,18.4981,79329500
2005-02-03,18.4351,18.4561,18.2464,18.3023,62545400
2005-02-04,18.3023,18.4351,18.2743,18.4002,61246500
2005-02-07,18.3652,18.3862,18.2184,18.2883,57763400
2005-02-08,18.3093,18.4142,18.2883,18.3443,61343700
2005-02-09,18.3512,18.3932,18.2044,18.2254,77874800
2005-02-10,18.2464,18.2674,18.1765,18.2184,71796400
2005-02-11,18.1974,18.2604,18.0436,18.1555,83835900
2005-02-14,18.1847,18.2604,18.1135,18.1835,58694000
2005-02-15,18.2325,18.2886,18.1344,18.1835,76551600
2005-02-16,18.1414,18.1835,18.0011,18.0853,57506600
2005-02-17,18.0292,18.1344,17.9520,17.9871,67024800
2005-02-18,17.9801,17.9871,17.8118,17.8679,77091100
2005-02-22,17.6996,17.8749,17.6715,17.6926,96419200
2005-02-23,17.6996,17.7767,17.6505,17.6715,83689400
2005-02-24,17.6575,17.8399,17.6365,17.7908,85236300
2005-02-25,17.7767,17.7978,17.6365,17.7066,62467700
2005-02-28,17.6856,17.7908,17.6222,17.6435,82728000
2005-03-01,17.6715,17.8188,17.6225,17.7276,56394800
2005-03-02,17.6645,17.8679,17.6435,17.7136,67739000
2005-03-03,17.7417,17.7487,17.6295,17.6505,52183600
2005-03-04,17.6786,17.7417,17.6225,17.6505,63058200
2005-03-07,17.6505,18.0853,17.6435,17.8609,80407400
2005-03-08,17.8118,17.9662,17.7697,17.8118,52871800
2005-03-09,17.8048,17.9310,17.7276,17.7487,62991800
2005-03-10,17.8328,17.8679,17.7066,17.8328,59132900
2005-03-11,17.8469,17.8680,17.5734,17.5944,60617900
2005-03-14,17.5874,17.6365,17.5032,17.6084,65550500
2005-03-15,17.6014,17.6996,17.4541,17.4682,71469400
2005-03-16,17.4051,17.5103,17.2227,17.2718,74841400
2005-03-17,17.2788,17.3069,17.2017,17.2087,60573200
2005-03-18,17.2017,17.4682,17.0264,17.0474,135904000
2005-03-21,17.0755,17.0825,16.9352,16.9703,71446200
2005-03-22,16.9633,17.0194,16.8019,16.8230,102113300
2005-03-23,16.8230,17.1035,16.8020,16.9563,79293300
2005-03-24,17.0124,17.1596,16.9702,17.0264,78820900
2005-03-28,17.1105,17.1596,16.9563,16.9703,49802000
2005-03-29,16.9282,16.9983,16.7038,16.7739,74231700
2005-03-30,16.8511,16.9633,16.8300,16.9422,59585700
2005-03-31,17.0054,17.0476,16.9141,16.9493,62382300
2005-04-01,16.9983,17.0755,16.9002,16.9142,64619600
2005-04-04,16.9072,17.0124,16.7880,16.9913,62196400
2005-04-05,16.9843,17.1807,16.9141,17.1596,73549600
2005-04-06,17.1596,17.4892,17.1450,17.2999,78020200
2005-04-07,17.2929,17.6225,17.2718,17.6014,77451500
2005-04-08,17.5804,17.7066,17.4682,17.4892,47956300
2005-04-11,17.5523,17.6084,17.4331,17.5103,47791800
2005-04-12,17.4752,17.7767,17.3910,17.7557,67517800
2005-04-13,17.6926,17.8469,17.5243,17.5593,60929300
2005-04-14,17.5383,17.6295,17.4121,17.4191,66754400
2005-04-15,17.2368,17.4612,17.1176,17.1526,100251600
2005-04-18,17.1456,17.4191,17.1105,17.2859,75766400
2005-04-19,17.3279,17.3910,17.1456,17.2718,65956200
2005-04-20,17.2929,17.3209,17.0404,17.0544,91923500
2005-04-21,17.1666,17.8048,17.1596,17.6996,93562300
2005-04-22,17.5664,17.7066,17.3770,17.5173,80087500
2005-04-25,17.5804,17.7276,17.4331,17.5243,75457900
2005-04-26,17.4962,17.7066,17.3490,17.3630,60464300
2005-04-27,17.2788,17.6365,17.2718,17.5243,47732800
2005-04-28,17.4051,17.4752,17.1386,17.1456,83623100
2005-04-29,17.4471,17.7417,17.3840,17.7417,98641200
2005-05-02,17.6926,17.7837,17.4962,17.6926,54376700
2005-05-03,17.6225,17.8118,17.5944,17.7837,67867800
2005-05-04,17.7557,17.8118,17.6084,17.6786,86864200
2005-05-05,17.6715,17.7627,17.5874,17.6926,59362300
2005-05-06,17.7627,17.8679,17.6645,17.6856,64322600
2005-05-09,17.6926,17.7627,17.5664,17.6084,61872400
2005-05-10,17.5593,17.5874,17.4051,17.4612,62235100
2005-05-11,17.4542,17.5103,17.2788,17.4682,59463300
2005-05-12,17.4191,17.6084,17.4121,17.5313,74540700
2005-05-13,17.5523,17.7978,17.5243,17.7417,77204300
2005-05-16,17.7481,17.9380,17.1009,17.9310,50577300
2005-05-17,17.8044,17.9380,17.7622,17.9099,39983200
2005-05-18,17.9380,18.1772,17.8818,18.0787,71182400
2005-05-19,18.1139,18.3249,18.0787,18.2335,52120800
2005-05-20,18.2054,18.2335,18.0998,18.1069,64444500
2005-05-23,18.1139,18.3390,18.1069,18.1843,75421100
2005-05-24,18.1491,18.2054,18.0928,18.1139,61287700
2005-05-25,18.0647,18.1280,17.9380,18.0858,35749000
2005-05-26,18.1139,18.2898,18.0998,18.2194,50579200
2005-05-27,18.1702,18.3531,18.1561,18.3390,54978000
2005-05-31,18.2687,18.3109,18.1139,18.1491,46131100
2005-06-01,18.0998,18.2898,18.0154,18.1561,54621000
2005-06-02,18.0928,18.1913,18.0365,18.1420,27212500
2005-06-03,18.0787,18.1563,17.8255,17.8888,79659500
2005-06-06,17.8536,17.9380,17.8044,17.8466,40756900
2005-06-07,17.8185,18.1702,17.8044,17.9451,54511400
2005-06-08,17.9732,18.0225,17.8255,17.8677,45369700
2005-06-09,17.8677,18.0161,17.8325,17.9451,52767900
2005-06-10,17.9310,17.9521,17.8255,17.8888,39459800
2005-06-13,17.8396,17.9310,17.7692,17.8044,49104100
2005-06-14,17.8044,17.8958,17.7551,17.8396,44243300
2005-06-15,17.8677,17.8747,17.6637,17.7692,50764800
2005-06-16,17.7411,17.7481,17.5511,17.6145,65918800
2005-06-17,17.7762,17.7903,17.5300,17.6145,90821300
2005-06-20,17.5722,17.7833,17.5371,17.6637,50538900
2005-06-21,17.6426,17.7200,17.6145,17.6918,81084000
2005-06-22,17.6637,17.7692,17.6074,17.6356,60492700
2005-06-23,17.7059,18.0225,17.6918,17.8044,105159800
2005-06-24,17.7411,17.8677,17.6074,17.6145,57970700
2005-06-27,17.6356,17.7622,17.6074,17.6215,61636200
2005-06-28,17.6496,17.7270,17.6067,17.6356,53058100
2005-06-29,17.7411,17.8114,17.5863,17.6496,55859900
2005-06-30,17.6285,17.6848,17.4597,17.4738,82018200
2005-07-01,17.4808,17.5796,17.3542,17.3823,69718400
2005-07-05,17.3471,17.7200,17.3190,17.5722,61883500
2005-07-06,17.5652,17.6426,17.3682,17.3753,64214600
2005-07-07,17.2909,17.3823,17.2346,17.3401,80082900
2005-07-08,17.3331,17.6712,17.3260,17.6496,56104000
2005-07-11,17.6918,17.8536,17.6637,17.7903,61525400
2005-07-12,17.7551,18.0225,17.7270,18.0154,63384800
2005-07-13,17.9591,18.1139,17.9239,18.0506,44749200
2005-07-14,18.1420,18.3601,18.1420,18.2687,69506800
2005-07-15,18.3179,18.3601,18.1139,18.1420,56472800
2005-07-18,18.0858,18.1420,17.9732,17.9732,39668000
2005-07-19,18.1420,18.4656,18.1139,18.4023,113290100
2005-07-20,18.2898,18.4516,18.2054,18.4234,71424800
2005-07-21,18.5008,18.6274,18.4234,18.5993,112932100
2005-07-22,18.2827,18.5289,18.0295,18.0647,97558900
2005-07-25,18.0717,18.2194,18.0436,18.0717,45174600
2005-07-26,18.0928,18.1069,17.9591,17.9662,51476400
2005-07-27,18.0154,18.1491,17.9591,18.0928,57977300
2005-07-28,18.1139,18.1843,18.0506,18.1139,44738700
2005-07-29,18.1350,18.2898,18.0014,18.0154,59524400
2005-08-01,18.1631,18.3249,18.1209,18.2335,61346800
2005-08-02,18.2194,18.9236,18.1983,18.8596,137510100
2005-08-03,18.8244,19.2957,18.8061,19.1691,139422400
2005-08-04,19.0987,19.3449,19.0284,19.2183,91461400
2005-08-05,19.1972,19.6545,19.1691,19.5278,82212400
2005-08-08,19.5560,19.5841,19.0495,19.0847,77207200
2005-08-09,19.1550,19.3520,19.0003,19.2394,64761800
2005-08-10,19.2816,19.3449,18.8877,18.9580,62818800
2005-08-11,18.9792,19.2043,18.9158,19.1832,48646800
2005-08-12,19.0495,19.0917,18.9229,19.0284,52006500
2005-08-15,19.0351,19.2615,18.8305,19.1409,45976600
2005-08-16,19.0704,19.1480,18.8374,18.8658,46894600
2005-08-17,18.9222,19.1551,18.8093,19.0140,52413100
2005-08-18,18.9716,19.1057,18.9081,18.9222,40861900
2005-08-19,18.9434,18.9857,18.8376,18.8517,36043500
2005-08-22,18.9011,19.1692,18.8870,18.9857,41691700
2005-08-23,18.9363,19.0986,18.8658,18.9575,48296700
2005-08-24,18.9363,19.1621,18.8940,18.9152,63645000
2005-08-25,18.9787,19.1127,18.9434,19.0704,39306300
2005-08-26,19.0774,19.1057,18.9575,19.0281,36774600
2005-08-29,18.9222,19.2115,18.9152,19.1551,52307700
2005-08-30,19.0916,19.2115,19.0210,19.1762,55163200
2005-08-31,19.1762,19.3597,19.0774,19.3173,65210200
2005-09-01,19.3173,19.3244,19.1551,19.1903,75974500
2005-09-02,19.1974,19.2397,19.0281,19.0633,52047500
2005-09-06,19.0916,19.2538,19.0351,19.0492,46089000
2005-09-07,19.0069,19.1268,18.9222,18.9434,44656100
2005-09-08,18.9081,18.9646,18.7106,18.7741,52552300
2005-09-09,18.7811,18.9222,18.7176,18.7529,41515800
2005-09-12,18.7529,18.8728,18.7100,18.7741,40550500
2005-09-13,18.7247,18.8799,18.6047,18.6824,63422900
2005-09-14,18.7106,18.7952,18.5554,18.5624,54969600
2005-09-15,18.6047,18.6471,18.4989,18.5342,60357200
2005-09-16,18.5836,18.6259,18.3225,18.3931,187384300
2005-09-19,18.4072,18.5342,18.2449,18.3437,61832300
2005-09-20,18.3931,18.4989,18.1250,18.2308,61043400
2005-09-21,18.2026,18.2731,17.9416,17.9839,68281800
2005-09-22,17.9839,18.0615,17.7440,17.8781,71314900
2005-09-23,17.8569,18.0192,17.7228,17.8287,66396800
2005-09-26,17.9204,17.9839,17.7863,17.8287,56203700
2005-09-27,17.8992,17.9557,17.8498,17.8781,48797900
2005-09-28,17.9133,18.2520,17.9063,18.1109,71019400
2005-09-29,18.0685,18.3437,17.9909,18.3014,66807100
2005-09-30,18.2802,18.3084,18.0685,18.1532,57644500
2005-10-03,18.1391,18.1550,17.9486,17.9909,55341300
2005-10-04,17.8922,17.9133,17.4618,17.6241,151666300
2005-10-05,17.6664,17.6735,17.4054,17.4054,73684700
2005-10-06,17.3983,17.6029,17.3066,17.4477,81724600
2005-10-07,17.4759,17.5254,17.2995,17.3489,50768700
2005-10-10,17.4054,17.4124,17.1796,17.2572,48880900
2005-10-11,17.2925,17.3208,17.1090,17.2219,76567300
2005-10-12,17.2784,17.4265,17.1231,17.1443,71294400
2005-10-13,17.1514,18.0544,17.1217,17.3489,70192000
2005-10-14,17.4336,17.4477,17.2848,17.4054,53846700
2005-10-17,17.4124,17.4195,17.2430,17.3066,46924400
2005-10-18,17.2642,17.5182,17.2501,17.3348,69328200
2005-10-19,17.3277,17.7017,17.2854,17.7017,66574500
2005-10-20,17.6735,17.7299,17.4547,17.4900,58830600
2005-10-21,17.5888,17.6382,17.3348,17.4830,69431200
2005-10-24,17.5606,17.7087,17.4124,17.7087,51868000
2005-10-25,17.6029,17.7299,17.5182,17.6593,41310500
2005-10-26,17.6170,17.8710,17.5888,17.7159,58178100
2005-10-27,17.7934,17.8287,17.5323,17.5323,61566100
2005-10-28,17.7087,18.0616,17.7087,18.0121,106559300
2005-10-31,18.0685,18.2026,17.9909,18.1320,75122100
2005-11-01,18.0685,18.4143,18.0685,18.3155,71370400
2005-11-02,18.2943,18.6965,18.2943,18.6682,75067100
2005-11-03,18.7670,18.7952,18.5201,18.6541,73421600
2005-11-04,18.7176,18.8446,18.6612,18.8093,57464000
2005-11-07,18.8517,19.1064,18.8376,19.0563,77104800
2005-11-08,19.0034,19.1762,18.8870,19.0842,60091700
2005-11-09,19.0351,19.1551,19.0069,19.0210,59562100
2005-11-10,19.0069,19.1551,18.7952,19.1127,73314800
2005-11-11,19.1551,19.3245,19.1385,19.2468,51945600
2005-11-14,19.3032,19.3597,19.1903,19.2962,67152200
2005-11-15,19.3381,19.4867,19.2815,19.4584,65081000
2005-11-16,19.4443,19.7273,19.4160,19.6283,86277000
2005-11-17,19.7061,19.8124,19.6424,19.7910,91351000
2005-11-18,19.9537,19.9891,19.7415,19.8618,75431200
2005-11-21,19.8618,19.9822,19.4584,19.9254,65794400
2005-11-22,19.8547,19.8688,19.7132,19.7485,104253300
2005-11-23,19.7485,19.8759,19.6283,19.7556,70541300
2005-11-25,19.6707,19.7698,19.4337,19.6424,44082500
2005-11-28,19.6636,19.7068,19.4797,19.6353,57517200
2005-11-29,19.6495,19.6636,19.5292,19.5858,62220400
2005-11-30,19.5858,19.6496,19.5504,19.5858,55904700
2005-12-01,19.6212,19.8837,19.6205,19.7344,61006100
2005-12-02,19.6849,19.8830,19.6636,19.8193,42319600
2005-12-05,19.7627,19.8264,19.6070,19.7061,47517300
2005-12-06,19.7415,19.7563,19.5858,19.5929,65980000
2005-12-07,19.5787,19.6353,19.4938,19.6353,55583200
2005-12-08,19.6070,19.6778,19.5292,19.5929,63931600
2005-12-09,19.6070,19.6919,19.5575,19.6070,48467000
2005-12-12,19.6000,19.6353,19.3381,19.4231,63757200
2005-12-13,19.3098,19.4089,19.1046,19.1967,104285500
2005-12-14,19.1046,19.2745,18.9985,19.1683,65076200
2005-12-15,19.1613,19.1825,18.9702,19.0480,79018100
2005-12-16,19.0197,19.1613,18.9702,19.0339,88542500
2005-12-19,18.9773,19.0127,18.8570,18.9844,68680100
2005-12-20,18.9348,19.0197,18.8711,19.0056,62960600
2005-12-21,19.0127,19.0410,18.8993,18.9136,75800900
2005-12-22,18.8994,18.9490,18.6935,18.8145,91276900
2005-12-23,18.7650,18.8714,18.7084,18.8499,30689200
2005-12-27,18.8782,18.9985,18.7155,18.7226,37819000
2005-12-28,18.7579,18.8655,18.6447,18.6730,35444400
2005-12-29,18.6872,18.7509,18.5810,18.5881,34495500
2005-12-30,18.5032,18.6164,18.4678,18.5032,49044600
2006-01-03,18.5740,19.1054,18.4678,18.9914,79973000
2006-01-04,18.9419,19.1613,18.9419,19.0834,57975600
2006-01-05,19.0551,19.1966,19.0410,19.0976,48245500
2006-01-06,19.0197,19.1046,18.7438,19.0410,100963000
2006-01-09,19.0551,19.1542,18.9348,19.0056,55625000
2006-01-10,18.8570,19.1188,18.8145,19.1046,64921900
2006-01-11,19.1117,19.3806,19.0339,19.3098,70120700
2006-01-12,19.2815,19.2886,19.0834,19.2037,45994800
2006-01-13,19.1259,19.2816,19.1117,19.2391,41418000
2006-01-17,19.0339,19.2391,19.0339,19.0976,58566600
2006-01-18,18.9207,19.0905,18.8924,18.9844,52376200
2006-01-19,19.0127,19.2745,18.9985,19.1188,60367600
2006-01-20,19.1117,19.1117,18.5810,18.6872,79165900
2006-01-23,18.6872,18.7721,18.6093,18.6447,47925600
2006-01-24,18.6376,18.7155,18.5527,18.5952,63040700
2006-01-25,18.6872,18.8004,18.5598,18.6801,59072100
2006-01-26,18.7933,18.9065,18.6164,18.7509,69509300
2006-01-27,19.2674,19.7769,19.2391,19.6636,134520700
2006-01-30,19.6636,19.9396,19.6566,19.8122,103999200
2006-01-31,19.7415,20.0811,19.7202,19.9184,94841300
2006-02-01,19.7768,19.8618,19.6424,19.8405,68448800
2006-02-02,19.7485,19.8051,19.4938,19.5858,55073400
2006-02-03,19.4372,19.6000,19.3452,19.4867,75022700
2006-02-06,19.4584,19.4867,19.1683,19.2249,60170500
2006-02-07,19.0693,19.2109,18.9702,19.0622,72159500
2006-02-08,19.1613,19.1613,18.8994,19.0410,51795200
2006-02-09,19.0693,19.1259,18.8570,18.8641,52861700
2006-02-10,18.8428,19.0268,18.7579,18.8853,52127000
2006-02-13,18.8287,18.8924,18.6376,18.6730,46707000
2006-02-14,18.7084,18.8782,18.6447,18.8570,58432900
2006-02-15,18.9059,19.1189,18.8136,19.0834,62808900
2006-02-16,19.0550,19.0977,18.8633,19.0337,48868500
2006-02-17,18.9769,19.0337,18.8562,18.9556,41513200
2006-02-21,18.9272,18.9698,18.7000,18.8420,50216100
2006-02-22,18.8349,19.0692,18.7923,18.9698,43043100
2006-02-23,18.9556,19.0906,18.8420,18.9272,47359100
2006-02-24,18.8775,18.9840,18.8278,18.9059,44753800
2006-02-27,18.9911,19.3532,18.9343,19.2041,51301500
2006-02-28,19.1260,19.3816,19.0763,19.0763,65036100
2006-03-01,19.1615,19.3106,19.1331,19.2680,53061200
2006-03-02,19.1615,19.2397,19.0976,19.1473,41850300
2006-03-03,19.0266,19.2822,18.9840,19.1189,45218800
2006-03-06,19.1118,19.2751,19.0479,19.1047,53054100
2006-03-07,19.0763,19.2396,19.0337,19.2112,51613900
2006-03-08,19.1473,19.5236,19.1473,19.3461,57547400
2006-03-09,19.3177,19.4668,19.1686,19.1686,45360700
2006-03-10,19.2112,19.3248,19.0834,19.2893,41297200
2006-03-13,19.1537,19.3745,19.1260,19.2467,40342600
2006-03-14,19.1686,19.4384,19.1615,19.3319,39821800
2006-03-15,19.2964,19.4882,19.1757,19.4242,57152000
2006-03-16,19.3674,19.5094,19.3248,19.3603,73793700
2006-03-17,19.4384,19.6372,19.3603,19.5236,120615000
2006-03-20,19.6585,19.8715,19.6443,19.8005,67094100
2006-03-21,19.8431,20.0347,19.6514,19.6940,73199600
2006-03-22,19.2254,19.5236,19.0239,19.2751,145696100
2006-03-23,19.2254,19.2396,18.9272,19.0621,73682900
2006-03-24,18.9698,19.3177,18.8988,19.1757,69157600
2006-03-27,19.1828,19.3816,19.1686,19.1757,59908600
2006-03-28,19.1686,19.3177,19.0337,19.0976,58520500
2006-03-29,19.1331,19.3106,19.1118,19.1828,53150300
2006-03-30,19.1757,19.4455,19.1686,19.3319,54612000
2006-03-31,19.4100,19.5527,19.3177,19.3177,62190500
2006-04-03,19.6443,19.6869,19.4810,19.5662,57605300
2006-04-04,19.5946,19.7366,19.5023,19.6230,45470000
2006-04-05,19.7721,19.8367,19.6230,19.6940,41539300
2006-04-06,19.6372,19.6798,19.4313,19.5662,51885500
2006-04-07,19.5804,19.6798,19.3319,19.3461,47249400
2006-04-10,19.3106,19.4810,19.3106,19.3745,39432000
2006-04-11,19.3319,19.3958,19.1686,19.2609,42953400
2006-04-12,19.2254,19.3106,19.1473,19.3106,32183000
2006-04-13,19.2183,19.3106,19.1686,19.2183,28160000
2006-04-17,19.1757,19.2041,18.9769,19.0550,35796200
2006-04-18,19.0976,19.5236,19.0408,19.3248,56272700
2006-04-19,19.2254,19.3035,19.1402,19.1899,45111100
2006-04-20,19.1970,19.3035,18.9556,19.1899,45648300
2006-04-21,19.2893,19.4456,19.1686,19.2751,58528000
2006-04-24,19.2112,19.3462,19.1544,19.2467,42318400
2006-04-25,19.2325,19.3177,19.1828,19.2467,49222500
2006-04-26,19.2183,19.3319,19.1686,19.2396,39190000
2006-04-27,19.1544,19.6159,19.1260,19.3461,96509600
2006-04-28,17.2234,17.3937,17.0388,17.1453,591052200
2006-05-01,17.2730,17.7487,17.1027,17.2447,174800900
2006-05-02,17.3937,17.7487,16.9678,17.0459,190533500
2006-05-03,17.0388,17.0530,16.4353,16.4495,211527100
2006-05-04,16.5773,16.8045,16.4282,16.6412,171257400
2006-05-05,16.7974,17.0033,16.6980,16.8968,131604300
2006-05-08,16.9323,17.7487,16.6909,16.8471,80693500
2006-05-09,16.8613,17.0388,16.6767,16.7690,75345900
2006-05-10,16.8045,16.8897,16.7477,16.8755,76563300
2006-05-11,16.8329,16.8897,16.4353,16.4850,92916700
2006-05-12,16.4353,16.5915,16.3643,16.4495,83115900
2006-05-15,16.4636,16.5562,16.4137,16.4992,67314800
2006-05-16,16.5063,17.1050,16.3282,16.3994,82095100
2006-05-17,16.3139,16.4494,16.1999,16.1999,98598300
2006-05-18,16.2783,16.4921,16.2212,16.2711,95476400
2006-05-19,16.2426,16.3210,16.0502,16.0787,100071200
2006-05-22,16.0217,16.4066,16.0003,16.3068,87322300
2006-05-23,16.4671,16.6632,16.2284,16.2426,79986300
2006-05-24,16.3852,16.7772,16.3780,16.7487,107356700
2006-05-25,16.7985,17.0481,16.7772,16.9197,83052700
2006-05-26,16.9411,17.0195,16.7914,16.9054,46861600
2006-05-30,16.7843,16.9340,16.4921,16.4992,52497500
2006-05-31,16.5776,16.6417,16.1429,16.1429,120202000
2006-06-01,16.2070,16.2783,16.1215,16.2640,80230800
2006-06-02,16.2996,16.3852,16.1571,16.2212,73935600
2006-06-05,16.1927,16.1999,16.0288,16.0359,63914100
2006-06-06,16.0716,16.0787,15.6653,15.7722,126601300
2006-06-07,15.7865,15.9575,15.6867,15.7081,73827500
2006-06-08,15.7010,15.8293,15.6582,15.7580,104126900
2006-06-09,15.7865,15.8150,15.6582,15.7010,52573800
2006-06-12,15.6440,15.7509,15.4658,15.4729,74309700
2006-06-13,15.4872,15.7010,15.2947,15.3304,113175300
2006-06-14,15.3874,15.6368,15.3589,15.5941,86081500
2006-06-15,15.6867,15.7723,15.5370,15.7295,121577300
2006-06-16,15.6582,15.8791,15.5299,15.7509,147506500
2006-06-19,15.7794,16.1072,15.7651,16.0716,129640900
2006-06-20,16.0645,16.2213,16.0359,16.0787,90598500
2006-06-21,16.1143,16.4992,16.0573,16.4493,91660300
2006-06-22,16.4351,16.5135,16.2355,16.3068,76590600
2006-06-23,16.2854,16.2996,16.0359,16.0359,60532600
2006-06-26,16.1429,16.3139,16.1286,16.2640,53644100
2006-06-27,16.3139,16.5063,16.2783,16.2925,84759100
2006-06-28,16.3638,16.5705,16.3282,16.5063,71906500
2006-06-29,16.6204,16.8413,16.5491,16.7274,121395500
2006-06-30,16.7772,16.8556,16.6061,16.6061,73048800
2006-07-03,16.7700,16.9054,16.7130,16.8912,25711400
2006-07-05,16.7344,16.7629,16.6061,16.6417,53093500
2006-07-06,16.7130,16.8271,16.6916,16.7344,44775200
2006-07-07,16.6703,16.7843,16.6061,16.6061,63168800
2006-07-10,16.6988,16.8627,16.6631,16.7487,50565100
2006-07-11,16.6560,16.6560,16.2070,16.4636,88676300
2006-07-12,16.2426,16.3068,16.1215,16.1357,77379300
2006-07-13,15.9433,16.1143,15.8578,15.8649,73099500
2006-07-14,15.8791,16.0716,15.8435,15.8863,67499400
2006-07-17,15.8863,16.1143,15.8649,16.0217,37053500
2006-07-18,16.1001,16.2212,16.0217,16.2070,65047300
2006-07-19,16.2640,16.7201,16.1927,16.6774,82188200
2006-07-20,16.7023,16.7130,16.2355,16.2854,76605200
2006-07-21,17.1620,17.2119,16.3923,17.0124,175483800
2006-07-24,17.1121,17.1835,16.9553,17.1050,59586700
2006-07-25,17.1050,17.3117,17.0337,17.2618,60075800
2006-07-26,17.1905,17.4827,17.1763,17.3687,54942100
2006-07-27,17.5184,17.5326,16.9411,17.0124,85386800
2006-07-28,17.1620,17.3046,17.1478,17.2832,51705800
2006-07-31,17.1549,17.4043,17.1121,17.1478,40254400
2006-08-01,17.1193,17.2476,16.9981,17.0979,49168700
2006-08-02,17.1905,17.3902,17.1264,17.3188,46462000
2006-08-03,17.2369,17.4471,17.2119,17.2547,43155300
2006-08-04,17.3901,17.4543,17.2119,17.3117,45690400
2006-08-07,17.3046,17.4471,17.2404,17.2618,36862400
2006-08-08,17.3830,17.4756,17.2475,17.3473,58171300
2006-08-09,17.4542,17.5611,17.3473,17.4186,44405700
2006-08-10,17.3687,17.5326,17.3473,17.4329,31753400
2006-08-11,17.3687,17.4257,17.2475,17.4115,30255500
2006-08-14,17.4756,17.5326,17.3545,17.4827,47831900
2006-08-15,17.5610,17.6325,17.4823,17.6110,48994500
2006-08-16,17.6039,17.6897,17.5037,17.6683,52373600
2006-08-17,17.6683,17.7040,17.6039,17.6683,45674800
2006-08-18,17.9186,18.4551,17.8685,18.4479,128414800
2006-08-21,18.3550,18.6912,18.2834,18.6840,88398300
2006-08-22,18.6053,18.7771,18.3263,18.3263,89312400
2006-08-23,18.3442,18.5624,18.2548,18.3621,44648500
2006-08-24,18.4694,18.4980,18.2405,18.4122,35933300
2006-08-25,18.3907,18.5982,18.3764,18.4909,33115900
2006-08-28,18.4837,18.5982,18.3764,18.5624,34190900
2006-08-29,18.5409,18.5839,18.3335,18.4837,42711200
2006-08-30,18.4909,18.5195,18.3407,18.4551,30283100
2006-08-31,18.5052,18.5839,18.3693,18.3836,26380500
2006-09-01,18.5195,18.5767,18.3407,18.4837,31594600
2006-09-05,18.3764,18.5696,18.2834,18.3192,44222400
2006-09-06,18.2477,18.3979,18.2477,18.3192,50160400
2006-09-07,18.2262,18.3836,18.1618,18.1904,51266900
2006-09-08,18.2620,18.4479,18.2119,18.3120,36866800
2006-09-11,18.1904,18.5624,18.1833,18.5338,55608200
2006-09-12,18.5266,18.5839,18.3978,18.5481,52248800
2006-09-13,18.4694,18.6697,18.2334,18.5839,37706700
2006-09-14,18.5910,18.9558,18.5839,18.8342,74324500
2006-09-15,19.0130,19.2706,18.9487,19.2062,126057700
2006-09-18,19.1275,19.3421,19.0774,19.1633,49135000
2006-09-19,19.1275,19.2706,19.1132,19.2133,43039100
2006-09-20,19.3206,19.4780,19.3063,19.4422,71676400
2006-09-21,19.4852,19.4923,19.2062,19.2419,58495100
2006-09-22,19.1919,19.2062,18.9415,19.0703,47712500
2006-09-25,19.1776,19.4494,19.1633,19.2777,67903900
2006-09-26,19.2491,19.5424,19.2276,19.4565,54766500
2006-09-27,19.4422,19.6497,19.3993,19.6282,66233900
2006-09-28,19.6497,19.6854,19.4995,19.5996,44179700
2006-09-29,19.5638,19.6139,19.4637,19.5638,34283500
2006-10-02,19.5424,19.6640,19.4208,19.5710,52908100
2006-10-03,19.5781,19.6568,19.4637,19.5781,39386200
2006-10-04,19.5924,20.0002,19.5781,19.9859,82191200
2006-10-05,19.9716,20.1075,19.8714,19.9716,81967200
2006-10-06,19.8571,20.0289,19.7784,19.9358,36452200
2006-10-09,19.8857,19.9787,19.7570,19.8285,33366300
2006-10-10,19.8070,19.8500,19.6282,19.8070,34598500
2006-10-11,19.6425,19.7927,19.6139,19.6997,37219600
2006-10-12,19.7284,20.2362,19.6997,20.1862,120174900
2006-10-13,20.2720,20.5224,20.2505,20.2935,129751900
2006-10-16,20.3721,20.4580,20.2648,20.3507,49744800
2006-10-17,20.2005,20.3936,20.1504,20.3435,40122600
2006-10-18,20.3864,20.5296,20.2148,20.4008,40630800
2006-10-19,20.2792,20.3514,20.1146,20.2362,44730800
2006-10-20,20.3721,20.3793,20.1504,20.3364,48887800
2006-10-23,20.2434,20.5224,20.1575,20.3507,48525000
2006-10-24,20.3364,20.3364,20.1218,20.2291,61409600
2006-10-25,20.2291,20.3578,20.1289,20.2505,40717100
2006-10-26,20.2648,20.3221,20.0574,20.2792,69964200
2006-10-27,20.3793,20.5939,20.2076,20.2720,89060100
2006-10-30,20.2792,20.6297,20.2577,20.4079,47296800
2006-10-31,20.5009,20.6369,20.4294,20.5367,61861700
2006-11-01,20.5867,20.7370,20.5295,20.6082,75895900
2006-11-02,20.5367,20.6440,20.4437,20.5796,58674400
2006-11-03,20.6368,20.6940,20.4651,20.5510,41124500
2006-11-06,20.5796,20.7799,20.5724,20.6297,60446200
2006-11-07,20.6440,20.7942,20.6010,20.7083,56511200
2006-11-08,20.5867,20.9086,20.5009,20.7298,77403300
2006-11-09,20.8228,21.0302,20.7441,20.9301,89407500
2006-11-10,20.8657,20.9515,20.8514,20.9158,37855100
2006-11-13,20.8800,21.0731,20.8586,20.9945,47271800
2006-11-14,21.0161,21.1165,20.8653,20.9791,63012500
2006-11-15,20.9048,21.0735,20.8940,20.9012,63943200
2006-11-16,20.9120,21.2744,20.9084,21.1524,64328500
2006-11-17,21.0376,21.2027,21.0161,21.1022,49356700
2006-11-20,21.1883,21.5328,21.1740,21.4539,85703800
2006-11-21,21.4682,21.5329,21.3821,21.4754,66446600
2006-11-22,21.5113,21.5328,21.4036,21.4754,43907200
2006-11-24,21.2888,21.4180,21.2744,21.3606,20456700
2006-11-27,21.3103,21.3462,21.0519,21.1596,72722100
2006-11-28,21.0591,21.1165,20.9084,21.0950,52602300
2006-11-29,21.1309,21.3749,21.1237,21.2242,58775100
2006-11-30,21.1165,21.2242,21.0490,21.0735,53297400
2006-12-01,20.9802,21.0304,20.7432,20.9012,72257000
2006-12-04,20.9802,21.1883,20.9371,21.0519,55123400
2006-12-05,21.0735,21.1022,20.8366,20.9084,45606000
2006-12-06,20.8833,20.9084,20.7218,20.8079,48564100
2006-12-07,20.7864,20.8653,20.6787,20.7074,46831100
2006-12-08,20.6859,21.1022,20.6715,21.1022,108854900
2006-12-11,20.9515,21.3534,20.8940,21.2027,107712000
2006-12-12,21.2170,21.2673,20.9730,21.1237,68529400
2006-12-13,21.2457,21.2457,21.0448,21.2098,46002500
2006-12-14,21.1991,21.5903,21.1883,21.5831,85866500
2006-12-15,21.6333,21.6979,21.5544,21.6692,102783700
2006-12-18,21.6692,21.7195,21.3749,21.4539,56986800
2006-12-19,21.3247,21.6549,21.1955,21.5257,53822100
2006-12-20,21.5257,21.7051,21.5113,21.5974,31202100
2006-12-21,21.6261,21.6333,21.4539,21.5185,32270500
2006-12-22,21.4072,21.4324,21.2601,21.2744,37971700
2006-12-26,21.1955,21.5328,21.1022,21.5257,37098300
2006-12-27,21.5257,21.6261,21.4682,21.5472,31248400
2006-12-28,21.4324,21.5544,21.3965,21.5185,26690600
2006-12-29,21.4324,21.6405,21.4108,21.4324,41739800
2007-01-03,21.4682,21.7123,21.1022,21.4324,76935100
2007-01-04,21.3175,21.5113,21.1309,21.3965,45774500
2007-01-05,21.2673,21.3534,21.1381,21.2744,44607200
2007-01-08,21.2816,21.6046,21.1955,21.4826,50220200
2007-01-09,21.5328,21.6620,21.3390,21.5041,44636600
2007-01-10,21.3893,21.4539,21.1237,21.2888,55017400
2007-01-11,21.3606,22.0712,21.2816,22.0353,99464300
2007-01-12,21.9994,22.5305,21.9922,22.4013,103972500
2007-01-16,22.4372,22.5736,22.2721,22.3654,62379600
2007-01-17,22.4372,22.5664,22.2578,22.3224,58519600
2007-01-18,22.3583,22.5162,22.1070,22.2506,56364300
2007-01-19,22.0568,22.3296,22.0281,22.3296,75826900
2007-01-22,22.2937,22.3367,21.8989,22.0496,56143900
2007-01-23,21.9850,22.2219,21.9061,22.0640,49171200
2007-01-24,22.0927,22.4659,21.9994,22.3152,58527800
2007-01-25,22.3080,22.5951,21.8558,21.8558,97378700
2007-01-26,22.4085,22.4157,21.9635,21.9635,96103700
2007-01-29,21.9994,22.0927,21.7769,21.9133,57605900
2007-01-30,21.9420,21.9922,21.6333,21.8774,61900400
2007-01-31,21.8271,22.3224,21.7841,22.1501,73968400
2007-02-01,22.1358,22.2075,21.7984,21.9348,55355800
2007-02-02,22.1214,22.1358,21.6261,21.6692,60401700
2007-02-05,21.5113,21.5472,21.1094,21.2529,99102100
2007-02-06,21.2386,21.3535,20.9730,21.1811,79281100
2007-02-07,21.2744,21.3175,20.9944,21.0806,65145500
2007-02-08,20.9873,21.3893,20.9586,21.0017,48749000
2007-02-09,21.0663,21.1022,20.7648,20.8007,69823100
2007-02-12,20.7361,20.8797,20.6931,20.7720,52774400
2007-02-13,20.9156,21.0309,20.8580,20.8940,50348100
2007-02-14,21.0093,21.3838,20.9949,21.1749,55588600
2007-02-15,21.3046,21.3550,21.0453,21.2181,63858100
2007-02-16,20.8184,20.8436,20.6347,20.6996,109340300
2007-02-20,20.6203,20.7860,20.5051,20.7644,53978200
2007-02-21,20.7068,21.1677,20.6996,21.1389,68604900
2007-02-22,21.1065,21.2758,21.0021,21.1677,57754400
2007-02-23,21.0453,21.0885,20.8076,20.8148,63787100
2007-02-26,20.8580,20.9733,20.7572,20.9372,63481900
2007-02-27,20.6780,20.8652,20.0153,20.0730,87143300
2007-02-28,20.1306,20.3467,20.1090,20.2890,86333300
2007-03-01,20.0370,20.4043,19.9721,20.2314,80175700
2007-03-02,20.1810,20.2818,19.9937,19.9937,63254700
2007-03-05,19.7993,20.1018,19.7417,19.8424,56454300
2007-03-06,20.0225,20.1234,19.9145,20.0442,49361800
2007-03-07,19.9937,20.0946,19.8425,19.8857,52044700
2007-03-08,19.9649,20.0586,19.1583,19.6768,72175200
2007-03-09,19.7489,19.7921,19.4680,19.6480,80125000
2007-03-12,19.5760,19.7921,19.5400,19.7633,36516400
2007-03-13,19.6264,19.7345,19.2375,19.2447,75169500
2007-03-14,19.3167,19.7345,19.2519,19.7345,75730300
2007-03-15,19.6768,19.7849,19.5904,19.6480,51757100
2007-03-16,19.6984,19.7921,19.5904,19.6840,65055300
2007-03-19,19.6912,20.0442,19.5904,20.0442,49412000
2007-03-20,20.1162,20.2818,19.9937,20.0514,47902400
2007-03-21,20.0910,20.5411,19.8497,20.5411,72808200
2007-03-22,20.5411,20.5627,20.1738,20.3611,47934900
2007-03-23,20.3250,20.3611,20.0225,20.1810,50519800
2007-03-26,20.1234,20.3250,19.9505,20.3250,47491500
2007-03-27,20.1954,20.2818,19.9145,19.9649,58979800
2007-03-28,19.8641,20.1666,19.7345,19.9073,46947000
2007-03-29,20.0514,20.0550,19.7993,19.9865,42629900
2007-03-30,19.9865,20.1306,19.8065,20.0730,47061000
2007-04-02,20.0874,20.1162,19.8497,19.9793,41977600
2007-04-03,20.0658,20.2098,19.9865,20.0730,39821300
2007-04-04,20.1738,20.7284,20.0946,20.5267,63244200
2007-04-05,20.3971,20.6347,20.3827,20.5627,30131200
2007-04-09,20.5807,20.6852,20.4475,20.5771,31384600
2007-04-10,20.5267,20.6275,20.3250,20.4547,38643100
2007-04-11,20.3827,20.5771,20.1594,20.2458,44050200
2007-04-12,20.2098,20.6131,20.1954,20.5555,43762100
2007-04-13,20.4763,20.6708,20.2386,20.6059,36002900
2007-04-16,20.5987,20.7068,20.3178,20.6924,30740100
2007-04-17,20.6203,20.8076,20.5699,20.7788,33170200
2007-04-18,20.6059,20.6492,20.4259,20.5987,41778400
2007-04-19,20.4115,20.8076,20.3539,20.6636,43648800
2007-04-20,20.8724,20.9589,20.6708,20.9012,60311500
2007-04-23,20.8580,20.8796,20.6492,20.7284,41739100
2007-04-24,20.7356,20.8580,20.5915,20.7356,34236700
2007-04-25,20.7860,20.8869,20.6636,20.8796,39475000
2007-04-26,20.9517,21.1389,20.8220,20.9589,68760300
2007-04-27,21.7295,22.1400,21.6071,21.6935,128298800
2007-04-30,21.7007,21.8736,21.5639,21.5639,67788800
2007-05-01,21.5639,21.9096,21.5350,21.7457,73539300
2007-05-02,21.8880,22.1040,21.8231,22.0464,80686700
2007-05-03,22.0392,22.3273,21.9888,22.3057,82036800
2007-05-04,22.0968,22.1112,21.8159,22.0104,104385900
2007-05-07,21.9816,22.1545,21.9528,22.1184,59889100
2007-05-08,22.0968,22.2841,22.0248,22.1472,60551700
2007-05-09,22.1112,22.2769,22.0176,22.1688,51735000
2007-05-10,22.0968,22.2769,21.9888,22.0248,55398600
2007-05-11,22.0176,22.3129,22.0032,22.2481,43425300
2007-05-14,22.2121,22.3201,22.1905,22.3057,70188500
2007-05-15,22.3273,22.4646,22.2839,22.3273,75013900
2007-05-16,22.3996,22.4646,22.2623,22.4501,45833600
2007-05-17,22.4212,22.5007,22.3707,22.3851,41045600
2007-05-18,22.3779,22.3923,22.0961,22.2767,58453000
2007-05-21,22.2045,22.5152,22.2045,22.4357,41836400
2007-05-22,22.3273,22.3490,22.1539,22.1756,39999500
2007-05-23,22.2839,22.2839,22.0889,22.0961,46322500
2007-05-24,22.0672,22.2550,21.6481,21.7998,64046400
2007-05-25,21.8793,22.1539,21.8071,22.0238,47726500
2007-05-29,22.0310,22.2767,21.9588,22.2478,42373100
2007-05-30,22.0744,22.4935,22.0455,22.4790,57376800
2007-05-31,22.4863,22.5152,22.1178,22.1756,85290500
2007-06-01,22.2478,22.3273,22.0744,22.1033,39469400
2007-06-04,21.9805,22.2261,21.9660,22.1936,41434500
2007-06-05,22.1250,22.1322,21.9154,22.0961,44265000
2007-06-06,21.9443,22.0600,21.8576,21.8865,38217500
2007-06-07,21.6914,21.8865,21.3807,21.4024,71971400
2007-06-08,21.3735,21.7203,21.2507,21.7131,61346200
2007-06-11,21.6336,21.8576,21.6264,21.6914,48467400
2007-06-12,21.6481,21.8504,21.5108,21.5686,56981800
2007-06-13,21.6553,21.9732,21.5687,21.9588,64435600
2007-06-14,21.9299,22.1900,21.8938,22.0527,59065700
2007-06-15,22.2984,22.3128,21.9877,22.0310,100933000
2007-06-18,22.1756,22.1972,21.9805,22.0455,45412600
2007-06-19,22.0238,22.1539,21.9516,22.0094,46802600
2007-06-20,21.9949,22.0455,21.6481,21.6842,46861600
2007-06-21,21.6589,21.8938,21.6120,21.8360,56564800
2007-06-22,21.6770,21.7492,21.2796,21.3085,86219900
2007-06-25,21.2940,21.5108,21.2290,21.3085,53905800
2007-06-26,21.3518,21.5325,21.3157,21.3302,48340300
2007-06-27,21.2145,21.6409,21.2145,21.5831,53468600
2007-06-28,21.5758,21.6553,21.4458,21.5542,46055200
2007-06-29,21.5831,21.6264,20.9833,21.2940,71193900
2007-07-02,21.4385,21.5325,21.3085,21.4891,47316000
2007-07-03,21.5216,21.8360,21.5180,21.6914,35202600
2007-07-05,21.7131,21.8360,21.5542,21.6698,47838500
2007-07-06,21.6120,21.7059,21.4313,21.6553,57541000
2007-07-09,21.5758,21.6409,21.5397,21.5831,33831400
2007-07-10,21.4602,21.6698,21.0845,21.1929,66013500
2007-07-11,21.1278,21.4241,21.1062,21.3085,48017000
2007-07-12,21.3591,21.7565,21.2724,21.7276,54302400
2007-07-13,21.6336,21.6914,21.4313,21.5469,42173000
2007-07-16,21.5036,21.8504,21.4747,21.6987,48023200
2007-07-17,21.6914,22.3128,21.6842,22.2405,77539600
2007-07-18,22.0455,22.3779,22.0383,22.3418,64414400
2007-07-19,22.4357,23.0065,22.3490,22.7681,121159300
2007-07-20,22.5079,22.5441,22.2478,22.5152,98292600
2007-07-23,22.6597,22.7753,22.4863,22.5368,48910600
2007-07-24,22.4068,22.7464,22.1900,22.2550,59729300
2007-07-25,22.3923,22.6163,21.9443,22.1900,54950100
2007-07-26,21.8504,22.0600,21.3229,21.6625,87025300
2007-07-27,21.6264,21.6770,21.2145,21.2363,69214600
2007-07-30,21.2471,21.3085,20.9183,21.2435,67499600
2007-07-31,21.4674,21.4718,20.9400,20.9472,66554000
2007-08-01,20.9327,21.3518,20.8244,21.1712,80006300
2007-08-02,21.0917,21.5253,20.9689,21.3302,47938300
2007-08-03,21.2796,21.5180,20.8822,20.9256,61535500
2007-08-06,21.0086,21.3446,20.7738,21.3446,59530500
2007-08-07,21.1929,21.5253,20.9906,21.3518,49163000
2007-08-08,21.4747,21.6842,21.1062,21.6770,52898600
2007-08-09,21.4169,21.7492,20.8966,21.1712,72964500
2007-08-10,20.8822,20.9906,20.4197,20.7449,76576200
2007-08-13,20.9111,20.9472,20.5498,20.6871,55492300
2007-08-14,20.8618,20.9488,20.4484,20.4992,42944100
2007-08-15,20.4049,21.0213,20.3397,20.3759,48117700
2007-08-16,20.2164,20.5572,19.9481,20.1657,81447400
2007-08-17,20.3687,20.4847,20.1729,20.4847,76747700
2007-08-20,20.4339,20.6588,20.3614,20.4920,49952000
2007-08-21,20.3759,20.5355,20.2092,20.3542,50786200
2007-08-22,20.4992,20.5355,20.3107,20.4630,44763500
2007-08-23,20.5210,20.5427,20.3759,20.5210,33886600
2007-08-24,20.4557,20.9125,20.3542,20.8908,45158900
2007-08-27,20.7457,20.8618,20.5935,20.6587,32789500
2007-08-28,20.5065,20.6587,20.2382,20.2527,43924400
2007-08-29,20.3614,20.7457,20.1729,20.7312,45753700
2007-08-30,20.6080,20.9778,20.5355,20.6297,33690700
2007-08-31,20.8110,20.9705,20.5645,20.8328,42511900
2007-09-04,20.6660,21.1011,20.6515,20.8908,45689600
2007-09-05,20.7748,20.8328,20.6080,20.6515,47669800
2007-09-06,20.7385,21.0358,20.7022,20.9633,45430800
2007-09-07,20.7530,20.9053,20.5355,20.6225,52160900
2007-09-10,20.7893,20.8473,20.6007,20.6515,37247600
2007-09-11,20.7603,20.9923,20.7240,20.9778,34380800
2007-09-12,20.8908,21.1518,20.8835,20.9778,42364700
2007-09-13,21.0721,21.2171,20.9995,21.1446,35288600
2007-09-14,20.9778,21.1083,20.9415,21.0576,33496600
2007-09-17,20.8763,20.9415,20.7530,20.8291,39536500
2007-09-18,20.8110,21.0032,20.4992,20.9778,77462400
2007-09-19,20.9343,20.9633,20.5210,20.7893,94242200
2007-09-20,20.6515,20.7240,20.5500,20.6080,67168900
2007-09-21,20.8110,20.8908,20.6225,20.7747,135636100
2007-09-24,20.8908,21.4709,20.8835,21.0866,104459800
2007-09-25,21.1301,21.4346,21.1083,21.4345,75621000
2007-09-26,21.5216,21.6449,21.3766,21.3911,60337000
2007-09-27,21.5144,21.5506,21.3476,21.3839,43407100
2007-09-28,21.3839,21.5289,21.1953,21.3621,45819100
2007-10-01,21.3621,21.6014,21.3258,21.5870,43875100
2007-10-02,21.5361,21.6449,21.4419,21.5361,33700900
2007-10-03,21.5434,21.6449,21.2388,21.3567,37633900
2007-10-04,21.4419,21.5869,21.3476,21.5434,37868000
2007-10-05,21.6812,21.7464,21.5579,21.6376,45012300
2007-10-08,21.5071,21.6449,21.4636,21.6376,30265400
2007-10-09,21.7754,22.0365,21.7537,21.8261,63603100
2007-10-10,21.7833,22.0220,21.7754,21.9204,32251500
2007-10-11,21.9748,22.2105,21.6014,21.6884,50788400
2007-10-12,21.7754,22.0437,21.7174,21.8769,31121100
2007-10-15,21.8189,21.9930,21.7537,21.7827,47150500
2007-10-16,21.9277,22.1742,21.9204,21.9857,56286200
2007-10-17,22.2975,22.6456,22.2250,22.5368,86092400
2007-10-18,22.6383,22.6456,22.2105,22.5948,49208600
2007-10-19,22.5441,22.5441,21.8334,21.8769,75200200
2007-10-22,21.8407,22.2613,21.8407,22.1235,58785100
2007-10-23,22.2975,22.5658,22.2685,22.4063,49956200
2007-10-24,22.3700,22.6963,22.1162,22.6601,77979200
2007-10-25,22.8921,23.3634,22.8341,23.1967,169588700
2007-10-26,26.1117,26.1262,25.0602,25.4010,288121200
2007-10-29,25.2705,25.5896,24.9805,25.0675,114655600
2007-10-30,24.9225,25.8071,24.9080,25.7926,107297300
2007-10-31,25.7563,26.8295,25.7491,26.6918,185635800
2007-11-01,26.4887,27.1848,26.3654,26.8730,152078800
2007-11-02,26.9891,27.1921,26.4090,26.8730,96389800
2007-11-05,26.6555,26.9020,26.5612,26.6337,75485400
2007-11-06,26.5322,26.5830,26.0101,26.4017,100966700
2007-11-07,26.1334,26.2204,25.7056,25.7563,74897800
2007-11-08,25.8144,26.0319,24.9442,25.1907,133742400
2007-11-09,24.7847,25.0457,24.4004,24.4584,125136900
2007-11-12,24.1611,24.4439,23.9435,24.2046,84865200
2007-11-13,24.3982,25.2202,24.2818,25.0675,104311500
2007-11-14,25.1839,25.2784,24.5510,24.6819,84063100
2007-11-15,24.5583,24.8056,24.4055,24.5583,64014100
2007-11-16,24.6310,24.9220,24.5219,24.7983,71113800
2007-11-19,24.7038,24.9074,24.6383,24.7038,63026200
2007-11-20,24.9002,25.4385,24.8056,25.1548,100009400
2007-11-21,25.0238,25.2639,24.8638,24.9002,89518700
2007-11-23,24.9947,25.0529,24.5219,24.8129,33467200
2007-11-26,24.7983,25.0020,23.9545,23.9836,80335000
2007-11-27,24.2018,24.4419,23.7726,24.0491,84178400
2007-11-28,24.2818,24.6528,23.9327,24.5146,88585000
2007-11-29,24.4273,24.6819,24.2309,24.4346,53633600
2007-11-30,24.6747,24.8201,24.1436,24.4419,71027800
2007-12-03,24.3691,24.4711,23.7726,23.9472,61770600
2007-12-04,23.8163,24.1800,23.7363,23.8381,54801500
2007-12-05,24.1073,25.1111,24.0272,24.8420,84894700
2007-12-06,24.9220,25.1766,24.6383,25.1329,49209700
2007-12-07,25.1766,25.2421,24.8929,25.1184,40771000
2007-12-10,25.1984,25.4239,25.0748,25.2857,36083500
2007-12-11,25.2639,25.4530,24.6819,24.8056,55070700
2007-12-12,25.1766,25.5258,24.6819,25.0748,63345400
2007-12-13,25.0820,25.7876,24.9365,25.6203,73913200
2007-12-14,25.4967,26.0713,25.4676,25.6858,71126200
2007-12-17,25.4821,25.5549,24.9947,25.0166,58121200
2007-12-18,25.1984,25.4603,24.8856,25.2712,52791800
2007-12-19,25.2348,25.5621,25.0093,25.3075,58469100
2007-12-20,25.6713,26.0350,25.5185,25.8386,59345000
2007-12-21,26.1150,26.2332,26.0059,26.2314,83240500
2007-12-24,26.2823,26.7115,26.2241,26.6096,29622600
2007-12-26,26.4860,26.6533,26.3769,26.6315,30252400
2007-12-27,26.4423,26.5879,26.1441,26.1659,33311100
2007-12-28,26.2605,26.3550,25.9477,26.2750,33447200
2007-12-31,26.1150,26.1805,25.8386,25.8968,35229700
2008-01-02,26.0350,26.1586,25.4603,25.6203,63004200
2008-01-03,25.6203,25.9331,25.3585,25.7294,49599600
2008-01-04,25.5985,25.6058,24.7983,25.0093,72090800
2008-01-07,25.1329,25.3148,24.9147,25.1766,80164300
2008-01-08,25.2493,25.2493,24.2964,24.3328,79148300
2008-01-09,24.2673,25.1257,24.2600,25.0529,74305500
2008-01-10,24.9875,25.0966,24.5728,24.9729,72446000
2008-01-11,24.8347,24.9074,24.5292,24.6674,55187900
2008-01-14,25.0675,25.1475,24.7911,25.0166,52792200
2008-01-15,24.7547,25.0093,24.7329,24.7329,61606200
2008-01-16,24.3109,24.4783,23.6490,24.1727,120778500
2008-01-17,24.3982,24.5874,23.9836,24.0854,94247800
2008-01-18,24.1218,24.7329,23.9836,24.0127,117062000
2008-01-22,22.9434,23.6635,22.9143,23.2707,108521400
2008-01-23,22.8997,23.3144,22.5796,23.2271,137597400
2008-01-24,23.5326,24.2673,23.3653,24.1873,155640400
2008-01-25,25.3875,25.4603,23.9109,23.9618,196992300
2008-01-28,24.0200,24.0782,23.5835,23.8017,81019000
2008-01-29,23.8963,23.9254,23.5326,23.7144,68023000
2008-01-30,23.6853,23.8599,23.3144,23.4235,106432600
2008-01-31,23.2125,23.8163,23.0743,23.7144,103642200
2008-02-01,22.5942,24.1873,22.0050,22.1503,291138900
2008-02-04,22.1796,22.3469,21.9031,21.9613,119998600
2008-02-05,21.7576,21.7795,21.0157,21.1466,137534100
2008-02-06,21.2994,21.3503,20.5785,20.7465,138315600
2008-02-07,20.6156,20.9356,20.2955,20.4555,164964900
2008-02-08,20.5792,21.1539,20.5428,20.7756,124872000
2008-02-11,20.7465,20.8120,20.3028,20.5210,156814100
2008-02-12,20.6810,20.8192,20.4483,20.6156,84365900
2008-02-13,20.8192,21.1320,20.7538,21.0666,88986200
2008-02-14,21.0084,21.1248,20.7029,20.7320,69113500
2008-02-15,20.5937,20.8338,20.5501,20.6738,68166100
2008-02-19,21.0320,21.0612,20.4989,20.5719,68261200
2008-02-20,20.5573,20.6376,20.3893,20.6084,93056200
2008-02-21,20.9005,21.1488,20.4186,20.5208,98776500
2008-02-22,20.6230,20.7326,19.8635,20.2141,125705400
2008-02-25,20.1922,20.6230,20.0680,20.3309,109974300
2008-02-26,20.2579,21.0758,20.2068,20.7253,108923500
2008-02-27,20.5865,20.9444,20.5208,20.6376,75199500
2008-02-28,20.4624,20.6449,20.3017,20.3967,83002900
2008-02-29,20.2725,20.3236,19.7321,19.8635,117411400
2008-03-03,19.8928,20.0024,19.6226,19.7102,76544300
2008-03-04,19.7321,20.1776,19.6883,20.1484,86925600
2008-03-05,20.2652,20.7472,20.2287,20.5353,106489800
2008-03-06,20.4916,20.5719,20.0826,20.1338,91127700
2008-03-07,19.9658,20.4989,19.9512,20.3528,77597600
2008-03-10,20.3236,20.6376,20.2652,20.4843,72175100
2008-03-11,20.7399,21.4263,20.7253,21.3825,98740700
2008-03-12,21.4921,21.5359,20.8421,20.9078,75993800
2008-03-13,20.8421,21.1707,20.5646,20.9005,84552200
2008-03-14,20.9736,21.1854,20.1849,20.4186,105214900
2008-03-17,19.9366,20.9809,19.9220,20.6669,84490100
2008-03-18,20.9371,21.5297,20.9371,21.4848,83695300
2008-03-19,21.3935,21.6089,20.9005,20.9005,61442100
2008-03-20,20.9882,21.3398,20.8786,21.3095,60170200
2008-03-24,21.4190,21.4702,21.2219,21.3022,48294700
2008-03-25,21.4190,21.4483,21.1342,21.2803,49149000
2008-03-26,21.2000,21.2292,20.7253,20.8567,45868100
2008-03-27,20.7983,20.8056,20.4478,20.4843,47894400
2008-03-28,20.6157,20.7618,20.3236,20.3820,49244000
2008-03-31,20.3601,20.8786,20.3309,20.7253,46780600
2008-04-01,21.0539,21.5724,20.9078,21.5431,65796200
2008-04-02,21.5943,21.6016,21.1780,21.2949,49499400
2008-04-03,21.2219,21.4117,21.0320,21.1780,38961400
2008-04-04,21.2730,21.3679,20.9882,21.2949,43860800
2008-04-07,21.5797,21.6089,21.2000,21.2949,44428600
2008-04-08,21.1342,21.1780,20.8421,20.9955,44733500
2008-04-09,21.0411,21.2073,20.8421,21.0977,45839300
2008-04-10,21.0539,21.4702,21.0320,21.2584,65591600
2008-04-11,21.0831,21.1854,20.6011,20.6522,54373700
2008-04-14,20.6230,20.6742,20.3967,20.4916,43418100
2008-04-15,20.5208,20.7983,20.4697,20.6303,34310000
2008-04-16,20.8348,21.2146,20.7253,21.1415,54107400
2008-04-17,21.2657,21.4263,21.1050,21.3387,48743300
2008-04-18,21.9010,21.9814,21.6235,21.9083,73658900
2008-04-21,22.0544,22.3465,21.9960,22.2150,54411700
2008-04-22,22.3684,22.4195,21.8864,22.0909,67387500
2008-04-23,22.2369,22.9745,22.1274,22.9672,98351500
2008-04-24,23.0987,23.4419,22.7554,23.2228,115416700
2008-04-25,21.9229,22.1931,21.6162,21.7842,145194900
2008-04-28,21.7623,21.7878,21.0466,21.1707,97473000
2008-04-29,21.0320,21.1050,20.7764,20.9151,84428900
2008-04-30,20.9955,21.3314,20.8202,20.8275,74733600
2008-05-01,20.7983,21.5359,20.7983,21.4702,71699400
2008-05-02,21.5797,21.6308,21.0758,21.3533,66024200
2008-05-05,21.8718,22.0763,21.1707,21.2365,119687700
2008-05-06,21.1780,21.8061,21.1269,21.6892,93582000
2008-05-07,21.6819,22.0106,21.2365,21.3314,88775000
2008-05-08,21.3679,21.4629,21.1780,21.3752,69589900
2008-05-09,21.2876,21.5797,21.1415,21.4629,51621200
2008-05-12,21.4336,21.9521,21.4336,21.9010,64278800
2008-05-13,22.0039,22.0845,21.6448,21.8280,70934700
2008-05-14,21.9526,22.1798,21.7913,21.9379,66730400
2008-05-15,21.9526,22.3777,21.9453,22.3192,53355800
2008-05-16,22.3411,22.3411,21.9306,21.9819,81538200
2008-05-19,21.9086,21.9086,21.4835,21.5934,59615000
2008-05-20,21.4615,21.4835,20.9851,21.0804,75767600
2008-05-21,21.1097,21.2929,20.6626,20.7065,60125100
2008-05-22,20.7285,21.0364,20.6552,20.8678,52203100
2008-05-23,20.7065,20.7652,20.4867,20.5599,48890700
2008-05-27,20.5599,20.8898,20.5599,20.8458,47334500
2008-05-28,20.9338,20.9411,20.5526,20.6552,52318500
2008-05-29,20.6406,21.0217,20.6259,20.7505,47699200
2008-05-30,20.7652,21.0364,20.6699,20.7579,63399200
2008-06-02,20.6992,20.7872,20.1935,20.3767,77028400
2008-06-03,20.4867,20.7505,19.9882,20.0175,86616700
2008-06-04,19.9736,20.2594,19.9369,20.1861,79567400
2008-06-05,20.3107,20.7432,20.2301,20.7432,76063400
2008-06-06,20.5086,20.6479,20.1495,20.1495,78500800
2008-06-09,20.2374,20.4573,20.0102,20.3107,66787100
2008-06-10,20.0469,20.7359,20.0249,20.4427,77433900
2008-06-11,20.4134,20.4793,19.8710,19.8783,59330800
2008-06-12,20.0835,20.9264,19.9296,20.6992,113996300
2008-06-13,20.9704,21.6741,20.8898,21.3076,131969100
2008-06-16,21.2636,21.3369,20.9924,21.2050,74718900
2008-06-17,21.2563,21.3442,21.1023,21.1097,44256700
2008-06-18,20.9338,21.1537,20.8605,20.8605,49677800
2008-06-19,20.8971,21.3955,20.7652,21.2050,62037800
2008-06-20,20.7505,21.1976,20.5966,20.6919,97480400
2008-06-23,20.7285,20.8238,20.3694,20.5013,57145300
2008-06-24,20.4500,20.5306,20.1641,20.3254,65218300
2008-06-25,20.3767,21.0144,20.3474,20.7798,64280200
2008-06-26,20.4867,20.6699,20.3364,20.3401,67049100
2008-06-27,20.2887,20.4573,20.1275,20.2521,73450200
2008-06-30,20.2668,20.5086,20.1495,20.1641,57830500
2008-07-01,19.9516,20.0689,16.9977,19.6950,100327800
2008-07-02,19.7024,19.7903,18.9685,18.9694,84669000
2008-07-03,18.9474,19.1306,18.7642,19.0427,37074500
2008-07-07,19.1306,19.3432,18.6542,19.0793,71527600
2008-07-08,18.9841,19.2039,18.6982,18.9474,65553200
2008-07-09,18.8741,18.9474,18.4563,18.4930,54255800
2008-07-10,18.4563,18.8155,18.3097,18.6542,57830600
2008-07-11,18.4050,18.7935,18.2291,18.5076,69532600
2008-07-14,18.4050,18.9181,18.3757,18.4343,51216200
2008-07-15,18.2731,19.5265,18.2731,19.1673,92719300
2008-07-16,19.1087,20.0029,18.9987,19.9809,82060400
2008-07-17,20.2154,20.4573,19.8710,20.1715,96526100
2008-07-18,19.2626,19.4018,18.4050,18.9547,150277000
2008-07-21,18.8155,19.1820,18.7129,18.7935,77575600
2008-07-22,18.7348,19.0134,18.6762,18.9108,88657200
2008-07-23,18.9987,19.6730,18.9474,19.3725,79408800
2008-07-24,19.1160,19.1820,18.6469,18.6469,81092600
2008-07-25,18.8081,19.2186,18.6909,19.1746,58682300
2008-07-28,19.0060,19.1380,18.5736,18.6909,59707800
2008-07-29,18.7055,19.1966,18.6176,19.1380,66368200
2008-07-30,19.1893,19.4165,18.9841,19.2259,51977700
2008-07-31,18.9474,19.2626,18.8448,18.8521,60461000
2008-08-01,19.0207,19.0207,18.3757,18.6469,82720200
2008-08-04,18.5882,18.7238,18.4050,18.5296,60588300
2008-08-05,18.8155,19.2626,18.6909,19.2113,84297600
2008-08-06,19.5924,19.9076,19.3359,19.8050,95550000
2008-08-07,19.7170,20.3401,19.5924,20.0762,82565800
2008-08-08,20.0469,20.6919,19.9296,20.6186,80814100
2008-08-11,20.4207,20.8165,20.2741,20.4500,68743800
2008-08-12,20.3620,20.7872,20.2154,20.6113,62813000
2008-08-13,20.5746,20.8898,20.3474,20.4573,51165200
2008-08-14,20.3914,20.7285,20.2008,20.4573,49732300
2008-08-15,20.5086,20.6332,20.2154,20.3840,47267400
2008-08-18,20.3620,20.5599,20.1935,20.2961,38078200
2008-08-19,20.2674,20.4220,20.0687,20.1055,40332900
2008-08-20,20.2637,20.2968,19.9951,20.0834,41497200
2008-08-21,19.9436,20.0393,19.7670,20.0025,43614200
2008-08-22,20.0393,20.5176,20.0319,20.4882,47930400
2008-08-25,20.3189,20.4882,20.2085,20.3557,51381300
2008-08-26,20.2968,20.3999,19.9951,20.0687,44774400
2008-08-27,20.1202,20.4514,19.9657,20.2821,33975300
2008-08-28,20.3189,20.6133,20.3116,20.5618,48372600
2008-08-29,20.3704,20.4440,20.0819,20.0834,50735500
2008-09-02,20.3594,20.4293,19.9142,19.9436,66079200
2008-09-03,19.8774,20.0025,19.7523,19.7964,57127700
2008-09-04,19.6455,19.7891,19.3917,19.3917,66141900
2008-09-05,19.1562,19.2960,18.8618,18.8765,82305200
2008-09-08,19.2886,19.3769,18.8912,19.2224,62110800
2008-09-09,19.2813,19.5756,19.1709,19.2077,85735700
2008-09-10,19.5168,19.7670,19.3181,19.4579,75064900
2008-09-11,19.2077,20.2085,19.1562,20.1202,72913300
2008-09-12,19.9730,20.4146,19.8259,20.3263,75628500
2008-09-15,19.8111,20.2306,19.6713,19.7375,82349400
2008-09-16,19.2003,19.4947,18.7808,19.1267,111729700
2008-09-17,18.9354,19.0384,18.0302,18.0817,106972100
2008-09-18,18.2510,18.6557,17.6696,18.5895,132291300
2008-09-19,19.4064,19.4285,17.2943,18.5159,134926100
2008-09-22,19.2960,19.3696,18.6337,18.6925,105207700
2008-09-23,18.8839,19.2592,18.6484,18.7220,92181300
2008-09-24,18.8250,19.2003,18.7367,18.9280,80250300
2008-09-25,19.0016,19.7817,18.9427,19.5830,96203500
2008-09-26,19.2592,20.2821,19.2371,20.1644,100744300
2008-09-29,19.8259,20.3557,18.4047,18.4055,134383100
2008-09-30,18.9648,19.6427,18.7956,19.6419,107192700
2008-10-01,19.4137,19.8626,19.3401,19.4873,88957000
2008-10-02,19.2665,19.5241,18.9133,19.3181,93819800
2008-10-03,19.4027,20.2159,19.3107,19.3696,114289400
2008-10-06,18.8618,19.1267,17.7653,18.3319,146374600
2008-10-07,18.3834,18.5527,17.0293,17.0956,145941200
2008-10-08,16.8527,17.8830,16.5583,16.9337,171598600
2008-10-09,17.4893,17.5960,16.2419,16.4112,131948700
2008-10-10,16.0358,16.4480,15.1969,15.8224,228467500
2008-10-13,16.8233,18.7661,16.6540,18.7661,144935400
2008-10-14,18.8691,18.9354,17.3679,17.7358,165674900
2008-10-15,17.5003,17.8462,16.5436,16.6761,113280200
2008-10-16,16.8785,17.8022,15.6826,17.8021,161147800
2008-10-17,17.3421,18.4791,17.1544,17.6107,133673100
2008-10-20,17.8094,18.2142,16.9337,18.1921,93484300
2008-10-21,17.8830,18.4055,17.1250,17.1912,100385600
2008-10-22,16.9557,16.9705,15.3809,15.8445,150054800
2008-10-23,15.8592,16.6246,15.3735,16.4259,154774100
2008-10-24,15.4986,16.8233,15.4177,16.1609,153919700
2008-10-27,15.9475,16.1609,15.4692,15.5869,117683900
2008-10-28,15.9254,17.0808,15.7047,16.9999,134088800
2008-10-29,17.0220,17.6402,16.7055,16.9263,111701800
2008-10-30,17.4341,17.5739,16.4774,16.6540,95323000
2008-10-31,16.5804,16.8601,16.2787,16.4332,93055200
2008-11-03,16.5436,16.8601,16.3449,16.6467,61923500
2008-11-04,17.0220,17.4120,16.8306,17.3163,72123000
2008-11-05,17.1692,17.1765,16.2272,16.2493,81179700
2008-11-06,16.0947,16.2493,15.3514,15.3661,95509700
2008-11-07,15.6899,15.8518,15.4544,15.8224,71256300
2008-11-10,16.0763,16.1683,15.5943,15.6752,67106800
2008-11-11,15.6679,15.6752,15.2999,15.6016,78014500
2008-11-12,15.3735,15.4544,14.9246,14.9393,90162300
2008-11-13,14.8289,15.6384,13.7913,15.6384,148413700
2008-11-14,15.1306,15.7047,14.4609,14.7627,96624500
2008-11-17,14.5272,14.8951,14.0930,14.2181,97289000
2008-11-18,14.4456,14.5642,13.8900,14.5345,108966500
2008-11-19,14.5420,14.7790,13.5196,13.5493,103010500
2008-11-20,13.4196,13.9567,12.9640,12.9863,139532800
2008-11-21,13.3493,14.5938,13.3196,14.5790,157231900
2008-11-24,14.7346,15.5124,14.7197,15.3272,125289900
2008-11-25,15.4531,15.5050,14.4827,14.8086,92948100
2008-11-26,14.6160,15.3169,14.6160,15.1790,79678300
2008-11-28,14.9864,15.0457,14.8309,14.9790,28650800
2008-12-01,14.7234,14.7790,13.7811,13.7863,79639900
2008-12-02,14.0678,14.3049,13.7493,14.1864,79689800
2008-12-03,13.8160,14.7420,13.7789,14.7197,80961500
2008-12-04,14.3716,14.7568,13.9197,14.1567,78719200
2008-12-05,14.0086,14.8012,13.6826,14.7197,91996200
2008-12-08,15.0753,15.7420,14.9198,15.5643,107225000
2008-12-09,15.2753,15.7420,15.1568,15.2605,80484900
2008-12-10,15.4235,15.5272,15.0383,15.2679,61499000
2008-12-11,14.8975,14.9049,14.3049,14.4086,83564300
2008-12-12,14.1864,14.7049,13.8530,14.3419,78112600
2008-12-15,14.3271,14.4012,13.9938,14.1049,59925900
2008-12-16,14.2308,14.9494,14.0752,14.8975,97688700
2008-12-17,14.6753,14.8531,14.4456,14.5642,78922700
2008-12-18,14.7123,14.8309,14.0678,14.2975,80759200
2008-12-19,14.5864,14.6679,14.1567,14.1641,113530400
2008-12-22,14.2530,14.2901,13.9938,14.2086,58575400
2008-12-23,14.2827,14.4975,14.0827,14.2827,47511400
2008-12-24,14.2679,14.4086,14.1493,14.2012,16880400
2008-12-26,14.2234,14.3197,14.1419,14.1715,23101000
2008-12-29,14.1864,14.2308,13.8086,14.0456,58512800
2008-12-30,14.0827,14.4382,14.0752,14.3271,43224100
2008-12-31,14.3049,14.5790,14.2753,14.4012,46419000
2009-01-02,14.4699,15.1124,14.3493,15.0605,50084000
2009-01-05,14.9642,15.3124,14.8605,15.2013,61475200
2009-01-06,15.3716,15.5568,15.2679,15.3791,58083400
2009-01-07,14.9568,15.0309,14.4308,14.4531,72709900
2009-01-08,14.5420,14.9568,14.4827,14.9049,70255400
2009-01-09,14.9420,15.0383,14.3790,14.4605,49815300
2009-01-12,14.6012,14.6605,14.2975,14.4234,52163500
2009-01-13,14.4605,14.8086,14.4605,14.6827,65843500
2009-01-14,14.4679,14.5790,14.0827,14.1419,80257500
2009-01-15,14.1419,14.2975,13.7197,14.2530,96169800
2009-01-16,14.5420,14.7494,14.1864,14.6012,79634100
2009-01-20,14.4160,14.5345,13.6085,13.6900,89873000
2009-01-21,13.9715,14.4086,13.6752,14.3567,68340900
2009-01-22,13.3641,13.4678,12.6455,12.6751,222436600
2009-01-23,12.5788,12.9566,12.4084,12.7418,117020600
2009-01-26,12.8085,13.1937,12.7640,13.0603,92476500
2009-01-27,13.1789,13.3122,12.9122,13.0826,61695000
2009-01-28,13.1863,13.5641,13.1566,13.3641,64145500
2009-01-29,13.1715,13.3048,13.0085,13.0307,49192800
2009-01-30,13.1418,13.1789,12.6677,12.6677,62370900
2009-02-02,12.6010,13.4307,12.5936,13.2085,88871700
2009-02-03,13.2233,13.7863,13.0381,13.7048,86865100
2009-02-04,13.7345,14.0752,13.7048,13.8011,75618000
2009-02-05,13.7197,14.1790,13.5196,14.1049,75195200
2009-02-06,14.1493,14.7642,14.1197,14.5642,86746000
2009-02-09,14.5864,14.6457,14.2679,14.4012,52196400
2009-02-10,14.2604,14.6679,13.8530,13.9271,83953200
2009-02-11,14.0456,14.4382,14.0160,14.2308,58599000
2009-02-12,14.0530,14.3123,13.7345,14.2679,75323200
2009-02-13,14.2753,14.4234,14.1049,14.1419,47416000
2009-02-17,13.7959,13.8033,13.3482,13.4974,75853300
2009-02-18,13.5981,13.7660,13.4303,13.5198,54946900
2009-02-19,13.6541,13.7138,13.2885,13.3631,49195600
2009-02-20,13.2363,13.5720,13.1766,13.4303,69413800
2009-02-23,13.4452,13.5422,12.8035,12.8408,70803400
2009-02-24,12.7065,12.9453,12.2066,12.8110,122674500
2009-02-25,12.6991,12.8632,12.2812,12.6543,105894600
2009-02-26,12.7214,12.7438,12.2514,12.2514,83219500
2009-02-27,12.1544,12.3260,12.0126,12.0499,93428000
2009-03-02,11.9641,12.1245,11.7291,11.7813,80602100
2009-03-03,11.9455,12.1171,11.6694,11.8485,80476600
2009-03-04,12.0126,12.2365,11.8559,12.0276,69285100
2009-03-05,11.8336,11.8485,11.3915,11.3933,89708500
2009-03-06,11.4604,11.6545,11.0949,11.4008,92821400
2009-03-09,11.3411,11.7440,11.2665,11.3038,66479100
2009-03-10,11.4680,12.4006,11.3784,12.2962,95184200
2009-03-11,12.4081,12.8334,12.2588,12.7662,84522200
2009-03-12,12.6916,12.7140,12.2962,12.6916,93694100
2009-03-13,12.6767,12.7214,12.0723,12.4230,82965800
2009-03-16,12.5200,12.6543,12.1171,12.1245,67028900
2009-03-17,12.1789,12.6095,12.1320,12.6095,62481000
2009-03-18,12.7065,12.8483,12.3857,12.6543,70710700
2009-03-19,12.9602,13.0199,12.6245,12.7886,58994600
2009-03-20,12.9229,13.1691,12.5946,12.7289,81725500
2009-03-23,12.9602,13.8705,12.9154,13.6765,71600000
2009-03-24,13.4601,13.5886,13.3109,13.3333,50044100
2009-03-25,13.4153,13.6616,13.0721,13.3407,73927100
2009-03-26,13.5571,14.0869,13.5198,14.0496,63775100
2009-03-27,13.8352,13.8891,13.4676,13.5273,47670400
2009-03-30,13.2363,13.2512,12.8856,13.0423,49633000
2009-03-31,13.3034,14.0197,13.2661,13.7063,92423300
2009-04-01,13.6019,14.4450,13.5646,14.4077,96438900
2009-04-02,14.5495,14.8404,14.1764,14.3928,99082300
2009-04-03,14.2734,14.2883,13.7543,13.9899,81858400
2009-04-06,13.8332,13.9973,13.6280,13.9973,47476100
2009-04-07,13.9973,14.2809,13.9003,13.9973,65815200
2009-04-08,14.1540,14.6390,14.1465,14.3182,56408900
2009-04-09,14.5122,14.6987,14.3405,14.6763,55759600
2009-04-13,14.6912,14.8106,14.4525,14.6166,44444700
2009-04-14,14.5047,14.5868,14.1764,14.4375,63796300
2009-04-15,14.3331,14.3629,13.8108,14.0496,72725500
2009-04-16,14.2958,14.7584,14.1689,14.7434,67688700
2009-04-17,14.6875,14.6912,14.1764,14.3256,61398500
2009-04-20,14.0943,14.1391,13.8556,13.8854,62937200
2009-04-21,13.8705,14.2361,13.8556,14.1540,60928300
2009-04-22,13.9973,14.3182,13.9526,14.0122,59401000
2009-04-23,14.1167,14.1316,13.7809,14.1167,86116300
2009-04-24,14.7882,15.8179,14.5495,15.6015,168478500
2009-04-27,15.3329,15.5343,15.1314,15.2210,68219600
2009-04-28,15.1091,15.1240,14.7658,14.8703,76685200
2009-04-29,15.0046,15.5866,14.9673,15.1091,79301600
2009-04-30,15.3702,15.7433,14.9300,15.1165,87439900
2009-05-01,15.0643,15.1837,14.8199,15.1016,63224500
2009-05-04,15.1986,15.2210,14.9076,15.0643,54313400
2009-05-05,15.0270,15.1016,14.6539,14.7658,66835500
2009-05-06,14.9673,14.9747,14.6315,14.7658,59639100
2009-05-07,14.8927,14.9151,14.2809,14.4152,68727200
2009-05-08,14.5196,14.6539,14.2809,14.4898,67597600
2009-05-11,14.3256,14.7211,14.1839,14.4152,63762600
2009-05-12,14.5569,14.9673,14.5271,14.8404,71966800
2009-05-13,14.8647,14.9225,14.6763,14.7360,49281700
2009-05-14,14.7957,15.0941,14.7733,14.9673,54539500
2009-05-15,15.0195,15.2956,14.9039,15.0867,61289900
2009-05-18,15.1911,15.3702,15.1016,15.3702,46073800
2009-05-19,15.4010,15.5737,15.2058,15.2508,51368300
2009-05-20,15.3259,15.5362,15.1832,15.3034,47450700
2009-05-21,15.1232,15.1907,14.6501,14.8829,58232800
2009-05-22,14.9655,15.1457,14.6201,14.8303,37318700
2009-05-26,14.6726,15.3559,14.6050,15.2733,44991700
2009-05-27,15.2058,15.4686,15.0706,15.1157,42892900
2009-05-28,15.2583,15.4911,15.0556,15.3559,45480800
2009-05-29,15.4385,15.7239,15.2433,15.6863,46134900
2009-06-01,15.7689,16.1444,15.6638,16.0693,57317100
2009-06-02,16.0393,16.5048,15.9191,16.0693,48935700
2009-06-03,16.0017,16.3396,15.9867,16.3171,56039600
2009-06-04,16.3471,16.4447,16.2045,16.3922,42330000
2009-06-05,16.4898,16.7526,16.3772,16.6250,59579200
2009-06-08,16.5048,16.7601,16.2420,16.5574,49000600
2009-06-09,16.5649,16.7601,16.4297,16.5799,50887700
2009-06-10,16.6475,16.9854,16.6099,16.9328,61297200
2009-06-11,16.9629,17.4660,16.9479,17.1431,65124600
2009-06-12,17.1957,17.5561,17.0755,17.5185,50963500
2009-06-15,17.4434,17.6762,17.2858,17.5861,69089600
2009-06-16,17.6237,18.1042,17.6011,17.6086,105295600
2009-06-17,17.6462,17.8865,17.3984,17.7814,86483100
2009-06-18,17.7363,17.7889,17.4960,17.6462,58852200
2009-06-19,18.0517,18.2769,17.8339,18.0742,115459000
2009-06-22,17.9841,17.9841,17.4585,17.4810,71291600
2009-06-23,17.5561,17.7663,17.4284,17.5260,56752700
2009-06-24,17.6086,17.8339,17.5411,17.6237,54287700
2009-06-25,17.5936,17.9616,17.4209,17.8640,57724300
2009-06-26,17.6988,17.7889,17.5110,17.5336,65126400
2009-06-29,17.7213,18.0442,17.6837,17.9165,62854900
2009-06-30,17.9991,18.2019,17.7438,17.8489,66452400
2009-07-01,18.0592,18.2469,17.9916,18.0517,54908400
2009-07-02,17.8414,18.0517,17.4284,17.5486,65422200
2009-07-06,17.4284,17.4810,17.1731,17.4209,49207700
2009-07-07,17.3308,17.3759,16.8653,16.9178,52842500
2009-07-08,16.7526,17.0380,16.5198,16.9403,73023400
2009-07-09,17.0079,17.1281,16.7977,16.8502,46981200
2009-07-10,16.6625,16.9253,16.6325,16.8127,43229200
2009-07-13,16.8352,17.4885,16.6250,17.4434,67584000
2009-07-14,17.4209,17.4359,17.1656,17.3533,45448700
2009-07-15,17.8339,18.1118,17.6912,18.1118,67238700
2009-07-16,17.9691,18.3520,17.9165,18.3520,64555100
2009-07-17,18.3220,18.3595,18.0967,18.2394,52860100
2009-07-20,18.3520,18.4196,18.1343,18.4196,47798000
2009-07-21,18.5398,18.6449,18.2995,18.6449,52028400
2009-07-22,18.5022,18.6975,18.4046,18.6224,66192500
2009-07-23,18.7200,19.3132,18.6524,19.1930,106060500
2009-07-24,17.7288,17.9390,17.1281,17.6086,215135700
2009-07-27,17.6011,17.6086,17.1957,17.3533,80950000
2009-07-28,17.2632,17.6837,17.1957,17.6237,70288400
2009-07-29,17.8189,17.9541,17.5260,17.8715,73626900
2009-07-30,18.1718,18.3445,17.8039,17.8790,67820000
2009-07-31,17.8489,18.0742,17.6462,17.6612,54258200
2009-08-03,17.8865,17.9165,17.6462,17.8940,46902900
2009-08-04,17.7814,17.8640,17.6687,17.8489,49218300
2009-08-05,17.9015,18.2094,17.8640,17.8790,53310300
2009-08-06,17.9691,18.0066,17.4735,17.6162,59686000
2009-08-07,17.8339,17.8865,17.6462,17.6912,46169700
2009-08-10,17.6162,17.6837,17.4960,17.5861,35261900
2009-08-11,17.5110,17.5711,17.3083,17.3684,33615800
2009-08-12,17.3684,17.9466,17.2933,17.6687,61972300
2009-08-13,17.7438,17.9090,17.5711,17.7363,38954500
2009-08-14,17.7663,17.8715,17.6537,17.7904,46330200
2009-08-17,17.5110,17.7213,17.4434,17.4585,42474400
2009-08-18,17.5849,17.8567,17.5698,17.8039,38878900
2009-08-19,17.5547,17.9096,17.5547,17.8567,41821300
2009-08-20,17.8190,18.0228,17.7737,17.8718,39505900
2009-08-21,18.0681,18.4381,17.9473,18.4306,69011400
2009-08-24,18.4306,18.6741,18.3324,18.6042,54180900
2009-08-25,18.5740,18.7401,18.4683,18.6042,43980300
2009-08-26,18.5665,18.6873,18.4381,18.5363,41079000
2009-08-27,18.4306,18.7099,18.3475,18.6420,45495600
2009-08-28,18.9289,19.2460,18.5816,18.6344,55808000
2009-08-31,18.5514,18.7628,18.3400,18.6118,49592800
2009-09-01,18.3853,18.6797,18.0455,18.1210,62608500
2009-09-02,17.9851,18.2267,17.9549,18.0153,40771300
2009-09-03,18.0530,18.2267,17.9398,18.2041,34120000
2009-09-04,18.1890,18.7251,18.1814,18.5891,44999700
2009-09-08,18.5891,18.7552,18.4306,18.7401,53737100
2009-09-09,18.6797,18.8383,18.6231,18.7099,49900300
2009-09-10,18.7250,18.9138,18.6118,18.8760,46256000
2009-09-11,18.8232,19.0044,18.7326,18.7703,54303500
2009-09-14,18.6118,18.9440,18.6042,18.8760,42806800
2009-09-15,18.8534,19.0799,18.7703,19.0270,44716600
2009-09-16,19.0648,19.1403,18.8383,19.0270,50055800
2009-09-17,18.9213,19.1630,18.9213,19.1026,42428800
2009-09-18,19.2234,19.2385,18.9515,19.0724,68016500
2009-09-21,18.9591,19.1554,18.9515,19.1026,28878700
2009-09-22,19.1781,19.4952,19.0950,19.4574,61376700
2009-09-23,19.5707,19.8198,19.3593,19.4121,60599900
2009-09-24,19.5707,19.7141,19.3744,19.5858,56302900
2009-09-25,19.3970,19.4952,19.2687,19.2913,50158900
2009-09-28,19.3291,19.7519,19.3291,19.5027,44358000
2009-09-29,19.5631,19.6009,19.3970,19.4423,39050300
2009-09-30,19.4499,19.6235,19.1630,19.4197,63533400
2009-10-01,19.1818,19.2309,18.7250,18.7854,75958100
2009-10-02,18.4645,18.9440,18.4457,18.8458,51219700
2009-10-05,18.8609,18.9213,18.5136,18.6042,60804900
2009-10-06,18.6344,19.0346,18.6156,18.9591,48795300
2009-10-07,18.8685,19.0119,18.7854,18.9515,38472700
2009-10-08,19.2083,19.5556,19.0421,19.3819,60521300
2009-10-09,19.3064,19.4725,19.2234,19.2913,39520000
2009-10-12,19.3744,19.5480,19.2913,19.4197,29145800
2009-10-13,19.3215,19.5858,19.2687,19.4876,37749000
2009-10-14,19.7368,19.7821,19.4952,19.6009,45365500
2009-10-15,19.5556,20.1672,19.5556,20.1672,65620100
2009-10-16,19.9709,20.1068,19.7066,20.0086,56500900
2009-10-19,20.0011,20.0690,19.8198,19.9029,48143200
2009-10-20,19.9482,20.0162,19.5858,19.9104,54604700
2009-10-21,19.9784,20.1974,19.9255,20.0690,61672700
2009-10-22,20.0539,20.1747,19.7292,20.0766,61600000
2009-10-23,22.0472,22.1605,21.0506,21.1563,281761000
2009-10-26,21.2355,21.9113,21.2242,21.6546,124149700
2009-10-27,21.6923,21.8056,21.4734,21.5866,69685800
2009-10-28,21.3224,21.7225,21.1034,21.1563,73542400
2009-10-29,21.1940,21.4507,21.0279,21.3073,65225500
2009-10-30,21.1638,21.4432,20.8845,20.9373,73371800
2009-11-02,20.9147,21.1789,20.6957,21.0506,62428900
2009-11-03,20.8693,20.9449,20.7108,20.7863,50294800
2009-11-04,20.9071,21.4356,20.8542,21.1865,63898400
2009-11-05,21.5338,21.6999,21.3526,21.4960,52681700
2009-11-06,21.4281,21.6168,21.2922,21.5338,38908500
2009-11-09,21.6093,21.8962,21.5413,21.8887,57518000
2009-11-10,21.8207,22.1076,21.7527,21.9038,65881100
2009-11-11,21.9566,22.1227,21.9113,21.9868,49693400
2009-11-12,21.9038,22.2662,21.8962,22.1680,55352400
2009-11-13,22.2511,22.4927,22.1756,22.3719,53037600
2009-11-16,22.3568,22.5002,22.1756,22.3039,54129500
2009-11-17,22.3702,22.7494,22.3475,22.7494,75648900
2009-11-18,22.7494,22.8556,22.6053,22.8328,59431200
2009-11-19,22.7418,22.7494,22.5219,22.5826,51967700
2009-11-20,22.4916,22.5750,22.3172,22.4612,42647100
2009-11-23,22.6281,22.7570,22.5219,22.7039,41832700
2009-11-24,22.7115,22.7418,22.5598,22.6812,37341400
2009-11-25,22.6053,22.6432,22.4309,22.5902,32033500
2009-11-27,22.0745,22.2868,21.8015,22.1579,29357900
2009-11-30,22.1048,22.3323,21.9911,22.3020,44172000
2009-12-01,22.3854,22.7873,22.3020,22.7570,49904200
2009-12-02,22.6736,22.7418,22.4840,22.5826,36308600
2009-12-03,22.6281,22.9011,22.5674,22.6205,43095200
2009-12-04,22.7873,23.0300,22.6205,22.7342,58810700
2009-12-07,22.5826,22.8101,22.5067,22.5902,38082700
2009-12-08,22.3854,22.5522,22.2792,22.4233,37402200
2009-12-09,22.3475,22.6053,22.1807,22.5295,44713300
2009-12-10,22.5295,22.7191,22.4916,22.6508,45940200
2009-12-11,22.7267,22.7494,22.5902,22.6357,43744200
2009-12-14,22.6812,22.8707,22.6736,22.8328,34651200
2009-12-15,22.6660,22.9086,22.6584,22.7646,49473200
2009-12-16,22.8025,23.0603,22.7797,22.8252,55737800
2009-12-17,22.7115,22.7191,22.4233,22.4461,43691200
2009-12-18,22.6281,23.0906,22.5977,23.0224,94118000
2009-12-21,23.0527,23.3864,23.0300,23.1437,40129100
2009-12-22,23.2044,23.4546,23.1589,23.3712,36321000
2009-12-23,23.2878,23.4698,23.2726,23.4471,28362700
2009-12-24,23.4167,23.5077,23.3257,23.5077,11083900
2009-12-28,23.5077,23.6442,23.4243,23.6366,25384000
2009-12-29,23.7731,23.8869,23.6821,23.8035,29716200
2009-12-30,23.6215,23.7276,23.3561,23.4774,42006200
2009-12-31,23.4925,23.5001,23.1134,23.1134,31929700
2010-01-04,23.2196,23.5835,23.1968,23.4698,38409100
2010-01-05,23.3940,23.5835,23.2347,23.4774,49749600
2010-01-06,23.4167,23.5684,23.1437,23.3333,58182400
2010-01-07,23.2271,23.2802,22.8935,23.0922,50559700
2010-01-08,22.9617,23.4167,22.9314,23.2499,51197400
2010-01-11,23.2878,23.3257,22.8404,22.9541,68754700
2010-01-12,22.8632,23.0527,22.6812,22.8025,65912100
2010-01-13,22.9466,23.1437,22.7570,23.0148,51863500
2010-01-14,22.9845,23.5835,22.9466,23.4774,63228100
2010-01-15,23.5684,23.6897,23.2878,23.4016,79913200
2010-01-19,23.3181,23.6897,23.2651,23.5835,46575700
2010-01-20,23.3636,23.4622,22.9845,23.1930,54849500
2010-01-21,23.2120,23.2954,22.7494,22.7570,73086700
2010-01-22,22.7494,22.9011,21.8698,21.9608,102004600
2010-01-25,22.1731,22.4916,22.0669,22.2338,63373000
2010-01-26,22.1428,22.6357,22.0593,22.3702,66639900
2010-01-27,22.2565,22.6129,22.0063,22.4992,63949500
2010-01-28,22.6281,22.6508,21.9077,22.1124,117513700
2010-01-29,22.6736,22.6887,20.9749,21.3693,193888500
2010-02-01,21.5285,21.5968,21.1721,21.5437,85931100
2010-02-02,21.5134,21.6119,21.3389,21.5816,54413700
2010-02-03,21.4299,21.8318,21.3238,21.7105,61397900
2010-02-04,21.5209,21.6119,21.0887,21.1114,77850000
2010-02-05,21.2328,21.4451,20.9067,21.2479,80960100
2010-02-08,21.2404,21.2934,20.9067,21.0204,52820600
2010-02-09,21.2100,21.4906,21.0432,21.2404,59195800
2010-02-10,21.2555,21.4148,21.1114,21.2252,48591300
2010-02-11,21.1797,21.5361,21.0053,21.3238,65993700
2010-02-12,21.0887,21.2783,20.9143,21.1797,81117200
2010-02-16,21.4292,21.6120,21.3454,21.5968,51935600
2010-02-17,21.7339,21.8253,21.6044,21.7796,45882900
2010-02-18,21.7796,22.1148,21.7187,22.0683,42856500
2010-02-19,21.9320,22.0310,21.8558,21.9167,44451800
2010-02-22,21.9700,22.0462,21.8253,21.8862,36707100
2010-02-23,21.8482,21.9624,21.3987,21.5815,52266200
2010-02-24,21.7263,21.9320,21.6196,21.8101,43165900
2010-02-25,21.5358,21.8253,21.3454,21.7872,48735300
2010-02-26,21.8253,21.9777,21.7187,21.8405,40370600
2010-03-01,21.9167,22.1300,21.7339,22.1072,43805400
2010-03-02,22.1529,22.3205,21.5130,21.6806,93123900
2010-03-03,21.7187,21.7948,21.5968,21.6806,48442100
2010-03-04,21.6806,21.8253,21.5358,21.8101,42890600
2010-03-05,21.8329,21.8482,21.6501,21.7777,56001800
2010-03-08,21.7263,22.0386,21.7110,21.8101,39414500
2010-03-09,21.7567,22.1757,21.7491,21.9396,50271600
2010-03-10,21.9853,22.1757,21.9396,22.0691,44891400
2010-03-11,22.0081,22.2367,21.9777,22.2291,35349700
2010-03-12,22.3357,22.3814,22.1224,22.2976,31700200
2010-03-15,22.2291,22.3738,22.0995,22.3129,37512000
2010-03-16,22.4119,22.4652,22.2443,22.3738,36723500
2010-03-17,22.4728,22.7547,22.3966,22.5719,50385700
2010-03-18,22.5700,22.6404,22.4728,22.5566,43845200
2010-03-19,22.6709,22.7775,22.3586,22.5414,81332100
2010-03-22,22.4728,22.6252,22.3890,22.5490,37718200
2010-03-23,22.5414,22.7775,22.4043,22.7623,42026600
2010-03-24,22.6404,22.7395,22.5490,22.5871,33987700
2010-03-25,22.7471,23.2879,22.7014,22.8613,73168700
2010-03-26,22.9223,23.0061,22.5414,22.5947,55595500
2010-03-29,22.6328,22.7166,22.5109,22.5414,33336000
2010-03-30,22.5719,22.7471,22.4728,22.6785,34954800
2010-03-31,22.5795,22.6404,22.2214,22.3109,63760000
2010-04-01,22.3586,22.5033,21.8025,22.2138,74768100
2010-04-05,22.1910,22.4157,22.1148,22.2976,34331200
2010-04-06,22.2062,22.5338,22.0767,22.3357,47366800
2010-04-07,22.2138,22.5185,22.1986,22.3586,58318800
2010-04-08,22.3357,22.8347,22.3205,22.7928,63713800
2010-04-09,22.8156,23.1661,22.7737,23.1127,54752500
2010-04-12,23.0442,23.2270,23.0099,23.0975,37068800
2010-04-13,22.9680,23.2346,22.9528,23.1965,41374600
2010-04-14,23.4555,23.6155,23.3565,23.4784,68941200
2010-04-15,23.4784,23.5774,23.3946,23.5165,52745400
2010-04-16,23.4555,23.6003,23.3108,23.3641,88703100
2010-04-19,23.4403,23.8060,23.4327,23.6452,64970300
2010-04-20,23.7831,23.9507,23.7145,23.8898,52199500
2010-04-21,23.8669,23.9964,23.7907,23.8684,55343100
2010-04-22,23.6460,24.0193,23.5393,23.9126,84847600
2010-04-23,23.7069,24.0574,23.3489,23.5850,126766600
2010-04-26,23.6155,23.8250,23.5089,23.6993,63649300
2010-04-27,23.5774,23.8060,23.4245,23.4974,68730900
2010-04-28,23.5546,23.6155,23.3260,23.5470,64557900
2010-04-29,23.5622,23.9456,23.3641,23.6178,52665200
2010-04-30,23.6688,23.6765,23.2499,23.2613,63214800
2010-05-03,23.3641,23.6617,23.2956,23.5089,43989500
2010-05-04,23.2499,23.2727,22.6633,22.9528,82085600
2010-05-05,22.6785,22.9223,22.6176,22.7395,66833800
2010-05-06,22.5414,22.7623,21.2616,22.0767,128613000
2010-05-07,22.0386,22.0538,20.8121,21.4901,173718100
2010-05-10,22.0995,22.4576,21.8710,22.0462,86653300
2010-05-11,21.8482,22.5871,21.7644,22.0005,63789400
2010-05-12,22.0767,22.5338,22.0310,22.4271,47146800
2010-05-13,22.2900,22.6480,22.2291,22.2748,45188800
2010-05-14,22.2443,22.2519,21.8177,22.0386,63334000
2010-05-17,22.1833,22.2671,21.6729,22.0462,46053300
2010-05-18,22.0929,22.1924,21.7332,21.8843,52690600
2010-05-19,21.8250,21.9551,21.2664,21.6108,61746700
2010-05-20,21.1593,21.3047,20.6925,20.7460,87991100
2010-05-21,20.3787,20.7460,20.2333,20.5394,117596300
2010-05-24,20.5471,20.5547,20.0956,20.1032,73711700
2010-05-25,19.6288,20.1491,19.4221,19.9502,98373600
2010-05-26,20.0726,20.3596,18.7946,19.1390,176684100
2010-05-27,19.6900,20.1721,19.6862,19.8966,136433600
2010-05-28,19.7742,19.9884,19.6364,19.7435,67496900
2010-06-01,19.5369,20.1338,19.5293,19.8124,76152400
2010-06-02,19.9425,20.2639,19.6900,20.2486,65718800
2010-06-03,20.3175,20.6083,20.2104,20.5547,67837000
2010-06-04,19.9731,20.3328,19.6058,19.7359,89832200
2010-06-07,19.7589,19.7665,19.3150,19.3533,80456200
2010-06-08,19.3227,19.3303,18.8635,19.2155,87355000
2010-06-09,19.2997,19.5293,18.9400,18.9706,87794000
2010-06-10,19.2308,19.2461,18.9630,19.1313,78930900
2010-06-11,19.1620,19.6823,18.9553,19.6364,68057700
2010-06-14,19.7895,19.8660,19.4910,19.5101,50972400
2010-06-15,19.7053,20.3940,19.6976,20.3424,81641500
2010-06-16,20.2563,20.3404,20.0726,20.1415,48698000
2010-06-17,20.3251,20.4093,19.9272,20.1797,47995500
2010-06-18,20.1797,20.3022,20.0267,20.2333,52075600
2010-06-21,20.4935,20.5777,19.8124,19.8583,54625300
2010-06-22,20.0190,20.2410,19.7129,19.7206,55985400
2010-06-23,19.7282,19.7282,19.2997,19.3670,61466200
2010-06-24,19.4834,19.6823,19.0778,19.1313,85243400
2010-06-25,19.1696,19.2155,18.6033,18.7736,156256700
2010-06-28,18.7564,18.8329,18.4579,18.6033,73784800
2010-06-29,18.4656,18.5191,17.6850,17.8381,119882100
2010-06-30,17.8304,18.1212,17.5626,17.6085,81050500
2010-07-01,17.6697,17.8457,17.3942,17.7233,92239400
2010-07-02,17.8763,17.9682,17.6391,17.8075,62485100
2010-07-06,18.1365,18.4350,18.0477,18.2283,73592000
2010-07-07,18.2283,18.6110,18.0676,18.5957,79965300
2010-07-08,18.8252,18.8405,18.3446,18.6795,50758100
2010-07-09,18.6186,18.6798,18.4809,18.5727,53806100
2010-07-12,18.6951,19.0472,18.6875,19.0012,49854200
2010-07-13,19.2385,19.3609,19.0548,19.2308,61928700
2010-07-14,19.5140,19.5981,19.2232,19.4681,72808100
2010-07-15,19.5140,19.5828,19.1160,19.5216,56934700
2010-07-16,19.5216,19.6211,19.0395,19.0472,65064800
2010-07-19,19.1007,19.3609,19.0625,19.3074,38181800
2010-07-20,19.0242,19.4987,18.9018,19.4987,45530700
2010-07-21,19.5905,19.6288,19.1122,19.2232,73297300
2010-07-22,19.5216,19.8889,19.4910,19.7742,73016400
2010-07-23,19.7742,19.9119,19.3227,19.7512,108520100
2010-07-26,19.7895,20.0496,19.7435,19.9731,67249900
2010-07-27,20.0037,20.0803,19.8660,20.0190,60672100
2010-07-28,19.9502,20.0420,19.7665,19.8583,69704800
2010-07-29,19.9961,20.2104,19.5905,19.9196,69446200
2010-07-30,19.7053,19.7742,19.3992,19.7512,83534800
2010-08-02,19.8889,20.1874,19.7053,20.1491,55044600
2010-08-03,20.0496,20.1644,19.8736,20.0190,56877700
2010-08-04,20.0114,20.0803,19.4681,19.6900,78531900
2010-08-05,19.5063,19.5752,19.2920,19.4145,64922100
2010-08-06,19.2691,19.5599,19.1466,19.5522,55982100
2010-08-09,19.5522,19.6900,19.4145,19.5981,57096500
2010-08-10,19.3839,19.3915,19.0395,19.1849,87257700
2010-08-11,18.8865,19.0548,18.7946,19.0242,76746900
2010-08-12,18.6875,18.8884,18.6416,18.7411,70240500
2010-08-13,18.6339,18.8788,18.5497,18.6722,45263500
2010-08-16,18.6416,18.8329,18.5957,18.7487,40909700
2010-08-17,19.0089,19.2012,18.9243,19.0089,52912600
2010-08-18,18.9858,19.1935,18.7781,19.0935,46818900
2010-08-19,18.9397,19.0320,18.6243,18.8012,54064600
2010-08-20,18.7012,18.7704,18.6166,18.6396,49560100
2010-08-23,18.8012,18.9553,18.6473,18.6781,51643000
2010-08-24,18.5319,18.7320,18.4627,18.4935,66522500
2010-08-25,18.4627,18.6320,18.3627,18.5396,47404800
2010-08-26,18.5319,18.6089,18.3012,18.3242,49105300
2010-08-27,18.3704,18.4781,18.0858,18.4089,60939400
2010-08-30,18.2627,18.3242,18.1550,18.1858,45453100
2010-08-31,18.1550,18.2550,17.9396,18.0511,66074600
2010-09-01,18.2089,18.4242,18.1088,18.3858,65235900
2010-09-02,18.3704,18.4242,18.2396,18.4166,48837100
2010-09-03,18.6473,18.8089,18.6166,18.6858,64189100
2010-09-07,18.5396,18.6935,18.4012,18.4319,51928700
2010-09-08,18.5166,18.6166,18.2627,18.4089,65512400
2010-09-09,18.6089,18.6243,18.4550,18.4704,46028900
2010-09-10,18.4473,18.4858,18.3012,18.3473,58284300
2010-09-13,18.6166,19.4551,18.5319,19.3166,114680400
2010-09-14,19.2628,19.5012,19.1474,19.2551,87160400
2010-09-15,19.3089,19.4012,19.1705,19.3205,56201900
2010-09-16,19.2781,19.5166,19.2705,19.4859,44548300
2010-09-17,19.5397,19.6397,19.2935,19.4012,70341600
2010-09-20,19.4474,19.6320,19.3166,19.5628,49838700
2010-09-21,19.5551,19.5551,19.2935,19.3474,52675700
2010-09-22,19.1474,19.2089,18.7397,18.9320,94299400
2010-09-23,18.8550,18.9166,18.7397,18.7935,46201800
2010-09-24,18.9551,19.0781,18.9089,19.0589,51948800
2010-09-27,19.1089,19.2243,18.9166,19.0262,43603300
2010-09-28,19.0781,19.1551,18.7320,18.9839,56041200
2010-09-29,18.9474,18.9704,18.7704,18.8474,44318900
2010-09-30,18.9320,19.1012,18.7397,18.8397,61262700
2010-10-01,18.8397,19.0935,18.6935,18.7550,62672300
2010-10-04,18.4319,18.4550,18.2935,18.3935,98143400
2010-10-05,18.3935,18.8089,18.3935,18.7320,78152900
2010-10-06,18.7089,18.8781,18.5627,18.7935,50489700
2010-10-07,18.9397,19.0397,18.6781,18.8704,50096100
2010-10-08,18.9397,18.9627,18.7473,18.9012,41327800
2010-10-11,19.0320,19.0320,18.8474,18.9166,27587800
2010-10-12,18.9627,19.1781,18.7935,19.1012,50141500
2010-10-13,19.2474,19.6474,19.1474,19.4935,75336500
2010-10-14,19.4551,19.4935,19.2320,19.4089,51949100
2010-10-15,19.5089,19.6551,19.4089,19.6474,68954800
2010-10-18,19.6859,19.9628,19.5782,19.8628,48330500
2010-10-19,19.4397,19.5166,19.1935,19.3089,66150900
2010-10-20,19.4320,19.5397,19.3089,19.4705,56283600
2010-10-21,19.5782,19.6474,19.2705,19.5551,50032400
2010-10-22,19.5397,19.6474,19.4397,19.5224,25837900
2010-10-25,19.4166,19.5007,19.3628,19.3782,50912400
2010-10-26,19.3243,19.9782,19.2781,19.9243,69304200
2010-10-27,19.8397,20.0859,19.7089,20.0397,64805500
2010-10-28,20.1628,20.2936,19.9397,20.2167,80730300
2010-10-29,20.8859,20.9244,20.3705,20.5128,114193200
2010-11-01,20.6782,20.9398,20.5398,20.7321,61912100
2010-11-02,20.8167,21.0937,20.7859,21.0706,54402100
2010-11-03,21.0244,21.1475,20.7398,20.7936,110255300
2010-11-04,21.0860,21.1013,20.7782,20.8783,93599300
2010-11-05,20.9013,20.9167,20.4090,20.6552,110953700
2010-11-08,20.5244,20.8090,20.4475,20.6244,71670800
2010-11-09,20.6244,20.8552,20.5475,20.7321,58538600
2010-11-10,20.7782,20.8321,20.6244,20.7244,52277300
2010-11-11,20.5244,20.5552,20.2167,20.5244,62073100
2010-11-12,20.3628,20.4013,20.0782,20.2090,64962200
2010-11-15,20.2551,20.3859,20.1321,20.1551,51794600
2010-11-16,20.1562,20.1562,19.8543,19.9782,65339200
2010-11-17,20.0479,20.0556,19.7769,19.7924,58299700
2010-11-18,19.9008,20.1872,19.8234,19.9995,59514000
2010-11-19,19.9705,19.9937,19.8156,19.8853,52423200
2010-11-22,19.8543,19.9240,19.6918,19.9163,53350500
2010-11-23,19.7924,19.8156,19.4209,19.4441,69742500
2010-11-24,19.5060,19.7073,19.4751,19.6376,56825900
2010-11-26,19.5138,19.6686,19.4828,19.5447,21356500
2010-11-29,19.4983,19.6763,19.2970,19.5912,56603600
2010-11-30,19.3899,19.7150,19.3512,19.5505,75282100
2010-12-01,19.7924,20.3188,19.7847,20.1562,74123500
2010-12-02,20.3110,20.8838,20.2801,20.8142,91759200
2010-12-03,20.7522,20.9458,20.7290,20.9148,52622000
2010-12-06,20.8451,20.8838,20.7135,20.7755,36264200
2010-12-07,20.9612,20.9999,20.7832,20.7987,57860500
2010-12-08,20.7677,21.0851,20.7445,21.0773,41666800
2010-12-09,21.1160,21.1625,20.9071,20.9612,47148300
2010-12-10,21.0464,21.2089,20.9845,21.1625,37625800
2010-12-13,21.1083,21.2476,21.0328,21.0890,47943900
2010-12-14,21.1393,21.4798,21.1006,21.3792,64070500
2010-12-15,21.3096,21.6656,21.3096,21.5573,69634200
2010-12-16,21.4876,21.6656,21.4102,21.6637,57680200
2010-12-17,21.6114,21.7430,21.4798,21.5979,87456500
2010-12-20,21.6347,21.6656,21.4257,21.5263,52811000
2010-12-21,21.5573,21.7817,21.4876,21.7275,38153000
2010-12-22,21.6811,21.9830,21.6579,21.8185,42252300
2010-12-23,21.6501,21.9211,21.6424,21.9056,24902500
2010-12-27,21.7662,21.8282,21.5805,21.7275,21652800
2010-12-28,21.6501,21.8049,21.6424,21.6811,23042200
2010-12-29,21.6269,21.7662,21.5805,21.6501,19502500
2010-12-30,21.6114,21.6734,21.4992,21.5573,20786100
2010-12-31,21.5186,21.6114,21.3870,21.6037,24752000
2011-01-03,21.7121,21.8127,21.6114,21.6579,53443800
2011-01-04,21.6269,21.8049,21.5573,21.7411,54405600
2011-01-05,21.5960,21.6811,21.4953,21.6734,58998700
2011-01-06,21.7043,22.3313,21.5650,22.3081,88026300
2011-01-07,22.1688,22.2462,21.8669,22.1378,73762000
2011-01-10,21.8746,21.9830,21.7043,21.8437,57573600
2011-01-11,21.8282,21.8669,21.7121,21.7585,50298900
2011-01-12,21.7662,22.1300,21.7275,22.0991,52631100
2011-01-13,21.9288,21.9752,21.6811,21.8204,67077600
2011-01-14,21.7353,21.9675,21.6037,21.9056,62688400
2011-01-18,21.7972,22.2462,21.7817,22.1842,53322700
2011-01-19,22.0294,22.1997,21.8824,22.0372,50005900
2011-01-20,22.0604,22.0991,21.7740,21.9462,58613600
2011-01-21,21.9830,22.0062,21.6888,21.6888,58080300
2011-01-24,21.6888,22.1068,21.6656,21.9675,52047800
2011-01-25,21.7817,22.0217,21.7662,22.0217,42436600
2011-01-26,22.0681,22.4397,22.0604,22.2771,74628800
2011-01-27,22.2539,22.8035,22.0526,22.3468,146938600
2011-01-28,22.3661,22.3932,21.2476,21.4806,141249400
2011-01-31,21.4953,21.5960,21.2244,21.4605,65029000
2011-02-01,21.5186,21.7198,21.3715,21.6676,62810700
2011-02-02,21.6192,21.7585,21.5805,21.6269,45824000
2011-02-03,21.6463,21.6501,21.3173,21.4024,60340100
2011-02-04,21.4411,21.5495,21.2941,21.4953,40412200
2011-02-07,21.5186,21.9365,21.5108,21.8262,68980900
2011-02-08,21.7508,21.9365,21.7121,21.8920,34904200
2011-02-09,21.8204,21.8746,21.6037,21.6501,52905100
2011-02-10,21.6192,21.6269,21.1238,21.2863,76672400
2011-02-11,21.4876,21.5262,20.9535,21.0928,83939700
2011-02-14,21.0580,21.1083,20.8606,21.0773,56766200
2011-02-15,21.0545,21.2803,20.9844,20.9922,44116500
2011-02-16,21.0623,21.0778,20.7119,21.0389,70817900
2011-02-17,21.0000,21.3114,20.9533,21.1869,57207300
2011-02-18,21.1246,21.1869,21.0156,21.0701,68667800
2011-02-22,20.8520,21.1012,20.6496,20.7041,60889000
2011-02-23,20.6574,20.9143,20.5795,20.7041,60234100
2011-02-24,20.7430,21.0701,20.6340,20.8443,64494200
2011-02-25,20.9533,20.9844,20.6340,20.6730,53006300
2011-02-28,20.7820,20.9143,20.6418,20.6963,51379900
2011-03-01,20.7119,20.8520,20.3615,20.3693,60055000
2011-03-02,20.3304,20.5328,20.2758,20.3050,48658200
2011-03-03,20.4471,20.5562,20.3849,20.4004,68271500
2011-03-04,20.4160,20.4316,20.0890,20.2077,70437200
2011-03-07,20.3459,20.4549,19.8943,20.0267,64980400
2011-03-08,20.0656,20.2603,19.9722,20.1746,50549800
2011-03-09,20.0968,20.2291,19.9800,20.1591,39789100
2011-03-10,19.9488,20.0189,19.7386,19.7853,66549500
2011-03-11,19.7853,20.1279,19.7464,19.9955,49905800
2011-03-14,19.8476,20.0578,19.7386,20.0033,54473400
2011-03-15,19.5284,19.8320,19.4661,19.7697,76067300
2011-03-16,19.6374,19.6841,19.2169,19.3025,100725400
2011-03-17,19.5128,19.6374,19.2714,19.2948,62497000
2011-03-18,19.5128,19.6062,19.3087,19.3103,85486700
2011-03-21,19.6062,19.9177,19.5829,19.7230,46878100
2011-03-22,19.6997,19.8242,19.6451,19.6958,30895600
2011-03-23,19.6451,19.9410,19.6062,19.8865,43969000
2011-03-24,19.9332,20.1435,19.8554,20.0968,38696700
2011-03-25,20.1902,20.2058,19.9255,19.9488,57029800
2011-03-28,19.9800,20.0267,19.7619,19.7853,48973200
2011-03-29,19.7308,19.8710,19.6997,19.8476,40763500
2011-03-30,19.9332,20.0267,19.8554,19.9410,41999300
2011-03-31,19.9332,19.9955,19.7308,19.7697,63233700
2011-04-01,19.8787,19.8787,19.7074,19.8398,63114200
2011-04-04,19.8164,19.9800,19.7853,19.8943,35433700
2011-04-05,20.1045,20.3849,20.0423,20.0734,73651100
2011-04-06,20.2291,20.4861,20.1357,20.3615,65581400
2011-04-07,20.3908,20.4471,20.2213,20.4004,46134700
2011-04-08,20.3771,20.4627,20.2136,20.2992,39887600
2011-04-11,20.3926,20.4394,20.0890,20.2291,34286300
2011-04-12,20.1123,20.1279,19.8943,19.9644,36920400
2011-04-13,19.9722,20.1435,19.9021,19.9566,38144700
2011-04-14,19.7931,19.8087,19.5361,19.7931,55239900
2011-04-15,19.8242,19.9021,19.6062,19.7542,65080400
2011-04-18,19.5439,19.6841,19.2480,19.5284,58045100
2011-04-19,19.4661,19.5976,19.3648,19.5829,38892400
2011-04-20,19.8865,20.2447,19.8632,20.0578,61608600
2011-04-21,20.0812,20.1591,19.7464,19.8710,46892300
2011-04-25,19.9021,19.9488,19.7308,19.9410,33525100
2011-04-26,20.0423,20.5873,19.9877,20.3926,69200000
2011-04-27,20.4783,20.5484,20.3459,20.5406,52689000
2011-04-28,20.6029,20.9221,20.5562,20.7975,80200000
2011-04-29,20.6730,20.7430,19.7464,20.1824,319317900
2011-05-02,20.1980,20.2447,19.8398,19.9800,89825600
2011-05-03,19.9332,20.1279,19.8476,20.0968,71892900
2011-05-04,20.1279,20.4394,20.0812,20.2914,73292300
2011-05-05,20.2836,20.3070,19.9955,20.0812,55600000
2011-05-06,20.2992,20.4160,20.0500,20.1435,55993000
2011-05-09,20.0890,20.2136,19.9877,20.1123,38696400
2011-05-10,19.7619,20.1279,19.6607,19.9877,120798700
2011-05-11,19.9722,19.9800,19.6296,19.7464,78600000
2011-05-12,19.7386,19.7697,19.5439,19.7152,77400000
2011-05-13,19.6841,19.7152,19.4271,19.4894,66812300
2011-05-16,19.4349,19.5206,19.0767,19.1312,91350900
2011-05-17,19.1189,19.3580,19.0210,19.2169,82882100
2011-05-18,19.2247,19.3893,19.0053,19.3501,53931100
2011-05-19,19.4755,19.4990,19.2012,19.3697,37783600
2011-05-20,19.3736,19.4912,19.1542,19.1934,45451500
2011-05-23,18.9739,19.0053,18.8329,18.9426,52692500
2011-05-24,18.9661,19.0366,18.8407,18.9269,47691800
2011-05-25,18.9426,19.0523,18.9348,18.9583,34904200
2011-05-26,19.0837,19.6166,19.0601,19.3345,78016600
2011-05-27,19.3423,19.5147,19.3188,19.4050,50251000
2011-05-31,19.5617,19.6401,19.3580,19.6009,60196300
2011-06-01,19.5852,19.6715,19.0993,19.1464,74033500
2011-06-02,19.1934,19.3188,18.9504,18.9818,51487800
2011-06-03,18.8485,18.9191,18.6840,18.7349,60697700
2011-06-06,18.8485,19.0053,18.6291,18.8172,54778700
2011-06-07,18.8799,18.9426,18.7310,18.8564,41112600
2011-06-08,18.7310,18.8250,18.6996,18.7623,42205000
2011-06-09,18.8172,18.8407,18.6683,18.7780,42878700
2011-06-10,18.8250,18.8250,18.5664,18.5782,49327200
2011-06-13,18.6448,18.9583,18.5742,18.8407,47572500
2011-06-14,19.0445,19.1620,18.9583,18.9818,42894500
2011-06-15,18.8094,18.8172,18.5507,18.6056,49410200
2011-06-16,18.6134,18.8877,18.5351,18.8054,57184100
2011-06-17,18.9818,19.0445,18.7937,19.0131,83320400
2011-06-20,18.9426,19.3266,18.9348,19.1777,54338400
2011-06-21,19.2169,19.4834,19.1228,19.4050,49708700
2011-06-22,19.2796,19.4442,19.2718,19.3188,44287300
2011-06-23,19.1542,19.3188,18.9661,19.3031,59470400
2011-06-24,19.2091,19.2326,18.9583,19.0445,101387200
2011-06-27,18.9896,19.9536,18.9896,19.7498,92044200
2011-06-28,19.8282,20.3141,19.7185,20.2201,81032100
2011-06-29,20.1495,20.1495,19.8752,20.0790,66051000
2011-06-30,20.1730,20.3768,20.1103,20.3768,52535400
2011-07-01,20.3219,20.5100,20.2514,20.3925,52906200
2011-07-05,20.4552,20.4944,20.2984,20.4003,37805300
2011-07-06,20.3533,20.6668,20.3455,20.6354,48744200
2011-07-07,20.7608,21.0665,20.6589,20.9803,51946500
2011-07-08,20.8000,21.1449,20.7765,21.0978,58320700
2011-07-11,20.8627,21.0038,20.7608,20.8705,43999800
2011-07-12,20.8079,20.9959,20.6433,20.8000,47319300
2011-07-13,20.8470,21.1292,20.7765,20.8705,40861800
2011-07-14,20.8627,21.1684,20.6589,20.7452,46382300
2011-07-15,20.7452,21.1053,20.7452,20.9881,49132400
2011-07-18,20.8705,21.0822,20.5806,20.8392,44501900
2011-07-19,21.0116,21.6621,20.9881,21.5837,86730600
2011-07-20,21.3800,21.4348,21.1449,21.2076,49795400
2011-07-21,21.1919,21.4035,20.8862,21.2350,81737400
2011-07-22,21.0508,21.5916,20.9097,21.5759,76380600
2011-07-25,21.3643,22.0148,21.3094,21.8737,108482400
2011-07-26,21.8032,22.0579,21.7718,22.0069,74636500
2011-07-27,21.8502,21.9325,21.3173,21.4192,71488700
2011-07-28,21.3878,21.9991,21.3251,21.7248,83761400
2011-07-29,21.5681,21.7170,21.3643,21.4740,104394800
2011-08-01,21.5602,21.6974,20.9646,21.3721,61838400
2011-08-02,21.1449,21.5132,20.9724,21.0038,63883100
2011-08-03,21.0273,21.1605,20.7530,21.0978,64581200
2011-08-04,20.7922,21.0586,20.3219,20.3298,92949500
2011-08-05,20.3533,20.4552,19.7733,20.1260,112071700
2011-08-08,19.6088,20.0633,19.1150,19.1855,134257200
2011-08-09,19.3658,20.0790,18.8329,20.0476,126268900
2011-08-10,19.5539,19.6636,18.8877,18.9661,127819900
2011-08-11,19.2012,19.8909,19.1228,19.7420,90690100
2011-08-12,19.6950,19.8556,19.3188,19.6715,64787100
2011-08-15,19.7812,20.0476,19.7106,19.9928,56529400
2011-08-16,19.8863,20.1821,19.7562,19.9928,54251500
2011-08-17,19.9139,20.2688,19.6615,19.9100,50923700
2011-08-18,19.3776,19.7877,18.9517,19.4565,105714200
2011-08-19,19.2514,19.4171,18.8571,18.9675,77397900
2011-08-22,19.2593,19.3145,18.7625,18.9123,54721000
2011-08-23,18.9517,19.5196,18.9517,19.4959,59670600
2011-08-24,19.4407,19.6615,19.2593,19.6379,45329700
2011-08-25,19.7798,19.8429,19.3224,19.3776,48192000
2011-08-26,19.3303,19.9849,19.2593,19.9139,71957000
2011-08-29,20.1347,20.3950,20.0086,20.3792,38863200
2011-08-30,20.2925,20.8445,20.2688,20.6868,57341400
2011-08-31,20.7341,21.0654,20.7105,20.9786,59300800
2011-09-01,20.8682,21.1837,20.6710,20.6710,60510800
2011-09-02,20.3319,20.5054,20.2373,20.3477,43894400
2011-09-06,19.8745,20.1821,19.8035,20.1190,54929300
2011-09-07,20.2609,20.5054,20.1663,20.5054,41961000
2011-09-08,20.5054,21.0259,20.4660,20.6789,65811900
2011-09-09,20.5054,20.6474,20.1111,20.3004,64529200
2011-09-12,20.1939,20.4502,19.9297,20.4187,55046100
2011-09-13,20.4423,20.6513,20.3556,20.5370,48792300
2011-09-14,20.6395,21.1364,20.4187,20.8997,66739200
2011-09-15,21.0811,21.3177,20.7499,21.2862,67808300
2011-09-16,21.3335,21.5070,21.1600,21.3887,89681500
2011-09-19,21.1364,21.5386,20.9786,21.4597,52324900
2011-09-20,21.5386,21.6884,21.2389,21.2783,49211900
2011-09-21,21.3335,21.3414,20.4818,20.4975,72750700
2011-09-22,19.9533,20.2294,19.4013,19.7641,96278300
2011-09-23,19.6379,19.8350,19.4723,19.7641,64768100
2011-09-26,19.8666,20.1269,19.5038,20.0638,51057600
2011-09-27,20.2373,20.4423,20.0716,20.2452,55620700
2011-09-28,20.4502,20.7972,20.1190,20.1702,60736200
2011-09-29,20.4896,20.6395,19.7877,20.0716,63407300
2011-09-30,19.8745,20.1111,19.6221,19.6300,54060500
2011-10-03,19.4959,19.9809,19.3382,19.3461,64592500
2011-10-04,19.1647,20.0243,19.1331,19.9849,83485400
2011-10-05,20.0480,20.6316,19.8429,20.4187,94061300
2011-10-06,20.4265,20.8209,20.2688,20.7736,55111400
2011-10-07,20.7736,20.9076,20.6631,20.7026,52741600
2011-10-10,20.9628,21.2704,20.8761,21.2468,41815300
2011-10-11,21.1837,21.3493,21.0733,21.2941,38826200
2011-10-12,21.4360,21.5386,21.2152,21.2625,52489800
2011-10-13,21.1048,21.4518,20.9944,21.4360,43823500
2011-10-14,21.5386,21.6884,21.3099,21.5070,50947700
2011-10-17,21.3839,21.6253,21.1758,21.2783,39453300
2011-10-18,21.2468,21.6096,21.1364,21.5386,52487900
2011-10-19,21.5859,21.6648,21.3020,21.3966,42880000
2011-10-20,21.4991,21.5622,20.8209,21.3256,76300200
2011-10-21,21.4124,21.4439,21.1364,21.4203,76620600
2011-10-24,21.3414,21.6096,21.3256,21.4439,56897800
2011-10-25,21.3572,21.4755,21.0733,21.1442,53554600
2011-10-26,21.3177,21.3414,20.5843,20.9707,63029900
2011-10-27,21.3966,21.6096,21.0181,21.4913,74512400
2011-10-28,21.4045,21.4439,21.1285,21.2783,57712100
2011-10-31,21.1009,21.2941,20.9944,21.0023,46799000
2011-11-01,20.6553,20.7578,20.3950,20.4975,61182600
2011-11-02,20.5843,20.6631,20.2688,20.5133,53533100
2011-11-03,20.6947,20.9668,20.4896,20.9234,65836100
2011-11-04,20.8051,20.8209,20.5054,20.7026,36549200
2011-11-07,20.6710,21.1521,20.6079,21.1364,42589700
2011-11-08,21.3020,21.4518,21.0457,21.4203,47822500
2011-11-09,20.9707,21.0969,20.5527,20.6631,62950900
2011-11-10,20.8761,20.8997,20.6001,20.7262,32514400
2011-11-11,20.9628,21.3532,20.9550,21.2231,37903000
2011-11-14,21.1994,21.2941,21.0181,21.1048,34199200
2011-11-15,21.1037,21.4057,20.9766,21.2468,43874200
2011-11-16,21.0322,21.0640,20.6906,20.7144,53262800
2011-11-17,20.6667,20.6906,20.2138,20.2933,70977500
2011-11-18,20.2456,20.2615,19.9834,20.1026,47626200
2011-11-21,20.0549,20.0629,19.7848,19.8642,61882500
2011-11-22,19.7768,19.8324,19.5861,19.6974,49204500
2011-11-23,19.5543,19.6974,19.4431,19.4431,49099700
2011-11-25,19.3716,19.6020,19.3080,19.3080,26164600
2011-11-28,19.8165,19.8404,19.6179,19.7609,46766700
2011-11-29,19.7212,19.8960,19.6656,19.7371,40917100
2011-11-30,20.1583,20.3290,19.9755,20.3251,81350900
2011-12-01,20.3092,20.3648,20.0231,20.0867,48545400
2011-12-02,20.3330,20.3568,19.9913,20.0390,52293800
2011-12-05,20.4840,20.4999,20.2615,20.4204,56818400
2011-12-06,20.5078,20.5555,20.3489,20.3886,46175300
2011-12-07,20.3966,20.4681,20.1304,20.3410,62667000
2011-12-08,20.2456,20.4363,20.1582,20.1820,60522200
2011-12-09,20.2774,20.5555,20.2615,20.4204,53788500
2011-12-12,20.1900,20.3171,20.0946,20.2694,38945900
2011-12-13,20.4601,20.7382,20.3815,20.4681,54581100
2011-12-14,20.4363,20.5475,20.3171,20.3330,47926400
2011-12-15,20.4363,20.5634,20.2933,20.3092,46213900
2011-12-16,20.3966,20.7939,20.3648,20.6588,101408100
2011-12-19,20.6747,20.7541,20.2297,20.2853,52258300
2011-12-20,20.5475,20.7382,20.5078,20.6786,60767600
2011-12-21,20.6667,20.8098,20.2138,20.4681,64132500
2011-12-22,20.5158,20.5475,20.2416,20.5078,35794100
2011-12-23,20.5874,20.6906,20.4443,20.6826,23205800
2011-12-27,20.6270,20.7700,20.6032,20.6906,21287200
2011-12-28,20.7462,20.7780,20.4681,20.5158,29822500
2011-12-29,20.6191,20.6985,20.5475,20.6747,22616900
2011-12-30,20.6588,20.7541,20.5873,20.6270,27395700
2012-01-03,21.0958,21.4216,20.9687,21.2666,64731500
2012-01-04,21.3103,21.8268,21.2785,21.7712,80516100
2012-01-05,21.7553,22.0318,21.6838,21.9937,56081400
2012-01-06,21.8745,22.3989,21.8705,22.3314,99455500
2012-01-09,22.2876,22.3274,22.0254,22.0413,59706800
2012-01-10,22.1923,22.3671,22.0493,22.1208,60014400
2012-01-11,21.7950,22.2320,21.7473,22.0254,65582400
2012-01-12,22.1446,22.2638,21.9658,22.2479,49370800
2012-01-13,22.1923,22.4466,22.0811,22.4466,60196100
2012-01-17,22.5657,22.7644,22.3830,22.4505,72395300
2012-01-18,22.4942,22.5657,22.2241,22.4307,64860600
2012-01-19,22.3751,22.5936,22.2718,22.3433,74053500
2012-01-20,22.8995,23.6305,22.8438,23.6066,165902900
2012-01-23,23.4795,23.7973,23.3206,23.6225,76078100
2012-01-24,23.4159,23.4956,23.1855,23.3126,51703300
2012-01-25,23.0981,23.5590,23.0981,23.4874,59231700
2012-01-26,23.5272,23.5987,23.3603,23.4398,49102800
2012-01-27,23.4000,23.4636,23.1776,23.2252,44187700
2012-01-30,23.0187,23.5351,22.9074,23.5272,51114800
2012-01-31,23.5669,23.5987,23.2252,23.4636,50572400
2012-02-01,23.6702,23.8768,23.6464,23.7497,67409900
2012-02-02,23.7576,23.9721,23.6066,23.7973,52223300
2012-02-03,23.9484,24.1549,23.9086,24.0278,41838500
2012-02-06,23.8688,24.0119,23.8132,23.9960,28039700
2012-02-07,23.9562,24.2224,23.8768,24.1152,39242400
2012-02-08,24.0436,24.3694,24.0119,24.3615,49659100
2012-02-09,24.3774,24.4727,24.2185,24.4489,50481600
2012-02-10,24.3456,24.4727,24.1231,24.2304,44605300
2012-02-13,24.3376,24.4489,24.1787,24.2979,33319800
2012-02-14,24.2586,24.3626,23.8747,24.1946,59644000
2012-02-15,24.2587,24.3066,24.0187,24.0346,43311300
2012-02-16,24.2426,25.2344,24.2346,25.0224,94705100
2012-02-17,24.9544,25.0504,24.7545,24.9944,70036500
2012-02-21,24.9384,25.2824,24.9145,25.1464,50829900
2012-02-22,25.1544,25.3384,24.9384,25.0104,49253200
2012-02-23,24.9544,25.2664,24.7945,25.0904,35034700
2012-02-24,25.1784,25.1944,24.9864,25.1784,35575400
2012-02-27,24.9864,25.1944,24.8745,25.0744,34568400
2012-02-28,25.1224,25.5383,25.0984,25.4903,45230600
2012-02-29,25.5023,25.5943,25.2824,25.3863,59323600
2012-03-01,25.5383,25.9062,25.4743,25.8263,77344100
2012-03-02,25.8422,25.9462,25.5943,25.6543,47314200
2012-03-05,25.6023,25.6343,25.2904,25.4343,45240000
2012-03-06,25.2264,25.5783,25.1864,25.2384,51932900
2012-03-07,25.3304,25.5303,25.2184,25.4663,34340400
2012-03-08,25.6263,25.7623,25.5143,25.6023,36747400
2012-03-09,25.6743,25.7223,25.5303,25.5863,34628400
2012-03-12,25.5703,25.7543,25.4503,25.6263,34073600
2012-03-13,25.7863,26.1462,25.7143,26.1302,48951700
2012-03-14,26.0182,26.2981,25.9862,26.2102,41986900
2012-03-15,26.2262,26.3461,26.0582,26.2742,49068300
2012-03-16,26.3221,26.3541,25.9942,26.0742,65626400
2012-03-19,26.0222,26.0822,25.7143,25.7543,44789200
2012-03-20,25.6743,25.7143,25.3863,25.5863,41566800
2012-03-21,25.5623,25.7143,25.4503,25.5223,37928600
2012-03-22,25.4423,25.6663,25.4263,25.5903,31749500
2012-03-23,25.6743,25.6823,25.3704,25.6023,35912200
2012-03-26,25.7463,26.0822,25.7183,26.0662,36758300
2012-03-27,26.1142,26.1542,25.9142,26.0102,36274900
2012-03-28,26.0102,26.1542,25.6263,25.7463,41344800
2012-03-29,25.6423,25.7463,25.4423,25.6903,37038500
2012-03-30,25.9142,25.9222,25.6263,25.7983,31749400
2012-04-02,25.7703,25.9622,25.5543,25.8263,35853600
2012-04-03,25.7223,25.7463,25.3224,25.5463,42752100
2012-04-04,25.3224,25.3464,24.8345,24.9624,49455900
2012-04-05,24.9145,25.2984,24.8346,25.2104,50368600
2012-04-09,24.9704,25.1144,24.7705,24.8745,31056400
2012-04-10,24.8425,24.9464,24.2346,24.3706,54131300
2012-04-11,24.3386,24.4186,24.1786,24.2706,43014000
2012-04-12,24.3786,24.8265,24.3306,24.7745,38304000
2012-04-13,24.7065,24.9225,24.5705,24.6425,39749200
2012-04-16,24.7865,24.9464,24.6105,24.8545,38124800
2012-04-17,25.0104,25.2824,24.9544,25.1464,34361500
2012-04-18,25.0184,25.0424,24.8265,24.9065,40552900
2012-04-19,24.8985,25.3384,24.7465,24.8025,54781200
2012-04-20,25.7143,26.3061,25.6343,25.9302,106045000
2012-04-23,25.8422,25.9942,25.6183,25.6903,61398200
2012-04-24,25.7623,26.0102,25.4583,25.5303,40871100
2012-04-25,25.5303,25.8502,25.4903,25.7543,62495500
2012-04-26,25.6903,25.7783,25.5303,25.6823,40308100
2012-04-27,25.6903,25.7703,25.4983,25.5783,41419100
2012-04-30,25.5783,25.6823,25.5303,25.6063,35697200
2012-05-01,25.6343,25.8622,25.5543,25.6023,43832300
2012-05-02,25.4743,25.5343,25.3064,25.4343,37385300
2012-05-03,25.4983,25.5143,25.2824,25.4023,31501300
2012-05-04,25.1544,25.2504,24.7305,24.7785,57927200
2012-05-07,24.5545,24.6825,24.4506,24.5145,48641400
2012-05-08,24.3786,24.6185,24.1306,24.3946,46328300
2012-05-09,24.1466,24.6585,24.0746,24.6025,50309300
2012-05-10,24.6825,24.8105,24.3546,24.5865,43839200
2012-05-11,24.5465,25.2264,24.5465,24.9225,43459300
2012-05-14,24.6505,24.8265,24.5065,24.5385,40528900
2012-05-15,24.6688,24.7936,24.2743,24.3226,61822800
2012-05-16,24.4031,24.4111,23.9442,24.0730,60083700
2012-05-17,24.1455,24.3213,23.9200,23.9281,48484000
2012-05-18,23.9844,24.0005,23.4853,23.5658,56205300
2012-05-21,23.4289,23.9844,23.3967,23.9522,38787900
2012-05-22,23.9039,24.0569,23.7510,23.9603,39504900
2012-05-23,23.6302,23.6704,23.0586,23.4370,65171000
2012-05-24,23.4772,23.5899,23.1552,23.4048,52575000
2012-05-25,23.5094,23.6382,23.3564,23.3967,29507200
2012-05-29,23.6543,23.9281,23.5255,23.7993,37758800
2012-05-30,23.6302,23.7340,23.4450,23.6221,41585500
2012-05-31,23.5899,23.6865,23.3001,23.5014,39134000
2012-06-01,23.1552,23.3162,22.8975,22.9056,56634300
2012-06-04,23.0424,23.1713,22.8009,22.9861,47926300
2012-06-05,22.9539,23.1471,22.8573,22.9499,45715400
2012-06-06,23.2518,23.6463,23.1934,23.6302,46860500
2012-06-07,23.8637,23.9120,23.4853,23.5336,37792800
2012-06-08,23.5175,23.8959,23.3886,23.8717,42551100
2012-06-11,23.9361,24.0005,23.2035,23.2639,46361900
2012-06-12,23.4289,23.5899,23.2196,23.5819,35337900
2012-06-13,23.5255,23.7026,23.3886,23.4531,32984600
2012-06-14,23.6141,23.7187,23.2518,23.6221,39458900
2012-06-15,23.8234,24.2179,23.7429,24.1696,62314400
2012-06-18,24.1455,24.1777,23.9200,24.0247,58679900
2012-06-19,24.3065,25.0472,24.1938,24.7171,75725800
2012-06-20,24.9023,24.9989,24.6688,24.9023,36257100
2012-06-21,24.9264,25.0713,24.2018,24.2622,48456600
2012-06-22,24.3950,24.7412,24.1777,24.7171,45098100
2012-06-25,24.3951,24.4111,23.8476,24.0448,42217200
2012-06-26,24.1535,24.3709,24.1052,24.1696,38421300
2012-06-27,24.3065,24.5561,24.1777,24.2904,33781700
2012-06-28,24.1374,24.1938,23.6865,24.0811,45328400
2012-06-29,24.5158,24.7090,24.2662,24.6285,55227200
2012-07-02,24.6527,24.6527,24.3226,24.6044,30589100
2012-07-03,24.3387,24.7654,24.2904,24.7654,20938100
2012-07-05,24.6285,24.7815,24.4554,24.7171,28801900
2012-07-06,24.6446,24.7171,24.1133,24.3025,38294800
2012-07-09,24.2501,24.3387,23.9764,24.1535,30680800
2012-07-10,24.2179,24.3306,23.7590,23.9442,37534100
2012-07-11,23.9200,23.9402,23.4329,23.5899,39184900
2012-07-12,23.4692,23.4933,22.9780,23.0505,63523600
2012-07-13,23.1552,23.7349,23.1230,23.6624,39085000
2012-07-16,23.7349,23.7751,23.3806,23.7026,27900600
2012-07-17,23.8637,24.0408,23.5094,23.8798,33771300
2012-07-18,23.8315,24.5158,23.7187,24.5158,41090400
2012-07-19,24.5641,24.7976,24.4595,24.6889,46663200
2012-07-20,24.9586,24.9989,24.1938,24.2461,64021700
2012-07-23,23.8073,23.8154,23.3564,23.5738,55151900
2012-07-24,23.5417,23.6382,23.2679,23.4692,47723300
2012-07-25,23.5416,23.6141,23.1713,23.2115,45579500
2012-07-26,23.5336,23.7510,23.4209,23.4772,45301400
2012-07-27,23.7349,24.0327,23.4933,23.9563,44242600
2012-07-30,23.9522,24.0086,23.7187,23.8637,28905000
2012-07-31,23.7349,23.9200,23.6141,23.7268,37620900
2012-08-01,23.8234,23.8717,23.5175,23.6785,31721800
2012-08-02,23.5175,23.7711,23.3242,23.5014,39520500
2012-08-03,23.7751,24.1052,23.7349,23.9522,35859400
2012-08-06,24.1535,24.2421,24.0005,24.1133,27471800
2012-08-07,24.2099,24.4353,24.0488,24.3628,28002900
2012-08-08,24.3226,24.5319,24.2421,24.4192,26257600
2012-08-09,24.4675,24.6768,24.3950,24.5561,24920800
2012-08-10,24.5561,24.6527,24.3548,24.4917,27810300
2012-08-13,24.4353,24.5239,24.2823,24.4675,23049100
2012-08-14,24.5570,24.6299,24.3219,24.4192,34551400
2012-08-15,24.4030,24.5408,24.3300,24.4759,24351000
2012-08-16,24.6060,25.0757,24.5246,24.9460,35787200
2012-08-17,25.0595,25.0595,24.7920,25.0433,32589900
2012-08-20,24.9784,25.0027,24.7839,24.9136,23737700
2012-08-21,24.9298,25.0919,24.8082,24.9622,28822700
2012-08-22,24.7920,24.9298,24.6907,24.7515,33437400
2012-08-23,24.6299,24.6380,24.3787,24.5205,28355600
2012-08-24,24.5165,24.8244,24.4597,24.7677,22943300
2012-08-27,25.0676,25.0919,24.7920,24.8731,34691100
2012-08-28,24.8812,24.9622,24.7353,24.8244,23947900
2012-08-29,24.8421,24.9217,24.6704,24.8406,23346800
2012-08-30,24.7434,24.8082,24.4921,24.5732,23982100
2012-08-31,24.8001,25.0919,24.6218,24.9784,36590100
2012-09-04,24.6785,24.8487,24.4354,24.6259,48556700
2012-09-05,24.4921,24.7434,24.4840,24.6299,33650000
2012-09-06,24.7191,25.4161,24.6867,25.4039,48371700
2012-09-07,25.1567,25.1810,24.9055,25.0838,42649100
2012-09-10,24.9865,25.0433,24.7272,24.8974,40524000
2012-09-11,24.8731,25.0514,24.8083,24.9541,25191800
2012-09-12,25.0757,25.2702,24.9055,24.9460,32775800
2012-09-13,25.0352,25.2702,24.6380,25.0716,45047300
2012-09-14,25.1324,25.3269,24.9703,25.2945,51422800
2012-09-17,25.2783,25.3350,25.1567,25.2945,36488500
2012-09-18,25.2053,25.2945,25.1486,25.2661,34542700
2012-09-19,25.1972,25.2783,25.1567,25.1664,48871900
2012-09-20,25.0838,25.5133,25.0514,25.4890,45543000
2012-09-21,25.4728,25.6187,25.1972,25.2783,102348900
2012-09-24,25.1243,25.1810,24.8325,24.9460,46825900
2012-09-25,25.0838,25.1243,24.6056,24.6299,54266400
2012-09-26,24.5408,24.8001,24.3463,24.4476,54672000
2012-09-27,24.4516,24.6380,24.2247,24.4435,47129900
2012-09-28,24.4597,24.5246,24.1031,24.1193,54229300
2012-10-01,24.1599,24.2976,23.8438,23.9005,54042700
2012-10-02,24.0545,24.2247,23.9086,24.0383,43338900
2012-10-03,24.1112,24.3057,24.0464,24.2004,46655900
2012-10-04,24.2774,24.3382,23.9653,24.3382,43634900
2012-10-05,24.5002,24.5165,24.1031,24.1923,41133900
2012-10-08,24.0221,24.2490,23.9491,24.1355,29752000
2012-10-09,24.0545,24.1031,23.6493,23.7303,45121100
2012-10-10,23.6249,23.7546,23.4629,23.4872,47227100
2012-10-11,23.6776,23.7060,23.3980,23.4629,41488500
2012-10-12,23.4791,23.7627,23.3413,23.6655,46464700
2012-10-15,23.8032,24.0869,23.7060,23.9167,42440200
2012-10-16,23.8681,24.1031,23.7627,23.9005,47739400
2012-10-17,23.7465,24.0221,23.5763,23.9816,44206100
2012-10-18,24.0302,24.0950,23.7141,23.9046,59238500
2012-10-19,23.5439,23.5682,23.0981,23.2116,90470800
2012-10-22,23.2846,23.3656,22.5551,22.6929,83374000
2012-10-23,22.5025,22.8550,22.4984,22.7310,64414800
2012-10-24,22.8226,22.8550,22.5876,22.6134,53320400
2012-10-25,22.8469,22.8550,22.5795,22.5957,54084300
2012-10-26,22.5795,22.9685,22.5632,22.8631,57790000
2012-10-31,23.1387,23.4061,23.0981,23.1306,69464100
2012-11-01,23.3737,23.9572,23.3575,23.9208,72047900
2012-11-02,23.9816,24.1274,23.7708,23.9084,57131600
2012-11-05,24.0059,24.1031,23.7708,24.0140,38070800
2012-11-06,24.1680,24.4759,23.9978,24.2004,43401500
2012-11-07,23.9329,24.1720,23.5439,23.5682,57871800
2012-11-08,23.6006,23.8032,23.3413,23.3494,49841800
2012-11-09,23.4061,23.6574,23.3453,23.3656,43291200
2012-11-12,23.4548,23.5115,22.8631,22.8712,61112300
2012-11-13,22.0846,22.3134,21.8639,22.1414,131689200
2012-11-14,22.2644,22.3053,21.9048,21.9375,76086100
2012-11-15,21.9702,22.0437,21.7658,21.7909,50955600
2012-11-16,21.7985,21.8230,21.5328,21.6767,64083300
2012-11-19,21.9048,21.9048,21.6351,21.8457,57179300
2012-11-20,21.8721,21.9048,21.6269,21.8312,47070400
2012-11-21,21.8312,22.2044,21.7985,22.0274,66360300
2012-11-23,22.2562,22.6976,22.2317,22.6404,57845700
2012-11-26,22.5096,22.5423,22.2072,22.3829,85198700
2012-11-27,22.3624,22.3788,22.1029,22.1336,45018600
2012-11-28,22.0764,22.3870,21.8803,22.3625,53018400
2012-11-29,22.1582,22.3625,21.9538,22.0274,69551400
2012-11-30,22.1091,22.1745,21.6514,21.7536,83690200
2012-12-03,21.8884,21.9211,21.5778,21.6019,53173800
2012-12-04,21.6596,21.7658,21.5288,21.5533,49777500
2012-12-05,21.5615,22.0110,21.4634,21.7985,68283800
2012-12-06,21.9130,22.0519,21.7495,21.8435,39182300
2012-12-07,21.9211,21.9211,21.5533,21.6228,46162100
2012-12-10,21.7086,22.0437,21.6759,22.0192,47031100
2012-12-11,22.1091,22.4687,22.1091,22.3298,52282800
2012-12-12,22.5014,22.5750,22.1336,22.2644,43966300
2012-12-13,22.3298,22.4933,22.0274,22.1582,45080100
2012-12-14,22.1582,22.1745,21.8230,21.9130,42077500
2012-12-17,21.8966,22.2440,21.8067,22.1459,42046100
2012-12-18,22.2726,22.5832,22.1827,22.5260,50486900
2012-12-19,22.6322,22.6649,22.2726,22.3216,53519900
2012-12-20,22.3625,22.6240,22.1908,22.6240,52607300
2012-12-21,22.4360,22.4687,22.0682,22.4360,98776500
2012-12-24,22.2317,22.2726,22.0682,22.1173,20842400
2012-12-26,22.0928,22.2317,21.8230,21.9538,31631100
2012-12-27,21.9783,22.1418,21.7168,22.0356,39394000
2012-12-28,21.8312,21.9865,21.7004,21.7004,28239900
2012-12-31,21.7331,21.8803,21.5533,21.8310,42749500
2013-01-02,22.2726,22.6649,22.1908,22.5750,52899300
2013-01-03,22.5832,22.5995,22.1990,22.2726,48294400
2013-01-04,22.2889,22.3461,21.8476,21.8557,52521100
2013-01-07,21.8803,21.9702,21.7740,21.8149,37110400
2013-01-08,21.8639,21.8966,21.6269,21.7004,44703100
2013-01-09,21.8394,21.8639,21.7086,21.8230,49047900
2013-01-10,21.7822,22.0519,21.4879,21.6269,71431300
2013-01-11,21.6514,22.0110,21.4798,21.9293,55512100
2013-01-14,21.9865,22.1336,21.8721,21.9783,48324400
2013-01-15,21.9293,22.3053,21.9252,22.2399,48244500
2013-01-16,22.1908,22.2562,22.0764,22.1009,41077400
2013-01-17,22.2235,22.4524,22.1173,22.2726,51685900
2013-01-18,22.1500,22.3053,22.1009,22.2726,52167700
2013-01-22,22.3134,22.4360,22.0682,22.1908,58650600
2013-01-23,22.2317,22.5873,22.2317,22.5668,50387700
2013-01-24,22.6404,22.9428,22.4524,22.5832,101739300
2013-01-25,22.5423,23.0736,22.3870,22.7875,81847700
2013-01-28,22.8938,23.0695,22.6894,22.8128,56056500
2013-01-29,22.7385,22.9918,22.5587,22.8938,49242600
2013-01-30,22.8938,23.0409,22.6894,22.7630,43580500
2013-01-31,22.7139,22.8611,22.3952,22.4360,50530000
2013-02-01,22.6159,22.9265,22.5178,22.8284,55565900
2013-02-04,22.7793,22.9019,22.4115,22.4279,50540000
2013-02-05,22.5750,22.6077,22.3625,22.4728,35410400
2013-02-06,22.3788,22.5096,22.2726,22.3461,41889600
2013-02-07,22.3543,22.3870,22.1500,22.2996,38028300
2013-02-08,22.3543,22.6486,22.3216,22.5178,33318500
2013-02-11,22.5995,22.8202,22.4769,22.7712,32247700
2013-02-12,22.7875,22.8856,22.6813,22.7875,35990900
2013-02-13,22.8284,22.9755,22.7875,22.9101,41715600
2013-02-14,22.8202,22.9346,22.7793,22.9183,32663200
2013-02-15,22.9183,23.0164,22.7834,22.8938,49650900
2013-02-19,22.9745,23.1474,22.9085,23.1104,38781400
2013-02-20,23.1804,23.2381,22.9332,22.9661,44110200
2013-02-21,22.8590,22.8590,22.4388,22.6530,49078500
2013-02-22,22.8096,22.8755,22.6448,22.8755,31425900
2013-02-25,23.0486,23.1145,22.5541,22.5541,48011800
2013-02-26,22.5624,22.7437,22.5294,22.5541,49923300
2013-02-27,22.5953,23.0733,22.5212,22.9167,36394700
2013-02-28,22.9744,23.0486,22.8590,22.9085,35840200
2013-03-01,22.8425,23.0568,22.6777,23.0321,34849700
2013-03-04,22.9497,23.1969,22.8261,23.1969,38157500
2013-03-05,23.3122,23.5183,23.2051,23.3617,41432200
2013-03-06,23.2463,23.2628,22.8920,23.1474,51448500
2013-03-07,23.1639,23.3040,23.0774,23.1886,29196700
2013-03-08,23.2793,23.3452,23.0403,23.0733,37667800
2013-03-11,23.0238,23.0486,22.8013,22.9661,36627500
2013-03-12,22.9414,23.0321,22.7766,22.9991,39255200
2013-03-13,22.9661,23.0898,22.8673,23.0032,29093400
2013-03-14,23.0733,23.2051,23.0156,23.1845,55914800
2013-03-15,23.0980,23.2051,23.0568,23.1021,92710300
2013-03-18,22.9744,23.3040,22.9167,23.1557,44809400
2013-03-19,23.1722,23.2546,23.0980,23.2216,51901600
2013-03-20,23.3535,23.4771,23.2216,23.3328,35447800
2013-03-21,23.1639,23.3699,23.1145,23.1639,34233200
2013-03-22,23.2298,23.3517,23.1557,23.2793,28720900
2013-03-25,23.3205,23.3617,23.0403,23.2051,44154000
2013-03-26,23.2710,23.3535,23.1639,23.2010,27824300
2013-03-27,23.1886,23.4400,23.1392,23.3782,36047400
2013-03-28,23.3370,23.6171,23.2875,23.5718,55453800
2013-04-01,23.6007,23.6171,23.3699,23.5759,29201100
2013-04-02,23.5595,23.7737,23.5018,23.7325,28456500
2013-04-03,23.6913,23.8561,23.5183,23.5347,35062800
2013-04-04,23.3947,23.5759,23.2958,23.5636,45263200
2013-04-05,23.2546,23.7160,23.1639,23.6501,50927300
2013-04-08,23.6748,23.6748,23.4606,23.5595,34759500
2013-04-09,23.6748,24.5689,23.6336,24.4000,77733800
2013-04-10,24.3670,24.9851,24.3258,24.9521,71116700
2013-04-11,23.9797,24.0621,23.6748,23.8438,130923200
2013-04-12,23.7737,23.9138,23.6171,23.7243,62886300
2013-04-15,23.6089,23.8808,23.4935,23.6419,56332900
2013-04-16,23.8149,24.0127,23.6460,23.8726,52797300
2013-04-17,23.7737,23.9303,23.5677,23.7531,52840700
2013-04-18,23.8561,23.8808,23.4853,23.7243,56906600
2013-04-19,24.4082,24.9191,24.4000,24.5277,99790700
2013-04-22,24.9686,25.6937,24.9439,25.4053,137904000
2013-04-23,25.2982,25.4630,25.0345,25.2158,59126900
2013-04-24,25.2323,26.3035,25.2158,26.1717,90946600
2013-04-25,26.1305,27.0617,25.9904,26.3200,110700200
2013-04-26,26.2871,26.3530,25.9162,26.1964,47799300
2013-04-29,26.2046,26.9298,26.1799,26.8721,59116400
2013-04-30,26.8309,27.2841,26.6002,27.2759,75165200
2013-05-01,27.1358,27.2594,26.8639,26.9628,54330900
2013-05-02,26.8886,27.3336,26.6908,27.3254,46059500
2013-05-03,27.3830,27.6220,27.2594,27.5973,46784600
2013-05-06,27.5396,27.9434,27.3995,27.8115,40978300
2013-05-07,27.7291,27.8445,27.3913,27.4490,43078300
2013-05-08,27.2485,27.3913,26.9051,27.1853,51595700
2013-05-09,27.0699,27.1935,26.8556,26.9133,46417800
2013-05-10,26.9216,26.9628,26.6332,26.9380,36394900
2013-05-13,26.8721,27.2512,26.8227,27.2182,36027600
2013-05-14,27.2640,27.8198,27.2141,27.8198,56870100
2013-05-15,27.7534,28.1268,27.7368,28.0811,46303900
2013-05-16,27.9110,28.3342,27.8364,28.2761,59382900
2013-05-17,28.3177,28.9316,28.2927,28.9316,60666700
2013-05-20,28.8154,29.1183,28.7739,29.1058,54020800
2013-05-21,29.1224,29.2655,28.8071,28.9150,48702400
2013-05-22,28.8652,28.9067,28.5084,28.7159,66047500
2013-05-23,28.4006,28.6661,28.1268,28.3342,51102700
2013-05-24,28.1434,28.4421,28.1268,28.4329,33174400
2013-05-28,28.5582,29.1888,28.5499,29.0560,48212100
2013-05-29,28.8237,29.0560,28.6827,28.9399,38412200
2013-05-30,28.9150,29.2469,28.8843,29.0643,51131000
2013-05-31,28.8901,29.2717,28.8652,28.9565,56165700
2013-06-03,28.9731,29.5621,28.8984,29.5290,51252600
2013-06-04,29.5538,29.6534,28.8494,29.0311,65529500
2013-06-05,28.7076,28.9482,28.5665,28.8569,46025100
2013-06-06,28.9067,29.1307,28.6163,29.0062,37618500
2013-06-07,29.2469,29.6866,29.0892,29.5953,40757300
2013-06-10,29.4626,29.5787,29.1556,29.4294,35994500
2013-06-11,29.0809,29.1888,28.7739,28.9067,39435900
2013-06-12,29.1556,29.2635,28.9150,29.0394,37372700
2013-06-13,29.0311,29.0560,28.6993,28.8030,45654900
2013-06-14,28.6661,28.7823,28.4172,28.5416,53192600
2013-06-17,28.7822,29.1722,28.7324,29.0394,49670100
2013-06-18,29.0145,29.1805,28.9523,29.0228,28616500
2013-06-19,29.0062,29.1141,28.6993,28.6993,30816200
2013-06-20,28.4255,28.4835,27.6870,27.7866,54493700
2013-06-21,27.9276,27.9857,27.4215,27.5999,85338500
2013-06-24,27.3303,28.3757,27.0233,27.9733,56109000
2013-06-25,28.2761,28.5250,27.7617,27.9359,44073400
2013-06-26,28.3093,28.6080,28.1164,28.5001,48665900
2013-06-27,28.6412,28.8569,28.6246,28.7241,28993100
2013-06-28,28.5250,28.8652,28.4918,28.6619,65545500
2013-07-01,28.8320,29.0311,28.4835,28.5084,31055400
2013-07-02,28.5499,28.5739,27.9027,28.1600,37630000
2013-07-03,27.9276,28.5167,27.8779,28.2180,15994400
2013-07-05,28.2844,28.4089,27.8621,28.3840,26085900
2013-07-08,28.5001,28.6993,28.1931,28.4794,32396900
2013-07-09,28.6910,28.7076,28.3259,28.5001,25318500
2013-07-10,28.4918,28.8818,28.4752,28.7905,29658800
2013-07-11,29.0394,29.6783,28.9565,29.6078,53638300
2013-07-12,29.5207,29.6451,29.2717,29.5953,35501200
2013-07-15,29.5870,30.0517,29.5207,30.0102,34142600
2013-07-16,29.8774,30.2258,29.8359,30.0932,36378500
2013-07-17,30.1512,30.1927,29.4460,29.6534,37285100
2013-07-18,29.6368,29.7779,29.2220,29.4045,49547100
2013-07-19,26.8822,27.1062,25.7372,26.0525,248428500
2013-07-22,26.3014,26.5586,26.2185,26.5586,79040700
2013-07-23,26.4757,26.5835,26.3097,26.4010,65810400
2013-07-24,26.5794,26.7080,26.4591,26.5172,52803100
2013-07-25,26.2351,26.2599,25.9281,26.0442,63213000
2013-07-26,25.9364,26.2351,25.8907,26.2351,38633600
2013-07-29,26.1106,26.2185,26.0525,26.1687,28870700
2013-07-30,26.3678,26.6499,26.1770,26.4259,45799500
2013-07-31,26.5254,26.5918,26.3097,26.4176,43898400
2013-08-01,26.6001,26.6250,26.2185,26.2765,42557900
2013-08-02,26.2931,26.4674,26.1894,26.4591,29199900
2013-08-05,26.4674,26.5503,26.2516,26.3014,30984000
2013-08-06,26.1770,26.2765,26.0359,26.2019,36331500
2013-08-07,26.1687,26.6333,25.9281,26.6026,38078600
2013-08-08,26.7495,27.4381,26.5918,27.2888,59034400
2013-08-09,27.1892,27.2971,26.9403,27.1311,26800700
2013-08-12,26.9320,27.3551,26.9320,27.2722,25493700
2013-08-13,27.1660,27.1994,26.9153,26.9320,39464100
2013-08-14,26.8568,27.8763,26.4891,27.0323,48519600
2013-08-15,26.7398,26.8902,25.7705,26.5643,33338000
2013-08-16,26.5643,26.7315,26.4557,26.5727,32866300
2013-08-19,26.5393,26.7147,26.2217,26.2326,27902500
2013-08-20,26.2719,26.6562,26.2134,26.4223,22979600
2013-08-21,26.4139,26.7482,26.3554,26.4139,37409100
2013-08-22,26.8944,27.1493,26.8234,27.0657,31169900
2013-08-23,29.3887,29.4138,28.4110,29.0378,225493800
2013-08-26,28.7453,28.9709,28.4361,28.5364,72786800
2013-08-27,28.0058,28.4946,27.7008,27.7927,58522300
2013-08-28,27.9013,28.0768,27.5754,27.5921,44257400
2013-08-29,27.5169,28.0768,27.4083,28.0350,45284700
2013-08-30,27.8846,27.9765,27.6506,27.9097,42790200
2013-09-03,26.5309,26.7983,26.1465,26.6395,154507000
2013-09-04,26.2301,26.2969,25.9961,26.0671,142320600
2013-09-05,25.9878,26.2719,25.8624,26.1006,71644900
2013-09-06,26.1632,26.2301,26.0128,26.0312,75434900
2013-09-09,26.0887,26.5643,26.0713,26.4515,49628500
2013-09-10,26.6562,27.0741,26.5643,27.0657,56881200
2013-09-11,27.2161,27.5169,27.1827,27.3582,39087500
2013-09-12,27.3415,27.3916,27.2328,27.3164,32860200
2013-09-13,27.3832,27.6339,27.1618,27.6005,40899000
2013-09-16,27.8930,27.9932,27.3498,27.4091,52839700
2013-09-17,27.9264,27.9682,27.4919,27.5169,84716500
2013-09-18,27.5671,27.9097,27.4334,27.8428,64099900
2013-09-19,27.9765,28.1436,27.8428,28.1102,42026600
2013-09-20,27.9180,27.9765,27.3122,27.4008,102904900
2013-09-23,27.1911,27.5495,27.1576,27.3582,39826100
2013-09-24,27.4668,27.4668,26.8652,27.1200,40685000
2013-09-25,27.1493,27.4083,27.0741,27.1618,28907500
2013-09-26,27.2746,27.5754,27.2328,27.3832,28504000
2013-09-27,27.4752,28.2021,27.4668,27.8010,55348000
2013-09-30,27.5754,27.8345,27.3247,27.8094,39839500
2013-10-01,27.8679,28.0852,27.8261,28.0601,36718700
2013-10-02,27.8763,28.4361,27.8178,28.3442,46946800
2013-10-03,28.3108,28.4110,27.9264,28.2941,38703800
2013-10-04,28.1520,28.4027,28.0935,28.3108,33008100
2013-10-07,28.0768,28.1687,27.7426,27.8261,35069300
2013-10-08,27.8345,27.8512,27.4083,27.5838,41017600
2013-10-09,27.6339,27.8678,27.5420,27.6339,35878600
2013-10-10,27.8345,28.3191,27.7927,28.2105,42875100
2013-10-11,28.1436,28.5280,28.1436,28.5197,30033300
2013-10-14,28.3275,28.8289,28.2272,28.7871,27757900
2013-10-15,28.9709,29.2383,28.8038,28.8205,47097800
2013-10-16,28.9124,29.1589,28.8790,28.9458,35111600
2013-10-17,28.7871,29.2383,28.7202,29.1798,31359200
2013-10-18,29.0963,29.2383,28.6868,29.2132,41811700
2013-10-21,29.2300,29.4138,29.1715,29.2383,27433500
2013-10-22,29.2634,29.3302,28.8456,28.8957,40438500
2013-10-23,28.7035,28.8205,28.1386,28.2105,58600500
2013-10-24,28.2606,28.4946,28.0517,28.1771,53209700
2013-10-25,29.9820,30.3246,29.6394,29.8567,113494000
2013-10-28,29.7564,29.8567,29.4723,29.7230,38383600
2013-10-29,29.7732,29.8483,29.4639,29.6812,31702200
2013-10-30,29.6895,29.9068,29.6060,29.6979,36997700
2013-10-31,29.7982,29.8232,29.5308,29.5851,41682300
2013-11-01,29.8065,29.8232,29.5726,29.6854,40264600
2013-11-04,29.7397,30.0656,29.7063,30.0321,28060700
2013-11-05,29.9067,30.6756,29.8901,30.6171,51681900
2013-11-06,31.1185,31.9374,30.9680,31.9039,88948800
2013-11-07,31.7201,31.7619,31.2772,31.3357,60437400
2013-11-08,31.4778,31.5697,31.2020,31.5697,36737800
2013-11-11,31.4945,31.5655,31.2145,31.4109,26872500
2013-11-12,31.2354,31.4151,31.0850,31.2187,31651600
2013-11-13,30.9012,31.8872,30.8343,31.8830,44957600
2013-11-14,31.6449,31.8622,31.5195,31.7711,46183700
2013-11-15,31.7117,31.7702,31.5195,31.6207,50601300
2013-11-18,31.2104,31.4026,30.9764,31.0850,53277500
2013-11-19,31.0272,31.3472,30.8757,30.9346,44275000
2013-11-20,31.0441,31.4987,31.0357,31.2209,32229900
2013-11-21,31.3809,31.5998,31.3724,31.4903,23064700
2013-11-22,31.5956,31.7261,31.4314,31.6335,27982000
2013-11-25,31.9366,31.9534,31.6335,31.6924,30646800
2013-11-26,31.6335,31.7008,31.4482,31.4482,34465300
2013-11-27,31.6335,31.7934,31.5661,31.6587,26002100
2013-11-29,31.8440,32.2397,31.8440,32.1050,22090400
2013-12-02,32.0713,32.6523,32.0460,32.3744,42950400
2013-12-03,32.1134,32.4081,32.0629,32.2565,52109800
2013-12-04,32.1723,32.8207,32.0966,32.7870,51983600
2013-12-05,32.7112,32.7323,31.3051,31.9955,116305000
2013-12-06,32.3492,32.4586,31.9871,32.2986,36457300
2013-12-09,32.4670,32.7280,32.3071,32.5891,30286000
2013-12-10,32.5091,32.7533,32.0124,32.0881,37828600
2013-12-11,32.0460,32.2481,31.4819,31.6671,39853400
2013-12-12,31.6924,31.6924,31.3051,31.3388,36012800
2013-12-13,31.5072,31.5324,30.8336,30.8925,40066100
2013-12-16,30.9262,31.1535,30.7662,31.0567,31734200
2013-12-17,31.1030,31.2462,30.5931,30.7494,45687700
2013-12-18,30.6147,30.8167,29.9158,30.7999,63192100
2013-12-19,30.7410,30.7746,30.3789,30.5220,34160100
2013-12-20,30.4799,31.0946,30.4673,30.9851,62649100
2013-12-23,30.9936,31.0609,30.7746,30.8336,25128700
2013-12-24,30.9178,31.2967,30.8504,31.2209,14243000
2013-12-26,31.3219,31.5661,31.2967,31.5240,17612800
2013-12-27,31.6419,31.6756,31.2967,31.3977,14563000
2013-12-30,31.3388,31.4735,31.0698,31.3977,16290500
2013-12-31,31.4903,31.6419,31.3362,31.4987,17503500
2014-01-02,31.4482,31.4903,31.2377,31.2883,30632200
2014-01-03,31.3219,31.3388,30.8167,31.0778,31134800
2014-01-06,31.0272,31.0609,30.4042,30.4210,43603700
2014-01-07,30.5852,30.7241,30.4884,30.6568,35802800
2014-01-08,30.3115,30.4294,29.9579,30.1095,59971700
2014-01-09,30.2105,30.2358,29.8064,29.9158,36516300
2014-01-10,30.2273,30.4378,30.1010,30.3452,40548800
2014-01-13,30.3031,30.3284,29.3264,29.4527,45901900
2014-01-14,29.2422,30.2105,29.1580,30.1263,41623300
2014-01-15,30.2273,30.9767,30.1852,30.9515,44812600
2014-01-16,30.8925,31.1535,30.5726,31.0609,38018700
2014-01-17,31.0104,31.0104,30.4378,30.6315,46267500
2014-01-21,31.0020,31.0020,30.3621,30.4547,31567300
2014-01-22,30.5305,30.5810,30.1010,30.2526,21904300
2014-01-23,30.3873,30.4210,29.9074,30.3579,43954000
2014-01-24,31.5324,31.6166,30.7578,30.9893,76395500
2014-01-27,31.0441,31.0609,30.2947,30.3368,44420800
2014-01-28,30.4126,30.6399,30.1010,30.5389,36205500
2014-01-29,30.2947,31.0525,30.2273,30.8673,52745900
2014-01-30,30.9767,31.0525,30.5052,31.0357,35036300
2014-01-31,31.1114,31.9029,30.7831,31.8608,93162300
2014-02-03,31.7766,31.9829,30.6736,30.7157,64063100
2014-02-04,31.1283,31.3127,30.5220,30.6062,54697900
2014-02-05,30.5557,30.7073,30.1431,30.1600,55814400
2014-02-06,30.1431,30.5220,30.0505,30.4631,35351800
2014-02-07,30.5810,30.8083,30.3200,30.7831,33260500
2014-02-10,30.8420,30.9851,30.5557,30.9851,26767000
2014-02-11,31.0525,31.3724,31.0357,31.3009,32141400
2014-02-12,31.4482,31.6587,31.4061,31.5493,27051800
2014-02-13,31.4314,31.8776,31.4314,31.6671,37635500
2014-02-14,31.4819,31.8103,31.4314,31.6756,31407500
2014-02-18,31.9211,32.0483,31.7344,31.7429,32834000
2014-02-19,31.5733,32.0229,31.5648,31.8193,29750400
2014-02-20,31.8702,32.1247,31.7217,32.0229,27526100
2014-02-21,32.1840,32.5318,32.1162,32.2180,38021300
2014-02-24,31.9720,32.2137,31.8447,31.9720,32085100
2014-02-25,31.9041,32.1077,31.6835,31.8447,30736500
2014-02-26,31.8787,32.0144,31.5478,31.7853,41041800
2014-02-27,31.7684,32.1416,31.5817,32.1162,33903400
2014-02-28,32.2180,32.6251,32.0822,32.4979,41215000
2014-03-03,32.1671,32.3452,31.8065,32.0483,29717500
2014-03-04,32.4046,32.6421,32.2943,32.5827,26802400
2014-03-05,32.4470,32.4639,32.1756,32.3282,20520100
2014-03-06,32.3537,32.4385,32.1416,32.3622,23582200
2014-03-07,32.4725,32.5403,31.9720,32.1501,26591600
2014-03-10,32.2264,32.2434,31.9974,32.0822,19006600
2014-03-11,32.1247,32.4300,31.9974,32.2519,25216400
2014-03-12,32.0653,32.5997,32.0568,32.4640,30494100
2014-03-13,32.5912,32.6167,31.9307,32.1416,32169700
2014-03-14,31.9389,32.3494,31.8157,31.9804,27195600
2014-03-17,32.1501,32.5827,32.0568,32.2773,20479600
2014-03-18,32.4555,33.8467,32.4216,33.5498,64063900
2014-03-19,33.4819,33.5498,33.0069,33.3123,35597200
2014-03-20,33.2953,34.4820,33.2868,34.2114,59269800
2014-03-21,34.5423,34.7289,33.9400,34.0672,80721800
2014-03-24,34.2199,34.4744,33.8127,34.3556,46098400
2014-03-25,34.4914,34.7713,33.8975,34.2199,43193100
2014-03-26,34.3387,34.5295,33.5922,33.7534,41977500
2014-03-27,33.7110,33.9061,33.3716,33.3886,35369200
2014-03-28,33.7534,34.4702,33.6601,34.1860,43472700
2014-03-31,34.2963,35.2039,34.2708,34.7713,46886300
2014-04-01,34.9070,35.2803,34.8392,35.1361,32605000
2014-04-02,35.1530,35.3397,34.9240,35.0767,28666700
2014-04-03,35.0258,35.0258,34.5338,34.7883,30139600
2014-04-04,34.9919,35.1106,33.6261,33.8212,51409600
2014-04-07,33.8976,34.1605,33.7110,33.7618,37559600
2014-04-08,33.7194,33.8721,33.2529,33.7788,35918600
2014-04-09,33.8721,34.3981,33.8297,34.3302,27398700
2014-04-10,34.3048,34.5168,33.1596,33.3886,45960800
2014-04-11,33.0832,33.7534,33.0832,33.2605,34330200
2014-04-14,33.1765,33.4310,32.9984,33.2359,32006600
2014-04-15,33.3716,33.8976,33.1256,33.7194,33968700
2014-04-16,33.9824,34.2835,33.8509,34.2708,30615800
2014-04-17,33.9400,34.0969,33.5158,33.9400,36689400
2014-04-21,34.0418,34.0587,33.7534,33.8806,22221200
2014-04-22,33.8976,34.0503,33.7873,33.9230,27056700
2014-04-23,33.9230,33.9230,33.4819,33.6685,24602800
2014-04-24,33.7110,33.9061,33.3377,33.8127,42381600
2014-04-25,34.1775,34.5083,33.7194,33.8552,56876800
2014-04-28,34.0503,35.0258,34.0079,34.6695,50610200
2014-04-29,34.8646,34.9410,34.2623,34.3641,29636200
2014-04-30,34.2708,34.3556,34.0756,34.2708,35458700
2014-05-01,34.1352,34.2369,33.8891,33.9315,28787400
2014-05-02,34.1945,34.2199,33.6431,33.6685,43416600
2014-05-05,33.5243,33.6260,33.3377,33.4480,22460900
2014-05-06,33.3292,33.3801,33.0408,33.1341,27112400
2014-05-07,33.2698,33.5158,32.6676,33.4437,41744500
2014-05-08,33.3716,33.8467,33.0578,33.6261,32120400
2014-05-09,33.5413,33.8043,33.3971,33.5413,29647600
2014-05-12,33.7110,33.9485,33.6346,33.9061,22782600
2014-05-13,34.0982,34.5936,34.0384,34.5253,27004800
2014-05-14,34.4228,34.5509,34.2093,34.3716,18818700
2014-05-15,34.2434,34.5082,33.7480,33.8249,37793200
2014-05-16,33.8847,34.0299,33.5430,34.0214,29867100
2014-05-19,33.8334,34.0128,33.7053,33.9530,24537400
2014-05-20,33.8932,34.1153,33.7053,33.8932,21320900
2014-05-21,33.9957,34.4655,33.9444,34.4655,22398700
2014-05-22,34.4143,34.4655,34.0384,34.2520,20201800
2014-05-23,34.4826,34.4826,34.1666,34.2691,18020000
2014-05-27,34.3886,34.3886,34.0043,34.3288,26160600
2014-05-28,34.2861,34.3288,34.0128,34.1751,25711500
2014-05-29,34.2947,34.4655,34.0897,34.4570,19888200
2014-05-30,34.5509,34.9951,34.3801,34.9695,34567600
2014-06-02,34.9780,35.0976,34.7474,34.8413,18504300
2014-06-03,34.6791,34.7474,34.3801,34.4143,18068900
2014-06-04,34.3459,34.4826,34.0470,34.4399,23209000
2014-06-05,34.6705,35.2343,34.5082,35.2001,31865200
2014-06-06,35.4307,35.5845,35.2257,35.4307,24060500
2014-06-09,35.3538,35.4307,35.0378,35.2513,15019200
2014-06-10,35.0463,35.1574,34.9011,35.1147,15117700
2014-06-11,34.9609,35.0805,34.8200,34.9011,18040000
2014-06-12,34.8584,34.9182,34.4143,34.6620,29818900
2014-06-13,35.1061,35.5033,34.9011,35.2172,26310000
2014-06-16,35.0549,35.5418,35.0549,35.4478,24205300
2014-06-17,35.2684,35.7980,34.4527,35.6016,22518600
2014-06-18,35.5375,35.6528,35.1745,35.5759,27097000
2014-06-19,35.5076,35.6784,35.3027,35.4563,19828200
2014-06-20,35.4008,35.7297,35.3453,35.6016,47764900
2014-06-23,35.6443,35.8749,35.6101,35.8663,18743900
2014-06-24,35.7297,35.8236,35.4991,35.6571,26509100
2014-06-25,35.6186,35.9176,35.4136,35.9005,20049100
2014-06-26,35.8151,35.8236,35.3880,35.6357,23604400
2014-06-27,35.5418,36.1226,35.4563,36.0884,74640000
2014-06-30,36.0201,36.0543,35.6186,35.6186,30805500
2014-07-01,35.7553,36.0030,35.6101,35.7638,26917000
2014-07-02,35.6443,35.7895,35.4734,35.7895,20208100
2014-07-03,35.7980,35.8663,35.4991,35.7041,15969300
2014-07-07,35.6613,35.9774,35.6272,35.8663,21952400
2014-07-08,35.7638,35.8749,35.5418,35.6870,31218200
2014-07-09,35.8578,35.8663,35.4734,35.5930,18445900
2014-07-10,35.3368,35.8749,35.0634,35.6058,21854700
2014-07-11,35.6186,35.9518,35.4307,35.9518,24083000
2014-07-14,36.0628,36.2593,35.9091,35.9945,21881100
2014-07-15,36.1568,36.2763,35.9005,36.2593,28748700
2014-07-16,36.3105,37.8480,36.2849,37.6515,63318000
2014-07-17,38.8218,39.0438,37.7968,38.0359,82180300
2014-07-18,38.1384,38.3007,37.7968,38.1726,43407500
2014-07-21,38.0615,38.5740,37.7711,38.2964,37604400
2014-07-22,38.4374,38.5655,38.0872,38.2922,43095800
2014-07-23,38.8218,38.8218,38.1128,38.3263,52362900
2014-07-24,38.3776,38.4374,37.8565,37.9249,30725300
2014-07-25,37.8395,38.1470,37.8395,38.0103,26737700
2014-07-28,37.8907,38.0188,37.5234,37.5576,29684200
2014-07-29,37.5063,37.6601,37.2757,37.4850,27763100
2014-07-30,37.6430,37.6686,36.9768,37.2232,31921400
2014-07-31,37.0536,37.3184,36.7974,36.8657,31537500
2014-08-01,36.9084,36.9426,36.3874,36.6095,31170300
2014-08-04,36.7034,37.1305,36.5668,37.0451,34277400
2014-08-05,36.9938,37.1220,36.5838,36.7974,26266400
2014-08-06,36.5070,36.8743,36.0543,36.5070,24634000
2014-08-07,36.5924,37.1134,36.4301,36.9255,30314900
2014-08-08,36.9255,36.9981,36.6522,36.8999,28942700
2014-08-11,36.9511,37.1134,36.7461,36.8999,20351600
2014-08-12,36.7632,37.2330,36.7291,37.1732,21431100
2014-08-13,37.3099,37.7370,37.1732,37.6515,22889500
2014-08-14,37.6515,37.9394,37.5918,37.8138,19313200
2014-08-15,38.0786,38.3477,37.9249,38.2580,41611300
2014-08-18,38.3861,38.5313,38.1640,38.5313,26891100
2014-08-19,38.6490,38.9670,38.5287,38.9584,28139500
2014-08-20,38.9670,39.0186,38.5889,38.6318,24770500
2014-08-21,38.5373,38.8897,38.5287,38.8639,22272000
2014-08-22,38.9756,39.0787,38.7350,38.8037,18294500
2014-08-25,39.0186,39.0530,38.7092,38.8209,16898100
2014-08-26,38.9412,39.0143,38.6232,38.6791,14873100
2014-08-27,38.5889,38.6748,38.4685,38.5631,20823000
2014-08-28,38.4599,38.6576,38.3396,38.5717,17657600
2014-08-29,38.7522,39.0530,38.5502,39.0444,21607600
2014-09-02,39.0444,39.0701,38.5459,38.7522,22956800
2014-09-03,38.2709,38.7693,38.2709,38.6404,33684500
2014-09-04,38.4513,38.9069,38.4342,38.8983,26475500
2014-09-05,38.7693,39.4741,38.7693,39.4569,36882700
2014-09-08,39.5514,40.2218,39.5256,39.9382,45719000
2014-09-09,39.9382,40.3679,39.8952,40.1874,40255500
2014-09-10,40.2391,40.3421,39.7749,40.2562,27302400
2014-09-11,40.1702,40.3937,39.9382,40.3937,29216400
2014-09-12,40.3163,40.4109,40.0499,40.1316,38244700
2014-09-15,39.9983,40.1444,39.6202,39.7405,37630700
2014-09-16,39.8694,40.2648,39.7835,40.1874,27865200
2014-09-17,39.7577,40.1273,39.7319,39.9812,38249200
2014-09-18,40.0413,40.2476,39.9296,40.1187,35533100
2014-09-19,40.2304,40.8836,40.0499,40.8406,202522400
2014-09-22,40.6515,40.7203,40.3765,40.4452,38655900
2014-09-23,40.2648,40.3765,39.9382,40.0155,33430300
2014-09-24,40.0757,40.4882,39.8265,40.4624,26480359
2014-09-25,40.2906,40.4710,39.5600,39.5686,32777043
2014-09-26,39.4741,40.0671,39.3280,39.8866,27078764
2014-09-29,39.5171,40.0155,39.3280,39.9124,26090980
2014-09-30,39.8522,39.9436,39.5428,39.8436,33033086
2014-10-01,39.7663,39.9897,39.4010,39.4483,38088355
2014-10-02,39.3881,39.6202,39.2248,39.3280,25119508
2014-10-03,39.5171,39.7921,39.1991,39.6116,32453273
2014-10-06,39.6374,39.7921,39.4654,39.6116,20603960
2014-10-07,39.4139,39.4741,39.0358,39.1303,25724544
2014-10-08,39.0873,40.2991,38.9670,40.2046,33030972
2014-10-09,39.9640,40.2218,39.3108,39.4053,34426595
2014-10-10,39.1905,39.6374,37.7724,37.8411,51978146
2014-10-13,37.6607,38.2966,37.3770,37.5146,37100207
2014-10-14,37.7036,38.1420,37.4372,37.5833,38120558
2014-10-15,36.9559,37.2911,36.1824,37.1450,60220961
2014-10-16,36.5520,37.0247,36.2856,36.7325,49040989
2014-10-17,37.1278,37.7595,36.7754,37.4974,40683346
2014-10-20,37.0075,37.9357,36.7926,37.8841,34530887
2014-10-21,38.1248,38.6533,37.9787,38.5717,36433824
2014-10-22,38.6748,38.7350,38.0087,38.1420,33579817
2014-10-23,38.3482,39.0573,38.2709,38.6920,45451869
2014-10-24,40.2476,40.3077,38.8295,39.6460,61081039
2014-10-27,39.2850,39.6202,39.2850,39.4569,30371308
2014-10-28,39.4139,39.9640,39.3366,39.9554,29049750
2014-10-29,39.9124,40.1359,39.8265,40.0671,30283622
2014-10-30,39.8093,39.8093,39.3366,39.5772,30073873
2014-10-31,40.3421,40.3679,39.9468,40.3507,35849656
2014-11-03,40.2991,40.7890,40.1616,40.7718,23130397
2014-11-04,40.6524,41.0211,40.6085,40.8836,21530813
2014-11-05,41.0812,41.1672,40.6171,41.1328,22449594
2014-11-06,41.1328,41.9922,41.0726,41.8547,33037841
2014-11-07,42.0438,42.0438,41.5024,41.8375,28000598
2014-11-10,41.8118,42.2415,41.7258,42.0180,36370067
2014-11-11,41.9836,42.0524,41.8075,42.0008,23445239
2014-11-12,41.7344,42.0438,41.7000,41.9235,22722123
2014-11-13,41.9493,42.6669,41.8590,42.6368,26210433
2014-11-14,42.7485,43.0107,42.4477,42.6110,29081657
2014-11-17,42.4649,42.7185,42.2329,42.5079,30318648
2014-11-18,42.4928,42.6615,42.1209,42.1555,23996457
2014-11-19,42.0863,42.1684,41.4550,41.7058,26177450
2014-11-20,41.5155,42.1209,41.4031,42.1209,21510587
2014-11-21,42.3977,42.4237,41.1436,41.4982,42884795
2014-11-24,41.5069,41.5155,40.9879,41.1609,35434245
2014-11-25,41.2214,41.4896,41.0398,41.0571,28007993
2014-11-26,41.0744,41.5069,40.8928,41.2993,27164877
2014-11-28,41.4723,41.6842,41.1782,41.3512,21534426
2014-12-01,41.4117,42.1901,41.2647,42.0517,31191575
2014-12-02,42.2420,42.4237,41.6885,41.9134,25773478
2014-12-03,41.8961,41.9480,41.3468,41.5847,23534752
2014-12-04,41.8528,42.4323,41.6885,42.2420,30345132
2014-12-05,42.2247,42.3545,41.8442,41.8788,27313449
2014-12-08,41.7404,41.8182,41.0355,41.2517,26663107
2014-12-09,40.7457,41.4463,40.6938,41.1609,24330506
2014-12-10,41.1522,41.2214,40.3912,40.5641,30431788
2014-12-11,40.7198,41.2906,40.3738,40.7976,29061918
2014-12-12,40.4603,41.2820,40.3652,40.6074,34248371
2014-12-15,40.8236,41.2301,40.2614,40.3652,29247761
2014-12-16,39.6992,40.0798,39.0332,39.0592,47801392
2014-12-17,38.9640,39.7381,38.8343,39.5608,34970865
2014-12-18,40.2873,41.1003,40.0785,41.1003,40105550
2014-12-19,41.1955,41.6020,40.7976,41.2214,64551182
2014-12-22,41.3252,41.6193,41.2647,41.4982,26565984
2014-12-23,41.8355,42.2074,41.6279,41.9047,23656529
2014-12-24,42.0690,42.0690,41.5847,41.6366,11442790
2014-12-26,41.8701,41.8701,41.3598,41.4117,13197817
2014-12-29,41.2560,41.3252,40.8755,41.0398,14439518
2014-12-30,41.0312,41.1868,40.5122,40.6679,16384692
2014-12-31,40.4171,41.0312,40.1749,40.1749,21552450
2015-01-02,40.3565,41.0139,40.2527,40.4430,27913852
2015-01-05,40.1057,40.4171,40.0019,40.0668,39673865
2015-01-06,40.1144,40.4335,39.3878,39.4830,36447854
2015-01-07,39.7684,40.1835,39.3446,39.9846,29114061
2015-01-08,40.4344,41.2992,40.4084,41.1609,29645202
2015-01-09,41.1782,41.3598,40.5641,40.8149,23715642
2015-01-12,41.0139,41.1176,40.0971,40.3046,23651887
2015-01-13,40.6247,41.4377,39.8376,40.0927,35270601
2015-01-14,39.7511,39.9933,39.4570,39.7468,29719580
2015-01-15,39.9760,40.1144,39.2754,39.3359,32750779
2015-01-16,39.1889,40.0279,39.0678,39.9933,35695289
2015-01-20,40.0452,40.3479,39.4138,40.1230,36161860
2015-01-21,39.7338,39.9068,39.3359,39.7165,39081143
2015-01-22,40.1144,40.7674,39.8549,40.7630,35898035
2015-01-23,40.9620,40.9879,40.4776,40.8063,26211594
2015-01-26,40.6506,40.7664,39.9932,40.6592,42525530
2015-01-27,37.1477,37.3640,36.4169,36.8969,169163953
2015-01-28,36.9661,37.0093,35.5995,35.6255,84507078
2015-01-29,35.4006,36.4299,35.2795,36.3347,63585273
2015-01-30,35.9369,35.9628,34.8990,34.9422,78004944
2015-02-02,35.1065,35.7812,34.7952,35.7033,50352532
2015-02-03,36.0061,36.2655,35.5001,35.9801,52082448
2015-02-04,36.2742,36.5077,35.7725,36.1877,41614812
2015-02-05,36.5163,36.8796,36.2007,36.7153,36548168
2015-02-06,36.9142,37.0093,36.4558,36.6807,34616554
2015-02-09,36.5336,36.9661,36.5077,36.6374,31381061
2015-02-10,36.9661,36.9920,36.4817,36.8450,29670676
2015-02-11,36.8883,36.8883,36.5077,36.6547,38262509
2015-02-12,36.8969,37.2688,36.7672,37.2688,33268831
2015-02-13,37.5196,37.9434,37.3207,37.9434,40264887
2015-02-17,38.3005,38.3266,37.6210,37.9607,33695749
2015-02-18,38.0043,38.0653,37.7952,37.9172,27111657
2015-02-19,37.6123,37.9140,37.4991,37.8911,27603420
2015-02-20,37.8998,38.2221,37.7081,38.2003,29721133
2015-02-23,38.0653,38.4921,38.0217,38.4572,32518754
2015-02-24,38.4572,38.5879,38.2569,38.4050,25271747
2015-02-25,38.2830,38.4050,38.1524,38.3179,29759820
2015-02-26,38.3179,38.5269,38.2308,38.3745,28957329
2015-02-27,38.4398,38.5008,38.0304,38.1959,33807740
2015-03-02,38.0391,38.4921,37.9346,38.2221,31924049
2015-03-03,37.9433,38.1741,37.5339,37.6994,31748648
2015-03-04,37.4642,37.6384,37.3510,37.5034,25748692
2015-03-05,37.5165,37.6646,37.2987,37.5513,23193541
2015-03-06,37.4555,37.5513,36.7151,36.8980,36248785
2015-03-09,36.7500,37.5644,36.7500,37.3249,32107957
2015-03-10,36.8893,37.2029,36.6106,36.6106,39159730
2015-03-11,36.8545,36.9068,36.4451,36.5670,32215314
2015-03-12,36.0009,36.2796,35.5915,35.7308,59992502
2015-03-13,35.4521,36.1228,35.3737,36.0444,58007705
2015-03-16,36.1228,36.2709,35.9573,36.2012,35273452
2015-03-17,36.0357,36.4364,35.8441,36.3188,31673448
2015-03-18,36.0880,37.3074,36.0009,37.0200,44194771
2015-03-19,36.8109,37.0984,36.7761,36.8327,33879066
2015-03-20,37.0723,37.4381,37.0113,37.3510,71904529
2015-03-23,37.3510,37.5688,37.2639,37.3292,26246086
2015-03-24,37.2639,37.6036,37.2378,37.3684,25513252
2015-03-25,37.3858,37.3902,36.0967,36.1141,43469907
2015-03-26,35.9050,36.2448,35.6437,35.8963,37495627
2015-03-27,35.8179,36.0880,35.5653,35.6873,34401398
2015-03-30,35.8005,36.1838,35.6350,35.6786,35049662
2015-03-31,35.5218,35.7395,35.3127,35.4129,34887219
2015-04-01,35.3650,35.5044,35.1124,35.4695,36865322
2015-04-02,35.4172,35.4869,34.9469,35.0950,37487476
2015-04-06,35.1385,36.3928,34.9991,36.1881,39223692
2015-04-07,36.2448,36.5061,35.9834,36.1751,28809375
2015-04-08,36.1141,36.3144,35.7483,36.0793,24753438
2015-04-09,35.9312,36.2535,35.9312,36.1315,25723861
2015-04-10,36.2622,36.5409,36.0705,36.3406,28022002
2015-04-13,36.0618,36.6367,36.0531,36.3754,30276692
2015-04-14,36.4103,36.6106,36.0531,36.2796,24244382
2015-04-15,36.3754,36.9852,36.3057,36.8066,27343581
2015-04-16,36.5409,36.8806,36.4277,36.7238,22509652
2015-04-17,36.2970,36.3580,35.8528,36.2491,42387608
2015-04-20,36.3493,37.6036,36.3057,37.3728,46057733
2015-04-21,37.4555,37.5862,37.0461,37.1376,26013844
2015-04-22,37.1681,37.5688,37.0635,37.4425,25064273
2015-04-23,37.3597,37.9869,37.2813,37.7517,46309530
2015-04-24,39.7725,41.9328,39.7638,41.6976,130933665
2015-04-27,41.1401,41.9241,41.1314,41.8370,59248172
2015-04-28,41.6192,42.8648,41.5495,42.8169,60730778
2015-04-29,42.4380,42.9519,42.2463,42.7341,47804562
2015-04-30,42.4206,43.1522,42.3335,42.3683,64725457
2015-05-01,42.3160,42.5730,42.1592,42.3814,38937336
2015-05-04,42.1331,42.5686,41.9676,42.0199,34039485
2015-05-05,41.6540,41.9502,41.2098,41.4624,50369191
2015-05-06,41.4363,41.6105,40.0861,40.3126,52433020
2015-05-07,40.3039,41.0138,40.2081,40.6784,32971654
2015-05-08,41.4188,41.7934,41.3927,41.5931,35364911
2015-05-11,41.4188,41.7324,41.2621,41.2621,24609416
2015-05-12,40.8091,41.5321,40.4345,41.2446,29928264
2015-05-13,41.9763,42.0896,41.4363,41.4842,34184613
2015-05-14,41.8370,42.5251,41.8370,42.4380,32980892
2015-05-15,42.5686,42.5991,41.8544,42.0678,28642694
2015-05-18,41.7934,42.0025,41.4711,41.8195,24136502
2015-05-19,41.6975,41.9167,41.3643,41.7150,28574813
2015-05-20,41.5484,42.0219,41.4432,41.7150,25047919
2015-05-21,41.4520,41.7325,41.2109,41.5747,22410698
2015-05-22,41.4695,41.5134,41.0487,41.1188,25720583
2015-05-26,41.0575,41.1013,40.4963,40.8470,29581860
2015-05-27,41.0487,41.8816,40.8733,41.7413,27335639
2015-05-28,41.6449,42.1008,41.5484,41.6010,19283666
2015-05-29,41.5835,41.7062,40.8470,41.0838,36519594
2015-06-01,41.2591,41.8816,40.8733,41.4081,28837332
2015-06-02,41.1451,41.5134,40.8733,41.1364,21498326
2015-06-03,41.5309,41.8509,41.0487,41.0750,28002154
2015-06-04,41.0224,41.3468,40.5051,40.6454,27745512
2015-06-05,40.6016,40.7857,40.1895,40.4525,25438086
2015-06-08,40.5928,40.7068,40.0404,40.0930,22121634
2015-06-09,40.1193,40.2772,39.8563,40.0229,24406057
2015-06-10,40.1456,41.0575,40.0580,40.8646,28417405
2015-06-11,40.9084,41.1364,40.4437,40.7155,27347758
2015-06-12,40.5226,40.7418,40.2421,40.3035,23930972
2015-06-15,39.8476,40.0229,39.4707,39.8695,33254517
2015-06-16,39.7599,40.5402,39.7160,40.1807,27070306
2015-06-17,40.0930,40.3911,39.7687,40.3035,28704061
2015-06-18,40.5226,41.0312,40.4788,40.9610,32658343
2015-06-19,41.0224,41.0531,40.3210,40.4174,63837036
2015-06-22,40.6191,40.9610,40.4700,40.5314,20318055
2015-06-23,40.4437,40.5752,39.9966,40.2509,25896473
2015-06-24,40.0404,40.5446,39.9352,40.0098,34890901
2015-06-25,40.3561,40.3824,39.8914,40.0229,20615995
2015-06-26,40.0229,40.5752,39.4793,39.6810,49835287
2015-06-29,39.4881,39.6547,38.8919,38.9007,34081746
2015-06-30,39.1988,39.2075,38.5237,38.7078,35945384
2015-07-01,38.9796,39.6547,38.6640,38.9664,28343907
2015-07-02,38.9971,39.2338,38.6289,38.9270,21752013
2015-07-06,38.5412,38.9971,38.5325,38.9182,23033961
2015-07-07,38.8744,39.0059,37.9801,38.8393,36435827
2015-07-08,38.9621,39.3654,38.6026,38.7867,39785901
2015-07-09,39.2338,39.6459,39.0147,39.0322,32424672
2015-07-10,39.4618,39.5758,39.0760,39.1111,25465757
2015-07-13,39.4311,39.9966,39.4093,39.9265,28178329
2015-07-14,39.8476,40.2947,39.7248,39.9966,22880260
2015-07-15,40.0492,40.2333,39.8300,40.1193,26629615
2015-07-16,40.3385,40.9347,40.2991,40.9084,26271673
2015-07-17,40.8120,41.0136,40.5577,40.8733,29467107
2015-07-20,40.8996,41.3205,40.7155,41.1364,30631905
2015-07-21,41.0136,41.4958,40.7506,41.4520,42781899
2015-07-22,39.8388,41.1451,39.6310,39.9265,59152427
2015-07-23,39.6897,40.5314,39.5407,40.4262,33934010
2015-07-24,40.2509,40.6103,40.1544,40.2772,32333244
2015-07-27,40.2772,40.3385,39.6722,39.7599,39701420
2015-07-28,39.9615,40.0133,39.2689,39.7511,34328948
2015-07-29,39.8037,41.0136,39.6810,40.5840,40945864
2015-07-30,40.5577,41.5572,40.2684,41.1013,39777883
2015-07-31,41.4607,41.5309,40.7681,40.9435,31201480
2015-08-03,41.1890,41.2065,40.7243,41.0399,24125886
2015-08-04,40.9873,41.8290,40.9259,41.6799,33403916
2015-08-05,42.0657,42.4427,41.6799,41.7150,26739584
2015-08-06,41.8290,41.8816,40.6191,40.8733,27368000
2015-08-07,40.6717,41.0136,40.5577,40.9785,19163038
2015-08-10,41.1627,41.6361,41.0662,41.4958,23079870
2015-08-11,41.0487,41.1539,40.2421,40.6892,29237402
2015-08-12,40.4963,41.1188,40.0711,40.9785,30198532
2015-08-13,41.2591,41.2942,40.7594,40.9698,22627241
2015-08-14,40.7944,41.2942,40.7857,41.2065,21473402
2015-08-17,41.0399,41.6010,40.8295,41.4871,21099746
2015-08-18,41.3355,41.8562,41.2120,41.7150,23574104
2015-08-19,41.2826,41.5473,40.8590,41.1326,31485511
2015-08-20,40.6560,41.0090,40.2942,40.2942,36238227
2015-08-21,39.9765,40.1354,38.0086,38.0086,70053084
2015-08-24,35.6965,38.2204,35.0523,36.7819,88753660
2015-08-25,37.5629,38.1586,35.6435,35.7141,70616597
2015-08-26,37.0731,37.8056,36.2348,37.6909,63407996
2015-08-27,38.0703,38.7852,37.8806,38.7410,50943211
2015-08-28,38.3616,38.9617,38.2910,38.7675,28246725
2015-08-31,38.5998,38.7675,38.0350,38.4057,34441662
2015-09-01,37.2673,37.5850,36.7643,36.9055,49688896
2015-09-02,37.2761,38.2821,36.9584,38.2645,37671518
2015-09-03,38.3086,38.8116,38.1939,38.3880,28285205
2015-09-04,37.7791,37.9821,37.2364,37.6026,37138775
2015-09-08,38.2115,38.8293,38.1233,38.7322,32469766
2015-09-09,39.0146,39.1823,37.8674,38.0086,33469485
2015-09-10,38.0527,38.6440,37.7218,38.2027,31366630
2015-09-11,38.0703,38.4675,37.8938,38.3704,27132527
2015-09-14,38.3263,38.3351,37.8232,37.9821,23656048
2015-09-15,38.1145,39.0852,38.0174,38.8116,28882206
2015-09-16,38.8028,39.1646,38.6881,39.0940,23372162
2015-09-17,39.0852,39.7118,38.8999,39.0499,32768161
2015-09-18,38.3880,38.8205,38.2380,38.3704,63143684
2015-09-21,38.4939,39.2440,38.4763,38.9264,26177224
2015-09-22,38.2821,38.8734,38.2204,38.7410,28085903
2015-09-23,38.7675,38.9793,38.3969,38.7146,17145238
2015-09-24,38.3439,38.9440,38.1851,38.7499,27905607
2015-09-25,39.2529,39.4735,38.6175,38.7763,29384601
2015-09-28,38.6793,38.9043,38.1277,38.2027,27099680
2015-09-29,38.2733,38.4498,37.9909,38.3351,32763557
2015-09-30,38.7234,39.0940,38.5292,39.0058,33172693
2015-10-01,39.4911,39.4911,38.6087,39.3676,28657859
2015-10-02,39.0676,40.2148,38.7587,40.2148,41839035
2015-10-05,40.3692,41.3797,40.3295,41.1502,34369286
2015-10-06,40.8855,41.6312,40.7884,41.2561,27510808
2015-10-07,41.5650,41.7856,40.5501,41.3002,27711492
2015-10-08,41.0884,41.9312,41.0355,41.8738,33772709
2015-10-09,41.8738,41.9533,41.4061,41.5738,28600632
2015-10-12,41.4591,41.5385,41.0355,41.4767,19769066
2015-10-13,41.0884,41.5914,41.0884,41.3797,19987816
2015-10-14,41.1679,41.5650,41.0620,41.1943,24697766
2015-10-15,41.4856,41.5032,41.0620,41.4856,27189370
2015-10-16,41.4944,41.9533,41.3858,41.9268,26450334
2015-10-19,41.8474,42.2533,41.4944,42.0239,29387581
2015-10-20,41.8650,42.1915,41.4944,42.1562,30802235
2015-10-21,42.2886,42.3504,41.5738,41.6532,25264710
2015-10-22,41.9444,43.1976,41.5562,42.3857,56637074
2015-10-23,46.1539,47.7159,46.1098,46.6569,135227059
2015-10-26,46.3569,47.9365,46.3304,47.8747,64633324
2015-10-27,47.6453,47.9806,47.2835,47.3805,50999907
2015-10-28,47.2482,47.6365,46.6481,47.6365,47000753
2015-10-29,47.2482,47.5041,46.9658,47.0893,30202078
2015-10-30,47.0540,47.6453,46.4363,46.4539,46619761
2015-11-02,46.6393,47.0893,46.4363,46.9834,30284982
2015-11-03,46.7099,47.9983,46.6834,47.7865,36596931
2015-11-04,47.8130,48.4307,47.7071,48.0071,37087849
2015-11-05,48.0865,48.2719,47.6541,47.9895,31468485
2015-11-06,47.7291,48.5190,47.6223,48.4660,32851204
2015-11-09,48.1395,48.4219,47.2658,47.7953,32513067
2015-11-10,47.7159,47.7688,47.0099,47.2217,55283697
2015-11-11,47.3894,47.8306,47.1776,47.3452,36516260
2015-11-12,47.1952,47.6357,46.9393,47.0540,35361095
2015-11-13,46.8334,47.0276,46.3569,46.6304,36848175
2015-11-16,46.8422,47.5570,46.6393,47.4467,32165198
2015-11-17,47.2405,47.5604,46.9562,47.0629,31546754
2015-11-18,47.0895,47.9602,47.0716,47.8447,29710030
2015-11-19,47.9691,48.5644,47.7834,47.9247,28149228
2015-11-20,48.2001,48.2445,47.3250,48.1468,37147608
2015-11-23,48.2001,48.3867,47.7559,48.1468,28235918
2015-11-24,47.9069,48.3689,47.6048,48.2001,24600043
2015-11-25,48.0580,48.1823,47.7026,47.7026,21005147
2015-11-27,47.8003,48.0491,47.7914,47.9158,9009132
2015-11-30,48.4578,48.8309,47.9779,48.2890,56241417
2015-12-01,48.3423,49.0708,48.2445,49.0619,39952779
2015-12-02,49.1508,49.7194,48.9198,49.0531,47274879
2015-12-03,49.3018,49.5506,47.9158,48.1557,38627835
2015-12-04,48.0846,49.9593,48.0668,49.6750,43963662
2015-12-07,49.5684,49.7283,49.1241,49.5861,30709765
2015-12-08,49.2841,49.8438,48.8576,49.5684,32878026
2015-12-09,49.1952,49.6394,48.4311,48.8487,36373209
2015-12-10,49.2130,49.4484,48.8754,49.1064,31775826
2015-12-11,48.6088,48.9553,47.9869,48.0313,39549497
2015-12-14,48.2712,49.0531,47.6937,48.9909,47006491
2015-12-15,49.4529,49.6661,48.9464,49.0442,39842998
2015-12-16,49.3463,49.9726,48.6532,49.8705,37503300
2015-12-17,50.0748,50.4569,49.3416,49.4884,41280907
2015-12-18,49.5506,49.7550,48.0046,48.0935,84684164
2015-12-21,48.7599,49.1774,48.1790,48.7154,37246325
2015-12-22,48.8576,49.2929,48.4222,49.1774,28322241
2015-12-23,49.4884,49.6483,49.2574,49.5950,27279832
2015-12-24,49.6306,49.7194,49.2485,49.4618,9570002
2015-12-28,49.1774,49.7105,48.8487,49.7105,22458293
2015-12-29,50.0126,50.5102,49.8083,50.2436,27731403
2015-12-30,50.1725,50.4480,50.0104,50.0304,21704505
2015-12-31,49.7905,49.9238,49.2396,49.2929,27334061
2016-01-04,48.2623,48.6888,47.4360,48.6888,53777963
2016-01-05,48.8043,49.2130,48.4578,48.9109,34079674
2016-01-06,48.2623,48.3335,47.6581,48.0224,39518863
2016-01-07,46.8230,47.5204,46.2632,46.3521,56564852
2016-01-08,46.5298,47.3383,46.3343,46.4942,48753969
2016-01-11,46.6542,46.9562,45.7212,46.4676,36943756
2016-01-12,46.8763,47.1784,46.2543,46.8940,36095539
2016-01-13,47.8003,48.0402,45.5825,45.8812,66883571
2016-01-14,46.2010,47.4594,45.8190,47.1872,52381918
2016-01-15,45.5880,46.1744,44.7261,45.3037,71820697
2016-01-19,45.7390,45.9167,44.4774,44.9216,43564538
2016-01-20,44.4063,45.6502,43.6244,45.1260,63272993
2016-01-21,45.3125,45.8279,44.6906,44.8505,40191157
2016-01-22,45.6768,46.4942,45.5436,46.4587,37555789
2016-01-25,46.1477,46.7785,45.8901,46.0144,34707717
2016-01-26,46.0144,46.5920,45.8012,46.3521,28900820
2016-01-27,46.2099,46.3787,45.3304,45.5080,36775194
2016-01-28,46.0766,46.3876,45.5347,46.2499,62513789
2016-01-29,48.6266,48.9464,47.9780,48.9464,83611686
2016-02-01,48.7599,48.9464,48.4178,48.6088,44208542
2016-02-02,48.1290,48.2090,46.7785,47.0895,56313753
2016-02-03,47.3116,47.4360,45.5436,46.3432,57559814
2016-02-04,46.2899,46.9207,45.6413,46.2010,46987123
2016-02-05,46.1477,46.2010,44.0331,44.5662,62008994
2016-02-08,44.0242,44.0420,42.8159,43.8999,59290497
2016-02-09,43.5534,44.6373,43.2424,43.7844,46740474
2016-02-10,44.3263,44.7706,43.9976,44.1664,38236954
2016-02-11,43.2513,44.5218,43.1002,44.1486,48878571
2016-02-12,44.6462,45.0282,44.2019,44.8683,34243324
2016-02-16,45.5424,45.7124,44.8534,45.7124,37291208
2016-02-17,46.0703,47.2155,46.0345,46.9024,40788968
2016-02-18,46.8218,47.3766,46.6161,46.6966,27176035
2016-02-19,46.4997,46.7771,46.1060,46.3655,33559073
2016-02-22,46.7771,47.4213,46.7771,47.1082,25008291
2016-02-23,46.8308,46.8576,45.6139,45.7929,28895274
2016-02-24,45.3545,46.0792,44.9160,45.9539,33014457
2016-02-25,46.2850,46.6161,45.2829,46.6161,26939467
2016-02-26,47.0634,47.1350,45.7213,45.9003,35975925
2016-02-29,45.9450,46.2134,45.3276,45.5245,31654036
2016-03-01,45.6050,47.0545,45.5602,47.0455,33024535
2016-03-02,46.8934,47.3855,46.6653,47.3766,29289884
2016-03-03,47.3945,47.3945,46.3297,46.8397,24427813
2016-03-04,46.8845,46.9292,46.2671,46.5534,33034150
2016-03-07,46.1329,46.3476,45.2560,45.6587,38428816
2016-03-08,45.4529,46.6429,45.2695,46.2134,33075517
2016-03-09,46.4282,47.2871,46.3968,47.2782,28251588
2016-03-10,47.3587,47.3676,45.7750,46.5713,38387804
2016-03-11,47.4213,47.4840,46.8666,47.4840,32275677
2016-03-14,47.1618,47.9492,47.0903,47.5734,24083616
2016-03-15,47.1976,47.9492,47.1887,47.9492,21104763
2016-03-16,47.8240,48.8529,47.7792,48.6292,31691742
2016-03-17,48.5040,49.2108,48.3161,48.9066,28223947
2016-03-18,49.1392,49.1840,47.8195,47.8597,67625518
2016-03-21,47.6450,48.2532,47.3587,48.1908,23925716
2016-03-22,47.9671,48.5397,47.8329,48.3787,23124143
2016-03-23,48.4145,48.5308,48.0834,48.2892,20129015
2016-03-24,48.1729,48.6113,48.0745,48.5040,19949972
2016-03-28,48.5040,48.5755,47.7166,47.9045,17025050
2016-03-29,48.0118,49.0855,47.8240,48.9513,23924329
2016-03-30,49.1482,49.7834,49.1213,49.2555,23008260
2016-03-31,49.1661,49.7387,49.0855,49.4166,26360495
2016-04-01,49.2555,49.7566,48.8261,49.7208,24399193
2016-04-04,49.5955,49.8013,49.2108,49.5955,18928810
2016-04-05,49.3808,49.4792,48.7276,48.8171,19272255
2016-04-06,48.6382,49.3898,48.5040,49.3182,21188682
2016-04-07,49.0945,49.1303,48.5219,48.7276,19225092
2016-04-08,48.9155,49.4613,48.6024,48.6919,22167223
2016-04-11,48.7545,49.3450,48.5845,48.5934,21414227
2016-04-12,48.6471,49.0140,48.1013,48.8976,24944288
2016-04-13,49.3182,49.6023,49.1124,49.5240,20817961
2016-04-14,49.4076,49.7253,49.2734,49.5329,20877108
2016-04-15,49.4792,50.0340,49.3092,49.7924,28793753
2016-04-18,49.6492,50.6334,49.3987,50.5171,23785950
2016-04-19,50.6692,50.7945,49.8192,50.4545,29596827
2016-04-20,50.3650,50.5529,49.6448,49.7387,36195714
2016-04-21,49.9266,50.3113,49.5821,49.9087,38909096
2016-04-22,46.4461,46.9110,45.4260,46.3297,126834091
2016-04-25,46.3297,46.6429,46.1955,46.6250,33226948
2016-04-26,46.7592,46.8397,45.7124,46.0255,33532636
2016-04-27,46.0613,46.0792,45.2292,45.5782,43369256
2016-04-28,45.2918,45.4260,44.3434,44.6476,43134846
2016-04-29,44.1555,44.9608,44.1555,44.6208,48411684
2016-05-02,44.7371,45.4081,44.5402,45.2829,33114539
2016-05-03,45.0413,45.1039,44.3792,44.5403,26460244
2016-05-04,44.5939,44.7908,44.2539,44.6208,24257556
2016-05-05,44.6208,45.0055,44.4955,44.6834,25390718
2016-05-06,44.6655,45.0860,44.4329,45.0860,24787301
2016-05-09,45.1755,45.2605,44.7371,44.7997,17951598
2016-05-10,45.0324,45.7213,44.9071,45.6497,22890966
2016-05-11,45.7482,46.3297,45.6318,45.6766,24039140
2016-05-12,45.8108,46.3566,45.5603,46.0882,24102781
2016-05-13,46.0255,46.4326,45.6676,45.7034,22592342
2016-05-16,45.4529,46.4908,45.4081,46.3745,20032017
2016-05-17,46.6059,46.6149,45.3804,45.5155,27803514
2016-05-18,45.4885,46.0832,45.3263,45.7859,24907532
2016-05-19,45.4795,45.6146,44.8937,45.3443,23842358
2016-05-20,45.4885,46.1553,45.4164,45.6146,23905769
2016-05-23,45.5966,45.6687,45.0379,45.0830,26118720
2016-05-24,45.6867,46.5969,45.4164,46.4887,34757944
2016-05-25,46.7861,47.2997,46.6690,46.9663,24204566
2016-05-26,46.7951,46.8395,46.2815,46.7591,24335223
2016-05-27,46.7861,47.1465,46.6509,47.1465,17721438
2016-05-31,47.0925,47.7593,46.9303,47.7593,37653081
2016-06-01,47.2547,47.7142,47.2547,47.6241,25324828
2016-06-02,47.4349,47.5250,46.7095,47.2907,22840779
2016-06-03,47.2006,47.2367,46.4977,46.6690,23368291
2016-06-06,46.8492,47.1736,46.7591,46.9753,18243271
2016-06-07,47.0745,47.5160,46.9483,46.9483,20866770
2016-06-08,46.8762,47.2547,46.7410,46.8942,21149438
2016-06-09,46.8582,46.8582,46.3986,46.5158,20305664
2016-06-10,46.0021,46.9032,45.9931,46.3896,25833151
2016-06-13,44.6775,45.7002,44.2089,45.1821,83217844
2016-06-14,44.9658,45.1461,44.6685,44.9028,42577106
2016-06-15,44.8577,45.1641,44.7766,44.7766,33757639
2016-06-16,44.6234,45.4795,44.6115,45.4074,31188605
2016-06-17,45.4254,45.4434,44.8937,45.1731,45710516
2016-06-20,45.6327,45.8039,45.0830,45.1190,35607946
2016-06-21,45.2362,46.3445,45.2001,46.1283,34097825
2016-06-22,46.0292,46.3716,45.9143,45.9481,28816848
2016-06-23,46.2094,46.9123,46.0922,46.7771,29028833
2016-06-24,44.8847,45.9030,44.6234,44.9028,133502985
2016-06-27,44.2449,44.2869,43.2852,43.6412,50576699
2016-06-28,44.0827,44.5784,43.8575,44.5513,38140658
2016-06-29,44.9748,45.7048,44.8757,45.5426,31304021
2016-06-30,45.7048,46.2274,45.5065,46.1103,28527781
2016-07-01,46.0742,46.6059,46.0201,46.1012,21400392
2016-07-05,45.8039,46.2094,45.7228,46.1103,24806351
2016-07-06,45.7588,46.4437,45.4074,46.2995,28167461
2016-07-07,46.3355,46.5067,46.0201,46.2995,19585194
2016-07-08,46.6149,47.1826,46.4527,47.1285,28391026
2016-07-11,47.3087,47.6061,47.2817,47.3898,22269203
2016-07-12,47.7052,48.1198,47.5656,47.9485,27317555
2016-07-13,48.2639,48.5343,47.9215,48.2189,25356841
2016-07-14,48.5162,48.6514,48.2820,48.4261,24545520
2016-07-15,48.6154,48.6604,47.9485,48.3901,32024385
2016-07-18,48.3901,48.9668,48.2549,48.6244,31433864
2016-07-19,48.3991,48.5703,47.6962,47.8404,53336533
2016-07-20,50.5978,51.2196,50.0391,50.3816,89893301
2016-07-21,50.4446,50.6699,50.2464,50.2824,32776653
2016-07-22,50.5348,51.0281,50.2644,50.9763,32157167
2016-07-25,50.8862,51.1295,50.6924,51.1205,25610587
2016-07-26,50.9312,51.6251,50.9222,51.1475,28078995
2016-07-27,51.0123,51.1836,50.5618,50.6339,32327477
2016-07-28,50.4627,50.7961,50.2103,50.6519,37550411
2016-07-29,50.6970,51.1475,50.5077,51.0754,30558718
2016-08-01,51.0033,51.1385,50.5888,50.9853,26003419
2016-08-02,51.2286,51.2737,50.7420,50.9853,35121958
2016-08-03,51.0754,51.4629,50.9042,51.3367,22075616
2016-08-04,51.1836,51.8317,51.0664,51.7152,26587749
2016-08-05,51.9495,52.4541,51.7693,52.2289,29335221
2016-08-08,52.3145,52.3415,52.0667,52.3190,19473499
2016-08-09,52.4181,52.7155,52.2829,52.4451,16920721
2016-08-10,52.4091,52.5533,52.1027,52.2829,15756913
2016-08-11,52.2919,52.6704,52.2919,52.5352,18162301
2016-08-12,52.2919,52.4361,51.9225,52.2108,21655161
2016-08-15,52.2739,52.7155,52.2289,52.3730,19283902
2016-08-16,52.2388,52.2479,51.9305,52.0847,20523493
2016-08-17,52.1754,52.3023,51.8943,52.1935,18856423
2016-08-18,52.0665,52.3204,51.9305,52.2298,14214341
2016-08-19,52.0756,52.3476,51.8671,52.2479,17271044
2016-08-22,52.2298,52.3658,51.9215,52.2932,15221922
2016-08-23,52.5018,52.7557,52.4565,52.4927,18732373
2016-08-24,52.4111,52.6287,52.3340,52.5471,18151506
2016-08-25,52.4837,52.8554,52.3930,52.7466,18552579
2016-08-26,52.8464,53.2272,52.3114,52.6197,20971202
2016-08-29,52.7557,53.1365,52.6831,52.6831,16417207
2016-08-30,52.5743,52.7648,52.2388,52.4927,16930185
2016-08-31,52.2751,52.4111,51.9577,52.1028,20860269
2016-09-01,51.6948,52.4292,51.6948,52.2207,26075363
2016-09-02,52.2932,52.7648,52.0665,52.2932,18900489
2016-09-06,52.3930,52.4111,51.8761,52.2388,16278416
2016-09-07,52.1119,52.4474,52.0529,52.2842,17493359
2016-09-08,52.2570,52.4020,51.8489,52.0756,20146083
2016-09-09,51.4953,52.1572,50.9694,50.9694,35113934
2016-09-12,50.7789,51.8716,50.4253,51.7310,29302962
2016-09-13,51.2323,51.3683,50.8243,51.2595,30130213
2016-09-14,51.1326,51.3502,50.8061,51.0147,24274273
2016-09-15,50.9149,52.0031,50.7608,51.8580,27062614
2016-09-16,52.2570,52.2570,51.4590,51.9124,44606965
2016-09-19,51.9305,52.3658,51.5497,51.6222,20937104
2016-09-20,52.0031,52.0031,51.4590,51.5134,17383982
2016-09-21,52.1481,52.4565,51.7582,52.3748,33707272
2016-09-22,52.5199,52.5925,52.2570,52.4292,19822203
2016-09-23,52.4746,52.5109,52.0303,52.0756,19955336
2016-09-26,51.7582,51.8126,51.5315,51.5950,21688720
2016-09-27,51.6222,52.6469,51.3964,52.5471,28065071
2016-09-28,52.4837,52.6469,52.2932,52.6197,20536400
2016-09-29,52.4202,52.7447,51.8761,52.0484,25463536
2016-09-30,52.2026,52.3839,51.9940,52.2298,29910788
2016-10-03,52.0529,52.1844,51.7401,52.0665,19189515
2016-10-04,51.9305,52.2252,51.6585,51.9033,20085874
2016-10-05,51.9487,52.5563,51.9215,52.2660,16726411
2016-10-06,52.3567,52.4655,51.9396,52.3567,16212611
2016-10-07,52.4565,52.5743,52.0665,52.4111,20089020
2016-10-10,52.5109,52.9461,52.4746,52.6287,18196509
2016-10-11,52.4927,52.6106,51.5860,51.8580,26497418
2016-10-12,51.7854,51.9305,51.1416,51.7854,22177464
2016-10-13,51.4137,51.9577,51.0646,51.6132,25313748
2016-10-14,51.7945,52.3567,51.7945,52.0665,27402451
2016-10-17,52.0121,52.1028,51.5678,51.8852,23830014
2016-10-18,52.1663,52.5426,52.0575,52.2842,19149538
2016-10-19,52.1119,52.4474,52.0439,52.1663,22878397
2016-10-20,52.1391,52.1572,51.3774,51.9124,49455612
2016-10-21,54.6599,54.8140,53.9390,54.0977,80032206
2016-10-24,54.3516,55.3128,54.3425,55.3128,54066978
2016-10-25,55.1768,55.6482,55.1314,55.3037,35137164
2016-10-26,55.1405,55.4941,54.8322,54.9773,29911608
2016-10-27,54.9591,55.1586,54.4876,54.4967,28479856
2016-10-28,54.4151,54.8775,54.0252,54.2881,33574684
2016-10-31,54.5511,54.7868,54.3335,54.3335,26434697
2016-11-01,54.3788,54.4241,53.7259,54.2246,24532986
2016-11-02,54.2428,54.3425,53.7713,53.8891,22147005
2016-11-03,53.9798,54.0796,53.5990,53.6897,21600427
2016-11-04,53.1819,53.7531,53.0640,53.2363,28697016
2016-11-07,54.2065,54.8775,54.2065,54.7868,31664798
2016-11-08,54.9047,55.1133,54.5420,54.8322,22935355
2016-11-09,54.4060,54.9410,53.6806,54.5601,49632479
2016-11-10,54.8412,54.8503,52.2571,53.2272,57822394
2016-11-11,52.8010,53.6044,52.6015,53.5174,38767843
2016-11-14,53.5174,53.5718,51.9396,52.7013,41328422
2016-11-15,53.2421,54.3009,53.2284,53.7350,35904126
2016-11-16,53.7989,54.4561,53.6802,54.4470,27332475
2016-11-17,55.1407,55.6336,54.7345,55.3506,32132728
2016-11-18,55.4784,55.8070,55.0403,55.0859,27686311
2016-11-21,55.2228,55.6518,55.1498,55.5514,19652595
2016-11-22,55.6609,55.9165,55.5012,55.7887,23206700
2016-11-23,55.6883,55.7705,54.9946,55.1315,21848913
2016-11-25,55.0403,55.2502,54.8851,55.2502,8409616
2016-11-28,55.0768,55.6975,54.9581,55.3232,20732619
2016-11-29,55.3597,56.0534,55.2411,55.7613,22366721
2016-11-30,55.5514,55.8435,54.9627,55.0037,34655435
2016-12-01,54.8668,54.9033,53.7943,54.0362,34542121
2016-12-02,53.9267,54.2827,53.6711,54.0818,25515665
2016-12-05,54.4926,55.3004,54.3648,54.9672,23552658
2016-12-06,55.1589,55.1863,54.5839,54.7208,19907035
2016-12-07,54.7756,56.0261,54.5839,56.0169,30808969
2016-12-08,55.9530,56.2086,55.5332,55.6883,21220753
2016-12-09,55.8435,56.5828,55.7933,56.5646,27349356
2016-12-12,56.4277,56.8658,56.3364,56.7471,20198081
2016-12-13,57.0484,57.8881,56.8110,57.4865,35718868
2016-12-14,57.5047,57.9155,57.0757,57.2127,30352654
2016-12-15,57.2309,57.6449,56.8658,57.1214,27669868
2016-12-16,57.4591,57.4591,56.6969,56.8658,42453083
2016-12-19,57.1031,58.2076,56.9753,58.0707,34338219
2016-12-20,58.1346,58.2350,57.5276,57.9976,26028379
2016-12-21,57.8972,58.1437,57.6143,57.9976,17096304
2016-12-22,58.2715,58.5088,57.8744,58.0068,22176585
2016-12-23,57.9155,57.9976,57.3222,57.7238,12403819
2016-12-27,57.6964,58.4814,57.6964,57.7603,11763173
2016-12-28,57.8699,57.8699,57.3496,57.4956,14653348
2016-12-29,57.3770,57.6873,57.2583,57.4135,10250582
2016-12-30,57.4682,57.4956,56.6194,56.7198,25579908
2017-01-03,57.3131,57.3587,56.7061,57.1214,20694101
2017-01-04,57.0301,57.2766,56.7015,56.8658,21339969
2017-01-05,56.7654,57.1944,56.6194,56.8658,24875968
2017-01-06,56.8658,57.6417,56.6285,57.3587,19922919
2017-01-09,57.2857,57.5778,57.0849,57.1761,20382730
2017-01-10,57.2583,57.5686,56.8475,57.1579,18593004
2017-01-11,57.1488,57.7147,56.9845,57.6782,21517335
2017-01-12,57.5595,57.8699,56.5463,57.1488,20968223
2017-01-13,57.1579,57.3815,56.9114,57.2309,19422310
2017-01-17,57.2127,57.2309,56.6194,57.0757,20663983
2017-01-18,57.2035,57.2309,56.7015,57.0484,19670102
2017-01-19,56.8110,57.4865,56.7700,56.8658,18451655
2017-01-20,57.2035,57.3404,56.9297,57.2674,30213462
2017-01-23,57.2309,57.6105,57.1123,57.4682,23097581
2017-01-24,57.6873,58.1756,57.4500,57.9794,24672940
2017-01-25,58.3719,58.5088,57.9155,58.1254,24654933
2017-01-26,58.5271,58.9059,58.0068,58.6640,43554645
2017-01-27,59.6863,60.1609,59.2299,60.0423,44817972
2017-01-30,59.9601,60.0514,59.1477,59.4490,31651445
2017-01-31,59.2025,59.4672,58.6548,59.0108,25270549
2017-02-01,58.7416,58.9834,57.9338,58.0342,39671528
2017-02-02,57.7329,57.8790,57.2766,57.6599,45827013
2017-02-03,57.9611,58.1437,57.5686,58.1254,30301759
2017-02-06,57.9611,58.0980,57.6325,58.0889,19796360
2017-02-07,58.1802,58.2167,57.7147,57.8972,20277226
2017-02-08,58.0250,58.2441,57.7056,57.8151,18096358
2017-02-09,57.9794,58.8146,57.7968,58.4723,22644443
2017-02-10,58.6457,58.6914,58.3947,58.4175,18170729
2017-02-13,58.6366,59.2025,58.5362,59.0747,22920101
2017-02-14,59.1469,59.4315,58.7887,59.2938,23108426
2017-02-15,59.2295,59.2938,58.9127,59.2571,17005157
2017-02-16,59.4499,59.9090,59.1744,59.2479,20546345
2017-02-17,59.2020,59.4040,59.0458,59.3397,21248818
2017-02-21,59.3305,59.6427,59.1836,59.2203,20655869
2017-02-22,59.0734,59.1285,58.8163,59.1009,19292651
2017-02-23,59.1560,59.4393,58.9494,59.3397,20273128
2017-02-24,59.2571,59.5050,58.8943,59.3397,21796800
2017-02-27,59.2662,59.2662,58.8117,58.9816,15871507
2017-02-28,58.8438,58.9540,58.5500,58.7520,23239825
2017-03-01,58.8897,59.6795,58.7904,59.6335,26937459
2017-03-02,59.4040,59.4591,58.6602,58.7795,24539597
2017-03-03,58.7612,59.0275,58.4214,58.9999,18139405
2017-03-06,58.7428,59.2846,58.5959,59.0183,18750255
2017-03-07,58.9448,59.4820,58.9448,59.1377,18520987
2017-03-08,59.0091,59.7667,58.9999,59.6795,21510907
2017-03-09,59.8631,59.8723,59.2111,59.4407,19846832
2017-03-10,59.7897,59.9274,59.4591,59.6244,19538245
2017-03-13,59.6978,59.8677,59.2938,59.4223,20100035
2017-03-14,59.2571,59.2754,58.9081,59.1469,14280202
2017-03-15,59.2754,59.6152,58.9999,59.4591,24833810
2017-03-16,59.4591,59.4683,59.0458,59.3581,20674296
2017-03-17,59.6060,59.9090,59.3948,59.5693,49219686
2017-03-20,59.6060,59.8493,59.4315,59.6244,14598083
2017-03-21,59.8631,60.1478,58.8897,58.9632,26640480
2017-03-22,58.8806,59.8172,58.8806,59.7162,20680015
2017-03-23,59.6335,59.9044,59.4728,59.5693,19269203
2017-03-24,60.0192,60.1019,59.4683,59.6703,22617105
2017-03-27,59.3489,59.8907,59.0918,59.7805,18614662
2017-03-28,59.6519,60.1202,59.3672,59.9550,20080358
2017-03-29,59.7988,60.1478,59.6404,60.1202,13618424
2017-03-30,60.0743,60.5886,60.0192,60.3406,15122823
2017-03-31,60.2855,60.7814,60.1019,60.4784,21040331
2017-04-03,60.4325,60.5518,59.8631,60.1937,20400871
2017-04-04,60.0468,60.4325,59.9458,60.3590,12997449
2017-04-05,60.8824,60.9283,60.0966,60.2029,21448594
2017-04-06,60.2396,60.6574,60.1294,60.3590,18103453
2017-04-07,60.4692,60.5702,60.0927,60.3131,14089274
2017-04-10,60.2488,60.4416,60.0192,60.1753,17952742
2017-04-11,60.2396,60.2488,59.5509,60.1294,18791533
2017-04-12,60.0743,60.1570,59.7897,59.8999,17108513
2017-04-13,59.9550,60.4784,59.6427,59.6427,17896483
2017-04-17,59.7254,60.1386,59.6978,60.1294,16689265
2017-04-18,59.9917,60.3406,59.8356,60.0468,15155611
2017-04-19,60.2855,60.3774,59.5876,59.7254,26992771
2017-04-20,60.1111,60.3774,59.8172,60.1478,22299477
2017-04-21,60.3039,61.2497,60.1019,60.9742,32522645
2017-04-24,61.9660,62.1313,61.6170,62.0119,29721254
2017-04-25,62.3517,62.4802,62.0762,62.3700,30242730
2017-04-26,62.5170,62.7282,62.0946,62.2874,26190770
2017-04-27,62.5813,62.7925,62.0578,62.6914,34970953
2017-04-28,63.2791,63.4904,62.1588,62.8659,39548818
2017-05-01,63.0679,63.8669,62.9027,63.7383,31954362
2017-05-02,64.0138,64.0138,63.4812,63.6373,23906119
2017-05-03,63.7107,63.7107,63.0955,63.4353,28927973
2017-05-04,63.3893,63.4353,63.0312,63.1873,21749409
2017-05-05,63.2700,63.3893,62.8889,63.3618,19128782
2017-05-08,63.3342,63.4077,62.8292,63.3067,18566087
2017-05-09,63.2332,63.6189,63.0679,63.3985,22858414
2017-05-10,63.3526,63.8760,63.2883,63.6465,17977830
2017-05-11,62.7741,63.1139,62.5537,62.8659,28789413
2017-05-12,63.0037,63.0037,62.4802,62.7925,18714123
2017-05-15,62.5721,62.8843,62.0486,62.8384,31530301
2017-05-16,63.0068,64.1241,62.9421,64.0964,34956038
2017-05-17,63.6162,63.8102,62.2680,62.3142,30548781
2017-05-18,62.2403,62.9144,62.0002,62.5266,25201274
2017-05-19,62.3326,62.8821,62.2680,62.5081,26961119
2017-05-22,62.6928,63.2561,62.3326,63.2099,16237550
2017-05-23,63.4592,63.4869,63.1453,63.4223,15425824
2017-05-24,63.5978,63.6070,63.2099,63.5054,14666865
2017-05-25,63.6901,64.5304,63.6347,64.2903,21854095
2017-05-26,64.4566,64.8444,64.1980,64.6043,19827923
2017-05-30,64.4473,65.0199,64.4289,65.0199,17072838
2017-05-31,65.1307,65.3246,64.4658,64.4935,30436364
2017-06-01,64.8629,65.2046,64.1343,64.7336,21603601
2017-06-02,65.0476,66.3589,64.8629,66.2665,34770261
2017-06-05,66.4604,67.3100,66.3127,66.7467,33316760
2017-06-06,66.7652,67.0607,66.7375,66.9683,31511065
2017-06-07,67.0745,67.1992,66.4420,66.8483,22301765
2017-06-08,66.9591,66.9683,66.0264,66.4420,24588270
2017-06-09,66.5205,66.5620,63.3392,64.9368,49187396
2017-06-12,63.9487,64.5859,62.9144,64.4381,47761743
2017-06-13,64.6597,65.3985,64.6043,65.2415,25258614
2017-06-14,65.4816,65.6570,64.1149,64.8906,25510685
2017-06-15,63.9671,64.8352,63.5331,64.5489,26068709
2017-06-16,64.3919,64.6645,63.9210,64.6413,48345085
2017-06-19,65.1030,65.5139,64.9645,65.4447,23798268
2017-06-20,65.3985,65.4447,64.5212,64.5581,21512231
2017-06-21,64.8352,65.2138,64.5859,64.8906,19891051
2017-06-22,65.1399,65.1861,64.3735,64.8814,22965738
2017-06-23,64.7244,65.7956,64.5674,65.7586,27617291
2017-06-26,65.9341,66.2204,65.0522,65.1307,19606974
2017-06-27,64.7428,64.8075,63.8840,63.9117,25215128
2017-06-28,63.9117,64.4944,63.5239,64.4566,25806200
2017-06-29,64.0687,64.1703,62.8775,63.2469,28918715
2017-06-30,63.5147,64.0687,63.4777,63.6532,24161068
2017-07-03,64.0226,64.2719,62.8128,62.9513,16165500
2017-07-05,63.0298,64.1241,62.9975,63.7917,21176272
2017-07-06,63.0437,63.5147,62.9052,63.3207,21117572
2017-07-07,63.4408,64.4935,63.4408,64.1426,16878317
2017-07-10,64.1426,64.8721,63.9025,64.6228,15014503
2017-07-11,64.6413,65.2692,64.4104,64.6320,17460022
2017-07-12,65.2784,65.8233,65.1492,65.7032,17750925
2017-07-13,66.0264,66.5250,65.8510,66.2758,20269816
2017-07-14,66.7098,67.6609,66.4512,67.2084,25868086
2017-07-17,67.2269,67.8271,67.1530,67.7348,21803907
2017-07-18,67.4947,67.7717,67.0976,67.6886,26435296
2017-07-19,67.8733,68.3720,67.8271,68.2058,22416222
2017-07-20,68.5013,68.6121,67.6702,68.5382,42361025
2017-07-21,67.8271,68.6028,67.5686,68.1411,46717082
2017-07-24,67.9010,68.1042,67.5316,67.9657,21394826
2017-07-25,68.1504,68.6213,67.8733,68.5105,22018681
2017-07-26,68.6490,68.6860,68.1596,68.3812,16252233
2017-07-27,68.1134,68.7229,66.7837,67.5593,36844220
2017-07-28,67.1069,67.6979,66.9868,67.4485,18306680
2017-07-31,67.6886,67.8179,66.8668,67.1346,23600054
2017-08-01,67.5039,67.7994,66.9406,67.0237,20823890
2017-08-02,66.9960,67.0053,65.9756,66.7282,26499158
2017-08-03,66.6636,66.8945,66.3450,66.6267,18214424
2017-08-04,66.8575,67.4485,66.7098,67.1161,22578952
2017-08-07,67.2269,67.3193,66.7282,66.8575,18705681
2017-08-08,66.5713,67.5316,66.2573,67.2177,22044587
2017-08-09,66.7190,66.9591,66.5343,66.9222,22213410
2017-08-10,66.3958,66.6636,65.8879,65.9433,24734461
2017-08-11,66.1280,67.1346,65.8233,66.9499,21443675
2017-08-14,67.4670,68.0765,67.3654,67.9564,20096592
2017-08-15,68.3184,68.3184,67.8078,67.9749,19181402
2017-08-16,68.0863,68.7919,67.9285,68.3741,18150402
2017-08-17,68.3091,68.5783,67.2136,67.2136,22977519
2017-08-18,67.0930,67.6221,66.7773,67.2972,18761491
2017-08-21,67.2786,67.2879,66.5638,66.9815,17734767
2017-08-22,67.1672,67.9935,67.1672,67.9192,14343674
2017-08-23,67.7335,67.9099,67.3343,67.5107,13766507
2017-08-24,67.5293,67.6407,66.9073,67.4829,17098282
2017-08-25,67.6407,68.0956,67.2879,67.6036,12794301
2017-08-28,67.8264,67.8542,67.3529,67.6128,14569715
2017-08-29,67.0744,67.9192,66.8887,67.8171,11478382
2017-08-30,67.7799,68.8939,67.6122,68.7083,16897801
2017-08-31,68.7269,69.5903,68.5134,69.4139,27652811
2017-09-01,69.3582,69.3860,68.3648,68.6433,21736161
2017-09-05,68.0863,68.5969,67.7521,68.3370,22242384
2017-09-06,68.4576,68.7362,68.0956,68.1420,16535785
2017-09-07,68.4019,69.2560,68.3277,69.0147,17471200
2017-09-08,69.0054,69.1075,68.5505,68.6805,14703816
2017-09-11,68.9868,69.5763,68.9868,69.4046,17910383
2017-09-12,69.4046,69.8502,69.0425,69.3303,14394850
2017-09-13,69.5624,69.8409,69.2096,69.8223,13380802
2017-09-14,69.6274,70.0823,69.1818,69.4139,15733914
2017-09-15,69.4696,69.9895,68.7640,69.9152,38578441
2017-09-18,69.8409,70.5279,69.6645,69.7759,23306959
2017-09-19,69.8223,70.2865,69.6367,70.0359,16093344
2017-09-20,69.9523,70.1380,68.9868,69.5717,21587878
2017-09-21,69.7295,69.8502,68.8011,68.8940,19186140
2017-09-22,68.6897,69.1725,68.5598,69.0797,14111365
2017-09-25,68.7826,68.9311,67.6964,68.0120,24149163
2017-09-26,68.3927,68.5226,67.7614,68.0120,18019577
2017-09-27,68.2813,68.8568,67.9285,68.5598,19565135
2017-09-28,68.2720,68.6712,68.0585,68.5783,10883787
2017-09-29,68.6433,69.1957,68.5876,69.1539,17079114
2017-10-02,69.3582,69.6367,68.9729,69.2653,15304762
2017-10-03,69.3210,69.5160,68.8801,68.9404,12190403
2017-10-04,68.6990,69.3674,68.4298,69.3396,13317681
2017-10-05,69.8316,70.6672,69.5903,70.5279,21195261
2017-10-06,70.2494,70.5836,70.1287,70.5558,13959814
2017-10-09,70.5279,71.0664,70.4258,70.8250,11386502
2017-10-10,70.8621,71.1406,70.6857,70.8250,13944545
2017-10-11,70.8900,70.9828,70.5093,70.9457,15388898
2017-10-12,71.0107,71.7533,70.8992,71.5955,16876538
2017-10-13,72.0319,72.2918,71.7533,71.9390,15335742
2017-10-16,71.8740,72.2361,71.8090,72.0876,12380093
2017-10-17,71.9205,72.0597,71.7162,72.0319,16823989
2017-10-18,72.1061,72.2732,71.8276,72.0504,13300701
2017-10-19,72.0133,72.3475,71.8090,72.3289,15092758
2017-10-20,72.7096,73.3130,72.6167,73.1645,22866426
2017-10-23,73.3316,73.6565,73.1180,73.1830,20627173
2017-10-24,73.2480,73.5265,72.8395,73.2109,17517182
2017-10-25,72.9509,73.4337,72.4218,72.9974,20410808
2017-10-26,73.5265,73.7308,73.1088,73.1180,32120717
2017-10-27,78.3262,80.0251,77.6206,77.8063,71066729
2017-10-30,77.7042,78.2844,77.1518,77.8806,31756653
2017-10-31,78.3169,78.3169,77.1564,77.2214,27086575
2017-11-01,77.6856,77.7599,76.9429,77.2214,22307371
2017-11-02,77.3792,78.4097,77.1657,78.0291,23992945
2017-11-03,78.0569,78.4840,77.4257,78.1126,17633543
2017-11-06,78.1683,78.6325,78.0593,78.4190,19860852
2017-11-07,78.6975,78.8182,77.9177,78.2333,17939727
2017-11-08,78.1126,78.5490,77.8249,78.5026,17593880
2017-11-09,78.0848,78.2333,76.9615,78.0662,21171550
2017-11-10,77.7877,78.0709,77.2678,77.8620,19397793
2017-11-13,77.6670,77.9270,77.4814,77.9177,14196896
2017-11-14,77.5185,78.0755,77.0357,78.0291,18801280
2017-11-15,77.8829,78.0881,77.1551,77.4257,19383102
2017-11-16,77.5376,77.8362,77.3883,77.6309,20962750
2017-11-17,77.5563,77.5563,76.7352,76.8845,22078993
2017-11-20,76.8845,77.0618,76.7445,77.0058,16314978
2017-11-21,77.2017,78.2281,77.2017,78.1161,21237454
2017-11-22,78.2188,78.2841,77.4816,77.5470,20553089
2017-11-24,77.4536,77.8455,77.2390,77.6869,7425603
2017-11-27,77.7336,78.3587,77.7242,78.2561,18265242
2017-11-28,78.4427,79.3664,78.3960,79.1985,21925959
2017-11-29,79.0399,79.2332,77.6076,77.7616,27381109
2017-11-30,77.9202,78.8626,77.7616,78.5360,33054647
2017-12-01,78.0042,79.1332,77.6496,78.6200,29532132
2017-12-04,78.7693,78.7785,75.2983,75.6528,39094880
2017-12-05,75.8954,77.1457,75.5596,76.1287,26152261
2017-12-06,76.0914,77.5749,75.9794,77.2390,26162054
2017-12-07,77.0151,77.2577,76.5113,76.9685,23184547
2017-12-08,78.0321,78.9186,77.7522,78.5267,24489106
2017-12-11,78.6480,79.6557,78.4894,79.5251,22857854
2017-12-12,79.5997,80.2902,79.3851,79.8516,23924105
2017-12-13,80.0009,80.2435,79.4691,79.6370,22062679
2017-12-14,79.7117,80.1259,78.8719,79.0212,19305961
2017-12-15,79.5530,81.2606,79.1985,81.0366,53936687
2017-12-18,81.2885,81.6430,80.4581,80.5981,22283752
2017-12-19,80.5701,80.5701,79.5624,80.0849,23524787
2017-12-20,80.4301,80.5234,79.0399,79.7956,23674931
2017-12-21,80.2902,80.3368,79.6837,79.7770,17990745
2017-12-22,79.6837,79.8983,79.2358,79.7863,14145841
2017-12-26,79.5997,79.8093,79.3384,79.6837,9891237
2017-12-27,79.9169,80.2248,79.5111,79.9729,14678025
2017-12-28,80.1502,80.1782,79.8236,79.9823,10594344
2017-12-29,79.8983,80.2902,79.7770,79.8143,18717406
2018-01-02,80.3601,80.5328,79.7770,80.1969,22483797
2018-01-03,80.2948,80.7194,80.2155,80.5701,26061439
2018-01-04,80.7940,81.7924,80.7754,81.2792,21911974
2018-01-05,81.7924,82.4922,81.5778,82.2869,23407110
2018-01-08,82.2963,82.6508,81.7407,82.3709,22113049
2018-01-09,82.7161,82.7882,81.9790,82.3149,19484317
2018-01-10,81.9790,82.2869,81.5591,81.9417,18652201
2018-01-11,82.2309,82.2309,81.4005,82.1843,17808877
2018-01-12,82.7348,83.7705,82.5295,83.6025,24271531
2018-01-16,84.0691,84.7129,82.1193,82.4362,36599736
2018-01-17,83.1173,84.2370,82.8094,84.1064,25621164
2018-01-18,83.7892,84.6009,83.6585,84.0691,24159683
2018-01-19,84.1064,84.5449,83.6585,83.9758,36875013
2018-01-22,83.9758,85.4873,83.7332,85.4780,23601555
2018-01-23,85.7486,86.1218,85.4127,85.7486,23412841
2018-01-24,86.3551,87.1762,85.4500,85.6739,33277483
2018-01-25,86.2758,86.9989,85.7766,86.1498,26383238
2018-01-26,86.8869,87.7640,86.3831,87.7640,29172167
2018-01-29,88.7717,89.0610,87.4468,87.6334,31569940
2018-01-30,87.0549,87.3908,85.9352,86.5324,38635053
2018-01-31,87.4748,89.0143,87.2508,88.6504,48756338
2018-02-01,88.4451,89.6395,87.3173,87.9506,47227882
2018-02-02,87.3721,87.6800,85.3754,85.6366,47867753
2018-02-05,84.4983,86.9989,82.1096,82.1096,51031465
2018-02-06,81.0739,85.3520,79.5437,85.2167,67998564
2018-02-07,84.4330,85.6273,83.2293,83.6119,41107592
2018-02-08,83.7052,83.8591,79.0865,79.3198,55628657
2018-02-09,80.5234,82.9774,78.2188,82.2776,63499065
2018-02-12,82.7954,83.7705,82.0439,83.1640,35720341
2018-02-13,82.9774,83.9758,81.9230,83.8171,26407702
2018-02-14,82.9675,85.2922,82.8737,85.1234,34960912
2018-02-15,85.4984,86.9138,84.9453,86.8576,27823866
2018-02-16,86.6607,87.6450,86.0514,86.2389,30596919
2018-02-20,85.7468,87.2325,85.3109,86.9138,30911725
2018-02-21,87.1575,87.5133,85.7609,85.7609,26922503
2018-02-22,86.2858,86.9232,85.6390,85.9858,24392753
2018-02-23,86.9420,88.1793,86.5764,88.1699,26329226
2018-02-26,88.4886,89.4729,88.3480,89.4448,30199846
2018-02-27,89.7447,89.8385,88.3012,88.3012,25869119
2018-02-28,88.9011,89.7119,87.7668,87.8981,31167338
2018-03-01,88.1043,88.6480,86.0889,87.0357,37135561
2018-03-02,85.8452,87.3169,85.1703,87.2232,32830389
2018-03-05,86.5576,88.3668,86.4826,87.7762,23901578
2018-03-06,88.4324,88.5730,87.1210,87.4763,22175776
2018-03-07,87.3263,88.0580,86.6420,87.9824,26716127
2018-03-08,88.3668,89.1448,87.8934,88.5167,25887828
2018-03-09,89.3229,90.4946,89.0511,90.4946,36937254
2018-03-12,90.4571,91.1227,90.0259,90.7102,26073742
2018-03-13,90.9258,91.1508,88.0856,88.4980,35387817
2018-03-14,89.1635,89.4354,87.6450,87.9731,32131981
2018-03-15,87.6731,88.6574,87.0169,88.2824,27610998
2018-03-16,88.7511,89.4073,88.0387,88.6761,49081279
2018-03-19,87.8700,88.0199,86.3420,87.0732,33344085
2018-03-20,87.2232,87.8981,87.1763,87.2982,23075240
2018-03-21,87.1107,88.1605,86.4358,86.6889,24457082
2018-03-22,85.5499,86.0046,84.0454,84.1673,38604715
2018-03-23,83.8955,84.7954,81.6270,81.7207,44068949
2018-03-26,84.9360,88.1137,84.7391,87.9075,56396780
2018-03-27,88.9948,89.1814,82.9675,83.8673,56569011
2018-03-28,84.1954,85.5171,83.3077,83.7924,52501146
2018-03-29,84.5329,86.5108,82.8644,85.5546,45867548
2018-04-02,84.8047,85.1891,82.0301,82.9768,48515417
2018-04-03,83.9658,84.4110,82.3863,84.0923,37213837
2018-04-04,82.3488,86.9513,82.2363,86.5483,35559956
2018-04-05,86.6467,87.2372,85.6765,86.5951,29771881
2018-04-06,85.7609,86.6701,83.8767,84.5798,38026000
2018-04-09,85.3390,87.3357,84.9453,85.0859,31533943
2018-04-10,86.6045,87.4388,85.9015,87.0638,26939883
2018-04-11,86.2483,87.4481,85.7515,86.1077,24872110
2018-04-12,86.6420,88.2637,86.6420,87.7200,26758879
2018-04-13,88.1605,88.2824,86.6514,87.2513,23346063
2018-04-16,88.1793,88.7323,87.5700,88.2730,20288083
2018-04-17,89.0511,90.4946,88.9386,90.0541,26771000
2018-04-18,90.1947,90.6633,89.5385,90.4009,21043287
2018-04-19,90.4009,90.9914,89.3698,90.0915,23552541
2018-04-20,89.9041,90.0915,88.1605,89.0511,31154377
2018-04-23,89.7481,90.2603,88.7042,89.3791,22331829
2018-04-24,90.2153,90.4290,86.6232,87.2888,34524799
2018-04-25,87.4575,87.4575,84.6266,86.5295,33729257
2018-04-26,87.6919,89.1917,87.2700,88.3574,42529043
2018-04-27,91.4882,91.7695,88.0293,89.8197,48272780
2018-04-30,90.2978,90.3600,87.3169,87.6637,41523605
2018-05-01,87.3731,89.3229,86.9794,89.0511,31408927
2018-05-02,89.0417,89.2104,87.3544,87.6544,27471002
2018-05-03,87.1388,88.9808,86.6607,88.1793,31142497
2018-05-04,87.4763,89.3979,87.1013,89.2010,22531325
2018-05-07,89.2104,90.6540,89.1448,90.1947,24242019
2018-05-08,89.8437,90.1384,89.1102,89.8103,23484589
2018-05-09,89.9978,90.8977,89.0979,90.8696,27327410
2018-05-10,91.3570,91.8163,90.9727,91.7788,22388119
2018-05-11,91.6757,91.7413,90.9633,91.5820,16778316
2018-05-14,91.7882,92.5100,91.2164,91.8913,19454124
2018-05-15,91.1508,91.7226,90.3071,91.2258,24594010
2018-05-16,91.6578,91.6955,90.9565,91.4601,17384742
2018-05-17,91.0930,91.8274,90.2174,90.5469,17246716
2018-05-18,90.3869,91.2530,90.3869,90.7164,17865840
2018-05-21,91.3189,92.2698,91.1306,91.8838,19422467
2018-05-22,91.9591,92.4204,91.5072,91.7896,15441189
2018-05-23,91.0459,92.9476,90.6787,92.8817,21251222
2018-05-24,92.9429,93.1453,91.1400,92.5522,26649287
2018-05-25,92.5428,93.1829,92.1285,92.5993,18363918
2018-05-29,92.1097,93.0888,91.5354,92.2698,28670981
2018-05-30,92.5522,93.4371,92.1756,93.1547,22158528
2018-05-31,93.4748,94.1338,92.8346,93.0511,34140891
2018-06-01,93.4652,94.9528,93.3618,94.8869,28655624
2018-06-04,95.3294,95.8943,94.9444,95.7154,27281623
2018-06-05,96.0261,96.3367,95.5836,96.2049,23514402
2018-06-06,96.4780,96.5909,95.9319,96.4874,21122917
2018-06-07,96.6380,96.6757,94.5009,94.9717,28232197
2018-06-08,95.1716,95.9790,94.6516,95.6777,22165128
2018-06-11,95.4330,95.6401,94.7740,95.1317,23490894
2018-06-12,95.1788,95.5076,94.8493,95.3765,18325228
2018-06-13,95.7625,96.0355,94.6704,94.9434,29492875
2018-06-14,95.6966,96.0543,95.0846,95.4800,25691811
2018-06-15,95.5648,95.5836,94.2091,94.2656,65738585
2018-06-18,94.1526,95.1882,93.5972,94.9528,23586037
2018-06-19,93.8137,95.0846,93.6725,94.9528,28653087
2018-06-20,95.4330,96.5156,95.1976,95.9037,26180792
2018-06-21,96.0967,96.4591,94.9717,95.2164,23198188
2018-06-22,94.5292,94.8681,93.7902,94.5292,38923105
2018-06-25,94.1432,94.2468,91.6013,92.6275,35433333
2018-06-26,93.0323,94.2185,92.9664,93.2771,26897244
2018-06-27,93.7478,94.1620,91.6955,91.8273,31298386
2018-06-28,91.6767,93.3053,91.5637,92.8534,26650671
2018-06-29,93.1359,94.0585,92.5710,92.8346,28053214
2018-07-02,92.3545,94.1997,92.2603,94.1526,18850112
2018-07-03,94.5951,94.7363,93.1453,93.2488,14670275
2018-07-05,93.6725,94.0679,93.2299,93.9173,18977402
2018-07-06,94.0349,95.4895,93.8325,95.2353,19234627
2018-07-09,95.6920,96.2614,95.3209,95.8849,18211980
2018-07-10,96.0261,96.5062,95.8943,96.1390,19293140
2018-07-11,95.2258,96.3462,95.1788,96.0072,19644648
2018-07-12,96.7510,98.2949,96.7133,98.0878,24335929
2018-07-13,98.2573,99.4152,97.9937,99.2552,24653500
2018-07-16,99.2269,99.6223,98.3938,98.7656,21786912
2018-07-17,98.4832,100.2625,98.2102,99.7447,25901726
2018-07-18,99.7353,99.8389,98.5821,98.9633,29493927
2018-07-19,98.7845,99.1422,97.8054,98.2855,40171646
2018-07-20,101.7500,101.8629,99.8671,100.0460,56038827
2018-07-23,100.0742,101.8065,99.9142,101.6464,29706955
2018-07-24,102.2113,102.4466,100.9780,101.3546,26316619
2018-07-25,101.6323,104.6402,101.2981,104.3389,30798058
2018-07-26,104.2542,104.4990,103.0868,103.1998,31372110
2018-07-27,103.7270,103.7270,99.9236,101.3734,37005292
2018-07-30,100.9121,101.2322,98.6244,99.1987,34668327
2018-07-31,100.2531,100.4696,99.2081,99.8671,27655152
2018-08-01,99.8200,100.2117,99.2458,100.0554,23628699
2018-08-02,99.2269,101.7594,98.6997,101.2698,26104258
2018-08-03,101.4864,101.7217,100.5638,101.7123,18659599
2018-08-06,101.7876,102.0701,101.2595,101.7970,20265947
2018-08-07,102.2019,102.7102,101.8347,102.5031,16080214
2018-08-08,102.9268,103.3222,102.3901,103.0774,15487502
2018-08-09,103.2845,103.7082,103.1810,103.2469,13677211
2018-08-10,103.0115,103.2657,102.0324,102.6161,18183724
2018-08-13,102.8420,103.1621,101.7688,101.8724,18474884
2018-08-14,102.2019,103.3222,101.7123,103.1433,16788314
2018-08-15,102.5344,103.0022,100.9561,101.7500,29982806
2018-08-16,102.3548,102.8841,101.4097,101.7311,21384289
2018-08-17,101.4664,101.9768,100.8332,101.6744,18061512
2018-08-20,101.6082,101.9768,100.6347,101.0033,17914201
2018-08-21,101.0506,101.4570,100.0393,100.1622,22881861
2018-08-22,100.0393,101.4475,99.9732,101.1829,18000639
2018-08-23,101.2680,102.2414,101.0033,101.6555,18167723
2018-08-24,101.7594,102.6006,101.6555,102.4494,17234020
2018-08-27,103.2716,103.6213,102.5533,103.5835,19662331
2018-08-28,103.9048,104.4341,103.7630,104.2072,19151528
2018-08-29,104.3868,105.8801,104.2167,105.8706,20818044
2018-08-30,105.5398,106.4282,105.3225,105.8045,22798702
2018-08-31,105.5540,106.5861,105.3934,106.1636,23222713
2018-09-04,104.7649,105.8092,104.1694,105.5776,22634641
2018-09-05,104.9161,105.3036,102.1658,102.5344,32872352
2018-09-06,102.3076,103.0070,101.6082,102.7707,23477624
2018-09-07,102.2887,102.7563,101.3436,102.2698,22498646
2018-09-10,102.8652,103.6213,102.4115,103.3756,20727906
2018-09-11,102.9219,105.4642,102.9125,105.1334,24301774
2018-09-12,105.3130,105.7100,104.4435,105.5776,18891064
2018-09-13,105.9651,107.4820,105.9651,106.7118,26055620
2018-09-14,107.1371,107.4868,106.2676,107.1465,19122349
2018-09-17,107.4490,107.4584,105.7194,105.9840,20736516
2018-09-18,106.0313,107.4537,105.5871,106.9953,22170934
2018-09-19,106.8441,107.0993,104.9397,105.5682,21728429
2018-09-20,106.1164,107.5529,105.7856,107.3355,23714512
2018-09-21,107.7419,108.9611,107.2788,107.9877,71229698
2018-09-24,106.8252,108.5925,106.0573,108.3752,27334460
2018-09-25,108.4980,108.7816,107.5057,108.1672,22668014
2018-09-26,108.1861,108.7390,107.4962,107.7230,19352025
2018-09-27,108.4791,108.6020,107.9310,108.1294,19091299
2018-09-28,107.9215,108.2806,107.4395,108.0916,21647811
2018-10-01,108.4508,109.3297,108.4319,109.2636,18883079
2018-10-02,108.9706,109.4809,108.1578,108.8288,20787239
2018-10-03,109.0840,109.8023,108.6209,108.8477,16648018
2018-10-04,108.3185,108.4591,105.5020,106.5984,34821717
2018-10-05,106.4471,106.9575,104.5664,105.9746,29068859
2018-10-08,105.5304,105.8801,103.3377,104.7649,29640588
2018-10-09,105.0389,106.8724,104.7176,106.0975,26198594
2018-10-10,105.1334,105.3792,99.9826,100.3323,61376315
2018-10-11,99.5668,102.9503,98.4799,100.0960,63904282
2018-10-12,103.0259,105.1334,101.2396,103.5551,47742109
2018-10-15,102.9314,103.4701,101.0759,101.6933,32068103
2018-10-16,103.5268,105.2941,102.9692,104.9066,31610164
2018-10-17,105.5493,105.6722,103.5345,104.6325,26548243
2018-10-18,104.0560,104.4624,101.9106,102.5439,32506192
2018-10-19,102.9503,104.7743,102.2698,102.6951,32785475
2018-10-22,103.3188,104.4719,102.2981,103.6118,26545607
2018-10-23,101.8539,102.9881,99.3400,102.1658,43770429
2018-10-24,102.4588,102.5344,96.0133,96.7031,63897759
2018-10-25,100.7009,103.2716,100.3229,102.3548,61646819
2018-10-26,99.8881,102.7801,99.0092,101.0884,55523104
2018-10-29,102.1705,102.7329,96.0510,98.1491,55162001
2018-10-30,97.9696,98.6500,94.6144,98.0357,65350878
2018-10-31,99.6471,102.2036,99.6046,100.9466,51062383
2018-11-01,101.1735,101.4286,99.7369,100.1055,33384201
2018-11-02,100.6347,101.4286,99.2124,100.3323,37680194
2018-11-05,100.5308,101.8256,100.0866,101.6082,27922144
2018-11-06,101.4853,102.8652,100.4457,101.8067,24340248
2018-11-07,103.4323,106.0786,103.3945,105.8139,37901704
2018-11-08,105.6627,106.0502,104.8216,105.6155,25644105
2018-11-09,104.7649,105.3319,102.7896,103.5551,32039223
2018-11-12,103.4134,103.9237,100.2756,101.0033,33621807
2018-11-13,101.6460,102.7707,100.7860,101.0695,35374583
2018-11-14,102.6135,102.7654,99.1678,99.6424,39495141
2018-11-15,99.6614,102.3288,98.6362,101.8351,38505165
2018-11-16,101.6453,103.3539,101.3795,102.7939,33502121
2018-11-19,102.7749,103.0502,98.2945,99.3102,44773899
2018-11-20,96.6333,97.7439,94.3103,96.5478,64052457
2018-11-21,98.3419,99.1298,97.0509,97.8768,28130621
2018-11-23,96.9845,98.5412,96.8231,97.8388,13823099
2018-11-26,99.4715,101.2181,99.2722,101.0663,32336165
2018-11-27,100.8764,101.8826,100.0126,101.7023,29124486
2018-11-28,102.4142,105.6796,102.3857,105.4803,46788461
2018-11-29,104.7304,105.4755,103.4963,104.5975,28123195
2018-11-30,105.0816,105.3379,103.8096,105.2619,33665624
2018-12-03,107.2648,107.6635,105.1100,106.4010,34732772
2018-12-04,106.2586,106.9205,102.7194,103.0122,45196984
2018-12-06,100.4492,103.6957,99.6709,103.6482,49107431
2018-12-07,102.8793,103.8950,99.0064,99.5000,45044937
2018-12-10,99.4810,102.4996,98.6172,102.1294,40801525
2018-12-11,104.2272,105.3189,101.9870,103.0787,42381947
2018-12-12,105.2619,105.6226,103.5058,103.5438,36183020
2018-12-13,104.0184,105.2429,103.1166,103.8950,31333362
2018-12-14,102.7559,103.7147,100.1455,100.6486,47043136
2018-12-17,100.0601,100.4303,96.5478,97.6680,56957314
2018-12-18,98.4843,99.2057,97.3167,98.6931,49319196
2018-12-19,98.3894,101.4555,96.2061,98.4274,68198186
2018-12-20,97.8198,99.0159,93.7666,96.3580,70334184
2018-12-21,96.4719,97.7724,92.5135,93.2445,111242070
2018-12-24,92.7224,92.9977,89.2102,89.3526,43935192
2018-12-26,90.3113,95.5796,89.1912,95.4562,51634793
2018-12-27,94.2602,96.0542,91.5073,96.0447,49498509
2018-12-28,96.9086,97.2123,94.4690,95.2948,38169312
2018-12-31,96.1492,97.2028,95.3423,96.4150,33173765
2019-01-02,94.4975,96.5858,93.9184,95.9878,35329345
2019-01-03,95.0196,95.1002,92.2667,92.4566,42578410
2019-01-04,94.6588,97.3072,93.9089,96.7567,44060620
2019-01-07,96.4814,98.0269,95.8549,96.8801,35656136
2019-01-08,97.8103,98.6931,96.5511,97.5825,31514415
2019-01-09,98.5887,99.5570,98.0045,98.9779,32280840
2019-01-10,97.9812,98.4843,97.1838,98.3419,30067556
2019-01-11,97.9527,98.1900,96.4814,97.5825,28314202
2019-01-14,96.7282,97.6505,96.1207,96.8706,28437079
2019-01-15,97.3072,99.7183,96.7092,99.6804,31587616
2019-01-16,99.9177,100.8622,99.6329,100.0316,29853865
2019-01-17,99.6709,101.2134,99.4430,100.7340,28393015
2019-01-18,102.0060,102.4237,100.5347,102.2433,37427587
2019-01-22,101.3320,101.6643,99.5380,100.3164,32371253
2019-01-23,100.7340,101.6073,99.9936,101.2941,25874294
2019-01-24,101.4365,101.5694,99.9936,100.8100,23164838
2019-01-25,101.7972,102.4047,101.1802,101.7307,31218193
2019-01-28,100.8669,101.0758,99.3481,99.7468,29476719
2019-01-29,99.5570,99.6424,96.9845,97.7154,31490547
2019-01-30,99.3102,100.9808,99.0349,100.9808,49471866
2019-01-31,98.5318,99.8797,97.9432,99.1298,55636391
2019-02-01,98.5080,98.8165,97.1554,97.5635,35535690
2019-02-04,97.6490,100.4303,97.5540,100.3733,31315282
2019-02-05,100.6771,101.8257,100.5821,101.7782,27325365
2019-02-06,101.5694,101.5694,100.1740,100.6486,20609759
2019-02-07,99.8465,100.2309,98.9969,99.9272,29760697
2019-02-08,99.0918,100.4113,98.9687,100.3069,21461093
2019-02-11,100.8100,101.1707,99.6376,99.9082,18914123
2019-02-12,100.7530,101.7023,100.1265,101.4649,25056595
2019-02-13,102.0440,102.3098,101.2941,101.3890,18394869
2019-02-14,100.9144,101.8446,100.2974,101.4744,21784703
2019-02-15,102.4332,102.8034,101.9134,102.7274,26606886
2019-02-19,102.3193,103.1451,102.3098,102.6800,18038460
2019-02-20,102.8253,102.9015,101.3285,102.1484,21607671
2019-02-21,101.9101,104.3696,101.8815,104.3029,29063231
2019-02-22,104.9130,106.0094,104.6938,105.7901,27763218
2019-02-25,106.5432,106.9436,106.0666,106.3811,23750599
2019-02-26,106.0666,107.9541,105.9808,107.1152,21536733
2019-02-27,106.4765,107.1152,105.7043,106.9341,21487062
2019-02-28,106.8101,107.6109,106.5146,106.8006,29083934
2019-03-01,107.6205,107.7444,106.4526,107.2773,23501169
2019-03-04,107.7444,107.9637,105.6280,107.0199,26608014
2019-03-05,107.0103,107.1438,106.0380,106.4860,19538318
2019-03-06,106.6481,107.4012,106.2286,106.5337,17686996
2019-03-07,106.2000,106.3430,104.7367,105.2372,25338954
2019-03-08,104.0646,105.5422,103.7214,105.3516,22818430
2019-03-11,105.8092,107.6777,105.7996,107.5633,26491618
2019-03-12,107.5537,108.6691,107.3916,108.3164,26132717
2019-03-13,108.8026,109.6320,108.4689,109.1553,35513771
2019-03-14,109.1934,109.8226,108.9932,109.2411,30763367
2019-03-15,109.9561,111.7769,109.2411,110.4995,54630661
2019-03-18,110.7474,112.1201,110.6330,112.0820,31207596
2019-03-19,112.5777,112.9114,111.5291,112.1583,37588697
2019-03-20,111.9104,113.2069,111.2622,112.0343,28113343
2019-03-21,111.6673,115.1803,111.6244,114.6083,29854446
2019-03-22,113.9219,114.0077,111.5767,111.5863,33624528
2019-03-25,111.1192,112.5015,110.8926,112.1678,27067117
2019-03-26,113.0830,113.1640,111.3956,112.4061,26097665
2019-03-27,112.3728,112.6921,110.1291,111.3194,22733427
2019-03-28,111.9581,112.0915,110.7092,111.4719,18334755
2019-03-29,112.5587,112.7970,111.5005,112.4347,25399752
2019-04-01,113.3976,113.5487,112.5873,113.4643,22789103
2019-04-02,113.5025,113.9029,112.9877,113.6264,18142297
2019-04-03,114.2651,114.8085,113.5883,114.3700,22860744
2019-04-04,114.4939,114.6178,112.8542,113.7885,20112848
2019-04-05,113.8171,114.6178,113.7980,114.2937,15826245
2019-04-08,114.2175,114.4176,113.1021,114.3318,15116186
2019-04-09,113.0925,113.9601,113.0449,113.7122,17611981
2019-04-10,114.1698,114.7322,113.9601,114.5797,16477169
2019-04-11,114.9134,115.2089,114.3223,114.7132,14209121
2019-04-12,115.0087,115.3328,114.7513,115.3042,19745143
2019-04-15,115.2947,115.9048,114.9420,115.3996,15792572
2019-04-16,115.9620,115.9716,114.4939,115.1326,14071787
2019-04-17,115.5807,116.1622,114.9134,116.0860,19300938
2019-04-18,116.4864,117.7543,115.6396,117.6113,27990998
2019-04-22,116.8963,118.2119,116.8486,117.9831,15648724
2019-04-23,118.3072,119.7181,118.0498,119.5847,24025521
2019-04-24,119.9183,119.9755,118.7076,119.1747,31256980
2019-04-25,123.9890,125.2378,122.8164,123.1215,38033892
2019-04-26,123.6458,124.4229,122.9975,123.8269,23654933
2019-04-29,123.8365,124.1034,123.3121,123.7125,16324183
2019-04-30,123.7507,124.5991,123.3548,124.5038,24166503
2019-05-01,124.4371,124.5515,121.7392,121.9108,26821692
2019-05-02,122.0061,122.0252,119.6609,120.3187,27350161
2019-05-03,121.4150,123.3884,121.3102,122.8831,24911126
2019-05-06,120.4903,122.5590,120.2234,122.1682,24239464
2019-05-07,120.5570,121.2434,118.4216,119.6609,36017661
2019-05-08,119.5847,120.4712,118.9269,119.6514,28418996
2019-05-09,118.4883,119.9183,117.8019,119.6418,27235835
2019-05-10,119.0794,121.9584,118.0403,121.1958,30915084
2019-05-13,118.3167,119.6895,117.2967,117.5922,33944923
2019-05-14,118.0879,120.0041,117.9259,118.9078,25266315
2019-05-15,118.8921,121.2363,118.3563,120.5761,24722708
2019-05-16,121.2746,123.7910,120.9971,123.3604,30112216
2019-05-17,122.7624,124.8243,122.3940,122.5375,25770539
2019-05-20,121.0545,122.0777,120.3280,120.7675,23706934
2019-05-21,121.9252,122.0183,121.1119,121.4181,15293260
2019-05-22,121.1502,122.7002,121.0545,122.1548,15396485
2019-05-23,120.7483,120.8344,119.3514,120.7292,23603810
2019-05-24,121.4277,121.9108,120.5283,120.7866,14123358
2019-05-28,121.4946,122.4706,120.6048,120.7101,23128359
2019-05-29,119.9638,119.9733,118.6816,119.5428,22763140
2019-05-30,119.8489,120.3273,119.3897,120.2986,16829613
2019-05-31,118.8634,119.2318,117.9927,118.3372,26646769
2019-06-03,118.4998,118.9974,113.8689,114.6631,37983637
2019-06-04,116.0409,117.9545,115.4402,117.8397,29382642
2019-06-05,119.5523,120.4326,118.8443,120.3943,24926140
2019-06-06,120.9780,122.4419,120.1742,122.2983,21458961
2019-06-07,123.6092,126.5370,122.7193,125.7237,33885588
2019-06-10,126.6805,128.2879,126.2978,126.8719,26477098
2019-06-11,128.0966,128.4410,125.6048,126.3935,23913731
2019-06-12,125.7237,126.2691,125.0635,125.8098,17092464
2019-06-13,126.2786,126.9388,125.8768,126.6040,17200848
2019-06-14,126.5465,128.0105,125.9533,126.7283,17821703
2019-06-17,126.9006,127.9530,126.8049,127.1111,14517785
2019-06-18,128.3932,129.3978,127.8000,129.3213,25934458
2019-06-19,129.1682,130.0580,128.0296,129.8284,23744441
2019-06-20,131.5123,131.7133,129.8571,131.0339,33042592
2019-06-21,130.6799,131.7802,130.5651,131.0531,36727892
2019-06-24,131.0818,132.4213,131.0818,131.8281,20628841
2019-06-25,131.3210,131.6463,126.9962,127.6660,33327420
2019-06-26,128.5463,129.8762,127.8287,128.1444,23657745
2019-06-27,128.3453,128.8907,127.7425,128.3549,16557482
2019-06-28,128.7568,128.7855,127.4036,128.1731,30042969
2019-07-01,130.7278,130.7947,129.1395,129.8188,22654160
2019-07-02,130.2398,130.6895,129.4935,130.6799,15237843
2019-07-03,130.8904,131.7898,130.4072,131.5219,13629296
2019-07-05,130.0676,131.3975,129.8571,131.1392,18141140
2019-07-08,130.5077,131.1775,129.5223,131.0435,16779748
2019-07-09,130.1250,131.0531,129.9336,130.5651,19953097
2019-07-10,131.2062,132.5935,131.1009,131.8951,24204362
2019-07-11,132.2299,133.2059,131.9142,132.4213,22327942
2019-07-12,132.8519,133.1198,132.0481,132.8997,18936832
2019-07-15,133.4164,133.5121,132.4787,132.8997,16651457
2019-07-16,132.9571,133.0432,130.6225,131.1583,22726128
2019-07-17,131.7515,131.9716,130.3355,130.3833,20210956
2019-07-18,129.6944,130.7182,128.8524,130.5268,30808707
2019-07-19,134.1627,134.5932,130.5555,130.7182,48992364
2019-07-22,131.4741,133.1772,131.3975,132.4500,25080760
2019-07-23,133.7226,133.9426,132.0673,133.2729,18034589
2019-07-24,132.8997,134.6602,132.8519,134.6411,20738275
2019-07-25,134.3636,134.5358,133.3030,134.1340,18356883
2019-07-26,134.3062,135.5548,134.2392,135.2343,19037600
2019-07-29,135.3874,135.3970,133.3459,134.9377,16605870
2019-07-30,134.0861,135.1194,133.7613,134.2871,16846528
2019-07-31,134.2679,134.4210,129.2447,130.3833,38598786
2019-08-01,131.0818,134.8500,131.0148,132.0960,40557502
2019-08-02,132.1247,132.3448,129.4169,130.9861,30791624
2019-08-05,127.5416,128.1442,125.1305,126.4987,42749551
2019-08-06,128.0200,129.8188,127.4555,128.8716,32696651
2019-08-07,128.0105,129.7901,126.1336,129.4361,33414539
2019-08-08,130.6991,132.9858,130.0580,132.8901,27496508
2019-08-09,132.6222,133.3590,130.5651,131.7611,23466701
2019-08-12,131.1488,131.9046,129.3978,129.9241,20484348
2019-08-13,130.1728,132.8040,129.1682,132.6127,25496593
2019-08-14,130.4694,131.0052,127.8956,128.1922,32527251
2019-08-15,128.5845,128.7663,126.5370,127.9052,28125416
2019-08-16,129.0534,130.5651,128.9003,130.2494,25026151
2019-08-19,131.8998,132.5648,130.9718,132.4309,24370543
2019-08-20,132.2395,132.7179,131.3114,131.3306,21188998
2019-08-21,132.5648,133.4676,132.0386,132.7945,14982314
2019-08-22,132.6701,133.1867,130.4025,131.8281,18709662
2019-08-23,131.2633,132.3735,127.0632,127.6277,38515386
2019-08-26,129.1586,129.7040,128.1157,129.5987,20325271
2019-08-27,130.4981,130.8139,128.8429,129.8762,23115635
2019-08-28,129.0534,129.8954,127.7808,129.7040,17410828
2019-08-29,131.3210,132.4596,130.9957,132.1534,20179716
2019-08-30,133.1389,133.1676,130.3833,131.9046,23946123
2019-09-03,130.7086,131.2731,129.8379,130.1633,18880773
2019-09-04,131.3688,131.7420,130.5842,131.6846,18015310
2019-09-05,133.1006,134.3193,132.7658,134.0000,26119520
2019-09-06,133.9809,134.1244,132.2299,133.0911,20390684
2019-09-09,133.5599,133.7130,130.5651,131.5793,25773932
2019-09-10,130.8904,130.9729,128.6993,130.2015,28903378
2019-09-11,130.0389,130.3833,129.2543,130.2398,24726117
2019-09-12,131.8951,132.4404,130.9574,131.5793,27009981
2019-09-13,131.8281,132.0960,130.6704,131.3880,23363057
2019-09-16,129.9623,130.7947,129.7997,130.4407,16731440
2019-09-17,131.0435,131.5793,130.5316,131.4549,17976285
2019-09-18,131.4262,132.6796,130.6320,132.5361,24473386
2019-09-19,134.2392,136.2198,134.0226,134.9760,36095413
2019-09-20,134.9186,135.5309,132.2778,133.4164,40040766
2019-09-23,133.2155,133.5982,132.4596,133.1293,17408374
2019-09-24,134.2966,134.6124,130.9670,131.4454,30016670
2019-09-25,131.5602,133.9120,130.1537,133.3398,22544054
2019-09-26,133.4164,134.1244,132.4596,133.5121,17813512
2019-09-27,134.0957,134.2966,130.7421,131.7802,22498958
2019-09-30,132.0864,133.2011,131.8281,133.0241,18430390
2019-10-01,133.6269,134.1914,131.0818,131.1488,22581929
2019-10-02,130.3642,130.4790,127.8094,128.8333,32001763
2019-10-03,129.1203,130.8426,127.4651,130.3929,26379798
2019-10-04,130.8426,132.2778,130.5268,132.1534,23839548
2019-10-07,131.2157,132.2108,131.1009,131.1966,16601284
2019-10-08,131.1583,131.8090,129.7614,129.8092,26783336
2019-10-09,131.5219,132.7083,131.0531,132.2682,20178482
2019-10-10,132.5074,133.6363,132.2778,133.0911,18396605
2019-10-11,134.0670,134.9377,133.4738,133.6460,25551065
2019-10-14,133.6556,134.2297,133.4929,133.5216,13591639
2019-10-15,134.0096,135.6649,133.7704,135.4591,19917762
2019-10-16,134.7081,134.8994,133.5025,134.3445,20841687
2019-10-17,134.8611,135.3108,133.0145,133.6556,22102797
2019-10-18,133.7226,133.9522,130.6608,131.4741,30650850
2019-10-21,132.4691,132.5170,131.0914,132.4500,20078066
2019-10-22,132.9667,133.9618,130.3738,130.4790,27935270
2019-10-23,130.9670,131.5123,129.7518,131.3114,31380309
2019-10-24,133.3685,134.3540,132.6796,133.8948,37278399
2019-10-25,133.3207,135.0429,133.1867,134.6507,25959724
2019-10-28,138.1621,139.3773,137.3106,137.9612,35280137
2019-10-29,137.8559,138.2578,136.4877,136.6599,20589469
2019-10-30,137.3201,138.7362,136.6217,138.3630,18496591
2019-10-31,138.6405,138.6692,136.8130,137.1766,24605135
2019-11-01,138.0282,138.1812,136.7891,137.5115,33128366
2019-11-04,138.5735,138.7362,137.9325,138.3056,16911999
2019-11-05,138.7075,138.7553,137.6885,138.2195,18250172
2019-11-06,138.1334,138.2769,137.0140,137.8368,16575798
2019-11-07,137.6263,138.6214,137.5593,138.0282,17786715
2019-11-08,137.7603,139.6834,137.5498,139.6547,16752939
2019-11-11,139.0615,140.0949,138.4779,139.7982,14370178
2019-11-12,139.9609,141.1952,139.7504,140.7168,18648712
2019-11-13,140.4010,141.0923,139.9609,140.9464,17444230
2019-11-14,140.6689,141.9989,140.6498,141.6640,19755100
2019-11-15,142.4964,143.5106,141.8649,143.4915,23508807
2019-11-18,143.5872,144.0464,142.5443,143.8455,21554762
2019-11-19,144.3622,144.7927,143.7068,143.8934,23960164
2019-11-20,144.3070,144.8159,142.5309,143.6446,25720060
2019-11-21,143.4334,143.8174,142.5703,143.5102,18576083
2019-11-22,144.0766,144.2974,142.8765,143.6158,15841680
2019-11-25,144.0094,145.3055,143.9326,145.1903,22428585
2019-11-26,145.3151,146.3328,145.2767,145.9583,24635100
2019-11-27,146.2464,146.4096,145.4687,146.2368,15201293
2019-11-29,146.0255,146.2176,145.2383,145.3343,11977300
2019-12-02,145.7471,145.7663,142.3965,143.5774,27473616
2019-12-03,141.5997,143.4622,140.7932,143.3470,25192145
2019-12-04,144.1438,144.1821,143.2414,143.8654,17580617
2019-12-05,144.0574,144.3166,143.5102,143.9422,17880601
2019-12-06,144.9599,145.8047,144.2686,145.6895,16410400
2019-12-09,145.0367,146.1311,144.8831,145.3151,16741350
2019-12-10,145.2479,145.8239,144.7439,145.0943,16481060
2019-12-11,145.4879,145.8047,144.3262,145.6415,18860001
2019-12-12,145.5935,147.3120,144.9887,147.1200,24645366
2019-12-13,146.9958,148.7041,146.7264,148.3585,23850062
2019-12-16,148.9153,149.6738,148.6369,149.3186,24152770
2019-12-17,149.2418,149.4914,148.2817,148.5121,25443527
2019-12-18,148.1377,149.2706,148.0225,148.2049,24132379
2019-12-19,147.8497,149.5490,147.6096,149.4914,25813825
2019-12-20,151.0659,152.1603,150.0482,151.1235,53599613
2019-12-23,151.8051,151.8051,150.9891,151.1235,17726283
2019-12-24,151.1907,151.4115,150.8403,151.0947,8989150
2019-12-26,151.2589,152.3908,151.1139,152.3332,14526927
2019-12-27,153.0820,153.1780,151.9011,152.6116,18414352
2019-12-30,152.6370,152.6692,150.4706,151.2963,16356720
2019-12-31,150.5090,151.4691,150.2018,151.4019,18393383
2020-01-02,152.4388,154.3109,152.0067,154.2053,22634546
2020-01-03,151.9971,153.5572,151.7475,152.2851,21121681
2020-01-06,150.8067,152.7460,150.2594,152.6788,19214320
2020-01-07,152.9572,153.2932,151.0371,151.2867,21881740
2020-01-08,152.5828,154.3781,151.6410,153.6964,27762026
2020-01-09,155.3718,155.7366,154.5989,155.6166,20485766
2020-01-10,156.3208,156.7014,154.7429,154.8965,20733946
2020-01-13,155.2997,156.7878,154.8197,156.7590,18666414
2020-01-14,156.8646,157.0663,155.2613,155.6550,23500783
2020-01-15,156.1254,157.3927,156.0774,156.6630,21417871
2020-01-16,157.7863,159.6008,157.4791,159.5336,23865360
2020-01-17,160.7337,160.7793,158.8232,160.4265,34371659
2020-01-21,160.0233,161.4730,159.7832,159.8504,29223486
2020-01-22,160.7145,160.8009,159.0632,159.0824,24138777
2020-01-23,159.5528,160.1385,158.6696,160.0617,19680766
2020-01-24,160.8201,160.8393,157.8823,158.4488,24918117
2020-01-27,154.7141,156.8502,153.8020,155.7990,32078067
2020-01-28,157.2391,159.1352,156.5603,158.8520,24899940
2020-01-29,161.1369,162.0106,159.0728,161.3289,35127771
2020-01-30,167.0989,167.0989,163.9691,165.8796,51597470
2020-01-31,165.3324,165.5148,162.8074,163.4315,36142690
2020-02-03,163.6235,167.5309,163.5947,167.4157,30149052
2020-02-04,170.0655,173.4257,169.2687,172.9265,36433339
2020-02-05,176.6803,176.8436,171.2849,172.7153,39186324
2020-02-06,173.7426,176.4786,172.8679,176.2963,27751381
2020-02-07,175.5427,178.2164,175.1922,176.5459,33529074
2020-02-10,176.2483,181.2982,175.9315,181.1638,35844267
2020-02-11,183.0360,183.0840,176.1715,177.0740,53159906
2020-02-12,178.1684,178.4277,174.5874,177.3332,47062921
2020-02-13,175.7683,178.7925,175.5686,176.3731,35295834
2020-02-14,175.9315,178.0052,175.3555,177.9476,23149516
2020-02-18,178.1924,180.2038,178.0916,179.7525,27853113
2020-02-19,181.0411,181.1566,179.5104,180.2902,29997471
2020-02-20,179.9725,180.2613,174.3408,177.5369,36862376
2020-02-21,176.3336,176.6513,170.6345,171.9245,48600385
2020-02-24,161.5083,168.0353,157.1378,164.5119,68311066
2020-02-25,167.6984,168.3145,161.3892,161.7972,68073295
2020-02-26,163.3759,166.7934,161.9319,163.8188,56387148
2020-02-27,157.2244,160.7960,152.0837,152.2763,93174906
2020-02-28,146.7216,157.5999,146.3269,155.9633,97073557
2020-03-02,159.1402,166.4661,156.2521,166.3410,71030810
2020-03-03,167.3133,168.4685,156.2040,158.3700,71677019
2020-03-04,162.1967,164.3290,159.4386,164.1846,49814383
2020-03-05,159.8477,164.4926,159.5060,160.0643,47817251
2020-03-06,156.5409,157.0223,150.1776,155.5397,72821057
2020-03-09,145.3643,151.8623,144.4016,144.9984,69857710
2020-03-10,152.2570,155.0199,146.8853,154.9140,65354385
2020-03-11,151.2658,151.8142,145.5087,147.8961,56029209
2020-03-12,139.8770,147.7421,133.4078,133.8699,93226366
2020-03-13,141.9949,155.8671,135.4776,152.9020,92727446
2020-03-16,134.7748,143.7758,129.9614,130.3657,87399210
2020-03-17,134.7748,141.9947,129.9614,141.0996,80354185
2020-03-18,132.8494,140.5509,129.9807,135.1599,81593173
2020-03-19,137.4414,144.5460,133.8121,137.3837,85922661
2020-03-20,140.5509,141.6098,130.7893,132.2237,84866215
2020-03-23,131.8964,135.3235,127.5740,130.9048,78975176
2020-03-24,138.3848,144.0165,135.9974,142.8035,82516727
2020-03-25,143.3523,148.5700,139.0491,141.4365,74361389
2020-03-26,142.8613,150.8130,142.8324,150.2835,64694427
2020-03-27,146.0863,149.1091,143.6314,144.1128,57042291
2020-03-30,146.7505,154.6060,144.4112,154.2498,63420326
2020-03-31,153.4507,158.6299,150.7167,151.8238,77527535
2020-04-01,147.2896,151.8623,145.1910,146.4328,57560617
2020-04-02,146.1922,149.6770,144.7481,149.4653,49316522
2020-04-03,149.3112,151.5061,146.5098,148.0886,41243284
2020-04-06,154.3364,160.2857,151.6987,159.1017,66199798
2020-04-07,163.2626,163.6551,157.1667,157.3881,62415153
2020-04-08,159.4867,160.4494,157.3977,158.9669,48107016
2020-04-09,160.1510,161.1233,157.2341,158.9765,51431775
2020-04-13,158.2160,159.3905,156.2425,159.3327,41905264
2020-04-14,162.6924,167.2652,161.7298,167.2170,52874338
2020-04-15,164.8103,167.0919,162.9235,165.4650,40940833
2020-04-16,167.7946,170.6634,166.4469,170.4324,50479610
2020-04-17,172.8006,173.2819,169.3060,171.9341,52765625
2020-04-20,170.0377,172.0785,168.4589,168.5263,36108430
2020-04-21,167.0245,167.1880,159.9105,161.5565,56203749
2020-04-22,164.9932,167.5058,164.4445,167.0437,33856446
2020-04-23,167.6117,168.5263,164.5312,165.0221,32269983
2020-04-24,165.6382,168.0449,164.3386,168.0353,34305320
2020-04-27,169.9992,170.2976,166.8320,167.5540,33110779
2020-04-28,168.9071,169.1135,163.0679,163.4722,33687238
2020-04-29,166.7549,171.0485,165.4650,170.8078,51286559
2020-04-30,173.2819,173.6670,169.6526,172.5214,53875857
2020-05-01,169.2386,171.9726,167.5155,168.0546,39370474
2020-05-04,167.9775,172.3192,167.3133,172.1652,30372862
2020-05-05,173.8787,176.7957,173.1856,174.0135,36839168
2020-05-06,175.2843,177.3251,174.8516,175.7271,32139299
2020-05-07,177.2963,177.6621,175.7656,176.7475,28315992
2020-05-08,178.0757,178.0953,176.5165,177.7872,30912638
2020-05-11,176.3143,180.5116,176.0255,179.7703,30394129
2020-05-12,179.9244,180.0591,175.4960,175.6982,32038199
2020-05-13,175.7367,177.1807,169.9510,173.0412,44711488
2020-05-14,170.9137,173.9461,169.1231,173.7921,41873911
2020-05-15,172.3770,180.0784,170.3939,176.3239,46267327
2020-05-18,178.8173,179.2505,177.0941,178.0086,35306620
2020-05-19,178.1242,179.6356,176.6416,176.7764,26799116
2020-05-20,178.4011,179.4050,177.5613,179.2216,31261334
2020-05-21,178.9706,180.1966,176.9338,177.0689,29119513
2020-05-22,176.8373,178.0632,176.2098,177.1462,20826898
2020-05-26,179.8780,180.0325,174.8197,175.2734,36073609
2020-05-27,173.9510,175.6767,170.4758,175.5051,39517146
2020-05-28,174.4722,177.7615,174.1247,175.1093,33831824
2020-05-29,176.3932,177.8798,174.1537,176.8952,42146720
2020-06-01,176.2098,176.6539,175.1673,176.4897,22668821
2020-06-02,177.8605,178.5845,175.0611,178.4976,30674990
2020-06-03,178.4059,179.4919,177.2137,178.9320,27236011
2020-06-04,177.9088,179.3954,175.9781,176.5766,28659255
2020-06-05,176.2870,181.2198,175.6982,180.7082,39893643
2020-06-08,179.4919,182.0114,178.0439,181.8280,33123035
2020-06-09,181.4805,184.0868,180.7666,183.2180,29783916
2020-06-10,184.4971,191.6356,184.3861,190.0139,43568260
2020-06-11,186.4326,188.9714,179.6174,179.8105,52645278
2020-06-12,183.9324,185.0715,178.7583,181.2295,43373587
2020-06-15,178.1791,184.2027,177.6288,182.3879,32770189
2020-06-16,186.2009,188.7976,184.8205,186.8573,42223147
2020-06-17,188.2667,189.5119,186.9731,187.5041,25687822
2020-06-18,187.2724,189.6760,187.2724,189.5119,22966814
2020-06-19,191.7032,192.3789,187.6296,188.3825,44441141
2020-06-22,189.0003,193.7980,188.4598,193.6146,32548040
2020-06-23,195.0818,196.8773,194.4399,194.9081,30917447
2020-06-24,194.6130,196.2016,189.7436,190.9792,36098536
2020-06-25,190.9406,193.6532,188.6890,193.3925,27803933
2020-06-26,192.8037,192.9581,188.1219,189.5216,54675780
2020-06-29,188.9907,191.6453,186.8380,191.5584,26012823
2020-06-30,191.0194,197.3117,190.8827,196.4526,34114256
2020-07-01,196.0954,199.1941,194.7729,197.6013,32071431
2020-07-02,198.5473,200.8062,197.8909,199.1072,29322547
2020-07-06,201.5915,203.8083,200.8738,203.3933,32033747
2020-07-07,203.1519,207.2256,200.7772,201.0282,33600749
2020-07-08,202.7851,205.8645,201.4530,205.4494,33602226
2020-07-09,208.8280,208.8763,204.1366,206.8877,33122280
2020-07-10,206.2120,206.6560,203.7601,206.2603,26178663
2020-07-13,207.0422,208.3164,199.3389,199.8891,38135816
2020-07-14,198.9817,201.6074,195.0239,201.1248,37598121
2020-07-15,202.2928,204.0014,197.9199,200.8255,32248893
2020-07-16,198.2771,198.5667,195.2942,196.8484,29940718
2020-07-17,197.3793,197.9295,194.4061,195.8444,31636070
2020-07-20,197.8909,204.9378,195.9699,204.2621,36884836
2020-07-21,206.2506,206.5209,200.8159,201.5109,38105972
2020-07-22,201.9453,204.9378,201.1634,204.4068,49605912
2020-07-23,200.0050,203.6056,195.1398,195.5162,67457035
2020-07-24,193.4698,195.8251,190.6607,194.3192,39826989
2020-07-27,194.4833,196.8966,193.8945,196.7808,28034595
2020-07-28,196.5491,197.6013,194.7440,195.0143,23184786
2020-07-29,195.4776,197.5531,195.0046,196.9835,19567643
2020-07-30,194.0779,197.3697,192.6492,196.8291,24586962
2020-07-31,197.3117,197.9875,192.1087,197.9006,51247969
2020-08-03,204.1848,210.0926,203.1423,209.0307,78569406
2020-08-04,206.7429,207.3221,203.0168,205.8934,49280056
2020-08-05,207.4476,207.5441,204.2331,205.5556,28762288
2020-08-06,204.9764,208.8671,204.2138,208.8473,32656843
2020-08-07,207.3993,208.2199,203.6153,205.1115,27820421
2020-08-10,204.3296,204.5323,199.1941,201.0282,36716462
2020-08-11,199.9712,200.4490,196.0954,196.3271,36195762
2020-08-12,198.1709,202.9878,197.6496,201.9356,27987943
2020-08-13,202.1770,204.0207,200.9317,201.4626,22499064
2020-08-14,201.5205,202.3218,200.3139,201.6557,17958936
2020-08-17,202.3314,203.8638,201.6702,202.9878,20063496
2020-08-18,203.2292,204.9957,201.9549,204.1559,21279183
2020-08-19,204.6524,205.2427,202.4848,202.9203,27352199
2020-08-20,202.7654,208.0489,202.1558,207.6425,26728802
2020-08-21,206.9458,209.2585,205.9684,206.1329,36249319
2020-08-24,207.8457,208.5521,205.5620,206.7813,25293273
2020-08-25,206.2103,209.6068,206.2103,209.4714,22718426
2020-08-26,210.8358,214.9097,210.3326,214.0001,37932444
2020-08-27,215.6838,223.6768,212.3066,219.2545,57283452
2020-08-28,220.8028,223.1871,219.2545,221.5092,26292896
2020-08-31,219.6609,221.3060,217.0579,218.2385,28531110
2020-09-01,218.2191,220.0964,217.1740,219.9222,24852756
2020-09-02,220.5996,225.3315,219.9996,224.1606,33919420
2020-09-03,221.8575,221.8962,208.0104,210.2745,57646145
2020-09-04,208.1457,211.3002,198.5561,207.3231,59664072
2020-09-08,199.8237,203.2396,195.6627,196.1079,51972576
2020-09-09,200.8881,207.8940,200.0172,204.4588,45314575
2020-09-10,206.5006,207.7973,197.5110,198.7302,35461514
2020-09-11,200.5011,201.8848,194.7338,197.4336,33620073
2020-09-14,197.6368,202.4364,197.4336,198.7690,30036222
2020-09-15,201.6816,202.9977,200.2398,202.0300,21424728
2020-09-16,203.8105,203.8395,198.0238,198.4206,26104087
2020-09-17,193.5822,197.7239,193.4952,196.3498,33863387
2020-09-18,196.2433,197.0659,189.9051,193.9113,54893550
2020-09-21,190.8147,196.1562,190.0309,195.9917,39103919
2020-09-22,198.4303,201.3720,195.5418,200.7140,33223556
2020-09-23,201.1784,201.3720,193.5629,194.1048,30620909
2020-09-24,193.3887,198.9238,192.7597,196.6207,31202493
2020-09-25,196.9691,202.2816,195.9917,201.1010,29437312
2020-09-28,204.0621,205.6975,201.3333,202.6687,31712857
2020-09-29,202.5816,203.2783,200.1237,200.5591,23965923
2020-09-30,201.0139,205.1265,199.8624,203.5299,33379041
2020-10-01,206.5877,207.0716,204.4879,205.5910,26875576
2020-10-02,201.2752,204.1685,198.8947,199.5237,33154781
2020-10-05,200.5204,203.6073,200.2882,203.5783,21131574
2020-10-06,202.0687,203.3847,198.1980,199.2528,28346773
2020-10-07,200.3656,203.3170,200.0366,203.0461,25363338
2020-10-08,203.7041,204.3621,201.5849,203.7718,19780782
2020-10-09,204.4008,208.8811,204.4008,208.8327,26458047
2020-10-12,211.7164,216.6225,209.8004,214.2420,40351878
2020-10-13,215.5193,217.9288,213.3033,215.6548,28708274
2020-10-14,215.7903,216.9708,212.0454,213.7194,23370504
2020-10-15,210.0810,213.2356,209.0262,212.5582,22641479
2020-10-16,213.0324,215.1032,212.2292,212.5582,26057882
2020-10-19,213.2888,215.1129,206.8103,207.2941,27466514
2020-10-20,208.8230,210.3423,206.2007,207.7102,22753511
2020-10-21,206.2297,209.9068,206.2297,207.8554,22724906
2020-10-22,207.0135,209.0698,204.8556,207.9425,22301122
2020-10-23,208.0779,209.2875,206.2684,209.2391,18879608
2020-10-26,206.9361,209.3455,201.3720,203.2880,36465546
2020-10-27,204.7491,207.7296,203.5289,206.3555,33431981
2020-10-28,200.9559,202.0881,195.5660,196.1272,50546799
2020-10-29,197.4723,200.6559,196.7949,198.1013,31432563
2020-10-30,196.9207,197.6852,193.1661,195.9240,36980111
2020-11-02,197.6852,198.6432,193.6500,195.7885,30842163
2020-11-03,197.2981,201.3913,196.5530,199.7560,27512030
2020-11-04,207.1006,211.2616,205.5509,209.3940,42311777
2020-11-05,214.8613,216.8740,214.0001,216.0709,35907522
2020-11-06,215.0742,217.1063,210.9809,216.4870,25231895
2020-11-09,217.1789,220.7447,210.8358,211.3293,44394950
2020-11-10,207.5651,209.5004,202.9396,204.1879,43859285
2020-11-11,205.5233,210.9906,205.3394,209.5488,29440788
2020-11-12,210.1874,212.0260,207.5264,208.4747,21616115
2020-11-13,209.3649,210.3907,207.2361,209.5101,18630307
2020-11-16,207.9231,210.7003,207.5844,210.2068,24953344
2020-11-17,209.1133,210.6423,207.1586,207.5264,24154112
2020-11-18,207.2910,208.7658,204.6520,204.7975,28372789
2020-11-19,205.0886,206.6895,203.6818,206.0976,24792746
2020-11-20,205.8842,206.9369,203.7497,204.1281,22403804
2020-11-23,204.6714,205.9715,201.9644,203.8564,25499552
2020-11-24,203.3519,207.8732,202.6436,207.4948,33830438
2020-11-25,208.7076,208.8822,206.1365,207.5045,21012887
2020-11-27,208.4553,209.8331,207.6694,208.8240,14512213
2020-11-30,207.7276,208.3680,204.5598,207.6985,33064753
2020-12-01,208.1254,210.8518,207.0000,209.7748,30498026
2020-12-02,208.4844,209.0569,206.4663,208.9598,23724509
2020-12-03,208.2225,209.9356,207.2910,207.8635,25120922
2020-12-04,207.8441,208.9695,206.8350,207.9799,24666039
2020-12-07,207.9896,209.1248,206.6507,207.9120,24619997
2020-12-08,207.6015,210.4928,206.5537,209.5808,23284094
2020-12-09,208.7561,208.8192,204.9275,205.4961,32440603
2020-12-10,205.4670,206.7380,204.0990,204.2542,26467017
2020-12-11,203.7982,206.9709,202.8862,206.9126,30979440
2020-12-14,206.7574,209.7748,206.5440,207.8247,28798379
2020-12-15,208.7609,209.0084,205.9230,207.7568,27018106
2020-12-16,208.3583,213.5588,208.3292,212.7535,35023253
2020-12-17,213.3259,214.3156,211.4339,212.8893,32515784
2020-12-18,212.0840,213.1513,209.5905,212.0840,63354922
2020-12-21,211.0750,217.3330,210.8131,215.9650,37181886
2020-12-22,216.0620,218.9145,215.2470,217.2748,22643397
2020-12-23,216.4695,216.9050,214.2282,214.4417,18570546
2020-12-24,214.8298,216.9546,214.6163,216.1202,10550572
2020-12-28,217.7696,219.3026,216.3822,218.2644,17933496
2020-12-29,219.5742,220.4183,216.9255,217.4785,17326689
2020-12-30,218.5264,218.9145,214.8783,215.0820,20272337
2020-12-31,215.1014,216.3628,213.1416,215.8000,20942132
2021-01-04,215.9067,216.3628,208.4165,211.2108,37130139
2021-01-05,210.7936,212.0161,209.2800,211.4145,23556967
2021-01-06,205.8551,210.0464,205.6319,205.9327,35930653
2021-01-07,207.6694,212.8117,207.3493,211.7929,27351180
2021-01-08,212.1713,214.0148,210.5667,213.0834,22956206
2021-01-11,211.9676,212.3945,210.2794,211.0167,23047029
2021-01-12,210.0562,210.6384,206.9711,208.5329,23148341
2021-01-13,207.6500,210.3085,207.5594,209.9010,19962717
2021-01-14,209.4838,210.9876,206.4081,206.6798,29346737
2021-01-15,207.1649,208.1254,205.7193,206.3208,31746512
2021-01-19,207.3881,210.5219,206.3014,209.9980,30310424
2021-01-20,211.2205,219.0697,210.8235,217.6629,37634805
2021-01-21,218.0122,219.5645,215.8000,218.2741,30749553
2021-01-22,220.3213,223.2223,219.0794,219.2249,30172663
2021-01-25,222.3006,222.9410,217.5464,222.6984,32786110
2021-01-26,224.9590,227.2100,223.2320,225.4151,49169601
2021-01-27,230.9163,233.2837,223.2902,225.9681,69870638
2021-01-28,228.5974,235.4182,228.0929,231.8186,48631573
2021-01-29,228.9661,230.9357,224.4642,225.0561,42503138
2021-02-01,228.0638,235.2824,225.5121,232.5172,33117573
2021-02-02,234.1181,235.0980,231.5858,232.3814,25684511
2021-02-03,232.4396,237.7953,232.1388,235.7675,27158104
2021-02-04,235.4376,236.0002,233.2158,234.8069,25296100
2021-02-05,235.0204,236.0391,233.2643,234.9913,18054752
2021-02-08,235.9130,236.4272,233.6427,235.2533,18549518
2021-02-09,234.6711,237.4751,234.1957,236.5146,23564953
2021-02-10,237.7080,238.6006,233.7203,235.5928,22117240
2021-02-11,237.4945,237.8535,234.9428,237.2131,15666979
2021-02-12,236.6729,237.9990,235.5055,237.6983,16561079
2021-02-16,237.7371,238.8043,235.6899,236.4466,26728487
2021-02-17,234.6744,237.5821,234.3049,237.4751,21673109
2021-02-18,235.1412,237.2125,234.2271,237.0764,16925563
2021-02-19,237.0375,237.1445,233.5658,234.3340,25262600
2021-02-22,230.8818,231.3778,226.0001,228.0519,36446936
2021-02-23,223.9822,228.3631,222.4311,226.8461,30228704
2021-02-24,223.6759,228.7229,222.6937,228.0908,26339746
2021-02-25,225.6889,228.1251,221.6045,222.6840,39542235
2021-02-26,225.1491,228.8883,223.2188,225.9806,37819227
2021-03-01,229.4037,230.9304,226.7294,230.4150,25332837
2021-03-02,230.4831,230.7651,227.0211,227.4296,22812459
2021-03-03,225.7618,227.1475,221.0016,221.2933,33749316
2021-03-04,220.4911,226.0876,218.0842,220.4862,44727785
2021-03-05,223.1960,226.8461,220.2236,225.2221,41872770
2021-03-08,224.9984,226.9385,220.8752,221.1280,35267440
2021-03-09,226.4668,228.9018,225.2902,227.3421,33080531
2021-03-10,230.4734,230.4734,225.6500,226.0195,29746812
2021-03-11,228.4896,232.5836,227.8575,230.5998,29907586
2021-03-12,227.5657,229.3259,226.8072,229.2578,22653662
2021-03-15,228.4896,228.7084,225.4263,228.3437,26010149
2021-03-16,229.7732,233.4442,229.4426,231.1638,27716469
2021-03-17,229.6468,231.9807,226.8072,230.5123,29500653
2021-03-18,226.1556,227.7408,223.9871,224.3663,34852251
2021-03-19,224.6581,226.0720,223.0337,224.0065,46430730
2021-03-22,223.9287,230.3761,223.8023,229.4912,30127005
2021-03-23,230.9450,234.4118,230.5414,231.0374,31493978
2021-03-24,231.2951,231.4458,228.8396,228.9758,25556151
2021-03-25,228.8202,230.4150,225.1929,225.9417,34061853
2021-03-26,225.1735,230.1914,225.1735,229.9677,25479853
2021-03-29,230.0747,230.2789,225.4944,228.7618,25227455
2021-03-30,227.0941,227.4101,224.7359,225.4652,24057154
2021-03-31,226.4960,232.5155,225.9903,229.2772,43623471
2021-04-01,231.9029,236.1526,231.4946,235.6760,30337982
2021-04-05,236.0748,243.0765,236.0164,242.2110,36652084
2021-04-06,240.7912,242.5319,240.0813,241.0343,22931923
2021-04-07,240.9857,244.0198,240.3828,243.0181,22719835
2021-04-08,245.8091,247.1404,245.0603,246.2759,23625197
2021-04-09,245.9063,248.9404,245.4882,248.8043,24326833
2021-04-12,247.6957,250.5742,247.6081,248.8626,27148668
2021-04-13,250.1728,252.0523,249.7573,251.3716,23837469
2021-04-14,250.3845,251.7022,248.1333,248.5514,23070938
2021-04-15,250.8280,252.7719,250.6325,252.3538,25627481
2021-04-16,252.3246,253.8125,250.5074,253.5596,24878582
2021-04-19,253.0248,254.2792,250.7210,251.6147,23209260
2021-04-20,250.7200,253.0345,249.7670,251.1479,19722875
2021-04-21,251.8092,253.5013,250.1657,253.4040,24030383
2021-04-22,253.0442,254.5710,248.6001,250.0879,25606152
2021-04-23,250.7784,254.3084,250.1852,253.9583,21499286
2021-04-26,254.4543,255.2079,253.0053,254.3473,19671897
2021-04-27,254.3813,255.9421,252.9567,254.7557,31014213
2021-04-28,249.0260,249.4752,245.9841,247.5498,46903119
2021-04-29,248.4250,249.0474,242.1429,245.5563,40589023
2021-04-30,242.8625,246.1106,242.7264,245.2353,30945098
2021-05-03,246.4217,247.3456,244.2045,244.9242,19626568
2021-05-04,244.0587,244.2921,238.9921,240.9662,32756052
2021-05-05,242.2013,242.6291,239.0505,239.6826,21901325
2021-05-06,239.6631,242.9792,237.9516,242.8528,26491085
2021-05-07,245.2062,247.2970,244.2532,245.5076,27032912
2021-05-10,243.9614,244.7977,240.3147,240.3730,29231765
2021-05-11,237.8155,239.8090,235.8900,239.4492,33601318
2021-05-12,235.4961,237.6501,231.5139,232.4183,36684370
2021-05-13,235.1412,238.8365,234.7717,236.3373,29624298
2021-05-14,238.8122,242.3180,238.7296,241.3163,23637163
2021-05-17,239.7604,239.7993,236.8138,238.4281,24891985
2021-05-18,239.4881,239.6242,236.2109,236.3859,19734980
2021-05-19,233.2558,237.0766,232.5638,236.9694,25701121
2021-05-20,237.7882,241.6772,237.6907,240.2444,21800716
2021-05-21,241.3020,242.0476,238.5484,238.9676,21863058
2021-05-24,241.5164,244.8060,241.2484,244.4356,21180207
2021-05-25,245.3996,246.3558,244.4746,245.3519,17704303
2021-05-26,245.0692,246.5410,244.4064,245.1277,16404794
2021-05-27,244.8158,245.1179,242.9443,243.0028,24372815
2021-05-28,244.6452,245.7027,243.2465,243.3635,18274942
2021-06-01,244.8742,244.9327,240.7123,241.1411,23213310
2021-06-02,241.8478,242.9638,239.6206,241.0437,19335776
2021-06-03,239.0163,240.1080,236.8525,239.4939,24822671
2021-06-04,241.4920,245.2836,241.2484,244.4454,25051057
2021-06-07,243.6559,247.6619,243.4902,247.3890,22919469
2021-06-08,248.7048,249.5333,246.1219,246.1803,22454998
2021-06-09,247.3890,249.0655,246.8042,247.1745,17873668
2021-06-10,247.8568,250.9466,247.2525,250.7322,24422932
2021-06-11,251.4584,251.9475,250.1181,251.3658,18791793
2021-06-14,251.3755,253.3736,250.3033,253.3152,19150507
2021-06-15,253.2031,253.4126,251.1611,251.8239,17980236
2021-06-16,252.8376,253.9877,247.9835,250.8687,27036535
2021-06-17,249.5869,255.1281,249.5333,254.2996,27565537
2021-06-18,253.0617,255.6642,252.2040,252.8668,37202217
2021-06-21,253.2469,256.8533,251.3950,255.9858,26452789
2021-06-22,256.0736,259.0659,255.7617,258.7930,22640044
2021-06-23,259.2608,260.0796,257.7403,258.5639,19518681
2021-06-24,259.4265,261.0738,258.7540,259.9431,20356674
2021-06-25,259.4948,260.4890,258.0620,258.3154,25611113
2021-06-28,259.4509,262.0972,259.1829,261.9218,19311913
2021-06-29,262.0631,264.7777,261.2005,264.5340,19454178
2021-06-30,263.8419,264.4948,262.7837,264.0466,21656457
2021-07-01,262.7893,264.9628,262.7795,264.7289,16725323
2021-07-02,265.9181,270.9670,265.6061,270.6259,26474408
2021-07-06,270.9962,272.3022,267.3606,270.6356,31548829
2021-07-07,272.3316,273.5933,270.1385,272.8482,23163588
2021-07-08,269.8948,271.6785,267.9162,270.4017,24455676
2021-07-09,268.7447,271.0157,268.3548,270.9085,23916665
2021-07-12,272.0947,272.6922,269.5829,270.3042,18931695
2021-07-13,270.4991,275.6921,270.3724,273.8716,26120128
2021-07-14,275.2021,276.4838,273.4525,275.3629,23113662
2021-07-15,274.8658,275.3629,272.7507,273.9204,22604227
2021-07-16,274.9340,276.9127,272.3901,273.6474,26044733
2021-07-19,271.8769,273.2770,267.5068,270.0021,32935634
2021-07-20,270.9962,273.8619,269.2710,272.2536,26025982
2021-07-21,271.8491,274.3980,270.2750,274.2810,24364320
2021-07-22,276.6593,279.1740,276.2499,278.9011,23384059
2021-07-23,280.1000,282.6537,279.2520,282.3418,22768071
2021-07-26,281.6887,282.3613,279.3904,281.7375,23100948
2021-07-27,282.1078,282.2492,275.7918,279.2910,31245564
2021-07-28,281.6790,282.8096,276.6498,278.9791,33566853
2021-07-29,278.9937,281.3164,278.8426,279.2520,18168294
2021-07-30,277.9556,279.4079,276.7275,277.7022,20944846
2021-08-02,279.1155,279.5200,276.5618,277.6145,16383089
2021-08-03,278.1993,279.9635,276.8152,279.8563,17879048
2021-08-04,278.9791,280.3127,277.4488,279.2617,16191301
2021-08-05,279.6224,282.3028,278.8621,282.1956,13900167
2021-08-06,281.2062,282.1761,280.3473,282.1371,16589336
2021-08-09,282.4197,284.1742,280.5288,281.0357,16117629
2021-08-10,281.4938,281.9324,277.9849,279.1935,18616578
2021-08-11,279.9440,281.3573,278.6282,279.6906,13955934
2021-08-12,279.3787,282.6342,279.0960,282.4782,14570391
2021-08-13,282.1566,285.4901,281.9811,285.4413,18249046
2021-08-16,285.7727,287.3615,282.6829,287.1471,22516027
2021-08-17,284.9930,286.0066,283.7161,285.6655,19977177
2021-08-18,285.2001,287.9150,283.4716,283.9208,21705564
2021-08-19,281.9320,290.5029,281.8797,289.8193,29577811
2021-08-20,292.7002,298.6769,291.0791,297.2316,40813324
2021-08-23,296.1427,298.2472,294.7803,297.5148,21906731
2021-08-24,297.8761,298.4913,294.9303,295.5323,17883133
2021-08-25,297.1730,297.4562,293.3838,294.9366,19229186
2021-08-26,293.9405,295.3458,291.9483,292.0850,17565045
2021-08-27,291.9844,293.8233,289.8779,292.7002,22451717
2021-08-30,294.0626,297.0948,294.0088,296.4796,16327361
2021-08-31,297.2902,297.3683,294.4385,294.8096,26033407
2021-09-01,295.7716,298.0421,294.4288,294.7608,18454295
2021-09-02,295.1221,296.2552,293.1495,294.0967,16255325
2021-09-03,293.9405,295.5128,293.2276,294.0870,14751610
2021-09-07,293.9551,294.0381,291.2158,293.1495,16291376
2021-09-08,292.7588,293.5694,290.4981,293.1788,14958616
2021-09-09,293.7745,295.0636,290.0439,290.2881,19882794
2021-09-10,291.4258,292.8955,288.4619,288.7842,19565212
2021-09-13,290.5811,291.5479,287.1923,290.0342,21072228
2021-09-14,292.5440,294.3311,291.1182,292.7686,21356360
2021-09-15,296.1573,298.1691,294.7510,297.6808,27685765
2021-09-16,296.6456,298.1593,293.7159,298.0714,19044719
2021-09-17,297.0460,297.3683,292.5147,292.8467,41211941
2021-09-20,289.3896,291.7237,282.7391,287.4072,37746582
2021-09-21,288.7646,290.5713,287.1826,287.8955,21532761
2021-09-22,289.7754,293.1885,287.6123,291.5869,25747252
2021-09-23,291.8457,293.8526,290.5653,292.5440,18166785
2021-09-24,291.2451,292.7784,289.9756,292.3389,14974639
2021-09-27,289.2041,289.5264,286.0838,287.2802,23376528
2021-09-28,283.0077,283.9696,276.1277,276.8797,42376747
2021-09-29,278.4226,280.0535,276.3816,277.3484,26243088
2021-09-30,279.0184,281.0887,275.0242,275.3171,32311104
2021-10-01,275.5141,283.1884,274.7019,282.3290,28756694
2021-10-04,280.6688,281.0106,273.6862,276.4793,30844447
2021-10-05,277.3937,283.5966,277.3937,281.9969,24567741
2021-10-06,279.0867,286.7529,278.8224,286.2450,27687408
2021-10-07,288.2617,289.6924,287.0361,287.9443,20278045
2021-10-08,289.2812,289.6932,286.8798,287.9443,17643557
2021-10-11,286.0595,290.9912,285.8886,287.3388,19282910
2021-10-12,288.4228,288.5205,285.5028,286.0204,17899932
2021-10-13,288.0029,290.3174,286.6161,289.3701,23026943
2021-10-14,292.2022,296.1671,290.8545,295.6593,27116206
2021-10-15,295.2589,297.3195,293.4806,297.0851,25255966
2021-10-18,296.4601,300.9914,295.6007,300.0929,22501597
2021-10-19,301.1262,302.0559,300.0246,301.0109,17568546
2021-10-20,301.9680,302.4465,298.9406,300.2101,16440360
2021-10-21,299.9759,303.7356,299.1847,303.4817,16860876
2021-10-22,303.1301,303.8039,300.5910,301.9191,17340393
2021-10-25,302.1145,302.1535,299.2824,300.9133,16981096
2021-10-26,303.7160,305.0784,301.3690,302.8469,26275382
2021-10-27,308.5989,318.4597,308.5989,315.6010,52359140
2021-10-28,316.7290,317.2612,313.8335,316.7534,25451190
2021-10-29,316.5385,324.2242,316.3139,323.8531,33657009
2021-11-01,323.5943,323.7261,318.7261,321.6558,26840400
2021-11-02,322.5738,325.6402,322.2710,325.3277,25719044
2021-11-03,326.0797,327.0563,322.9058,326.1774,21224661
2021-11-04,325.0934,328.6579,321.7925,328.5602,23966107
2021-11-05,330.5817,330.8552,326.5892,328.1891,22250478
2021-11-08,329.4001,329.7419,326.6071,329.0973,20366969
2021-11-09,329.2117,330.7868,326.6949,328.0817,19890003
2021-11-10,326.7340,326.7929,322.1929,323.0523,25443312
2021-11-11,323.4918,325.9572,322.7691,324.6441,14621260
2021-11-12,326.0992,329.3317,325.9723,328.8337,23484434
2021-11-15,329.6344,329.9665,326.2106,328.1989,16563836
2021-11-16,327.8180,332.6911,327.6520,331.5583,20250781
2021-11-17,331.6068,334.7865,330.6872,331.7829,18210273
2021-11-18,330.8633,335.0409,329.8262,333.8864,22466297
2021-11-19,335.2268,337.6335,334.7963,335.6866,21095274
2021-11-22,337.1639,342.1047,332.2036,332.4776,30448211
2021-11-23,329.7577,332.1058,326.3432,330.3741,29645162
2021-11-24,329.0044,330.8437,326.6866,330.5991,21661307
2021-11-26,327.1161,330.6187,321.0209,322.5472,23674175
2021-11-29,327.6934,331.6949,327.4977,329.3468,27533817
2021-11-30,328.0651,330.4719,321.8721,323.4375,42444484
2021-12-01,327.8792,331.9395,322.2634,322.9385,33223501
2021-12-02,323.1537,326.2747,320.7106,322.3613,29570780
2021-12-03,324.8072,325.5018,311.1492,316.0215,40712316
2021-12-06,316.9411,320.3654,312.3233,319.1327,29912076
2021-12-07,324.4648,328.5348,322.9581,327.6738,31021936
2021-12-08,328.0554,328.2412,323.6429,327.7227,24697124
2021-12-09,327.1748,329.2088,324.9344,325.8932,21784454
2021-12-10,327.7325,335.5790,327.5466,335.1289,37045607
2021-12-13,333.3092,336.3519,331.7438,332.0569,28494874
2021-12-14,326.0106,327.3998,317.0977,321.2362,43495311
2021-12-15,321.5003,327.9379,317.4792,327.4096,34808246
2021-12-16,328.4467,329.4740,316.0313,317.8706,35009820
2021-12-17,313.9376,317.8901,310.3861,316.7944,47585812
2021-12-20,313.1255,315.8160,310.6992,312.9885,28154787
2021-12-21,316.2954,320.6394,312.8809,320.2089,24287354
2021-12-22,321.1970,326.3872,318.7022,325.9910,24602085
2021-12-23,325.5507,329.1120,325.5312,327.4488,19617848
2021-12-27,328.2021,335.0702,328.1728,335.0409,19862035
2021-12-28,335.7257,336.3714,332.9570,333.8668,15274432
2021-12-29,333.9158,336.8508,332.3308,334.5517,14980596
2021-12-30,334.5126,335.7062,331.4894,331.9786,15771502
2021-12-31,331.1861,332.0128,328.5837,329.0435,17772880
2022-01-03,328.0945,330.6872,322.6450,327.5075,28693630
2022-01-04,327.5857,327.9477,319.0642,321.8917,32583490
2022-01-05,318.8098,319.0153,309.1436,309.5349,39628277
2022-01-06,306.3748,311.8047,304.7507,307.0890,39171254
2022-01-07,307.3532,309.6523,303.3810,307.2455,31095901
2022-01-10,302.7891,307.9108,298.0978,307.4706,44156018
2022-01-11,306.5998,309.7599,303.1853,308.1652,29267314
2022-01-12,312.7537,316.4128,310.2198,311.3840,34192048
2022-01-13,313.5323,313.9376,297.4228,298.2055,44986694
2022-01-14,297.6674,304.0952,297.1782,303.4886,39846414
2022-01-18,297.4913,303.0973,295.2117,296.1020,41717982
2022-01-19,299.6632,307.1177,296.1509,296.7673,45485618
2022-01-20,302.3831,304.9067,294.6246,295.0747,34786422
2022-01-21,296.1362,297.5304,289.2143,289.6252,56247641
2022-01-24,285.8781,290.6818,270.0775,289.9578,85203232
2022-01-25,285.2128,288.6077,279.0002,282.2483,65747733
2022-01-26,301.3215,301.8254,286.6901,290.2905,90236203
2022-01-27,296.1118,300.6514,291.4841,293.3528,53306271
2022-01-28,293.7343,301.8058,288.0794,301.5906,49482818
2022-01-31,302.2657,305.6215,299.7415,304.2517,46138229
2022-02-01,303.6941,303.9093,298.5276,302.0798,40493050
2022-02-02,302.9310,308.3022,302.1972,306.6781,35468246
2022-02-03,302.7940,304.4963,293.4702,294.7323,40985358
2022-02-04,293.7148,302.1189,293.4800,299.3208,35096488
2022-02-07,299.5458,301.1797,293.4115,294.4388,28018853
2022-02-08,294.7323,298.9500,293.4604,297.9706,30022528
2022-02-09,303.1609,305.1812,300.7394,304.4768,30715170
2022-02-10,297.4619,302.4320,294.1942,295.8378,42634556
2022-02-11,296.6303,297.7065,287.8544,288.6566,38925676
2022-02-14,287.4141,290.3394,285.0465,288.6175,36271926
2022-02-15,293.5171,294.2920,290.5938,293.9691,26736176
2022-02-16,292.5140,294.9698,287.9208,293.6267,28370113
2022-02-17,290.5483,290.9797,284.3130,285.0287,32255531
2022-02-18,287.3032,288.0973,280.6905,282.2836,34264008
2022-02-22,279.4111,285.8228,278.9209,282.0777,41550530
2022-02-23,284.4895,285.9797,274.6072,274.7738,35430224
2022-02-24,267.1660,289.3718,266.1954,288.8130,56551304
2022-02-25,289.3522,291.7934,285.9356,291.4797,32293698
2022-02-28,288.5385,293.2738,287.2542,292.9306,34542229
2022-03-01,290.5875,294.0875,286.4208,289.1659,30610861
2022-03-02,289.5679,295.5581,287.9385,294.3032,31835839
2022-03-03,296.9502,297.1855,288.2836,290.1169,27151772
2022-03-04,288.5189,289.8620,281.5336,284.1758,32189960
2022-03-07,282.8718,284.0091,273.0679,273.4405,42825236
2022-03-08,272.3523,278.3915,264.7052,270.4405,47514770
2022-03-09,277.8817,283.9209,275.2738,282.8424,34886950
2022-03-10,277.4699,280.9797,275.0777,279.9895,29726752
2022-03-11,282.3130,283.8326,273.9503,274.5777,27128782
2022-03-14,274.8424,279.8024,270.4111,271.0189,30573701
2022-03-15,274.8522,282.1758,273.2591,281.5189,34109589
2022-03-16,283.4405,288.7934,277.6464,288.6169,37610395
2022-03-17,287.5385,289.8130,283.6954,289.4306,30765471
2022-03-18,289.5777,295.0973,286.9895,294.5385,42195837
2022-03-21,293.0287,294.2542,289.1169,293.2934,28107855
2022-03-22,293.9208,299.0189,292.9110,298.0973,27524251
2022-03-23,294.6169,297.2836,291.8817,293.6169,25450798
2022-03-24,293.2738,298.2345,292.4649,298.1365,22724967
2022-03-25,299.2443,299.5090,293.4164,297.7247,22536737
2022-03-28,298.3620,304.7051,298.3620,304.6071,28076649
2022-03-29,307.7541,309.6267,302.9894,309.2247,30244580
2022-03-30,307.6071,309.7541,305.4698,307.7051,25235511
2022-03-31,307.7443,308.9600,301.8522,302.2639,33199211
2022-04-01,303.3032,304.0483,299.5483,303.3522,25084812
2022-04-04,304.0090,308.9306,303.6365,308.7933,24189580
2022-04-05,307.1267,308.6904,303.7934,304.7835,22984881
2022-04-06,299.2051,300.9796,290.8914,293.6267,39912735
2022-04-07,290.8424,297.6953,290.5385,295.4600,29940489
2022-04-08,294.5483,295.2149,290.4699,291.1463,24138356
2022-04-11,286.0679,286.8718,279.4111,279.6660,34147767
2022-04-12,283.5630,285.0375,274.9895,276.5287,30819089
2022-04-13,277.1856,282.9209,275.7836,281.9797,21683311
2022-04-14,282.4405,282.6512,273.8424,274.3424,28221607
2022-04-18,273.4405,276.9209,272.8817,275.0189,20617887
2022-04-19,273.9013,280.5581,272.9503,279.7052,22200709
2022-04-20,283.7248,284.0189,279.7740,280.7444,22805341
2022-04-21,282.9209,287.5483,274.5679,275.3032,29262490
2022-04-22,276.1562,277.6464,268.0189,268.6562,29213028
2022-04-25,267.9307,275.5973,265.4601,275.2150,35496218
2022-04-26,272.0581,272.9012,264.7052,264.9209,42047008
2022-04-27,276.5679,285.2640,273.6856,277.6660,62984420
2022-04-28,279.5924,285.2738,275.9368,283.9503,32941101
2022-04-29,282.9503,284.1954,271.0777,272.0777,36890670
2022-05-02,272.2640,279.3522,270.8032,278.8915,35014832
2022-05-03,278.3915,278.5581,274.6562,276.2542,25933501
2022-05-04,277.0483,285.1758,271.3032,284.2934,33463409
2022-05-05,279.9405,280.7346,268.9601,271.9111,43072879
2022-05-06,269.4160,273.7738,265.9503,269.3425,37685731
2022-05-09,264.7640,267.0189,258.1562,259.3915,46701566
2022-05-10,266.3621,268.3817,259.8719,264.2150,39149498
2022-05-11,260.4699,266.0385,254.2150,255.4405,44395908
2022-05-12,252.6366,254.7837,245.1170,250.3425,50738077
2022-05-13,252.3033,257.8817,250.3425,255.9994,34731011
2022-05-16,254.8572,260.6072,250.7641,256.3719,32481086
2022-05-17,260.8915,263.0680,257.3131,261.5876,28737963
2022-05-18,258.4717,259.0613,248.4178,249.7053,31043333
2022-05-19,249.5284,253.2334,247.5431,248.7814,32585626
2022-05-20,252.8108,254.0885,242.1968,248.2114,38983174
2022-05-23,251.0910,256.9975,249.0664,256.1621,32910474
2022-05-24,253.4497,256.8304,249.1352,255.1499,28845395
2022-05-25,253.6953,260.0245,252.6978,257.9999,27871033
2022-05-26,257.7542,262.5109,256.9281,261.3217,24907493
2022-05-27,263.8573,268.6336,262.9532,268.5354,26910806
2022-05-31,267.8376,270.0390,264.2996,267.1889,37464954
2022-06-01,270.4567,272.9087,265.3905,267.7295,25250809
2022-06-02,259.8967,269.9211,257.0958,269.8523,43797079
2022-06-03,265.6558,268.7417,263.7885,265.3708,24458101
2022-06-06,267.3757,269.4592,262.6190,264.1227,22303681
2022-06-07,262.0441,268.4273,261.3610,267.8081,22817478
2022-06-08,267.0317,268.2995,264.9679,265.7541,17348353
2022-06-09,263.1694,268.0126,260.0736,260.2308,23066365
2022-06-10,256.0933,256.0933,248.1819,248.6340,31137048
2022-06-13,240.8897,244.7365,237.3713,238.0888,45637508
2022-06-14,239.6612,241.5089,237.3517,240.2804,28539329
2022-06-15,244.0346,250.9042,242.1771,247.4252,32841252
2022-06-16,241.7447,243.1574,238.8357,240.7521,32948035
2022-06-17,240.4868,246.1869,239.8283,243.3860,43084780
2022-06-21,245.9461,250.3637,245.2139,249.3711,29847302
2022-06-22,247.5530,252.7420,246.0591,248.7716,24553408
2022-06-23,251.1696,254.9042,249.2630,254.4030,24701194
2022-06-24,257.3002,263.3659,257.2137,263.0907,30878038
2022-06-27,263.5870,263.6804,258.7468,260.3291,20924416
2022-06-28,259.4348,262.3143,251.9067,252.0639,27024504
2022-06-29,253.1548,257.4594,251.3563,255.7788,20010245
2022-06-30,252.6241,255.0614,248.5456,252.4079,31704066
2022-07-01,251.9755,255.2973,250.2261,255.1106,22837692
2022-07-05,251.7494,258.4520,250.3539,258.3243,22867401
2022-07-06,259.2088,263.3758,257.8820,261.6264,23728423
2022-07-07,260.5552,264.4224,260.4569,263.7787,20729818
2022-07-08,260.2308,263.4839,258.7518,263.0514,19482328
2022-07-11,261.0760,261.9409,257.6658,259.9557,17766963
2022-07-12,261.3021,261.3610,247.7004,249.3023,35763611
2022-07-13,245.8822,249.1844,243.8380,248.3687,29439870
2022-07-14,246.2557,250.7444,241.7054,249.7053,24515816
2022-07-15,251.3170,255.8869,250.3860,252.2998,29404630
2022-07-18,255.2776,256.3489,248.9387,249.8723,20929533
2022-07-19,253.1401,255.2481,249.3121,255.0614,24950409
2022-07-20,255.4250,260.3095,254.4521,257.7542,22301704
2022-07-21,255.3169,260.3291,252.6045,260.2800,22355356
2022-07-22,260.6731,260.7616,254.6093,255.8771,21808581
2022-07-25,256.5012,256.9975,252.3882,254.3735,21055998
2022-07-26,255.3857,255.4054,245.2729,247.5628,34646912
2022-07-27,256.6633,265.4003,254.3931,264.1128,45963897
2022-07-28,265.1054,273.0562,263.2578,271.6508,33241181
2022-07-29,272.9186,277.1445,271.8670,275.9062,31745575
2022-08-01,273.0365,276.4369,271.0906,273.2232,21458804
2022-08-02,271.2478,273.1053,267.6902,270.0882,22036173
2022-08-03,271.9947,278.6187,271.8473,277.6064,23409859
2022-08-04,276.9480,278.9135,275.3438,278.7661,17957215
2022-08-05,274.3436,278.7661,273.8817,278.0389,16737005
2022-08-08,279.1592,280.9970,274.5107,275.4935,18621876
2022-08-09,274.8252,278.2059,272.8301,277.4394,23149929
2022-08-10,283.2083,284.8201,281.9995,284.1812,24509759
2022-08-11,285.8421,286.1959,281.5769,282.0781,20004007
2022-08-12,283.5130,286.8839,281.9995,286.8839,22516568
2022-08-15,285.9896,289.1148,285.1149,288.4170,18040550
2022-08-16,286.9625,288.9772,285.4196,287.6701,17646653
2022-08-17,285.3573,288.9127,285.0914,286.9134,18221279
2022-08-18,285.7995,287.4945,284.7073,285.7808,17154479
2022-08-19,284.5300,284.8747,281.2405,281.8216,19943221
2022-08-22,277.8131,278.1874,273.0267,273.5486,24780598
2022-08-23,272.2585,274.6419,271.2342,272.2585,17371828
2022-08-24,271.2440,273.0365,270.9486,271.6183,18137019
2022-08-25,273.1350,274.7994,270.3675,274.6320,15999803
2022-08-26,274.8585,276.0995,263.9264,264.0348,27456438
2022-08-29,261.8286,263.3552,259.8589,261.2180,20121371
2022-08-30,262.6362,263.0105,256.7172,258.9922,21990220
2022-08-31,261.3756,263.0696,257.3770,257.5149,24396061
2022-09-01,254.9542,256.9437,251.5466,256.4611,22947075
2022-09-02,257.7365,260.7354,250.6208,252.1867,22855380
2022-09-06,252.3246,253.9300,248.1291,249.4192,21283869
2022-09-07,250.8473,254.9148,249.3897,254.1860,22851358
2022-09-08,253.6148,256.4906,250.9359,254.6095,20245516
2022-09-09,256.5596,261.2180,256.3528,260.4597,22052873
2022-09-12,261.7597,263.4044,261.1491,262.6165,18713912
2022-09-13,254.9247,256.4611,247.7844,248.1783,33092997
2022-09-14,249.6950,250.3844,246.0805,248.4048,23756848
2022-09-15,245.9919,247.5972,240.3289,241.6683,31361588
2022-09-16,240.5652,241.5895,238.4012,241.0380,39625609
2022-09-19,238.7974,241.4319,237.2068,240.8213,26675578
2022-09-20,238.4034,239.8266,236.0151,238.7826,26557941
2022-09-21,240.5751,243.9138,235.2863,235.3355,28199576
2022-09-22,234.2723,240.1713,233.9764,237.3348,30927092
2022-09-23,235.9166,237.4826,231.6423,234.3211,34142280
2022-09-26,233.4594,237.7977,233.3166,233.8582,27297095
2022-09-27,236.3500,238.1424,230.9529,232.8340,26852372
2022-09-28,233.2279,238.6644,231.1794,237.4235,28981492
2022-09-29,235.2765,236.3204,230.8642,233.9075,27348957
2022-09-30,234.6855,236.9015,229.2096,229.3771,35543426
2022-10-03,231.8491,237.9553,231.1104,237.0985,28565753
2022-10-04,241.3827,246.5730,241.2694,245.1153,34817870
2022-10-05,242.2691,246.7896,240.4076,245.4305,20282901
2022-10-06,244.1797,246.5533,242.3577,243.0570,20126181
2022-10-07,237.2580,237.6697,229.6430,230.6968,37676585
2022-10-10,229.5248,231.0110,223.3004,225.7823,29449772
2022-10-11,224.1769,225.5951,220.7200,222.0004,30375309
2022-10-12,221.9905,224.4133,220.5723,222.3352,21835497
2022-10-13,216.5245,232.5287,215.8154,230.6968,42495734
2022-10-14,231.9771,233.6514,224.8860,225.1027,30173436
2022-10-17,232.2529,235.3454,231.5783,233.9370,28081082
2022-10-18,239.5607,240.2402,231.8097,234.8924,26202974
2022-10-19,233.4544,235.9856,230.7460,232.9029,19900145
2022-10-20,232.2037,237.6599,231.3173,232.5779,21731575
2022-10-21,231.1892,239.3243,230.9529,238.4576,26142857
2022-10-24,240.0728,244.0911,237.6451,243.5100,24724662
2022-10-25,243.5198,247.2427,242.1115,246.8684,30866224
2022-10-26,227.6732,234.6954,226.5800,227.8210,82352701
2022-10-27,227.5452,230.1551,222.3648,223.3201,40339205
2022-10-28,222.8178,233.0211,222.6307,232.3021,40556738
2022-10-31,230.2241,231.3665,227.6535,228.6187,28276822
2022-11-01,231.0513,232.1741,223.8864,224.7186,30104180
2022-11-02,225.9891,227.8013,216.7116,216.7707,38267590
2022-11-03,216.7608,217.0760,210.7433,211.0092,36387854
2022-11-04,214.2593,218.2381,210.2026,218.0412,36730160
2022-11-07,218.6321,224.9550,217.9328,224.4231,32856830
2022-11-08,225.2406,228.1460,222.4239,225.4080,28158263
2022-11-09,223.9307,225.1743,220.9367,221.1140,26689017
2022-11-10,231.8688,239.6493,231.4453,239.3046,45666487
2022-11-11,239.3144,244.2388,238.2705,243.3721,34105197
2022-11-14,238.3246,240.2205,235.5916,237.8962,31038954
2022-11-15,241.9441,243.2638,236.3992,238.3099,30946690
2022-11-16,239.7901,240.7876,237.4494,238.7432,23776518
2022-11-17,234.8420,240.2444,234.6939,238.6938,23110759
2022-11-18,240.5012,240.7284,236.0766,238.2395,27518670
2022-11-21,238.4469,241.6469,238.2099,239.0593,26350485
2022-11-22,240.5802,242.2790,237.7358,242.0024,19553398
2022-11-23,242.0765,245.2123,241.2518,244.5209,19508462
2022-11-25,244.2543,245.6271,243.6814,244.4320,9198488
2022-11-28,243.0395,243.6024,237.8247,238.7728,23753615
2022-11-29,238.4173,239.7901,235.2667,237.3605,17489657
2022-11-30,237.5975,252.1752,236.8963,251.9875,46295687
2022-12-01,250.7332,252.9554,247.8153,251.5431,25956655
2022-12-02,246.7333,252.8962,246.6049,251.8690,21350766
2022-12-05,248.8962,250.6828,244.9950,247.1086,22562370
2022-12-06,247.7209,248.7480,240.7679,242.0913,22434611
2022-12-07,241.8049,243.1185,239.2123,241.3506,20429325
2022-12-08,241.8148,245.6666,240.0568,244.3432,22549363
2022-12-09,241.6716,245.2419,241.1432,242.3876,20581405
2022-12-12,244.3876,249.4196,244.1160,249.3900,30429282
2022-12-13,258.4566,260.6541,249.9431,253.7455,42118671
2022-12-14,253.9529,259.3435,251.1678,254.0418,35039182
2022-12-15,250.5851,251.0591,244.2839,245.9333,35484686
2022-12-16,245.4789,246.7530,240.5012,241.6666,86037449
2022-12-19,241.8345,242.1802,235.7605,237.4790,38447514
2022-12-20,236.4420,239.9086,235.4741,238.8123,25087892
2022-12-21,238.7037,242.5802,237.1432,241.4099,23671465
2022-12-22,238.2741,239.0000,230.9803,235.2470,28635790
2022-12-23,233.1927,235.9185,231.0522,235.7803,21206982
2022-12-27,235.7507,235.9778,232.9161,234.0321,16424560
2022-12-28,233.9630,236.7580,231.2766,231.6322,17198539
2022-12-29,232.7383,238.9309,232.7383,238.0321,19743126
2022-12-30,235.2667,236.9951,233.7359,236.8568,21938472
2023-01-03,240.0765,242.7135,234.4667,236.6198,25683547
2023-01-04,229.4050,229.9927,223.1681,226.2693,50281780
2023-01-05,224.3927,224.7384,219.0202,219.5632,39231875
2023-01-06,220.2446,222.9706,216.6397,222.1508,43019997
2023-01-09,223.6520,228.3795,223.6125,224.3137,27040167
2023-01-10,224.9409,228.4520,224.5211,226.0224,26869770
2023-01-11,228.4322,233.0346,228.2544,232.8569,28391843
2023-01-12,232.3532,236.9358,230.6742,235.5630,27173794
2023-01-13,234.0736,236.4124,232.0174,236.2741,21333265
2023-01-17,235.0297,237.9333,234.1605,237.3803,29719469
2023-01-18,238.5803,239.3852,232.6099,232.8964,29501832
2023-01-19,230.8914,232.6099,227.8297,229.0643,28376730
2023-01-20,231.9532,237.7654,231.6124,237.2519,35186100
2023-01-23,238.1210,242.1358,236.6889,239.5827,31508880
2023-01-24,239.5037,240.9358,237.4692,239.0494,34600059
2023-01-25,231.5828,240.2938,228.0470,237.6371,66360609
2023-01-26,240.6395,245.2419,239.0099,244.9357,33154045
2023-01-27,245.9135,246.7431,243.7802,245.0938,25986285
2023-01-30,241.4889,242.5654,239.2074,239.7111,25713409
2023-01-31,240.4420,244.8864,239.9432,244.7481,24922459
2023-02-01,244.9357,252.0270,242.4370,249.6270,29918326
2023-02-02,255.6220,261.4195,254.0714,261.3306,39760616
2023-02-03,256.3351,260.9356,253.9233,255.1579,28741891
2023-02-06,254.2591,255.1085,251.6320,253.5974,22439265
2023-02-07,257.3109,265.4540,256.8665,264.2541,50437945
2023-02-08,269.8244,273.3404,262.9207,263.4343,54251280
2023-02-09,270.4170,270.5947,259.5529,260.3627,39677594
2023-02-10,258.2986,260.8269,257.4413,259.8492,25305259
2023-02-13,264.3331,271.2071,263.8491,267.9676,44430354
2023-02-14,269.3009,271.5725,265.9528,268.8071,36923700
2023-02-15,265.6738,268.0600,263.5549,266.6639,28357481
2023-02-16,261.4162,264.1094,259.3171,259.5646,29174710
2023-02-17,256.8318,257.5249,253.4753,255.5150,30000055
2023-02-21,251.9703,252.9703,249.1088,250.1781,28300969
2023-02-22,251.5841,251.8316,247.8711,249.0296,22290272
2023-02-23,253.0396,254.3070,248.0097,252.2574,29019114
2023-02-24,247.4948,248.5246,245.6532,246.7621,23839099
2023-02-27,249.9702,250.3266,246.9305,247.6929,20276611
2023-02-28,246.6136,249.0098,246.2770,246.9602,20818584
2023-03-01,248.2870,248.4553,243.3660,243.8412,26527931
2023-03-02,244.1185,248.9206,243.1877,248.6335,24743731
2023-03-03,249.7029,253.0990,248.9107,252.7723,29285735
2023-03-06,253.8961,257.5546,253.4555,254.3367,23655407
2023-03-07,253.7723,255.1486,250.8910,251.6435,21205360
2023-03-08,251.5346,252.0314,248.3365,251.1980,17255719
2023-03-09,253.2971,257.0002,249.0989,249.8316,26481612
2023-03-10,248.6038,250.2969,245.1581,246.1384,28268183
2023-03-13,244.9601,255.3664,243.3066,251.4158,33249728
2023-03-14,254.2179,258.4953,253.3367,258.2180,33339012
2023-03-15,257.4160,263.8519,256.6536,262.8222,45772090
2023-03-16,262.5895,273.8325,260.6835,273.4761,53639507
2023-03-17,275.5157,280.5357,273.5950,276.6742,69288690
2023-03-20,274.2484,274.7434,267.1887,269.5452,42775230
2023-03-21,272.1691,272.2879,266.8610,271.0799,33985853
2023-03-22,270.7037,278.2683,269.4957,269.6046,34730567
2023-03-23,275.1989,278.2881,272.4859,274.9217,36381873
2023-03-24,274.5058,277.8624,272.5651,277.8030,28054028
2023-03-27,277.7337,278.6831,272.8028,273.6543,26762681
2023-03-28,273.0701,273.4167,269.3621,272.5156,21838726
2023-03-29,276.2088,278.3671,275.6643,277.7436,24962203
2023-03-30,281.4269,281.6546,278.7040,281.2486,24990054
2023-03-31,280.9318,286.4172,280.2090,285.4567,32094298
2023-04-03,283.6943,285.4270,281.1496,284.3973,24844145
2023-04-04,284.3973,287.5854,282.8527,284.3478,25778841
2023-04-05,283.0309,284.3181,280.1298,281.5358,22005929
2023-04-06,280.4169,289.1994,279.2486,288.7242,29770334
2023-04-10,286.3558,286.7439,281.9021,286.5360,23028795
2023-04-11,282.9319,283.1596,278.8624,280.0407,27198545
2023-04-12,281.9813,284.1794,279.1793,280.6942,27315494
2023-04-13,280.7932,287.0409,280.3773,286.9815,24132151
2023-04-14,284.1695,285.6350,280.8922,283.3180,20950260
2023-04-17,287.0707,288.7242,283.3378,285.9518,23791151
2023-04-18,288.6945,288.8777,284.1794,285.5260,20102171
2023-04-19,283.1695,286.1993,281.7338,285.6052,17074248
2023-04-20,282.4368,286.1795,282.2685,283.2883,23188509
2023-04-21,282.1992,283.4467,280.2692,282.9418,21549625
2023-04-24,279.3080,282.1398,275.9712,278.9911,26505966
2023-04-25,276.7534,278.8228,272.6542,272.7038,40205224
2023-04-26,293.7739,296.6156,289.8430,292.4570,64491004
2023-04-27,293.0511,302.1901,292.3382,301.8237,46238023
2023-04-28,301.0118,305.8833,300.3187,304.2297,36004448
2023-05-01,303.9426,305.5565,302.1405,302.5465,21252788
2023-05-02,304.7248,306.1308,300.9128,302.3980,26320444
2023-05-03,303.5961,305.5664,301.0910,301.3979,22157529
2023-05-04,303.2198,304.7274,300.4078,302.3980,22198119
2023-05-05,302.7049,308.8933,301.2692,307.5863,27765818
2023-05-08,307.0714,307.1407,303.0713,305.6060,21269047
2023-05-09,304.9624,306.9823,303.2891,303.9723,21193731
2023-05-10,305.5763,309.9131,304.6357,309.2299,30015189
2023-05-11,307.0417,308.0517,303.2397,307.0516,31093535
2023-05-12,307.4873,307.5863,303.5762,305.9229,19735538
2023-05-15,306.0466,306.8487,304.5565,306.4080,16289987
2023-05-16,306.7744,310.6161,306.7744,308.6656,25572661
2023-05-17,309.8798,312.0032,308.3417,311.5766,23238758
2023-05-18,312.1025,316.5777,311.2987,316.0617,26365215
2023-05-19,314.2954,316.2899,313.9283,315.8831,25729700
2023-05-22,316.1411,320.1003,315.5556,318.7011,23050033
2023-05-23,317.5600,320.2293,312.8169,312.8268,29933701
2023-05-24,312.3009,314.0573,310.1973,311.4277,22003827
2023-05-25,320.7452,324.3770,317.5303,323.4046,41892341
2023-05-26,321.5192,330.8268,321.3803,330.3208,36630633
2023-05-30,332.6427,333.1488,327.9691,328.6537,29408583
2023-05-31,329.7254,333.3472,324.8037,325.8555,44377459
2023-06-01,323.4145,330.9558,322.2138,330.0132,25802850
2023-06-02,331.6673,334.8952,329.9834,332.8114,25380238
2023-06-05,332.6328,335.9469,332.0772,333.3472,21110310
2023-06-06,332.7419,332.7816,329.6063,331.1047,20208910
2023-06-07,329.0903,331.9084,320.0110,320.8842,40586948
2023-06-08,321.4349,324.1190,320.8544,322.7497,22816205
2023-06-09,322.4817,327.4432,321.9062,324.2678,22449391
2023-06-12,326.0440,329.5368,322.6504,329.2888,24181216
2023-06-13,331.8836,334.3792,327.8401,331.7100,22661323
2023-06-14,331.7596,336.4233,330.2414,334.7364,25830260
2023-06-15,334.8753,347.1399,334.5975,345.4134,38611655
2023-06-16,348.6085,348.7574,339.3108,339.6879,46551985
2023-06-20,336.6912,339.4398,333.2678,335.4409,26008525
2023-06-21,333.7739,335.1234,329.5071,330.9856,24865845
2023-06-22,331.5413,337.4950,330.7673,337.0881,23029941
2023-06-23,331.7794,335.3516,330.8764,332.4343,23088290
2023-06-26,331.1444,333.5159,325.9547,326.0639,21253977
2023-06-27,329.2987,333.5556,326.7585,331.9878,23683061
2023-06-28,332.0771,335.3715,331.2337,333.2579,19518302
2023-06-29,332.1267,333.5159,330.0529,332.4641,16857077
2023-06-30,335.1433,340.0848,334.5975,337.9117,26248581
2023-07-03,336.5721,338.2689,333.9734,335.3814,12508692
2023-07-05,332.5038,339.0132,332.1442,335.5402,18066431
2023-07-06,334.6967,340.3428,332.9106,338.6361,28015345
2023-07-07,336.7011,339.1521,334.3990,334.6174,21023430
2023-07-10,332.0176,332.6427,325.0617,329.2689,32727737
2023-07-11,328.5049,330.2910,324.4762,329.9040,26641196
2023-07-12,334.0021,339.0151,333.0793,334.5975,29350312
2023-07-13,336.9393,341.0870,336.4035,340.0154,20503425
2023-07-14,344.9073,348.7177,341.6526,342.5755,28164279
2023-07-17,343.0101,344.3119,339.5589,343.0617,20033153
2023-07-18,343.1609,363.9492,339.5291,356.7155,64517489
2023-07-19,358.9580,359.6625,349.7149,352.3395,39554300
2023-07-20,350.8412,355.2072,342.7044,344.1929,32781591
2023-07-21,346.4553,347.5964,337.2072,341.1168,67598837
2023-07-24,343.1807,344.2425,339.6681,342.4465,25663714
2023-07-25,344.4310,349.1741,342.4068,348.2712,34844789
2023-07-26,338.8048,342.0099,330.5391,335.1631,57925432
2023-07-27,337.8522,338.6956,326.5104,328.1675,39417847
2023-07-28,331.0947,337.3858,330.5986,335.7585,28115200
2023-07-31,334.3197,335.0887,330.7871,333.3274,25335376
2023-08-01,332.6030,335.9272,331.1245,333.7441,18154497
2023-08-02,331.0551,331.0551,323.8363,324.9724,27427895
2023-08-03,323.4839,327.3340,323.4343,324.1389,17946334
2023-08-04,329.3186,332.5534,324.7144,325.2502,23511551
2023-08-07,325.8357,328.5545,324.9922,327.5622,17654755
2023-08-08,324.4365,326.2127,320.5071,323.5336,22190554
2023-08-09,323.9503,324.5854,318.5721,319.7430,19117830
2023-08-10,323.4988,325.7265,318.7011,320.4376,19997146
2023-08-11,317.7882,319.9217,316.7464,318.5325,22392640
2023-08-14,318.9095,321.5589,317.6096,321.5391,18535457
2023-08-15,320.5071,322.5810,318.4267,319.3759,16797673
2023-08-16,318.9997,322.5994,318.0088,318.6019,19550575
2023-08-17,318.7411,320.0637,314.4354,315.1017,20219991
2023-08-18,312.7251,316.5933,309.8024,314.7039,24146059
2023-08-21,316.1458,320.9586,315.2608,320.0736,21776443
2023-08-22,323.6733,324.2451,319.6560,320.6504,16049997
2023-08-23,322.0027,327.3525,321.6447,325.1649,19447391
2023-08-24,330.9820,331.1113,318.1644,318.1743,21482464
2023-08-25,319.6659,323.5341,317.0110,321.1674,20672312
2023-08-28,323.8324,324.3196,319.9165,321.8834,14556595
2023-08-29,320.0736,327.1372,320.0736,326.5670,19047371
2023-08-30,326.8255,327.9591,324.6130,326.9448,14995349
2023-08-31,327.3525,329.0528,324.9461,325.9206,26260479
2023-09-01,329.4507,330.1269,324.9461,326.8156,14942024
2023-09-05,327.1537,332.9708,326.8156,331.6781,18088089
2023-09-06,331.5091,332.5830,328.3270,331.0119,17349959
2023-09-07,329.4308,331.2108,327.1835,328.0585,17810435
2023-09-08,328.2375,334.2735,327.6111,332.3941,19264969
2023-09-11,335.3474,336.5208,333.5476,336.0435,15861034
2023-09-12,333.9304,334.8999,329.6197,329.9081,17161511
2023-09-13,329.4507,334.9596,329.3115,334.1740,16468519
2023-09-14,337.2447,338.9471,334.6812,336.7992,20234842
2023-09-15,335.0292,335.5040,327.8000,328.3668,36811614
2023-09-18,325.9604,328.5458,324.5285,327.2133,16629220
2023-09-19,324.3395,327.5415,322.6889,326.8056,16486122
2023-09-20,327.6608,327.7403,318.7113,318.9698,20165192
2023-09-21,317.4683,323.5240,313.2322,317.7368,34450337
2023-09-22,319.5168,319.6460,314.3758,315.2309,21126411
2023-09-25,314.8133,315.8872,313.2322,315.7580,16534590
2023-09-26,313.3615,314.1073,308.2802,310.3883,26057557
2023-09-27,310.5474,312.5352,307.9520,311.0346,19394439
2023-09-28,309.2447,313.7095,307.7134,311.8799,19279853
2023-09-29,315.9668,317.6771,313.2123,313.9780,24077197
2023-10-02,314.5050,320.0816,313.4112,319.9941,19838007
2023-10-03,319.0295,319.5864,309.4685,311.6313,20593231
2023-10-04,312.2677,318.2439,312.2378,317.1650,20248118
2023-10-05,317.2993,318.1843,313.1328,317.5678,16935458
2023-10-06,314.7735,327.3426,314.5249,325.4234,24987484
2023-10-09,322.9275,328.4464,321.3663,327.9691,19844103
2023-10-10,329.1027,329.2419,325.8311,326.5471,20522950
2023-10-11,329.3513,330.9522,327.2929,330.5545,19823609
2023-10-12,328.7099,331.7576,326.8752,329.3015,19265430
2023-10-13,330.5147,331.9565,324.5285,325.8908,21056617
2023-10-16,329.1922,334.2536,328.7447,330.7732,22099153
2023-10-17,327.7403,331.5886,325.5726,330.1965,17979348
2023-10-18,330.6241,333.7067,326.4576,328.2574,22935477
2023-10-19,330.2860,334.9894,329.0529,329.4606,24909519
2023-10-20,329.8584,330.0573,323.6236,324.8367,24978562
2023-10-23,323.6435,330.8578,322.5695,327.4719,24261072
2023-10-24,329.4407,329.9777,325.7615,328.6751,27477452
2023-10-25,343.0838,344.2571,335.7253,338.7582,54458561
2023-10-26,338.6289,339.7128,325.1052,326.0499,37233327
2023-10-27,328.5707,334.8303,326.5577,327.9591,29805162
2023-10-30,331.5389,337.5450,329.9678,335.4170,22800874
2023-10-31,336.9484,337.0975,332.8117,336.2125,19752965
2023-11-01,337.8831,345.4703,337.7439,344.1279,27916095
2023-11-02,345.2913,346.8724,342.8352,346.3652,24216919
2023-11-03,347.6679,352.4012,345.3808,350.8201,23455974
2023-11-06,351.4664,355.5335,351.3670,354.5292,23816166
2023-11-07,357.3831,360.4259,355.6230,358.5067,25736687
2023-11-08,359.6503,361.8280,358.5266,361.1617,25733324
2023-11-09,360.2668,362.7428,358.3397,358.6658,23817876
2023-11-10,359.4613,368.0230,359.0437,367.5954,26894295
2023-11-13,366.1536,366.4021,363.8466,364.6222,19935482
2023-11-14,368.9279,369.8626,365.2839,368.1920,26803609
2023-11-15,369.9454,371.7888,365.7904,368.3412,26130105
2023-11-16,369.6266,374.9972,368.8494,374.8178,26425128
2023-11-17,372.2670,373.0243,365.6808,368.5206,40108984
2023-11-20,369.8856,377.5081,369.6664,376.0833,50939114
2023-11-21,374.3196,374.8692,369.7860,371.7290,27479903
2023-11-22,376.6413,378.4247,373.6172,376.4918,23361184
2023-11-24,375.9737,376.6114,373.7866,376.0733,9378315
2023-11-27,375.4256,379.2718,374.8477,377.2491,22110801
2023-11-28,376.9900,381.6233,376.8007,381.3244,20323882
2023-11-29,382.3806,382.9186,376.0833,377.4882,24358627
2023-11-30,377.1295,378.7238,374.1204,377.5480,28761030
2023-12-01,375.4057,376.8007,369.9753,373.1638,30223088
2023-12-04,367.7733,368.1917,361.5955,367.8131,31941123
2023-12-05,365.1328,371.7340,364.3068,371.1810,22919612
2023-12-06,372.1973,372.8350,366.7071,367.4743,21041126
2023-12-07,366.9064,370.1175,365.0032,369.6166,22878503
2023-12-08,367.8729,373.1140,366.9064,372.8848,20087863
2023-12-11,367.1555,370.2643,364.7840,369.9653,27663434
2023-12-12,369.5170,373.0741,369.1284,373.0343,24500667
2023-12-13,374.6684,376.2787,369.4373,373.0243,30360138
2023-12-14,371.9681,372.4165,362.8211,364.6146,43069703
2023-12-15,365.5313,371.0614,364.9634,369.3974,72300798
2023-12-18,368.1220,371.6592,367.3548,371.3105,20612228
2023-12-19,370.1547,371.9183,368.5106,371.9183,20533284
2023-12-20,373.6520,374.6783,369.1981,369.2878,26023549
2023-12-21,371.2208,373.0642,368.7099,372.1973,17698769
2023-12-22,372.3368,373.8314,371.3703,373.2336,17107484
2023-12-26,373.6520,375.5851,372.1574,373.3133,12651370
2023-12-27,372.3468,373.7118,371.4715,372.7254,14872959
2023-12-28,374.0207,375.1048,372.8151,373.9310,14187902
2023-12-29,374.6485,375.8043,372.1375,374.6883,18730838
2024-01-02,372.5161,374.5488,365.4526,369.5369,24824827
2024-01-03,367.6836,371.9145,367.1854,369.2679,21799113
2024-01-04,369.3326,371.7589,365.8502,366.6174,20675519
2024-01-05,367.6437,370.7226,365.1826,366.4281,20001922
2024-01-08,367.9725,373.8513,367.6836,373.3432,22306312
2024-01-09,370.6728,374.6385,369.8557,374.4392,20572682
2024-01-10,375.0171,382.7891,374.9673,381.3941,25173523
2024-01-11,384.6125,389.2757,379.0127,383.2474,27421649
2024-01-12,384.1043,387.2829,383.2674,387.0736,21661153
2024-01-16,392.2450,392.6136,386.2296,388.8672,26922444
2024-01-17,386.5854,388.7077,383.4268,388.0700,21454040
2024-01-18,390.3119,392.5738,388.7177,392.4542,21984493
2024-01-19,394.3374,397.2370,392.0855,397.2370,27759247
2024-01-22,398.5821,399.1800,392.1752,395.0847,24314063
2024-01-23,394.3275,397.9444,392.5140,397.4661,18230907
2024-01-24,400.0966,404.1719,399.0106,401.1130,23281889
2024-01-25,402.8667,405.5470,401.0825,403.4147,20942238
2024-01-26,402.9165,404.7100,400.9834,402.4781,17581732
2024-01-29,404.6004,408.5063,402.8766,408.2472,23293066
2024-01-30,410.7781,411.5653,404.9891,407.1213,29444857
2024-01-31,405.4972,413.8271,395.7822,396.1509,46777099
2024-02-01,400.3856,406.5334,400.3557,402.3286,29229284
2024-02-02,402.3585,411.1667,402.1094,409.7419,27653887
2024-02-05,408.4266,409.6821,402.5378,404.1919,25052953
2024-02-06,404.4210,406.5035,401.4617,404.0324,18265592
2024-02-07,405.9754,412.8108,405.9356,412.5617,22262598
2024-02-08,412.5617,414.0663,411.0471,412.6215,20554530
2024-02-09,413.7574,419.3073,413.5979,419.0383,21765519
2024-02-12,419.0433,419.2276,413.2592,413.7673,20434175
2024-02-13,403.4844,408.5970,401.9400,404.8595,27219439
2024-02-14,407.3479,409.1148,403.8541,408.7654,20218173
2024-02-15,407.4178,408.4060,403.5746,405.8406,21739894
2024-02-16,407.2381,407.5675,402.7261,403.3450,22296495
2024-02-20,402.5264,403.7742,397.3057,402.0772,24041834
2024-02-21,399.4619,401.5781,396.5171,401.4683,17850304
2024-02-22,409.4641,412.0995,407.8470,410.9216,25682489
2024-02-23,414.9344,415.1241,408.2463,409.6139,16181134
2024-02-26,410.7269,411.4307,406.6391,406.8188,15929912
2024-02-27,407.2680,407.5974,403.1354,406.7589,14808550
2024-02-28,407.4527,408.5757,404.6029,406.9985,13082424
2024-02-29,407.9169,413.4670,405.2017,412.9080,31732678
2024-03-01,410.5422,415.1341,410.1529,414.7647,17604672
2024-03-04,412.7084,416.6115,411.5904,414.1858,17121002
2024-03-05,413.2275,413.5170,399.9310,401.9375,26778475
2024-03-06,402.2569,404.4430,397.6850,401.3785,22158335
2024-03-07,405.4013,409.0549,401.5282,408.4160,18221414
2024-03-08,407.2381,409.6937,403.6145,405.5012,17320090
2024-03-11,403.0475,404.9621,400.5499,403.8042,15998511
2024-03-12,406.8987,414.8346,406.0702,414.5451,21563656
2024-03-13,417.3601,417.4400,410.7219,414.3654,16990048
2024-03-14,419.4964,427.0629,417.2503,424.4675,33962218
2024-03-15,418.5480,421.8522,412.0595,415.6831,43738698
2024-03-18,413.5170,419.9855,413.0478,416.5815,20051276
2024-03-19,417.0906,420.9194,414.8147,420.6643,19827590
2024-03-20,421.2532,425.2062,419.9156,424.4775,17626216
2024-03-21,429.0694,430.0576,426.4041,428.6102,21138563
2024-03-22,428.9396,429.0993,425.3160,427.9813,17209839
2024-03-25,424.4875,426.6537,420.8639,422.1117,17698755
2024-03-26,424.8569,425.2362,420.6044,420.9039,16622867
2024-03-27,423.6889,423.6989,418.2685,420.6842,16594820
2024-03-28,420.2151,421.1235,418.3783,419.9755,21871161
2024-04-01,423.1998,427.1328,421.4728,423.8187,15602611
2024-04-02,419.3666,421.6326,417.1006,420.6942,17861855
2024-04-03,418.9873,422.5110,418.3434,419.7060,16462007
2024-04-04,424.2379,427.9114,416.8311,417.1405,19290884
2024-04-05,419.2668,425.7553,417.5798,424.7670,16538505
2024-04-08,424.4176,426.5239,422.5509,423.8387,14248192
2024-04-09,425.6854,426.9831,420.8739,425.5257,12468710
2024-04-10,421.4429,423.2796,418.9573,422.5110,16116954
2024-04-11,425.0665,428.6102,421.6126,427.1727,17892234
2024-04-12,423.2996,424.4270,419.0272,421.1534,19164480
2024-04-15,425.8451,426.0647,412.6984,412.9080,20179598
2024-04-16,413.8364,417.6596,412.9980,413.8464,16711781
2024-04-17,416.5116,418.1388,409.6039,411.1112,15786067
2024-04-18,409.9034,411.1611,403.2352,403.5546,20573737
2024-04-19,403.3150,404.7625,397.0661,398.4137,29156722
2024-04-22,399.3720,402.1371,395.0497,400.2505,19585778
2024-04-23,403.5197,407.4777,402.3468,406.8488,14981196
2024-04-24,408.8353,411.7401,406.0602,408.3361,14382044
2024-04-25,393.3327,399.1823,387.3434,398.3339,37975128
2024-04-26,411.4406,412.2692,405.0421,405.6010,29552826
2024-04-29,404.5329,405.6010,398.4836,401.5382,19278956
2024-04-30,400.7795,401.4483,388.4813,388.6411,28532526
2024-05-01,391.9152,401.0090,389.6193,394.2411,23028275
2024-05-02,396.9563,399.2223,393.9531,397.1360,17217839
2024-05-03,401.5681,406.4295,401.1489,405.9404,17402077
2024-05-06,408.0367,413.1975,405.6510,412.8082,16361716
2024-05-07,413.9262,413.9362,408.3661,408.6156,19961221
2024-05-08,407.4477,411.5005,405.9935,409.8135,11011627
2024-05-09,409.8435,411.9897,408.3761,411.5904,13597282
2024-05-10,412.2043,414.6450,411.0713,414.0061,12465812
2024-05-13,417.2703,417.6077,410.0930,412.9879,14414312
2024-05-14,411.2909,416.7512,410.8217,415.8229,14224641
2024-05-15,417.9000,423.8100,417.2700,423.0800,21042457
2024-05-16,421.8000,425.4200,420.3500,420.9900,17125691
2024-05-17,422.5400,422.9200,418.0250,420.2100,15186838
2024-05-20,420.2100,426.7700,419.9900,425.3400,14214395
2024-05-21,426.8250,432.9700,424.8500,429.0400,20430468
2024-05-22,430.0900,432.4100,427.1300,430.5200,17845210
2024-05-23,432.9700,433.6000,425.4240,427.0000,16985166
2024-05-24,427.1900,431.0550,424.4100,430.1600,11792978
2024-05-28,429.6300,430.8200,426.6000,430.3200,15414336
2024-05-29,425.6900,430.9400,425.6900,429.1700,15341914
2024-05-30,424.3000,424.3000,414.2400,414.6700,28205074
2024-05-31,416.7500,416.7500,404.5100,415.1300,47738785
2024-06-03,415.5250,416.4300,408.9234,413.5200,16959455
2024-06-04,412.4300,416.4400,409.6750,416.0700,13573814
2024-06-05,417.8100,424.0800,416.3000,424.0100,16269700
2024-06-06,424.0100,425.3100,420.5800,424.5200,14827367
2024-06-07,426.2000,426.2800,423.0000,423.8500,12994040
2024-06-10,424.7000,428.0800,423.8900,427.8700,13419401
2024-06-11,425.4750,432.8200,425.2500,432.6800,14924697
2024-06-12,435.3200,443.4000,433.2500,441.0600,22174612
2024-06-13,440.8500,443.3900,439.3700,441.5800,15895639
2024-06-14,438.2750,443.1376,436.7210,442.5700,13540313
2024-06-17,442.5850,450.9400,440.7200,448.3700,20242016
2024-06-18,449.7050,450.1400,444.8900,446.3400,16418220
2024-06-20,446.3000,446.5300,441.2700,445.7000,19834744
2024-06-21,447.3800,450.5800,446.5100,449.7800,34236413
2024-06-24,449.8000,452.7500,446.4100,447.6700,15683949
2024-06-25,448.2500,451.4200,446.7500,450.9500,16413360
2024-06-26,449.0000,453.6000,448.1900,452.1600,15597649
2024-06-27,452.1750,456.1700,451.7700,452.8500,14330548
2024-06-28,453.0700,455.3800,446.4100,446.9500,28244723
2024-07-01,448.6600,457.3700,445.6600,456.7300,17552812
2024-07-02,453.2000,459.5900,453.1130,459.2800,13921757
2024-07-03,458.1900,461.0200,457.8800,460.7700,9905752
2024-07-05,459.6100,468.3500,458.9650,467.5600,15702180
2024-07-08,466.5500,467.7000,464.4600,466.2400,12916457
2024-07-09,467.0000,467.3300,458.0000,459.5400,17148392
2024-07-10,461.2200,466.4600,458.8550,466.2500,17771598
2024-07-11,462.9800,464.7800,451.5500,454.7000,22849825
2024-07-12,454.3250,456.3600,450.6450,453.5500,16192916
2024-07-15,453.3000,457.2600,451.4300,453.9600,13628915
2024-07-16,454.2200,454.3000,446.6600,449.5200,17127574
2024-07-17,442.5900,444.8500,439.1800,443.5200,21741148
2024-07-18,444.3400,444.6500,434.4000,440.3700,20738382
2024-07-19,433.1000,441.1400,432.0000,437.1100,20827294
2024-07-22,441.7900,444.6000,438.9125,442.9400,15623277
2024-07-23,443.8950,448.3900,443.1000,444.8500,12297201
2024-07-24,440.4500,441.4800,427.5850,428.9000,26648781
2024-07-25,428.8000,429.8000,417.5100,418.4000,29169619
2024-07-26,418.2000,428.9150,417.2700,425.2700,22943444
2024-07-29,431.5800,432.1500,424.7042,426.7300,14557742
2024-07-30,427.7200,429.0500,417.3600,422.9200,28060097
2024-07-31,420.4950,421.7750,412.2100,418.3500,42148745
2024-08-01,420.7850,427.4600,413.0901,417.1100,29105441
2024-08-02,412.4900,415.0000,404.3400,408.4900,29238802
2024-08-05,389.1700,401.0400,385.5800,395.1500,40664913
2024-08-06,400.0000,405.6700,398.5000,399.6100,24836176
2024-08-07,408.6350,410.0800,397.4700,398.4300,19231639
