Date,Open,High,Low,Close,Volume
2002-02-13,1.6166,1.6896,1.5998,1.6880,76216000
2002-02-14,1.7090,1.7123,1.6670,1.6796,11021600
2002-02-15,1.6838,1.6838,1.6544,1.6712,8389600
2002-02-19,1.6628,1.6628,1.5746,1.6040,7410400
2002-02-20,1.6586,1.6586,1.5998,1.6586,6892800
2002-02-21,1.6527,1.6670,1.6376,1.6544,6976800
2002-02-22,1.6670,1.6670,1.6124,1.6250,3525600
2002-02-25,1.6208,1.6502,1.6023,1.6376,3453600
2002-02-26,1.6292,1.6544,1.6031,1.6376,2761600
2002-02-27,1.6250,1.6258,1.5956,1.6082,4091200
2002-02-28,1.6124,1.6334,1.6040,1.6040,2751200
2002-03-01,1.5998,1.6418,1.5939,1.6267,1913600
2002-03-04,1.6334,1.6636,1.6309,1.6544,3180800
2002-03-05,1.6460,1.6502,1.6090,1.6166,3444800
2002-03-06,1.6157,1.6317,1.6124,1.6250,1316800
2002-03-07,1.6250,1.7299,1.6250,1.7148,2700800
2002-03-08,1.7048,1.7635,1.7048,1.7551,1600800
2002-03-11,1.7467,1.7971,1.7425,1.7778,5462400
2002-03-12,1.8391,1.8391,1.7635,1.7803,5819200
2002-03-13,1.7803,1.8055,1.7341,1.7652,5063200
2002-03-14,1.7803,1.7803,1.7501,1.7635,1696800
2002-03-15,1.7635,1.7719,1.6712,1.7090,1708000
2002-03-18,1.7131,1.7131,1.5998,1.6208,2207200
2002-03-19,1.6334,1.6376,1.5620,1.5704,3229600
2002-03-20,1.5578,1.5578,1.4276,1.5133,9236000
2002-03-21,1.6166,1.6166,1.5133,1.5746,4427200
2002-03-22,1.5746,1.6451,1.5544,1.6208,2494400
2002-03-25,1.6376,1.6636,1.6107,1.6560,7571200
2002-03-26,1.6796,1.6880,1.6611,1.6779,1816800
2002-03-27,1.7635,1.7635,1.6712,1.7299,1369600
2002-03-28,1.7215,1.7299,1.6880,1.6964,1714400
2002-04-01,1.6838,1.6838,1.5956,1.5998,1880000
2002-04-02,1.5956,1.5956,1.5410,1.5653,2098400
2002-04-03,1.5662,1.5788,1.5486,1.5620,567200
2002-04-04,1.5578,1.5998,1.5578,1.5914,763200
2002-04-05,1.5914,1.6292,1.5528,1.5528,837600
2002-04-08,1.5620,1.5620,1.4923,1.5368,1558400
2002-04-09,1.5284,1.6124,1.5284,1.5914,3562400
2002-04-10,1.5872,1.5998,1.5746,1.5889,1302400
2002-04-11,1.5880,1.5880,1.5536,1.5536,1444000
2002-04-12,1.5662,1.5662,1.5166,1.5326,1236000
2002-04-15,1.5284,1.5595,1.5276,1.5586,1559200
2002-04-16,1.5746,1.6124,1.5746,1.5956,1225600
2002-04-17,1.6166,1.7006,1.6166,1.6636,3348800
2002-04-18,1.6636,1.6922,1.6577,1.6636,984800
2002-04-19,1.6636,1.7090,1.6636,1.7022,646400
2002-04-22,1.6922,1.6922,1.6636,1.6796,772800
2002-04-23,1.6754,1.7006,1.6376,1.6418,824800
2002-04-24,1.6392,1.6468,1.6292,1.6300,1064800
2002-04-25,1.6300,1.6300,1.6099,1.6292,1727200
2002-04-26,1.6208,1.6443,1.6166,1.6166,1653600
2002-04-29,1.6082,1.6082,1.5788,1.5872,2562400
2002-04-30,1.5746,1.6208,1.5704,1.5998,6894400
2002-05-01,1.6208,1.7215,1.6208,1.7215,1672000
2002-05-02,1.7131,1.7627,1.7131,1.7493,3316000
2002-05-03,1.7467,1.7476,1.7266,1.7467,463200
2002-05-06,1.7459,1.8971,1.7459,1.8265,2146400
2002-05-07,1.8181,1.8475,1.8013,1.8055,452800
2002-05-08,1.8223,1.8895,1.8223,1.8811,658400
2002-05-09,1.8895,1.9483,1.8895,1.9189,847200
2002-05-10,1.9315,1.9676,1.8475,1.8526,696000
2002-05-13,1.8534,1.8534,1.7509,1.8055,1929600
2002-05-14,1.8475,1.8811,1.7467,1.7467,3958400
2002-05-15,1.7383,1.7635,1.6670,1.6670,5829600
2002-05-16,1.6670,1.7383,1.6670,1.7299,5286400
2002-05-17,1.7425,1.8055,1.7425,1.7829,4351200
2002-05-20,1.7829,1.8055,1.7719,1.7954,2336000
2002-05-21,1.8979,1.9021,1.7173,1.7215,3872000
2002-05-22,1.7182,1.8055,1.7048,1.7845,1847200
2002-05-23,1.7845,1.9063,1.7845,1.8819,2157600
2002-05-24,1.8761,1.9903,1.8761,1.9701,2212000
2002-05-28,1.9777,2.0398,1.9567,2.0331,2082400
2002-05-29,2.0331,2.0331,1.9735,1.9819,4728000
2002-05-30,1.9819,1.9819,1.9441,1.9533,3941600
2002-05-31,1.9533,2.0407,1.9533,2.0314,2708000
2002-06-03,2.0314,2.0314,1.9432,1.9525,1817600
2002-06-04,1.9491,2.0071,1.9231,1.9676,1933600
2002-06-05,1.9735,1.9886,1.9407,1.9525,1752000
2002-06-06,1.9525,1.9861,1.9474,1.9525,1403200
2002-06-07,1.9315,1.9516,1.8945,1.9273,1752000
2002-06-10,1.9273,1.9567,1.8727,1.8895,854400
2002-06-11,1.8996,1.9105,1.8912,1.9105,323200
2002-06-12,1.8903,1.8912,1.8324,1.8811,532000
2002-06-13,1.8811,1.9399,1.8559,1.9281,1297600
2002-06-14,1.9265,1.9265,1.7929,1.8903,718400
2002-06-17,1.8979,1.9693,1.8979,1.9332,936800
2002-06-18,1.9332,1.9441,1.8727,1.8912,260000
2002-06-19,1.8895,1.9441,1.8895,1.9315,905600
2002-06-20,1.9197,1.9197,1.8299,1.8391,509600
2002-06-21,1.8265,1.8265,1.7551,1.7635,1016000
2002-06-24,1.7635,1.7635,1.6712,1.7232,1092800
2002-06-25,1.7232,1.7459,1.6779,1.6779,829600
2002-06-26,1.6586,1.6586,1.5418,1.5914,2882400
2002-06-27,1.6040,1.6796,1.5880,1.6796,1632000
2002-06-28,1.6754,1.7904,1.6653,1.7627,3480000
2002-07-01,1.7551,1.7627,1.6502,1.6577,1088000
2002-07-02,1.6569,1.6569,1.5007,1.5754,1637600
2002-07-03,1.5704,1.6040,1.4486,1.5536,2226400
2002-07-05,1.5620,1.6342,1.5620,1.5964,455200
2002-07-08,1.6040,1.7090,1.5939,1.6636,1433600
2002-07-09,1.6544,1.7157,1.6157,1.6376,2162400
2002-07-10,1.6376,1.6880,1.5914,1.6124,2144000
2002-07-11,1.5998,1.6031,1.4906,1.5477,2443200
2002-07-12,1.5477,1.5477,1.4755,1.4856,1052800
2002-07-15,1.4839,1.4839,1.3269,1.4024,1300000
2002-07-16,1.3814,1.4167,1.3512,1.3596,1246400
2002-07-17,1.3638,1.3982,1.2009,1.3512,6398400
2002-07-18,1.3512,1.3772,1.3403,1.3470,1261600
2002-07-19,1.3394,1.3445,1.3143,1.3252,1353600
2002-07-22,1.3201,1.3831,1.3101,1.3269,999200
2002-07-23,1.3352,1.3772,1.2807,1.3436,2536000
2002-07-24,1.3269,1.4797,1.2588,1.4772,1784800
2002-07-25,1.4780,1.4780,1.3940,1.4259,560800
2002-07-26,1.4268,1.4864,1.4268,1.4730,668800
2002-07-29,1.4747,1.5410,1.4747,1.5368,936000
2002-07-30,1.5368,1.5452,1.4822,1.5074,716800
2002-07-31,1.4906,1.4914,1.4469,1.4696,777600
2002-08-01,1.4612,1.4612,1.3613,1.4016,1011200
2002-08-02,1.3898,1.3898,1.2471,1.2681,1099200
2002-08-05,1.2681,1.3168,1.2681,1.2891,702400
2002-08-06,1.3017,1.3344,1.3017,1.3260,1688800
2002-08-07,1.3285,1.3436,1.2975,1.3344,1560800
2002-08-08,1.3269,1.3310,1.1631,1.2513,4937600
2002-08-09,1.2513,1.3101,1.2513,1.2807,946400
2002-08-12,1.2798,1.3646,1.2765,1.3646,926400
2002-08-13,1.3856,1.4453,1.3655,1.3730,1760800
2002-08-14,1.3730,1.4948,1.3730,1.4528,3224800
2002-08-15,1.5116,1.5746,1.5116,1.5200,3407200
2002-08-16,1.5200,1.6628,1.5200,1.5897,1723200
2002-08-19,1.5897,1.7157,1.5704,1.6754,1722400
2002-08-20,1.7383,1.8055,1.6964,1.7568,5432800
2002-08-21,1.7593,1.8055,1.7232,1.8013,1994400
2002-08-22,1.7803,1.8055,1.7131,1.7215,3035200
2002-08-23,1.7215,1.7224,1.6586,1.6586,1333600
2002-08-26,1.6594,1.7425,1.6569,1.7350,2069600
2002-08-27,1.7383,1.7669,1.7173,1.7308,1864800
2002-08-28,1.7257,1.7845,1.7098,1.7551,2461600
2002-08-29,1.7484,1.8005,1.7190,1.7996,1388000
2002-08-30,1.8139,1.8467,1.7467,1.7467,778400
2002-09-03,1.7467,1.7467,1.6418,1.6796,1085600
2002-09-04,1.6964,1.7283,1.5620,1.5620,2308800
2002-09-05,1.5536,1.6376,1.5477,1.6107,1292800
2002-09-06,1.6166,1.6628,1.6166,1.6468,1339200
2002-09-09,1.6502,1.6838,1.5620,1.6838,1700000
2002-09-10,1.6896,1.7207,1.6661,1.7131,1416800
2002-09-11,1.7299,1.7543,1.7299,1.7467,599200
2002-09-12,1.7677,1.7703,1.7131,1.7131,1172000
2002-09-13,1.6964,1.6964,1.6460,1.6460,288000
2002-09-16,1.6468,1.6997,1.6460,1.6972,484800
2002-09-17,1.7182,1.7518,1.6678,1.7148,388800
2002-09-18,1.7048,1.7123,1.6670,1.6880,408000
2002-09-19,1.6964,1.7425,1.6796,1.7031,3078400
2002-09-20,1.7526,1.7526,1.6628,1.6838,737600
2002-09-23,1.6846,1.6871,1.6695,1.6712,1595200
2002-09-24,1.6678,1.6686,1.5662,1.6309,1099200
2002-09-25,1.6342,1.6602,1.6334,1.6502,840000
2002-09-26,1.6628,1.7341,1.6586,1.7341,1353600
2002-09-27,1.7341,1.8601,1.7341,1.7870,2938400
2002-09-30,1.7870,1.7971,1.6334,1.7173,2290400
2002-10-01,1.7173,1.7173,1.5964,1.6796,3411200
2002-10-02,1.6670,1.6787,1.6208,1.6628,1560000
2002-10-03,1.6695,1.6695,1.6082,1.6082,1212000
2002-10-04,1.6199,1.6502,1.5536,1.6216,2060800
2002-10-07,1.6040,1.6124,1.5620,1.5620,1420800
2002-10-08,1.5788,1.6191,1.5763,1.5872,1255200
2002-10-09,1.5788,1.5872,1.4671,1.4671,1482400
2002-10-10,1.4696,1.5729,1.4503,1.5376,2052800
2002-10-11,1.5460,1.5746,1.5452,1.5595,1828000
2002-10-14,1.5511,1.5830,1.5410,1.5737,673600
2002-10-15,1.6376,1.6670,1.6099,1.6451,1840800
2002-10-16,1.6384,1.6544,1.6090,1.6376,1138400
2002-10-17,1.6544,1.7350,1.6359,1.6611,1288800
2002-10-18,1.6611,1.7543,1.6594,1.7090,1427200
2002-10-21,1.7098,1.7627,1.6880,1.7509,1616800
2002-10-22,1.5284,1.6628,1.5284,1.6099,7187200
2002-10-23,1.6073,1.6829,1.6073,1.6745,1184800
2002-10-24,1.6880,1.7199,1.6880,1.7131,1300800
2002-10-25,1.7048,1.7635,1.6997,1.7090,2435200
2002-10-28,1.7215,1.7215,1.5553,1.5578,4722400
2002-10-29,1.5586,1.5586,1.4965,1.5116,4871200
2002-10-30,1.5368,1.5578,1.5082,1.5116,4926400
2002-10-31,1.5242,1.5242,1.4948,1.5032,1644000
2002-11-01,1.5032,1.5032,1.4427,1.4805,2742400
2002-11-04,1.5015,1.5410,1.5015,1.5183,1336800
2002-11-05,1.5192,1.5746,1.5040,1.5746,2224800
2002-11-06,1.5763,1.5939,1.5536,1.5620,910400
2002-11-07,1.5494,1.5754,1.5326,1.5511,834400
2002-11-08,1.5511,1.5511,1.4301,1.4301,2266400
2002-11-11,1.4360,1.4679,1.4192,1.4612,1081600
2002-11-12,1.4654,1.5973,1.4646,1.5452,2532000
2002-11-13,1.5452,1.6090,1.5133,1.5956,3766400
2002-11-14,1.6040,1.6401,1.5746,1.5956,1755200
2002-11-15,1.6040,1.7131,1.6040,1.6938,2507200
2002-11-18,1.7551,1.7593,1.6628,1.6997,4120000
2002-11-19,1.5998,1.6040,1.4780,1.6040,9400000
2002-11-20,1.6040,1.6418,1.5578,1.6166,2154400
2002-11-21,1.6292,1.6544,1.5746,1.6325,2915200
2002-11-22,1.6325,1.6325,1.5368,1.5536,3816800
2002-11-25,1.5704,1.5914,1.5536,1.5586,1702400
2002-11-26,1.5595,1.5813,1.5166,1.5536,1782400
2002-11-27,1.5620,1.5847,1.5519,1.5679,1418400
2002-11-29,1.6082,1.6082,1.5620,1.5620,461600
2002-12-02,1.5956,1.6586,1.5746,1.5872,3728000
2002-12-03,1.5746,1.6233,1.5334,1.6006,1670400
2002-12-04,1.5914,1.6166,1.5788,1.5788,1547200
2002-12-05,1.5830,1.6569,1.5788,1.6166,2463200
2002-12-06,1.6082,1.6208,1.5746,1.6141,1127200
2002-12-09,1.5620,1.5721,1.5074,1.5242,1407200
2002-12-10,1.5410,1.5620,1.5150,1.5217,2289600
2002-12-11,1.5284,1.5418,1.4402,1.4453,2988800
2002-12-12,1.4453,1.5200,1.4402,1.5200,1598400
2002-12-13,1.4864,1.4864,1.3269,1.3269,5163200
2002-12-16,1.3436,1.3680,1.3352,1.3436,3011200
2002-12-17,1.3604,1.3638,1.2219,1.2513,6561600
2002-12-18,1.1337,1.1505,1.0648,1.1186,15253600
2002-12-19,0.8339,0.8818,0.7575,0.7827,38963200
2002-12-20,0.7978,0.8104,0.7667,0.7953,23508800
2002-12-23,0.7928,0.8053,0.7768,0.7894,10243200
2002-12-24,0.7642,0.7726,0.7491,0.7684,4208000
2002-12-26,0.7768,0.7894,0.7692,0.7726,2602400
2002-12-27,0.7726,0.7877,0.7625,0.7852,4116000
2002-12-30,0.7768,0.8179,0.7718,0.8171,2522400
2002-12-31,0.8171,0.8272,0.7768,0.8230,2881600
2003-01-02,0.8230,0.8356,0.8045,0.8163,2815200
2003-01-03,0.8188,0.8373,0.8112,0.8289,1894400
2003-01-06,0.8650,0.8650,0.8188,0.8297,2815200
2003-01-07,0.8566,0.8675,0.8398,0.8482,3504000
2003-01-08,0.9028,0.9028,0.8373,0.8524,3288800
2003-01-09,0.8792,0.9137,0.8792,0.8902,10240800
2003-01-10,0.8902,0.8944,0.8574,0.8717,2906400
2003-01-13,0.8902,0.8994,0.8734,0.8860,1628800
2003-01-14,0.8834,0.8834,0.8230,0.8314,5394400
2003-01-15,0.8305,0.8305,0.7331,0.8011,9749600
2003-01-16,0.8095,0.8205,0.7936,0.8020,2660000
2003-01-17,0.7936,0.8104,0.7785,0.8020,2741600
2003-01-21,0.7936,0.8121,0.7684,0.8104,3869600
2003-01-22,0.8020,0.8314,0.7844,0.8314,2268800
2003-01-23,0.8297,0.8314,0.7852,0.8188,2531200
2003-01-24,0.7978,0.8053,0.7617,0.7902,5676000
2003-01-27,0.7827,0.7936,0.7558,0.7558,3596800
2003-01-28,0.7634,0.7760,0.7466,0.7541,5787200
2003-01-29,0.7642,0.7768,0.7474,0.7550,3560800
2003-01-30,0.7642,0.7709,0.7138,0.7449,3940800
2003-01-31,0.7449,0.7499,0.7138,0.7138,2208000
2003-02-03,0.7222,0.7398,0.6886,0.6937,2149600
2003-02-04,0.6886,0.7264,0.6853,0.7130,2489600
2003-02-05,0.7138,0.7239,0.6878,0.6928,3685600
2003-02-06,0.6928,0.7054,0.6567,0.6718,3609600
2003-02-07,0.6752,0.6878,0.6634,0.6651,2403200
2003-02-10,0.6567,0.6718,0.6424,0.6483,3335200
2003-02-11,0.6567,0.6710,0.6298,0.6374,5256000
2003-02-12,0.6424,0.6844,0.6424,0.6718,2116000
2003-02-13,0.6752,0.6869,0.6483,0.6651,3216800
2003-02-14,0.6676,0.6928,0.6617,0.6911,1928800
2003-02-18,0.7558,0.8608,0.7499,0.8566,14183200
2003-02-19,0.8608,0.8843,0.8398,0.8734,4581600
2003-02-20,0.8734,0.8776,0.8541,0.8557,2695200
2003-02-21,0.8633,0.8944,0.8608,0.8902,4217600
2003-02-24,0.8792,0.9028,0.8431,0.8692,2048800
2003-02-25,0.8398,0.8734,0.8230,0.8658,2479200
2003-02-26,0.8608,0.8826,0.8524,0.8532,901600
2003-02-27,0.8398,0.9053,0.8356,0.8616,3037600
2003-02-28,0.8650,0.8885,0.8566,0.8818,2528800
2003-03-03,0.8860,0.9145,0.8860,0.9053,1984000
2003-03-04,0.9070,0.9070,0.8692,0.8734,1655200
2003-03-05,0.8700,0.8860,0.8608,0.8818,3040800
2003-03-06,0.8818,0.9221,0.8683,0.9070,1593600
2003-03-07,0.9078,0.9288,0.8944,0.9170,2727200
2003-03-10,0.9170,0.9187,0.8902,0.8902,1478400
2003-03-11,0.8986,0.9154,0.8902,0.9002,871200
2003-03-12,0.9019,0.9380,0.8960,0.9238,2159200
2003-03-13,0.9406,0.9951,0.9330,0.9691,5355200
2003-03-14,1.0077,1.0363,1.0077,1.0161,7757600
2003-03-17,1.0077,1.0354,0.9977,1.0203,2560000
2003-03-18,1.0321,1.0497,1.0153,1.0161,1610400
2003-03-19,1.0203,1.0405,1.0077,1.0187,2491200
2003-03-20,0.9448,0.9960,0.9238,0.9909,5579200
2003-03-21,0.9951,1.0329,0.9951,1.0178,2633600
2003-03-24,1.0077,1.0103,0.9783,0.9884,1311200
2003-03-25,0.9867,1.0077,0.9733,0.9993,2338400
2003-03-26,0.9951,1.0136,0.9876,1.0077,3872000
2003-03-27,0.9993,1.0203,0.9867,1.0077,1572800
2003-03-28,1.0077,1.0354,0.9825,1.0111,1539200
2003-03-31,1.0077,1.0245,0.9809,1.0077,2738400
2003-04-01,1.0086,1.0229,0.9951,1.0086,1600800
2003-04-02,1.0220,1.0413,1.0220,1.0229,2104800
2003-04-03,1.0237,1.0363,1.0061,1.0061,1254400
2003-04-04,1.0195,1.0816,1.0061,1.0816,2118400
2003-04-07,1.0875,1.1219,1.0816,1.0875,5702400
2003-04-08,1.0875,1.1144,1.0598,1.0749,2711200
2003-04-09,1.0665,1.0867,1.0455,1.0548,1153600
2003-04-10,1.0413,1.0581,1.0077,1.0354,852000
2003-04-11,1.0665,1.0816,1.0422,1.0430,1669600
2003-04-14,1.0598,1.0766,1.0422,1.0707,874400
2003-04-15,1.0623,1.0707,1.0514,1.0539,707200
2003-04-16,1.0556,1.0833,1.0556,1.0606,2460800
2003-04-17,1.0539,1.0657,1.0396,1.0396,1225600
2003-04-21,1.0413,1.0615,1.0388,1.0581,614400
2003-04-22,1.0590,1.0926,1.0354,1.0665,1528000
2003-04-23,1.0749,1.1018,1.0682,1.0917,742400
2003-04-24,1.0833,1.0892,1.0119,1.0413,2826400
2003-04-25,1.0539,1.0556,1.0111,1.0145,979200
2003-04-28,1.0229,1.0506,1.0229,1.0312,1275200
2003-04-29,1.0455,1.0749,1.0455,1.0648,1404000
2003-04-30,1.0220,1.0296,0.9951,1.0035,4572800
2003-05-01,1.0035,1.0061,0.9305,0.9573,6383200
2003-05-02,0.9909,0.9985,0.9448,0.9456,3861600
2003-05-05,0.9490,1.0069,0.9490,1.0052,5194400
2003-05-06,1.0069,1.0413,0.9859,0.9859,2504800
2003-05-07,1.0161,1.1161,1.0119,1.1152,7851200
2003-05-08,1.1068,1.1110,1.0791,1.0959,3544800
2003-05-09,1.0942,1.1203,1.0926,1.1161,2789600
2003-05-12,1.1085,1.1656,1.0917,1.1513,2990400
2003-05-13,1.0917,1.1245,1.0850,1.0942,5832000
2003-05-14,1.1085,1.1480,1.1085,1.1211,3248000
2003-05-15,1.1295,1.1345,1.0884,1.0909,2109600
2003-05-16,1.0791,1.1001,1.0749,1.0917,3456800
2003-05-19,1.0833,1.0875,1.0371,1.0438,1703200
2003-05-20,1.0480,1.0665,0.9876,1.0145,5705600
2003-05-21,1.0153,1.0480,1.0052,1.0371,3861600
2003-05-22,1.0497,1.0497,0.9531,0.9699,12603200
2003-05-23,0.9741,0.9993,0.9699,0.9867,3620000
2003-05-27,0.9893,1.0229,0.9867,1.0119,6578400
2003-05-28,1.0581,1.0657,1.0270,1.0472,5043200
2003-05-29,1.0623,1.0707,1.0413,1.0472,3565600
2003-05-30,1.0581,1.1018,1.0522,1.0522,5804800
2003-06-02,1.0539,1.0951,1.0539,1.0615,6280000
2003-06-03,1.0749,1.0749,1.0464,1.0598,3224800
2003-06-04,1.0665,1.0749,1.0497,1.0581,2476000
2003-06-05,1.0581,1.0833,1.0531,1.0791,2214400
2003-06-06,1.0791,1.1085,1.0732,1.0833,2603200
2003-06-09,1.0833,1.0909,1.0590,1.0707,1652800
2003-06-10,1.0699,1.0816,1.0640,1.0707,1913600
2003-06-11,1.0749,1.0791,1.0665,1.0707,985600
2003-06-12,1.0791,1.0942,1.0665,1.0674,2263200
2003-06-13,1.0623,1.0875,1.0590,1.0707,856800
2003-06-16,1.0716,1.1127,1.0716,1.1077,3298400
2003-06-17,1.1169,1.1942,1.1144,1.1656,7159200
2003-06-18,1.1648,1.1765,1.1463,1.1648,1871200
2003-06-19,1.1648,1.1774,1.1261,1.1371,2144800
2003-06-20,1.1362,1.1530,1.1287,1.1404,643200
2003-06-23,1.1421,1.1421,1.1001,1.1001,2215200
2003-06-24,1.1001,1.1312,1.1001,1.1236,2541600
2003-06-25,1.1320,1.1320,1.1085,1.1085,876000
2003-06-26,1.1001,1.1018,1.0699,1.0867,3217600
2003-06-27,1.0867,1.0934,1.0522,1.0539,4385600
2003-06-30,1.0539,1.0892,1.0522,1.0850,7811200
2003-07-01,1.0959,1.1093,1.0707,1.1077,2725600
2003-07-02,1.1085,1.1623,1.1035,1.1421,3976000
2003-07-03,1.1337,1.1337,1.1127,1.1169,698400
2003-07-07,1.1253,1.1589,1.1253,1.1564,2100800
2003-07-08,1.1648,1.2387,1.1530,1.2252,7599200
2003-07-09,1.2286,1.2471,1.2084,1.2471,2591200
2003-07-10,1.2345,1.2395,1.2009,1.2009,2032800
2003-07-11,1.1984,1.2093,1.1698,1.1799,3182400
2003-07-14,1.2009,1.2311,1.2009,1.2093,2216800
2003-07-15,1.2177,1.2202,1.1715,1.1858,1241600
2003-07-16,1.1858,1.1874,1.1429,1.1438,1678400
2003-07-17,1.1127,1.1337,1.0900,1.1337,6809600
2003-07-18,1.1337,1.1690,1.1161,1.1379,1889600
2003-07-21,1.1379,1.1379,1.1085,1.1085,1136800
2003-07-22,1.1127,1.1522,1.1127,1.1522,780800
2003-07-23,1.1438,1.1438,1.1135,1.1135,1536800
2003-07-24,1.1219,1.1480,1.1219,1.1295,3165600
2003-07-25,1.1337,1.1505,1.1144,1.1337,4858400
2003-07-28,1.1295,1.1883,1.1295,1.1841,1265600
2003-07-29,1.1908,1.2261,1.1648,1.1967,1875200
2003-07-30,1.1883,1.1984,1.1715,1.1883,1607200
2003-07-31,1.1883,1.1883,1.1337,1.1421,1833600
2003-08-01,1.1429,1.1446,1.1177,1.1362,1719200
2003-08-04,1.1337,1.1547,1.1026,1.1547,1385600
2003-08-05,1.1505,1.1505,1.1186,1.1253,1742400
2003-08-06,1.1127,1.1127,1.0758,1.1001,3007200
2003-08-07,1.1001,1.1177,1.0842,1.1035,1733600
2003-08-08,1.1068,1.1152,1.0682,1.0682,3044800
2003-08-11,1.0690,1.0875,1.0514,1.0632,1729600
2003-08-12,1.0632,1.0850,1.0632,1.0707,1381600
2003-08-13,1.0791,1.0825,1.0749,1.0791,1910400
2003-08-14,1.0875,1.1110,1.0724,1.1001,3041600
2003-08-15,1.1010,1.1085,1.0959,1.1085,880000
2003-08-18,1.1085,1.1270,1.0791,1.0917,5063200
2003-08-19,1.1337,1.2101,1.1337,1.2026,9913600
2003-08-20,1.1883,1.2571,1.1757,1.2404,5542400
2003-08-21,1.2345,1.3294,1.2269,1.3134,7432800
2003-08-22,1.3646,1.3764,1.3436,1.3672,4632000
2003-08-25,1.3772,1.3991,1.3772,1.3856,3606400
2003-08-26,1.3604,1.3772,1.3260,1.3394,4282400
2003-08-27,1.3310,1.3873,1.3310,1.3772,1772800
2003-08-28,1.3856,1.4041,1.3697,1.3856,2484000
2003-08-29,1.3907,1.4268,1.3907,1.3966,1029600
2003-09-02,1.4066,1.4595,1.4066,1.4528,2410400
2003-09-03,1.4612,1.4998,1.4612,1.4923,3322400
2003-09-04,1.4780,1.5326,1.4696,1.5099,3259200
2003-09-05,1.5015,1.5200,1.4931,1.5116,3857600
2003-09-08,1.5116,1.5200,1.4486,1.4982,3529600
2003-09-09,1.4982,1.5183,1.4797,1.4864,2056800
2003-09-10,1.4738,1.4763,1.4369,1.4478,4885600
2003-09-11,1.4486,1.4671,1.4108,1.4268,2279200
2003-09-12,1.4268,1.4268,1.3185,1.4117,8944000
2003-09-15,1.4117,1.4604,1.4117,1.4444,4904000
2003-09-16,1.4520,1.4520,1.4108,1.4150,2780000
2003-09-17,1.4276,1.4696,1.4192,1.4503,1543200
2003-09-18,1.4402,1.4637,1.4335,1.4402,1971200
2003-09-19,1.4377,1.4570,1.4369,1.4402,2948000
2003-09-22,1.4318,1.4318,1.4024,1.4091,1579200
2003-09-23,1.4091,1.4444,1.3982,1.4402,2878400
2003-09-24,1.4335,1.4444,1.3730,1.3756,1897600
2003-09-25,1.3756,1.4125,1.3436,1.3436,2580000
2003-09-26,1.3520,1.3772,1.3352,1.3646,2954400
2003-09-29,1.3646,1.3705,1.3143,1.3688,1711200
2003-09-30,1.3772,1.3814,1.3227,1.3352,1328800
2003-10-01,1.3352,1.3982,1.3352,1.3646,2031200
2003-10-02,1.3604,1.3940,1.3604,1.3924,1287200
2003-10-03,1.4008,1.4268,1.3856,1.4008,1417600
2003-10-06,1.4091,1.4486,1.3840,1.4486,862400
2003-10-07,1.4276,1.4562,1.4159,1.4486,1112000
2003-10-08,1.4486,1.4679,1.4327,1.4343,1096000
2003-10-09,1.4444,1.4830,1.4444,1.4696,1604800
2003-10-10,1.4738,1.4772,1.4360,1.4629,1479200
2003-10-13,1.4612,1.5662,1.4528,1.5477,4789600
2003-10-14,1.5410,1.5830,1.5301,1.5830,2483200
2003-10-15,1.5956,1.5998,1.5813,1.5889,3519200
2003-10-16,1.5872,1.5872,1.5536,1.5721,2020000
2003-10-17,1.5536,1.5746,1.5284,1.5326,1344000
2003-10-20,1.5284,1.5494,1.5015,1.5158,2658400
2003-10-21,1.5158,1.5250,1.5057,1.5124,3004000
2003-10-22,1.5108,1.5116,1.4612,1.4738,3074400
2003-10-23,1.4444,1.4793,1.4243,1.4285,3544000
2003-10-24,1.4150,1.4150,1.3176,1.3495,5844000
2003-10-27,1.3571,1.4075,1.3571,1.4008,1797600
2003-10-28,1.4175,1.4914,1.4150,1.4570,2028000
2003-10-29,1.4486,1.4486,1.4117,1.4276,999200
2003-10-30,1.4486,1.4696,1.4276,1.4276,1977600
2003-10-31,1.4285,1.4486,1.4024,1.4125,2096800
2003-11-03,1.3487,1.4444,1.2933,1.3117,8729600
2003-11-04,1.3403,1.3529,1.3319,1.3327,5112800
2003-11-05,1.3436,1.4150,1.3411,1.4024,4628800
2003-11-06,1.4024,1.4780,1.3772,1.4192,6298400
2003-11-07,1.4234,1.4436,1.4108,1.4108,1880000
2003-11-10,1.4117,1.4117,1.3856,1.3982,2553600
2003-11-11,1.3873,1.4192,1.3873,1.4192,3220000
2003-11-12,1.4175,1.4528,1.4175,1.4503,2810400
2003-11-13,1.4419,1.4419,1.3999,1.4024,2245600
2003-11-14,1.4024,1.4058,1.3436,1.3579,1969600
2003-11-17,1.3579,1.3646,1.3243,1.3436,2148800
2003-11-18,1.3436,1.3798,1.2630,1.2723,5380000
2003-11-19,1.2933,1.3218,1.2723,1.2941,2281600
2003-11-20,1.3143,1.3982,1.3143,1.3621,6318400
2003-11-21,1.3789,1.3924,1.3520,1.3579,1628800
2003-11-24,1.3730,1.3982,1.3604,1.3831,1812000
2003-11-25,1.3907,1.3957,1.3520,1.3546,2044800
2003-11-26,1.3588,1.3898,1.3529,1.3571,1508000
2003-11-28,1.3604,1.3680,1.3529,1.3562,765600
2003-12-01,1.3730,1.3730,1.3260,1.3428,3568000
2003-12-02,1.3352,1.3352,1.2689,1.2807,4720800
2003-12-03,1.2933,1.3059,1.2815,1.2849,3321600
2003-12-04,1.2849,1.2849,1.1866,1.2479,4660800
2003-12-05,1.2395,1.2471,1.2236,1.2345,2948000
2003-12-08,1.2261,1.2387,1.2177,1.2320,1979200
2003-12-09,1.2345,1.2479,1.2000,1.2009,1828000
2003-12-10,1.2017,1.2227,1.1992,1.2143,2492000
2003-12-11,1.2177,1.2891,1.2177,1.2849,3736800
2003-12-12,1.2765,1.2933,1.2597,1.2714,1320800
2003-12-15,1.2924,1.2958,1.2093,1.2101,2688800
2003-12-16,1.2177,1.2546,1.2101,1.2546,2509600
2003-12-17,1.2471,1.2479,1.2219,1.2345,2261600
2003-12-18,1.2429,1.2882,1.2387,1.2723,2147200
2003-12-19,1.2765,1.3092,1.2739,1.2924,2088000
2003-12-22,1.2765,1.2849,1.2605,1.2630,1568800
2003-12-23,1.2672,1.3210,1.2672,1.3210,1188000
2003-12-24,1.3126,1.3126,1.2555,1.2588,893600
2003-12-26,1.2723,1.2765,1.2597,1.2647,596000
2003-12-29,1.2731,1.2933,1.2521,1.2933,1125600
2003-12-30,1.2899,1.3101,1.2882,1.3042,1088800
2003-12-31,1.3126,1.3134,1.2857,1.2941,1160800
2004-01-02,1.3269,1.3269,1.2639,1.2706,1301600
2004-01-05,1.2798,1.3487,1.2731,1.3487,3140800
2004-01-06,1.4251,1.5477,1.4251,1.5116,10285600
2004-01-07,1.4948,1.5141,1.4276,1.4318,3737600
2004-01-08,1.5074,1.5872,1.4789,1.5595,5824800
2004-01-09,1.5242,1.5578,1.5066,1.5091,3762400
2004-01-12,1.5099,1.5200,1.4889,1.5082,3532000
2004-01-13,1.5082,1.5082,1.4637,1.4965,1687200
2004-01-14,1.4998,1.4998,1.4705,1.4763,1610400
2004-01-15,1.4847,1.4847,1.4402,1.4612,2018400
2004-01-16,1.4864,1.4864,1.4587,1.4696,2268000
2004-01-20,1.4629,1.5024,1.4545,1.4612,2199200
2004-01-21,1.4679,1.4763,1.4427,1.4663,2417600
2004-01-22,1.4713,1.4780,1.4285,1.4453,2157600
2004-01-23,1.4495,1.4495,1.4108,1.4268,1616800
2004-01-26,1.4318,1.4469,1.3974,1.4394,2102400
2004-01-27,1.4486,1.4612,1.4251,1.4318,1401600
2004-01-28,1.4293,1.4301,1.3697,1.3898,1510400
2004-01-29,1.3856,1.4226,1.3378,1.3856,2201600
2004-01-30,1.3772,1.4091,1.3688,1.3940,1152000
2004-02-02,1.3940,1.4318,1.3714,1.3730,2384000
2004-02-03,1.3772,1.3982,1.3646,1.3680,1553600
2004-02-04,1.3646,1.3789,1.3495,1.3705,2297600
2004-02-05,1.3730,1.4108,1.3730,1.3856,1414400
2004-02-06,1.4024,1.4629,1.3999,1.4629,2170400
2004-02-09,1.4570,1.4570,1.4066,1.4108,2311200
2004-02-10,1.4192,1.4469,1.4133,1.4444,1301600
2004-02-11,1.4486,1.4881,1.4402,1.4696,1499200
2004-02-12,1.4705,1.4780,1.4646,1.4696,1062400
2004-02-13,1.4780,1.4780,1.4377,1.4427,1412800
2004-02-17,1.4461,1.5376,1.4461,1.5376,2278400
2004-02-18,1.5460,1.5620,1.4822,1.5158,2777600
2004-02-19,1.5494,1.5511,1.5124,1.5166,2091200
2004-02-20,1.5116,1.5166,1.4847,1.5116,1675200
2004-02-23,1.5116,1.5116,1.4864,1.4956,2349600
2004-02-24,1.5284,1.5830,1.5032,1.5645,5475200
2004-02-25,1.5645,1.5931,1.5502,1.5662,1902400
2004-02-26,1.5116,1.5578,1.4990,1.5519,2088000
2004-02-27,1.5603,1.5729,1.5460,1.5662,1702400
2004-03-01,1.5662,1.5729,1.5452,1.5586,974400
2004-03-02,1.5603,1.5737,1.5133,1.5242,2381600
2004-03-03,1.5326,1.5561,1.5007,1.5360,1089600
2004-03-04,1.5368,1.5368,1.5040,1.5124,1819200
2004-03-05,1.4990,1.5292,1.4847,1.5200,823200
2004-03-08,1.5158,1.5234,1.4889,1.4948,893600
2004-03-09,1.5116,1.5116,1.4797,1.4889,1060800
2004-03-10,1.4898,1.5200,1.4276,1.4335,2227200
2004-03-11,1.4402,1.4537,1.4159,1.4159,1601600
2004-03-12,1.4276,1.5032,1.4268,1.5032,1474400
2004-03-15,1.4948,1.4948,1.4511,1.4763,1458400
2004-03-16,1.4763,1.4839,1.4091,1.4419,1356800
2004-03-17,1.4419,1.4621,1.3865,1.4167,3562400
2004-03-18,1.4192,1.4192,1.3940,1.4050,1796800
2004-03-19,1.4133,1.4402,1.4066,1.4335,2048800
2004-03-22,1.4369,1.4369,1.3848,1.3865,1509600
2004-03-23,1.4108,1.4276,1.3940,1.4276,1937600
2004-03-24,1.4318,1.4486,1.4150,1.4268,2676000
2004-03-25,1.4444,1.4654,1.4360,1.4486,1376000
2004-03-26,1.4486,1.4730,1.4478,1.4679,2542400
2004-03-29,1.5116,1.5444,1.5032,1.5225,2706400
2004-03-30,1.5200,1.5217,1.4889,1.5082,1578400
2004-03-31,1.5192,1.5276,1.5015,1.5133,1370400
2004-04-01,1.5116,1.5326,1.4965,1.5057,1200000
2004-04-02,1.5250,1.5528,1.5200,1.5418,1431200
2004-04-05,1.5418,1.5553,1.5343,1.5502,1612800
2004-04-06,1.5368,1.5494,1.5318,1.5452,1045600
2004-04-07,1.5368,1.5452,1.5234,1.5385,870400
2004-04-08,1.5662,1.5729,1.5444,1.5469,1216000
2004-04-12,1.5452,1.5645,1.5393,1.5494,578400
2004-04-13,1.5494,1.5620,1.4982,1.5074,1197600
2004-04-14,1.4906,1.5360,1.4663,1.5040,1248000
2004-04-15,1.5158,1.5410,1.5133,1.5360,863200
2004-04-16,1.5242,1.5486,1.5124,1.5301,993600
2004-04-19,1.5301,1.5385,1.5091,1.5343,567200
2004-04-20,1.5452,1.5452,1.5108,1.5108,713600
2004-04-21,1.5158,1.5637,1.5108,1.5528,1426400
2004-04-22,1.5528,1.5704,1.5418,1.5570,1044000
2004-04-23,1.5578,1.5611,1.5166,1.5242,1183200
2004-04-26,1.5368,1.5368,1.5166,1.5250,544800
2004-04-27,1.5309,1.5536,1.5284,1.5351,961600
2004-04-28,1.5267,1.5292,1.5091,1.5108,1119200
2004-04-29,1.5200,1.5208,1.4789,1.4906,880000
2004-04-30,1.4990,1.4990,1.4595,1.4789,2173600
2004-05-03,1.4755,1.5276,1.4738,1.4923,1444000
2004-05-04,1.4923,1.5494,1.4923,1.5267,1389600
2004-05-05,1.5217,1.5368,1.5124,1.5183,812800
2004-05-06,1.5099,1.5217,1.4906,1.5158,1055200
2004-05-07,1.5074,1.5158,1.4772,1.4780,1816000
2004-05-10,1.4696,1.5007,1.4394,1.4444,1288800
2004-05-11,1.4654,1.4864,1.4570,1.4696,2290400
2004-05-12,1.4679,1.4805,1.4117,1.4562,1540800
2004-05-13,1.4562,1.4881,1.4276,1.4486,1621600
2004-05-14,1.4486,1.4579,1.4276,1.4335,1024000
2004-05-17,1.4268,1.4276,1.3823,1.3882,1733600
2004-05-18,1.3604,1.3604,1.2807,1.3227,5284800
2004-05-19,1.3562,1.3814,1.2891,1.3017,3824800
2004-05-20,1.3143,1.3420,1.2723,1.2874,3968000
2004-05-21,1.2991,1.3050,1.2891,1.2933,2605600
2004-05-24,1.3017,1.3420,1.2849,1.2924,1155200
2004-05-25,1.2924,1.3000,1.2832,1.2933,3429600
2004-05-26,1.2958,1.3302,1.2865,1.3185,3244000
2004-05-27,1.3151,1.3352,1.3117,1.3210,1440800
2004-05-28,1.3210,1.3269,1.3101,1.3117,1972000
2004-06-01,1.3117,1.3302,1.3025,1.3033,2676800
2004-06-02,1.3033,1.3143,1.3008,1.3067,3504800
2004-06-03,1.3067,1.3075,1.2773,1.2849,5264800
2004-06-04,1.2933,1.3193,1.2899,1.3092,3554400
2004-06-07,1.3269,1.3470,1.3227,1.3394,2432000
2004-06-08,1.3352,1.3478,1.3302,1.3394,1524000
2004-06-09,1.3352,1.3672,1.3352,1.3495,3109600
2004-06-10,1.3504,1.3512,1.3193,1.3285,2831200
2004-06-14,1.3227,1.3227,1.2815,1.2941,2829600
2004-06-15,1.3017,1.3201,1.2849,1.2933,3318400
2004-06-16,1.2991,1.3285,1.2975,1.3252,1603200
2004-06-17,1.3168,1.3168,1.2891,1.3025,1549600
2004-06-18,1.3033,1.3042,1.2613,1.2622,2098400
2004-06-21,1.2630,1.2798,1.2597,1.2597,3212800
2004-06-22,1.2597,1.2605,1.2177,1.2210,4074400
2004-06-23,1.2278,1.2513,1.2152,1.2462,4132000
2004-06-24,1.2504,1.2555,1.2353,1.2370,2618400
2004-06-25,1.2454,1.2681,1.2194,1.2681,4368000
2004-06-28,1.2681,1.2807,1.2555,1.2605,1071200
2004-06-29,1.2706,1.2723,1.2496,1.2513,951200
2004-06-30,1.2622,1.2874,1.2563,1.2781,2249600
2004-07-01,1.2781,1.2849,1.2320,1.2429,1580800
2004-07-02,1.2513,1.2647,1.2404,1.2479,1110400
2004-07-06,1.2488,1.2639,1.2236,1.2387,1435200
2004-07-07,1.2328,1.2597,1.2244,1.2244,2023200
2004-07-08,1.2244,1.2378,1.2135,1.2345,2152000
2004-07-09,1.2303,1.2454,1.2068,1.2429,1757600
2004-07-12,1.2345,1.2597,1.2202,1.2597,1244000
2004-07-13,1.2613,1.2891,1.2605,1.2714,3024800
2004-07-14,1.2681,1.2849,1.2597,1.2723,2243200
2004-07-15,1.2664,1.2798,1.2622,1.2672,2975200
2004-07-16,1.2706,1.2706,1.2420,1.2639,1953600
2004-07-19,1.2605,1.2689,1.2420,1.2429,1305600
2004-07-20,1.2345,1.2849,1.2269,1.2748,1123200
2004-07-21,1.2891,1.3369,1.2773,1.3033,3187200
2004-07-22,1.3017,1.3042,1.2681,1.2891,1840800
2004-07-23,1.2823,1.2823,1.2177,1.2227,2850400
2004-07-26,1.2303,1.2404,1.2236,1.2236,1063200
2004-07-27,1.2303,1.2849,1.2269,1.2840,1923200
2004-07-28,1.2765,1.2765,1.2597,1.2689,1484800
2004-07-29,1.2731,1.2958,1.2723,1.2924,948800
2004-07-30,1.2891,1.3017,1.2840,1.2933,649600
2004-08-02,1.2865,1.3176,1.2807,1.3168,728000
2004-08-03,1.3075,1.3210,1.2798,1.2849,2539200
2004-08-04,1.2849,1.3017,1.2689,1.2765,1422400
2004-08-05,1.2723,1.2773,1.2504,1.2555,1144000
2004-08-06,1.2429,1.2630,1.2152,1.2597,2006400
2004-08-09,1.2597,1.2807,1.2429,1.2488,1792800
2004-08-10,1.2571,1.3017,1.2571,1.2672,817600
2004-08-11,1.2681,1.2798,1.2521,1.2630,982400
2004-08-12,1.2555,1.2697,1.2311,1.2521,961600
2004-08-13,1.2555,1.2714,1.2446,1.2597,681600
2004-08-16,1.2513,1.3352,1.2513,1.3269,2464800
2004-08-17,1.3310,1.3630,1.3185,1.3478,5612000
2004-08-18,1.3445,1.4066,1.3369,1.4058,1912000
2004-08-19,1.3957,1.4436,1.3831,1.4402,3917600
2004-08-20,1.4570,1.4797,1.4083,1.4276,3558400
2004-08-23,1.4318,1.4343,1.3949,1.4050,923200
2004-08-24,1.4075,1.4444,1.4075,1.4243,1626400
2004-08-25,1.4243,1.4335,1.4175,1.4276,743200
2004-08-26,1.4234,1.4327,1.4117,1.4167,623200
2004-08-27,1.4234,1.4335,1.4175,1.4268,968000
2004-08-30,1.4226,1.4570,1.4167,1.4369,1219200
2004-08-31,1.4402,1.4427,1.4024,1.4075,1634400
2004-09-01,1.4075,1.4419,1.4075,1.4226,1335200
2004-09-02,1.4226,1.4562,1.4226,1.4528,988000
2004-09-03,1.4528,1.4528,1.4108,1.4495,797600
2004-09-07,1.4537,1.4654,1.4276,1.4553,762400
2004-09-08,1.4587,1.4688,1.4301,1.4310,520800
2004-09-09,1.4343,1.4562,1.4276,1.4495,684000
2004-09-10,1.4453,1.4621,1.4360,1.4478,618400
2004-09-13,1.4478,1.4763,1.4478,1.4553,1047200
2004-09-14,1.4436,1.4889,1.4427,1.4654,837600
2004-09-15,1.4545,1.4856,1.4545,1.4721,900800
2004-09-16,1.4772,1.4982,1.4738,1.4931,697600
2004-09-17,1.5057,1.5746,1.4696,1.5746,3007200
2004-09-20,1.5368,1.5536,1.5074,1.5200,1695200
2004-09-21,1.5242,1.5536,1.5158,1.5536,1024800
2004-09-22,1.5536,1.5553,1.4990,1.5284,1588800
2004-09-23,1.5284,1.5301,1.4931,1.4990,1520000
2004-09-24,1.5015,1.5360,1.4914,1.5326,1889600
2004-09-27,1.5284,1.5301,1.5032,1.5049,750400
2004-09-28,1.5049,1.5074,1.4839,1.4931,1472000
2004-09-29,1.4822,1.5267,1.4822,1.5259,1319200
2004-09-30,1.5259,1.5578,1.5200,1.5544,2827200
2004-10-01,1.5570,1.5897,1.5519,1.5889,2232000
2004-10-04,1.5956,1.6871,1.5628,1.6754,7313600
2004-10-05,1.6628,1.7182,1.6628,1.6989,2984800
2004-10-06,1.6930,1.7081,1.6401,1.6703,4059200
2004-10-07,1.6292,1.6300,1.5284,1.5889,7043200
2004-10-08,1.5880,1.6015,1.5662,1.5721,3828800
2004-10-11,1.5796,1.6183,1.5704,1.6057,2159200
2004-10-12,1.6057,1.6199,1.5721,1.6124,2926400
2004-10-13,1.6208,1.6325,1.5796,1.5830,1616000
2004-10-14,1.5830,1.5838,1.5393,1.5494,3718400
2004-10-15,1.5519,1.6292,1.5511,1.6031,3322400
2004-10-18,1.5998,1.6090,1.5855,1.6040,2380800
2004-10-19,1.6065,1.6292,1.5847,1.5897,1657600
2004-10-20,1.5788,1.6073,1.5679,1.6073,1814400
2004-10-21,1.6115,1.6476,1.5998,1.6359,1550400
2004-10-22,1.6317,1.6418,1.5964,1.6183,908800
2004-10-25,1.6099,1.6132,1.5939,1.6124,1267200
2004-10-26,1.6082,1.6418,1.6082,1.6334,2827200
2004-10-27,1.6376,1.6964,1.6292,1.6804,2916000
2004-10-28,1.6796,1.6980,1.6636,1.6712,1605600
2004-10-29,1.6670,1.6712,1.6233,1.6451,3236000
2004-11-01,1.6460,1.6686,1.6460,1.6636,948000
2004-11-02,1.6628,1.6997,1.6586,1.6846,2162400
2004-11-03,1.6896,1.7056,1.6686,1.6762,3718400
2004-11-04,1.6728,1.7199,1.6502,1.7048,2680800
2004-11-05,1.8013,1.8206,1.7635,1.8080,8309600
2004-11-08,1.9147,1.9407,1.8677,1.9189,7368800
2004-11-09,1.9189,1.9197,1.8467,1.8467,7088800
2004-11-10,1.8475,1.8475,1.7929,1.7971,5512800
2004-11-11,1.8055,1.8139,1.7358,1.7963,9748000
2004-11-12,1.8139,1.9743,1.8139,1.9735,16881600
2004-11-15,1.9231,1.9441,1.8727,1.9441,19627200
2004-11-16,1.9399,1.9449,1.8526,1.8735,9755200
2004-11-17,1.8677,1.9181,1.8475,1.8475,8394400
2004-11-18,1.8433,1.8433,1.8064,1.8391,6096000
2004-11-19,1.8013,1.8013,1.7190,1.7249,12897600
2004-11-22,1.7215,1.7358,1.6535,1.6619,10712800
2004-11-23,1.7190,1.8097,1.7131,1.7299,14652800
2004-11-24,1.7509,1.8038,1.7442,1.8038,7044800
2004-11-26,1.8038,1.8290,1.7980,1.8223,1196000
2004-11-29,1.8475,1.8475,1.7929,1.7929,3623200
2004-11-30,1.8055,1.8391,1.7711,1.7711,4353600
2004-12-01,1.7795,1.7879,1.7593,1.7719,4403200
2004-12-02,1.7736,1.7954,1.7577,1.7686,2610400
2004-12-03,1.7551,1.7677,1.7392,1.7635,4351200
2004-12-06,1.7677,1.7879,1.7635,1.7669,2752800
2004-12-07,1.7652,1.7795,1.7568,1.7719,2380800
2004-12-08,1.7803,1.7988,1.7602,1.7988,4167200
2004-12-09,1.7929,1.8097,1.7173,1.7988,5212800
2004-12-10,1.7887,1.8198,1.7467,1.8181,6703200
2004-12-13,1.8265,1.8349,1.7862,1.8055,2736800
2004-12-14,1.8055,1.8122,1.7635,1.7829,4604000
2004-12-15,1.7904,1.7929,1.7694,1.7854,3222400
2004-12-16,1.7929,1.8097,1.7787,1.8030,2415200
2004-12-17,1.8030,1.8030,1.7518,1.7761,1572000
2004-12-20,1.7795,1.7870,1.7367,1.7652,3081600
2004-12-21,1.7635,1.7803,1.7467,1.7803,2907200
2004-12-22,1.7837,1.8475,1.7803,1.8416,3844000
2004-12-23,1.8425,1.8492,1.7938,1.8022,2253600
2004-12-27,1.8232,1.8475,1.7854,1.7904,2680000
2004-12-28,1.7912,1.8769,1.7896,1.8685,3252800
2004-12-29,1.8685,1.8811,1.8542,1.8752,2148000
2004-12-30,1.8937,1.8979,1.8735,1.8861,1840000
2004-12-31,1.8895,1.8945,1.8769,1.8777,1420800
2005-01-03,1.9273,1.9273,1.7854,1.8080,4844800
2005-01-04,1.8080,1.8148,1.7241,1.7887,4378400
2005-01-05,1.7719,1.8013,1.7661,1.7870,3254400
2005-01-06,1.7870,1.7929,1.7761,1.7761,4820800
2005-01-07,1.6712,1.6712,1.5746,1.6418,29349600
2005-01-10,1.6300,1.6460,1.6216,1.6292,9423200
2005-01-11,1.6292,1.6300,1.6065,1.6082,3978400
2005-01-12,1.6124,1.6124,1.5838,1.5989,3815200
2005-01-13,1.5956,1.6065,1.5889,1.5939,4097600
2005-01-14,1.5914,1.6107,1.5897,1.5998,2755200
2005-01-18,1.6006,1.6225,1.5922,1.6225,3188000
2005-01-19,1.6216,1.6451,1.6048,1.6258,4810400
2005-01-20,1.6174,1.6317,1.6099,1.6099,2950400
2005-01-21,1.6124,1.6157,1.5914,1.6040,2614400
2005-01-24,1.6031,1.6040,1.5586,1.5687,2801600
2005-01-25,1.5679,1.5905,1.5645,1.5695,4086400
2005-01-26,1.5712,1.6099,1.5712,1.6057,1232000
2005-01-27,1.6073,1.6166,1.5956,1.6157,1806400
2005-01-28,1.5973,1.6090,1.5737,1.5788,4199200
2005-01-31,1.5872,1.6082,1.5855,1.6031,2201600
2005-02-01,1.5998,1.6233,1.5998,1.6183,2048000
2005-02-02,1.6250,1.6846,1.6233,1.6829,4252800
2005-02-03,1.6796,1.6796,1.6342,1.6468,4172800
2005-02-04,1.6418,1.6653,1.6376,1.6510,1685600
2005-02-07,1.6468,1.6468,1.6334,1.6376,3222400
2005-02-08,1.6292,1.6409,1.6241,1.6376,2110400
2005-02-09,1.6334,1.6502,1.6057,1.6057,919200
2005-02-10,1.6099,1.6166,1.5889,1.5889,1378400
2005-02-11,1.5956,1.6191,1.5779,1.6082,1637600
2005-02-14,1.6115,1.6225,1.6015,1.6166,1470400
2005-02-15,1.6250,1.6535,1.6124,1.6535,1599200
2005-02-16,1.6510,1.6636,1.6434,1.6544,2590400
2005-02-17,1.6628,1.6728,1.6434,1.6594,1955200
2005-02-18,1.6661,1.6695,1.6157,1.6401,1799200
2005-02-22,1.6401,1.6426,1.5687,1.5712,1946400
2005-02-23,1.5863,1.5889,1.5737,1.5821,936000
2005-02-24,1.5872,1.5956,1.5561,1.5620,1944000
2005-02-25,1.5578,1.6208,1.5578,1.6149,1598400
2005-02-28,1.6124,1.6451,1.6124,1.6300,1068000
2005-03-01,1.6460,1.7215,1.6292,1.7022,3182400
2005-03-02,1.7022,1.7098,1.6854,1.7031,2640000
2005-03-03,1.7199,1.7215,1.6838,1.7090,2439200
2005-03-04,1.7115,1.7375,1.7056,1.7375,1810400
2005-03-07,1.7425,1.7677,1.7249,1.7476,1349600
2005-03-08,1.7476,1.7476,1.7241,1.7241,1009600
2005-03-09,1.7249,1.7249,1.6964,1.7014,2252800
2005-03-10,1.7056,1.7081,1.6930,1.7048,1504800
2005-03-11,1.7090,1.7157,1.6972,1.7039,3028000
2005-03-14,1.6770,1.6888,1.6460,1.6510,5665600
2005-03-15,1.6502,1.7870,1.6460,1.7795,6571200
2005-03-16,1.7795,1.7803,1.7383,1.7467,1516000
2005-03-17,1.7383,1.7753,1.7375,1.7661,2931200
2005-03-18,1.7845,1.7929,1.7560,1.7652,1794400
2005-03-21,1.7652,1.7652,1.7157,1.7308,2173600
2005-03-22,1.6796,1.7048,1.6292,1.6376,8909600
2005-03-23,1.7518,1.8794,1.7501,1.8433,17444800
2005-03-24,1.8643,1.9273,1.8248,1.8937,6767200
2005-03-28,1.9365,1.9836,1.9332,1.9668,8504000
2005-03-29,1.9340,1.9684,1.8945,1.8954,3860000
2005-03-30,1.8895,1.9139,1.8702,1.9080,2196000
2005-03-31,1.9021,1.9088,1.8500,1.8610,1920000
2005-04-01,1.8819,1.8895,1.8106,1.8282,2340000
2005-04-04,1.8349,1.8349,1.7996,1.8290,2744800
2005-04-05,1.8391,1.8568,1.8282,1.8568,2912800
2005-04-06,1.8559,1.8803,1.8400,1.8416,1942400
2005-04-07,1.8332,1.8526,1.8030,1.8467,2375200
2005-04-08,1.8517,1.8702,1.8290,1.8290,2092000
2005-04-11,1.8349,1.8349,1.7929,1.8064,1980800
2005-04-12,1.8097,1.8534,1.7930,1.8433,2481600
2005-04-13,1.8391,1.8442,1.8064,1.8072,1120800
2005-04-14,1.8080,1.8232,1.7417,1.7560,1500000
2005-04-15,1.7560,1.8391,1.7560,1.8148,4920000
2005-04-18,1.7560,2.1582,1.7467,1.9911,62324800
2005-04-19,2.0365,2.0365,1.9836,2.0239,9079200
2005-04-20,2.0155,2.0365,1.9466,1.9668,6829600
2005-04-21,1.9794,2.0062,1.9777,2.0029,6945600
2005-04-22,1.9945,2.0029,1.9743,1.9861,10447200
2005-04-25,1.9869,2.0482,1.9861,2.0457,8039200
2005-04-26,2.0465,2.0776,2.0197,2.0642,6420000
2005-04-27,2.0474,2.0608,2.0163,2.0549,6429600
2005-04-28,2.0499,2.0936,2.0449,2.0600,7337600
2005-04-29,2.0642,2.0894,2.0407,2.0667,3612000
2005-05-02,2.0743,2.1700,2.0675,2.1532,4989600
2005-05-03,2.1456,2.1817,2.1179,2.1414,7068000
2005-05-04,2.1314,2.1759,2.0986,2.1120,4074400
2005-05-05,2.1162,2.2002,2.1095,2.1666,4544800
2005-05-06,2.1540,2.1859,2.1381,2.1691,2811200
2005-05-09,2.1624,2.1792,2.1414,2.1624,2540800
2005-05-10,2.1650,2.1700,2.1414,2.1549,4499200
2005-05-11,2.1582,2.1666,2.1288,2.1608,2894400
2005-05-12,2.1624,2.1910,2.1465,2.1666,5621600
2005-05-13,2.1616,2.1666,2.1162,2.1406,5629600
2005-05-16,2.1540,2.1691,2.1322,2.1557,2190400
2005-05-17,2.1616,2.2120,2.1398,2.2002,4449600
2005-05-18,2.2086,2.2867,2.2011,2.2817,5760000
2005-05-19,2.3178,2.4429,2.3010,2.3531,5181600
2005-05-20,2.3598,2.3631,2.3178,2.3531,3736800
2005-05-23,2.3682,2.4404,2.3673,2.3967,9228000
2005-05-24,2.4857,2.6142,2.4572,2.4983,19811200
2005-05-25,2.5025,2.5034,2.3766,2.4009,6977600
2005-05-26,2.4043,2.4790,2.3850,2.4748,5831200
2005-05-27,2.5193,2.5227,2.4773,2.5084,5091200
2005-05-31,2.5151,2.5244,2.4488,2.4488,4625600
2005-06-01,2.4522,2.5445,2.4253,2.5227,9328800
2005-06-02,2.5235,2.5571,2.5227,2.5277,5056800
2005-06-03,2.5403,2.6529,2.5395,2.6100,10910400
2005-06-06,2.6201,2.7461,2.5790,2.7318,11956800
2005-06-07,2.7755,2.7797,2.6646,2.6898,10453600
2005-06-08,2.7284,2.7284,2.6058,2.6201,10082400
2005-06-09,2.6915,2.7192,2.6285,2.7116,13045600
2005-06-10,2.7503,2.7688,2.7301,2.7520,5294400
2005-06-13,2.7570,2.7570,2.7301,2.7377,5081600
2005-06-14,2.7461,2.7654,2.6419,2.7192,8160000
2005-06-15,2.7192,2.8183,2.7083,2.8149,5979200
2005-06-16,2.8359,2.8804,2.7377,2.7704,5376800
2005-06-17,2.7771,2.8133,2.7671,2.7771,5526400
2005-06-20,2.7771,2.7788,2.6915,2.7200,4430400
2005-06-21,2.7167,2.7419,2.6823,2.6915,3296000
2005-06-22,2.6915,2.7335,2.6705,2.7293,5134400
2005-06-23,2.7335,2.7688,2.7226,2.7293,4787200
2005-06-24,2.7368,2.7377,2.6957,2.6957,5144800
2005-06-27,2.7041,2.7041,2.6495,2.6520,2436000
2005-06-28,2.6873,2.7335,2.6789,2.7226,4951200
2005-06-29,2.7310,2.7352,2.7125,2.7268,3894400
2005-06-30,2.7293,2.7847,2.7293,2.7469,3630400
2005-07-01,2.7469,2.7713,2.7301,2.7553,2636000
2005-07-05,2.7083,2.7788,2.6848,2.7788,5974400
2005-07-06,2.7923,2.8544,2.7889,2.8242,4544000
2005-07-07,2.8225,2.8762,2.7738,2.8737,3616000
2005-07-08,2.8930,2.9569,2.8922,2.9527,4782400
2005-07-11,2.9938,2.9947,2.9585,2.9787,4837600
2005-07-12,3.0064,3.0375,2.9846,2.9980,4825600
2005-07-13,3.0131,3.0215,2.9401,2.9795,6147200
2005-07-14,2.9812,3.0173,2.9653,2.9703,4058400
2005-07-15,2.9728,2.9854,2.9300,2.9552,3233600
2005-07-18,2.9543,2.9577,2.9023,2.9375,4751200
2005-07-19,2.9476,2.9577,2.9325,2.9375,5283200
2005-07-20,2.9384,2.9711,2.9384,2.9627,2126400
2005-07-21,2.9619,2.9795,2.9224,2.9409,2002400
2005-07-22,2.9367,2.9392,2.8754,2.8922,3260000
2005-07-25,2.8888,2.9107,2.8662,2.8704,2082400
2005-07-26,2.8259,2.8788,2.7562,2.8594,10003200
2005-07-27,2.8972,2.9375,2.8888,2.9359,5293600
2005-07-28,2.9359,2.9812,2.9359,2.9686,4013600
2005-07-29,2.9753,2.9837,2.8762,2.8846,4046400
2005-08-01,2.9014,2.9048,2.8586,2.8645,4022400
2005-08-02,2.8720,2.9224,2.8662,2.9140,3236800
2005-08-03,2.9140,2.9140,2.8729,2.8813,2520000
2005-08-04,2.8821,2.8821,2.8082,2.8107,2731200
2005-08-05,2.8007,2.8124,2.6621,2.7041,8782400
2005-08-08,2.7083,2.7419,2.6957,2.7049,2602400
2005-08-09,2.7108,2.7839,2.7108,2.7629,7405600
2005-08-10,2.7713,2.8124,2.7503,2.7662,5344800
2005-08-11,2.7662,2.7671,2.7242,2.7293,3891200
2005-08-12,2.7276,2.7276,2.5823,2.6369,9870400
2005-08-15,2.6705,2.6823,2.6302,2.6495,6760000
2005-08-16,2.6453,2.6453,2.5017,2.5252,8929600
2005-08-17,2.4606,2.4983,2.4043,2.4731,12528800
2005-08-18,2.4480,2.7352,2.4018,2.7158,30152000
2005-08-19,2.7209,2.8124,2.6587,2.7696,9533600
2005-08-22,2.8536,2.8771,2.8158,2.8762,9614400
2005-08-23,2.9098,2.9510,2.8888,2.9291,11461600
2005-08-24,2.9224,2.9291,2.8762,2.8972,6655200
2005-08-25,2.8972,2.9258,2.8855,2.8930,4289600
2005-08-26,2.8939,2.8989,2.8259,2.8561,4119200
2005-08-29,2.8217,2.8452,2.7813,2.8343,5644800
2005-08-30,2.8343,2.8746,2.7461,2.7981,5616000
2005-08-31,2.8133,2.8477,2.7807,2.8343,3615200
2005-09-01,2.8301,2.8645,2.8015,2.8133,4422400
2005-09-02,2.8091,2.8427,2.8057,2.8410,2591200
2005-09-06,2.8762,3.0014,2.8662,2.9997,10426400
2005-09-07,3.0030,3.0576,2.9686,3.0425,4876000
2005-09-08,3.0350,3.0526,3.0030,3.0240,4820800
2005-09-09,3.0232,3.0862,3.0106,3.0350,3808800
2005-09-12,3.0400,3.0585,3.0039,3.0534,2681600
2005-09-13,3.0534,3.0728,3.0324,3.0434,3542400
2005-09-14,3.0408,3.2256,3.0400,3.0820,10896000
2005-09-15,3.0820,3.0946,2.9602,3.0098,5410400
2005-09-16,3.0106,3.0568,3.0106,3.0249,2892800
2005-09-19,3.0417,3.0719,2.9829,3.0215,5140800
2005-09-20,3.0257,3.0341,2.9560,2.9653,5376800
2005-09-21,2.9434,2.9434,2.7721,2.7813,10058400
2005-09-22,2.8007,2.8166,2.6999,2.8049,10666400
2005-09-23,2.8049,2.8746,2.8049,2.8385,4352800
2005-09-26,2.8552,2.8838,2.7864,2.7956,5928800
2005-09-27,2.7981,2.8007,2.7125,2.7478,10540800
2005-09-28,2.7436,2.8057,2.6873,2.7587,9587200
2005-09-29,2.7671,2.7688,2.6739,2.6957,10675200
2005-09-30,2.6957,2.6957,2.5739,2.6428,15973600
2005-10-03,2.6671,2.6856,2.5924,2.6008,8705600
2005-10-04,2.6126,2.7217,2.6075,2.6436,8649600
2005-10-05,2.7293,2.7671,2.6772,2.6881,17377600
2005-10-06,2.6797,2.6806,2.5949,2.6033,10563200
2005-10-07,2.6243,2.6571,2.5596,2.5781,52832800
2005-10-10,2.6075,2.6529,2.5857,2.6235,14907200
2005-10-11,2.6453,2.6537,2.5731,2.5949,15512800
2005-10-12,2.5907,2.6100,2.5571,2.5823,13842400
2005-10-13,2.5193,2.5798,2.5151,2.5748,9798400
2005-10-14,2.5823,2.6109,2.5571,2.5991,9545600
2005-10-17,2.5991,2.6529,2.5991,2.6495,8855200
2005-10-18,2.6890,2.7713,2.6873,2.7578,13924800
2005-10-19,2.7578,2.8972,2.7486,2.8519,13252800
2005-10-20,2.8519,2.9098,2.8469,2.8586,11249600
2005-10-21,2.8678,2.9241,2.8427,2.8628,6864800
2005-10-24,2.8972,2.9149,2.8477,2.9149,5791200
2005-10-25,3.0862,3.1408,2.9812,2.9955,24702400
2005-10-26,3.0030,3.0106,2.8385,2.8452,13603200
2005-10-27,2.8494,2.8762,2.7456,2.7746,9168800
2005-10-28,2.8133,2.8981,2.7629,2.8956,8584000
2005-10-31,2.9098,3.0064,2.9098,2.9795,9989600
2005-11-01,2.9787,3.0358,2.9501,2.9896,8176800
2005-11-02,2.9938,3.0450,2.9648,3.0442,9165600
2005-11-03,3.0862,3.1290,3.0728,3.1063,8779200
2005-11-04,3.1198,3.1248,3.0442,3.0551,6818400
2005-11-07,3.0921,3.1416,3.0316,3.1240,5389600
2005-11-08,3.1047,3.1097,3.0400,3.0560,6180000
2005-11-09,3.0610,3.1433,3.0560,3.1038,5386400
2005-11-10,3.0702,3.1013,2.9930,3.0887,10495200
2005-11-11,3.0778,3.0803,3.0148,3.0156,5192800
2005-11-14,3.0131,3.0618,2.9233,3.0324,13801600
2005-11-15,3.0400,3.0467,2.9602,2.9846,7923200
2005-11-16,2.9896,2.9980,2.9308,2.9770,7541600
2005-11-17,3.0064,3.0476,2.9905,2.9997,7339200
2005-11-18,3.0862,3.1072,2.9569,3.0459,21448000
2005-11-21,3.0912,3.1760,3.0291,3.1744,19488000
2005-11-22,3.1744,3.2071,3.0240,3.0719,27897600
2005-11-23,3.0736,3.0904,2.9728,2.9779,26180000
2005-11-25,3.0098,3.1366,3.0039,3.0686,11036000
2005-11-28,3.0904,3.1391,2.9543,2.9543,20941600
2005-11-29,2.8720,3.1332,2.8695,2.9384,39403200
2005-11-30,2.9098,2.9182,2.7906,2.8250,29410400
2005-12-01,2.8250,2.8527,2.7377,2.8225,21526400
2005-12-02,2.8804,2.9602,2.8561,2.9560,14757600
2005-12-05,2.9602,2.9938,2.9275,2.9291,10442400
2005-12-06,2.9644,2.9829,2.9333,2.9392,8649600
2005-12-07,2.9409,2.9518,2.8729,2.8838,6916000
2005-12-08,2.9014,2.9602,2.8779,2.9098,6964800
2005-12-09,2.8930,2.8930,2.8183,2.8510,8983200
2005-12-12,2.8804,2.8897,2.8628,2.8678,6884000
2005-12-13,2.8636,2.8645,2.7553,2.7637,20328000
2005-12-14,2.7713,2.7948,2.7578,2.7646,8283200
2005-12-15,2.7520,2.7528,2.6453,2.6545,29805600
2005-12-16,2.6545,2.6705,2.6294,2.6487,14536000
2005-12-19,2.6512,2.6747,2.5916,2.5924,9797600
2005-12-20,2.5949,2.6142,2.5387,2.5571,12994400
2005-12-21,2.5949,2.6445,2.5613,2.5857,23754400
2005-12-22,2.5655,2.5781,2.5361,2.5647,10518400
2005-12-23,2.5647,2.5991,2.5613,2.5722,5524000
2005-12-27,2.5781,2.5966,2.5489,2.5924,8728800
2005-12-28,2.6117,2.7041,2.6050,2.6470,11119200
2005-12-29,2.6470,2.6789,2.6377,2.6671,10356800
2005-12-30,2.6688,2.6940,2.6537,2.6722,9986400
2006-01-03,2.6722,2.7410,2.6159,2.7133,14340000
2006-01-04,2.7142,2.8141,2.7142,2.8091,18158400
2006-01-05,3.1408,3.2290,3.0862,3.1332,64004000
2006-01-06,3.1492,3.2558,3.0442,3.2348,25268800
2006-01-09,3.1500,3.2499,3.1164,3.2189,19167200
2006-01-10,3.1912,3.2651,3.1618,3.2499,12179200
2006-01-11,3.2483,3.3054,3.2155,3.2903,16179200
2006-01-12,3.2709,3.2861,3.2063,3.2365,9652800
2006-01-13,3.2180,3.2894,3.2155,3.2197,8151200
2006-01-17,3.1912,3.2231,3.1710,3.2138,5452000
2006-01-18,3.1693,3.2365,3.1660,3.2248,9820000
2006-01-19,3.1912,3.2609,3.1870,3.2491,7996800
2006-01-20,3.2541,3.2667,3.1895,3.2012,6880800
2006-01-23,3.1912,3.2206,3.1534,3.1996,6049600
2006-01-24,3.1912,3.2340,3.1811,3.1996,4924800
2006-01-25,3.2038,3.2323,3.1836,3.2172,5652800
2006-01-26,3.2290,3.2642,3.2172,3.2516,6236000
2006-01-27,3.2525,3.4515,3.2466,3.2869,14284800
2006-01-30,3.2835,3.3440,3.2709,3.3213,6882400
2006-01-31,3.3255,3.3944,3.3003,3.3851,10189600
2006-02-01,3.3851,3.5523,3.3851,3.5430,22532800
2006-02-02,3.5355,3.5355,3.4473,3.5321,14772800
2006-02-03,3.5481,3.6589,3.5145,3.5749,13072000
2006-02-06,3.5749,3.6245,3.5439,3.6194,8327200
2006-02-07,3.6194,3.6346,3.5094,3.5178,8088800
2006-02-08,3.5178,3.5187,3.3675,3.5061,6632800
2006-02-09,3.5061,3.5556,3.3919,3.3977,7375200
2006-02-10,3.3902,3.4137,3.3467,3.3994,6680000
2006-02-13,3.3994,3.4481,3.3516,3.3751,3857600
2006-02-14,3.3969,3.4036,3.3238,3.4036,5366400
2006-02-15,3.4036,3.4918,3.3819,3.4120,7472800
2006-02-16,3.4800,3.5212,3.3734,3.5019,7809600
2006-02-17,3.5145,3.5145,3.4431,3.4557,5732000
2006-02-21,3.4431,3.4590,3.3769,3.4019,4985600
2006-02-22,3.4019,3.5229,3.3768,3.4465,4616800
2006-02-23,3.4347,3.4381,3.3558,3.3558,5284800
2006-02-24,3.3381,3.3851,3.2970,3.3633,3040800
2006-02-27,3.3591,3.4078,3.3532,3.3793,4370400
2006-02-28,3.3793,3.3835,3.3213,3.3616,5433600
2006-03-01,3.3625,3.4498,3.3625,3.4414,5396000
2006-03-02,3.4095,3.4532,3.3700,3.3843,5779200
2006-03-03,3.3591,3.4658,3.3591,3.4431,4959200
2006-03-06,3.3793,3.4935,3.3793,3.4255,4565600
2006-03-07,3.4255,3.4255,3.3238,3.3541,5328800
2006-03-08,3.3423,3.3423,3.2239,3.2541,6636800
2006-03-09,3.2667,3.2987,3.2004,3.2122,4141600
2006-03-10,3.1954,3.2802,3.1290,3.2583,5876800
2006-03-13,3.2936,3.3423,3.2583,3.2852,6683200
2006-03-14,3.2852,3.4381,3.2760,3.3961,10702400
2006-03-15,3.3969,3.4834,3.3322,3.3415,9444000
2006-03-16,3.3499,3.4364,3.3457,3.3675,3470400
2006-03-17,3.4011,3.4767,3.3700,3.4515,8017600
2006-03-20,3.4389,3.5036,3.4028,3.4767,5472000
2006-03-21,3.7160,3.8613,3.7127,3.7790,34934400
2006-03-22,3.6950,3.8319,3.6942,3.8160,9578400
2006-03-23,3.7748,3.8714,3.7748,3.7941,9898400
2006-03-24,3.7950,3.9587,3.7756,3.9310,8592800
2006-03-27,3.9134,4.0251,3.8999,3.9369,8910400
2006-03-28,3.9747,4.0049,3.8857,3.8924,8101600
2006-03-29,3.8915,4.0125,3.8915,3.9470,5836000
2006-03-30,3.9478,4.0108,3.9335,3.9470,7541600
2006-03-31,3.9638,3.9889,3.9310,3.9587,7366400
2006-04-03,3.9587,4.0561,3.8823,3.9016,7973600
2006-04-04,3.9016,4.0343,3.8890,4.0343,7552800
2006-04-05,4.0343,4.1460,4.0284,4.0872,10348800
2006-04-06,4.0872,4.1284,4.0545,4.1141,4656800
2006-04-07,4.1191,4.1535,4.0805,4.1124,4709600
2006-04-10,4.1141,4.1720,4.0830,4.0864,8205600
2006-04-11,3.9470,3.9680,3.9260,3.9453,15877600
2006-04-12,3.9486,3.9764,3.9360,3.9562,6859200
2006-04-13,3.9562,3.9646,3.9335,3.9352,5961600
2006-04-17,3.9302,3.9310,3.8630,3.9134,6667200
2006-04-18,3.9302,3.9428,3.8579,3.9285,7016800
2006-04-19,3.9470,3.9604,3.9050,3.9528,3589600
2006-04-20,3.9478,4.0225,3.9268,3.9906,4015200
2006-04-21,3.9990,3.9990,3.8949,3.9461,4872800
2006-04-24,3.9344,3.9470,3.8840,3.9268,8646400
2006-04-25,3.9470,3.9646,3.9075,3.9302,4122400
2006-04-26,3.9436,4.0024,3.9394,3.9789,5029600
2006-04-27,3.9806,3.9973,3.8714,3.9764,8373600
2006-04-28,3.9764,4.0251,3.9369,3.9638,6791200
2006-05-01,3.9722,4.0486,3.9722,3.9973,8448800
2006-05-02,4.0477,4.0679,4.0049,4.0326,10076800
2006-05-03,4.0326,4.0578,4.0032,4.0284,9106400
2006-05-04,4.0284,4.0503,3.9050,3.9822,8647200
2006-05-05,3.9822,4.0738,3.9822,4.0494,7203200
2006-05-08,4.0309,4.0536,3.9738,3.9864,5166400
2006-05-09,3.9730,4.0284,3.9680,3.9940,2714400
2006-05-10,3.9730,3.9881,3.8831,3.8974,6000800
2006-05-11,3.9067,3.9184,3.7379,3.7714,9512000
2006-05-12,3.7714,3.7714,3.6740,3.6908,6625600
2006-05-15,3.6362,3.6589,3.5195,3.6480,14463200
2006-05-16,3.7227,3.8638,3.7152,3.7202,15004000
2006-05-17,3.7555,3.8210,3.7286,3.7454,13900800
2006-05-18,3.8546,4.0066,3.8084,3.8109,27920800
2006-05-19,3.8294,3.8630,3.6833,3.7765,17420000
2006-05-22,3.7169,3.7622,3.5615,3.6388,13483200
2006-05-23,3.6698,3.7135,3.6312,3.6312,8955200
2006-05-24,3.6396,3.6942,3.4632,3.5313,9572000
2006-05-25,3.5850,3.6959,3.5758,3.6505,9716000
2006-05-26,3.6631,3.7017,3.6455,3.6598,2690400
2006-05-30,3.6396,3.6404,3.5380,3.5422,4466400
2006-05-31,3.6001,3.6480,3.5649,3.6060,8531200
2006-06-01,3.6060,3.6984,3.5607,3.6891,6748800
2006-06-02,3.6959,3.7286,3.6236,3.6472,3640000
2006-06-05,3.6304,3.6446,3.4330,3.4406,9801600
2006-06-06,3.4389,3.5044,3.4103,3.5002,8560800
2006-06-07,3.5262,3.5615,3.4565,3.4641,9148000
2006-06-08,3.4431,3.4448,3.2751,3.4389,14679200
2006-06-09,3.4473,3.5170,3.4473,3.4968,7392000
2006-06-12,3.4784,3.4918,3.2701,3.3675,12683200
2006-06-13,3.3591,3.4103,3.0123,3.3180,34932000
2006-06-14,3.3801,3.4750,3.3364,3.3910,11556800
2006-06-15,3.3768,3.4700,3.2676,3.4641,12840000
2006-06-16,3.4120,3.4229,3.2945,3.3112,19246400
2006-06-19,3.3112,3.3138,3.1786,3.1844,9212800
2006-06-20,3.1786,3.1844,3.0736,3.0803,10371200
2006-06-21,3.0811,3.2373,3.0568,3.2264,17034400
2006-06-22,3.1559,3.2113,3.0324,3.0912,15736800
2006-06-23,3.0912,3.2004,3.0753,3.1634,9082400
2006-06-26,3.1693,3.2054,3.0442,3.1181,8500000
2006-06-27,3.1240,3.1492,3.0644,3.0887,7832800
2006-06-28,3.0979,3.1257,3.0744,3.1189,8960000
2006-06-29,3.1676,3.2886,3.1357,3.2886,10038400
2006-06-30,3.2928,3.5271,3.1836,3.5271,40900800
2006-07-03,3.3986,3.4011,3.3255,3.3398,9300800
2006-07-05,3.3398,3.3398,3.2248,3.2617,8599200
2006-07-06,3.2617,3.3319,3.2466,3.2928,7608000
2006-07-07,3.2810,3.2861,3.1870,3.1979,8792000
2006-07-10,3.2038,3.2164,3.0870,3.1080,9079200
2006-07-11,3.1114,3.1416,3.0652,3.1341,6838400
2006-07-12,3.1282,3.1576,3.0358,3.0996,11244000
2006-07-13,3.0996,3.3322,3.0963,3.3037,27345600
2006-07-14,3.2819,3.3558,3.2071,3.2701,25800000
2006-07-17,3.2667,3.2877,3.1609,3.1634,8840000
2006-07-18,3.2290,3.3297,3.2080,3.3121,10285600
2006-07-19,3.3121,3.4708,3.2861,3.4364,14404800
2006-07-20,3.4372,3.4431,3.1987,3.2642,13608800
2006-07-21,3.2541,3.2592,3.1483,3.1802,7272800
2006-07-24,3.1912,3.2953,3.1912,3.2819,6758400
2006-07-25,3.2827,3.3835,3.2718,3.3818,11869600
2006-07-26,3.3826,3.4389,3.3541,3.4313,9171200
2006-07-27,3.4515,3.5506,3.4072,3.4305,11804800
2006-07-28,3.4397,3.5707,3.4355,3.5455,6951200
2006-07-31,3.5187,3.5472,3.4918,3.4943,5831200
2006-08-01,3.4851,3.4859,3.3667,3.3986,9466400
2006-08-02,3.4473,3.6354,3.4423,3.6035,14356000
2006-08-03,3.5943,3.7412,3.5573,3.7295,11303200
2006-08-04,3.7857,3.8504,3.6614,3.7202,12148000
2006-08-07,3.7118,3.7681,3.6186,3.7538,6837600
2006-08-08,3.7849,3.8042,3.7093,3.7244,7664800
2006-08-09,3.7580,3.7630,3.6774,3.6774,6882400
2006-08-10,3.6572,3.7664,3.6572,3.7421,5800000
2006-08-11,3.8034,3.9470,3.7756,3.9008,14607200
2006-08-14,3.9344,3.9453,3.8428,3.8722,5054400
2006-08-15,3.8395,3.9512,3.8193,3.8890,7867200
2006-08-16,3.9150,3.9722,3.8798,3.9470,15787200
2006-08-17,3.6194,3.9402,3.6110,3.7966,39456800
2006-08-18,3.7966,3.8118,3.7009,3.7311,11964000
2006-08-21,3.6925,3.7017,3.6060,3.6169,12586400
2006-08-22,3.6110,3.6808,3.6043,3.6623,8999200
2006-08-23,3.7118,3.7261,3.6320,3.6648,10399200
2006-08-24,3.6774,3.6799,3.5271,3.5464,11295200
2006-08-25,3.5380,3.5430,3.4666,3.5153,13466400
2006-08-28,3.5145,3.5926,3.5136,3.5749,6683200
2006-08-29,3.5791,3.6379,3.5212,3.6203,6012000
2006-08-30,3.6203,3.6665,3.5573,3.6614,11145600
2006-08-31,3.6808,3.6866,3.6396,3.6682,3318400
2006-09-01,3.6766,3.6933,3.6060,3.6329,6332800
2006-09-05,3.6346,3.7253,3.6245,3.7101,6214400
2006-09-06,3.6598,3.7211,3.6354,3.6665,11133600
2006-09-07,3.6505,3.7017,3.5623,3.6690,8399200
2006-09-08,3.7412,3.7924,3.7034,3.7580,12696000
2006-09-11,3.7597,3.8495,3.7051,3.8294,10446400
2006-09-12,3.8294,4.0158,3.8084,3.9705,12341600
2006-09-13,3.9705,4.0309,3.8949,4.0267,8590400
2006-09-14,4.0099,4.0150,3.8932,3.9621,11056000
2006-09-15,4.0015,4.0141,3.9293,4.0015,14955200
2006-09-18,3.9931,4.0880,3.9781,4.0435,10916800
2006-09-19,4.0351,4.0393,3.9218,4.0284,9942400
2006-09-20,3.9973,4.1174,3.9973,4.0620,14860000
2006-09-21,4.1778,4.1778,4.0763,4.1023,14238400
2006-09-22,4.1023,4.1023,3.7547,3.9579,35704000
2006-09-25,3.9889,4.0645,3.8932,4.0293,13921600
2006-09-26,4.0393,4.0931,3.9915,4.0519,9628000
2006-09-27,4.0503,4.0855,3.9528,3.9646,12991200
2006-09-28,3.9680,4.0234,3.8840,3.9167,18363200
2006-09-29,3.9260,3.9570,3.8806,3.8865,5998400
2006-10-02,3.9218,3.9268,3.8445,3.8722,7277600
2006-10-03,3.8672,3.9915,3.8328,3.9738,9816000
2006-10-04,3.9738,4.0477,3.9537,4.0293,5933600
2006-10-05,4.0519,4.0939,3.9957,4.0503,5426400
2006-10-06,4.0503,4.0519,3.9503,3.9982,6384800
2006-10-09,3.9889,4.0427,3.9436,4.0351,4200000
2006-10-10,4.0578,4.0603,3.9562,4.0301,13952000
2006-10-11,4.0301,4.1695,3.9999,4.1191,14608800
2006-10-12,4.1233,4.2577,4.1065,4.2216,12948800
2006-10-13,4.2787,4.4214,4.2745,4.3433,24780000
2006-10-16,4.3710,4.3828,4.3257,4.3467,5661600
2006-10-17,4.3467,4.3652,4.2627,4.2955,5338400
2006-10-18,4.3265,4.3610,4.2493,4.2812,5908800
2006-10-19,4.2812,4.3375,4.2232,4.3055,5388800
2006-10-20,4.2971,4.3442,4.2259,4.3039,6804000
2006-10-23,4.2829,4.3912,4.2409,4.3744,7506400
2006-10-24,4.3450,4.4282,4.2316,4.2745,11533600
2006-10-25,4.2577,4.3039,4.1460,4.1720,7942400
2006-10-26,4.2098,4.3450,4.2090,4.3299,7327200
2006-10-27,4.3299,4.3769,4.2770,4.3366,6628800
2006-10-30,4.3165,4.3307,4.2375,4.2736,10313600
2006-10-31,4.2778,4.3039,4.2199,4.2879,9998400
2006-11-01,4.2997,4.3215,4.1863,4.2065,6600000
2006-11-02,4.1737,4.2627,4.1158,4.2241,7436800
2006-11-03,4.4718,4.5180,4.3660,4.4945,19126400
2006-11-06,4.5138,4.5424,4.4508,4.4727,6737600
2006-11-07,4.4727,4.5751,4.3988,4.4542,9868800
2006-11-08,4.4424,4.5230,4.4130,4.4735,6965600
2006-11-09,4.4945,4.4945,4.3585,4.3660,11314400
2006-11-10,4.3669,4.4030,4.3341,4.3912,10802400
2006-11-13,4.4013,4.4886,4.3904,4.3912,10700000
2006-11-14,4.3937,4.4659,4.3156,4.4592,12220800
2006-11-15,4.4634,4.5214,4.4114,4.4282,6547200
2006-11-16,4.4466,4.4466,4.3459,4.3895,9756000
2006-11-17,4.3862,4.3870,4.3030,4.3450,13632800
2006-11-20,4.3669,4.4735,4.2568,4.2963,22174400
2006-11-21,4.2535,4.6129,4.1771,4.4508,40560000
2006-11-22,4.4752,4.7179,4.4752,4.6473,18607200
2006-11-24,4.6473,4.8027,4.6465,4.7573,12698400
2006-11-27,4.7573,4.7699,4.6028,4.6196,13477600
2006-11-28,4.6196,4.6851,4.5482,4.5684,11149600
2006-11-29,4.5894,4.6776,4.5877,4.6356,9834400
2006-11-30,4.6356,4.7212,4.5936,4.7070,12468000
2006-12-01,4.6944,4.7196,4.5802,4.6675,12235200
2006-12-04,4.6524,4.7691,4.6524,4.7254,6208800
2006-12-05,4.7296,4.8212,4.6986,4.7657,7396000
2006-12-06,4.7657,4.9060,4.7590,4.8262,10467200
2006-12-07,4.8262,4.8707,4.7783,4.8035,8781600
2006-12-08,4.8136,4.9051,4.7985,4.8531,8603200
2006-12-11,4.8522,4.8531,4.7725,4.8061,4446400
2006-12-12,4.8035,4.8405,4.7179,4.7364,7372800
2006-12-13,4.7473,4.7867,4.6801,4.7263,7944000
2006-12-14,4.7246,4.7993,4.7187,4.7859,7160800
2006-12-15,4.7859,4.8321,4.7523,4.7531,7248000
2006-12-18,4.7741,4.8061,4.6373,4.6574,11616800
2006-12-19,4.6448,4.6457,4.5247,4.6230,17598400
2006-12-20,4.6238,4.7036,4.6112,4.6322,7730400
2006-12-21,4.6272,4.6986,4.6272,4.6599,7573600
2006-12-22,4.6549,4.6750,4.6280,4.6398,2655200
2006-12-26,4.6104,4.6305,4.5684,4.6205,3079200
2006-12-27,4.6356,4.7112,4.6297,4.6784,5771200
2006-12-28,4.6767,4.7229,4.6473,4.6851,4487200
2006-12-29,4.6692,4.7011,4.6205,4.6280,5423200
2007-01-03,4.6280,4.6305,4.4794,4.6104,15924800
2007-01-04,4.6381,4.7112,4.6037,4.6532,19406400
2007-01-05,4.6532,4.7078,4.6448,4.6599,10751200
2007-01-08,4.6608,4.6759,4.5449,4.5768,10454400
2007-01-09,4.5810,4.7573,4.5785,4.7322,12871200
2007-01-10,4.7229,4.7632,4.6918,4.7565,6720000
2007-01-11,4.7893,4.8774,4.7767,4.8724,8252000
2007-01-12,4.8732,4.8892,4.8086,4.8405,5542400
2007-01-16,4.8539,4.9052,4.8245,4.8447,4962400
2007-01-17,4.8329,4.8909,4.8237,4.8338,4578400
2007-01-18,4.8287,4.8539,4.7632,4.7741,5757600
2007-01-19,4.7632,4.7632,4.6667,4.7053,6128000
2007-01-22,4.6960,4.7086,4.5768,4.6230,12960800
2007-01-23,4.6188,4.6700,4.6062,4.6121,6670400
2007-01-24,4.6331,4.7305,4.6331,4.6826,6088800
2007-01-25,4.6952,4.6986,4.4550,4.5063,14985600
2007-01-26,4.5264,4.5281,4.2921,4.3878,23704000
2007-01-29,4.3878,4.4819,4.3702,4.4575,9475200
2007-01-30,4.4634,4.4995,4.4088,4.4290,9476800
2007-01-31,4.4290,4.5071,4.4105,4.4869,7724000
2007-02-01,4.5079,4.5558,4.4928,4.5214,13054400
2007-02-02,4.5424,4.5928,4.5063,4.5264,8032800
2007-02-05,4.5264,4.5382,4.4441,4.4508,4761600
2007-02-06,4.4609,4.4676,4.3912,4.4290,6634400
2007-02-07,4.4391,4.5340,4.4172,4.5105,7500800
2007-02-08,4.4970,4.5113,4.4483,4.4718,4455200
2007-02-09,4.4626,4.5222,4.4525,4.4953,9247200
2007-02-12,4.5264,4.5348,4.4340,4.4542,7309600
2007-02-13,4.4718,4.5281,4.4601,4.5029,6283200
2007-02-14,4.5113,4.5482,4.5054,4.5281,7787200
2007-02-15,4.5978,4.5978,4.5079,4.5121,5329600
2007-02-16,4.5096,4.5407,4.4844,4.5130,8016000
2007-02-20,4.5130,4.5608,4.4970,4.5272,5933600
2007-02-21,4.5197,4.7170,4.5197,4.6457,12452800
2007-02-22,4.6457,4.6480,4.4357,4.5608,12582400
2007-02-23,4.5516,4.5709,4.4760,4.5205,6705600
2007-02-26,4.5365,4.5491,4.4802,4.4827,5396800
2007-02-27,4.3971,4.4626,4.3492,4.3786,7116000
2007-02-28,4.3878,4.4533,4.2913,4.3988,7252000
2007-03-01,4.3081,4.4416,4.2577,4.3811,8226400
2007-03-02,4.3744,4.4298,4.2980,4.3072,5709600
2007-03-05,4.1905,4.3660,4.1905,4.2938,6351200
2007-03-06,4.3165,4.3828,4.3039,4.3492,4760000
2007-03-07,4.3543,4.4164,4.3333,4.3501,6049600
2007-03-08,4.3954,4.5432,4.3766,4.5147,7842400
2007-03-09,4.5147,4.5600,4.5037,4.5516,6910400
2007-03-12,4.5239,4.6163,4.5222,4.6045,4426400
2007-03-13,4.5818,4.5818,4.5147,4.5281,4496800
2007-03-14,4.5222,4.5230,4.3803,4.4735,5252800
2007-03-15,4.4735,4.5583,4.4651,4.5482,4846400
2007-03-16,4.5592,4.5852,4.4508,4.4886,5856000
2007-03-19,4.5063,4.5718,4.4878,4.5701,2911600
2007-03-20,4.5701,4.6541,4.5617,4.6440,6427600
2007-03-21,4.6322,4.6574,4.5818,4.6406,4846000
2007-03-22,4.6608,4.6860,4.5348,4.5886,5526000
2007-03-23,4.6020,4.6490,4.5314,4.5902,5724400
2007-03-26,4.6238,4.7229,4.5600,4.6977,7596000
2007-03-27,5.1310,5.2789,5.0807,5.2335,36956800
2007-03-28,5.2268,5.5392,5.1949,5.4754,20805600
2007-03-29,5.4754,5.4754,5.3393,5.4451,12156000
2007-03-30,5.4334,5.5274,5.3662,5.4703,7696800
2007-04-02,5.4838,5.6097,5.4703,5.5308,7650800
2007-04-03,5.5409,5.6215,5.5274,5.5745,6009600
2007-04-04,5.5493,5.6064,5.5123,5.5392,5212400
2007-04-05,5.5257,5.6114,5.5207,5.5963,4191200
2007-04-09,5.6097,5.6181,5.4955,5.5593,4532000
2007-04-10,5.5778,5.7491,5.5173,5.7206,7423600
2007-04-11,5.8029,5.8365,5.6332,5.7676,9722400
2007-04-12,5.7676,5.7752,5.6433,5.6954,5889600
2007-04-13,5.7038,5.7340,5.5845,5.6752,5085200
2007-04-16,5.6954,5.7609,5.5728,5.6819,6413200
2007-04-17,5.6987,5.7945,5.6534,5.7021,7720400
2007-04-18,5.6987,5.7256,5.6181,5.6299,4162400
2007-04-19,5.5644,5.6013,5.4787,5.5476,7272800
2007-04-20,5.6685,5.7609,5.6248,5.7189,6918400
2007-04-23,5.7273,6.0212,5.7273,5.8701,9291600
2007-04-24,5.8785,5.8785,5.7122,5.7357,7319600
2007-04-25,5.7407,5.7945,5.6467,5.6803,8018000
2007-04-26,5.6971,5.7575,5.6500,5.7155,7824000
2007-04-27,5.7172,5.7239,5.6215,5.6450,9876800
2007-04-30,5.6769,5.7206,5.5593,5.5711,6036000
2007-05-01,5.6097,5.6400,5.4350,5.6265,8882000
2007-05-02,5.6282,5.7155,5.6164,5.6769,7223200
2007-05-03,5.5661,5.6853,5.5509,5.6416,9219600
2007-05-04,5.6601,5.6618,5.5509,5.5845,6704800
2007-05-07,5.6013,5.6248,5.5341,5.5946,11877200
2007-05-08,5.6013,5.6551,5.4972,5.6198,7112000
2007-05-09,5.5996,5.6517,5.5560,5.6265,5039200
2007-05-10,5.6282,5.6887,5.4888,5.5291,5690400
2007-05-11,5.5577,5.5745,5.4267,5.4821,8081200
2007-05-14,5.5241,5.5896,5.4838,5.5392,7761600
2007-05-15,5.5392,5.9272,5.5392,5.7558,15605600
2007-05-16,5.7743,5.9406,5.7508,5.9204,10438400
2007-05-17,5.9154,6.2144,5.9154,5.9792,13776000
2007-05-18,5.9910,6.0128,5.8482,5.9775,11480000
2007-05-21,6.0128,6.3605,6.0128,6.2312,19506800
2007-05-22,6.2731,6.3319,6.0800,6.3286,13271200
2007-05-23,6.1893,6.2731,5.9826,6.0212,22241200
2007-05-24,6.0246,6.0884,5.8432,5.9137,12748800
2007-05-25,5.9104,6.0263,5.8885,6.0111,6572400
2007-05-29,6.0834,6.0901,5.9759,6.0498,8673200
2007-05-30,5.9960,6.1371,5.9544,6.1169,6937600
2007-05-31,6.1589,6.2782,6.1489,6.2110,17145600
2007-06-01,6.2379,6.3487,6.2379,6.3286,8202000
2007-06-04,6.3924,6.4478,6.2983,6.4260,8198800
2007-06-05,6.4260,6.4394,6.3403,6.4058,7040800
2007-06-06,6.3571,6.3806,6.2312,6.2815,5462800
2007-06-07,6.3638,6.3638,6.0834,6.1169,6544000
2007-06-08,6.0934,6.2715,6.0834,6.2597,5400000
2007-06-11,6.2312,6.2564,6.1405,6.1992,3978800
2007-06-12,6.1724,6.1925,6.0817,6.1069,5590400
2007-06-13,6.1539,6.2731,6.1405,6.2177,5360800
2007-06-14,6.2043,6.3235,6.1992,6.2580,7034800
2007-06-15,6.3756,6.6964,6.3588,6.5855,13245600
2007-06-18,6.8022,6.9147,6.6964,6.7485,14488000
2007-06-19,6.7468,6.8156,6.6544,6.7266,9126400
2007-06-20,6.7569,6.8005,6.6527,6.6527,6679200
2007-06-21,6.6242,6.7434,6.5352,6.7266,8609600
2007-06-22,6.7233,6.7854,6.6091,6.7283,7596400
2007-06-25,6.7283,6.8056,6.6796,6.7149,8621600
2007-06-26,6.7266,6.7417,6.6091,6.6359,10896800
2007-06-27,6.6007,6.7871,6.5923,6.7821,8023600
2007-06-28,6.7770,6.8022,6.5956,6.7048,9085600
2007-06-29,6.7048,6.7837,6.5352,6.5671,7270000
2007-07-02,6.5771,6.7518,6.5688,6.7518,5043600
2007-07-03,6.7585,6.8677,6.7317,6.7938,3930800
2007-07-05,6.7938,6.9786,6.7031,6.9718,10054000
2007-07-06,6.9702,7.0189,6.9047,6.9786,6941600
2007-07-09,7.0273,7.2691,6.9920,7.2641,14075200
2007-07-10,7.3901,7.3901,7.0709,7.0760,8712800
2007-07-11,7.0726,7.1364,6.9836,7.0122,7340800
2007-07-12,7.0894,7.1516,6.9718,7.1247,8340800
2007-07-13,7.1297,7.1751,7.0306,7.0541,6658000
2007-07-16,7.0206,7.1264,6.9937,7.0659,4695200
2007-07-17,7.0642,7.1180,6.9836,6.9886,2922400
2007-07-18,6.9383,7.0995,6.8291,7.0709,9935600
2007-07-19,7.1264,7.1633,6.9819,6.9987,5072000
2007-07-20,6.9870,7.0894,6.8895,7.0424,4552800
2007-07-23,7.0877,7.1163,6.8979,6.9013,4889200
2007-07-24,6.9282,7.2305,6.8912,6.9886,7830000
2007-07-25,7.0373,7.1163,6.9349,7.0558,6957200
2007-07-26,6.9702,7.1482,6.7653,6.8963,8762400
2007-07-27,6.8526,7.0491,6.7653,6.7854,7153600
2007-07-30,6.7921,6.9013,6.6762,6.8392,8771600
2007-07-31,7.0172,7.0877,6.7518,6.7770,7746800
2007-08-01,6.7569,6.8627,6.6421,6.7350,11194800
2007-08-02,6.7585,6.9786,6.7518,6.9718,7012000
2007-08-03,6.6527,6.8207,6.3067,6.6427,25260400
2007-08-06,6.7182,6.9114,6.5755,6.8190,10832000
2007-08-07,6.8190,7.2994,6.7854,7.1818,12259600
2007-08-08,7.2137,7.5177,7.1381,7.3968,8939200
2007-08-09,7.2372,7.2372,6.7770,6.8778,13578000
2007-08-10,6.6343,6.8593,6.5822,6.6981,11581200
2007-08-13,6.8593,7.0206,6.7182,6.8341,6788400
2007-08-14,6.8795,6.9215,6.6762,6.7300,7792000
2007-08-15,6.6998,6.8442,6.5956,6.6410,8548800
2007-08-16,6.5066,6.5704,6.2815,6.5469,13521200
2007-08-17,6.7300,6.8257,6.5083,6.7014,9318000
2007-08-20,6.8442,7.0508,6.7653,7.0004,7671200
2007-08-21,7.0508,7.2641,7.0038,7.2154,7677200
2007-08-22,7.3497,7.3598,7.2523,7.2926,10826400
2007-08-23,7.7360,8.2063,7.6739,7.9695,36215600
2007-08-24,8.1291,8.3676,7.9124,8.3021,16282000
2007-08-27,8.3222,8.3709,8.1084,8.1811,8902800
2007-08-28,8.1627,8.1660,7.7965,7.7965,9943600
2007-08-29,7.8956,8.3508,7.8956,8.3373,9858800
2007-08-30,8.2382,8.4532,8.0636,8.2013,11760800
2007-08-31,8.3138,8.4851,8.2382,8.4213,8497600
2007-09-04,8.4818,8.7320,8.4599,8.5876,7339200
2007-09-05,8.4818,8.4834,8.2836,8.3424,7518000
2007-09-06,8.3978,8.4784,8.2332,8.4062,5309200
2007-09-07,8.2382,8.2550,8.0165,8.0971,8721200
2007-09-10,8.1391,8.2819,7.9695,8.1979,6490800
2007-09-11,8.2483,8.4784,8.2483,8.4280,6751200
2007-09-12,8.4263,8.4801,8.3390,8.4566,4645200
2007-09-13,8.4784,8.5137,8.3642,8.3659,6732400
2007-09-14,8.3424,8.7337,8.2970,8.7102,15742800
2007-09-17,8.6363,8.8110,8.5775,8.6329,7458800
2007-09-18,8.7253,8.7891,8.5926,8.7690,10555200
2007-09-19,8.8126,9.0545,8.8009,8.9705,11312800
2007-09-20,8.9604,9.1905,8.9185,9.1519,11533600
2007-09-21,9.2560,9.4005,9.1889,9.2846,14216800
2007-09-24,9.5449,9.5449,9.2930,9.4341,15665200
2007-09-25,9.3199,9.6020,9.1721,9.5785,13652800
2007-09-26,9.5802,9.9480,9.5735,9.8724,15681200
2007-09-27,9.7196,9.7330,9.2460,9.5382,20450800
2007-09-28,9.5836,9.6575,9.4257,9.4643,10254400
2007-10-01,9.5281,9.5903,9.2241,9.4307,10108400
2007-10-02,9.4374,9.7146,9.4072,9.6743,8101200
2007-10-03,9.4794,9.5936,9.4324,9.5080,9836400
2007-10-04,9.5533,9.5735,9.0797,9.1754,8743200
2007-10-05,9.2544,9.5349,9.2040,9.5265,9329600
2007-10-08,9.5483,9.7246,9.4559,9.5147,4688800
2007-10-09,9.6088,9.8909,9.5869,9.8607,11420800
2007-10-10,9.8674,9.9850,9.7414,9.9044,8718800
2007-10-11,9.9312,9.9766,9.4055,9.5819,6229600
2007-10-12,9.5617,9.6558,9.4106,9.6407,8033200
2007-10-15,9.7582,9.9917,9.6205,9.7448,11118400
2007-10-16,9.6558,9.9430,9.6558,9.7616,7624000
2007-10-17,9.9900,10.1025,9.6944,9.8271,12518000
2007-10-18,9.8086,9.9312,9.7112,9.8069,5218800
2007-10-19,9.8271,9.9044,9.5231,9.5298,4996400
2007-10-22,9.3887,9.7414,8.9436,9.5332,10362000
2007-10-23,9.6104,10.0992,9.5147,10.0857,9815200
2007-10-24,10.1865,10.2117,9.5669,9.7633,7404000
2007-10-25,9.8103,9.8556,9.3803,9.5080,8461200
2007-10-26,9.8372,9.9010,9.5735,9.6474,13177200
2007-10-29,9.8825,9.9867,9.7347,9.7868,9931200
2007-10-30,9.7582,9.9094,9.6541,9.6575,4704000
2007-10-31,9.7095,9.9514,9.6961,9.9463,9824000
2007-11-01,9.8674,10.1613,9.7162,9.7162,9021200
2007-11-02,9.9010,9.9850,9.2980,9.4945,8757600
2007-11-05,9.4895,9.6205,9.3048,9.5701,6502400
2007-11-06,9.5953,9.9010,9.5953,9.8573,7791200
2007-11-07,9.6272,9.9531,9.4710,9.4761,7603200
2007-11-08,9.4895,9.6071,8.8177,9.3719,12534800
2007-11-09,8.9856,9.1267,8.7035,8.8647,13440800
2007-11-12,8.5960,8.8597,8.4465,8.7337,11782000
2007-11-13,8.7975,9.2426,8.7975,9.1418,8614000
2007-11-14,9.5399,9.5617,9.0125,9.0478,9347200
2007-11-15,9.1771,9.4996,9.0478,9.3938,12091200
2007-11-16,9.3501,9.3501,8.8177,9.2376,15406800
2007-11-19,9.3467,9.3467,8.6161,8.9000,21253200
2007-11-20,8.2685,8.9201,7.9712,8.5674,46295600
2007-11-21,8.4465,8.4465,8.1878,8.2836,14115200
2007-11-23,8.4717,8.5103,8.2903,8.4230,4015200
2007-11-26,8.5657,8.8916,8.4902,8.6464,15294000
2007-11-27,8.7891,9.0427,8.7589,8.9252,12078000
2007-11-28,9.1250,9.4139,8.6010,9.3669,13355200
2007-11-29,9.5046,9.5046,9.1368,9.3820,9410000
2007-11-30,9.5802,9.6776,9.4643,9.6491,17945600
2007-12-03,9.7414,9.8892,9.5735,9.6743,10230000
2007-12-04,9.5718,9.6877,9.4240,9.6088,8308400
2007-12-05,9.7364,9.8254,9.6037,9.7246,6776800
2007-12-06,9.8943,10.0958,9.5836,10.0186,28446800
2007-12-07,10.6266,10.7105,10.1479,10.2084,14952800
2007-12-10,10.2285,10.4200,10.0522,10.0773,9276800
2007-12-11,10.1227,10.1479,9.6692,9.7616,10792400
2007-12-12,9.9917,10.0908,9.7112,9.8456,10628000
2007-12-13,9.7851,9.9094,9.5936,9.6659,71285200
2007-12-14,9.6323,9.9850,9.5567,9.7767,14204400
2007-12-17,9.7330,9.9094,9.7078,9.7666,14002400
2007-12-18,9.8573,10.2739,9.8399,10.2386,16019200
2007-12-19,10.3209,10.4015,10.1143,10.2403,10536800
2007-12-20,10.2957,10.4452,10.1949,10.4301,9072400
2007-12-21,10.4804,10.5409,10.2839,10.3209,16519200
2007-12-24,10.5325,10.6652,10.3965,10.6316,5382000
2007-12-26,10.6165,10.6954,10.3847,10.5611,6859200
2007-12-27,10.4737,10.5812,10.3226,10.4469,8374000
2007-12-28,10.4720,10.5795,10.3998,10.4636,7000000
2007-12-31,10.3998,10.5040,10.3746,10.4317,8378400
2008-01-02,10.4569,10.4620,9.9497,10.1277,9398800
2008-01-03,10.1596,10.3142,10.0354,10.0958,9843200
2008-01-04,9.9010,9.9010,9.5281,9.5802,16070400
2008-01-07,9.4979,9.7246,9.3803,9.4929,13208800
2008-01-08,9.5819,9.9250,9.3820,9.4223,12886400
2008-01-09,9.4777,9.5063,8.9000,9.2560,26118800
2008-01-10,9.0914,9.4038,8.4398,8.7790,40060000
2008-01-11,8.7337,8.9856,8.6665,8.7539,19846000
2008-01-14,8.7908,9.0663,8.7807,9.0209,13277600
2008-01-15,8.9285,8.9772,8.4482,8.5338,15774400
2008-01-16,8.3105,8.7085,8.3105,8.6178,19882400
2008-01-17,8.6279,9.0108,8.2920,8.3508,18054400
2008-01-18,8.3995,8.7303,8.2382,8.2836,15501200
2008-01-22,7.8435,8.5775,7.5177,8.4767,24653200
2008-01-23,8.2449,8.7539,8.0199,8.7421,23099200
2008-01-24,8.8093,8.8983,8.5674,8.8042,14777600
2008-01-25,8.9017,8.9890,8.2903,8.3306,14676800
2008-01-28,8.3256,8.5036,8.0636,8.4902,10268000
2008-01-29,8.5288,8.5288,8.2449,8.3424,9950400
2008-01-30,8.3558,8.4095,8.1123,8.2433,9477600
2008-01-31,8.1291,8.7908,8.0971,8.6598,12497200
2008-02-01,8.6968,8.8949,8.6161,8.8210,8606400
2008-02-04,9.0998,9.2359,8.7253,8.7337,9960000
2008-02-05,8.5657,8.7236,8.2903,8.2903,8459200
2008-02-06,8.3625,8.5422,8.2366,8.2769,10170800
2008-02-07,8.1223,8.3541,7.9292,8.2584,11981600
2008-02-08,8.2298,8.5389,8.1341,8.4381,7503600
2008-02-11,8.2903,8.4902,8.1878,8.4381,10498800
2008-02-12,8.4717,8.4885,8.1778,8.2466,13856400
2008-02-13,8.2937,8.3184,7.7680,7.9477,18358000
2008-02-14,7.9527,7.9712,7.5379,7.6857,21073600
2008-02-15,7.6000,8.0149,7.4337,7.9997,28404800
2008-02-19,8.0694,8.0837,7.7864,7.8704,13709200
2008-02-20,7.8234,7.8234,7.4975,7.6823,15053600
2008-02-21,7.7243,7.8906,7.6487,7.7243,9418800
2008-02-22,7.7713,7.8167,7.5647,7.7713,9797200
2008-02-25,7.7848,7.7864,7.5580,7.7360,10012800
2008-02-26,7.6655,7.9611,7.6185,7.9124,9491200
2008-02-27,7.8805,8.0367,7.8116,7.9628,6761200
2008-02-28,7.8906,7.8939,7.5547,7.5681,11685200
2008-02-29,7.5395,7.5395,7.0995,7.1146,16601600
2008-03-03,7.1331,7.1935,6.8492,7.1784,12508800
2008-03-04,7.1583,7.3313,7.0541,7.3229,11981200
2008-03-05,7.3733,7.6118,7.2943,7.5966,14798000
2008-03-06,7.6118,7.6420,7.2674,7.2826,9648000
2008-03-07,7.2070,7.4035,7.0390,7.1684,7842400
2008-03-10,7.1600,7.3665,7.1247,7.2775,12572800
2008-03-11,7.6151,7.8754,7.5127,7.8721,13702000
2008-03-12,7.8922,8.0535,7.7495,7.7680,8811600
2008-03-13,7.6705,7.9703,7.4740,7.9225,9716400
2008-03-14,8.1123,8.2718,7.7864,8.2382,20089200
2008-03-17,7.7444,8.1677,7.5597,7.8939,16108400
2008-03-18,8.2181,8.3138,7.5059,8.1543,35311200
2008-03-19,8.1895,8.3961,7.8838,7.8906,15634000
2008-03-20,7.9443,8.4297,7.8906,8.4280,17160800
2008-03-24,8.4801,9.1956,8.4801,9.0679,21702800
2008-03-25,9.1099,9.1116,8.8597,9.0444,13272800
2008-03-26,9.0091,9.0427,8.7723,8.8983,9238000
2008-03-27,9.0041,9.1502,8.9352,9.0696,10036800
2008-03-28,9.0377,9.0377,8.6396,8.7152,11335200
2008-03-31,8.6480,8.8160,8.5493,8.6850,13848000
2008-04-01,8.9426,9.3803,8.8563,9.3501,17945200
2008-04-02,9.3770,9.5449,9.1889,9.3501,13132000
2008-04-03,9.3115,9.5399,9.1771,9.4727,8529200
2008-04-04,9.4055,9.5600,9.3048,9.4761,6052000
2008-04-07,9.5869,9.5869,9.3299,9.4156,6571600
2008-04-08,9.2812,9.3803,9.1267,9.2964,7986800
2008-04-09,9.2292,9.3451,8.8916,9.0175,13598000
2008-04-10,9.0008,9.3316,9.0008,9.2695,12056400
2008-04-11,9.1234,9.3115,9.0931,9.1603,6223200
2008-04-14,9.1385,9.3635,9.0125,9.2191,6964000
2008-04-15,9.3199,9.3938,9.1956,9.3803,8661200
2008-04-16,9.4458,9.5651,9.3820,9.5164,9032000
2008-04-17,9.5550,9.7969,9.4761,9.5802,8637600
2008-04-18,9.7616,9.9312,9.4139,9.5130,18530400
2008-04-21,9.0562,9.3719,9.0444,9.3333,12316000
2008-04-22,9.2796,9.3098,9.1116,9.2124,7740400
2008-04-23,9.2191,9.3518,9.0730,9.2728,9008400
2008-04-24,9.2661,9.5332,9.2544,9.4005,7333600
2008-04-25,9.4660,9.4811,9.3215,9.4358,8757200
2008-04-28,9.4391,9.4391,9.2141,9.2577,10067200
2008-04-29,9.3048,9.4558,9.1418,9.1754,8226800
2008-04-30,9.2225,9.4055,9.0982,9.2443,10017200
2008-05-01,9.2796,9.6071,9.1956,9.4710,10534000
2008-05-02,9.5080,9.5365,8.9588,9.0679,13057600
2008-05-05,8.9571,9.1082,8.8278,8.8597,10268000
2008-05-06,8.7925,9.1301,8.7505,9.0528,9750000
2008-05-07,9.0192,9.0192,8.7337,8.7639,11799200
2008-05-08,8.8143,8.8966,8.5355,8.5758,11374400
2008-05-09,8.5221,8.7051,8.4079,8.6044,8953200
2008-05-12,8.6867,9.1418,8.6044,9.0864,14618800
2008-05-13,9.1402,9.2275,9.0394,9.1704,8144800
2008-05-14,9.2644,9.3837,9.1704,9.2325,7578000
2008-05-15,9.2560,9.4055,9.1469,9.3131,11836400
2008-05-16,9.2594,9.3215,8.7807,9.0478,10736800
2008-05-19,9.0091,9.0679,8.7035,8.7673,8378800
2008-05-20,8.6749,8.7001,8.4868,8.6632,11591600
2008-05-21,8.7035,8.8832,8.5389,8.5389,13868000
2008-05-22,7.8687,8.2903,7.4085,8.2046,69192800
2008-05-23,8.2483,8.3978,8.0232,8.2920,21610000
2008-05-27,8.2601,8.3491,8.1072,8.3138,15632800
2008-05-28,8.3776,8.4700,8.2701,8.4465,12170000
2008-05-29,8.4079,8.5103,8.2282,8.2617,16644800
2008-05-30,8.2685,8.3592,8.1089,8.3306,11706400
2008-06-02,8.3004,8.3743,8.0686,8.2567,12183200
2008-06-03,8.2701,8.3121,8.0518,8.1341,14062400
2008-06-04,8.1223,8.1307,7.8133,7.9577,15030000
2008-06-05,8.0300,8.0854,7.8838,7.9880,16022000
2008-06-06,7.8486,7.9493,7.5580,7.5580,18682000
2008-06-09,7.6420,7.8049,7.5446,7.6974,14682800
2008-06-10,7.6689,7.7125,7.4472,7.4959,16049600
2008-06-11,7.4908,7.5043,7.1398,7.1398,19711600
2008-06-12,7.2372,7.5278,7.1465,7.2087,18547600
2008-06-13,7.3111,7.5194,7.3094,7.4757,18588400
2008-06-16,7.6571,8.1509,7.6353,8.0518,26889200
2008-06-17,8.0904,8.1072,7.7495,7.8704,14980000
2008-06-18,7.7982,7.9813,7.6924,7.8351,14089200
2008-06-19,7.8150,8.0619,7.7612,8.0518,15765600
2008-06-20,7.7360,7.9762,7.6286,7.6286,17922400
2008-06-23,7.6286,7.7142,7.4959,7.6823,14428000
2008-06-24,7.6411,7.8284,7.5496,7.6252,10932000
2008-06-25,7.7142,7.8889,7.6336,7.7293,10594400
2008-06-26,7.6269,7.6269,7.2960,7.3111,10815600
2008-06-27,7.3111,7.3850,7.1734,7.1935,15141600
2008-06-30,7.1398,7.2490,6.7636,6.7854,20155600
2008-07-01,6.7266,6.8627,6.5923,6.8442,20770800
2008-07-02,6.8862,7.1230,6.7703,6.7871,15804800
2008-07-03,6.7921,6.8845,6.4361,6.5133,8804800
2008-07-07,6.5536,6.6964,6.5083,6.6107,14674400
2008-07-08,6.5520,6.8560,6.4008,6.8375,15121600
2008-07-09,6.8694,6.9634,6.5990,6.6141,13638800
2008-07-10,6.6023,6.7619,6.4680,6.5368,10499200
2008-07-11,6.4646,6.8039,6.3185,6.5973,16315600
2008-07-14,6.7266,6.8862,6.6779,6.7636,13985200
2008-07-15,6.7350,7.1616,6.4881,6.9215,19512800
2008-07-16,6.9450,7.2019,6.8056,7.1801,10628400
2008-07-17,7.1801,7.5177,7.0357,7.2775,10802800
2008-07-18,7.5328,7.6336,7.2473,7.6000,17629200
2008-07-21,7.6050,7.6907,7.1935,7.2305,10062000
2008-07-22,7.1650,7.3800,7.0004,7.2960,12102800
2008-07-23,7.2893,7.6487,7.1935,7.4287,16638000
2008-07-24,7.3464,7.4673,7.1180,7.1482,8073200
2008-07-25,7.2053,7.2758,6.9433,6.9769,11425600
2008-07-28,6.9634,6.9786,6.6326,6.8156,15166400
2008-07-29,6.8156,7.0541,6.6914,6.9702,10380800
2008-07-30,7.0071,7.1045,6.6561,6.8895,13275600
2008-07-31,6.8039,7.0491,6.7821,6.8039,7168800
2008-08-01,6.8677,6.8677,6.5620,6.6897,7149600
2008-08-04,6.6762,6.7199,6.5200,6.6225,7437200
2008-08-05,6.6813,7.2322,6.6813,7.2053,9434800
2008-08-06,7.1549,7.3061,7.0004,7.1851,8805600
2008-08-07,7.1230,7.1230,6.9332,6.9567,8546400
2008-08-08,6.9231,7.4631,6.9181,7.4270,11020000
2008-08-11,7.3430,8.0098,7.3010,7.6873,20922800
2008-08-12,7.6571,7.6571,7.5093,7.5832,12188400
2008-08-13,7.5563,7.5580,7.2893,7.4253,10420800
2008-08-14,7.4438,7.5580,7.2792,7.4623,9440000
2008-08-15,7.5160,7.5798,7.2271,7.2574,13044000
2008-08-18,7.3027,7.4505,7.1331,7.4203,14777600
2008-08-19,7.3817,7.5614,7.2658,7.3968,12618400
2008-08-20,7.4724,7.4724,7.1818,7.3094,11106400
2008-08-21,6.9819,7.3665,6.7014,7.3027,45804800
2008-08-22,7.3884,7.5160,7.2725,7.4169,10726000
2008-08-25,7.3346,7.4152,7.1885,7.2658,8637600
2008-08-26,7.2406,7.2607,7.0709,7.2406,12825600
2008-08-27,7.2389,7.3313,7.1935,7.2389,7100800
2008-08-28,7.2658,7.4388,7.2658,7.4052,6842800
2008-08-29,7.3901,7.5160,7.3296,7.3682,6734800
2008-09-02,7.4472,7.7646,7.4472,7.6218,15146000
2008-09-03,7.6353,7.6420,7.3296,7.3733,9074000
2008-09-04,7.3061,7.4841,7.2607,7.3783,11927600
2008-09-05,7.3078,7.4069,7.1180,7.3279,10644000
2008-09-08,7.4354,7.7864,7.2557,7.4371,14582800
2008-09-09,7.4808,7.5899,7.2322,7.3145,11334000
2008-09-10,7.3145,7.4320,7.1180,7.1818,9796800
2008-09-11,7.0625,7.2053,6.9752,7.1717,9519200
2008-09-12,7.0676,7.0676,6.7871,6.9215,13232000
2008-09-15,6.6023,6.9970,6.4243,6.5335,16810000
2008-09-16,6.3857,6.8240,6.3219,6.7317,14190400
2008-09-17,6.6393,6.7149,6.2899,6.3151,19856800
2008-09-18,6.4176,6.5469,5.8818,6.4646,25745600
2008-09-19,6.8207,6.9886,6.2144,6.3319,23282800
2008-09-22,6.3706,6.3706,6.0598,6.0934,12012400
2008-09-23,6.1287,6.1925,5.7978,5.8684,13957200
2008-09-24,5.8835,5.8835,5.5912,5.8113,18436400
2008-09-25,5.8835,6.2144,5.8407,6.0531,12844800
2008-09-26,5.9204,6.0884,5.8617,6.0733,7502400
2008-09-29,6.1102,6.1539,5.5089,5.7441,17368000
2008-09-30,5.8684,5.8785,5.6568,5.7458,10832400
2008-10-01,5.6887,6.0867,5.6887,6.0531,14468400
2008-10-02,6.0464,6.0884,5.8768,6.0145,14665600
2008-10-03,6.1220,6.4529,5.8751,5.9255,16381600
2008-10-06,5.6937,5.7928,5.2486,5.7290,16781600
2008-10-07,5.7122,5.8617,5.1579,5.1646,15159600
2008-10-08,4.9665,5.2520,4.9177,5.0739,24096800
2008-10-09,5.1344,5.3645,4.8405,4.8858,12377600
2008-10-10,4.5314,5.0672,4.4324,4.8875,17067600
2008-10-13,5.3091,5.6400,5.1008,5.6299,11892800
2008-10-14,5.8768,6.1875,4.9513,5.0991,17392400
2008-10-15,5.0655,5.0672,4.6524,4.6574,10457200
2008-10-16,4.7582,5.2486,4.5718,5.1747,19504800
2008-10-17,5.0521,5.5493,5.0202,5.3477,15007600
2008-10-20,5.4115,5.7021,5.2805,5.5745,9182800
2008-10-21,5.5761,5.6299,5.0756,5.1159,11535200
2008-10-22,5.1008,5.1075,4.5113,4.7414,11143600
2008-10-23,4.7011,4.8187,4.2342,4.5466,13702000
2008-10-24,4.0780,4.4408,4.0461,4.3215,10107600
2008-10-27,4.2476,4.4811,4.1989,4.2342,7350800
2008-10-28,4.3618,4.8556,4.1166,4.8556,10413200
2008-10-29,4.7834,5.2570,4.6524,4.9429,12296800
2008-10-30,5.1159,5.2856,4.9194,4.9429,8937200
2008-10-31,4.6759,4.8539,4.4533,4.6003,18198800
2008-11-03,4.6658,4.6658,4.4559,4.5298,12913200
2008-11-04,4.6205,4.7028,4.5634,4.6608,10694800
2008-11-05,4.5936,4.5936,4.2291,4.2459,9225600
2008-11-06,4.2073,4.2795,3.9520,3.9990,12471200
2008-11-07,4.0410,4.2476,4.0242,4.2157,11724800
2008-11-10,4.3215,4.4441,4.0410,4.1116,6611600
2008-11-11,4.0528,4.0880,3.8798,3.9318,7261600
2008-11-12,3.6833,3.7488,3.5539,3.7017,12023600
2008-11-13,3.6631,4.1821,3.5607,4.1703,11899200
2008-11-14,4.0880,4.3887,3.9100,3.9100,17737200
2008-11-17,3.9067,4.0729,3.8126,3.8210,10797200
2008-11-18,3.8193,3.9117,3.6060,3.7303,10996000
2008-11-19,3.7118,3.7740,3.4112,3.4532,14096000
2008-11-20,3.2113,3.3574,2.8401,2.9392,34066000
2008-11-21,3.1357,3.1357,2.8502,3.0198,23882400
2008-11-24,3.0786,3.4532,2.9812,3.3944,17435600
2008-11-25,3.4616,3.6362,3.3289,3.4716,13656400
2008-11-26,3.4028,3.7219,3.3272,3.6950,15137600
2008-11-28,3.6950,3.7790,3.5791,3.6698,3492400
2008-12-01,3.6362,3.6362,3.2080,3.2499,16041200
2008-12-02,3.2936,3.3507,3.1156,3.1928,13370000
2008-12-03,3.1072,3.3171,3.0400,3.1660,17088000
2008-12-04,3.1005,3.5623,3.0249,3.3893,14238800
2008-12-05,3.3860,3.6346,3.1962,3.5724,16196400
2008-12-08,3.7589,4.2157,3.6564,4.1989,19515600
2008-12-09,4.0981,4.1989,3.8378,3.9016,20840800
2008-12-10,3.8227,4.0813,3.6900,4.0461,17691200
2008-12-11,4.0108,4.1552,3.7857,3.8361,12814800
2008-12-12,3.7152,4.1116,3.7152,4.0528,11752800
2008-12-15,4.0629,4.1435,3.7857,3.8831,9152400
2008-12-16,3.9470,4.3501,3.9402,4.3148,13348800
2008-12-17,4.2073,4.4525,4.1284,4.3114,13346400
2008-12-18,4.3282,4.3752,4.0041,4.0964,12953600
2008-12-19,4.2123,4.2291,4.0477,4.1317,9903600
2008-12-22,4.1737,4.1737,3.7656,3.8865,8427200
2008-12-23,3.9537,3.9554,3.6900,3.7253,7179600
2008-12-24,3.6900,3.9285,3.6900,3.9150,3049200
2008-12-26,3.9352,3.9352,3.8197,3.8865,2639600
2008-12-29,3.8949,3.8949,3.6077,3.6866,8405200
2008-12-30,3.6883,3.7773,3.6430,3.7185,6538400
2008-12-31,3.7068,3.7572,3.6043,3.6379,10700000
2009-01-02,3.6497,3.9889,3.5338,3.8949,13963600
2009-01-05,3.9033,4.1132,3.8630,4.0024,13637600
2009-01-06,4.0393,4.1200,3.8882,3.9503,13866000
2009-01-07,3.9335,3.9335,3.7387,3.7975,11122800
2009-01-08,4.1468,4.3920,3.8630,4.2963,42152000
2009-01-09,4.2963,4.4928,4.1771,4.3887,18159600
2009-01-12,4.3652,4.3786,4.1922,4.2778,14668400
2009-01-13,4.2308,4.3316,4.0662,4.1384,12873600
2009-01-14,4.1048,4.1048,3.8682,3.9352,16432400
2009-01-15,3.9436,4.1233,3.8109,4.0024,23565200
2009-01-16,4.1200,4.1838,3.9100,4.1451,15144800
2009-01-20,4.1284,4.1955,3.8495,3.8714,13612400
2009-01-21,3.9537,4.1048,3.8193,4.1032,10744800
2009-01-22,4.0629,4.1989,3.8983,4.0864,14352800
2009-01-23,3.9117,4.4097,3.9067,4.3349,16519200
2009-01-26,4.3635,4.5398,4.3148,4.4609,17713600
2009-01-27,4.4743,4.5734,4.3652,4.4290,10235600
2009-01-28,4.5768,4.7414,4.5365,4.7263,11984800
2009-01-29,4.6440,4.6457,4.4004,4.4206,10453600
2009-01-30,4.4357,4.5197,4.1485,4.1619,15813200
2009-02-02,4.1166,4.3383,4.0729,4.2762,11117200
2009-02-03,4.2778,4.3467,4.1955,4.3030,11142800
2009-02-04,4.3131,4.5214,4.2190,4.3652,11842800
2009-02-05,4.3534,4.6104,4.3265,4.5533,11081600
2009-02-06,4.6137,4.7565,4.5348,4.7044,9702400
2009-02-09,4.6373,4.7448,4.5701,4.6053,6362000
2009-02-10,4.5617,4.6910,4.3769,4.5180,13442000
2009-02-11,4.5482,4.5600,4.3769,4.4525,8349200
2009-02-12,4.4172,4.5482,4.3114,4.5331,10009200
2009-02-13,4.5046,4.5751,4.3517,4.4088,14056800
2009-02-17,4.2879,4.3551,4.1485,4.2023,13674800
2009-02-18,4.2342,4.2879,4.1351,4.1771,8056000
2009-02-19,4.7280,4.7716,4.4206,4.4727,30934000
2009-02-20,4.3904,4.5449,4.2980,4.4811,21009200
2009-02-23,4.5650,4.5852,4.3820,4.4038,14442800
2009-02-24,4.4626,4.6977,4.4189,4.5953,16203600
2009-02-25,4.5600,4.8842,4.5130,4.7548,20710000
2009-02-26,4.8254,4.8371,4.5314,4.5348,16187600
2009-02-27,4.4441,4.6289,4.4021,4.5214,12968800
2009-03-02,4.4256,4.5466,4.3517,4.3820,11168000
2009-03-03,4.4491,4.5063,4.3081,4.3635,9038000
2009-03-04,4.4575,4.6557,4.4508,4.5852,11398000
2009-03-05,4.4794,4.5180,3.7521,3.9402,60038400
2009-03-06,3.9973,4.0629,3.6648,3.7589,27643200
2009-03-09,3.7253,3.8731,3.6631,3.8462,18562000
2009-03-10,3.9436,4.2644,3.9050,4.2342,16247600
2009-03-11,4.2207,4.3887,4.1401,4.2426,13239600
2009-03-12,4.2409,4.2795,4.0343,4.2661,12505200
2009-03-13,4.2829,4.3836,4.2140,4.3097,13562800
2009-03-16,4.3669,4.3669,4.0746,4.0998,10923600
2009-03-17,4.0914,4.2023,4.0108,4.1905,12678800
2009-03-18,4.1653,4.3299,4.0880,4.1703,18758400
2009-03-19,4.2190,4.3450,4.0696,4.2694,14676000
2009-03-20,4.3349,4.3551,4.1149,4.1737,14899200
2009-03-23,4.2778,4.5264,4.2493,4.4710,21946000
2009-03-24,4.4105,4.6893,4.3333,4.5432,25125200
2009-03-25,4.5969,4.5969,4.2829,4.5079,25804400
2009-03-26,4.7347,4.7783,4.3316,4.4021,43962800
2009-03-27,4.3786,4.7011,4.3366,4.6742,22048800
2009-03-30,4.5650,4.5986,4.4206,4.5466,13361600
2009-03-31,4.5886,4.8640,4.5617,4.7061,21632000
2009-04-01,4.7935,4.7935,4.6322,4.7364,16029200
2009-04-02,4.8220,5.1243,4.7867,5.0555,17236400
2009-04-03,5.0471,5.2553,4.8976,5.0017,28170800
2009-04-06,4.8237,4.9295,4.7028,4.8069,24378400
2009-04-07,4.7229,4.9597,4.6255,4.9127,15189200
2009-04-08,4.9278,5.0958,4.9177,5.0958,10800000
2009-04-09,5.2083,5.4518,5.0756,5.4451,13712000
2009-04-13,5.4216,5.5123,5.3460,5.4233,15403200
2009-04-14,5.3830,5.4216,5.2688,5.2889,12311200
2009-04-15,5.2889,5.3813,5.2234,5.3578,8244400
2009-04-16,5.4619,5.4619,4.9278,4.9883,36771600
2009-04-17,5.0807,5.1294,4.6792,4.8422,34494400
2009-04-20,4.7565,4.8002,4.6725,4.7699,11553600
2009-04-21,4.7683,5.0387,4.7095,5.0051,12638400
2009-04-22,4.9597,5.1814,4.8489,5.0152,16529200
2009-04-23,5.0152,5.1445,4.9782,5.1227,12307200
2009-04-24,5.1764,5.3208,5.0555,5.2587,10360000
2009-04-27,5.1579,5.2385,5.0588,5.1193,9435200
2009-04-28,5.0555,5.1361,4.9245,4.9832,9591600
2009-04-29,5.0303,5.1764,4.9967,5.0538,11000800
2009-04-30,5.1646,5.2201,5.0303,5.0655,13025600
2009-05-01,5.0555,5.0639,4.8741,4.9278,10718000
2009-05-04,4.9765,5.0874,4.8758,4.9278,14536000
2009-05-05,4.9530,4.9732,4.7935,4.8858,13023600
2009-05-06,4.8875,4.8875,4.5382,4.6205,27962400
2009-05-07,4.6490,4.7011,4.3531,4.5197,23629600
2009-05-08,4.5734,4.6255,4.3484,4.3887,19250400
2009-05-11,4.3988,4.5130,4.2409,4.4777,15956400
2009-05-12,4.5264,4.5348,4.2929,4.4088,12664400
2009-05-13,4.3299,4.3534,4.2157,4.3097,13865600
2009-05-14,4.3114,4.5147,4.2442,4.3618,19002000
2009-05-15,4.3484,4.5650,4.3467,4.4458,16987200
2009-05-18,4.5079,4.5079,4.2963,4.4139,17980000
2009-05-19,4.3954,4.4072,4.3064,4.3366,15981600
2009-05-20,4.3601,4.5558,4.3433,4.4458,22625600
2009-05-21,3.9285,3.9621,3.6698,3.7589,93280800
2009-05-22,3.8546,3.9083,3.7589,3.7874,29644400
2009-05-26,3.7773,3.9705,3.7404,3.9234,26845200
2009-05-27,3.9302,3.9302,3.6917,3.6967,31670000
2009-05-28,3.7488,3.9671,3.7488,3.9520,28178400
2009-05-29,3.9806,4.1905,3.9654,4.1905,28922800
2009-06-01,4.2274,4.4508,4.1989,4.3333,22536000
2009-06-02,4.2946,4.3366,4.0175,4.0847,28647600
2009-06-03,4.1048,4.1368,4.0242,4.0595,17809600
2009-06-04,4.0914,4.1132,3.9218,4.1065,26048400
2009-06-05,4.1468,4.1939,3.9587,4.0125,22467600
2009-06-08,3.9470,4.1116,3.9319,4.0864,15417600
2009-06-09,4.1048,4.2274,4.1048,4.1989,13499200
2009-06-10,4.2274,4.2543,4.1116,4.1905,17362000
2009-06-11,4.1922,4.2812,4.1116,4.1334,15526400
2009-06-12,4.1149,4.1368,3.9520,4.0511,25776000
2009-06-15,4.0175,4.0175,3.8966,3.9755,17307600
2009-06-16,3.9822,3.9822,3.8294,3.8613,17450000
2009-06-17,3.8479,3.9705,3.8092,3.9033,13238800
2009-06-18,3.9050,3.9722,3.8109,3.8294,13021200
2009-06-19,3.8563,3.9016,3.8042,3.8546,16404000
2009-06-22,3.8428,3.8428,3.6850,3.6883,16922000
2009-06-23,3.6094,3.6950,3.4330,3.6715,53730400
2009-06-24,3.7051,3.7807,3.6413,3.6665,17768400
2009-06-25,3.6362,3.8008,3.6295,3.7303,16520800
2009-06-26,3.7152,3.7840,3.6749,3.7236,11630000
2009-06-29,3.7320,3.8143,3.6514,3.7236,13016800
2009-06-30,3.7337,3.8025,3.6631,3.6967,14904800
2009-07-01,3.7387,3.7882,3.7118,3.7723,14216800
2009-07-02,3.7303,3.7303,3.5069,3.5103,23488000
2009-07-06,3.4784,3.5791,3.4716,3.5338,13345600
2009-07-07,3.5355,3.5489,3.4246,3.4364,12082400
2009-07-08,3.4364,3.5288,3.3961,3.5170,15794400
2009-07-09,3.5304,3.5607,3.4112,3.4750,13632400
2009-07-10,3.4448,3.4968,3.4011,3.4330,11711600
2009-07-13,3.4397,3.5338,3.3625,3.5321,12709600
2009-07-14,3.5304,3.6396,3.4649,3.6329,16020800
2009-07-15,3.6715,3.6883,3.5859,3.6346,14714400
2009-07-16,3.5976,3.7337,3.5439,3.7202,17691200
2009-07-17,3.6665,3.7236,3.5993,3.6883,17236400
2009-07-20,3.7051,3.7824,3.6967,3.7521,13197200
2009-07-21,3.7672,3.8563,3.6967,3.8495,19525600
2009-07-22,3.8311,3.9957,3.8160,3.9671,20105200
2009-07-23,3.9688,4.0645,3.8865,4.0141,23842400
2009-07-24,3.9402,4.0729,3.9184,4.0561,21429600
2009-07-27,4.0377,4.0494,3.8882,3.9520,22301200
2009-07-28,3.9167,3.9486,3.8126,3.8294,23062800
2009-07-29,3.8059,3.8445,3.6698,3.6732,27248400
2009-07-30,3.7101,3.8025,3.6043,3.6077,24278400
2009-07-31,3.6094,3.7521,3.6094,3.6766,19539600
2009-08-03,3.7017,3.8596,3.7017,3.8395,17851600
2009-08-04,3.9302,4.1300,3.8798,4.1015,34184000
2009-08-05,4.1032,4.1737,4.0276,4.0561,21148000
2009-08-06,4.1132,4.1720,4.0511,4.1183,16098000
2009-08-07,4.1384,4.2594,4.0897,4.2258,14760800
2009-08-10,4.2526,4.2846,4.0108,4.0578,18084000
2009-08-11,4.0561,4.1754,4.0393,4.1485,15786400
2009-08-12,4.1334,4.3551,4.1200,4.3064,23210000
2009-08-13,4.3349,4.4441,4.2426,4.4223,26032400
2009-08-14,4.3366,4.4777,4.3265,4.4408,31286800
2009-08-17,4.2426,4.3400,4.2039,4.2140,19117600
2009-08-18,4.2342,4.2452,4.0477,4.1216,29814000
2009-08-19,4.0696,4.2678,4.0561,4.2291,26332000
2009-08-20,3.9033,4.0477,3.8647,3.9318,67452800
2009-08-21,3.9654,4.0024,3.8663,3.8848,29613600
2009-08-24,3.8983,3.9050,3.7454,3.7891,29498400
2009-08-25,3.8076,3.8361,3.7488,3.7672,27330800
2009-08-26,3.7689,3.8529,3.7051,3.7891,20362800
2009-08-27,3.7790,3.9083,3.7454,3.8663,20830400
2009-08-28,3.9016,3.9587,3.8663,3.9419,21142000
2009-08-31,4.0830,4.1048,3.9755,3.9973,30459600
2009-09-01,3.9722,4.0612,3.9100,3.9167,17736000
2009-09-02,3.9117,3.9839,3.8529,3.9402,17472400
2009-09-03,3.9251,4.0309,3.8848,4.0225,11936000
2009-09-04,4.0175,4.0545,3.9369,4.0410,12266800
2009-09-08,4.1065,4.2031,4.0763,4.1871,18980000
2009-09-09,4.2190,4.2661,4.1653,4.2073,14990400
2009-09-10,4.2224,4.2308,4.0998,4.2023,14457200
2009-09-11,4.2123,4.2123,4.1216,4.1485,12579600
2009-09-14,4.1166,4.3501,4.0729,4.2980,27324000
2009-09-15,4.3097,4.3400,4.2442,4.2560,14134800
2009-09-16,4.2661,4.3635,4.1989,4.3366,17892000
2009-09-17,4.3366,4.3652,4.2938,4.3333,14788400
2009-09-18,4.3517,4.5886,4.3131,4.4995,36131600
2009-09-21,4.4979,4.5466,4.3904,4.4139,17578800
2009-09-22,4.4475,4.4710,4.3652,4.4072,9724800
2009-09-23,4.4088,4.5716,4.3685,4.4777,18429600
2009-09-24,4.5012,4.5281,4.3786,4.4055,13425600
2009-09-25,4.3786,4.4324,4.3282,4.3736,10657200
2009-09-28,4.3853,4.4475,4.3433,4.4021,10503200
2009-09-29,4.4206,4.5449,4.4172,4.4995,11655200
2009-09-30,4.5197,4.5398,4.3954,4.4458,17042000
2009-10-01,4.4575,4.5029,4.3551,4.3702,18036000
2009-10-02,4.3232,4.4004,4.3013,4.3131,12916000
2009-10-05,4.3047,4.3836,4.2678,4.3719,12717600
2009-10-06,4.4156,4.5012,4.2846,4.4710,10194000
2009-10-07,4.4240,4.4727,4.3836,4.4072,16032800
2009-10-08,4.5432,4.6440,4.4811,4.5969,29264000
2009-10-09,4.5953,4.5953,4.4953,4.5281,15445200
2009-10-12,4.5466,4.6087,4.4777,4.5113,10214000
2009-10-13,4.5063,4.6238,4.4710,4.5919,17388400
2009-10-14,4.6339,4.7448,4.6339,4.7296,19975200
2009-10-15,4.7128,4.8069,4.6574,4.6759,23774800
2009-10-16,4.6473,4.7128,4.5902,4.6574,15250800
2009-10-19,4.6860,4.7531,4.6658,4.7296,9785600
2009-10-20,4.5617,4.5634,4.2778,4.3081,50180000
2009-10-21,4.3097,4.3920,4.2476,4.2560,29969200
2009-10-22,4.2661,4.3265,4.1804,4.2392,22136400
2009-10-23,4.3232,4.3232,4.1250,4.1603,19331600
2009-10-26,4.1838,4.2367,4.0158,4.0444,24907600
2009-10-27,4.0545,4.1451,4.0259,4.1317,28021600
2009-10-28,4.1485,4.1586,4.0612,4.0696,19852400
2009-10-29,4.1015,4.1569,4.0679,4.1233,14058800
2009-10-30,4.1065,4.1166,4.0326,4.0796,26188000
2009-11-02,4.1065,4.1384,3.9990,4.0629,16268800
2009-11-03,4.0410,4.0880,3.9705,4.0276,11898000
2009-11-04,4.0763,4.0897,3.9789,3.9873,13658000
2009-11-05,4.0158,4.1149,3.9856,4.0629,12047200
2009-11-06,4.0377,4.1418,4.0141,4.1368,9437600
2009-11-09,4.1972,4.2997,4.1737,4.2829,12618800
2009-11-10,4.3719,4.3719,4.1855,4.2291,17291600
2009-11-11,4.2207,4.2207,4.0309,4.1032,24894000
2009-11-12,4.0578,4.1687,4.0561,4.1351,17740800
2009-11-13,4.1401,4.1838,3.9369,3.9789,30455600
2009-11-16,3.9940,4.1435,3.9923,4.0981,17727200
2009-11-17,4.0847,4.0897,3.9453,4.0259,13722800
2009-11-18,4.0561,4.0645,3.9973,4.0461,16356400
2009-11-19,4.1149,4.1401,4.0309,4.1149,28052000
2009-11-20,4.0998,4.3081,4.0998,4.2812,24193200
2009-11-23,4.3333,4.3752,4.2778,4.3097,18866400
2009-11-24,4.3232,4.3501,4.2274,4.2459,15699200
2009-11-25,4.2594,4.3198,4.2149,4.2997,12368400
2009-11-27,4.1888,4.2762,4.1552,4.2526,7013600
2009-11-30,4.2510,4.2577,3.9889,4.0998,32250400
2009-12-01,4.1384,4.1670,3.9839,4.0041,24110000
2009-12-02,3.8781,3.9234,3.5875,3.6732,82857600
2009-12-03,3.7219,3.7454,3.5859,3.5859,32134000
2009-12-04,3.6295,3.6530,3.5237,3.5825,28291600
2009-12-07,3.5640,3.6950,3.5455,3.6833,29156400
2009-12-08,3.5523,3.6094,3.5069,3.5859,24618400
2009-12-09,3.5842,3.5842,3.4750,3.4968,25552400
2009-12-10,3.5136,3.5623,3.5044,3.5573,21166400
2009-12-11,3.7555,3.7790,3.6018,3.6480,43557200
2009-12-14,3.6883,3.7605,3.6480,3.7421,18072000
2009-12-15,3.7185,3.7505,3.6816,3.7471,15962000
2009-12-16,3.7605,3.7840,3.7337,3.7689,13728400
2009-12-17,3.7605,3.8059,3.7152,3.8042,16027200
2009-12-18,3.8042,3.8210,3.7424,3.7756,17775600
2009-12-21,3.7756,3.8176,3.7672,3.7992,9394400
2009-12-22,3.7992,3.8042,3.7202,3.7320,12574000
2009-12-23,3.7185,3.7404,3.6833,3.6967,14990800
2009-12-24,3.6950,3.7152,3.6900,3.6967,3045600
2009-12-28,3.7253,3.7706,3.7185,3.7353,12622400
2009-12-29,3.7505,3.7505,3.7101,3.7236,9635200
2009-12-30,3.7202,3.7269,3.7017,3.7236,6336000
2009-12-31,3.7085,3.7253,3.6850,3.6850,8567200
2010-01-04,3.7068,3.8546,3.6950,3.8462,26702800
2010-01-05,3.8479,3.9873,3.8462,3.9503,21269600
2010-01-06,3.9402,4.0477,3.8999,4.0360,21471200
2010-01-07,3.3608,3.5556,3.2617,3.4364,164761200
2010-01-08,3.4666,3.5657,3.3977,3.4078,47872400
2010-01-11,3.4498,3.4582,3.3776,3.4129,28085200
2010-01-12,3.4700,3.4935,3.4095,3.4884,28486000
2010-01-13,3.4985,3.5103,3.4632,3.4918,17787600
2010-01-14,3.4800,3.4985,3.4246,3.4431,27087600
2010-01-15,3.4414,3.4716,3.4280,3.4431,24515200
2010-01-19,3.4683,3.4952,3.4263,3.4952,16406800
2010-01-20,3.4683,3.4884,3.4246,3.4448,16296800
2010-01-21,3.4313,3.4683,3.4145,3.4297,17704000
2010-01-22,3.4297,3.4330,3.3558,3.3642,13537600
2010-01-25,3.3793,3.4078,3.3423,3.3474,14026400
2010-01-26,3.3306,3.3675,3.2785,3.2987,25002400
2010-01-27,3.3037,3.3608,3.2751,3.3490,26276000
2010-01-28,3.3608,3.3608,3.3171,3.3356,17192800
2010-01-29,3.3490,3.3658,3.3121,3.3205,18107600
2010-02-01,3.3558,3.3709,3.3022,3.3474,22914400
2010-02-02,3.3490,3.4095,3.3356,3.3977,17193200
2010-02-03,3.4045,3.4549,3.3692,3.4448,13012000
2010-02-04,3.4196,3.4297,3.3532,3.3759,20178400
2010-02-05,3.3877,3.4112,3.3390,3.3843,13127200
2010-02-08,3.3826,3.3826,3.3037,3.3070,16622400
2010-02-09,3.1878,3.2164,3.0686,3.1609,44096400
2010-02-10,3.1609,3.2415,3.1559,3.2197,22481600
2010-02-11,3.2231,3.2785,3.2130,3.2516,16944400
2010-02-12,3.2298,3.2348,3.1576,3.2197,19654800
2010-02-16,3.2214,3.2331,3.1660,3.1895,15120800
2010-02-17,3.1844,3.2449,3.1828,3.2382,12235200
2010-02-18,3.2298,3.2751,3.2096,3.2617,9183200
2010-02-19,3.2466,3.2651,3.2298,3.2432,11946800
2010-02-22,3.2499,3.2499,3.1912,3.2046,10532800
2010-02-23,3.1928,3.2147,3.1601,3.1693,14362000
2010-02-24,3.1811,3.1878,3.1475,3.1676,15390400
2010-02-25,2.9359,2.9443,2.8754,2.9409,65709600
2010-02-26,2.9543,2.9846,2.8771,2.8888,27936800
2010-03-01,2.9040,2.9522,2.8989,2.9375,18755200
2010-03-02,2.9527,2.9779,2.9157,2.9375,13546400
2010-03-03,2.9493,3.0131,2.9342,2.9980,18618800
2010-03-04,2.9980,3.0518,2.9627,2.9879,19592400
2010-03-05,2.9980,3.0484,2.9812,3.0366,17628800
2010-03-08,3.0450,3.1257,3.0383,3.1021,14404400
2010-03-09,3.0937,3.1206,3.0030,3.0333,20690400
2010-03-10,3.0282,3.0820,3.0131,3.0702,15324000
2010-03-11,3.0635,3.3121,3.0467,3.2499,70812800
2010-03-12,3.2802,3.3322,3.2113,3.2264,19390800
2010-03-15,3.2231,3.2667,3.1475,3.2583,16786000
2010-03-16,3.2735,3.2735,3.2071,3.2600,14022800
2010-03-17,3.2567,3.3440,3.2365,3.3356,29221600
2010-03-18,3.6161,3.7135,3.5321,3.5539,75227200
2010-03-19,3.5623,3.5901,3.5103,3.5455,31450800
2010-03-22,3.6346,3.6967,3.5943,3.6278,32534400
2010-03-23,3.6194,3.7454,3.6027,3.7286,29708800
2010-03-24,3.7051,3.7051,3.6144,3.6463,22520800
2010-03-25,3.6950,3.7286,3.6472,3.6581,17515200
2010-03-26,3.6648,3.6950,3.6228,3.6950,11542800
2010-03-29,3.7185,3.7454,3.6497,3.6564,13868000
2010-03-30,3.6564,3.7034,3.6379,3.6648,11360400
2010-03-31,3.6379,3.6984,3.6379,3.6799,17516000
2010-04-01,3.6816,3.7756,3.6816,3.7622,15999600
2010-04-05,3.7723,3.8059,3.7538,3.8025,12947600
2010-04-06,3.7908,3.8025,3.7521,3.7807,10560400
2010-04-07,3.7605,3.8109,3.7505,3.8092,17577200
2010-04-08,3.8025,3.8999,3.7773,3.8831,17962800
2010-04-09,3.8983,3.9268,3.8277,3.9134,14136400
2010-04-12,3.9251,3.9688,3.8949,3.9419,17782800
2010-04-13,3.9369,3.9789,3.9000,3.9738,18796000
2010-04-14,3.9889,4.0326,3.9705,4.0225,20700800
2010-04-15,4.0309,4.1804,4.0125,4.1015,28872400
2010-04-16,4.2829,4.2913,4.1267,4.1670,44103600
2010-04-19,4.2073,4.3114,4.1939,4.2493,47649600
2010-04-20,4.2795,4.2913,4.2220,4.2661,27440000
2010-04-21,4.2594,4.2594,4.1603,4.2224,28300400
2010-04-22,4.1989,4.2274,4.1653,4.2039,40112000
2010-04-23,4.1972,4.2442,4.1771,4.2358,26032800
2010-04-26,4.2224,4.2896,4.1905,4.2762,21112000
2010-04-27,4.2543,4.3249,4.1048,4.1216,24509600
2010-04-28,4.1300,4.2107,4.1015,4.1519,14573600
2010-04-29,4.1972,4.2442,4.1468,4.1972,13401600
2010-04-30,4.2090,4.2224,4.0662,4.0830,16750000
2010-05-03,4.1317,4.2510,4.0830,4.2224,13205200
2010-05-04,4.2493,4.2493,4.1116,4.1552,19578400
2010-05-05,4.0981,4.1787,3.9839,4.1166,17316800
2010-05-06,4.0780,4.1032,3.7101,3.8932,26537200
2010-05-07,3.8647,3.9218,3.6816,3.7924,28214400
2010-05-10,3.9638,4.0192,3.8495,3.9134,19441200
2010-05-11,3.8445,3.9100,3.7337,3.8529,25358000
2010-05-12,3.8277,3.9016,3.7421,3.8865,20704000
2010-05-13,3.8815,3.9386,3.8042,3.8092,14396400
2010-05-14,3.6446,3.7454,3.5053,3.6698,37874000
2010-05-17,3.6665,3.7034,3.5758,3.7001,20410800
2010-05-18,3.7253,3.7639,3.5791,3.5959,17028000
2010-05-19,3.5859,3.6110,3.4767,3.5724,25809600
2010-05-20,3.6194,3.8377,3.4616,3.4632,58545600
2010-05-21,3.4381,3.6278,3.4061,3.5775,24071200
2010-05-24,3.5808,3.6228,3.5271,3.5741,19369200
2010-05-25,3.4918,3.6950,3.4700,3.6799,32569200
2010-05-26,3.7085,3.7286,3.6295,3.6379,20909200
2010-05-27,3.7924,3.8663,3.7790,3.8596,19578400
2010-05-28,3.8495,3.8882,3.7421,3.8277,15776800
2010-06-01,3.7958,3.8076,3.6715,3.6715,16959200
2010-06-02,3.6833,3.7353,3.6430,3.7169,14154800
2010-06-03,3.7236,3.8185,3.7001,3.8092,13562000
2010-06-04,3.7219,3.7807,3.6194,3.6564,16968000
2010-06-07,3.6581,3.7017,3.5439,3.5506,17799600
2010-06-08,3.5489,3.5657,3.4431,3.5254,25142000
2010-06-09,3.5405,3.5993,3.5069,3.5254,15337600
2010-06-10,3.5859,3.6362,3.5355,3.5657,14132800
2010-06-11,3.5338,3.7001,3.5019,3.6379,20270000
2010-06-14,3.6446,3.7236,3.6295,3.6749,17182000
2010-06-15,3.6833,3.7219,3.3255,3.4784,86314800
2010-06-16,3.4549,3.4582,3.2718,3.2987,40100400
2010-06-17,3.3003,3.3255,3.2248,3.2516,26484400
2010-06-18,3.2499,3.2718,3.2080,3.2264,24309600
2010-06-21,3.2785,3.2785,3.1475,3.1676,19453600
2010-06-22,3.1676,3.2248,3.1475,3.1626,19208800
2010-06-23,3.1509,3.1962,3.1122,3.1727,14618800
2010-06-24,3.1592,3.1828,3.0686,3.0853,24058000
2010-06-25,3.0921,3.1458,3.0484,3.1089,25433200
2010-06-28,3.0770,3.1744,3.0518,3.1492,21330400
2010-06-29,3.1173,3.1173,3.0165,3.0770,27437600
2010-06-30,3.0820,3.1710,3.0635,3.1559,32174400
2010-07-01,3.1374,3.2466,3.1324,3.2029,39145600
2010-07-02,3.1945,3.2214,3.0627,3.0686,22867200
2010-07-06,3.0904,3.1634,3.0652,3.0904,16960800
2010-07-07,3.1055,3.1643,3.0870,3.1492,16324400
2010-07-08,3.1660,3.2231,3.1425,3.1660,16996400
2010-07-09,3.1576,3.2080,3.1189,3.1962,10320000
2010-07-12,3.1912,3.2651,3.1895,3.2449,15144400
2010-07-13,3.2751,3.3104,3.2399,3.2768,12702800
2010-07-14,3.2751,3.3356,3.2214,3.2768,15780000
2010-07-15,3.2735,3.2936,3.2214,3.2785,13475600
2010-07-16,3.2583,3.2667,3.1626,3.1828,17426800
2010-07-19,3.1895,3.2667,3.1895,3.2583,15486400
2010-07-20,3.2147,3.3276,3.2046,3.3255,11388000
2010-07-21,3.3322,3.3658,3.2936,3.3020,16517200
2010-07-22,3.3339,3.3776,3.3121,3.3574,13131600
2010-07-23,3.3457,3.4431,3.3238,3.4431,12521600
2010-07-26,3.4330,3.5086,3.4112,3.5086,7603600
2010-07-27,3.5288,3.5288,3.4011,3.4078,13526000
2010-07-28,3.4112,3.4733,3.3558,3.3608,11020000
2010-07-29,3.3658,3.3877,3.2667,3.3154,14032400
2010-07-30,3.2768,3.3709,3.2583,3.3675,9482400
2010-08-02,3.3977,3.5539,3.3977,3.5455,18259600
2010-08-03,3.5422,3.5422,3.4439,3.4700,9780400
2010-08-04,3.4952,3.6094,3.4733,3.5707,14005600
2010-08-05,3.5607,3.5640,3.4952,3.5489,8965600
2010-08-06,3.5153,3.5271,3.4326,3.5220,10918000
2010-08-09,3.5539,3.5943,3.5052,3.5204,13735200
2010-08-10,3.4851,3.5153,3.4280,3.4481,14230000
2010-08-11,3.4095,3.4213,3.3205,3.3356,17867600
2010-08-12,3.3070,3.3826,3.2651,3.3104,14706400
2010-08-13,3.2953,3.3154,3.2684,3.2869,9609200
2010-08-16,3.2701,3.3474,3.2164,3.3306,8584000
2010-08-17,3.3591,3.3944,3.3188,3.3625,6376800
2010-08-18,3.3440,3.5052,3.3440,3.4868,13283200
2010-08-19,3.2533,3.3037,3.1660,3.2012,47737200
2010-08-20,3.1844,3.2113,3.1173,3.1592,16035600
2010-08-23,3.1794,3.1895,3.0770,3.0937,11727200
2010-08-24,3.0635,3.1122,3.0182,3.0803,13345600
2010-08-25,3.0467,3.1173,3.0266,3.0937,13495600
2010-08-26,3.1021,3.1273,3.0585,3.0803,13732000
2010-08-27,3.0971,3.0971,3.0064,3.0786,13263600
2010-08-30,3.0518,3.0560,2.9829,3.0014,11451600
2010-08-31,2.9863,3.0450,2.9728,3.0114,16536400
2010-09-01,3.0501,3.1021,3.0329,3.0702,12469200
2010-09-02,3.0736,3.1357,3.0736,3.1072,7676800
2010-09-03,3.1391,3.2071,3.1391,3.1928,7668000
2010-09-07,3.1844,3.1861,3.1408,3.1492,6510400
2010-09-08,3.1357,3.1710,3.1072,3.1189,8611600
2010-09-09,3.1391,3.1517,3.0753,3.0870,8307200
2010-09-10,3.1005,3.1122,3.0602,3.0652,12256400
2010-09-13,3.0988,3.1710,3.0954,3.1324,10225200
2010-09-14,3.1425,3.1895,3.1223,3.1257,12170800
2010-09-15,3.1055,3.1408,3.0837,3.1223,8092800
2010-09-16,3.2835,3.3927,3.2315,3.2583,44586000
2010-09-17,3.2970,3.2970,3.2012,3.2533,20073200
2010-09-20,3.2718,3.3154,3.2558,3.2852,15766800
2010-09-21,3.2852,3.3163,3.2415,3.2718,13212800
2010-09-22,3.2634,3.2819,3.2399,3.2751,10188800
2010-09-23,3.2600,3.3339,3.2415,3.2819,11340800
2010-09-24,3.3339,3.3658,3.2953,3.3457,11678800
2010-09-27,3.3658,3.3675,3.3154,3.3289,5881200
2010-09-28,3.3474,3.3608,3.2768,3.3390,10490400
2010-09-29,3.3289,3.3499,3.3003,3.3087,6109200
2010-09-30,3.3238,3.3541,3.2516,3.3104,8918000
2010-10-01,3.3507,3.3675,3.2768,3.3591,11784400
2010-10-04,3.3373,3.3591,3.2953,3.3406,8826400
2010-10-05,3.3726,3.4582,3.3675,3.3994,12304400
2010-10-06,3.3944,3.4179,3.3709,3.3944,9574800
2010-10-07,3.4028,3.4196,3.3339,3.3457,8383200
2010-10-08,3.3457,3.3927,3.3322,3.3726,8096400
2010-10-11,3.3726,3.4246,3.3574,3.4213,9967200
2010-10-12,3.3877,3.3927,3.2751,3.3255,21450800
2010-10-13,3.3390,3.3390,3.2298,3.2331,20300800
2010-10-14,3.2331,3.2583,3.1324,3.1609,22972000
2010-10-15,3.1626,3.1811,3.0568,3.0770,30591200
2010-10-18,3.0954,3.1307,3.0114,3.0686,25016000
2010-10-19,3.0383,3.1357,3.0333,3.0937,28256400
2010-10-20,3.1038,3.2130,3.0754,3.1844,22742800
2010-10-21,3.1895,3.2096,3.1760,3.1979,13030400
2010-10-22,3.2046,3.2180,3.1777,3.2130,9695200
2010-10-25,3.2331,3.2583,3.1945,3.2298,12758000
2010-10-26,3.2147,3.2718,3.1912,3.2583,8827200
2010-10-27,3.2415,3.2583,3.1962,3.2550,13015600
2010-10-28,3.2768,3.2903,3.2365,3.2600,8272400
2010-10-29,3.2516,3.3020,3.2231,3.3003,9536000
2010-11-01,3.3154,3.3289,3.2180,3.2432,9892000
2010-11-02,3.2617,3.3121,3.2365,3.2886,7034400
2010-11-03,3.2970,3.3339,3.2516,3.2835,10092400
2010-11-04,3.2987,3.3541,3.2987,3.3507,11070400
2010-11-05,3.3373,3.4196,3.3339,3.3574,14497200
2010-11-08,3.3608,3.4868,3.3188,3.4481,14281600
2010-11-09,3.4582,3.4733,3.3860,3.3910,15514000
2010-11-10,3.3961,3.4213,3.3675,3.3826,16176400
2010-11-11,3.3591,3.5523,3.3272,3.5439,29224000
2010-11-12,3.5288,3.5607,3.4666,3.4985,13454000
2010-11-15,3.5187,3.5338,3.4750,3.4800,8705200
2010-11-16,3.4599,3.5623,3.4515,3.5019,23330800
2010-11-17,3.5993,3.7160,3.5237,3.5271,46576000
2010-11-18,3.4431,3.6396,3.3692,3.4263,44690400
2010-11-19,3.4196,3.4263,3.3423,3.3793,14322800
2010-11-22,3.3776,3.4683,3.3657,3.4229,13339600
2010-11-23,3.4011,3.4347,3.3759,3.3944,8614400
2010-11-24,3.4179,3.4431,3.3860,3.4179,7475200
2010-11-26,3.4145,3.4817,3.4011,3.4431,4770000
2010-11-29,3.4229,3.4364,3.3726,3.3793,10330400
2010-11-30,3.3591,3.4028,3.3406,3.3457,12746000
2010-12-01,3.3961,3.4431,3.3423,3.4045,17286400
2010-12-02,3.4129,3.5657,3.3927,3.5523,21618400
2010-12-03,3.5489,3.5951,3.5288,3.5825,15067200
2010-12-06,3.5808,3.5926,3.5304,3.5691,8966800
2010-12-07,3.5959,3.6211,3.5875,3.6010,12620400
2010-12-08,3.6094,3.6312,3.5623,3.5808,10954000
2010-12-09,3.6077,3.6514,3.5943,3.6346,10022800
2010-12-10,3.6514,3.7404,3.6514,3.7353,14664800
2010-12-13,3.7555,3.7555,3.6547,3.6816,14086800
2010-12-14,3.6497,3.6732,3.5775,3.6514,16030000
2010-12-15,3.6446,3.6933,3.6144,3.6211,15179200
2010-12-16,3.6312,3.6564,3.5775,3.6463,9459600
2010-12-17,3.6362,3.6682,3.6127,3.6396,9826000
2010-12-20,3.6598,3.6665,3.5657,3.5707,13609200
2010-12-21,3.5892,3.6396,3.5775,3.6346,7195200
2010-12-22,3.6396,3.6648,3.6043,3.6446,5863600
2010-12-23,3.6480,3.7471,3.6413,3.7320,12488400
2010-12-27,3.7169,3.7672,3.7085,3.7370,7621600
2010-12-28,3.7353,3.7874,3.7118,3.7824,7936000
2010-12-29,3.7874,3.8025,3.7622,3.7807,7957600
2010-12-30,3.7840,3.8630,3.7756,3.8546,12323200
2010-12-31,3.8546,3.8613,3.8193,3.8428,6328800
2011-01-03,3.8747,3.9016,3.8462,3.8479,9595200
2011-01-04,3.8579,3.8596,3.7740,3.7790,11084000
2011-01-05,3.7773,3.8042,3.6749,3.6766,24244800
2011-01-06,3.5758,3.5808,3.4507,3.4649,45365600
2011-01-07,3.4632,3.5204,3.3894,3.4884,23160800
2011-01-10,3.4683,3.4851,3.4095,3.4767,14912000
2011-01-11,3.4700,3.4767,3.3776,3.3910,17895600
2011-01-12,3.4011,3.4884,3.3927,3.4716,18063200
2011-01-13,3.4649,3.5271,3.4549,3.4599,14550400
2011-01-14,3.4582,3.4649,3.4129,3.4213,16853600
2011-01-18,3.4297,3.4565,3.3793,3.4213,11729200
2011-01-19,3.4129,3.4465,3.3793,3.4364,15343600
2011-01-20,3.4313,3.5304,3.4313,3.5288,19676800
2011-01-21,3.5573,3.5623,3.4935,3.5103,17216000
2011-01-24,3.5002,3.5422,3.4406,3.5422,11408800
2011-01-25,3.5254,3.5422,3.4952,3.5371,11108400
2011-01-26,3.5388,3.5691,3.5153,3.5338,8602800
2011-01-27,3.5355,3.5691,3.5187,3.5388,13016400
2011-01-28,3.5388,3.5570,3.4716,3.5237,13380400
2011-01-31,3.5422,3.5573,3.4985,3.5388,8538000
2011-02-01,3.5506,3.5573,3.4465,3.4515,16999600
2011-02-02,3.4364,3.4364,3.3138,3.3289,30396000
2011-02-03,3.3238,3.3910,3.2231,3.2751,25717600
2011-02-04,3.3070,3.4137,3.3070,3.3675,23932800
2011-02-07,3.3826,3.4045,3.3675,3.3826,14493200
2011-02-08,3.3826,3.3860,3.3322,3.3625,18070400
2011-02-09,3.3658,3.3793,3.2970,3.3087,15080800
2011-02-10,3.2886,3.4733,3.2768,3.4213,24326000
2011-02-11,3.4045,3.4280,3.3709,3.4061,16693600
2011-02-14,3.3037,3.3591,3.2844,3.3373,19096800
2011-02-15,3.3222,3.3843,3.3222,3.3658,17814400
2011-02-16,3.3810,3.4112,3.3558,3.4045,17260400
2011-02-17,3.3893,3.4565,3.3692,3.3776,12615200
2011-02-18,3.3877,3.4190,3.3356,3.3507,14541600
2011-02-22,3.3574,3.3642,3.2852,3.3054,21687200
2011-02-23,3.3087,3.3423,3.2819,3.3054,16189600
2011-02-24,3.3037,3.3121,3.2667,3.2768,14920000
2011-02-25,3.2953,3.3381,3.2735,3.3339,9886000
2011-02-28,3.3591,3.3608,3.3188,3.3507,8912400
2011-03-01,3.3507,3.3675,3.3020,3.3121,15414400
2011-03-02,3.3020,3.3465,3.2936,3.3087,11159600
2011-03-03,3.3289,3.3877,3.2987,3.3810,13021200
2011-03-04,3.3625,3.3826,3.3457,3.3675,9802800
2011-03-07,3.3793,3.4061,3.3062,3.3104,14274400
2011-03-08,3.3087,3.3642,3.2684,3.3289,9460400
2011-03-09,3.3289,3.3406,3.3087,3.3188,15137200
2011-03-10,3.3037,3.3222,3.2751,3.2886,20054400
2011-03-11,3.2667,3.3440,3.2667,3.3205,13231600
2011-03-14,3.3003,3.3776,3.2903,3.3289,16224400
2011-03-15,3.2634,3.4750,3.2617,3.4481,26211600
2011-03-16,3.4347,3.5019,3.4129,3.4498,21472400
2011-03-17,3.4918,3.5791,3.4770,3.5237,17913200
2011-03-18,3.5539,3.5556,3.4616,3.5204,22613600
2011-03-21,3.5455,3.5657,3.5136,3.5590,14425600
2011-03-22,3.5623,3.5775,3.5254,3.5304,10503600
2011-03-23,3.5204,3.5573,3.4750,3.5455,15660000
2011-03-24,3.7320,3.7622,3.6127,3.6497,36630400
2011-03-25,3.6682,3.7034,3.6446,3.6480,20421600
2011-03-28,3.6614,3.7017,3.6614,3.6900,11341600
2011-03-29,3.6850,3.7723,3.6799,3.7488,15980000
2011-03-30,3.7824,3.8260,3.7370,3.8008,14192400
2011-03-31,3.7908,3.8042,3.7404,3.7824,11223200
2011-04-01,3.8092,3.8680,3.7891,3.8495,21412000
2011-04-04,3.8495,3.8865,3.7740,3.7908,10445200
2011-04-05,3.7908,4.0293,3.7840,3.9604,26934800
2011-04-06,3.9604,4.0679,3.9554,4.0141,19400000
2011-04-07,4.0209,4.0998,4.0108,4.0360,19617200
2011-04-08,4.0343,4.0612,3.9537,3.9990,15777600
2011-04-11,3.9873,4.0427,3.9722,3.9889,15544400
2011-04-12,3.9688,4.0561,3.9554,3.9973,15611600
2011-04-13,4.0225,4.3081,4.0175,4.2594,64732400
2011-04-14,4.2442,4.4004,4.2241,4.2678,42023200
2011-04-15,4.2409,4.4475,4.1989,4.4340,43878800
2011-04-18,4.4021,4.4743,4.3047,4.3904,38931600
2011-04-19,4.3870,4.4651,4.3803,4.4609,17207200
2011-04-20,4.5012,4.5247,4.4189,4.4256,20801600
2011-04-21,4.4105,4.5163,4.3669,4.4575,21595200
2011-04-25,4.4525,4.4626,4.3820,4.4491,17385600
2011-04-26,4.4441,4.4710,4.3971,4.4156,14800000
2011-04-27,4.4340,4.4676,4.3887,4.4038,17640400
2011-04-28,4.3853,4.4491,4.3853,4.4004,11770000
2011-04-29,4.3484,4.3803,4.3013,4.3131,21600000
2011-05-02,4.3937,4.4458,4.3047,4.3299,15980000
2011-05-03,4.3148,4.3904,4.3148,4.3433,12833600
2011-05-04,4.3316,4.3853,4.2745,4.3131,12828400
2011-05-05,4.3030,4.3904,4.2980,4.3450,13301200
2011-05-06,4.3786,4.3954,4.2594,4.2762,12817600
2011-05-09,4.2812,4.3030,4.2459,4.2795,7954400
2011-05-10,4.2963,4.3484,4.2745,4.3299,9244800
2011-05-11,4.3181,4.3454,4.2678,4.3333,8936000
2011-05-12,4.3299,4.3652,4.2879,4.3551,10474000
2011-05-13,4.4626,4.6507,4.4525,4.4878,22156000
2011-05-16,4.4861,4.4895,4.3904,4.4475,17397600
2011-05-17,4.3971,4.4643,4.3702,4.4256,11913600
2011-05-18,4.4491,4.5012,4.4206,4.4811,14644000
2011-05-19,4.2745,4.6053,4.1233,4.5886,55522800
2011-05-20,4.6104,4.7397,4.5701,4.6826,30978000
2011-05-23,4.6423,4.7112,4.6037,4.6457,16475600
2011-05-24,4.6591,4.8136,4.6356,4.6389,24013200
2011-05-25,4.6154,4.6994,4.5197,4.6608,20483600
2011-05-26,4.6541,4.6876,4.6171,4.6608,10902400
2011-05-27,4.6893,4.7414,4.6725,4.7380,9684000
2011-05-31,4.7548,4.7834,4.6423,4.6994,19066400
2011-06-01,4.6893,4.7061,4.6087,4.6137,15425600
2011-06-02,4.6725,4.6725,4.5432,4.5785,12416000
2011-06-03,4.5298,4.5634,4.4172,4.4895,12872000
2011-06-06,4.4895,4.5382,4.4525,4.4626,8754400
2011-06-07,4.4743,4.4844,4.3971,4.3971,11732400
2011-06-08,4.3954,4.4273,4.3081,4.4122,13476400
2011-06-09,4.4021,4.4760,4.3702,4.4508,10146400
2011-06-10,4.4374,4.4559,4.3786,4.4105,14767600
2011-06-13,4.4307,4.4508,4.3702,4.4088,8031200
2011-06-14,4.4424,4.4542,4.3618,4.4391,12146000
2011-06-15,4.4004,4.4391,4.3601,4.3870,13243200
2011-06-16,4.3937,4.4273,4.3669,4.4004,13257600
2011-06-17,4.4240,4.4626,4.4105,4.4408,12077600
2011-06-20,4.4240,4.5012,4.4072,4.5012,8456800
2011-06-21,4.5314,4.6255,4.5063,4.6205,7831200
2011-06-22,4.5886,4.5986,4.4508,4.4575,15025200
2011-06-23,4.4189,4.4525,4.3484,4.4105,14934000
2011-06-24,4.4206,4.4273,4.3484,4.3870,12753600
2011-06-27,4.3769,4.4004,4.3165,4.3316,15545200
2011-06-28,4.3618,4.4391,4.3316,4.4256,10897600
2011-06-29,4.4508,4.4979,4.3618,4.3652,13839600
2011-06-30,4.3853,4.4844,4.3652,4.4794,12476400
2011-07-01,4.4861,4.5382,4.4525,4.5230,12165200
2011-07-05,4.5902,4.6104,4.5298,4.6020,16248400
2011-07-06,4.5835,4.6104,4.5466,4.5869,7729600
2011-07-07,4.6104,4.6692,4.5718,4.5718,16264000
2011-07-08,4.5247,4.5432,4.4659,4.5096,8712800
2011-07-11,4.4609,4.4928,4.3383,4.3585,14364800
2011-07-12,4.2644,4.2694,4.1460,4.1670,32717200
2011-07-13,4.1703,4.1972,4.0629,4.0696,28590800
2011-07-14,4.0914,4.1015,3.9923,4.0024,27652400
2011-07-15,4.0057,4.0276,3.9302,3.9621,16677200
2011-07-18,3.9722,3.9822,3.8932,3.9335,22974800
2011-07-19,3.9621,4.0259,3.9436,3.9822,13097600
2011-07-20,4.0293,4.0410,3.9016,3.9100,14250000
2011-07-21,3.9268,3.9470,3.8983,3.9167,17092400
2011-07-22,3.9117,3.9713,3.8647,3.9419,11617200
2011-07-25,3.8966,3.9990,3.8949,3.9688,13225200
2011-07-26,3.9722,4.0242,3.9436,3.9906,9678400
2011-07-27,3.9587,3.9906,3.9150,3.9470,16062000
2011-07-28,3.9302,4.0175,3.9142,3.9570,16191600
2011-07-29,3.9167,3.9822,3.8798,3.9604,13779600
2011-08-01,3.9990,4.0007,3.8563,3.8815,13510000
2011-08-02,3.8546,3.9234,3.8479,3.8479,18875600
2011-08-03,3.8411,3.8831,3.7740,3.8378,19775200
2011-08-04,3.7924,3.8109,3.6749,3.6749,23584400
2011-08-05,3.7085,3.7689,3.6110,3.7169,29738800
2011-08-08,3.6346,3.6581,3.4179,3.4532,23076800
2011-08-09,3.4750,3.5926,3.3961,3.5875,19598000
2011-08-10,3.5086,3.5590,3.4330,3.4498,15165200
2011-08-11,3.4666,3.6514,3.4381,3.6010,11655200
2011-08-12,3.6077,3.6077,3.4381,3.4800,17011600
2011-08-15,3.4901,3.5321,3.4515,3.5187,14981200
2011-08-16,3.4884,3.6085,3.4666,3.5926,14374800
2011-08-17,3.5976,3.6144,3.3826,3.4364,21244800
2011-08-18,3.1425,3.5993,3.0803,3.5993,56232000
2011-08-19,3.5388,3.8512,3.5271,3.6228,32240000
2011-08-22,3.6900,3.6900,3.5304,3.6295,22248400
2011-08-23,3.6564,3.7924,3.5976,3.7924,20627200
2011-08-24,3.7807,3.9386,3.7807,3.9218,20480800
2011-08-25,3.9369,3.9671,3.7740,3.7790,14174800
2011-08-26,3.7605,3.8647,3.7051,3.8260,12893600
2011-08-29,3.8529,3.8798,3.8025,3.8798,15113600
2011-08-30,3.8764,4.0259,3.8630,3.9234,14685200
2011-08-31,3.9470,4.0393,3.9251,4.0192,17735600
2011-09-01,4.0041,4.0242,3.8697,3.8697,10999200
2011-09-02,3.8126,3.8378,3.7135,3.7202,10083200
2011-09-06,3.6228,3.8529,3.6228,3.8311,16112800
2011-09-07,3.8747,3.9184,3.8344,3.8999,12966000
2011-09-08,3.8831,3.9318,3.8479,3.8479,9410400
2011-09-09,3.8227,3.9335,3.8227,3.8848,15778400
2011-09-12,3.8437,3.9100,3.7807,3.8999,16685600
2011-09-13,3.8983,3.9335,3.8277,3.8915,11058800
2011-09-14,3.9251,4.0511,3.9033,4.0158,14910800
2011-09-15,4.0444,4.1384,4.0242,4.1384,18059600
2011-09-16,4.1703,4.2123,4.1317,4.1804,13714000
2011-09-19,4.0948,4.1082,3.9973,4.0696,12439600
2011-09-20,4.0696,4.1141,4.0225,4.0276,10584800
2011-09-21,4.0108,4.0763,3.9335,3.9369,12878800
2011-09-22,3.8311,3.8999,3.7454,3.7975,15713600
2011-09-23,3.7773,3.8512,3.7605,3.7807,10035200
2011-09-26,3.8143,3.9688,3.8025,3.9654,8322000
2011-09-27,4.0276,4.1183,3.9738,4.0108,10263200
2011-09-28,4.0360,4.0914,3.9419,3.9503,9391200
2011-09-29,4.0125,4.0729,3.9251,4.0293,12208000
2011-09-30,3.9738,4.0074,3.8781,3.8798,10776400
2011-10-03,3.8630,3.9016,3.7840,3.8579,19232800
2011-10-04,3.7958,3.9957,3.7219,3.9957,15200000
2011-10-05,4.0057,4.0276,3.9033,4.0091,12040400
2011-10-06,3.9906,4.0629,3.9856,4.0410,15905200
2011-10-07,4.0864,4.1384,4.0461,4.0864,16062800
2011-10-10,4.1435,4.2023,4.0788,4.1284,13271600
2011-10-11,4.1200,4.1922,4.0780,4.1855,11053600
2011-10-12,4.1989,4.3786,4.1838,4.3081,24020400
2011-10-13,4.2678,4.3081,4.2140,4.2358,10555600
2011-10-14,4.2678,4.2795,4.1871,4.2258,11832000
2011-10-17,4.2224,4.2274,4.0024,4.0712,23942800
2011-10-18,4.0679,4.2291,4.0578,4.1955,14472400
2011-10-19,4.1787,4.2008,4.1384,4.1771,11357600
2011-10-20,4.1771,4.2190,4.1451,4.2090,7989600
2011-10-21,4.2644,4.3501,4.2056,4.2056,18337600
2011-10-24,4.2207,4.2963,4.1754,4.2963,18266000
2011-10-25,4.2661,4.3736,4.2375,4.2997,14421600
2011-10-26,4.3148,4.3316,4.1905,4.2056,17634000
2011-10-27,4.3282,4.3752,4.2426,4.3366,10923200
2011-10-28,4.3484,4.4777,4.3400,4.4004,12758000
2011-10-31,4.3702,4.3904,4.2913,4.2946,15808400
2011-11-01,4.1821,4.2493,4.1183,4.2056,15141600
2011-11-02,4.2409,4.2644,4.2006,4.2157,13692400
2011-11-03,4.2459,4.3433,4.1796,4.3383,10368400
2011-11-04,4.3198,4.3484,4.2795,4.3148,10893200
2011-11-07,4.3181,4.3299,4.2510,4.2745,7739200
2011-11-08,4.2846,4.3173,4.2190,4.3064,7874000
2011-11-09,4.2157,4.2829,4.1771,4.1855,7390400
2011-11-10,4.2308,4.2308,4.1015,4.1317,13498800
2011-11-11,4.1754,4.2745,4.1519,4.2274,9797200
2011-11-14,4.1720,4.1720,4.0343,4.1384,12884400
2011-11-15,4.1149,4.1166,3.9500,3.9570,28351600
2011-11-16,3.8983,3.9067,3.7353,3.7824,46004000
2011-11-17,3.7286,3.8361,3.6530,3.6833,28222800
2011-11-18,3.6967,3.8294,3.6833,3.7723,24363600
2011-11-21,3.7068,3.8529,3.6766,3.8160,22012800
2011-11-22,3.7992,3.8198,3.7605,3.7672,15705200
2011-11-23,3.7437,3.7555,3.6715,3.7135,15152000
2011-11-25,3.6850,3.7001,3.6043,3.6127,7029200
2011-11-28,3.7017,3.7773,3.7017,3.7555,13752000
2011-11-29,3.7840,3.9033,3.7790,3.8210,19185200
2011-11-30,3.9083,3.9335,3.8126,3.8831,13308800
2011-12-01,3.8798,3.9486,3.8479,3.9234,9447600
2011-12-02,3.9856,4.0057,3.8848,3.8999,8672400
2011-12-05,3.9386,3.9822,3.8932,3.9772,10777600
2011-12-06,3.9520,3.9688,3.9184,3.9201,8608400
2011-12-07,3.9033,4.0259,3.8848,3.9789,14136800
2011-12-08,3.9570,4.0041,3.9318,3.9587,12201600
2011-12-09,3.9621,4.0830,3.9621,4.0645,13990400
2011-12-12,4.0461,4.1569,4.0024,4.1502,16758800
2011-12-13,4.1300,4.1384,4.0259,4.0427,16990800
2011-12-14,4.0242,4.0351,3.9318,3.9453,13432000
2011-12-15,3.9755,4.0326,3.9688,3.9806,13529200
2011-12-16,4.0007,4.0175,3.8932,3.9201,10618800
2011-12-19,3.9402,3.9453,3.8025,3.8076,8103200
2011-12-20,3.8747,3.9503,3.8731,3.9419,7109600
2011-12-21,3.9436,3.9771,3.8999,3.9537,5641600
2011-12-22,3.9722,4.0435,3.9545,3.9957,7314800
2011-12-23,4.0125,4.0341,3.9873,4.0175,6116400
2011-12-27,4.0091,4.0309,3.9604,4.0175,4909200
2011-12-28,4.0343,4.0578,3.9864,4.0427,7046000
2011-12-29,4.0393,4.0931,4.0192,4.0897,5242800
2011-12-30,4.0780,4.0897,4.0528,4.0528,4189200
2012-01-03,4.1032,4.1300,3.9889,3.9957,10252800
2012-01-04,3.9889,4.0612,3.9789,4.0528,8317600
2012-01-05,4.0293,4.2459,4.0074,4.2426,14776000
2012-01-06,4.2342,4.2375,4.1485,4.1771,15113600
2012-01-09,4.1418,4.1485,3.9268,4.0293,27824000
2012-01-10,4.0410,4.0830,3.9386,4.0696,15462400
2012-01-11,4.0612,4.1149,4.0612,4.0948,14062000
2012-01-12,4.1099,4.1149,4.0343,4.0612,12018400
2012-01-13,4.0293,4.0309,3.8999,3.9486,16946400
2012-01-17,3.9889,3.9990,3.8798,3.9016,11883600
2012-01-18,3.9067,4.0410,3.8798,4.0343,9771600
2012-01-19,4.0158,4.1804,4.0158,4.1720,13097200
2012-01-20,4.1905,4.1989,4.1149,4.1233,10272800
2012-01-23,4.1233,4.1771,4.1233,4.1586,6712000
2012-01-24,4.1418,4.1720,4.1200,4.1569,6417600
2012-01-25,4.1535,4.1989,4.0956,4.1989,10460400
2012-01-26,4.1703,4.1703,3.8042,4.1485,24179200
2012-01-27,4.1317,4.1334,4.0813,4.0847,13709200
2012-01-30,4.0561,4.0612,3.9377,3.9873,21557600
2012-01-31,3.9940,4.0024,3.9016,3.9234,17175200
2012-02-01,3.9369,3.9806,3.8915,3.9150,13552000
2012-02-02,3.9369,3.9520,3.8999,3.9083,13637600
2012-02-03,3.9486,3.9973,3.9436,3.9705,10115200
2012-02-06,3.9638,3.9740,3.8999,3.9318,14635600
2012-02-07,3.9184,3.9923,3.9184,3.9856,11467200
2012-02-08,4.0746,4.3433,4.0561,4.1132,34136000
2012-02-09,4.1284,4.1284,4.0309,4.0444,15364800
2012-02-10,3.9453,3.9654,3.8059,3.8428,32256400
2012-02-13,3.8647,3.8736,3.7857,3.8529,22461200
2012-02-14,3.8428,3.8630,3.8025,3.8596,15697200
2012-02-15,3.8630,3.8714,3.8277,3.8311,14384400
2012-02-16,3.8442,3.9186,3.8442,3.8949,11904800
2012-02-17,3.9203,3.9405,3.8881,3.9186,7900000
2012-02-21,3.9439,4.0149,3.9169,3.9388,8568000
2012-02-22,3.9515,3.9693,3.8645,3.8831,9381600
2012-02-23,3.8797,3.9862,3.8712,3.9372,7327600
2012-02-24,3.9253,3.9422,3.8391,3.8425,10578400
2012-02-27,3.8408,3.9321,3.8357,3.8881,8053600
2012-02-28,3.8848,3.9558,3.8729,3.9439,9181200
2012-02-29,3.9490,3.9608,3.8476,3.8509,12888400
2012-03-01,3.8695,4.0335,3.8662,4.0301,19594000
2012-03-02,4.0301,4.1028,3.9879,4.0352,15591200
2012-03-05,4.0352,4.1502,3.9896,4.0842,20442400
2012-03-06,4.0301,4.0555,4.0065,4.0217,6191200
2012-03-07,4.0369,4.0504,4.0048,4.0403,9006400
2012-03-08,4.0589,4.1197,4.0521,4.0927,13078400
2012-03-09,4.0453,4.0775,3.9828,4.0403,20076800
2012-03-12,4.0403,4.0648,3.9828,4.0183,8457200
2012-03-13,4.0690,4.0690,3.9777,4.0217,13164000
2012-03-14,4.0166,4.0470,3.9439,3.9727,13883200
2012-03-15,3.9727,4.0251,3.9388,4.0251,11116400
2012-03-16,4.0335,4.0403,3.9760,3.9828,15375600
2012-03-19,3.9963,4.0825,3.9828,4.0487,14823600
2012-03-20,4.0521,4.1096,3.9913,4.0589,14239600
2012-03-21,4.0623,4.1840,4.0572,4.1704,17963600
2012-03-22,4.2668,4.3564,3.8881,3.9152,44606800
2012-03-23,3.9372,4.0166,3.8797,3.9929,15335600
2012-03-26,4.0318,4.0707,3.9760,4.0234,12685600
2012-03-27,4.0386,4.0521,3.9896,4.0166,8856400
2012-03-28,4.0115,4.0166,3.9219,3.9710,12501600
2012-03-29,3.9236,3.9997,3.7292,3.8188,35629600
2012-03-30,3.8577,3.8577,3.6887,3.6920,19977200
2012-04-02,3.6751,3.8290,3.6565,3.7968,20012000
2012-04-03,3.8019,3.8442,3.7073,3.7258,15712400
2012-04-04,3.7157,3.7630,3.6709,3.7106,11406000
2012-04-05,3.6903,3.7377,3.6599,3.6734,11237600
2012-04-09,3.6430,3.7326,3.6227,3.6937,10108000
2012-04-10,3.6785,3.7106,3.6007,3.6210,11930400
2012-04-11,3.6041,3.6379,3.5399,3.5957,19562000
2012-04-12,3.6007,3.6701,3.5923,3.6447,8414800
2012-04-13,3.6346,3.6346,3.5703,3.5889,8956000
2012-04-16,3.6007,3.6870,3.5450,3.6684,13710000
2012-04-17,3.6887,3.7529,3.6853,3.7444,16022400
2012-04-18,3.7275,3.7816,3.7022,3.7681,15372800
2012-04-19,3.7613,3.8104,3.7411,3.7681,14128400
2012-04-20,3.7918,3.8391,3.7546,3.7833,12587200
2012-04-23,3.7478,3.7884,3.6912,3.7816,11351200
2012-04-24,3.7799,3.8188,3.7461,3.7664,14316400
2012-04-25,3.8087,3.8222,3.7597,3.8171,8114000
2012-04-26,3.8104,3.8526,3.7977,3.8171,6651600
2012-04-27,3.8476,3.8476,3.7630,3.8340,10965200
2012-04-30,3.8307,3.8509,3.7597,3.8476,6708400
2012-05-01,3.8476,3.9017,3.7884,3.8645,12510000
2012-05-02,3.8357,3.8628,3.8053,3.8493,6326800
2012-05-03,3.8408,3.8509,3.7140,3.8002,10063600
2012-05-04,3.7816,3.8036,3.6903,3.6903,7302000
2012-05-07,3.6684,3.7191,3.5585,3.5652,11707600
2012-05-08,3.5348,3.6464,3.4993,3.5686,17536000
2012-05-09,3.5230,3.5754,3.4993,3.5348,16157600
2012-05-10,3.5551,3.5872,3.5297,3.5619,10103600
2012-05-11,3.5247,3.5906,3.4097,3.4368,20427200
2012-05-14,3.4063,3.5855,3.3928,3.5297,12568800
2012-05-15,3.5128,3.5330,3.4418,3.4858,12344400
2012-05-16,3.5044,3.5669,3.4976,3.5230,13711600
2012-05-17,3.3708,3.4148,3.1198,3.1308,48078800
2012-05-18,3.1223,3.2694,3.0649,3.2238,19713200
2012-05-21,3.2255,3.2542,3.2001,3.2086,19206400
2012-05-22,3.2356,3.2593,3.2026,3.2187,14009200
2012-05-23,3.2018,3.2593,3.1578,3.2255,22000000
2012-05-24,3.2524,3.2711,3.1945,3.2660,19172800
2012-05-25,3.2763,3.3631,3.2746,3.3257,12567200
2012-05-29,3.3393,3.3691,3.2882,3.3580,10799200
2012-05-30,3.3240,3.6017,3.2541,3.3495,26932000
2012-05-31,3.3171,3.3631,3.2354,3.2677,11325600
2012-06-01,3.1979,3.3137,3.1791,3.2711,14711600
2012-06-04,3.2677,3.2831,3.2098,3.2711,14632400
2012-06-05,3.2541,3.3444,3.2457,3.3291,8927200
2012-06-06,3.3512,3.3700,3.2694,3.2967,11188400
2012-06-07,3.3223,3.3444,3.1825,3.2030,18900000
2012-06-08,3.1962,3.2439,3.1843,3.2422,9390800
2012-06-11,3.2677,3.3102,3.1110,3.1144,12740000
2012-06-12,3.1212,3.1774,3.0914,3.1638,16974400
2012-06-13,3.1417,3.1808,3.0786,3.0854,11235600
2012-06-14,3.1008,3.1093,2.9628,3.0224,34551200
2012-06-15,2.9730,3.0514,2.9151,3.0377,33386400
2012-06-18,3.0394,3.1093,3.0054,3.1042,13329200
2012-06-19,3.1246,3.1791,3.1110,3.1297,14520800
2012-06-20,3.1348,3.1417,3.0871,3.0905,9554000
2012-06-21,3.0991,3.0991,2.9832,2.9917,11077200
2012-06-22,3.0224,3.0292,2.9781,3.0139,14879600
2012-06-25,2.9883,2.9986,2.9134,2.9287,10786400
2012-06-26,2.9662,3.0071,2.9287,2.9781,8789600
2012-06-27,2.9866,3.0428,2.9781,3.0360,8732000
2012-06-28,3.0258,3.0531,2.9866,3.0343,6937200
2012-06-29,3.0769,3.1434,3.0411,3.1280,14131200
2012-07-02,3.1417,3.1502,3.0428,3.0633,8324800
2012-07-03,3.0769,3.1843,3.0514,3.1297,5462400
2012-07-05,3.1229,3.1774,3.1025,3.1127,6496000
2012-07-06,3.0854,3.1161,3.0658,3.0888,6242400
2012-07-09,3.1144,3.1519,2.9389,2.9849,11924000
2012-07-10,2.9985,3.0394,2.9798,2.9900,7181200
2012-07-11,2.9798,3.0207,2.9304,2.9321,10302400
2012-07-12,2.9202,2.9389,2.8793,2.9134,8160400
2012-07-13,2.9338,2.9645,2.8486,2.8674,11265200
2012-07-16,2.8503,2.8619,2.7873,2.8231,11256400
2012-07-17,2.8333,2.8640,2.8142,2.8520,6441600
2012-07-18,2.8418,2.9202,2.8316,2.8793,7468000
2012-07-19,2.8946,2.9219,2.8537,2.8622,10988800
2012-07-20,2.8452,2.8759,2.7685,2.7771,7732400
2012-07-23,2.7481,2.7651,2.7055,2.7498,8456400
2012-07-24,2.7464,2.7890,2.6356,2.6800,15271200
2012-07-25,2.6953,2.7242,2.6646,2.6868,10493600
2012-07-26,2.7242,2.7362,2.6868,2.7208,9646400
2012-07-27,2.7430,2.7856,2.7174,2.7498,7937200
2012-07-30,2.7600,2.7668,2.7038,2.7294,7613600
2012-07-31,2.7208,2.7413,2.6987,2.7294,6473600
2012-08-01,2.7328,3.1331,2.7089,2.7379,30748800
2012-08-02,2.7174,2.7447,2.6101,2.6834,15403600
2012-08-03,2.7157,2.7460,2.7021,2.7089,9270800
2012-08-06,2.7413,2.7890,2.7047,2.7277,10794000
2012-08-07,2.7277,2.8963,2.7242,2.8640,11186400
2012-08-08,2.8520,2.8742,2.8392,2.8503,5980000
2012-08-09,2.8452,2.8759,2.8145,2.8674,6773200
2012-08-10,2.8657,3.0224,2.8307,3.0224,18812000
2012-08-13,3.1553,3.2115,2.9985,3.0480,21730400
2012-08-14,3.0616,3.0820,2.9304,2.9440,20002400
2012-08-15,2.9457,3.0054,2.9031,2.9048,18440000
2012-08-16,2.9474,3.1110,2.8282,3.0633,44530800
2012-08-17,3.0667,3.1928,3.0258,3.1638,24764000
2012-08-20,3.1979,3.3376,3.1527,3.3206,27220800
2012-08-21,3.3188,3.3325,3.2217,3.3206,20158400
2012-08-22,3.3206,3.3308,3.1706,3.2013,18076400
2012-08-23,3.2132,3.2456,3.2013,3.2200,10826000
2012-08-24,3.2223,3.2378,3.1584,3.1808,12168800
2012-08-27,3.1947,3.1981,3.1308,3.1342,8438000
2012-08-28,3.1394,3.1584,3.1204,3.1325,8153200
2012-08-29,3.1411,3.2283,3.0980,3.2137,14051600
2012-08-30,3.2171,3.3414,3.1981,3.3086,13877200
2012-08-31,3.3138,3.3207,3.2637,3.2948,15605600
2012-09-04,3.4278,3.5711,3.4243,3.5245,28348800
2012-09-05,3.5297,3.5797,3.5141,3.5487,17060000
2012-09-06,3.5832,3.6462,3.5305,3.6367,13804400
2012-09-07,3.6471,3.7680,3.6316,3.7403,13737600
2012-09-10,3.7213,3.7688,3.6782,3.7283,13571200
2012-09-11,3.7162,3.8094,3.7093,3.7593,12690000
2012-09-12,3.7766,3.8241,3.7763,3.8111,8313200
2012-09-13,3.8111,3.8897,3.7680,3.8647,11631600
2012-09-14,3.8819,4.1082,3.8819,3.9976,15521600
2012-09-17,3.9856,3.9856,3.8474,3.8491,13833600
2012-09-18,3.8871,3.9381,3.8258,3.8733,7451200
2012-09-19,3.8802,3.9666,3.8509,3.9424,11372800
2012-09-20,3.9199,3.9388,3.8474,3.9268,7367600
2012-09-21,3.9458,3.9648,3.8422,3.8509,13615600
2012-09-24,3.8647,3.8664,3.7749,3.8215,11012000
2012-09-25,3.8163,3.8181,3.6005,3.6056,18663200
2012-09-26,3.6143,3.6678,3.5400,3.6471,15690800
2012-09-27,3.6523,3.6695,3.5918,3.6126,7704400
2012-09-28,3.6039,3.6316,3.5487,3.6264,12090400
2012-10-01,3.6989,3.7300,3.6575,3.6678,10143600
2012-10-02,3.6644,3.7093,3.6350,3.6834,11360000
2012-10-03,3.6834,3.7144,3.6652,3.6782,8414400
2012-10-04,3.7058,3.8802,3.7024,3.8629,14410400
2012-10-05,3.8837,4.0538,3.8664,3.9856,16248000
2012-10-08,3.9717,4.0287,3.9424,4.0149,11357600
2012-10-09,4.0235,4.2290,3.9976,4.1427,19618400
2012-10-10,4.1410,4.1410,3.9424,3.9648,14328800
2012-10-11,4.0045,4.1306,3.9424,3.9476,16682800
2012-10-12,3.9527,3.9873,3.9009,3.9320,9075600
2012-10-15,3.9562,4.0184,3.9182,3.9337,7262400
2012-10-16,3.9527,3.9821,3.9337,3.9631,5444000
2012-10-17,3.9683,3.9752,3.9165,3.9614,6500000
2012-10-18,3.9579,4.0702,3.9337,4.0477,9088000
2012-10-19,4.0339,4.0702,3.9536,3.9925,9161200
2012-10-22,3.9821,4.0149,3.9527,4.0063,6562000
2012-10-23,3.9631,4.0529,3.8992,3.9890,10731200
2012-10-24,3.9717,4.0339,3.9061,4.0201,11906400
2012-10-25,4.0408,4.1427,4.0339,4.0961,8462800
2012-10-26,4.0874,4.0926,3.9372,3.9717,9349200
2012-10-31,3.9804,4.0132,3.9286,3.9424,7060400
2012-11-01,3.9441,4.0857,3.9337,4.0754,6469200
2012-11-02,4.0736,4.1341,4.0736,4.1116,9767600
2012-11-05,4.1168,4.1945,4.0857,4.0961,7708400
2012-11-06,4.1254,4.1669,4.1047,4.1306,5580400
2012-11-07,4.1082,4.1270,4.0115,4.0408,7892400
2012-11-08,4.0305,4.0443,3.8094,3.8889,11655200
2012-11-09,3.8370,3.9182,3.6972,3.8181,13927200
2012-11-12,3.8232,4.0149,3.8215,3.9873,11094400
2012-11-13,3.9666,4.0184,3.8589,4.0166,13159200
2012-11-14,4.0374,4.1876,4.0063,4.0546,25697200
2012-11-15,4.1479,4.2964,3.9717,4.2308,43767600
2012-11-16,4.2567,4.4242,4.2567,4.4121,29376000
2012-11-19,4.4673,4.5269,4.3689,4.4760,23256000
2012-11-20,4.4812,4.5727,4.4501,4.5710,11994400
2012-11-21,4.5640,4.6901,4.5347,4.6763,22854400
2012-11-23,4.7195,4.8352,4.6538,4.6746,10151600
2012-11-26,4.6763,4.7042,4.6031,4.6746,9468400
2012-11-27,4.6798,4.7965,4.6449,4.6502,12588400
2012-11-28,4.6449,4.6624,4.5735,4.6083,14475600
2012-11-29,4.6310,4.6495,4.5055,4.5682,10922800
2012-11-30,4.5874,4.6310,4.5438,4.5752,10282000
2012-12-03,4.6101,4.6118,4.4942,4.5020,9694400
2012-12-04,4.5020,4.5735,4.4586,4.5107,14253200
2012-12-05,4.4985,4.5874,4.4271,4.5264,11141200
2012-12-06,4.5334,4.6920,4.5299,4.6432,9926800
2012-12-07,4.6519,4.7791,4.6310,4.7582,10037200
2012-12-10,4.7652,4.8018,4.7042,4.7826,10475600
2012-12-11,4.7826,4.8506,4.7704,4.8297,9984800
2012-12-12,4.8471,4.9133,4.8332,4.8506,11078000
2012-12-13,4.8506,4.9412,4.7861,4.8123,17790000
2012-12-14,4.7199,4.8593,4.7199,4.7948,10138000
2012-12-17,4.8088,4.8245,4.7617,4.7966,9475200
2012-12-18,4.8506,4.8523,4.7774,4.8314,13050400
2012-12-19,4.8454,4.8802,4.7199,4.8018,17166000
2012-12-20,4.7722,4.7861,4.5125,4.5543,17246400
2012-12-21,4.5090,4.5508,4.4114,4.4567,14838000
2012-12-24,4.4602,4.5020,4.4445,4.4584,2161600
2012-12-26,4.4759,4.5543,4.2911,4.3382,8402400
2012-12-27,4.3434,4.3573,4.1691,4.2998,9706800
2012-12-28,4.2702,4.3103,4.2388,4.2754,5726000
2012-12-31,4.2510,4.3852,4.2353,4.3730,8393600
2013-01-02,4.4584,4.5090,4.3556,4.4724,19592400
2013-01-03,4.4584,4.4767,4.1691,4.2458,42571200
2013-01-04,4.2563,4.3870,4.2458,4.3225,16160000
2013-01-07,4.2981,4.3434,4.1604,4.3138,15935600
2013-01-08,3.9966,4.1761,3.9495,4.0419,44524800
2013-01-09,4.0297,4.0645,3.9251,3.9408,17327600
2013-01-10,3.9756,3.9878,3.9042,3.9722,15601200
2013-01-11,3.9530,4.0523,3.8868,4.0523,21068400
2013-01-14,4.0419,4.0715,3.9826,4.0105,14018800
2013-01-15,3.9913,4.0401,3.9652,4.0366,11430000
2013-01-16,4.0314,4.0645,4.0053,4.0210,10560000
2013-01-17,4.0488,4.1422,4.0366,4.0942,10398400
2013-01-18,4.1011,4.1029,4.0419,4.0576,8466000
2013-01-22,4.0698,4.0855,4.0349,4.0645,7628400
2013-01-23,4.0663,4.0942,4.0070,4.0349,7164800
2013-01-24,4.0419,4.1029,4.0279,4.0907,9199200
2013-01-25,4.1116,4.1447,4.0785,4.1325,8050400
2013-01-28,4.1395,4.1489,4.1003,4.1447,6575600
2013-01-29,4.1221,4.2214,4.0872,4.1865,9616400
2013-01-30,4.1813,4.2162,4.1099,4.1203,8915600
2013-01-31,4.1238,4.1308,3.9338,4.0436,20644000
2013-02-01,4.2336,4.3242,4.0889,4.3033,17624800
2013-02-04,4.2876,4.4794,4.2406,4.4009,17586400
2013-02-05,4.4096,4.7077,4.3957,4.6728,23107200
2013-02-06,4.3504,4.3974,4.1395,4.3922,39911200
2013-02-07,4.3818,4.4358,4.3434,4.4288,11059600
2013-02-08,4.4550,4.5743,4.4515,4.5421,13020800
2013-02-11,4.5595,4.6327,4.5291,4.5665,11470400
2013-02-12,4.5822,4.5839,4.4271,4.5055,13946800
2013-02-13,4.5247,4.5752,4.4776,4.5369,10458400
2013-02-14,4.5160,4.5560,4.4811,4.4881,6522800
2013-02-15,4.5334,4.5334,4.3809,4.4218,12339200
2013-02-19,4.3992,4.4515,4.2807,4.4445,13305200
2013-02-20,4.4654,4.5299,4.4044,4.4149,9223600
2013-02-21,4.4811,4.5055,4.2005,4.3103,16028800
2013-02-22,4.3417,4.3835,4.2894,4.3260,10165600
2013-02-25,4.3730,4.3922,4.2894,4.2894,6154800
2013-02-26,4.3173,4.3948,4.1447,4.3207,10722000
2013-02-27,4.3068,4.4253,4.2929,4.3992,13807200
2013-02-28,4.4131,4.4723,4.3661,4.3678,10794400
2013-03-01,4.3437,4.3807,4.2221,4.2397,14103600
2013-03-04,4.2238,4.2432,4.1181,4.1498,13199200
2013-03-05,4.1921,4.2944,4.1727,4.2838,13888000
2013-03-06,4.3314,4.3649,4.2485,4.3032,8697600
2013-03-07,4.2961,4.3649,4.2626,4.3261,5027600
2013-03-08,4.3490,4.4036,4.2838,4.3490,5762400
2013-03-11,4.3472,4.4548,4.2944,4.4530,8355600
2013-03-12,4.4548,4.5024,4.4072,4.4918,6461200
2013-03-13,4.4830,4.5588,4.4795,4.5218,5648400
2013-03-14,4.5306,4.5306,4.4283,4.4795,6496000
2013-03-15,4.4653,4.4918,4.4001,4.4865,10422800
2013-03-18,4.4371,4.5482,4.4371,4.5341,5818000
2013-03-19,4.5447,4.5447,4.3878,4.4495,5177200
2013-03-20,4.4759,4.4988,4.4142,4.4865,7318400
2013-03-21,4.4689,4.5253,4.4081,4.4495,7572000
2013-03-22,4.4671,4.5464,4.4213,4.5235,4812800
2013-03-25,4.5500,4.6134,4.4433,4.4742,8667600
2013-03-26,4.5182,4.6540,4.4830,4.6469,14184000
2013-03-27,4.6328,4.7016,4.6081,4.6628,12135200
2013-03-28,4.4512,5.0541,4.4512,4.9307,39372800
2013-04-01,4.9360,5.3009,4.9237,5.2463,28086000
2013-04-02,5.2428,5.3486,5.1229,5.3309,16349200
2013-04-03,5.3362,5.3961,5.2886,5.3327,18020400
2013-04-04,5.3256,5.4825,5.1987,5.2692,17995200
2013-04-05,5.2251,5.3009,5.1670,5.2816,11217200
2013-04-08,5.2957,5.3838,5.2587,5.3344,11594000
2013-04-09,5.3239,5.3556,5.2604,5.2675,9748000
2013-04-10,5.2868,5.3309,5.2005,5.2727,11600000
2013-04-11,5.2886,5.5962,5.2745,5.5848,25042000
2013-04-12,5.5619,5.6994,5.4913,5.6447,11446800
2013-04-15,5.6412,5.6703,5.5231,5.5319,11366800
2013-04-16,5.5583,5.6994,5.5125,5.6941,11226800
2013-04-17,5.6324,5.7857,5.5654,5.7769,18656400
2013-04-18,5.7540,5.8633,5.7293,5.7611,18770400
2013-04-19,5.7522,5.8316,5.6888,5.7699,12038000
2013-04-22,5.7699,5.8474,5.6121,5.7329,12639600
2013-04-23,5.7716,5.8563,5.7311,5.8510,11824000
2013-04-24,5.8492,6.0907,5.8192,6.0343,12242400
2013-04-25,6.0361,6.0942,5.9620,6.0361,11951200
2013-04-26,6.0184,6.1648,6.0008,6.1031,7236800
2013-04-29,6.1101,6.2229,6.0555,6.0942,9066000
2013-04-30,6.0995,6.2441,6.0731,6.1524,12765600
2013-05-01,6.1612,6.1982,6.0519,6.1242,7445200
2013-05-02,6.1207,6.4063,6.1013,6.4010,8562800
2013-05-03,6.4468,6.5632,6.4257,6.5491,10840400
2013-05-06,6.5209,6.6037,6.4609,6.5561,8249600
2013-05-07,6.6460,6.6460,6.5068,6.5737,12170000
2013-05-08,6.6108,6.7994,6.5367,6.5473,12584800
2013-05-09,6.5420,6.6125,6.4486,6.5385,13998400
2013-05-10,6.5491,6.7694,6.5414,6.7659,9331200
2013-05-13,6.7447,6.8064,6.7306,6.7465,11100800
2013-05-14,6.7359,6.8752,6.7359,6.8117,9750800
2013-05-15,6.8047,6.9210,6.7738,6.8734,7657600
2013-05-16,6.8399,6.8510,6.6672,6.7077,9675600
2013-05-17,6.7694,7.0286,6.7518,7.0092,15209200
2013-05-20,7.0092,7.0162,6.8285,6.8329,10988400
2013-05-21,6.8893,6.9228,6.3023,6.4838,34144800
2013-05-22,6.4151,6.5931,6.2952,6.3904,25998400
2013-05-23,6.3428,6.4872,6.1348,6.3481,33572800
2013-05-24,6.2053,6.2476,5.4543,5.6606,55468800
2013-05-28,5.7840,5.9180,5.5548,5.5918,19694800
2013-05-29,5.5619,5.6588,5.5478,5.6095,8894400
2013-05-30,5.5760,5.9418,5.5760,5.9056,16263600
2013-05-31,5.8177,6.0168,5.7982,5.8942,13592000
2013-06-03,5.8977,6.1572,5.8942,6.1146,19293600
2013-06-04,6.1039,6.4061,6.0915,6.3083,26521200
2013-06-05,6.2799,6.3578,6.0861,6.1963,17047600
2013-06-06,6.2070,6.3581,6.0399,6.1537,16494400
2013-06-07,6.3279,6.6603,6.3172,6.5323,28413200
2013-06-10,6.5323,6.5767,6.1928,6.2194,17507200
2013-06-11,6.5074,6.8753,6.4754,6.7047,35602800
2013-06-12,6.7580,6.7918,6.4807,6.5038,14868800
2013-06-13,6.5163,6.7900,6.4345,6.6709,13186000
2013-06-14,6.8682,7.0691,6.8593,6.9340,24263600
2013-06-17,6.9358,6.9980,6.7600,6.8433,9991600
2013-06-18,6.8060,6.8398,6.7420,6.8362,6765600
2013-06-19,6.8042,6.9411,6.7740,6.8487,6960000
2013-06-20,7.1668,7.3535,7.0406,7.2770,34425600
2013-06-21,7.3606,7.3819,7.1882,7.2486,24414800
2013-06-24,7.1633,7.2379,7.0637,7.0922,16722400
2013-06-25,7.1384,7.1864,7.0140,7.1206,12790000
2013-06-26,7.1260,7.2202,7.0193,7.1775,10692800
2013-06-27,7.1988,7.3001,7.1793,7.2646,8042400
2013-06-28,7.3090,7.6148,7.3090,7.4708,13968400
2013-07-01,7.4655,7.5259,7.4050,7.5028,7224400
2013-07-02,7.5170,7.5979,7.4672,7.4957,10888400
2013-07-03,7.4921,7.6005,7.4815,7.5330,2504000
2013-07-05,7.5739,7.6450,7.4050,7.6414,4302400
2013-07-08,7.6574,7.6983,7.5312,7.5774,9387200
2013-07-09,7.5934,7.6859,7.5099,7.5881,6728800
2013-07-10,7.5845,7.6325,7.5010,7.5401,7175200
2013-07-11,7.6414,7.6868,7.5081,7.5721,8972000
2013-07-12,7.5757,7.6752,7.4850,7.6734,7475200
2013-07-15,7.6734,7.7337,7.6379,7.7285,7650800
2013-07-16,7.7090,7.8067,7.5490,7.7925,14174000
2013-07-17,7.8050,7.8458,7.7036,7.7285,7836800
2013-07-18,7.7321,7.8210,7.7312,7.7552,3755200
2013-07-19,7.7978,7.9009,7.7001,7.7250,6703200
2013-07-22,7.7321,7.7854,7.6396,7.6468,4352000
2013-07-23,7.6645,7.7143,7.5241,7.5401,7554400
2013-07-24,7.6005,7.8956,7.5934,7.6859,10179600
2013-07-25,7.6645,7.8992,7.6130,7.8938,7434800
2013-07-26,7.8316,8.1498,7.7970,8.1409,10391600
2013-07-29,8.1178,8.1302,7.9223,8.0680,7770800
2013-07-30,8.0787,8.3986,8.0769,8.3382,10822800
2013-07-31,8.3791,8.8021,8.3791,8.7204,18825200
2013-08-01,8.8021,9.1292,8.7559,8.8839,16776400
2013-08-02,8.7044,9.0048,8.5284,8.9568,15702000
2013-08-05,8.9443,9.0901,8.8608,8.9390,10920400
2013-08-06,8.9230,9.0030,8.6653,8.7079,14586400
2013-08-07,8.6404,8.6919,8.3862,8.5106,14761600
2013-08-08,8.5106,8.6582,8.4671,8.6190,11133200
2013-08-09,8.5728,8.7879,8.5515,8.7044,6906000
2013-08-12,8.6297,8.8158,8.6013,8.7950,5619600
2013-08-13,8.8163,8.8270,8.6653,8.7524,6287600
2013-08-14,8.7239,8.8217,8.6262,8.6546,5108000
2013-08-15,8.5693,8.6134,8.4164,8.4768,5038800
2013-08-16,8.4395,8.6279,8.3613,8.4573,6299200
2013-08-19,8.4822,8.5711,8.4555,8.4786,6885600
2013-08-20,8.5604,8.5959,8.4840,8.5746,7826000
2013-08-21,8.5319,8.6475,8.4093,8.4644,6636000
2013-08-22,9.5896,9.9682,9.1665,9.2269,40547600
2013-08-23,9.3496,9.3887,9.0296,9.1754,9461200
2013-08-26,9.1665,9.4562,9.1665,9.3105,9117600
2013-08-27,9.2536,9.2572,8.7701,8.7755,10185200
2013-08-28,8.7719,8.9354,8.7630,8.8697,8990400
2013-08-29,8.9107,9.1984,8.8821,9.0536,5702000
2013-08-30,9.1323,9.1323,8.8767,8.9732,8118800
2013-09-03,9.0733,9.1501,8.9232,8.9303,5745200
2013-09-04,8.9089,9.0036,8.8267,8.8714,7009600
2013-09-05,8.8749,9.2002,8.8749,9.1501,6313200
2013-09-06,9.1555,9.2098,8.8392,8.8660,7304800
2013-09-09,8.9464,9.0804,8.8857,8.9536,7003600
2013-09-10,8.9822,9.0572,8.9536,8.9965,4505600
2013-09-11,8.9768,9.0233,8.7981,8.8571,5350000
2013-09-12,8.8731,8.9089,8.7463,8.8374,4783200
2013-09-13,8.8678,9.3896,8.8571,9.3735,11580000
2013-09-16,9.4504,9.5228,9.3110,9.3146,7050000
2013-09-17,9.3914,9.4969,9.2681,9.4039,8488400
2013-09-18,9.3753,9.4075,8.9947,9.1823,8842400
2013-09-19,9.3056,9.3378,9.2181,9.2645,5529200
2013-09-20,9.2681,9.2681,8.7856,8.8338,14769200
2013-09-23,8.8463,8.9411,8.6944,8.9017,8452400
2013-09-24,8.9303,9.1769,8.9160,9.1233,7662000
2013-09-25,9.1627,9.2395,8.9571,9.0787,6532000
2013-09-26,9.0662,9.1394,8.8624,9.0125,5015200
2013-09-27,8.9500,9.0286,8.8553,8.8731,5275200
2013-09-30,8.8017,8.9250,8.7659,8.8731,7489200
2013-10-01,8.8624,9.1537,8.8571,9.1519,10804400
2013-10-02,9.0930,9.1108,8.9040,8.9929,5959600
2013-10-03,8.9696,9.0572,8.5300,8.9035,5899200
2013-10-04,8.8910,9.0965,8.8294,9.0608,5106800
2013-10-07,8.9750,9.0804,8.8588,8.8606,4756000
2013-10-08,8.8821,9.0697,8.7337,8.8142,7138400
2013-10-09,8.8463,8.9768,8.6694,8.9393,6132800
2013-10-10,9.0536,9.4415,9.0358,9.2735,12719200
2013-10-11,9.2109,9.3199,9.1591,9.2145,6244000
2013-10-14,9.1305,9.2699,9.0805,9.2538,4960000
2013-10-15,9.2556,9.3074,9.1144,9.1680,7324400
2013-10-16,9.2002,9.2878,9.1198,9.2324,7542800
2013-10-17,9.2324,9.4182,9.1877,9.4129,6847200
2013-10-18,9.4772,9.6505,9.2985,9.6291,6705600
2013-10-21,9.7006,9.7989,9.5380,9.7667,6783600
2013-10-22,9.7828,9.8793,9.6863,9.7864,7547600
2013-10-23,9.7524,9.8007,9.5755,9.7345,5396000
2013-10-24,9.7578,9.8436,9.7417,9.7935,4599200
2013-10-25,9.8168,9.8954,9.7167,9.8078,3676400
2013-10-28,9.8078,9.8346,9.6845,9.7238,4799600
2013-10-29,9.8114,9.9526,9.4200,9.9097,7617600
2013-10-30,9.9776,10.0080,9.8114,9.8686,5788000
2013-10-31,9.8650,9.8936,9.6613,9.7971,7030800
2013-11-01,9.8453,9.8954,9.7810,9.8382,9355600
2013-11-04,9.9097,9.9597,9.8239,9.8829,5709600
2013-11-05,9.8936,10.1420,9.7488,10.1081,10962800
2013-11-06,10.1331,10.2242,9.9794,10.0169,6945600
2013-11-07,9.9990,10.0652,9.5862,9.6184,9811600
2013-11-08,9.6327,9.9222,9.6130,9.9150,5989600
2013-11-11,9.8632,9.9687,9.6577,9.8972,6014000
2013-11-12,9.8936,10.2063,9.8293,10.1795,9398800
2013-11-13,10.1045,10.2957,10.1045,10.2921,7041600
2013-11-14,10.3082,10.3189,10.1724,10.2635,6816000
2013-11-15,10.2760,10.2850,9.9401,10.1027,11509600
2013-11-18,10.2028,10.2206,9.7828,9.8364,10570400
2013-11-19,9.8793,9.8882,9.4700,9.5058,12419200
2013-11-20,9.5183,9.5308,9.2583,9.3718,16545600
2013-11-21,8.9696,8.9804,8.3388,8.7212,58424000
2013-11-22,8.9250,8.9375,8.6819,8.9107,20955200
2013-11-25,9.0626,9.0644,8.7141,8.7391,22014000
2013-11-26,8.7516,8.8213,8.5783,8.6247,18137200
2013-11-27,8.6319,8.6837,8.5211,8.5372,14298800
2013-11-29,8.6158,8.7123,8.5675,8.6229,9180800
2013-12-02,8.7184,8.7345,8.4092,8.4433,16794000
2013-12-03,8.4056,8.4308,8.0748,8.2600,32862800
2013-12-04,8.2762,8.3930,8.2061,8.2276,18393600
2013-12-05,8.2061,8.2941,8.1018,8.1126,17945200
2013-12-06,8.2132,8.3660,8.0658,8.1036,15780800
2013-12-09,8.1054,8.2887,8.0892,8.1935,17645600
2013-12-10,8.1773,8.2546,8.1216,8.2276,13598000
2013-12-11,8.2276,8.3481,8.0946,8.1270,11872800
2013-12-12,8.1126,8.3535,8.1054,8.1989,11870000
2013-12-13,8.2690,8.5925,8.2690,8.5009,19215600
2013-12-16,8.5170,8.7184,8.5170,8.6483,14051600
2013-12-17,8.6375,8.8334,8.5961,8.8047,11594800
2013-12-18,8.8100,9.0150,8.7256,8.9754,14142000
2013-12-19,8.9305,9.0761,8.8478,8.9646,9278400
2013-12-20,8.9718,9.0150,8.8388,8.8532,11484000
2013-12-23,8.8694,9.0887,8.8154,9.0815,7376000
2013-12-24,9.0527,9.2055,9.0527,9.1624,4603200
2013-12-26,9.1804,9.2666,9.0222,9.0527,6075200
2013-12-27,9.0473,9.0977,8.7921,8.8154,8428800
2013-12-30,8.8064,8.8766,8.6590,8.8568,7888400
2013-12-31,8.8873,8.9503,8.8298,8.8550,6984400
2014-01-02,8.8352,8.9449,8.6483,8.9251,11337200
2014-01-03,8.9359,8.9880,8.8208,8.8514,5271200
2014-01-06,8.8514,8.8622,8.6249,8.6590,11595600
2014-01-07,8.7094,8.8223,7.8375,7.9346,60224000
2014-01-08,7.8951,8.2025,7.8411,8.1521,29900800
2014-01-09,8.1539,8.1629,7.9634,8.0838,15887200
2014-01-10,7.9993,8.1953,7.9993,8.1827,8870000
2014-01-13,8.1737,8.2402,8.1047,8.1467,17146000
2014-01-14,6.9028,7.0286,6.4714,6.5271,94026800
2014-01-15,6.6044,6.6565,6.5163,6.6457,33702400
2014-01-16,6.6044,6.9333,6.5630,6.7859,34463600
2014-01-17,6.8093,6.9028,6.6475,6.7680,25863200
2014-01-21,6.9244,7.0808,6.8543,6.8686,24843200
2014-01-22,6.8525,7.0799,6.8309,7.0556,15303200
2014-01-23,7.0825,7.1023,6.7895,6.8758,19949200
2014-01-24,6.8183,6.8183,6.5397,6.5648,21522400
2014-01-27,6.5792,6.7446,6.5001,6.7086,15472400
2014-01-28,6.7033,6.7554,6.4354,6.4804,18165200
2014-01-29,6.4174,6.5325,6.2934,6.3042,19112000
2014-01-30,6.3815,6.4282,6.2377,6.3473,16910800
2014-01-31,6.2970,6.3689,6.2575,6.3042,17035200
2014-02-03,6.2862,6.3132,5.9501,6.0813,26290000
2014-02-04,6.1065,6.1802,5.9537,6.1029,22790000
2014-02-05,6.0525,6.2916,6.0310,6.2485,17794800
2014-02-06,6.2179,6.4022,6.2125,6.3545,10514400
2014-02-07,6.3653,6.4293,6.2916,6.3815,13534000
2014-02-10,6.3815,6.5954,6.3617,6.5469,17729600
2014-02-11,6.5505,6.5787,6.4192,6.4264,23831200
2014-02-12,6.4462,6.6116,6.4120,6.5630,13958800
2014-02-13,6.5109,6.5217,6.3581,6.4462,15523200
2014-02-14,6.3995,6.4228,6.2952,6.4013,13072400
2014-02-18,6.4390,6.5541,6.3514,6.4965,10734000
2014-02-19,6.4911,6.4911,6.3366,6.3995,14306800
2014-02-20,6.4013,6.4336,6.3563,6.4067,8972800
2014-02-21,6.3941,6.4192,6.3509,6.3923,10791600
2014-02-24,6.3995,6.5379,6.3635,6.4804,11340800
2014-02-25,6.5181,7.0106,6.5019,6.9154,27935600
2014-02-26,6.8902,6.9369,6.7563,6.8435,13794400
2014-02-27,6.7680,6.8111,6.6349,6.6961,11474800
2014-02-28,6.7212,6.7841,6.6349,6.7069,8571200
2014-03-03,6.6601,6.7716,6.6206,6.6853,6933200
2014-03-04,6.7410,6.8003,6.6907,6.7140,6133200
2014-03-05,6.7824,7.0088,6.7410,6.9657,15731200
2014-03-06,6.9711,7.0718,6.9046,6.9549,11832800
2014-03-07,7.0088,7.0430,6.9073,6.9244,8106400
2014-03-10,6.9244,7.0071,6.8435,6.9226,9502000
2014-03-11,6.9136,6.9747,6.8794,6.9190,8839200
2014-03-12,6.8273,6.9316,6.8273,6.9208,8959200
2014-03-13,6.9442,6.9750,6.7148,6.7320,12641200
2014-03-14,6.6885,7.1002,6.6667,7.0693,16728400
2014-03-17,7.0766,7.2271,7.0512,7.2090,11348800
2014-03-18,6.8698,7.0131,6.7737,6.9623,30610000
2014-03-19,6.9696,6.9967,6.7610,6.8209,11680800
2014-03-20,6.7882,7.0113,6.7882,6.9714,8980000
2014-03-21,7.0131,7.0494,6.8481,6.8590,11760000
2014-03-24,6.8898,6.9923,6.8227,6.9116,12948000
2014-03-25,6.9696,6.9914,6.8499,6.8535,12698400
2014-03-26,6.9097,7.0730,6.8971,7.0548,22553600
2014-03-27,6.7320,6.8463,6.3965,6.7701,42473200
2014-03-28,6.7774,7.3722,6.7774,7.3668,29237200
2014-03-31,7.3849,7.5391,7.2960,7.4538,16544000
2014-04-01,7.4448,7.7458,7.4248,7.7222,17088400
2014-04-02,7.7259,7.8782,7.6950,7.8655,18085600
2014-04-03,7.8909,8.0632,7.8709,8.0505,21476000
2014-04-04,8.2409,8.2482,7.6841,7.7694,27134000
2014-04-07,7.7404,7.9290,7.6334,7.8927,16592400
2014-04-08,7.9018,7.9979,7.8719,7.9326,15609600
2014-04-09,7.9417,7.9417,7.7621,7.8310,13522800
2014-04-10,7.8310,7.8891,7.4611,7.4738,23130400
2014-04-11,7.3867,7.4738,7.2997,7.3486,13264400
2014-04-14,7.4103,7.5481,7.3831,7.4665,13408800
2014-04-15,7.4901,7.5917,7.3913,7.5173,14148800
2014-04-16,7.5880,7.6207,7.3686,7.3885,8252000
2014-04-17,7.3631,7.5427,7.2779,7.5209,9644000
2014-04-21,7.5119,7.6007,7.3940,7.4302,7421200
2014-04-22,7.4103,7.7658,7.4103,7.6660,11579600
2014-04-23,7.6860,7.7404,7.2326,7.2380,14692800
2014-04-24,7.2960,7.3613,7.1582,7.2924,8976800
2014-04-25,7.1999,7.2489,7.0675,7.1401,6581200
2014-04-28,7.1836,7.3414,7.1111,7.3160,7139200
2014-04-29,7.3106,7.3432,7.1872,7.3178,7624000
2014-04-30,7.2815,7.3051,7.0857,7.1963,8044800
2014-05-01,7.2326,7.2870,7.1147,7.1201,8942000
2014-05-02,7.1346,7.3432,7.1201,7.2398,7522800
2014-05-05,7.1401,7.1600,6.9134,6.9188,11861600
2014-05-06,6.9515,6.9569,6.8218,6.8300,9692000
2014-05-07,6.8717,6.8916,6.4690,6.4999,22162400
2014-05-08,6.4890,6.6722,6.4727,6.5325,11555200
2014-05-09,6.5307,6.6704,6.4854,6.6305,7016400
2014-05-12,6.6359,6.7647,6.6286,6.6776,7760800
2014-05-13,6.6994,6.8916,6.6849,6.8644,10346400
2014-05-14,6.8281,6.8354,6.5978,6.6123,8714400
2014-05-15,6.5543,6.5688,6.3657,6.5053,9629600
2014-05-16,6.4273,6.5706,6.4237,6.5688,7777600
2014-05-19,6.5851,6.7411,6.4872,6.7066,14664400
2014-05-20,6.6885,6.7411,6.5779,6.6069,13653200
2014-05-21,6.6105,6.7665,6.6105,6.6994,10674800
2014-05-22,6.6740,6.7901,6.5380,6.6885,16339200
2014-05-23,6.9895,7.1691,6.8952,6.9696,24071600
2014-05-27,7.0186,7.0820,6.7393,6.7628,12504400
2014-05-28,6.7628,6.9406,6.6704,6.9297,11018400
2014-05-29,6.9460,7.0004,6.8426,6.9224,9859200
2014-05-30,6.9224,6.9478,6.8463,6.8644,9635600
2014-06-02,6.8953,6.9264,6.6866,6.6903,8949200
2014-06-03,6.6702,6.7232,6.5677,6.6921,11521600
2014-06-04,6.6757,6.9282,6.6409,6.8184,7606400
2014-06-05,6.8166,6.8294,6.6629,6.7141,6580400
2014-06-06,6.7178,6.8550,6.7141,6.8221,7308000
2014-06-09,6.8257,6.8843,6.6757,6.6830,7674000
2014-06-10,6.6866,6.8385,6.6446,6.8239,8293200
2014-06-11,6.8330,7.1496,6.8239,6.9062,13596800
2014-06-12,6.8715,6.8797,6.6208,6.6427,10489600
2014-06-13,6.6482,6.7891,6.6025,6.7690,7460400
2014-06-16,6.7434,6.9053,6.7329,6.9026,7273600
2014-06-17,7.1295,7.3820,7.0197,7.3729,20228400
2014-06-18,7.3784,7.3784,7.2173,7.3198,11353600
2014-06-19,7.3399,7.3967,7.2631,7.3125,9364800
2014-06-20,7.3198,7.3967,7.2997,7.3399,11714800
2014-06-23,7.3363,7.4230,7.2869,7.3930,6448000
2014-06-24,7.3820,7.4552,7.3198,7.3637,7699200
2014-06-25,7.3473,7.4076,7.2876,7.3582,8234800
2014-06-26,7.3637,7.4314,7.2673,7.4241,7635600
2014-06-27,7.3985,7.5010,7.3656,7.3839,11698400
2014-06-30,7.3985,7.4644,7.3710,7.4058,6017600
2014-07-01,7.4131,7.4808,7.3720,7.4113,6431600
2014-07-02,7.4296,7.5403,7.4131,7.4790,6895200
2014-07-03,7.4937,7.6529,7.4772,7.6419,4632400
2014-07-07,7.6035,7.6529,7.5842,7.6108,5614000
2014-07-08,7.5870,7.6291,7.5028,7.6199,10330000
2014-07-09,7.6272,7.8432,7.5815,7.6474,10606400
2014-07-10,7.5120,7.6949,7.4589,7.6455,8253200
2014-07-11,7.6144,7.6455,7.4735,7.5467,7210400
2014-07-14,7.6565,7.6986,7.5870,7.6455,5525600
2014-07-15,7.6291,7.6748,7.4790,7.5065,7142000
2014-07-16,7.5522,7.6346,7.5110,7.6016,5677600
2014-07-17,7.6199,7.6895,7.5248,7.5486,9124000
2014-07-18,7.6346,7.9365,7.5943,7.8377,15965200
2014-07-21,7.7901,7.9127,7.7583,7.8413,10919200
2014-07-22,7.8542,8.1122,7.7791,8.0683,10909600
2014-07-23,8.1469,8.3611,8.0683,8.1835,16192400
2014-07-24,8.1927,8.4544,8.1927,8.4361,17061600
2014-07-25,8.3922,8.4324,8.3400,8.3592,5972800
2014-07-28,8.3922,8.5184,8.3922,8.4324,6551600
2014-07-29,8.4288,8.5257,7.6638,7.9475,50204800
2014-07-30,8.0298,8.1433,7.8853,7.8944,21596000
2014-07-31,7.8596,7.8761,7.6748,7.6803,9102800
2014-08-01,7.6840,7.7883,7.5138,7.5431,9872000
2014-08-04,7.5669,7.7068,7.5614,7.6291,10934000
2014-08-05,7.5943,7.6895,7.5303,7.5632,6903200
2014-08-06,7.5083,7.6529,7.4790,7.5943,6443600
2014-08-07,7.6382,7.6766,7.4754,7.4790,4842000
2014-08-08,7.4918,7.4918,7.3692,7.4479,7065200
2014-08-11,7.5010,7.6327,7.4479,7.6199,5984000
2014-08-12,7.6163,7.6181,7.4314,7.4900,6754400
2014-08-13,7.5412,7.5705,7.3967,7.5650,5554000
2014-08-14,7.5925,7.6675,7.4644,7.6547,8917600
2014-08-15,7.6620,7.6657,7.2100,7.2539,17036400
2014-08-18,7.3308,7.4552,7.3107,7.4388,10640800
2014-08-19,7.4662,7.5559,7.4552,7.4808,8368000
2014-08-20,7.4772,7.5723,7.3308,7.5632,9188000
2014-08-21,7.6254,7.6364,7.3765,7.4095,19876000
2014-08-22,7.9932,8.1433,7.7553,7.8505,34313200
2014-08-25,7.9749,7.9749,7.6638,7.7608,13844400
2014-08-26,7.7663,7.8596,7.6675,7.8267,9614800
2014-08-27,7.8633,7.8889,7.7901,7.8670,4411200
2014-08-28,7.8230,7.9054,7.7315,7.8999,7231600
2014-08-29,7.9193,7.9266,7.7662,7.7828,7246400
2014-09-02,7.7994,8.1055,7.7883,8.0686,12292800
2014-09-03,8.1148,8.1295,8.0078,8.0281,6695600
2014-09-04,8.0410,8.2051,8.0299,8.1959,9081200
2014-09-05,8.1719,8.3453,8.0723,8.3434,11084800
2014-09-08,8.3176,8.3741,8.1498,8.1664,7970000
2014-09-09,8.1424,8.1664,7.9414,7.9598,10428400
2014-09-10,8.0096,8.0336,7.8842,7.9561,8990400
2014-09-11,7.9414,8.1129,7.9266,8.1074,7767600
2014-09-12,8.1203,8.1885,8.0170,8.0428,6821600
2014-09-15,8.0373,8.0742,7.9654,8.0244,4722400
2014-09-16,8.0133,8.3822,7.9838,8.2715,10979200
2014-09-17,8.2715,8.2918,8.1059,8.1184,8987600
2014-09-18,8.1148,8.1867,8.0262,8.1572,7438400
2014-09-19,8.1756,8.1941,7.9801,8.0004,9978400
2014-09-22,7.9912,8.0152,7.9340,8.0004,5276556
2014-09-23,7.9949,7.9949,7.8160,7.8160,5248964
2014-09-24,7.8105,7.9820,7.7662,7.9617,8419144
2014-09-25,7.9912,8.0557,7.7570,7.7570,8304016
2014-09-26,7.7570,7.8602,7.6850,7.7533,6391236
2014-09-29,7.6980,7.8141,7.6391,7.7570,5407860
2014-09-30,7.7459,7.7717,7.5956,7.5984,8356464
2014-10-01,7.5836,7.5873,7.4287,7.4471,9305640
2014-10-02,7.4361,7.5836,7.3051,7.5393,10037932
2014-10-03,7.5855,7.6511,7.4582,7.4619,7416580
2014-10-06,7.4693,7.4859,7.2941,7.2959,9934380
2014-10-07,7.2738,7.3835,7.1926,7.1945,10106212
2014-10-08,7.2203,7.3273,7.1189,7.3107,10581628
2014-10-09,7.2959,7.3512,7.0266,7.0635,9502280
2014-10-10,7.0469,7.2793,7.0432,7.0654,12431224
2014-10-13,7.0322,7.0801,6.8422,6.8607,9831312
2014-10-14,6.8773,6.9252,6.7998,6.8607,12075144
2014-10-15,6.7242,7.1576,6.6061,7.0930,14823644
2014-10-16,6.9676,7.4066,6.9234,7.2350,15447420
2014-10-17,7.3125,7.4434,7.2664,7.3512,16314384
2014-10-20,7.3217,7.5633,7.2885,7.4988,12018072
2014-10-21,7.5320,7.5947,7.4730,7.5080,9868576
2014-10-22,7.5264,7.5923,7.4803,7.4877,6621228
2014-10-23,7.5338,7.6814,7.5135,7.6094,5678924
2014-10-24,7.6205,7.8178,7.5725,7.7514,7592680
2014-10-27,7.7459,7.8289,7.6666,7.7109,8297392
2014-10-28,7.5965,7.6150,7.2498,7.5670,16465480
2014-10-29,7.5670,7.7145,7.5283,7.6592,6097672
2014-10-30,7.6316,7.8105,7.6316,7.7607,5934804
2014-10-31,7.8455,8.0945,7.8436,7.8861,11985268
2014-11-03,7.8861,7.9561,7.8160,7.8768,6033636
2014-11-04,7.8436,7.8944,7.7680,7.8805,5909692
2014-11-05,8.0262,8.0871,7.8768,7.9377,5539864
2014-11-06,7.9395,8.2697,7.9395,8.2494,12739504
2014-11-07,8.2383,8.2586,8.0484,8.0576,9416304
2014-11-10,8.0557,8.1166,7.8151,7.8824,15391652
2014-11-11,7.9064,7.9691,7.8123,7.8381,7191424
2014-11-12,7.8400,8.0576,7.8400,8.0059,9113780
2014-11-13,8.1424,8.2439,8.0963,8.1996,12180544
2014-11-14,8.0318,8.2051,7.9119,8.1885,11160640
2014-11-17,8.1811,8.2439,8.0779,8.1332,8082716
2014-11-18,8.1332,8.1885,8.0290,8.1184,8027288
2014-11-19,8.1848,8.1996,7.9912,8.0428,15125556
2014-11-20,8.1461,8.2439,7.9801,8.0908,23782372
2014-11-21,7.3316,7.4320,6.9037,7.0432,75039120
2014-11-24,7.0191,7.1121,6.8609,7.0246,31472100
2014-11-25,7.0897,7.1195,6.8926,6.9577,20687360
2014-11-26,6.9781,7.0153,6.8963,6.9205,10282532
2014-11-28,6.9223,7.0656,6.9223,7.0339,7681608
2014-12-01,6.9986,7.0079,6.6284,6.6656,27137156
2014-12-02,6.6972,6.8367,6.5670,6.6116,14692280
2014-12-03,6.5968,6.8293,6.5391,6.8107,18127280
2014-12-04,6.8126,6.9093,6.7233,6.8963,12596612
2014-12-05,6.8888,6.9725,6.8051,6.9614,11269312
2014-12-08,6.9019,6.9019,6.4684,6.5465,18086320
2014-12-09,6.4405,6.6321,6.3251,6.6172,20457832
2014-12-10,6.4628,6.4963,6.1986,6.2005,21375032
2014-12-11,6.2600,6.5093,6.2370,6.3084,20111960
2014-12-12,6.2712,6.3251,6.0014,6.0089,23649604
2014-12-15,6.0666,6.2359,5.9540,6.1261,17962524
2014-12-16,6.0628,6.2414,5.9177,5.9382,17685464
2014-12-17,5.9735,6.0889,5.9345,6.0814,14442544
2014-12-18,6.1856,6.2600,6.0266,6.1577,13588468
2014-12-19,6.2265,6.4182,6.1261,6.4182,18333388
2014-12-22,6.7865,6.8088,6.2954,6.3475,20811568
2014-12-23,6.3791,6.5335,6.3475,6.4423,15244580
2014-12-24,6.4851,6.4851,6.1800,6.2117,11023388
2014-12-26,6.2470,6.3344,6.1745,6.2600,15397312
2014-12-29,6.2377,6.2917,6.1205,6.2600,9600132
2014-12-30,6.2228,6.3903,6.1763,6.2935,8536280
2014-12-31,6.3679,6.4014,6.2714,6.2879,6459128
2015-01-02,6.3363,6.3549,6.1856,6.2879,6451784
2015-01-05,6.2359,6.4889,6.2005,6.4591,19763016
2015-01-06,6.5428,6.7028,6.2359,6.2675,19540428
2015-01-07,6.3791,6.4517,6.1354,6.1949,10233296
2015-01-08,6.2507,6.3568,6.1986,6.2675,18189744
2015-01-09,6.2489,6.2712,5.9698,6.0033,16170684
2015-01-12,6.0554,6.2954,5.8954,6.2824,14481880
2015-01-13,6.3624,6.5298,6.0833,6.0963,11708644
2015-01-14,6.9205,6.9484,6.6674,6.7363,29745480
2015-01-15,6.7028,6.8367,6.3661,6.4107,20556604
2015-01-16,6.6395,6.7735,6.4963,6.7623,17027308
2015-01-20,6.7586,6.8367,6.5502,6.7102,18154092
2015-01-21,6.6358,6.9019,6.5986,6.8535,11862580
2015-01-22,6.9279,6.9279,6.7251,6.9056,8621088
2015-01-23,6.8739,6.9763,6.7772,6.9577,7201876
2015-01-26,6.9558,7.1549,6.9335,7.0990,9706248
2015-01-27,7.0953,7.2553,6.9930,7.1214,8028108
2015-01-28,7.1623,7.3111,6.9651,6.9967,11010136
2015-01-29,7.0358,7.0358,6.5986,6.7474,13562336
2015-01-30,6.6674,6.7158,6.5223,6.5577,12138720
2015-02-02,6.5316,6.8702,6.4219,6.8516,9705244
2015-02-03,6.8442,7.0553,6.7698,6.9763,5846536
2015-02-04,6.9149,6.9614,6.6340,6.8144,8152424
2015-02-05,6.8349,6.9353,6.7456,6.8274,5452324
2015-02-06,6.8758,6.9558,6.7791,6.8386,5929256
2015-02-09,6.7977,6.9911,6.7940,6.9167,6225976
2015-02-10,6.9186,7.0935,6.8851,7.0767,9737888
2015-02-11,7.0842,7.1046,6.9316,6.9800,5919264
2015-02-12,6.9949,7.0265,6.8832,6.9298,4925892
2015-02-13,6.8907,7.0507,6.8591,6.9484,6658996
2015-02-17,6.9484,7.1083,6.8460,6.9502,5420576
2015-02-18,6.8814,6.9856,6.8088,6.9763,4200044
2015-02-19,7.0116,7.0116,6.8926,6.9818,3095932
2015-02-20,7.0060,7.0767,6.9595,6.9744,5187540
2015-02-23,7.0581,7.0667,6.8851,6.9484,4601684
2015-02-24,7.0060,7.0302,6.8665,6.9093,3007076
2015-02-25,6.9484,7.0358,6.8684,6.9353,4073812
2015-02-26,6.9298,6.9725,6.8516,6.8888,4559068
2015-02-27,6.9037,7.0172,6.8246,6.8777,5850744
2015-03-02,7.1418,7.2367,7.0321,7.1939,9590076
2015-03-03,7.2479,7.3018,7.1701,7.1958,4709452
2015-03-04,7.2888,7.5251,7.2032,7.4469,8379088
2015-03-05,7.4376,7.5453,7.3539,7.4413,4857020
2015-03-06,7.4079,7.5488,7.4079,7.4711,4742068
2015-03-09,7.4637,7.7148,7.4060,7.5958,6152348
2015-03-10,7.5399,7.6571,7.4618,7.5623,5972492
2015-03-11,7.6832,7.9381,7.2776,7.3446,7634672
2015-03-12,7.4320,7.4809,7.2665,7.3818,4531772
2015-03-13,7.5522,7.6742,7.4997,7.6385,7166596
2015-03-16,7.6442,7.7474,7.6292,7.7117,4220004
2015-03-17,7.7249,7.7512,7.6029,7.6780,3507944
2015-03-18,7.6498,7.7605,7.5372,7.7174,4465776
2015-03-19,7.7099,7.7268,7.6217,7.6554,3588344
2015-03-20,7.6667,7.7305,7.6066,7.6798,9629368
2015-03-23,7.7080,7.8319,7.6479,7.7587,7013476
2015-03-24,7.7474,7.7943,7.6761,7.6780,10312008
2015-03-25,7.6780,7.7343,7.4696,7.4715,8288704
2015-03-26,7.4115,7.4702,7.2407,7.2801,19356888
2015-03-27,7.0699,7.2801,6.9704,7.1994,21983008
2015-03-30,7.2069,7.2257,7.0398,7.0736,11960060
2015-03-31,7.0155,7.2350,6.9854,7.1243,8458716
2015-04-01,7.1055,7.2257,7.0061,7.0905,9859496
2015-04-02,7.1431,7.2838,7.1093,7.1693,4690408
2015-04-06,7.1318,7.2050,7.0718,7.2013,5935412
2015-04-07,7.2013,7.2257,7.1159,7.1281,5328412
2015-04-08,7.0943,7.2782,7.0830,7.2651,6599784
2015-04-09,7.2744,7.5072,7.1975,7.5053,7648328
2015-04-10,7.5410,7.5841,7.4246,7.5822,5075920
2015-04-13,7.5822,7.6573,7.4058,7.5860,7375684
2015-04-14,7.5541,7.6048,7.4473,7.5822,5990352
2015-04-15,7.6160,7.6873,7.4997,7.6742,9191572
2015-04-16,7.6836,7.7512,7.6348,7.6836,5828748
2015-04-17,7.6404,7.6479,7.4058,7.4434,6251148
2015-04-20,7.4678,7.5897,7.4621,7.5672,5238248
2015-04-21,7.5897,7.5991,7.4565,7.5222,5507824
2015-04-22,7.5072,7.5747,7.4321,7.5522,3904432
2015-04-23,7.5541,7.6085,7.5166,7.5672,3466300
2015-04-24,7.5635,7.6517,7.5325,7.6404,3487204
2015-04-27,7.6442,7.6967,7.5541,7.5597,4195332
2015-04-28,7.5410,7.5954,7.4246,7.5804,3791060
2015-04-29,7.5203,7.6085,7.3495,7.3814,4989580
2015-04-30,7.3627,7.3814,7.2106,7.2332,4542976
2015-05-01,7.2500,7.3551,7.2181,7.3514,3079084
2015-05-04,7.3777,7.5372,7.3383,7.5297,3511868
2015-05-05,7.4940,7.5616,7.4584,7.5109,4386216
2015-05-06,7.4884,7.4884,7.2726,7.3439,5807508
2015-05-07,7.3458,7.4359,7.2200,7.4152,6820232
2015-05-08,7.4771,7.6010,7.4546,7.5428,4225804
2015-05-11,7.5241,7.5991,7.4593,7.4621,4075684
2015-05-12,7.4133,7.4734,7.3232,7.3289,5336168
2015-05-13,7.3326,7.3908,7.2294,7.3570,6279220
2015-05-14,7.3908,7.3946,7.2726,7.3514,2988804
2015-05-15,7.3514,7.5241,7.3383,7.5184,5546648
2015-05-18,7.5259,7.5654,7.4509,7.5522,4643296
2015-05-19,7.5785,7.5879,7.5128,7.5654,4007640
2015-05-20,7.5447,7.5691,7.4471,7.5334,4026392
2015-05-21,7.5879,7.6798,7.5541,7.6517,5149960
2015-05-22,7.6498,7.6902,7.5785,7.6573,4556412
2015-05-26,7.6367,7.6911,7.4790,7.5410,4948580
2015-05-27,7.6104,7.6235,7.3946,7.4077,7198884
2015-05-28,7.4265,7.7549,7.4152,7.6798,15432936
2015-05-29,8.2541,8.3498,8.0927,8.1472,34731328
2015-06-01,8.2091,8.2767,7.9595,8.1584,13171316
2015-06-02,8.1434,8.3367,8.0270,8.2523,9231264
2015-06-03,8.2560,8.3161,8.1828,8.2053,7961256
2015-06-04,8.2860,8.3435,8.2335,8.2616,7471884
2015-06-05,8.2767,8.3048,8.1810,8.2842,5971432
2015-06-08,8.3307,8.3799,8.1415,8.1472,5908076
2015-06-09,8.1604,8.2229,8.1169,8.1188,5136888
2015-06-10,8.1661,8.2285,8.0809,8.1093,7138736
2015-06-11,8.1774,8.2758,8.0904,8.1377,7231600
2015-06-12,8.1226,8.1888,8.0790,8.1301,5340948
2015-06-15,8.1131,8.1888,8.0090,8.0469,7436940
2015-06-16,8.0279,8.0715,7.9428,8.0450,5531888
2015-06-17,8.0469,8.1809,7.9825,8.1434,8662356
2015-06-18,8.1755,8.2115,8.1112,8.1737,8083568
2015-06-19,8.2134,8.2929,8.1377,8.1547,9357300
2015-06-22,8.1850,8.3497,8.1396,8.3061,10162720
2015-06-23,8.3326,8.4301,8.2967,8.3951,7034592
2015-06-24,8.3629,8.6108,8.3577,8.4310,9690652
2015-06-25,8.4367,8.4651,8.2607,8.2626,6468592
2015-06-26,8.2853,8.3534,8.2077,8.3345,7603644
2015-06-29,8.2758,8.3137,8.0923,8.0942,4458656
2015-06-30,8.1528,8.1755,8.0942,8.1301,4470692
2015-07-01,8.1850,8.4045,8.1680,8.3497,6926756
2015-07-02,8.2910,8.4216,8.2323,8.2437,4818508
2015-07-06,8.1604,8.3932,8.1315,8.3875,5994836
2015-07-07,8.3818,8.7149,8.3326,8.7111,9640320
2015-07-08,8.6619,8.7490,8.6089,8.6562,9791852
2015-07-09,8.7811,8.9117,8.6827,8.8758,10862280
2015-07-10,8.9496,8.9590,8.7811,8.8871,5966172
2015-07-13,8.9344,9.0196,8.8644,8.9609,6607032
2015-07-14,8.9363,8.9799,8.7528,8.8436,10610916
2015-07-15,8.8663,8.8947,8.7717,8.7849,5383204
2015-07-16,8.7963,9.0385,8.7395,8.9382,10452152
2015-07-17,8.9382,8.9988,8.7774,8.8322,5317160
2015-07-20,8.8001,8.8859,8.7338,8.8625,5273120
2015-07-21,8.8417,8.8871,8.7490,8.8833,5106180
2015-07-22,8.8512,8.9931,8.7811,8.9325,6506940
2015-07-23,8.9382,9.0120,8.8171,8.8833,3849268
2015-07-24,8.8947,8.9098,8.5786,8.6089,8122936
2015-07-27,8.5919,8.6714,8.4973,8.5768,6295304
2015-07-28,8.6108,8.6562,8.4657,8.5692,4929664
2015-07-29,8.5995,8.6846,8.5522,8.6808,4004992
2015-07-30,8.6581,8.7906,8.5976,8.7357,3734708
2015-07-31,8.7546,8.7944,8.6354,8.6771,4383060
2015-08-03,8.7017,8.7395,8.4859,8.5067,4822880
2015-08-04,8.4613,8.6392,8.4235,8.6241,7216568
2015-08-05,8.6449,8.8247,8.6373,8.7792,4967660
2015-08-06,8.7471,8.7660,8.5011,8.5824,4447384
2015-08-07,8.5805,8.5938,8.4500,8.5484,3788924
2015-08-10,8.6827,8.7130,8.5805,8.6695,4864772
2015-08-11,8.5976,8.6676,8.5162,8.6525,4990248
2015-08-12,8.5786,8.6846,8.4462,8.6335,5116172
2015-08-13,8.6392,8.8701,8.6278,8.7244,4406528
2015-08-14,8.8095,9.0508,8.8095,8.9780,9747692
2015-08-17,8.9780,8.9836,8.7925,8.8852,4342524
2015-08-18,8.9023,9.0295,8.8758,8.8928,6476424
2015-08-19,8.8625,8.9269,8.6562,8.7906,7015872
2015-08-20,8.6411,8.7054,8.5512,8.5597,6031920
2015-08-21,8.4601,8.7263,8.4481,8.4840,8100920
2015-08-24,7.9220,8.3553,7.3164,8.1301,9273140
2015-08-25,8.3421,8.4556,8.1888,8.3061,18920572
2015-08-26,8.4556,8.6165,8.3317,8.5843,15134388
2015-08-27,8.7149,8.8947,8.5995,8.7433,11674628
2015-08-28,8.4348,8.5048,7.8614,8.0412,33722832
2015-08-31,7.9958,8.0639,7.8633,8.0393,9857952
2015-09-01,7.8727,7.9768,7.7062,7.7933,9351904
2015-09-02,7.8879,7.9636,7.7819,7.9125,10147456
2015-09-03,7.9484,8.0961,7.8614,7.8936,8372628
2015-09-04,7.8651,7.9338,7.7716,7.8746,6127604
2015-09-08,8.0121,8.0121,7.7811,7.9777,8708156
2015-09-09,8.0235,8.0636,7.9510,7.9777,5874796
2015-09-10,7.9529,8.1877,7.9224,8.0846,5733316
2015-09-11,8.0617,8.1839,7.9567,8.1667,6061704
2015-09-14,8.1782,8.2469,8.0665,8.2412,5638924
2015-09-15,8.2583,8.2698,8.1629,8.2087,4498376
2015-09-16,8.1992,8.4282,8.1896,8.3958,6159288
2015-09-17,8.3977,8.4817,8.1839,8.3252,6796444
2015-09-18,8.2373,8.3185,8.0617,8.0694,8250304
2015-09-21,8.1553,8.1763,7.9109,7.9644,6619884
2015-09-22,7.8765,7.9720,7.8288,7.8937,4002956
2015-09-23,7.8689,7.9376,7.7601,7.8422,3140900
2015-09-24,7.7773,7.9205,7.7525,7.8651,5456752
2015-09-25,7.8861,7.9911,7.7219,7.8269,6665732
2015-09-28,7.7964,7.8403,7.6246,7.6933,6816616
2015-09-29,7.6742,7.8097,7.5711,7.7181,8431884
2015-09-30,7.8288,7.8870,7.7525,7.8670,6856536
2015-10-01,7.8842,7.9472,7.5997,7.7353,7833448
2015-10-02,7.6895,7.9319,7.6379,7.9224,5966536
2015-10-05,7.9415,8.1400,7.9281,8.1094,7671536
2015-10-06,8.1018,8.3003,8.0961,8.2736,7518176
2015-10-07,8.2908,8.3633,8.1362,8.2927,5071712
2015-10-08,8.2163,8.4645,8.2163,8.3958,4536376
2015-10-09,8.3462,8.4874,8.2965,8.4779,3828592
2015-10-12,8.4531,8.5218,8.3691,8.3882,2991444
2015-10-13,8.3443,8.4302,8.2851,8.3080,3241928
2015-10-14,8.2965,8.3462,8.1572,8.2183,3028596
2015-10-15,8.2583,8.3939,8.1801,8.3863,3522036
2015-10-16,8.4531,8.4932,8.3213,8.4874,3594416
2015-10-19,8.4874,8.5791,8.4015,8.5371,3046512
2015-10-20,8.5485,8.7089,8.5390,8.6096,6144932
2015-10-21,8.6440,8.8215,8.6153,8.7891,4632104
2015-10-22,8.8158,9.0239,8.7032,8.9685,6262040
2015-10-23,9.0907,9.0907,8.6077,8.6573,9208580
2015-10-26,8.6611,8.6917,8.4662,8.5275,5856264
2015-10-27,8.5371,8.5733,8.3137,8.4473,4584304
2015-10-28,8.4874,8.7222,8.4550,8.6955,3632160
2015-10-29,8.7127,8.8159,8.6611,8.7261,2984516
2015-10-30,8.7661,8.8864,8.7000,8.7948,4880812
2015-11-02,8.7871,8.8750,8.6993,8.8158,3821012
2015-11-03,8.8387,8.9341,8.7948,8.9246,5713000
2015-11-04,8.9208,8.9933,8.8998,8.9437,5237816
2015-11-05,8.9628,9.0029,8.8387,8.9609,3951600
2015-11-06,8.9246,9.0639,8.8482,8.9380,7677648
2015-11-09,8.9284,8.9380,8.6726,8.6860,6093112
2015-11-10,8.6745,8.8215,8.6382,8.7700,6072712
2015-11-11,8.7967,8.8388,8.4817,8.5103,7546616
2015-11-12,8.4874,8.5523,8.3748,8.5008,7544732
2015-11-13,7.6246,7.6551,7.0767,7.0977,38058044
2015-11-16,7.0633,7.2905,7.0538,7.2714,10279912
2015-11-17,7.3115,7.3115,7.0442,7.0939,10395248
2015-11-18,7.1721,7.2657,7.1072,7.2179,9136880
2015-11-19,7.1874,7.4375,7.1588,7.3420,8218588
2015-11-20,7.4642,7.5921,7.3630,7.4947,11171260
2015-11-23,6.3264,7.1950,6.2997,7.1798,67708044
2015-11-24,6.8705,7.2981,6.8590,7.2370,21453868
2015-11-25,7.2141,7.2599,6.9870,6.9946,8232004
2015-11-27,7.0404,7.0528,6.8342,6.8743,4772228
2015-11-30,6.7884,6.8400,6.6624,6.6872,12892388
2015-12-01,6.7605,6.7836,6.6062,6.6930,8725380
2015-12-02,6.6930,6.7200,6.5309,6.5329,11470948
2015-12-03,6.5290,6.5290,6.2088,6.3226,14871420
2015-12-04,6.3207,6.4326,6.2185,6.4229,14113164
2015-12-07,6.4036,6.4403,6.2686,6.3786,11792536
2015-12-08,6.2879,6.5367,6.2243,6.5078,11211260
2015-12-09,6.3863,6.5637,6.2493,6.2571,10329360
2015-12-10,6.2783,6.3458,6.0700,6.1741,16319776
2015-12-11,5.8279,6.0468,5.7749,5.7864,26371948
2015-12-14,5.7864,5.9128,5.7324,5.8385,11754652
2015-12-15,5.9292,6.0082,5.8636,5.8906,10153324
2015-12-16,5.9446,5.9793,5.8096,5.8944,8740564
2015-12-17,5.8944,5.9234,5.6032,5.6032,9117656
2015-12-18,5.5781,5.5820,5.3814,5.5473,21889088
2015-12-21,5.5029,5.6128,5.4103,5.5453,13673260
2015-12-22,5.5743,5.5743,5.4315,5.5164,12266552
2015-12-23,5.5550,5.5800,5.4508,5.5453,11114492
2015-12-24,5.5202,5.5550,5.4547,5.4720,3475860
2015-12-28,5.4720,5.5820,5.4277,5.4913,9301740
2015-12-29,5.5202,5.5550,5.4637,5.4836,8164224
2015-12-30,5.4720,5.5820,5.4470,5.4932,5753592
2015-12-31,5.4836,5.5665,5.4065,5.4084,6784120
2016-01-04,5.2155,5.4894,5.2097,5.4605,17321780
2016-01-05,5.5145,5.5955,5.4122,5.5492,13666584
2016-01-06,5.4450,5.5434,5.2927,5.4720,15025652
2016-01-07,5.4238,5.5492,5.3505,5.4875,10647308
2016-01-08,5.5357,5.5530,5.4084,5.4720,10796916
2016-01-11,5.4643,5.6996,5.3987,5.6668,13025308
2016-01-12,5.5839,5.6360,5.0737,5.3775,32357324
2016-01-13,5.3447,5.3650,5.1075,5.1962,11686200
2016-01-14,5.2888,5.2888,4.8567,4.9339,18357764
2016-01-15,4.8336,5.0024,4.7931,4.9455,12745908
2016-01-19,5.0072,5.0110,4.8317,4.9204,11137968
2016-01-20,4.8625,4.9088,4.6928,4.8587,8945148
2016-01-21,4.8587,5.0033,4.8510,4.8780,8474100
2016-01-22,4.9628,5.0207,4.9050,4.9513,7054308
2016-01-25,4.9377,5.0082,4.8037,4.8336,5780800
2016-01-26,4.8895,5.1075,4.8490,5.0265,11076076
2016-01-27,5.0612,5.1653,4.9802,5.0438,8011496
2016-01-28,5.1094,5.1326,4.9513,4.9590,5598000
2016-01-29,4.9686,5.0622,4.9397,5.0554,9271204
2016-02-01,5.0535,5.1808,4.9860,5.1711,11149028
2016-02-02,5.1364,5.1518,4.9358,4.9995,7362280
2016-02-03,5.0361,5.0689,4.7738,5.0477,8893796
2016-02-04,5.0265,5.2444,4.8953,5.2097,8000780
2016-02-05,5.2097,5.2425,5.0978,5.1750,6183076
2016-02-08,5.1210,5.3929,5.1113,5.3794,11779208
2016-02-09,5.3332,5.3775,5.1518,5.2309,13147372
2016-02-10,5.2464,5.2637,5.1345,5.1403,5479780
2016-02-11,5.1017,5.1981,5.0415,5.1441,5918816
2016-02-12,5.1634,5.2811,5.0728,5.2039,10327080
2016-02-16,5.2714,5.4103,5.1866,5.4007,5744192
2016-02-17,5.4431,5.5935,5.3929,5.5434,6689416
2016-02-18,5.5550,5.7478,5.5299,5.6398,11048148
2016-02-19,5.6360,5.6360,5.3582,5.4373,8529984
2016-02-22,5.5029,5.7151,5.4836,5.6340,6723008
2016-02-23,5.7093,5.7594,5.5897,5.6784,5058816
2016-02-24,5.6746,5.7671,5.4508,5.7652,6417884
2016-02-25,5.7093,5.7980,5.6533,5.7787,6115536
2016-02-26,5.8076,5.9041,5.7729,5.8906,6777032
2016-02-29,5.8713,5.9967,5.7903,5.9446,9401208
2016-03-01,5.9890,6.0256,5.8809,5.9677,8520284
2016-03-02,5.9562,6.1105,5.6244,6.0352,16452524
2016-03-03,6.0487,6.3554,6.0333,6.3091,14195968
2016-03-04,6.2980,6.3546,6.0872,6.0950,10122800
2016-03-07,6.0560,6.1868,5.9291,5.9994,11321304
2016-03-08,6.0287,6.0482,5.8179,5.8784,9307344
2016-03-09,5.9291,6.1614,5.8862,6.1067,10378472
2016-03-10,6.1146,6.1146,5.8433,5.9409,8198040
2016-03-11,5.9604,6.0677,5.9409,6.0014,6478228
2016-03-14,6.0033,6.2512,5.9955,6.1790,6921580
2016-03-15,6.1497,6.1926,5.8491,6.0072,8111464
2016-03-16,6.0794,6.2463,6.0150,6.2277,6249632
2016-03-17,6.2804,6.2882,6.0521,6.1204,12200948
2016-03-18,6.1633,6.3019,6.0092,6.0170,22170760
2016-03-21,6.0345,6.1790,5.8647,6.0209,13434664
2016-03-22,6.0014,6.0092,5.8569,5.8901,8699848
2016-03-23,5.9233,6.0131,5.8647,5.9272,7876720
2016-03-24,5.9213,5.9526,5.7789,5.9077,17851848
2016-03-28,5.6501,6.0404,5.5427,5.8725,32988612
2016-03-29,5.8901,6.2317,5.8550,6.1497,15209956
2016-03-30,6.1614,6.2395,6.0501,6.1985,10088376
2016-03-31,6.2199,6.3292,6.1809,6.1926,8375964
2016-04-01,6.1926,6.1985,5.9935,6.1165,8540136
2016-04-04,6.1263,6.1312,5.9926,6.0365,5967040
2016-04-05,6.0111,6.0658,5.8979,5.9116,7003828
2016-04-06,5.9038,6.0697,5.8140,5.8725,9206192
2016-04-07,5.8764,5.8960,5.6598,5.6832,14690536
2016-04-08,5.7125,5.8296,5.6832,5.7554,8490828
2016-04-11,5.8042,5.9760,5.7994,5.8316,8183824
2016-04-12,5.8550,5.9467,5.7984,5.8725,7840248
2016-04-13,5.9038,6.1672,5.8911,6.1419,8693084
2016-04-14,6.1204,6.1926,5.9740,6.1770,10254592
2016-04-15,6.1965,6.2726,6.1487,6.2043,10344332
2016-04-18,6.2180,6.3214,6.1731,6.2863,7128888
2016-04-19,6.3117,6.3527,6.2678,6.3331,6650728
2016-04-20,6.3409,6.4971,6.3097,6.4190,11015820
2016-04-21,6.4190,6.4580,6.2853,6.3058,10325524
2016-04-22,6.2980,6.4210,6.2814,6.4014,88881884
2016-04-25,6.3780,6.4405,6.3292,6.4014,8251248
2016-04-26,6.3917,6.5059,6.3624,6.5029,7961188
2016-04-27,6.4795,6.5810,6.4600,6.5146,11343292
2016-04-28,6.4737,6.5029,6.3975,6.4210,8580136
2016-04-29,6.4210,6.4444,6.3177,6.4014,8474064
2016-05-02,6.4034,6.4132,6.2356,6.3156,10591184
2016-05-03,6.2863,6.3175,6.1087,6.1087,10560784
2016-05-04,6.0892,6.1165,5.9184,5.9994,11483264
2016-05-05,5.9896,6.0033,5.8491,5.8764,8591224
2016-05-06,5.8960,5.8999,5.7311,5.8725,7822780
2016-05-09,5.8745,5.9500,5.8628,5.8921,7538384
2016-05-10,5.9057,5.9838,5.8571,5.9565,5274980
2016-05-11,5.8843,5.8843,5.6442,5.6988,11997216
2016-05-12,5.7184,5.7350,5.6305,5.6793,8598848
2016-05-13,5.6793,5.7223,5.5447,5.6071,11854536
2016-05-16,5.6130,5.6832,5.5739,5.6637,12104256
2016-05-17,5.6774,5.7379,5.5447,5.5544,12189036
2016-05-18,5.5291,5.5359,5.4217,5.4705,15549224
2016-05-19,5.4725,5.5778,5.3710,5.5720,12569888
2016-05-20,5.5974,5.6091,5.5037,5.5583,9317232
2016-05-23,5.5837,5.6344,5.5251,5.5564,8022860
2016-05-24,5.5408,5.6520,5.4939,5.6013,14090408
2016-05-25,5.6149,5.8238,5.5954,5.8023,18448456
2016-05-26,5.8530,5.9378,5.8335,5.8511,13662508
2016-05-27,5.4725,5.6461,5.3963,5.6208,30233956
2016-05-31,5.6383,5.7281,5.5876,5.6793,39743344
2016-06-01,5.6637,5.6988,5.5525,5.6501,14890976
2016-06-02,5.6559,5.7223,5.6110,5.6383,7872468
2016-06-03,5.6520,5.6696,5.5251,5.5876,8840676
2016-06-06,5.5890,5.6543,5.5444,5.6286,7820628
2016-06-07,5.6325,5.6909,5.6147,5.6266,7283944
2016-06-08,5.6286,5.6582,5.5713,5.5811,7681616
2016-06-09,5.5495,5.5890,5.3666,5.3913,13588996
2016-06-10,5.3281,5.3281,5.1719,5.2450,18090420
2016-06-13,5.2292,5.2727,5.1442,5.1462,9326848
2016-06-14,5.1343,5.1482,5.0118,5.0869,12599320
2016-06-15,5.0810,5.2233,5.0632,5.1660,14506588
2016-06-16,5.1521,5.1758,5.0869,5.1264,8923208
2016-06-17,5.1363,5.2589,5.0968,5.1699,10379208
2016-06-20,5.2292,5.3024,5.2095,5.2193,9123616
2016-06-21,5.2134,5.2292,5.0829,5.1086,6279100
2016-06-22,5.1324,5.1956,5.1027,5.1403,7147088
2016-06-23,5.2253,5.2490,5.1729,5.2055,6076404
2016-06-24,4.9979,5.0869,4.9940,5.0098,7371420
2016-06-27,5.0038,5.1343,4.9781,5.0414,12244696
2016-06-28,5.1067,5.1758,5.0651,5.1501,11525536
2016-06-29,5.2332,5.3320,5.2134,5.2213,9943236
2016-06-30,5.2411,5.2757,5.1432,5.2549,7436868
2016-07-01,5.3142,5.4131,5.2846,5.3498,10531372
2016-07-05,5.3439,5.3498,5.1324,5.1996,8564236
2016-07-06,5.1857,5.2352,5.0869,5.2332,9961260
2016-07-07,5.2431,5.3439,5.1778,5.2055,9082696
2016-07-08,5.2727,5.4151,5.2707,5.4111,8416424
2016-07-11,5.5574,5.6919,5.5456,5.6246,14266704
2016-07-12,5.6780,5.7274,5.6345,5.6820,12099792
2016-07-13,5.7017,5.7729,5.6701,5.7037,11811324
2016-07-14,5.7235,5.7531,5.6266,5.6582,7988328
2016-07-15,5.6938,5.6938,5.5317,5.5337,9874060
2016-07-18,5.5357,6.0102,5.5100,5.9686,31101280
2016-07-19,6.1031,6.1879,5.9330,5.9686,17438520
2016-07-20,5.9528,6.1920,5.9390,6.1525,15084268
2016-07-21,6.1584,6.2968,6.1189,6.1308,18240432
2016-07-22,6.1288,6.1663,6.0596,6.0912,10362056
2016-07-25,6.0339,6.1209,5.9410,6.1051,9008660
2016-07-26,6.0932,6.1881,6.0181,6.1782,10082856
2016-07-27,6.2118,6.2425,6.1487,6.1920,8727068
2016-07-28,6.1683,6.1940,6.0873,6.1624,5688992
2016-07-29,6.1782,6.1782,6.0418,6.1189,6389212
2016-08-01,6.1228,6.1268,5.9667,6.0003,11550424
2016-08-02,6.0418,6.0536,5.7759,5.7808,13683120
2016-08-03,5.7413,5.8975,5.6484,5.8599,9440512
2016-08-04,5.8401,5.9311,5.8184,5.8639,4826320
2016-08-05,5.9093,6.0477,5.8937,5.9390,10449160
2016-08-08,5.9588,6.0082,5.8602,5.8896,8176604
2016-08-09,5.8836,5.9746,5.8322,5.8579,8990536
2016-08-10,5.8520,5.9765,5.8520,5.9607,7003116
2016-08-11,6.0359,6.1624,6.0161,6.1505,9911260
2016-08-12,6.1288,6.2731,6.0932,6.1980,8584584
2016-08-15,6.1901,6.3423,6.1901,6.2731,5722384
2016-08-16,6.2593,6.3166,6.1604,6.1624,6347568
2016-08-17,6.1031,6.1169,6.0299,6.0932,7049848
2016-08-18,6.1149,6.1653,6.0428,6.1624,6320624
2016-08-19,6.1406,6.3107,6.1070,6.2711,8659352
2016-08-22,6.3265,6.3462,6.1803,6.2197,6687664
2016-08-23,6.3324,6.4589,6.2929,6.3443,11360988
2016-08-24,6.3522,6.4075,6.2514,6.2691,10858940
2016-08-25,6.2612,6.3759,6.1841,6.3581,24503884
2016-08-26,5.9746,6.0319,5.6721,5.6820,57973412
2016-08-29,5.6839,5.7274,5.6029,5.7274,17622240
2016-08-30,5.7116,5.7255,5.5890,5.6325,11436356
2016-08-31,5.6306,5.7235,5.5970,5.6128,11312028
2016-09-01,5.6286,5.6499,5.5297,5.5416,8380724
2016-09-02,5.5772,5.6306,5.5436,5.6128,6763216
2016-09-06,5.6108,5.6681,5.5851,5.6088,7776468
2016-09-07,5.6145,5.6545,5.5864,5.6345,6065388
2016-09-08,5.6025,5.6305,5.5584,5.5644,6915420
2016-09-09,5.5965,5.6145,5.4422,5.4442,9941440
2016-09-12,5.4843,5.4843,5.3781,5.4162,14428112
2016-09-13,5.3982,5.4863,5.3701,5.4062,11301448
2016-09-14,5.5344,5.5344,5.3952,5.4142,7417124
2016-09-15,5.3841,5.4617,5.3465,5.4583,8842760
2016-09-16,5.4502,5.4606,5.3881,5.4262,7687564
2016-09-19,5.4863,5.6435,5.4863,5.5884,13399972
2016-09-20,5.6245,5.6445,5.5344,5.5524,7460584
2016-09-21,5.5664,5.6405,5.5504,5.6345,6654892
2016-09-22,5.6666,5.6986,5.5864,5.6626,7159432
2016-09-23,5.6566,5.7247,5.6465,5.6465,5481704
2016-09-26,5.6305,5.6485,5.5364,5.5364,4299552
2016-09-27,5.5384,5.5604,5.4623,5.4943,5772160
2016-09-28,5.4983,5.5794,5.4482,5.5063,4665492
2016-09-29,5.5083,5.5404,5.4332,5.4362,7032556
2016-09-30,5.4843,5.5484,5.4583,5.5264,7155208
2016-10-03,5.5264,5.5804,5.4983,5.5644,6502788
2016-10-04,5.5644,5.5764,5.4142,5.4342,9382984
2016-10-05,5.4623,5.5043,5.3982,5.4482,7764448
2016-10-06,5.4242,5.4282,5.2680,5.3441,14987832
2016-10-07,5.3681,5.3942,5.3020,5.3441,8581564
2016-10-10,5.3761,5.4362,5.3381,5.3741,6398364
2016-10-11,5.3721,5.3801,5.2099,5.2179,8568092
2016-10-12,5.2359,5.3000,5.2079,5.2319,9788476
2016-10-13,5.2079,5.2359,5.0777,5.1017,10721044
2016-10-14,5.1237,5.1458,5.0296,5.0837,12544420
2016-10-17,5.0717,5.1217,4.9375,4.9475,21925920
2016-10-18,5.0016,5.0296,4.9625,4.9715,8277508
2016-10-19,4.9835,5.0096,4.8974,5.0076,9331912
2016-10-20,4.9976,5.0476,4.9895,5.0296,9064500
2016-10-21,5.0256,5.0256,4.9515,5.0096,7012992
2016-10-24,5.0817,5.0817,4.9775,5.0356,7495440
2016-10-25,5.0116,5.0376,4.9384,4.9575,7639728
2016-10-26,4.9535,5.0456,4.8774,4.9615,13295600
2016-10-27,4.9755,4.9887,4.7852,4.8053,10816628
2016-10-28,4.8053,4.8513,4.7452,4.7872,7480260
2016-10-31,4.7973,4.8433,4.7592,4.8173,8606332
2016-11-01,4.8093,4.8093,4.6701,4.7191,9996788
2016-11-02,4.1242,4.3145,4.0261,4.1923,54594084
2016-11-03,4.1603,4.1903,4.1102,4.1723,22235456
2016-11-04,4.1643,4.2504,4.1272,4.1523,12305508
2016-11-07,4.2064,4.3125,4.1563,4.2544,11529104
2016-11-08,4.2344,4.2564,4.1783,4.1883,7536764
2016-11-09,4.1242,4.3285,4.1064,4.3125,6963172
2016-11-10,4.3586,4.5108,4.3486,4.3806,10095280
2016-11-11,4.3686,4.4808,4.3065,4.4708,8789412
2016-11-14,4.4948,4.6651,4.4868,4.6050,8303336
2016-11-15,4.5929,4.6050,4.4447,4.5369,8867168
2016-11-16,4.5128,4.6430,4.4948,4.6190,6826344
2016-11-17,4.6691,4.7071,4.6090,4.6991,4575664
2016-11-18,4.6811,4.7151,4.6120,4.6991,6716064
2016-11-21,4.7131,4.7211,4.6390,4.6991,8943996
2016-11-22,4.7452,4.8493,4.7271,4.8293,14944248
2016-11-23,4.9535,5.2900,4.9355,5.2199,37561044
2016-11-25,5.2359,5.3050,5.1638,5.1718,9253284
2016-11-28,5.2079,5.2079,4.9585,5.0376,11262684
2016-11-29,5.0527,5.0893,4.9511,4.9795,9284344
2016-11-30,4.9734,5.0507,4.9307,5.0202,12765024
2016-12-01,5.0141,5.0873,4.9714,5.0100,5765428
2016-12-02,5.0039,5.0487,4.9063,4.9348,6291344
2016-12-05,4.9694,5.0588,4.9348,4.9856,9341192
2016-12-06,5.0121,5.0690,4.9999,5.0609,6032100
2016-12-07,5.1178,5.3089,5.1158,5.2744,11197084
2016-12-08,5.2866,5.3221,5.1930,5.2805,12400904
2016-12-09,5.2662,5.3537,5.2398,5.2906,9806668
2016-12-12,5.2988,5.3821,5.2398,5.3720,8584756
2016-12-13,5.3903,5.4584,5.3537,5.3659,9597372
2016-12-14,5.3557,5.3720,5.1212,5.1402,9493172
2016-12-15,5.1381,5.2276,5.1036,5.1524,7859432
2016-12-16,5.1544,5.2215,5.1422,5.1686,13533176
2016-12-19,5.1666,5.2683,5.1666,5.2662,5266744
2016-12-20,5.2581,5.3191,5.2540,5.3110,4126608
2016-12-21,5.3008,5.3964,5.2561,5.3659,7518116
2016-12-22,5.3618,5.3618,5.0914,5.0954,9185852
2016-12-23,5.1971,5.2886,5.1483,5.1666,7909840
2016-12-27,5.1666,5.2866,5.1646,5.2764,6384688
2016-12-28,5.2439,5.2764,5.0995,5.1381,6864508
2016-12-29,5.1320,5.2378,5.1320,5.1524,6859376
2016-12-30,5.1686,5.2357,5.1269,5.1361,6989400
2017-01-03,5.1727,5.1788,5.0869,5.1585,7765404
2017-01-04,5.2012,5.2967,5.2012,5.2703,8974180
2017-01-05,5.1971,5.1971,5.0629,5.0832,12150468
2017-01-06,5.1137,5.1178,4.9816,4.9856,9337448
2017-01-09,5.0019,5.0141,4.9470,4.9795,6586712
2017-01-10,4.9856,5.1025,4.9694,5.0100,8972468
2017-01-11,5.0304,5.1097,4.9816,5.0039,10173632
2017-01-12,5.0039,5.0710,4.9978,5.0263,10572604
2017-01-13,4.5322,4.7152,4.5283,4.6217,59293824
2017-01-17,4.6237,4.8291,4.6115,4.7457,19933528
2017-01-18,4.7376,4.8016,4.6562,4.7762,8726412
2017-01-19,4.7843,4.8169,4.7132,4.7396,8009612
2017-01-20,4.7701,4.8052,4.7437,4.7945,10264456
2017-01-23,4.8128,4.8799,4.7681,4.8657,8744344
2017-01-24,4.8677,4.9104,4.8230,4.8535,11402384
2017-01-25,4.8799,4.9246,4.8657,4.9145,7550892
2017-01-26,4.9307,5.0202,4.9045,4.9246,12641328
2017-01-27,4.9368,4.9816,4.8718,4.9429,10677480
2017-01-30,4.9043,4.9267,4.8484,4.9165,6925132
2017-01-31,4.8758,4.9897,4.8514,4.9795,6387776
2017-02-01,4.9795,5.0090,4.8962,4.9409,7011776
2017-02-02,4.9592,4.9978,4.9348,4.9572,6607264
2017-02-03,4.9511,5.0629,4.9368,5.0304,8970740
2017-02-06,5.0304,5.0720,4.9856,5.0182,6818228
2017-02-07,5.0222,5.0822,4.9836,5.0080,8718244
2017-02-08,4.9999,5.0537,4.9890,5.0405,5553432
2017-02-09,5.0568,5.1646,5.0324,5.1625,5953192
2017-02-10,5.1890,5.2357,5.1422,5.2174,6083976
2017-02-13,5.2357,5.2560,5.1432,5.1585,5883412
2017-02-14,5.1381,5.2601,5.1341,5.2337,6171264
2017-02-15,5.2357,5.3028,5.1930,5.2418,8587736
2017-02-16,5.2256,5.2622,5.1442,5.1686,7183340
2017-02-17,5.1585,5.2062,5.1424,5.1991,4967004
2017-02-21,5.2540,5.3374,5.2357,5.3313,10881168
2017-02-22,5.3272,5.3476,5.2906,5.3394,5512476
2017-02-23,5.3516,5.3557,5.1890,5.1971,9848748
2017-02-24,5.1951,5.3882,5.1747,5.3435,7967152
2017-02-27,5.3293,5.4248,5.2215,5.3923,9205468
2017-02-28,5.3537,5.3537,4.7925,4.9694,31029412
2017-03-01,4.9958,5.0690,4.9368,4.9775,13365948
2017-03-02,4.9755,5.1036,4.9714,5.0792,9901472
2017-03-03,5.0954,5.1483,5.0853,5.1402,7324208
2017-03-06,5.1402,5.1442,5.0243,5.0649,9102240
2017-03-07,5.0405,5.0568,4.9653,5.0161,9258304
2017-03-08,5.0324,5.1168,5.0039,5.0832,9521648
2017-03-09,5.0832,5.1320,5.0466,5.0832,9594980
2017-03-10,5.0836,5.2219,5.0836,5.1971,12197452
2017-03-13,5.1125,5.1187,4.9762,4.9928,15760316
2017-03-14,4.9907,5.0846,4.9535,5.0691,7400216
2017-03-15,5.0898,5.1145,5.0155,5.0918,11586184
2017-03-16,5.0753,5.0774,4.9618,5.0072,12536292
2017-03-17,5.0134,5.0918,4.9948,5.0856,21716448
2017-03-20,5.0898,5.1269,4.9030,4.9288,16464872
2017-03-21,4.9597,4.9824,4.8318,4.9556,11403892
2017-03-22,4.9577,4.9762,4.9040,4.9721,8170008
2017-03-23,4.9845,5.0444,4.9123,4.9453,18648832
2017-03-24,4.4107,4.4499,4.2642,4.2724,63773464
2017-03-27,4.1961,4.3529,4.1775,4.3034,27849196
2017-03-28,4.3096,4.4953,4.2786,4.4830,17114340
2017-03-29,4.4953,4.5696,4.4520,4.5304,13033224
2017-03-30,4.5201,4.6419,4.5119,4.6357,8889360
2017-03-31,4.6357,4.6935,4.6171,4.6543,11736716
2017-04-03,4.6481,4.6687,4.5232,4.5407,10836484
2017-04-04,4.5284,4.5841,4.4871,4.5366,8947464
2017-04-05,4.5800,4.6006,4.4871,4.4912,8675688
2017-04-06,4.5325,4.5758,4.4871,4.5077,13184736
2017-04-07,4.5036,4.5451,4.4541,4.4706,15018168
2017-04-10,4.4582,4.5655,4.4499,4.5160,9381056
2017-04-11,4.4995,4.5717,4.4747,4.5635,10873448
2017-04-12,4.5779,4.5779,4.5139,4.5552,7532444
2017-04-13,4.5531,4.6316,4.5366,4.6192,14654432
2017-04-17,4.6336,4.7368,4.6233,4.7244,14217808
2017-04-18,4.7141,4.7430,4.6666,4.7141,7945108
2017-04-19,4.7306,4.7740,4.6976,4.7017,6721880
2017-04-20,4.7368,4.8349,4.7368,4.7864,7626392
2017-04-21,4.7967,4.8029,4.7348,4.7864,7067400
2017-04-24,4.8297,4.8483,4.7389,4.7926,10865660
2017-04-25,4.8132,4.8483,4.7678,4.8297,5767840
2017-04-26,4.8338,4.9484,4.8111,4.8813,8846596
2017-04-27,4.8854,4.8937,4.7554,4.7678,11881392
2017-04-28,4.7657,4.7657,4.6378,4.6832,12417288
2017-05-01,4.6997,4.7967,4.6563,4.7017,10979308
2017-05-02,4.7121,4.8607,4.6935,4.8380,7152612
2017-05-03,4.8421,4.9535,4.8256,4.9473,12511300
2017-05-04,4.9494,4.9824,4.8565,4.8648,5855804
2017-05-05,4.8916,4.9556,4.8669,4.9535,4684252
2017-05-08,4.9535,5.0505,4.9205,5.0320,8862788
2017-05-09,5.0217,5.1063,4.9721,5.0547,7801808
2017-05-10,5.0650,5.1868,5.0444,5.1496,9637080
2017-05-11,5.1826,5.2239,5.0031,5.0258,12190792
2017-05-12,5.0113,5.0258,4.9081,4.9597,7281044
2017-05-15,4.9824,5.0939,4.9742,5.0278,8557540
2017-05-16,5.0217,5.0588,4.9329,5.0505,8138856
2017-05-17,4.9845,5.0320,4.9019,4.9205,8830848
2017-05-18,4.9412,4.9639,4.8545,4.9081,6992760
2017-05-19,4.9123,5.0165,4.8669,4.9989,10679304
2017-05-22,5.0258,5.0773,4.9618,4.9639,9823500
2017-05-23,5.0299,5.0299,4.6708,4.6770,22539228
2017-05-24,4.6666,4.7203,4.6295,4.6873,9795824
2017-05-25,4.8710,4.8854,4.6914,4.8751,30795396
2017-05-26,4.5655,4.6254,4.3859,4.5862,56847988
2017-05-30,4.5779,4.7327,4.5759,4.6584,22719672
2017-05-31,4.6728,4.6842,4.5180,4.5696,21625816
2017-06-01,4.5717,4.7389,4.5635,4.7017,14764104
2017-06-02,4.6914,4.7017,4.6130,4.6790,9388592
2017-06-05,4.6700,4.7371,4.6091,4.7182,7823792
2017-06-06,4.6700,4.6931,4.5944,4.5965,12421540
2017-06-07,4.6091,4.6616,4.5818,4.6259,8619896
2017-06-08,4.6490,4.7078,4.4769,4.4853,14475084
2017-06-09,4.4769,4.6353,4.4706,4.6196,11822956
2017-06-12,4.6049,4.6490,4.5314,4.5566,13128520
2017-06-13,4.5713,4.6532,4.5273,4.6133,7673432
2017-06-14,4.6091,4.6091,4.4601,4.5398,9916296
2017-06-15,4.5168,4.5440,4.4370,4.4538,9284544
2017-06-16,4.4328,4.4433,4.3027,4.3216,14731976
2017-06-19,4.3342,4.4013,4.2712,4.3656,8534832
2017-06-20,4.3488,4.3607,4.2964,4.3321,7184736
2017-06-21,4.3363,4.3971,4.2586,4.2943,8776816
2017-06-22,4.3006,4.3625,4.2901,4.3111,16845768
2017-06-23,4.2964,4.3363,4.2525,4.3342,6991204
2017-06-26,4.3384,4.4433,4.3363,4.4349,9228688
2017-06-27,4.4223,4.5115,4.4160,4.4874,6990436
2017-06-28,4.5126,4.5671,4.4979,4.5147,12645748
2017-06-29,4.5252,4.5713,4.4664,4.5356,6932812
2017-06-30,4.5650,4.5755,4.4884,4.5356,4604516
2017-07-03,4.5692,4.6175,4.5252,4.5335,5637552
2017-07-05,4.5252,4.5566,4.4874,4.5147,10736680
2017-07-06,4.4853,4.5210,4.4223,4.4328,6034276
2017-07-07,4.4391,4.4664,4.3782,4.3887,7423716
2017-07-10,4.3845,4.4118,4.3635,4.3845,6586120
2017-07-11,4.3992,4.4213,4.3677,4.3992,4670620
2017-07-12,4.4391,4.4622,4.4034,4.4055,4350060
2017-07-13,4.4580,4.4979,4.4160,4.4412,6997748
2017-07-14,4.4601,4.4753,4.4013,4.4118,4919460
2017-07-17,4.4139,4.5294,4.4034,4.4664,6917028
2017-07-18,4.4874,4.4895,4.4034,4.4265,4412788
2017-07-19,4.4391,4.5063,4.4202,4.4811,3891616
2017-07-20,4.4706,4.4790,4.4286,4.4286,7422092
2017-07-21,4.4370,4.4454,4.3488,4.3614,14303568
2017-07-24,4.3447,4.4066,4.3342,4.3656,6337268
2017-07-25,4.4055,4.4853,4.3950,4.4622,8421900
2017-07-26,4.4664,4.4763,4.3971,4.4160,7081384
2017-07-27,4.4265,4.5661,4.4139,4.5545,15353664
2017-07-28,4.5419,4.5606,4.4916,4.5126,4938624
2017-07-31,4.5231,4.5671,4.4937,4.5524,5486344
2017-08-01,4.5524,4.5524,4.4370,4.4832,12238128
2017-08-02,4.4748,4.5377,4.4647,4.4874,4464256
2017-08-03,4.4748,4.5797,4.4748,4.5461,4193368
2017-08-04,4.5713,4.6406,4.5519,4.6028,4547416
2017-08-07,4.6049,4.6710,4.5808,4.6532,5110372
2017-08-08,4.6595,4.6952,4.5965,4.6049,5692956
2017-08-09,4.5650,4.6427,4.5377,4.6343,6013924
2017-08-10,4.5986,4.5986,4.5042,4.5063,6085120
2017-08-11,4.4580,4.5818,4.4223,4.5671,6477028
2017-08-14,4.6070,4.6154,4.5577,4.5860,6135640
2017-08-15,4.5545,4.5692,4.3614,4.3929,15553504
2017-08-16,4.4328,4.5105,4.4244,4.4895,9757604
2017-08-17,4.4853,4.5461,4.4076,4.4286,7758424
2017-08-18,4.4181,4.4769,4.4013,4.4538,8493832
2017-08-21,4.4412,4.4832,4.4013,4.4034,6534268
2017-08-22,4.4328,4.5524,4.4265,4.5419,9893556
2017-08-23,4.5314,4.5797,4.4517,4.5084,9731676
2017-08-24,4.5650,4.6427,4.5440,4.5713,16887816
2017-08-25,4.1767,4.1851,3.9291,4.0718,82002948
2017-08-28,4.0739,4.1348,3.9794,4.0193,20875264
2017-08-29,3.9732,4.0025,3.9123,3.9354,18664076
2017-08-30,3.9354,3.9815,3.9207,3.9438,8840364
2017-08-31,3.9522,3.9606,3.8766,3.8829,10518228
2017-09-01,3.9039,3.9627,3.9039,3.9186,9378576
2017-09-05,3.9228,3.9794,3.8944,3.9753,10615232
2017-09-06,3.9878,4.0613,3.9857,4.0592,11683268
2017-09-07,4.0725,4.1410,4.0276,4.0361,11212048
2017-09-08,4.0361,4.1089,4.0126,4.1004,8876748
2017-09-11,4.1132,4.1646,4.0961,4.1111,8818568
2017-09-12,4.1239,4.2695,4.1132,4.1817,13389104
2017-09-13,4.1967,4.2909,4.1860,4.2866,7023428
2017-09-14,4.2952,4.3466,4.2588,4.2995,7684916
2017-09-15,4.2973,4.3766,4.2824,4.3444,10021476
2017-09-18,4.3659,4.4172,4.3038,4.3188,8383480
2017-09-19,4.3188,4.3380,4.2652,4.3230,5442304
2017-09-20,4.3102,4.3220,4.2834,4.3038,4860192
2017-09-21,4.2824,4.3230,4.2545,4.2588,5662984
2017-09-22,4.2545,4.2900,4.2524,4.2845,4004300
2017-09-25,4.2888,4.3830,4.2845,4.3766,4635088
2017-09-26,4.4001,4.4472,4.3552,4.4215,8521064
2017-09-27,4.4494,4.4900,4.3894,4.4644,8193508
2017-09-28,4.4558,4.4815,4.4130,4.4515,6883732
2017-09-29,4.4536,4.4644,4.3937,4.4237,6262968
2017-10-02,4.4215,4.4280,4.3573,4.3830,6238728
2017-10-03,4.3894,4.3916,4.3016,4.3273,5560752
2017-10-04,4.3016,4.3444,4.2888,4.3359,4735204
2017-10-05,4.3466,4.3958,4.3295,4.3937,4584316
2017-10-06,4.3701,4.3873,4.2866,4.2866,6605280
2017-10-09,4.2973,4.3348,4.2802,4.3145,7199740
2017-10-10,4.3230,4.3434,4.2716,4.3316,7052776
2017-10-11,4.3295,4.3295,4.1667,4.1946,9235416
2017-10-12,4.1946,4.2160,4.1368,4.1753,7103100
2017-10-13,4.2053,4.2342,4.1774,4.2203,4371796
2017-10-16,4.2160,4.2181,4.1111,4.1560,6058880
2017-10-17,4.1667,4.2181,4.1432,4.2096,5004384
2017-10-18,4.2224,4.3016,4.2010,4.2931,7648828
2017-10-19,4.2845,4.3145,4.2674,4.2931,5086568
2017-10-20,4.3102,4.3509,4.2909,4.3102,6760996
2017-10-23,4.3123,4.4001,4.3123,4.3423,6814268
2017-10-24,4.3723,4.3851,4.2695,4.2738,6804780
2017-10-25,4.2738,4.2824,4.1410,4.2010,9454256
2017-10-26,4.1860,4.2267,4.1260,4.1774,8568780
2017-10-27,4.1539,4.1646,4.0511,4.1410,8920804
2017-10-30,4.1603,4.1689,3.9826,4.0190,9007448
2017-10-31,4.0447,4.0768,3.9804,4.0019,8775448
2017-11-01,3.9976,4.0575,3.9676,3.9826,9954896
2017-11-02,3.9826,3.9826,3.9012,3.9633,11617736
2017-11-03,3.9612,3.9719,3.8755,3.8755,8077348
2017-11-06,3.8691,3.8991,3.7920,3.8177,12195976
2017-11-07,3.8284,3.8520,3.6550,3.6636,11377640
2017-11-08,3.6764,3.7021,3.6357,3.6828,8647416
2017-11-09,3.6700,3.8509,3.6636,3.7599,11451476
2017-11-10,3.7299,3.7299,3.4730,3.5180,23147780
2017-11-13,3.5180,3.6057,3.4066,3.4687,17498528
2017-11-14,3.4473,3.5072,3.3938,3.4666,14071132
2017-11-15,3.4430,3.5319,3.3938,3.4259,15285892
2017-11-16,3.4280,3.5950,3.4280,3.4644,19422336
2017-11-17,3.4923,3.5501,3.4580,3.4923,12771260
2017-11-20,3.5115,3.5244,3.4323,3.5201,15176468
2017-11-21,3.5329,3.5940,3.4816,3.5822,36533736
2017-11-22,3.8220,4.0040,3.7042,3.7192,80545428
2017-11-24,3.7321,3.8927,3.7149,3.7299,25897372
2017-11-27,3.7663,3.8948,3.7663,3.8905,23381628
2017-11-28,3.8905,4.0811,3.8905,4.0725,23533672
2017-11-29,4.0875,4.2160,4.0811,4.1796,25907344
2017-11-30,4.1987,4.2244,4.0851,4.0961,20092984
2017-12-01,4.0917,4.1856,4.0371,4.1004,15327612
2017-12-04,4.1594,4.3386,4.1485,4.2381,17445096
2017-12-05,4.2665,4.2927,4.1398,4.2097,12323748
2017-12-06,4.2097,4.2271,4.1343,4.1529,9716944
2017-12-07,4.1485,4.1835,4.0644,4.0699,13110396
2017-12-08,4.0786,4.2326,4.0786,4.1944,12565272
2017-12-11,4.2119,4.2287,4.0786,4.1660,14611096
2017-12-12,4.1835,4.2151,4.1419,4.1747,10134488
2017-12-13,4.1725,4.1856,4.0644,4.0786,12345888
2017-12-14,4.0895,4.1354,4.0065,4.0152,11274800
2017-12-15,4.0415,4.0589,3.9694,4.0065,15500780
2017-12-18,4.0415,4.0961,4.0196,4.0764,12825752
2017-12-19,4.0830,4.1070,4.0131,4.0174,9017188
2017-12-20,4.0327,4.0699,3.9781,3.9868,9217980
2017-12-21,3.9628,4.0349,3.9344,4.0305,11447052
2017-12-22,4.0262,4.0480,3.9868,3.9956,8342544
2017-12-26,3.9956,4.1900,3.9912,4.0436,12936928
2017-12-27,4.0436,4.0567,3.9759,3.9868,7351884
2017-12-28,3.9912,3.9934,3.9366,3.9694,7757596
2017-12-29,3.9825,4.0043,3.9191,3.9213,8255516
2018-01-02,3.9235,3.9956,3.8842,3.9890,11330900
2018-01-03,3.9956,4.0131,3.9148,3.9759,15156756
2018-01-04,3.9759,4.0152,3.9235,4.0021,11125364
2018-01-05,4.0152,4.0917,3.9803,4.0808,12075956
2018-01-08,4.1070,4.2381,4.1070,4.2009,14673604
2018-01-09,4.2184,4.3145,4.2184,4.2708,14650464
2018-01-10,4.2359,4.3517,4.2228,4.2992,16051196
2018-01-11,4.3517,4.4369,4.3189,4.3604,16852312
2018-01-12,4.0415,4.0502,3.8514,3.8798,61775748
2018-01-16,3.9322,3.9934,3.7225,3.7487,31409840
2018-01-17,3.7662,3.8689,3.7509,3.8230,17026656
2018-01-18,3.8164,3.9169,3.7596,3.9016,17060372
2018-01-19,3.9082,3.9715,3.8776,3.9606,12775820
2018-01-22,3.9803,3.9912,3.8164,3.8339,20939016
2018-01-23,3.8274,3.8381,3.7509,3.8012,14513848
2018-01-24,3.8012,3.8121,3.6548,3.7094,16295404
2018-01-25,3.7094,3.7218,3.6286,3.6788,10807016
2018-01-26,3.6832,3.7334,3.6286,3.7269,13395216
2018-01-29,3.7247,3.7575,3.6703,3.7465,12618932
2018-01-30,3.7312,3.7618,3.6832,3.7291,7544036
2018-01-31,3.7444,3.7728,3.6471,3.6723,10996724
2018-02-01,3.6482,3.7149,3.6198,3.6395,11748396
2018-02-02,3.6176,3.6395,3.5434,3.5456,13014120
2018-02-05,3.5259,3.5434,3.4167,3.4189,16524300
2018-02-06,3.3555,3.5783,3.2989,3.5259,19848816
2018-02-07,3.5303,3.6417,3.5281,3.5980,17654168
2018-02-08,3.5936,3.6155,3.4429,3.4582,17146932
2018-02-09,3.4909,3.5674,3.4232,3.5325,22563504
2018-02-12,3.5587,3.5674,3.4123,3.4516,9727336
2018-02-13,3.4429,3.4647,3.3839,3.4036,9853724
2018-02-14,3.4036,3.5827,3.3926,3.5434,12863556
2018-02-15,3.5609,3.6045,3.5467,3.5849,9052260
2018-02-16,3.6089,3.7072,3.5499,3.5827,10824336
2018-02-20,3.5609,3.5652,3.4462,3.4647,9959068
2018-02-21,3.4735,3.5412,3.4210,3.4276,12124808
2018-02-22,3.4538,3.4796,3.4014,3.4123,9808972
2018-02-23,3.4494,3.4931,3.4232,3.4888,10321124
2018-02-26,3.4953,3.5171,3.4604,3.5128,11084980
2018-02-27,3.5172,3.6242,3.4014,3.4014,17893500
2018-02-28,3.4189,3.4844,3.4036,3.4276,18948016
2018-03-01,3.4494,3.5456,3.4429,3.4888,12529848
2018-03-02,3.4803,3.5765,3.4400,3.5630,14215616
2018-03-05,3.5496,3.6033,3.5071,3.5899,16944376
2018-03-06,3.5899,3.6167,3.5340,3.5921,10643520
2018-03-07,3.5451,3.6167,3.5429,3.5653,11958244
2018-03-08,3.5675,3.5898,3.4624,3.4982,11900016
2018-03-09,3.5094,3.5541,3.4691,3.5451,15879532
2018-03-12,3.5451,3.5809,3.4669,3.4780,15512328
2018-03-13,3.4959,3.5798,3.4848,3.4915,11566192
2018-03-14,3.5161,3.5384,3.4512,3.4579,10072396
2018-03-15,3.4669,3.4937,3.4132,3.4244,7467872
2018-03-16,3.4311,3.5026,3.4255,3.4490,20335984
2018-03-19,3.4087,3.4467,3.3013,3.3125,15904560
2018-03-20,3.3148,3.3438,3.2096,3.2365,17135892
2018-03-21,3.2007,3.2320,3.1336,3.1358,17644944
2018-03-22,3.1179,3.1515,3.0397,3.0933,17769184
2018-03-23,3.1135,3.1179,3.0173,3.0195,15246752
2018-03-26,3.0643,3.1515,3.0385,3.1403,20062712
2018-03-27,3.1470,3.1783,3.0808,3.1045,17923600
2018-03-28,3.1314,3.2007,3.0889,3.1649,30536160
2018-03-29,2.8294,2.9077,2.7288,2.8227,101847264
2018-04-02,2.7981,2.9703,2.7959,2.8674,44519816
2018-04-03,2.8272,2.9356,2.8182,2.9099,22990144
2018-04-04,2.8674,3.0150,2.8428,2.9837,25534836
2018-04-05,2.9860,3.0486,2.9681,3.0329,20562336
2018-04-06,3.0016,3.0553,2.9614,3.0039,16953112
2018-04-09,3.0218,3.0777,3.0039,3.0150,22815056
2018-04-10,3.0598,3.0989,3.0218,3.0598,23175268
2018-04-11,3.0464,3.1269,3.0419,3.0956,17135848
2018-04-12,3.1000,3.1023,3.0128,3.0486,12457488
2018-04-13,3.0710,3.1179,3.0307,3.0441,12754764
2018-04-16,3.0710,3.1090,3.0419,3.0889,12910880
2018-04-17,3.1068,3.1716,3.0956,3.1179,17156752
2018-04-18,3.1291,3.1381,3.0419,3.0553,14294296
2018-04-19,3.0553,3.0821,3.0083,3.0240,10030104
2018-04-20,3.0128,3.0285,2.8652,2.8808,24803256
2018-04-23,2.8853,2.9860,2.8853,2.9524,14772172
2018-04-24,2.9726,3.0508,2.9334,2.9994,14455156
2018-04-25,2.9860,3.0486,2.9726,3.0106,14572168
2018-04-26,3.0419,3.1045,3.0083,3.0575,12848172
2018-04-27,3.0598,3.1112,3.0419,3.1000,10002964
2018-04-30,3.1246,3.1314,3.0329,3.0531,12607676
2018-05-01,3.0374,3.1068,3.0128,3.0978,9638748
2018-05-02,3.1000,3.1023,2.9860,3.0083,12727296
2018-05-03,3.0016,3.0173,2.8630,2.8697,20365684
2018-05-04,2.8697,2.9256,2.8495,2.9077,19613756
2018-05-07,2.9122,2.9142,2.8574,2.8831,12474080
2018-05-08,2.8719,2.8943,2.8070,2.8607,15356148
2018-05-09,2.8674,2.8987,2.8205,2.8920,15011568
2018-05-10,2.8987,2.9524,2.8808,2.9144,12473920
2018-05-11,2.8182,2.8719,2.7880,2.8428,22028648
2018-05-14,2.8383,3.0150,2.8205,2.9658,23629448
2018-05-15,2.9636,3.0441,2.9591,3.0218,15160636
2018-05-16,3.0754,3.1045,2.9815,3.0307,26939512
2018-05-17,3.0195,3.0799,3.0150,3.0464,11648260
2018-05-18,3.0262,3.0262,2.7411,2.7869,40947444
2018-05-21,2.8003,2.8820,2.7936,2.8585,20262852
2018-05-22,2.8585,2.8876,2.8048,2.8339,18169648
2018-05-23,2.8048,2.8518,2.7824,2.8451,12640264
2018-05-24,2.8137,2.8585,2.7847,2.8495,12308092
2018-05-25,2.8540,2.8630,2.8137,2.8339,9775984
2018-05-29,2.8137,2.9323,2.8070,2.9189,16962648
2018-05-30,2.9301,3.0419,2.8831,3.0016,19965372
2018-05-31,3.0150,3.0397,2.9010,2.9524,25862228
2018-06-01,2.8630,3.0687,2.8607,3.0687,103295152
2018-06-04,3.0844,3.1873,3.0061,3.1850,29186344
2018-06-05,3.1850,3.2767,3.1314,3.2656,22780260
2018-06-06,3.2834,3.2857,3.1873,3.2253,20572280
2018-06-07,3.2432,3.2767,3.2135,3.2410,12854564
2018-06-08,3.2499,3.2700,3.2219,3.2499,20122036
2018-06-11,3.2491,3.2904,3.2284,3.2812,18871140
2018-06-12,3.2881,3.2996,3.2261,3.2261,13523812
2018-06-13,3.2077,3.2077,2.9965,3.0608,35295304
2018-06-14,3.0539,3.0585,2.9161,2.9506,30126616
2018-06-15,2.9299,3.2973,2.9299,3.2054,52570788
2018-06-18,3.2031,3.6233,3.0700,3.4902,95129752
2018-06-19,3.5246,3.6187,3.4672,3.6165,40561324
2018-06-20,3.6233,3.6302,3.5177,3.6073,20656780
2018-06-21,3.6302,3.6693,3.5568,3.5659,14248568
2018-06-22,3.5705,3.6015,3.4695,3.5636,47536608
2018-06-25,3.5384,3.6096,3.4305,3.4695,10738972
2018-06-26,3.4879,3.4902,3.3731,3.4374,10790056
2018-06-27,3.4442,3.4833,3.3478,3.3524,9022876
2018-06-28,3.3501,3.4190,3.3271,3.4167,7620808
2018-06-29,3.4419,3.4603,3.3317,3.3455,13604236
2018-07-02,3.3501,3.3754,3.2215,3.2514,14884176
2018-07-03,3.2537,3.2858,3.2146,3.2261,5157204
2018-07-05,3.2330,3.3754,3.2238,3.3593,18887208
2018-07-06,3.3685,3.4971,3.3616,3.4787,16204424
2018-07-09,3.5751,3.5878,3.4821,3.5522,15678268
2018-07-10,3.5659,3.5682,3.4006,3.4121,11666840
2018-07-11,3.3914,3.4052,3.3202,3.3754,9150748
2018-07-12,3.3868,3.4718,3.3845,3.4649,7703668
2018-07-13,3.4419,3.5499,3.4419,3.5085,9328824
2018-07-16,3.5062,3.5315,3.4569,3.4948,7226052
2018-07-17,3.4833,3.5407,3.3386,3.3478,12180356
2018-07-18,3.3524,3.3639,3.2870,3.3478,8198668
2018-07-19,3.3478,3.4511,3.3294,3.4259,6913568
2018-07-20,3.4236,3.4925,3.4167,3.4626,8591404
2018-07-23,3.4557,3.4649,3.3937,3.4190,7335272
2018-07-24,3.4396,3.4396,3.3662,3.3937,6170756
2018-07-25,3.3731,3.3763,3.2720,3.3317,13380036
2018-07-26,3.3317,3.4534,3.3294,3.4006,6757388
2018-07-27,3.4236,3.4374,3.3409,3.4052,5658020
2018-07-30,3.4167,3.4396,3.3501,3.3754,6311776
2018-07-31,3.3799,3.3822,3.3088,3.3088,11029940
2018-08-01,3.3111,3.4167,3.3065,3.3822,8318796
2018-08-02,3.3547,3.3926,3.3088,3.3570,10116368
2018-08-03,3.3731,3.4213,3.3524,3.4098,10228952
2018-08-06,3.4167,3.4396,3.3845,3.4121,8300196
2018-08-07,3.4259,3.4936,3.4029,3.4718,7813724
2018-08-08,3.4718,3.5166,3.4465,3.5016,8715468
2018-08-09,3.5016,3.5499,3.4396,3.4925,9370924
2018-08-10,3.4856,3.5820,3.4672,3.5177,9666664
2018-08-13,3.5246,3.5315,3.4695,3.4925,8403788
2018-08-14,3.5062,3.5751,3.4890,3.5590,7813652
2018-08-15,3.5499,3.5579,3.4879,3.5407,8390444
2018-08-16,3.5682,3.5728,3.4936,3.4948,6878948
2018-08-17,3.4833,3.5246,3.4419,3.5200,6533040
2018-08-20,3.5361,3.6693,3.5246,3.6394,14427612
2018-08-21,3.6739,3.8047,3.6337,3.7864,20773212
2018-08-22,3.7978,3.9655,3.7910,3.8989,26421172
2018-08-23,3.8989,3.9517,3.8162,3.8484,14334028
2018-08-24,3.8484,3.8667,3.7198,3.8001,18102200
2018-08-27,3.7818,3.7887,3.3409,3.3777,58776440
2018-08-28,3.3777,3.3868,3.2146,3.2215,27268040
2018-08-29,3.2468,3.2835,3.1572,3.2422,16398324
2018-08-30,3.2123,3.2123,3.1044,3.1182,15733788
2018-08-31,3.1251,3.1297,3.0263,3.0470,14895932
2018-09-04,3.0240,3.2376,3.0034,3.2261,23740128
2018-09-05,3.2077,3.7956,3.2054,3.7336,69875312
2018-09-06,3.7083,3.7313,3.4626,3.7060,27108652
2018-09-07,3.5016,3.7611,3.3891,3.7037,27182900
2018-09-10,3.7106,3.7542,3.6440,3.6739,10910796
2018-09-11,3.6739,3.8116,3.6739,3.7106,11164332
2018-09-12,3.7129,3.8484,3.7129,3.8254,13584512
2018-09-13,3.8369,3.9127,3.8139,3.9127,14758820
2018-09-14,3.8966,3.9035,3.7806,3.8553,12022164
2018-09-17,3.9247,3.9599,3.8753,3.9012,8927940
2018-09-18,3.8566,3.9176,3.8389,3.8753,7147320
2018-09-19,3.8753,3.9458,3.8636,3.8988,7192972
2018-09-20,3.8988,3.9482,3.8636,3.8730,6416212
2018-09-21,3.8636,3.9341,3.8601,3.8800,12163736
2018-09-24,3.8566,3.8566,3.6381,3.6452,14310656
2018-09-25,3.6734,3.7790,3.5935,3.7626,8250144
2018-09-26,3.7908,3.7908,3.6487,3.6616,7605232
2018-09-27,3.6827,3.6992,3.6229,3.6522,8096752
2018-09-28,3.6499,3.7223,3.5677,3.5865,10099372
2018-10-01,3.5888,3.6499,3.5183,3.5888,16239036
2018-10-02,3.5630,3.5958,3.4855,3.4925,11512804
2018-10-03,3.5230,3.5630,3.4643,3.5042,8054572
2018-10-04,3.5160,3.5512,3.4561,3.4808,6086296
2018-10-05,3.4831,3.5066,3.4244,3.4479,9294700
2018-10-08,3.4549,3.5677,3.4432,3.5183,9040296
2018-10-09,3.5066,3.6287,3.4526,3.4667,9622844
2018-10-10,3.4784,3.5630,3.4784,3.4831,7850556
2018-10-11,3.4737,3.5465,3.4408,3.4432,8383888
2018-10-12,3.4996,3.5583,3.4526,3.4761,7710340
2018-10-15,3.4784,3.5395,3.4714,3.4949,6000456
2018-10-16,3.5160,3.5935,3.4702,3.5911,8160832
2018-10-17,3.5911,3.6358,3.4714,3.5982,7991476
2018-10-18,3.5935,3.6217,3.4996,3.5371,5914388
2018-10-19,3.4925,3.5230,3.3986,3.4596,12424080
2018-10-22,3.4808,3.5747,3.4502,3.5512,9221900
2018-10-23,3.5207,3.5958,3.4737,3.5865,9580272
2018-10-24,3.5935,3.6640,3.5395,3.5395,8965264
2018-10-25,3.5512,3.5700,3.3539,3.3915,9096316
2018-10-26,3.3892,3.3892,3.2036,3.2201,10044524
2018-10-29,3.2506,3.5125,3.2341,3.4126,12675508
2018-10-30,3.4220,3.5490,3.3821,3.4455,8376288
2018-10-31,3.4784,3.4808,3.3499,3.4291,6955756
2018-11-01,3.4314,3.6052,3.4291,3.6052,11017372
2018-11-02,3.6217,3.7004,3.5677,3.6663,6662484
2018-11-05,3.6522,3.6546,3.4972,3.5207,7214508
2018-11-06,3.5113,3.5348,3.4831,3.5113,7581360
2018-11-07,3.5230,3.5348,3.4408,3.4996,8177396
2018-11-08,3.4996,3.5277,3.4714,3.4902,8557728
2018-11-09,3.4573,3.4761,3.3622,3.4385,6686144
2018-11-12,3.4432,3.4714,3.2553,3.2600,9600704
2018-11-13,3.2647,3.3293,3.2365,3.2600,9232984
2018-11-14,3.3093,3.3140,3.0251,3.0439,13744396
2018-11-15,3.0439,3.1120,2.9993,3.0838,12121132
2018-11-16,3.0509,3.0509,2.9241,3.0040,22866952
2018-11-19,3.0157,3.0909,2.9993,3.0603,13803464
2018-11-20,2.9594,3.0310,2.8513,2.8842,24139708
2018-11-21,2.9288,3.4056,2.8901,3.2201,49923456
2018-11-23,3.2177,3.2318,3.0909,3.1707,10767096
2018-11-26,3.2858,3.4714,3.2852,3.4244,23613708
2018-11-27,3.3798,3.5160,3.3351,3.4573,17538952
2018-11-28,3.4573,3.5383,3.4573,3.5254,10576284
2018-11-29,3.5348,3.5747,3.4150,3.4361,16770440
2018-11-30,3.0509,3.2788,3.0063,3.2083,47604484
2018-12-03,3.2459,3.2835,3.1778,3.2576,16084860
2018-12-04,3.2858,3.3140,3.1566,3.1707,14935624
2018-12-06,3.1707,3.2341,3.1097,3.1848,12788696
2018-12-07,3.1825,3.2976,3.1707,3.2130,13612192
2018-12-10,3.2328,3.2473,3.0999,3.1966,11175188
2018-12-11,3.2256,3.2376,3.1049,3.1289,9352640
2018-12-12,3.1555,3.2691,3.1362,3.1966,7271476
2018-12-13,3.1990,3.2280,3.0613,3.0903,9746256
2018-12-14,3.0661,3.1410,3.0661,3.0830,6654884
2018-12-17,3.0588,3.1658,3.0323,3.0564,9023156
2018-12-18,3.0564,3.1470,3.0468,3.0758,10379748
2018-12-19,3.0830,3.1350,3.0257,3.0395,9703712
2018-12-20,3.0444,3.1258,2.9501,3.0033,10684796
2018-12-21,2.9936,3.0637,2.8426,2.8897,17691840
2018-12-24,2.8921,2.9042,2.8124,2.8196,5314104
2018-12-26,2.8317,2.9960,2.7931,2.9960,9617996
2018-12-27,2.9574,2.9598,2.8100,2.9429,7338428
2018-12-28,2.9501,3.0178,2.9018,2.9670,8105268
2018-12-31,2.9791,3.0613,2.9731,3.0492,11162380
2019-01-02,3.0081,3.1845,3.0009,3.1579,8496800
2019-01-03,3.1362,3.2026,3.0661,3.1337,7001412
2019-01-04,3.3899,3.6943,3.3101,3.6822,47655268
2019-01-07,3.6508,3.8199,3.6097,3.7402,18872084
2019-01-08,3.7450,3.8381,3.6605,3.8199,13775076
2019-01-09,3.8272,3.9601,3.7982,3.8610,14218088
2019-01-10,3.8030,3.8658,3.7499,3.8562,11619244
2019-01-11,3.8320,3.8779,3.8091,3.8296,9679088
2019-01-14,3.8272,3.8997,3.7619,3.7789,14443448
2019-01-15,3.7692,3.7789,3.6701,3.7523,8912880
2019-01-16,3.7619,3.8393,3.7160,3.7885,7970596
2019-01-17,3.7426,3.8236,3.6965,3.8103,6972016
2019-01-18,3.8707,4.0840,3.8368,3.8489,34188736
2019-01-22,3.8199,3.8417,3.6629,3.6895,12754916
2019-01-23,3.6991,3.7619,3.6556,3.7402,7347800
2019-01-24,3.7402,3.8175,3.7303,3.8175,5128076
2019-01-25,3.8562,3.8803,3.8006,3.8417,7660996
2019-01-28,3.8030,3.8151,3.6218,3.7450,11939476
2019-01-29,2.9936,3.0202,2.6844,2.7254,131432768
2019-01-30,2.7182,2.7472,2.6843,2.7061,24592164
2019-01-31,2.6988,2.7858,2.6819,2.7399,24198452
2019-02-01,2.7327,2.7617,2.7013,2.7158,13906392
2019-02-04,2.7158,2.7737,2.6578,2.7472,17085844
2019-02-05,2.7447,2.8535,2.7423,2.8486,17082356
2019-02-06,2.8076,2.8269,2.7544,2.7810,13918820
2019-02-07,2.7544,2.8003,2.7121,2.7713,8084200
2019-02-08,2.7520,2.7762,2.7327,2.7423,7205896
2019-02-11,2.7496,2.7520,2.6964,2.7303,7674232
2019-02-12,2.7303,2.8003,2.7303,2.7907,10709644
2019-02-13,2.7931,2.8378,2.7496,2.7713,8531024
2019-02-14,2.7472,2.7592,2.7158,2.7375,9873968
2019-02-15,2.7375,2.7641,2.7254,2.7617,8845052
2019-02-19,2.7689,2.7713,2.6892,2.7061,13223624
2019-02-20,2.7133,2.7303,2.6940,2.7061,11842108
2019-02-21,2.7133,2.7278,2.6602,2.6650,9956608
2019-02-22,2.6626,2.7496,2.6626,2.7472,12994944
2019-02-25,2.7496,2.8511,2.7496,2.7907,14377936
2019-02-26,2.7882,2.8293,2.7786,2.8124,8629824
2019-02-27,2.8172,2.8825,2.8076,2.8196,13589288
2019-02-28,2.8245,2.8656,2.8003,2.8269,11280852
2019-03-01,2.8704,2.9018,2.8390,2.8390,7599092
2019-03-04,2.8486,2.8631,2.7713,2.7955,8894908
2019-03-05,2.9187,2.9235,2.7447,2.8027,22151520
2019-03-06,2.8172,2.8668,2.7931,2.7931,13252352
2019-03-07,2.7931,2.8172,2.7629,2.8003,7245552
2019-03-08,2.6747,2.7109,2.5974,2.6505,24686436
2019-03-11,2.6529,2.7254,2.6312,2.7206,10804764
2019-03-12,2.7254,2.7907,2.7133,2.7713,8653176
2019-03-13,2.7882,2.8120,2.7713,2.7979,8755840
2019-03-14,2.8275,2.8350,2.7250,2.7375,11358276
2019-03-15,2.7475,2.7800,2.7250,2.7650,14149744
2019-03-18,2.7725,2.7925,2.7450,2.7675,9804932
2019-03-19,2.7675,2.8100,2.7250,2.7400,12355360
2019-03-20,2.7400,2.7400,2.6000,2.6250,16403240
2019-03-21,2.6175,2.6813,2.5875,2.6375,12818672
2019-03-22,2.6625,2.6650,2.6100,2.6125,13156080
2019-03-25,2.6150,2.6225,2.5175,2.5350,17938796
2019-03-26,2.5275,2.6088,2.5225,2.5875,14140212
2019-03-27,2.5925,2.6350,2.5625,2.5725,10418552
2019-03-28,2.5900,2.6225,2.5175,2.5475,12487736
2019-03-29,2.5525,2.5900,2.5375,2.5400,11674284
2019-04-01,2.5725,2.6050,2.5100,2.5925,17662776
2019-04-02,2.5925,2.6025,2.5225,2.5250,34402920
2019-04-03,2.2150,2.5075,2.2050,2.4075,106361096
2019-04-04,2.4350,2.5150,2.4138,2.5075,31669284
2019-04-05,2.4900,2.5025,2.4475,2.4650,22974528
2019-04-08,2.4475,2.5200,2.4325,2.4850,18198820
2019-04-09,2.4625,2.5000,2.4525,2.4550,11913920
2019-04-10,2.4700,2.5025,2.4688,2.4925,11229728
2019-04-11,2.4950,2.4950,2.4350,2.4400,10180784
2019-04-12,2.4475,2.4575,2.3225,2.3300,19114164
2019-04-15,2.3175,2.3375,2.2025,2.2350,22109592
2019-04-16,2.2500,2.2875,2.2368,2.2700,18879956
2019-04-17,2.2775,2.2800,2.1875,2.2350,15684376
2019-04-18,2.2150,2.2569,2.1850,2.1925,15256724
2019-04-22,2.1875,2.2043,2.1325,2.1625,25114640
2019-04-23,2.1600,2.2413,2.1600,2.2225,17809336
2019-04-24,2.2250,2.2650,2.2225,2.2525,16422496
2019-04-25,2.2475,2.2500,2.1788,2.2375,10508048
2019-04-26,2.2325,2.2575,2.2200,2.2225,9227192
2019-04-29,2.2225,2.2250,2.1763,2.1900,10192972
2019-04-30,2.2000,2.2125,2.1625,2.1625,12830688
2019-05-01,2.1650,2.1975,2.1175,2.1275,14155816
2019-05-02,2.1275,2.2075,2.1275,2.1925,12468436
2019-05-03,2.2025,2.2475,2.1925,2.2425,8718416
2019-05-06,2.2125,2.2300,2.1650,2.2125,9625712
2019-05-07,2.1925,2.2300,2.1713,2.1925,10366324
2019-05-08,2.1875,2.2113,2.1625,2.1725,8249560
2019-05-09,2.1500,2.1625,2.1188,2.1300,9358136
2019-05-10,2.1300,2.1450,2.0900,2.1200,9206096
2019-05-13,2.0825,2.0925,2.0425,2.0650,12172876
2019-05-14,2.0800,2.1375,2.0600,2.1325,10451432
2019-05-15,2.1100,2.1775,2.1100,2.1725,9014052
2019-05-16,2.1850,2.2100,2.1600,2.1675,7003936
2019-05-17,2.1350,2.1950,2.1350,2.1525,7869140
2019-05-20,2.1150,2.1300,1.9950,2.0150,20147932
2019-05-21,2.0175,2.0350,1.9725,2.0325,22788432
2019-05-22,2.0175,2.0200,1.9400,1.9750,18032500
2019-05-23,1.9600,1.9650,1.9175,1.9250,15677904
2019-05-24,1.9275,1.9638,1.9275,1.9550,10168560
2019-05-28,1.9625,1.9975,1.9350,1.9350,10931372
2019-05-29,1.9325,1.9375,1.8475,1.8925,16511496
2019-05-30,1.8925,1.9250,1.8825,1.9000,10780780
2019-05-31,1.8675,1.9150,1.8300,1.8950,15932960
2019-06-03,1.8950,1.9125,1.8550,1.8675,20909132
2019-06-04,1.8950,1.9625,1.8800,1.9550,37319072
2019-06-05,1.3725,1.3975,1.1775,1.2600,157416952
2019-06-06,1.2450,1.2825,1.2100,1.2825,54228896
2019-06-07,1.2825,1.3075,1.2463,1.2550,42365132
2019-06-10,1.3425,1.3875,1.3225,1.3600,75679948
2019-06-11,1.3825,1.4625,1.3725,1.4300,53695360
2019-06-12,1.4200,1.4500,1.3750,1.3750,19657192
2019-06-13,1.3875,1.4325,1.3713,1.4250,23363264
2019-06-14,1.4250,1.4563,1.4025,1.4075,21218564
2019-06-17,1.4075,1.4525,1.4000,1.4250,14745880
2019-06-18,1.4275,1.4575,1.4175,1.4325,16270360
2019-06-19,1.4375,1.4375,1.4025,1.4075,11888084
2019-06-20,1.4150,1.4225,1.3800,1.3825,15734508
2019-06-21,1.3800,1.3800,1.3275,1.3550,35817324
2019-06-24,1.3525,1.3675,1.3200,1.3425,19293304
2019-06-25,1.3350,1.3825,1.3300,1.3625,12341612
2019-06-26,1.3675,1.3800,1.3450,1.3675,14207176
2019-06-27,1.3650,1.3975,1.3563,1.3850,15023028
2019-06-28,1.3825,1.3950,1.3600,1.3675,15585420
2019-07-01,1.3825,1.3925,1.3350,1.3400,17197908
2019-07-02,1.3375,1.3625,1.3300,1.3450,22573856
2019-07-03,1.3525,1.3575,1.3175,1.3275,10248408
2019-07-05,1.3250,1.4100,1.3175,1.3800,51578584
2019-07-08,1.3750,1.3825,1.3550,1.3625,26370676
2019-07-09,1.3700,1.3875,1.3200,1.3275,46884656
2019-07-10,1.3375,1.3425,1.2925,1.2950,43409332
2019-07-11,1.2450,1.2525,1.1825,1.2100,67112996
2019-07-12,1.2150,1.2325,1.2013,1.2275,17569380
2019-07-15,1.2175,1.2225,1.1875,1.1875,12274080
2019-07-16,1.1900,1.2025,1.1575,1.1575,23880096
2019-07-17,1.1575,1.1613,1.0825,1.0950,30564192
2019-07-18,1.0975,1.1046,1.0300,1.0500,34342812
2019-07-19,1.0550,1.1038,1.0550,1.0800,43636444
2019-07-22,1.0825,1.1000,1.0300,1.0350,21954816
2019-07-23,1.0375,1.0500,0.9950,1.0225,30813988
2019-07-24,1.0200,1.0488,1.0125,1.0200,24082452
2019-07-25,1.0250,1.0800,0.9925,0.9950,23159964
2019-07-26,1.0000,1.0200,0.9900,1.0025,12832560
2019-07-29,1.0050,1.0400,1.0050,1.0300,17277484
2019-07-30,1.0250,1.0325,0.9750,1.0075,21089152
2019-07-31,1.0075,1.0450,1.0000,1.0050,20835676
2019-08-01,1.0050,1.0150,0.9450,0.9600,22375392
2019-08-02,0.9575,0.9725,0.9375,0.9450,14378672
2019-08-05,0.9300,0.9375,0.8938,0.9275,22686864
2019-08-06,0.9325,0.9550,0.9075,0.9525,20629768
2019-08-07,0.9350,0.9613,0.9150,0.9525,23424312
2019-08-08,0.9600,0.9775,0.9425,0.9725,9222504
2019-08-09,0.9575,0.9650,0.8975,0.8975,12317100
2019-08-12,0.8950,0.9050,0.8600,0.8775,10148332
2019-08-13,0.8700,0.9400,0.8675,0.8675,18020680
2019-08-14,0.8475,0.8550,0.7975,0.8300,24327708
2019-08-15,0.8300,0.8525,0.7875,0.8025,23553568
2019-08-16,0.8125,0.8400,0.8025,0.8300,12522852
2019-08-19,0.8425,0.8675,0.8350,0.8450,11550420
2019-08-20,0.8375,0.8650,0.8200,0.8550,17040012
2019-08-21,0.8750,0.9050,0.8600,0.8850,23761492
2019-08-22,0.9925,1.0625,0.9300,0.9675,116717612
2019-08-23,0.9600,0.9750,0.8900,0.9125,34655724
2019-08-26,0.9300,1.0100,0.9113,0.9550,41317664
2019-08-27,0.9675,0.9825,0.9200,0.9250,22804976
2019-08-28,0.9250,0.9925,0.9175,0.9700,25799812
2019-08-29,0.9825,1.0725,0.9375,1.0575,53454648
2019-08-30,1.0650,1.0900,0.9800,0.9925,42538560
2019-09-03,0.9925,1.0175,0.9150,0.9525,36168996
2019-09-04,0.9700,1.0000,0.9625,0.9950,16902984
2019-09-05,1.0200,1.0600,1.0175,1.0575,27567832
2019-09-06,1.0600,1.0900,1.0350,1.0775,26806096
2019-09-09,1.0875,1.2300,1.0875,1.1900,58305952
2019-09-10,1.2175,1.2750,1.1275,1.2725,66328252
2019-09-11,1.0475,1.2375,0.9925,1.1475,135921700
2019-09-12,1.1500,1.2025,1.1083,1.1450,35573096
2019-09-13,1.1550,1.1925,1.0925,1.1025,30648736
2019-09-16,1.0750,1.1169,1.0675,1.0875,27046996
2019-09-17,1.0750,1.0850,1.0325,1.0825,25664332
2019-09-18,1.0825,1.1725,1.0825,1.1500,39194448
2019-09-19,1.1600,1.1675,1.1050,1.1100,31472576
2019-09-20,1.1475,1.2000,1.1250,1.1750,46519468
2019-09-23,1.1700,1.3000,1.1525,1.2550,49976692
2019-09-24,1.2850,1.3750,1.2450,1.2525,52578268
2019-09-25,1.2725,1.3875,1.2700,1.3000,48679312
2019-09-26,1.2975,1.3350,1.2700,1.3200,24434156
2019-09-27,1.3125,1.3625,1.3050,1.3350,22193916
2019-09-30,1.3575,1.4100,1.3500,1.3800,37452308
2019-10-01,1.4100,1.4538,1.3725,1.3950,26371796
2019-10-02,1.3875,1.3883,1.3100,1.3300,33859544
2019-10-03,1.3250,1.3700,1.3075,1.3550,17750272
2019-10-04,1.3575,1.3900,1.3425,1.3875,16931080
2019-10-07,1.3700,1.3950,1.3525,1.3725,17757496
2019-10-08,1.3575,1.3600,1.2900,1.3075,19293636
2019-10-09,1.3125,1.3250,1.2400,1.2475,23459344
2019-10-10,1.2550,1.2875,1.2400,1.2625,21036908
2019-10-11,1.2850,1.3725,1.2850,1.3425,23641752
2019-10-14,1.3300,1.3975,1.3050,1.3950,21621124
2019-10-15,1.4000,1.4775,1.3975,1.4025,25404468
2019-10-16,1.3950,1.4775,1.3950,1.4700,15535148
2019-10-17,1.4725,1.5125,1.4500,1.5075,14536656
2019-10-18,1.5075,1.5125,1.4425,1.4850,12788392
2019-10-21,1.4950,1.5400,1.4550,1.4825,14447248
2019-10-22,1.4825,1.6100,1.4825,1.5975,16702928
2019-10-23,1.5825,1.6550,1.5575,1.6075,16288216
2019-10-24,1.6250,1.6375,1.5075,1.6050,17104048
2019-10-25,1.5800,1.6075,1.5625,1.5875,10581588
2019-10-28,1.5950,1.6225,1.5425,1.5475,11418948
2019-10-29,1.5525,1.5625,1.4463,1.4525,15669912
2019-10-30,1.4400,1.4575,1.3800,1.4325,14935932
2019-10-31,1.4075,1.4213,1.3275,1.3600,17434284
2019-11-01,1.3625,1.5000,1.3575,1.4600,20841420
2019-11-04,1.4750,1.5050,1.4425,1.4625,14679364
2019-11-05,1.4700,1.5500,1.4650,1.4775,13493256
2019-11-06,1.4750,1.5475,1.4550,1.5225,16508124
2019-11-07,1.5450,1.5788,1.5100,1.5550,12517132
2019-11-08,1.5425,1.5700,1.5125,1.5225,7874876
2019-11-11,1.5125,1.5225,1.4425,1.5050,12437792
2019-11-12,1.5075,1.5175,1.4675,1.4800,7337940
2019-11-13,1.4775,1.4925,1.4525,1.4850,6135672
2019-11-14,1.4875,1.5275,1.4750,1.4950,6834940
2019-11-15,1.5000,1.5025,1.4625,1.4700,8663404
2019-11-18,1.4625,1.4625,1.4025,1.4050,11983576
2019-11-19,1.3925,1.4150,1.3625,1.3750,13442096
2019-11-20,1.3850,1.3850,1.3400,1.3650,10666788
2019-11-21,1.3650,1.3950,1.3375,1.3750,11136084
2019-11-22,1.3975,1.4625,1.3750,1.4150,13972200
2019-11-25,1.4175,1.5150,1.4075,1.5075,10979552
2019-11-26,1.5075,1.5650,1.5025,1.5250,10594700
2019-11-27,1.5250,1.5975,1.5050,1.5875,12120168
2019-11-29,1.5825,1.5975,1.5588,1.5850,5475932
2019-12-02,1.5875,1.6150,1.5225,1.5425,8242504
2019-12-03,1.5100,1.5450,1.4825,1.5300,8864792
2019-12-04,1.5425,1.6225,1.5300,1.6075,11489696
2019-12-05,1.5800,1.6300,1.5588,1.6000,17525652
2019-12-06,1.5975,1.6700,1.5975,1.6700,19029372
2019-12-09,1.6625,1.7300,1.5475,1.5825,25002360
2019-12-10,1.5725,1.6350,1.5300,1.6275,38094988
2019-12-11,1.3125,1.4525,1.2950,1.3825,77919788
2019-12-12,1.3650,1.4274,1.3525,1.3950,25549096
2019-12-13,1.3675,1.4050,1.3088,1.3625,21756168
2019-12-16,1.3475,1.3975,1.3475,1.3750,17627612
2019-12-17,1.3750,1.5200,1.3725,1.5150,16565436
2019-12-18,1.5150,1.5675,1.4825,1.5400,21056424
2019-12-19,1.5525,1.5600,1.5063,1.5150,17807916
2019-12-20,1.5150,1.5550,1.4900,1.4975,21884420
2019-12-23,1.5125,1.5175,1.3850,1.4025,25130736
2019-12-24,1.4125,1.4175,1.3600,1.3600,13582040
2019-12-26,1.3675,1.3775,1.3113,1.3500,17057592
2019-12-27,1.3550,1.4950,1.3475,1.4750,44165136
2019-12-30,1.4700,1.5613,1.4400,1.5325,17928392
2019-12-31,1.5200,1.5975,1.4975,1.5200,17290440
2020-01-02,1.5350,1.6175,1.5175,1.5775,17814392
2020-01-03,1.5525,1.5625,1.4588,1.4700,14175732
2020-01-06,1.4500,1.4775,1.4000,1.4625,13579096
2020-01-07,1.4425,1.4571,1.3600,1.3800,20921060
2020-01-08,1.3725,1.4625,1.3525,1.4300,22517768
2020-01-09,1.4550,1.4550,1.3700,1.3875,10571824
2020-01-10,1.3900,1.4000,1.3450,1.3575,11125648
2020-01-13,1.3575,1.4025,1.3325,1.3575,14493032
2020-01-14,1.1950,1.2500,1.1325,1.1775,50245288
2020-01-15,1.1650,1.1825,1.1375,1.1525,19924220
2020-01-16,1.1525,1.1775,1.1300,1.1550,17148236
2020-01-17,1.1450,1.1875,1.1275,1.1875,16064096
2020-01-21,1.1875,1.1875,1.1375,1.1475,14128548
2020-01-22,1.1375,1.1600,1.1150,1.1400,10509944
2020-01-23,1.1375,1.1600,1.1150,1.1550,7520856
2020-01-24,1.1600,1.1600,1.0625,1.0800,16654200
2020-01-27,1.0500,1.0875,1.0400,1.0700,8490012
2020-01-28,1.0750,1.0750,1.0450,1.0525,8575536
2020-01-29,1.0550,1.0788,1.0325,1.0325,6210172
2020-01-30,1.0250,1.0300,0.9700,0.9825,12022132
2020-01-31,0.9775,0.9850,0.9575,0.9600,11566716
2020-02-03,0.9700,0.9950,0.9625,0.9875,8102248
2020-02-04,1.0075,1.0625,0.9925,1.0175,14252240
2020-02-05,1.0375,1.1025,1.0350,1.0450,10566888
2020-02-06,1.0500,1.0750,1.0338,1.0350,6041212
2020-02-07,1.0275,1.0325,0.9425,0.9525,10957012
2020-02-10,0.9625,1.0250,0.9350,0.9850,11108152
2020-02-11,0.9950,1.0600,0.9875,1.0050,13660092
2020-02-12,1.0325,1.1275,1.0175,1.0475,19270016
2020-02-13,1.0300,1.0650,1.0175,1.0275,8326772
2020-02-14,1.0275,1.0475,1.0050,1.0050,6330640
2020-02-18,1.0025,1.0200,0.9900,1.0150,5870448
2020-02-19,1.0150,1.0675,0.9788,1.0375,10372364
2020-02-20,1.0400,1.0738,1.0269,1.0350,6249360
2020-02-21,1.0300,1.0450,0.9975,1.0100,6782768
2020-02-24,0.9750,0.9825,0.9250,0.9250,14262176
2020-02-25,0.9425,0.9475,0.8875,0.8900,17791636
2020-02-26,0.8950,0.9050,0.8400,0.8475,18899388
2020-02-27,0.8075,0.9063,0.7962,0.8675,15517900
2020-02-28,0.8350,0.9300,0.8350,0.9000,18768748
2020-03-02,0.9000,0.9625,0.8475,0.9575,12833712
2020-03-03,0.9700,0.9725,0.8750,0.9075,17129816
2020-03-04,0.9275,0.9575,0.8650,0.9425,17020180
2020-03-05,0.9250,0.9975,0.8975,0.9900,14397708
2020-03-06,0.9600,1.0175,0.9400,0.9800,8387208
2020-03-09,0.8975,0.9925,0.8750,0.9250,10926024
2020-03-10,0.9850,1.0650,0.9500,1.0575,19450876
2020-03-11,1.0350,1.0625,1.0000,1.0350,17656388
2020-03-12,0.9250,1.0100,0.8700,0.9950,20486468
2020-03-13,1.0325,1.1625,0.9613,1.1475,23142540
2020-03-16,0.9825,1.1425,0.9750,1.0925,19464784
2020-03-17,1.1000,1.1625,1.0275,1.0575,14248656
2020-03-18,1.0250,1.0625,0.8750,0.9425,14606680
2020-03-19,0.9275,1.0500,0.8875,1.0475,20145468
2020-03-20,1.0200,1.0200,0.9125,0.9400,30888776
2020-03-23,0.8950,0.9650,0.8750,0.9525,24033484
2020-03-24,0.9875,1.0525,0.9725,1.0400,27222596
2020-03-25,1.0375,1.1225,1.0100,1.0425,14368236
2020-03-26,1.0600,1.1775,1.0600,1.1025,24629356
2020-03-27,1.2350,1.2725,1.0375,1.0550,28091116
2020-03-30,1.0550,1.0675,0.9125,0.9125,13391656
2020-03-31,0.9075,0.9500,0.8750,0.8750,9203600
2020-04-01,0.8625,0.8725,0.7800,0.8125,18250252
2020-04-02,0.8150,0.8375,0.7125,0.7125,16228688
2020-04-03,0.7125,0.7350,0.6425,0.7000,15321744
2020-04-06,0.7150,0.8000,0.7063,0.7725,13344576
2020-04-07,0.8475,0.8600,0.7750,0.8175,11347436
2020-04-08,0.8075,0.9175,0.8000,0.8525,11534508
2020-04-09,0.9000,1.0625,0.8725,0.9725,23634464
2020-04-13,1.0625,1.1900,1.0400,1.1850,27366136
2020-04-14,1.3025,1.6175,1.2850,1.4875,53965816
2020-04-15,1.4150,1.4175,1.2250,1.3175,29936940
2020-04-16,1.2800,1.3600,1.2200,1.2575,13392884
2020-04-17,1.3050,1.3200,1.1075,1.2200,22492464
2020-04-20,1.2125,1.4750,1.1950,1.4025,24336184
2020-04-21,1.3075,1.3250,1.1900,1.1950,16433460
2020-04-22,1.2850,1.2925,1.2075,1.2225,10586432
2020-04-23,1.1875,1.2225,1.1450,1.1750,9061692
2020-04-24,1.1950,1.2125,1.1650,1.1925,8944764
2020-04-27,1.2125,1.4975,1.2025,1.4550,29067424
2020-04-28,1.4800,1.5100,1.2650,1.4100,20800756
2020-04-29,1.4575,1.5225,1.3626,1.5100,13478216
2020-04-30,1.4675,1.4938,1.4100,1.4325,8693236
2020-05-01,1.4125,1.5450,1.3625,1.5125,15981248
2020-05-04,1.4600,1.4825,1.3500,1.3700,16259312
2020-05-05,1.3875,1.4075,1.3375,1.3475,8420956
2020-05-06,1.3500,1.3500,1.2250,1.2325,13473228
2020-05-07,1.2075,1.2338,1.1625,1.2175,10003000
2020-05-08,1.2200,1.2975,1.2050,1.2450,9410236
2020-05-11,1.2300,1.2398,1.1875,1.1900,6790936
2020-05-12,1.1950,1.2300,1.1150,1.1350,10554360
2020-05-13,1.1350,1.1350,1.0175,1.0525,11528508
2020-05-14,1.0375,1.0475,0.9900,1.0325,8012388
2020-05-15,1.0125,1.1125,1.0103,1.0550,7761368
2020-05-18,1.1000,1.1575,1.0900,1.1450,9456688
2020-05-19,1.1450,1.1875,1.0925,1.1100,7319112
2020-05-20,1.1250,1.1725,1.0838,1.1075,10174180
2020-05-21,1.1125,1.1625,1.1000,1.1100,7887540
2020-05-22,1.1150,1.1225,1.0325,1.0450,9516116
2020-05-26,1.0850,1.1525,1.0825,1.1050,14182768
2020-05-27,1.1425,1.1775,1.0888,1.1725,12566616
2020-05-28,1.1875,1.1900,1.0750,1.0825,8734212
2020-05-29,1.0825,1.1050,1.0125,1.0150,15846892
2020-06-01,1.0300,1.0888,1.0050,1.0325,10446432
2020-06-02,1.0675,1.0770,1.0150,1.0450,9477596
2020-06-03,1.0600,1.1300,1.0500,1.1100,12067500
2020-06-04,1.1100,1.1800,1.0925,1.1175,13355652
2020-06-05,1.0725,1.1025,1.0225,1.0350,25083580
2020-06-08,1.0700,1.2846,1.0684,1.2525,40457448
2020-06-09,1.2500,1.2500,1.1380,1.2400,31960848
2020-06-10,1.1950,1.3825,1.1700,1.2675,42346560
2020-06-11,1.1600,1.2250,1.0450,1.0925,24853396
2020-06-12,1.1500,1.1950,1.0975,1.1800,17508420
2020-06-15,1.1250,1.1925,1.1050,1.1725,15636048
2020-06-16,1.2375,1.2375,1.1275,1.1600,12485064
2020-06-17,1.1350,1.2078,1.1325,1.1900,14371088
2020-06-18,1.1675,1.2375,1.1625,1.2375,13676524
2020-06-19,1.2375,1.2710,1.1725,1.2200,29465832
2020-06-22,1.1975,1.2375,1.1788,1.2175,12715464
2020-06-23,1.2375,1.2475,1.2000,1.2075,12817836
2020-06-24,1.2075,1.2100,1.0950,1.1025,11897384
2020-06-25,1.0825,1.1350,1.0738,1.1150,9803020
2020-06-26,1.1200,1.1250,1.0675,1.0875,15204620
2020-06-29,1.0875,1.1300,1.0750,1.0950,8524780
2020-06-30,1.0825,1.1275,1.0500,1.0850,15549704
2020-07-01,1.0775,1.1250,1.0775,1.1100,9214868
2020-07-02,1.1225,1.1275,1.0725,1.0725,7550204
2020-07-06,1.0775,1.0850,1.0475,1.0600,8553244
2020-07-07,1.0500,1.0619,1.0150,1.0225,9826544
2020-07-08,1.0250,1.0725,1.0075,1.0650,8198304
2020-07-09,1.0675,1.0800,1.0325,1.0525,7970484
2020-07-10,1.0500,1.0950,1.0461,1.0850,5641268
2020-07-13,1.0875,1.1370,1.0650,1.0650,16864860
2020-07-14,1.0550,1.0775,1.0000,1.0200,9197992
2020-07-15,1.0325,1.0725,1.0325,1.0475,5890260
2020-07-16,1.0475,1.0500,1.0225,1.0425,5320592
2020-07-17,1.0400,1.0575,0.9845,0.9900,12263476
2020-07-20,0.9875,1.0150,0.9425,0.9625,13581548
2020-07-21,0.9750,1.0225,0.9700,1.0025,13351652
2020-07-22,1.0050,1.0300,0.9800,1.0275,10075788
2020-07-23,1.0225,1.0763,1.0150,1.0275,12949800
2020-07-24,1.0150,1.0575,1.0025,1.0075,8863440
2020-07-27,1.0050,1.0300,0.9875,1.0025,9876776
2020-07-28,0.9900,1.0123,0.9800,0.9850,18218040
2020-07-29,0.9850,1.0450,0.9800,1.0150,11511760
2020-07-30,1.0000,1.0575,0.9925,1.0250,9585916
2020-07-31,1.0150,1.0400,0.9975,1.0025,7520692
2020-08-03,1.0075,1.0625,0.9988,1.0375,10057288
2020-08-04,1.0325,1.1844,1.0325,1.1075,41408584
2020-08-05,1.1250,1.1900,1.0613,1.1575,19686920
2020-08-06,1.1500,1.1638,1.0950,1.1075,7597484
2020-08-07,1.0975,1.1000,1.0150,1.0400,13331128
2020-08-10,1.0500,1.1425,1.0450,1.0825,18240516
2020-08-11,1.1075,1.1425,1.0850,1.0875,12555216
2020-08-12,1.1000,1.1575,1.0900,1.1300,12230224
2020-08-13,1.1300,1.1775,1.1242,1.1600,8494072
2020-08-14,1.1500,1.2075,1.1363,1.1875,13897656
2020-08-17,1.1950,1.1950,1.1388,1.1575,9481480
2020-08-18,1.1525,1.2175,1.1088,1.2025,15337540
2020-08-19,1.2000,1.2100,1.1600,1.1800,10450332
2020-08-20,1.1550,1.1700,1.1275,1.1525,9761008
2020-08-21,1.1500,1.4000,1.1488,1.2575,42560340
2020-08-24,1.2750,1.2825,1.1400,1.2175,18334968
2020-08-25,1.2200,1.3125,1.2200,1.2450,11993972
2020-08-26,1.2425,1.3050,1.2300,1.2775,11106076
2020-08-27,1.2775,1.3450,1.2550,1.3125,13537744
2020-08-28,1.3250,1.3913,1.3038,1.3475,16718984
2020-08-31,1.4425,1.7875,1.4225,1.6700,151515960
2020-09-01,1.8250,1.9550,1.6925,1.9125,92622300
2020-09-02,1.9500,2.0125,1.7775,1.9275,51727800
2020-09-03,1.9700,2.1125,1.8100,1.9550,57304108
2020-09-04,1.9450,1.9800,1.7925,1.9125,30639560
2020-09-08,1.8875,2.0700,1.8700,1.9250,39245612
2020-09-09,1.9900,1.9975,1.8275,1.8375,35338124
2020-09-10,1.6625,1.7375,1.5475,1.5575,62174984
2020-09-11,1.5650,1.5825,1.4675,1.5225,24211668
2020-09-14,1.7000,1.7500,1.6075,1.7275,40423664
2020-09-15,1.7150,1.8150,1.6713,1.7725,22847956
2020-09-16,1.7575,2.2600,1.7575,2.1700,77019944
2020-09-17,2.1425,2.4425,2.1025,2.3000,67553772
2020-09-18,2.3000,2.4425,2.2275,2.3675,69581072
2020-09-21,2.3375,2.4000,2.0950,2.1875,30460388
2020-09-22,2.6125,2.7925,2.4750,2.6400,138584436
2020-09-23,2.6500,2.7150,2.4800,2.5100,42526680
2020-09-24,2.4275,2.4525,2.2525,2.2850,31719096
2020-09-25,2.2975,2.5457,2.2750,2.5050,30043940
2020-09-28,2.5400,2.5650,2.3875,2.5225,27001116
2020-09-29,2.5000,2.6625,2.4825,2.5875,20950156
2020-09-30,2.5625,2.6899,2.5150,2.5500,24307728
2020-10-01,2.5225,2.5625,2.4225,2.4425,18157772
2020-10-02,2.3450,2.4450,2.3250,2.3475,17251460
2020-10-05,2.3600,2.3975,2.3126,2.3650,11205196
2020-10-06,2.3900,2.4588,2.2750,2.2825,18110288
2020-10-07,2.3075,2.3900,2.2920,2.3400,13231852
2020-10-08,2.3850,3.4100,2.2975,3.3725,299812424
2020-10-09,3.2075,3.7000,2.9750,3.0050,307783192
2020-10-12,2.9150,3.1916,2.8500,2.9500,94446732
2020-10-13,2.9325,3.1050,2.9125,2.9700,40341300
2020-10-14,3.1675,3.1700,3.0125,3.0625,43045476
2020-10-15,2.9975,3.7750,2.9975,3.4575,159306144
2020-10-16,3.4425,3.4750,3.2700,3.3275,46395320
2020-10-19,3.3600,3.6250,3.3450,3.4775,52571340
2020-10-20,3.5075,3.5358,3.4163,3.4650,26372920
2020-10-21,3.4750,3.6050,3.4500,3.5250,21292212
2020-10-22,3.5500,3.9675,3.5475,3.7275,64824068
2020-10-23,3.7625,3.8450,3.6375,3.7500,25973068
2020-10-26,3.7325,3.8625,3.3150,3.3625,53449860
2020-10-27,3.4275,3.4275,3.0900,3.1725,28853572
2020-10-28,3.0675,3.2625,2.9450,2.9550,25495828
2020-10-29,2.9700,3.0625,2.9200,2.9325,16641420
2020-10-30,2.9100,2.9100,2.5900,2.6175,46149396
2020-11-02,2.7050,2.7725,2.6250,2.6875,20879896
2020-11-03,2.6875,2.9650,2.6575,2.8925,29783308
2020-11-04,2.9400,2.9425,2.6525,2.7275,23216236
2020-11-05,2.8175,2.9600,2.7650,2.8625,18815996
2020-11-06,2.8800,3.0425,2.8300,2.9650,22055124
2020-11-09,3.1900,3.2325,2.8125,2.8725,24958468
2020-11-10,2.8750,2.9150,2.7075,2.7750,15283344
2020-11-11,2.8750,2.9875,2.8025,2.9375,19429500
2020-11-12,2.9350,2.9675,2.7425,2.7825,17399732
2020-11-13,2.8400,2.8875,2.7500,2.7525,14130072
2020-11-16,2.7900,3.1651,2.6800,3.0150,38928056
2020-11-17,2.9125,2.9800,2.8075,2.9075,26688028
2020-11-18,2.9500,3.0100,2.8900,2.8925,12577540
2020-11-19,2.9000,3.1975,2.8625,3.1150,47055340
2020-11-20,3.1375,3.3650,3.1350,3.1775,33580584
2020-11-23,3.2250,3.5300,3.1675,3.4750,38417468
2020-11-24,3.5575,3.5650,3.3250,3.4175,28731316
2020-11-25,3.4000,3.8125,3.3550,3.6875,35334428
2020-11-27,3.8225,4.1850,3.7200,4.0200,50016788
2020-11-30,4.5425,4.8550,4.1394,4.1400,127751000
2020-12-01,4.2775,4.3500,3.9400,3.9500,50605024
2020-12-02,3.9250,4.1700,3.8450,4.1450,31513020
2020-12-03,4.1200,4.1600,3.9675,4.0300,25120728
2020-12-04,4.0750,4.3225,4.0650,4.2250,35791144
2020-12-07,4.2500,4.3750,4.0550,4.0875,29437572
2020-12-08,4.0925,4.3025,3.9825,4.2350,59980704
2020-12-09,3.4800,3.6825,3.3063,3.4150,97358140
2020-12-10,3.2800,3.6025,3.2625,3.5300,30184236
2020-12-11,3.4775,3.5000,3.2550,3.3275,29947080
2020-12-14,3.3350,3.3584,3.0350,3.1800,40009348
2020-12-15,3.1950,3.5050,3.1200,3.4625,32639568
2020-12-16,3.4900,3.5763,3.3950,3.4625,23440640
2020-12-17,3.4900,3.7450,3.3975,3.7075,32742208
2020-12-18,3.9450,4.0750,3.7950,3.9075,66457668
2020-12-21,3.9525,4.0870,3.8200,3.8825,39290832
2020-12-22,4.0550,5.0100,4.0375,4.8650,122587252
2020-12-23,5.0425,5.5875,4.7825,5.1425,103264800
2020-12-24,5.2525,5.3700,4.9875,5.0375,25048696
2020-12-28,5.3275,5.4925,5.0875,5.2475,35798140
2020-12-29,5.2050,5.2675,4.6400,4.8450,36867668
2020-12-30,4.8450,5.0000,4.7125,4.8150,23697928
2020-12-31,4.8125,4.9500,4.7000,4.7100,27669168
2021-01-04,4.7500,4.7750,4.2875,4.3125,40077296
2021-01-05,4.3375,4.5191,4.3075,4.3425,19800136
2021-01-06,4.3350,4.7450,4.3325,4.5900,24174856
2021-01-07,4.6175,4.8625,4.5050,4.5200,24489556
2021-01-08,4.5450,4.5750,4.2700,4.4225,25854080
2021-01-11,4.8525,5.1625,4.7525,4.9850,59624924
2021-01-12,4.9900,5.1000,4.8292,4.9875,28182296
2021-01-13,5.1050,9.6625,5.0075,7.8500,577145616
2021-01-14,9.5225,10.7650,8.2625,9.9775,372973348
2021-01-15,9.6225,10.1875,8.5025,8.8750,186982856
2021-01-19,10.3875,11.3800,9.1600,9.8400,298462776
2021-01-20,9.3425,10.2975,9.0150,9.7800,133731032
2021-01-21,9.8075,11.1875,9.2500,10.7575,224697880
2021-01-22,10.6475,19.1893,10.5800,16.2525,786901784
2021-01-25,24.1825,39.7950,15.2825,19.1975,707953180
2021-01-26,22.1400,37.5000,20.0500,36.9950,706199296
2021-01-27,88.7075,95.0000,62.2500,86.8775,366753784
2021-01-28,66.2500,120.7500,28.0625,48.4000,227259304
2021-01-29,94.9275,103.4950,62.5000,81.2500,201588528
2021-02-01,79.1400,80.5000,53.0000,56.2500,145949904
2021-02-02,35.1900,39.5000,18.5550,22.5000,310803032
2021-02-03,28.0025,28.3500,21.3125,23.1025,169805588
2021-02-04,22.7975,22.8750,13.3325,13.3750,247084544
2021-02-05,13.5100,23.7500,12.7725,15.9425,322710476
2021-02-08,18.1025,18.1650,14.5050,15.0000,102300516
2021-02-09,14.1525,14.2500,11.6300,12.5775,106322552
2021-02-10,12.6925,15.7075,11.6375,12.8000,145404348
2021-02-11,12.5025,13.8300,12.0550,12.7750,51976144
2021-02-12,12.6875,13.8100,12.0125,13.1000,57975736
2021-02-16,13.1650,13.3750,12.2600,12.3775,32555744
2021-02-17,12.4425,12.7975,11.1400,11.4850,36883688
2021-02-18,12.1225,12.2175,10.1625,10.1725,95601684
2021-02-19,10.3200,10.9725,9.6250,10.1475,58658744
2021-02-22,11.6725,12.1275,10.6000,11.5000,77256388
2021-02-23,11.2425,11.5575,10.0000,11.2425,30044592
2021-02-24,11.1750,22.9275,11.1750,22.9275,301221836
2021-02-25,42.3900,46.1700,25.2500,27.1825,596549524
2021-02-26,29.3650,35.7250,21.5000,25.4350,367492888
2021-03-01,26.1350,33.4975,24.9925,30.1000,197834008
2021-03-02,29.2325,33.3000,28.0500,29.5450,134509028
2021-03-03,30.6275,31.9375,28.2800,31.0450,76618412
2021-03-04,31.2500,36.9675,28.8250,33.0875,129834100
2021-03-05,32.0425,37.8825,31.8750,34.4350,122607780
2021-03-08,38.7225,52.7175,36.5250,48.6250,253577744
2021-03-09,54.4275,62.4625,52.1275,61.7250,154816268
2021-03-10,67.3575,87.1250,43.0000,66.2500,285393136
2021-03-11,60.4100,70.3750,58.1500,65.0000,112715828
2021-03-12,68.7491,73.8750,65.5675,66.1250,103034116
2021-03-15,69.3800,70.7500,51.5000,55.0350,96355864
2021-03-16,50.7900,55.1750,43.0875,52.0425,141379140
2021-03-17,54.4600,57.8675,51.0000,52.4525,65654984
2021-03-18,53.5000,54.7200,48.9125,50.4375,47029328
2021-03-19,48.9325,56.7500,45.6650,50.0675,98453060
2021-03-22,51.3150,52.5891,46.5488,48.6225,40018036
2021-03-23,49.3750,50.4375,44.3875,45.4375,55867444
2021-03-24,39.4950,41.7425,29.6550,30.0850,94737684
2021-03-25,30.8725,46.8750,29.2250,45.9375,202471360
2021-03-26,49.4200,54.7336,40.8150,45.2500,149440064
2021-03-29,45.1875,48.4800,43.3775,45.3250,40040880
2021-03-30,46.8750,51.0750,45.5000,48.6150,68218284
2021-03-31,49.3750,49.8650,46.7776,47.4550,33475668
2021-04-01,48.3400,49.2423,45.9000,47.8625,37199984
2021-04-05,42.7510,48.7500,41.2025,46.7375,56122200
2021-04-06,46.3025,48.0000,45.8900,46.1250,24777152
2021-04-07,45.8050,46.1250,44.0275,44.4925,18996756
2021-04-08,46.4700,46.4700,41.0750,42.5650,40085652
2021-04-09,42.4250,42.8950,38.2500,39.5900,37758556
2021-04-12,39.5275,40.9750,33.7525,35.2725,66595720
2021-04-13,35.4700,36.3443,33.0000,35.2475,27134336
2021-04-14,35.8925,43.5225,35.7500,41.6325,84429876
2021-04-15,40.7500,41.5637,38.2000,39.1100,31342088
2021-04-16,39.0000,40.0492,37.8125,38.6725,20525048
2021-04-19,42.9500,43.8000,40.5825,41.0925,41976900
2021-04-20,41.0350,41.2225,38.3400,39.6325,18586380
2021-04-21,39.6000,40.7450,38.9800,39.6275,15183712
2021-04-22,39.7750,39.7750,36.7150,37.7925,17329940
2021-04-23,37.2500,38.4150,36.1750,37.7950,16114136
2021-04-26,37.7450,43.6699,37.1900,42.2325,41288692
2021-04-27,45.8875,47.0000,43.2925,44.4425,35657560
2021-04-28,43.0250,45.4950,41.5070,44.6450,23112828
2021-04-29,44.1400,45.2150,42.6875,44.0475,15011424
2021-04-30,43.7500,45.9500,43.1750,43.3975,17660544
2021-05-03,44.3725,44.3725,39.9025,40.5500,20994172
2021-05-04,39.7500,40.3725,37.9500,40.1825,16005420
2021-05-05,40.4575,41.3750,39.5825,39.8700,7102524
2021-05-06,40.2150,41.1800,38.9000,40.2525,11752168
2021-05-07,40.0275,41.8525,39.3750,40.2775,11716484
2021-05-10,40.3275,40.3963,35.7500,35.8050,19157564
2021-05-11,34.2500,37.6250,34.1250,36.7300,18689520
2021-05-12,36.4250,37.6250,35.5578,36.1975,10865608
2021-05-13,36.8600,42.4875,36.6075,41.1250,35435436
2021-05-14,40.0000,41.6175,39.0550,39.9800,17132772
2021-05-17,39.9625,45.6250,39.7500,45.1500,29602696
2021-05-18,43.6350,47.3000,42.0675,45.1675,30906436
2021-05-19,42.9975,44.7450,41.0375,42.2075,19272452
2021-05-20,42.6975,43.7275,41.7250,42.6225,9885412
2021-05-21,42.7500,44.8100,42.5825,44.1975,14587840
2021-05-24,43.9625,47.1144,43.3375,45.0025,18637704
2021-05-25,45.2500,54.2775,45.2500,52.3575,58679012
2021-05-26,57.2500,62.1199,56.3875,60.6400,84263868
2021-05-27,57.4500,66.0000,56.7500,63.5325,61934892
2021-05-28,65.7425,67.2000,55.3575,55.5000,46841688
2021-06-01,58.3700,63.7450,56.7675,62.2550,38042100
2021-06-02,62.2200,73.5000,61.0750,70.5600,63897220
2021-06-03,66.4275,68.6075,60.5302,64.5450,31959668
2021-06-04,64.0050,66.2500,61.4425,62.0900,14500704
2021-06-07,64.5000,70.5000,63.8000,70.0025,24083336
2021-06-08,73.0000,86.1650,70.2500,75.0000,69537684
2021-06-09,75.7800,82.0000,72.8775,75.6400,52543372
2021-06-10,70.5000,72.0000,52.7500,55.0975,91516644
2021-06-11,55.5875,60.2825,51.5325,58.3350,62190376
2021-06-14,59.1250,59.5025,54.8000,57.3600,28406496
2021-06-15,56.5900,57.3125,52.0000,55.6250,29004088
2021-06-16,53.8100,57.1826,52.2500,55.7425,22184492
2021-06-17,56.0000,58.4150,55.3700,55.8975,18392904
2021-06-18,55.0450,55.8725,53.2500,53.4550,17227828
2021-06-21,54.2375,54.6000,49.2500,50.0925,20439664
2021-06-22,54.4325,56.4700,52.2925,55.1000,32743404
2021-06-23,55.3625,55.6425,53.5300,54.8350,14190308
2021-06-24,55.2890,56.8625,52.9000,53.0775,15414524
2021-06-25,53.5000,53.5500,49.6250,52.3775,50666236
2021-06-28,52.8125,56.1125,52.5500,53.3125,19473172
2021-06-29,53.3975,53.8050,52.0025,52.7200,9901120
2021-06-30,52.4225,53.8197,51.7345,53.5350,10133652
2021-07-01,53.3500,54.2075,50.5000,51.0900,10923204
2021-07-02,51.2000,51.3625,49.1250,50.7075,10392092
2021-07-06,51.0000,51.1925,48.4275,49.8900,10985616
2021-07-07,49.0000,49.3750,44.3900,47.6650,16920244
2021-07-08,44.9575,48.5550,44.8750,47.8450,11391180
2021-07-09,47.7200,48.6950,46.6875,47.8075,6315088
2021-07-12,47.8550,49.4375,46.8550,47.3125,6533664
2021-07-13,46.9200,47.1975,44.7500,45.0150,9528772
2021-07-14,45.1225,45.5950,41.2675,41.9050,14959880
2021-07-15,40.0000,42.9975,39.5025,41.7050,17148416
2021-07-16,42.5375,44.8675,41.5750,42.2600,13114376
2021-07-19,40.8250,44.0000,40.3050,43.3725,9736756
2021-07-20,43.4750,48.4100,43.1050,47.7950,12374768
2021-07-21,46.9475,48.8775,45.5275,46.4525,8903440
2021-07-22,46.3250,46.9225,44.0375,44.7125,5638948
2021-07-23,45.2500,45.4000,43.4600,45.0900,5251500
2021-07-26,45.0900,46.5100,44.6900,45.9850,5020664
2021-07-27,45.7500,46.2500,44.1650,44.6350,4822400
2021-07-28,43.9300,44.2800,41.0675,42.2800,16377848
2021-07-29,42.6500,43.4725,41.1275,41.2150,8937876
2021-07-30,41.2500,41.8050,39.7175,40.2800,9492496
2021-08-02,40.5000,40.8975,38.7650,39.4125,10110320
2021-08-03,39.1850,39.7225,37.0500,38.1875,57765692
2021-08-04,38.1825,39.4475,36.4228,36.7000,9533288
2021-08-05,37.0000,39.4000,36.3050,38.3600,9627668
2021-08-06,38.6475,39.1250,37.5775,37.9425,5390912
2021-08-09,37.9500,41.1775,37.6650,40.2825,8981896
2021-08-10,40.3400,41.7250,38.8380,39.7625,6485676
2021-08-11,39.6075,39.7625,38.6550,39.6950,3771608
2021-08-12,39.9700,41.0700,39.3325,40.5875,5270412
2021-08-13,40.1175,40.8875,39.3525,40.6300,4050048
2021-08-16,40.2500,42.4700,39.7900,40.9825,6290244
2021-08-17,40.2975,42.3700,40.2750,40.8875,4856952
2021-08-18,40.8125,41.4000,39.1875,39.2625,5624104
2021-08-19,39.1925,39.4975,37.6950,38.2250,4781020
2021-08-20,38.4500,40.0225,38.3100,39.8250,4605796
2021-08-23,40.5950,41.8225,39.8875,41.2225,5333632
2021-08-24,41.5725,56.2500,41.2875,52.5725,58387184
2021-08-25,51.6625,56.7500,48.2500,49.9125,51406932
2021-08-26,50.1700,54.2500,49.7500,51.3050,24908588
2021-08-27,51.9250,53.2500,50.0050,51.2375,12899096
2021-08-30,51.2500,54.5475,50.7550,52.3000,13213900
2021-08-31,53.1750,55.5750,52.8650,54.5600,14264992
2021-09-01,56.0000,57.8598,52.0050,53.2425,17785052
2021-09-02,53.4650,53.7000,51.5750,53.3800,7404800
2021-09-03,53.0125,54.0675,49.7100,50.6875,10632912
2021-09-07,51.5625,52.4750,49.0250,49.7500,9983696
2021-09-08,50.4650,51.7200,47.6690,49.7000,20313068
2021-09-09,45.0213,50.5000,44.5000,49.7950,30016600
2021-09-10,49.6020,50.5400,47.5000,47.6025,12147028
2021-09-13,48.4375,52.2200,47.8750,50.8500,17302668
2021-09-14,50.1625,51.1550,48.7500,49.8100,8540420
2021-09-15,49.2500,51.2175,48.4378,51.1300,9211332
2021-09-16,50.5825,54.1375,50.2875,51.5925,12194092
2021-09-17,52.0050,53.1225,50.1950,51.2425,15781456
2021-09-20,50.0000,50.7125,46.1375,48.0500,15742456
2021-09-21,49.8400,49.8400,46.5000,47.4875,10509184
2021-09-22,47.4100,48.3750,46.5725,47.5350,9009328
2021-09-23,48.0825,48.9375,47.6500,47.8100,6709812
2021-09-24,47.7500,47.9288,46.0275,46.2900,6718316
2021-09-27,46.4800,48.0125,46.4675,47.3700,5857708
2021-09-28,47.0000,47.7025,44.5000,44.6500,7062412
2021-09-29,45.0225,46.1200,43.6525,43.9800,7590208
2021-09-30,43.7500,46.3625,41.6975,43.8675,12680416
2021-10-01,44.8500,44.8725,43.0625,44.2275,6189164
2021-10-04,43.9875,44.2375,42.6928,42.8400,4765988
2021-10-05,42.7975,43.2925,41.6750,43.0450,5259116
2021-10-06,42.5150,43.2400,41.4525,42.7675,4796060
2021-10-07,43.0000,43.8000,42.6352,43.0300,4628252
2021-10-08,43.1250,43.9300,42.7800,43.1700,3267620
2021-10-11,43.2500,47.1225,43.2500,44.5250,10722496
2021-10-12,45.1250,45.4450,43.4500,43.9550,4922960
2021-10-13,44.5750,47.0525,44.0000,46.0150,7706152
2021-10-14,45.9400,47.5500,45.6500,45.9575,6694368
2021-10-15,46.0000,46.7450,45.2200,45.8200,4790412
2021-10-18,45.7350,47.4675,45.6363,46.5050,6333956
2021-10-19,47.2475,48.0450,46.1000,46.6975,8271496
2021-10-20,46.5825,47.0000,45.4950,46.1300,9088924
2021-10-21,46.1775,47.6750,45.1500,45.4275,9561964
2021-10-22,44.5250,44.8725,41.9500,42.4500,11188228
2021-10-25,42.3550,43.7000,41.8150,43.4925,5756928
2021-10-26,43.3400,46.2500,43.1250,44.4600,8697168
2021-10-27,45.0000,45.7725,43.0825,43.3775,4419964
2021-10-28,43.7900,45.7850,43.7500,45.7125,6778712
2021-10-29,45.7025,46.4375,44.5000,45.8775,9156708
2021-11-01,45.6325,52.1425,45.5125,50.0225,19753420
2021-11-02,49.8375,52.9845,47.9225,51.7475,15371944
2021-11-03,53.5000,63.9225,52.0625,54.5825,45030324
2021-11-04,55.5000,57.2425,52.8875,54.4600,11610680
2021-11-05,55.1600,55.2500,52.2525,53.3125,7235936
2021-11-08,53.1250,56.2600,53.0025,54.6600,8615968
2021-11-09,55.5000,55.8725,51.1100,51.6500,7361992
2021-11-10,50.5300,51.8475,49.1250,49.7975,5214608
2021-11-11,50.0000,52.0225,49.5375,51.0800,4313184
2021-11-12,50.5350,51.3400,49.4700,50.5250,3706272
2021-11-15,50.9650,52.8750,50.4225,52.2850,5856648
2021-11-16,52.2550,53.1425,50.9063,51.7950,4800264
2021-11-17,51.5750,54.4250,51.5000,52.5000,5403196
2021-11-18,52.5625,53.7844,51.8750,52.5300,4015472
2021-11-19,52.2850,57.3475,52.0631,57.2000,12134012
2021-11-22,57.6150,62.4100,57.4363,61.8875,17481944
2021-11-23,60.9600,63.0500,53.1400,53.4750,13379532
2021-11-24,54.3125,55.9975,52.0000,52.9450,5221920
2021-11-26,52.0200,52.9325,49.8000,49.9300,4941108
2021-11-29,51.0000,51.9775,50.2350,50.5025,4423924
2021-11-30,50.0250,50.9865,47.0000,49.0525,6878504
2021-12-01,49.8500,50.0263,44.2525,44.9600,9405004
2021-12-02,46.2500,46.8575,43.2675,45.3900,8342684
2021-12-03,45.2500,45.9825,39.7625,43.0975,16369492
2021-12-06,41.5000,43.3350,40.8000,41.7800,8905132
2021-12-07,43.7950,45.4950,42.6275,44.4525,7879564
2021-12-08,44.1500,45.0625,42.9900,43.4125,10311928
2021-12-09,41.7500,43.1725,37.7500,38.9400,20295200
2021-12-10,39.9575,40.5750,37.0000,39.7525,18073348
2021-12-13,40.0825,40.2225,33.7675,34.2200,21903128
2021-12-14,32.7500,37.5934,32.3750,36.9225,26019752
2021-12-15,36.8650,38.0000,35.2800,37.1475,11034036
2021-12-16,38.2325,38.6100,35.5325,36.1475,8645484
2021-12-17,35.9375,39.6414,34.8328,38.9100,17225788
2021-12-20,38.2975,39.9200,37.4250,39.2850,7298060
2021-12-21,39.2650,40.0625,38.7850,39.5300,5711020
2021-12-22,39.5825,39.7886,38.0300,38.5000,4177180
2021-12-23,38.5000,38.7500,36.5050,38.0350,4210604
2021-12-27,38.0000,38.1553,35.0000,37.0775,6453780
2021-12-28,36.8750,39.3525,36.6025,36.6150,5324100
2021-12-29,36.9625,38.8725,35.5350,38.4825,8140816
2021-12-30,37.7500,40.0000,37.5000,38.8325,6236372
2021-12-31,38.4050,39.1825,37.0250,37.0975,5556488
2022-01-03,37.3075,39.8450,37.3025,38.2100,5654716
2022-01-04,38.0425,38.2475,35.7625,37.2275,7333892
2022-01-05,37.0975,37.2125,32.2875,32.3425,13546160
2022-01-06,33.2100,34.4250,30.2850,32.7575,22512500
2022-01-07,39.9425,40.0775,33.1250,35.1550,48437276
2022-01-10,33.7475,33.9225,30.0000,32.7875,22019416
2022-01-11,32.5250,34.2000,31.8475,32.5750,10309876
2022-01-12,32.5000,32.8300,31.6125,32.0150,6285216
2022-01-13,32.1250,32.6250,30.4225,30.6200,8881496
2022-01-14,30.0375,30.5750,28.0050,29.1625,15384316
2022-01-18,28.2775,28.4375,26.1005,27.2275,15021776
2022-01-19,27.5025,28.2625,26.1025,26.6425,9603104
2022-01-20,26.9750,28.8000,25.4000,25.6675,11618268
2022-01-21,25.2500,27.5525,23.1800,26.5900,22053652
2022-01-24,24.7550,25.7150,21.5725,25.0375,25038520
2022-01-25,24.2300,26.2423,23.7525,24.9475,14255876
2022-01-26,25.2750,29.7500,25.0775,25.8150,33297080
2022-01-27,26.0350,26.7500,23.2216,23.3800,14643776
2022-01-28,23.8500,24.5000,21.9013,24.4775,16395376
2022-01-31,24.4675,27.4550,24.4650,27.2325,13967272
2022-02-01,28.2525,29.1625,27.0662,28.1500,13835336
2022-02-02,27.5875,27.9650,24.5150,25.0100,13079712
2022-02-03,25.3750,26.7350,24.4275,24.8075,10684356
2022-02-04,24.7525,26.0000,23.7700,25.5850,7616724
2022-02-07,25.7475,26.3462,24.6925,25.5850,7032184
2022-02-08,25.4388,29.4179,25.1375,28.9000,19762340
2022-02-09,28.5225,31.1775,28.2500,31.0725,15416744
2022-02-10,29.4875,32.9450,29.0000,30.6175,14801572
2022-02-11,30.6200,32.4667,30.1927,31.0625,11268128
2022-02-14,30.7325,31.3750,29.0375,29.2725,9078164
2022-02-15,30.2400,31.8075,29.8150,31.5400,7911464
2022-02-16,31.1075,33.2125,30.9800,32.0825,7981292
2022-02-17,31.6925,32.7120,30.5550,30.8525,6241924
2022-02-18,31.0500,31.4124,29.5328,30.3825,6194736
2022-02-22,29.5500,30.8325,28.5463,29.5150,6138940
2022-02-23,30.3050,30.8388,28.5700,28.7175,5374048
2022-02-24,26.3825,31.4275,26.0300,31.1450,8978596
2022-02-25,30.8925,31.2425,29.1213,29.6450,6814008
2022-02-28,30.2500,31.5713,29.2225,30.8350,6449880
2022-03-01,30.5475,31.4675,29.5875,29.7550,4374200
2022-03-02,29.8750,30.6675,29.0929,30.4925,5239712
2022-03-03,30.7400,30.9350,29.3075,29.6025,4347864
2022-03-04,29.5025,30.1275,27.6453,27.9150,5910348
2022-03-07,28.7500,28.7500,24.0256,24.8375,12576708
2022-03-08,25.2575,27.2475,24.2715,25.7525,8525044
2022-03-09,26.7450,27.2150,25.8750,26.3025,5593000
2022-03-10,25.9800,26.0143,24.5628,25.1400,5547636
2022-03-11,25.6650,25.7250,23.1725,23.1725,8796024
2022-03-14,23.3575,23.5800,19.3950,19.5275,18088608
2022-03-15,20.5250,21.8900,19.6700,20.6600,14101224
2022-03-16,21.2775,22.5025,20.5000,21.7150,10589488
2022-03-17,21.2750,22.3950,20.8625,21.9250,13568144
2022-03-18,19.9350,24.3625,19.7250,22.6975,35646876
2022-03-21,22.5000,24.8498,22.4400,23.5500,15772824
2022-03-22,23.8500,31.4475,23.6125,30.7850,57331688
2022-03-23,32.5000,37.7325,31.6375,35.2500,98171016
2022-03-24,33.5038,35.8700,31.6900,35.5975,36298128
2022-03-25,35.0100,39.5400,34.5500,37.9875,53404004
2022-03-28,37.9950,47.7100,37.8863,47.3975,65051720
2022-03-29,47.0600,49.8525,40.7500,44.9750,71973632
2022-03-30,43.7500,45.8342,41.2500,41.7125,36370280
2022-03-31,40.7750,43.9363,39.6275,41.6450,43926500
2022-04-01,47.2250,47.4422,38.8150,41.2500,52654136
2022-04-04,41.7450,43.3100,39.1275,42.6825,18518092
2022-04-05,42.0000,42.1075,38.0000,38.3975,15768480
2022-04-06,37.7525,39.8218,37.4250,39.1600,16249448
2022-04-07,38.5275,39.1750,35.3925,37.5000,15293740
2022-04-08,37.2725,37.6777,35.5075,36.5475,10319960
2022-04-11,35.7600,37.0550,35.1525,36.7325,9780740
2022-04-12,36.6250,38.0625,35.4163,36.2175,7978000
2022-04-13,36.0250,38.0325,35.5050,37.6750,8025424
2022-04-14,37.3175,39.1250,36.8050,37.6925,9992840
2022-04-18,37.5000,37.8100,34.3100,35.3650,9848164
2022-04-19,35.7125,38.2450,34.9649,38.1175,9404172
2022-04-20,38.0000,38.0825,36.6625,37.2125,4639268
2022-04-21,37.5000,38.2800,34.9775,35.3900,6723164
2022-04-22,35.6375,36.5750,33.8875,34.5550,6266260
2022-04-25,33.8525,34.9275,33.3210,33.9875,6113224
2022-04-26,33.9100,34.2000,31.5409,31.9000,6169692
2022-04-27,31.8175,33.1700,31.1460,32.4600,5216924
2022-04-28,32.5700,33.1509,30.1250,32.3275,7070100
2022-04-29,31.8250,32.7225,30.7525,31.2675,5136740
2022-05-02,30.9125,31.3475,28.1750,29.8925,10159616
2022-05-03,29.6200,31.1084,28.6050,30.1075,7299692
2022-05-04,29.8025,31.9375,28.9300,31.7700,6613284
2022-05-05,30.9850,31.1696,28.7800,29.7825,7001696
2022-05-06,29.3200,30.1400,27.5575,28.6750,7139436
2022-05-09,27.6950,27.6950,24.5200,24.6975,13240228
2022-05-10,25.7450,26.5150,22.0000,23.3750,16589468
2022-05-11,23.3675,23.8175,20.0000,20.3325,16630480
2022-05-12,20.7600,27.0150,19.4425,22.3925,40032736
2022-05-13,24.7500,26.6939,23.7600,24.5975,23893816
2022-05-16,24.7000,24.7938,22.6950,22.9500,11575044
2022-05-17,23.4750,25.0950,22.8000,25.0950,10419052
2022-05-18,24.0950,24.9600,22.5428,22.8700,11534592
2022-05-19,22.8050,25.4945,22.5400,24.7975,12701596
2022-05-20,24.9525,25.6025,22.4375,23.9150,9947020
2022-05-23,24.1425,24.3200,22.8750,24.0325,6976476
2022-05-24,23.5125,23.5500,21.6750,22.2875,8857188
2022-05-25,22.5350,28.8684,22.5350,28.7925,39988240
2022-05-26,29.0000,37.1150,28.6750,32.1150,57830884
2022-05-27,35.2500,35.9250,31.7500,34.3025,30008548
2022-05-31,34.3025,34.9825,30.1300,31.1850,19032572
2022-06-01,30.7050,32.3975,29.2525,30.3500,14912340
2022-06-02,29.7500,34.1250,28.8900,33.5000,27889460
2022-06-03,32.5000,34.5250,31.0584,33.4250,18198312
2022-06-06,33.8250,34.0263,31.7625,32.0250,9519480
2022-06-07,32.5000,37.4725,31.5813,36.6250,24922280
2022-06-08,35.3475,38.2500,33.9575,34.6825,24430000
2022-06-09,34.6975,34.9750,31.8350,32.2450,13113976
2022-06-10,31.5000,32.9825,30.7850,32.2725,11812264
2022-06-13,30.1275,31.1425,28.5750,29.5625,13742972
2022-06-14,29.3925,31.9996,29.0250,31.5425,12714516
2022-06-15,31.2375,32.9900,30.9100,32.3225,10745944
2022-06-16,31.2350,32.3225,30.1452,31.4325,9982652
2022-06-17,31.7150,33.9645,31.5791,33.7850,12317244
2022-06-21,34.5550,36.3500,33.8800,35.0700,12500500
2022-06-22,34.6675,36.1824,34.1075,34.6150,7817632
2022-06-23,35.4100,35.9975,34.1825,35.5050,6605468
2022-06-24,35.7500,37.0925,32.8825,33.8025,15291796
2022-06-27,34.1175,34.2637,31.8250,32.4225,9721532
2022-06-28,32.7525,32.8325,30.5700,31.0950,6609456
2022-06-29,30.3875,31.6225,29.8975,30.7150,6816484
2022-06-30,29.8425,31.6475,29.4406,30.5750,6712452
2022-07-01,30.2825,31.2927,29.8225,30.8550,6611636
2022-07-05,30.3750,30.6199,29.7525,30.0575,6033696
2022-07-06,30.1725,30.5700,28.3436,29.3575,9465144
2022-07-07,31.1225,33.8750,30.4525,33.7800,30132744
2022-07-08,31.6650,33.1675,30.6275,32.1350,13173012
2022-07-11,32.1400,32.9350,31.1628,32.5225,7527988
2022-07-12,32.7000,35.6475,31.8150,34.2800,16887460
2022-07-13,33.7500,36.3375,33.7500,35.3200,13656400
2022-07-14,34.7975,37.9875,34.0500,34.0500,20904024
2022-07-15,34.8600,35.5925,33.5075,35.4100,9808720
2022-07-18,36.2500,37.4000,35.7741,36.6600,11138808
2022-07-19,37.4350,39.2100,36.5878,37.9250,12804916
2022-07-20,38.5000,40.4075,38.3500,39.6875,11355256
2022-07-21,39.9300,40.0000,37.2899,38.3675,9247052
2022-07-22,36.8800,38.7000,34.9300,35.7800,10037702
2022-07-25,35.0000,35.5100,33.2500,33.9800,5632383
2022-07-26,32.8700,33.3098,32.1000,32.4300,4849410
2022-07-27,32.9600,34.1200,32.1600,33.7800,4237062
2022-07-28,33.3900,34.4300,32.6600,33.8400,3195412
2022-07-29,33.6800,34.7900,33.0600,34.0100,3970282
2022-08-01,33.8000,35.7100,33.7700,34.7800,4180670
2022-08-02,35.9000,36.8000,35.1200,35.8400,4683485
2022-08-03,36.2200,38.0100,36.0000,37.9300,5163375
2022-08-04,38.3400,39.8900,37.8900,38.3600,5397770
2022-08-05,37.3700,40.4300,36.5600,40.0200,8078482
2022-08-08,41.2900,47.9900,40.7500,43.4500,17984100
2022-08-09,42.1400,43.1894,39.0000,40.3700,6942542
2022-08-10,42.0000,42.0000,38.6307,40.5300,5422241
2022-08-11,40.9100,41.9700,39.3500,39.4500,5123683
2022-08-12,40.0000,41.4300,39.1503,40.7400,5060680
2022-08-15,39.7500,40.3900,38.8061,39.6800,5230602
2022-08-16,39.1700,45.5300,38.6000,42.1900,23563961
2022-08-17,42.1750,44.3600,40.4100,40.5200,9697047
2022-08-18,39.2700,40.0700,37.3400,37.9300,7859876
2022-08-19,35.1800,37.1900,34.6700,36.4900,9521498
2022-08-22,34.3100,36.2000,34.2000,34.5000,5789261
2022-08-23,34.7000,34.9900,33.4512,33.5300,4829727
2022-08-24,34.0000,34.9350,32.4400,32.5000,5581048
2022-08-25,32.8400,32.8900,31.5014,31.9600,4717121
2022-08-26,31.5000,32.3800,30.6300,30.9400,4274772
2022-08-29,30.4800,32.7499,30.3800,31.5500,4276830
2022-08-30,31.6200,31.8713,29.4200,29.8400,5052340
2022-08-31,29.2500,29.9600,28.2600,28.6400,5144584
2022-09-01,28.0000,28.9100,26.9500,27.6300,5278423
2022-09-02,28.2600,28.7400,26.9300,27.3600,4674651
2022-09-06,25.7500,26.7200,24.6658,25.1400,6996952
2022-09-07,24.7300,25.1900,23.4200,24.0400,12287338
2022-09-08,25.0000,26.7400,24.0700,25.8300,14108564
2022-09-09,26.3000,29.0800,26.1000,28.9200,7895046
2022-09-12,29.0300,30.3399,28.0000,29.2400,6166157
2022-09-13,27.4000,28.6100,27.3204,27.8500,3647622
2022-09-14,27.5600,28.4500,26.6500,28.1300,3597060
2022-09-15,27.8600,29.0734,27.8600,28.6100,3306396
2022-09-16,28.3300,28.8000,27.7807,28.6400,4645874
2022-09-19,28.3350,29.6459,28.1500,28.9600,3397766
2022-09-20,29.2800,29.3300,27.1750,27.5400,3136268
2022-09-21,27.4500,28.9900,26.7700,26.8600,3839398
2022-09-22,27.1700,27.2732,24.3800,24.7000,4336895
2022-09-23,24.1500,25.1499,24.0600,25.0400,3612367
2022-09-26,24.6600,25.8700,24.1200,24.4800,3433596
2022-09-27,25.4700,26.3900,25.1300,26.1300,4478942
2022-09-28,25.8900,27.5000,25.6200,27.3100,2606900
2022-09-29,27.0800,27.6900,24.6900,25.4600,4113721
2022-09-30,25.0300,25.8200,24.4400,25.1300,3143052
2022-10-03,25.1400,25.6300,24.2100,25.3800,2648635
2022-10-04,25.9500,27.8250,25.9500,27.6000,4576926
2022-10-05,26.7700,26.9800,25.4300,26.3900,2981336
2022-10-06,26.2900,26.9990,25.8000,25.9900,2409876
2022-10-07,25.8400,25.8400,24.4200,25.3500,3259239
2022-10-10,25.3700,26.5000,24.7500,25.0000,2911864
2022-10-11,24.8700,26.3000,23.9501,25.2700,4185665
2022-10-12,25.9600,26.8900,25.2700,25.3600,3276415
2022-10-13,24.4200,26.5900,23.9100,25.5600,3513020
2022-10-14,25.7700,26.3700,24.6300,24.6300,2773099
2022-10-17,25.3700,26.4100,25.2400,25.9600,3160005
2022-10-18,27.1000,27.7400,26.1300,26.6700,4386290
2022-10-19,26.0000,26.1800,24.2700,24.5400,5309810
2022-10-20,24.6500,25.4490,24.0700,24.4100,5142204
2022-10-21,24.1500,25.3300,24.1000,25.3000,3031051
2022-10-24,25.0000,25.1900,24.1100,24.7100,3106795
2022-10-25,24.8150,27.7900,24.8000,26.8700,7777714
2022-10-26,26.3700,27.4800,25.3200,25.4200,3856717
2022-10-27,25.7500,26.3300,25.2000,25.9300,2367268
2022-10-28,26.8800,28.7900,26.4200,28.1700,8062163
2022-10-31,31.2200,34.9900,27.9100,28.3100,23958885
2022-11-01,29.4000,29.6900,27.6200,28.3900,5130571
2022-11-02,27.9000,28.7500,26.5000,26.6200,4124018
2022-11-03,26.0000,27.2850,26.0000,26.2900,3377743
2022-11-04,26.6000,27.0300,25.3400,26.5100,4133134
2022-11-07,26.2500,26.3000,24.8000,25.7600,3252871
2022-11-08,25.3300,25.8500,24.1100,25.1400,4686650
2022-11-09,24.5500,24.6700,21.8900,23.1100,8455948
2022-11-10,24.6200,25.6969,23.9100,24.8800,6083704
2022-11-11,24.7800,26.1200,24.1500,26.1000,3977616
2022-11-14,26.3000,27.3800,25.6100,26.0500,4351089
2022-11-15,26.5900,28.2400,26.2700,27.5900,5382967
2022-11-16,26.6200,27.3500,26.3700,27.1400,2432702
2022-11-17,26.3000,27.7600,26.1500,27.7600,2455181
2022-11-18,28.1600,28.6999,26.8300,27.6000,3073485
2022-11-21,26.6600,27.8300,24.8550,25.1600,4386534
2022-11-22,25.1300,26.4500,24.7000,26.3000,4234947
2022-11-23,25.9200,27.1400,25.9200,26.7000,2731210
2022-11-25,26.5000,27.0500,26.1400,26.1700,1122700
2022-11-28,25.7900,26.4400,25.2101,25.2900,2438798
2022-11-29,25.5800,26.3500,25.3200,25.6000,2026452
2022-11-30,25.9000,26.2300,24.9100,26.2100,3718688
2022-12-01,26.0000,27.5000,25.1800,26.6000,7605689
2022-12-02,26.2500,27.8700,26.1100,27.5200,4568187
2022-12-05,27.3100,27.4800,25.4400,25.5600,4966796
2022-12-06,25.4100,25.5761,23.1100,23.3900,7682424
2022-12-07,23.4000,23.6100,21.9700,22.2600,9921679
2022-12-08,22.0000,25.0000,21.9700,24.7900,10234709
2022-12-09,24.5900,24.5900,22.5900,22.6300,5311454
2022-12-12,22.6600,23.1500,22.1800,22.6700,3742479
2022-12-13,23.5500,23.7000,20.8250,21.0000,6288342
2022-12-14,21.1900,22.0000,21.0100,21.0500,4593308
2022-12-15,20.7400,21.4400,20.2400,20.5800,6429106
2022-12-16,20.4800,21.1150,20.0100,20.8000,9371295
2022-12-19,20.5500,20.8900,19.5925,19.9200,3691471
2022-12-20,19.8600,21.3200,19.6238,20.2600,4474409
2022-12-21,20.4000,20.9000,20.1800,20.5600,2788483
2022-12-22,20.5000,20.5000,18.5000,19.8100,5333024
2022-12-23,20.0000,20.6300,19.6500,20.0800,3171131
2022-12-27,19.9100,19.9900,18.0000,18.2000,4224008
2022-12-28,18.2900,18.7000,16.9800,17.9200,5663371
2022-12-29,18.1200,18.5700,17.7500,18.3300,3434762
2022-12-30,17.9500,18.5750,17.9000,18.4600,2663018
2023-01-03,18.6400,19.2600,17.0910,17.2000,5132225
2023-01-04,17.2500,17.9300,16.9000,17.3200,3937066
2023-01-05,17.0600,17.2600,15.8900,16.2200,6053222
2023-01-06,16.0000,16.5700,15.4100,16.4600,4813810
2023-01-09,16.6500,17.1300,16.3600,16.3800,3510127
2023-01-10,16.3000,18.0900,16.2500,17.7700,4383633
2023-01-11,18.1900,20.0500,17.8600,19.0400,8361415
2023-01-12,19.0400,20.6300,18.3400,20.6300,5858653
2023-01-13,19.8800,21.1100,19.8000,20.4900,5480316
2023-01-17,20.4900,21.9400,20.3700,21.8000,5396613
2023-01-18,22.0100,22.1500,20.5000,20.7900,5626780
2023-01-19,20.4400,20.4500,18.8200,19.0400,4500863
2023-01-20,19.0500,20.0699,18.9000,19.6100,3548963
2023-01-23,19.5000,22.4900,19.3700,21.6600,7169660
2023-01-24,21.3000,22.0900,21.0000,21.4000,2367027
2023-01-25,20.5900,20.8400,19.5300,20.2300,3502356
2023-01-26,20.6100,21.1685,19.3800,20.0100,3512476
2023-01-27,19.8000,23.3100,19.4100,22.8200,11868013
2023-01-30,22.5000,23.4800,21.1300,21.2500,4945292
2023-01-31,21.4100,22.0500,21.3000,21.8700,3120343
2023-02-01,21.4900,22.1200,20.5500,21.8300,4497361
2023-02-02,22.4400,24.4000,22.2200,22.7000,7645949
2023-02-03,22.0100,23.9261,21.8000,22.2500,4929730
2023-02-06,21.8800,24.8800,21.7702,23.8600,8637663
2023-02-07,23.0000,23.0500,20.5000,21.2200,9082289
2023-02-08,21.4300,21.5500,20.6100,21.1000,2841443
2023-02-09,21.2500,21.6450,19.6700,19.6700,4488277
2023-02-10,19.5600,20.0399,19.0500,19.2700,2894864
2023-02-13,19.3000,19.9400,19.0100,19.6900,2295281
2023-02-14,19.3100,20.0100,19.1000,19.8700,2740289
2023-02-15,19.8000,21.8000,19.5900,21.8000,7132818
2023-02-16,21.2500,22.4200,20.8500,21.6000,3870206
2023-02-17,21.2700,22.0699,21.1500,21.9900,2836526
2023-02-21,21.3300,21.8300,20.6250,20.6600,3095507
2023-02-22,20.5300,21.1864,20.3331,20.5200,2163080
2023-02-23,20.6600,20.8700,19.5300,20.1400,2857223
2023-02-24,19.7100,20.0800,19.5400,19.5400,2273493
2023-02-27,19.6100,19.7000,18.8900,19.1000,3996178
2023-02-28,19.0600,19.5200,18.9500,19.2300,3365993
2023-03-01,18.9200,19.0900,18.1400,18.1500,4194961
2023-03-02,18.1500,18.4000,17.6200,18.1900,2622125
2023-03-03,18.1900,19.1000,18.1000,18.7000,2501372
2023-03-06,18.5200,19.5000,18.5200,18.6500,2813108
2023-03-07,18.5400,18.8350,18.0600,18.0600,2368544
2023-03-08,18.0500,18.3800,17.6301,18.1700,3273100
2023-03-09,18.0650,18.3800,17.4750,17.5200,2642494
2023-03-10,17.5300,17.7657,16.8500,17.2500,2835656
2023-03-13,16.7700,17.3531,16.5200,16.7500,2949815
2023-03-14,17.3700,17.4099,16.4020,16.9100,3068529
2023-03-15,16.5000,16.6900,15.6950,15.9500,4525769
2023-03-16,16.0000,16.7689,15.5300,16.7600,4082981
2023-03-17,16.6200,16.7200,15.9193,16.6000,5092057
2023-03-20,16.6500,17.2700,16.2500,16.8700,4454978
2023-03-21,17.1500,18.3500,17.1400,17.6500,13512154
2023-03-22,26.6000,27.0000,23.0500,23.8700,66708222
2023-03-23,22.5700,24.5900,22.1300,22.5800,11127413
2023-03-24,22.3200,23.9900,22.1000,23.9800,8756407
2023-03-27,23.9900,24.0100,22.6900,23.0000,4570221
2023-03-28,22.9700,23.5400,22.2200,23.1500,5699479
2023-03-29,23.0800,23.6965,22.2200,22.4600,4149413
2023-03-30,22.6000,22.8300,22.1076,22.5000,3471151
2023-03-31,22.3500,23.0650,22.1500,23.0200,3872027
2023-04-03,22.9400,23.8500,22.6600,23.1700,4260614
2023-04-04,22.7500,23.1400,22.0901,22.3500,3418374
2023-04-05,22.4700,22.4700,21.2300,22.0700,3629478
2023-04-06,22.0000,22.6700,21.7700,22.4000,2504342
2023-04-10,21.8500,22.4299,21.8200,22.3700,2171065
2023-04-11,22.5700,23.1650,22.4200,22.6900,2538289
2023-04-12,22.9000,23.2800,22.2600,22.2600,2135116
2023-04-13,22.5000,22.8500,22.3300,22.5500,1800152
2023-04-14,22.7400,23.2500,22.3200,22.4600,2311609
2023-04-17,22.2700,22.6800,22.1400,22.2800,2062091
2023-04-18,22.1400,22.3200,21.5000,21.6100,2742598
2023-04-19,21.2800,21.8700,20.9602,21.3100,2525742
2023-04-20,20.8800,21.5700,20.0600,20.2200,2973750
2023-04-21,20.2000,20.6200,20.1000,20.4900,2081858
2023-04-24,20.1500,20.4100,19.8100,19.9300,2739993
2023-04-25,19.7400,20.0400,18.9100,19.0000,2552218
2023-04-26,18.9800,19.2300,18.6500,18.6500,2284487
2023-04-27,18.7500,19.3376,18.7200,18.9400,2231023
2023-04-28,18.9200,19.7200,18.8800,19.2900,2834781
2023-05-01,19.1600,19.2500,18.4600,18.5500,2351718
2023-05-02,18.4500,18.5800,18.0600,18.5800,1915032
2023-05-03,18.5600,19.2000,18.5300,18.9000,3173924
2023-05-04,19.2500,19.4800,18.9183,19.3500,2040860
2023-05-05,19.6200,20.8793,19.5100,20.4200,4353618
2023-05-08,20.4600,20.9900,20.0904,20.5100,2400182
2023-05-09,20.1600,20.6500,20.1204,20.2400,1518986
2023-05-10,20.4500,20.9600,20.3800,20.7600,2138751
2023-05-11,20.6900,21.1600,20.5100,20.8800,1648860
2023-05-12,20.8300,20.9800,20.2300,20.6900,2003889
2023-05-15,20.6200,21.6331,20.4900,21.6200,2597805
2023-05-16,21.5000,22.1000,21.4150,21.9900,2497001
2023-05-17,21.9900,23.2500,21.8950,22.8700,4569851
2023-05-18,22.9000,23.3000,22.6800,23.0500,2139327
2023-05-19,22.9400,22.9850,21.7500,22.0600,2665664
2023-05-22,22.1000,24.3600,21.9900,24.2100,6239801
2023-05-23,23.8900,23.9000,22.8003,23.1600,3783695
2023-05-24,23.1300,23.5200,22.7338,23.2700,1895098
2023-05-25,23.5000,23.6851,22.7100,23.3500,2491137
2023-05-26,23.4700,23.7100,23.0600,23.2500,2256411
2023-05-30,23.3500,24.6900,23.3000,24.5700,5026108
2023-05-31,24.5100,24.8000,23.8800,24.0500,4263353
2023-06-01,24.0400,24.6600,23.7800,24.1000,3838281
2023-06-02,24.2900,24.9300,24.2800,24.6400,3293119
2023-06-05,24.5300,25.8400,24.1600,24.3100,4193150
2023-06-06,24.0100,25.2474,24.0000,24.6900,3951638
2023-06-07,26.2000,26.5500,25.0700,26.1100,17546939
2023-06-08,20.3000,22.0000,20.1000,21.4400,19176163
2023-06-09,21.7800,23.4296,21.5000,22.6800,10316898
2023-06-12,22.8450,24.3000,22.7415,24.3000,7130801
2023-06-13,26.2000,27.6500,25.0300,26.9500,17134984
2023-06-14,26.7200,27.0800,24.9000,25.7000,7227067
2023-06-15,25.4100,26.1696,24.6420,24.8400,5484984
2023-06-16,25.0200,25.1100,24.4200,24.5600,4426977
2023-06-20,24.4100,24.6500,23.7200,24.5800,3249624
2023-06-21,24.8400,25.1000,24.1000,24.4300,2396563
2023-06-22,24.1250,24.3300,23.7600,24.3200,1889530
2023-06-23,23.7800,24.1500,23.6800,23.7000,2229814
2023-06-26,23.3800,24.0300,22.9100,23.0200,2520401
2023-06-27,23.2900,23.6000,23.0000,23.5800,2136849
2023-06-28,23.4400,25.1000,23.4000,24.9800,3485400
2023-06-29,24.9600,25.4700,24.6200,24.9000,3098115
2023-06-30,24.9700,25.1300,24.2500,24.2500,2797223
2023-07-03,24.2900,25.1100,24.2100,24.9100,1806580
2023-07-05,24.6400,24.8500,23.7900,23.9000,2261859
2023-07-06,23.5200,23.5700,22.8200,22.8300,2383377
2023-07-07,22.9700,23.5300,22.6709,22.7100,2439642
2023-07-10,22.6100,23.5600,22.0000,23.5400,3312363
2023-07-11,23.2000,24.4400,23.2000,23.9100,3056702
2023-07-12,24.2500,24.3100,23.4400,23.4400,1732269
2023-07-13,23.5400,23.9800,23.4200,23.4600,1907409
2023-07-14,23.4900,23.7184,22.9400,22.9700,2174219
2023-07-17,22.8800,23.3100,22.7000,22.8200,2025250
2023-07-18,22.7200,23.8000,22.6800,23.0800,2339355
2023-07-19,23.4200,23.5800,22.9600,23.1700,2234748
2023-07-20,23.0100,23.2200,22.6600,22.9100,2254830
2023-07-21,23.0500,23.2200,22.1600,22.1800,3132131
2023-07-24,22.4200,23.0400,22.2000,23.0400,2960704
2023-07-25,23.1000,23.1000,22.5300,22.8500,1667690
2023-07-26,22.7000,22.9900,22.4800,22.7000,1485298
2023-07-27,22.9400,23.4900,22.1302,22.2200,3343944
2023-07-28,22.0200,22.4900,21.7900,21.9300,2641723
2023-07-31,22.0000,22.3800,21.8493,22.2000,1972956
2023-08-01,21.9500,22.0000,21.2600,21.5000,2566674
2023-08-02,21.1500,21.1500,20.3400,20.8300,2625801
2023-08-03,20.8800,21.1800,20.7400,20.9300,1318600
2023-08-04,20.9500,21.8900,20.8900,20.9800,2399798
2023-08-07,20.9000,21.2400,20.4800,21.0700,1440177
2023-08-08,20.7000,20.8950,20.2800,20.7400,1420322
2023-08-09,20.8500,20.8500,19.8200,19.9300,2923831
2023-08-10,20.0000,20.2900,19.8700,20.1900,1429796
2023-08-11,20.0300,20.3800,19.9700,20.1900,1497807
2023-08-14,19.7500,20.0100,19.0800,19.9600,3323235
2023-08-15,19.7700,19.7800,19.0900,19.3300,2280500
2023-08-16,19.1800,19.3400,18.5500,18.5900,3011471
2023-08-17,18.7900,18.8100,18.3000,18.3800,2050256
2023-08-18,18.1800,18.6600,18.1400,18.3600,2023349
2023-08-21,18.3000,18.8225,18.2000,18.4800,2855531
2023-08-22,18.6200,18.6200,17.2500,17.2600,3781440
2023-08-23,17.2500,17.3400,16.8800,16.8900,2895501
2023-08-24,16.9400,16.9800,16.1800,16.3600,3612157
2023-08-25,16.5000,17.1800,16.4500,17.1300,3412635
2023-08-28,17.3500,18.1100,17.2500,17.5700,3005061
2023-08-29,17.6000,18.5500,17.6000,18.2400,2700493
2023-08-30,18.2000,18.5250,17.9100,18.3700,1880982
2023-08-31,18.4100,19.4200,18.1500,18.5500,4669138
2023-09-01,18.6600,18.7300,18.3200,18.4200,2131715
2023-09-05,18.4500,19.3399,18.2600,19.2300,3768932
2023-09-06,19.0600,19.1500,18.4200,18.7500,5911423
2023-09-07,19.1300,19.4800,17.6100,18.8900,4970275
2023-09-08,18.1500,18.5000,17.3500,17.7100,4688908
2023-09-11,17.8500,17.8500,16.9000,17.0200,3502903
2023-09-12,17.5300,18.5000,17.1900,17.2300,5169006
2023-09-13,17.3100,17.9300,17.2700,17.8100,3009997
2023-09-14,17.8000,18.5200,17.6000,18.3300,3072255
2023-09-15,18.3600,18.6100,18.1500,18.2200,6158044
2023-09-18,17.9900,18.1000,17.3500,17.5500,3689591
2023-09-19,17.5900,17.6350,17.1300,17.5200,2584102
2023-09-20,17.6300,17.9300,17.4500,17.5200,2127540
2023-09-21,17.2800,17.3150,16.6500,17.0200,2910624
2023-09-22,17.1800,17.3500,17.0000,17.1800,2100155
2023-09-25,17.0000,17.7200,16.8500,17.6700,2170516
2023-09-26,17.3800,17.8175,16.7800,16.7800,2717012
2023-09-27,16.8700,17.2600,16.8100,17.1500,1676455
2023-09-28,18.0200,18.1000,16.4400,16.8400,7410812
2023-09-29,17.0500,17.2600,16.4000,16.4600,3388026
2023-10-02,16.3000,16.3100,15.2550,15.3900,6076158
2023-10-03,15.2900,15.2900,14.5681,14.6000,4498724
2023-10-04,14.7700,14.9400,14.4400,14.8700,2579588
2023-10-05,14.7000,14.9800,14.5800,14.7100,1939942
2023-10-06,14.5900,15.2550,14.5800,15.0800,2456960
2023-10-09,14.7700,15.5000,14.7200,15.4000,2273889
2023-10-10,15.5000,16.1900,15.4000,16.0000,2911805
2023-10-11,16.0100,16.0850,15.7400,15.8200,2095552
2023-10-12,15.7700,15.8000,14.8200,15.0900,3174424
2023-10-13,14.9200,15.1050,14.7800,14.9200,1822778
2023-10-16,14.8100,14.9300,14.1500,14.4300,3502889
2023-10-17,14.2500,14.8280,14.1000,14.1200,3833731
2023-10-18,14.0000,14.2500,13.8101,13.8500,4023959
2023-10-19,13.8000,13.8500,12.9000,13.1600,5796367
2023-10-20,13.1800,13.8000,13.1200,13.4400,3654336
2023-10-23,13.2800,13.5900,13.0400,13.4400,2782253
2023-10-24,13.5900,14.3000,13.5520,14.0400,3735335
2023-10-25,14.0100,14.0100,13.6050,13.7100,1964254
2023-10-26,13.7300,13.8000,13.4100,13.5000,2031202
2023-10-27,13.5100,13.6150,13.0200,13.1200,2475742
2023-10-30,13.1500,13.2700,12.5900,12.8000,3470259
2023-10-31,12.8500,13.9000,12.8200,13.7700,4566714
2023-11-01,13.7800,13.8000,13.0100,13.0100,3426080
2023-11-02,13.3700,13.6950,13.2750,13.6400,3558715
2023-11-03,13.9000,14.4000,13.8314,13.8700,2962222
2023-11-06,13.9900,14.0450,13.4850,13.5300,2158371
2023-11-07,13.4700,13.7900,13.2300,13.6400,2353566
2023-11-08,13.5100,13.7600,13.2800,13.2800,1699398
2023-11-09,13.2500,13.3229,12.7000,12.7000,2743602
2023-11-10,12.8100,12.9700,12.3500,12.5400,3871621
2023-11-13,12.5000,12.5300,11.8250,12.1400,4313653
2023-11-14,12.7500,13.3900,12.6900,12.9000,5184232
2023-11-15,13.1500,13.5000,13.0300,13.2700,4116923
2023-11-16,13.1400,13.1900,12.5200,12.5300,3422737
2023-11-17,12.5200,13.0550,12.5200,13.0300,3413908
2023-11-20,13.0000,13.2000,12.8000,12.8000,2294870
2023-11-21,12.6500,12.7200,12.2550,12.5500,3706217
2023-11-22,12.5600,12.7100,12.1901,12.2900,2358682
2023-11-24,12.2200,12.4100,12.1750,12.2000,1232474
2023-11-27,12.1800,12.3300,11.8900,11.9100,3702802
2023-11-28,11.9000,13.5500,11.8900,13.4900,13506043
2023-11-29,15.4900,17.5600,14.7000,16.2500,61013952
2023-11-30,16.2900,16.3300,14.3150,14.5500,16497518
2023-12-01,14.5200,15.9900,14.5000,15.3000,13346011
2023-12-04,15.2900,17.4100,14.9119,16.9800,20061807
2023-12-05,16.4700,16.7200,14.8700,14.9100,14143430
2023-12-06,15.3600,15.7000,14.6400,14.8400,11113982
2023-12-07,13.7100,16.5200,13.5600,16.3600,19378398
2023-12-08,15.8300,16.4800,15.4700,15.5500,10289903
2023-12-11,15.4500,15.6900,14.9750,15.0700,4857672
2023-12-12,15.1200,15.3600,14.8400,15.2200,4164262
2023-12-13,15.2200,16.8000,15.1900,16.6900,8958611
2023-12-14,17.1400,17.8750,16.8000,17.4400,10635877
2023-12-15,17.4000,17.5800,17.0102,17.2600,6913850
2023-12-18,17.2400,18.5100,17.1000,17.8600,7303948
2023-12-19,17.8900,18.5900,17.2300,17.7200,5410742
2023-12-20,17.5300,18.3799,16.8900,16.9300,5467126
2023-12-21,17.1900,17.3352,16.5912,16.9800,3818253
2023-12-22,16.7800,17.2000,16.4500,16.9700,3292508
2023-12-26,16.9800,17.4099,16.8200,17.3600,3026858
2023-12-27,17.4300,18.3700,17.3669,18.3700,4735248
2023-12-28,18.0500,18.3201,17.8500,18.0700,3551582
2023-12-29,18.0400,18.1600,17.4600,17.5300,4503145
2024-01-02,17.2500,17.5950,16.5800,16.6700,4410442
2024-01-03,16.3000,16.8250,15.9001,16.6900,4156398
2024-01-04,16.5100,16.7500,16.3100,16.3600,2657284
2024-01-05,16.1600,16.5199,15.9600,15.9600,2577504
2024-01-08,15.7800,16.1200,15.7000,15.7900,2972412
2024-01-09,15.5900,15.6200,15.1201,15.1600,3077642
2024-01-10,15.1200,15.7600,14.9700,15.7300,3163729
2024-01-11,15.6500,15.8000,15.2400,15.2500,2971192
2024-01-12,15.3000,15.6200,14.7300,14.7500,2449103
2024-01-16,14.6000,14.6200,13.9300,13.9800,3563495
2024-01-17,13.8600,14.1100,13.7100,14.0800,2690931
2024-01-18,14.2000,14.7650,14.0500,14.2900,3865274
2024-01-19,14.3600,14.6000,14.0850,14.5100,2362312
2024-01-22,14.5000,15.1619,14.3000,14.9000,3589325
2024-01-23,15.0000,15.0247,14.0500,14.1800,3467469
2024-01-24,14.2800,14.3800,13.8200,13.9500,2493465
2024-01-25,13.9700,14.5399,13.9200,14.5200,3611643
2024-01-26,14.4400,14.7200,14.4100,14.4900,2267440
2024-01-29,14.5000,14.8050,14.3150,14.7800,2139025
2024-01-30,14.5400,14.8200,14.5100,14.5500,1627366
2024-01-31,14.4000,14.8300,14.2200,14.2300,2677061
2024-02-01,14.3400,14.4200,14.0200,14.4200,2190501
2024-02-02,14.1500,14.9200,14.0800,14.7300,2833818
2024-02-05,14.5000,14.6100,13.4000,13.4600,4316096
2024-02-06,13.6000,14.3000,13.4300,14.1000,3036201
2024-02-07,14.1200,14.3000,13.7805,14.0700,1934157
2024-02-08,14.0100,14.4400,13.8900,14.3500,1823800
2024-02-09,14.3700,15.2300,14.3000,14.6600,3502281
2024-02-12,14.5800,15.2200,14.5300,14.7300,2725052
2024-02-13,14.2000,14.3997,13.7650,14.1700,3765971
2024-02-14,14.3300,14.4300,14.0500,14.4100,2466557
2024-02-15,14.5400,14.7500,14.2300,14.5100,2383035
2024-02-16,14.4600,14.5334,14.1000,14.1200,2244532
2024-02-20,13.9600,14.0477,13.1600,13.4900,3745295
2024-02-21,13.4600,13.6700,13.2301,13.4100,1706635
2024-02-22,13.5000,13.6500,13.3350,13.3600,1794960
2024-02-23,13.3000,13.7900,13.1200,13.5100,2296424
2024-02-26,13.3100,13.7450,13.2000,13.6800,2266720
2024-02-27,13.7000,14.2901,13.6800,14.2100,2664209
2024-02-28,14.0000,14.4700,13.8900,14.2400,2400457
2024-02-29,14.3400,14.6500,14.0300,14.2700,2588970
2024-03-01,14.1800,15.0900,13.9910,14.9500,4859385
2024-03-04,14.9300,15.5885,14.8300,15.2200,4346558
2024-03-05,14.9500,15.2800,14.7800,15.0000,3129289
2024-03-06,15.2200,15.8850,14.9400,15.2600,3797454
2024-03-07,15.2600,15.5100,15.0500,15.2600,2091227
2024-03-08,15.4000,15.6300,14.5150,14.6500,3159412
2024-03-11,14.6400,14.9400,14.3600,14.4300,2104057
2024-03-12,14.3500,14.8350,14.0900,14.7200,2366469
2024-03-13,14.6900,15.2000,14.6200,14.8700,2874717
2024-03-14,14.8000,15.0200,14.4000,14.6300,2525332
2024-03-15,14.5500,14.8300,14.2100,14.2400,4400285
2024-03-18,14.2500,14.3000,13.9000,13.9100,3439801
2024-03-19,13.7600,13.8940,13.3000,13.4100,3845166
2024-03-20,13.4700,13.7897,13.2100,13.4800,3806705
2024-03-21,13.5600,14.0200,13.4800,13.6600,3355319
2024-03-22,13.7600,13.9500,13.0100,13.1000,4356626
2024-03-25,13.4200,15.1479,13.3121,15.1200,9988330
2024-03-26,15.1500,15.6300,14.7500,15.5000,14255948
2024-03-27,13.0500,13.7200,12.8000,13.1700,17697071
2024-03-28,13.1900,13.1900,12.4700,12.5200,8386680
2024-04-01,12.6300,12.6700,11.5450,11.9900,8999567
2024-04-02,11.8400,11.9900,11.2600,11.2800,6266491
2024-04-03,11.2200,11.5000,10.9000,11.3800,4304364
2024-04-04,11.5000,11.8250,11.3799,11.5300,4265363
2024-04-05,11.3000,11.5000,10.9700,11.2500,4741960
2024-04-08,11.3000,11.3650,10.8300,10.8300,3503826
2024-04-09,10.8500,11.1750,10.7300,11.0100,3440194
2024-04-10,10.9000,11.0700,10.7501,10.8500,3518061
2024-04-11,10.9100,11.3900,10.8000,11.2900,3785610
2024-04-12,11.2100,11.2300,10.7600,10.7700,3163607
2024-04-15,10.8100,10.8400,10.0600,10.0600,5055231
2024-04-16,10.0000,10.5500,9.9500,10.3700,3993772
2024-04-17,10.4400,10.5900,10.3000,10.3000,2078307
2024-04-18,10.3200,10.6250,10.2700,10.3100,2163972
2024-04-19,10.2000,10.4950,10.2000,10.4200,2441920
2024-04-22,10.4100,10.4450,10.0100,10.0100,3207912
2024-04-23,10.0500,10.2800,10.0100,10.1600,2499496
2024-04-24,10.1600,10.9400,10.1600,10.9300,4766680
2024-04-25,10.7000,11.2100,10.4750,11.2100,4866428
2024-04-26,11.1800,12.1900,11.0000,11.9000,7597937
2024-04-29,11.8400,11.9600,11.1750,11.2900,3820156
2024-04-30,11.1800,11.3000,10.9100,11.0900,2820194
2024-05-01,11.0300,11.3200,10.7000,10.9100,2644375
2024-05-02,11.1100,12.8800,10.9600,12.7600,8485145
2024-05-03,12.4200,17.4500,12.3100,16.4700,35127088
2024-05-06,14.9900,17.4000,13.6202,16.3100,47848053
2024-05-07,15.8500,17.2900,14.9300,16.3100,24157070
2024-05-08,16.0500,17.2400,15.3304,15.9200,24523941
2024-05-09,15.9000,18.5100,15.3500,18.0100,24981033
2024-05-10,17.9300,20.2000,16.8800,17.4600,36726162
2024-05-13,26.3400,38.2000,24.7700,30.4500,177275115
2024-05-14,64.8300,64.8300,36.0000,48.7500,196753710
2024-05-15,40.3100,42.3500,31.0000,39.5500,126825167
2024-05-16,33.9800,35.2400,27.5900,27.6700,71745962
2024-05-17,21.8600,22.4100,19.7000,22.2100,93968811
2024-05-20,21.5400,23.4000,18.9400,23.1400,52166479
2024-05-21,22.2400,22.8500,20.0401,22.1200,48417044
2024-05-22,21.5600,22.2500,20.7600,21.1200,42991767
2024-05-23,21.4000,21.4000,18.2600,18.3200,29883491
2024-05-24,18.4200,19.6800,17.7000,19.0000,32348173
2024-05-28,23.1000,26.6600,21.1500,23.7800,103499528
2024-05-29,22.0000,22.9800,21.0501,21.2400,26014233
2024-05-30,21.0200,22.7000,20.1000,22.6100,24015964
2024-05-31,22.5800,23.7200,21.6802,23.1400,21754952
2024-06-03,40.1900,40.5000,26.4000,28.0000,161095763
2024-06-04,26.2600,28.0100,25.2000,26.5000,50580395
2024-06-05,26.3000,31.8400,26.1100,31.5700,70053820
2024-06-06,31.5700,47.5000,31.2800,46.5500,178250147
2024-06-07,37.6900,48.0000,26.1200,28.2200,274465524
2024-06-10,28.9700,29.3400,23.0600,24.8300,128772850
2024-06-11,24.4000,30.9200,22.7900,30.4900,131008248
2024-06-12,29.1700,33.7000,24.8300,25.4600,142879787
2024-06-13,26.5600,29.5800,25.5600,29.1200,98223390
2024-06-14,29.2300,30.6600,27.4100,28.7000,81311574
2024-06-17,28.5500,29.1800,23.7900,25.2200,88996540
2024-06-18,24.5800,25.9700,23.6100,24.7000,37505099
2024-06-20,24.2500,25.9300,23.6500,25.5900,35605498
2024-06-21,25.2400,25.8100,23.5100,23.9300,27319909
2024-06-24,23.2600,24.8300,23.2400,23.6500,21761115
2024-06-25,23.6000,24.9700,22.5500,24.9300,26604023
2024-06-26,24.6000,25.3800,24.0400,24.2000,17218137
2024-06-27,24.1000,26.6900,24.0600,25.0900,34484405
2024-06-28,25.0200,26.1700,24.3100,24.6900,19874542
2024-07-01,23.3500,23.7800,22.3100,23.3300,30419580
2024-07-02,23.2400,24.3199,23.1000,23.9800,13486239
2024-07-03,24.0300,24.8900,23.6500,24.3700,11784730
2024-07-05,24.1800,25.0799,23.8200,24.1800,11598104
2024-07-08,24.1200,25.1400,23.8500,24.4500,11671670
2024-07-09,24.6000,25.1799,24.0000,24.6000,9117984
2024-07-10,25.0000,26.4500,24.9000,24.9700,22041645
2024-07-11,25.4350,26.0200,25.0200,25.5700,12820113
2024-07-12,25.7600,26.8900,25.4200,26.0500,15996626
2024-07-15,25.9800,27.2000,25.6510,27.0000,16840427
2024-07-16,27.7500,28.8300,27.3701,28.5400,22957778
2024-07-17,28.4000,29.7900,27.2400,27.9800,23167599
2024-07-18,27.9800,28.3820,25.6100,25.8800,16758419
2024-07-19,25.5500,26.3900,24.8500,24.9700,12469000
2024-07-22,24.8400,25.9800,24.3800,25.2200,13930546
2024-07-23,25.2200,25.6800,24.8900,25.5000,7740456
2024-07-24,25.1500,25.4500,23.9300,24.0100,9345951
2024-07-25,23.5900,24.5899,23.3600,23.9500,8435826
2024-07-26,24.2800,24.7700,24.1100,24.1300,6721691
2024-07-29,24.2300,24.3800,23.5400,23.6000,7109530
2024-07-30,23.6000,23.8900,22.3400,22.4000,8882954
2024-07-31,22.8600,23.4500,22.6100,22.6700,7855816
2024-08-01,22.9200,23.0900,21.5600,21.7100,9036093
2024-08-02,20.9500,21.6100,20.4300,21.0700,8875010
2024-08-05,18.8300,20.8000,18.7300,20.6500,12020823
2024-08-06,21.0200,21.5800,20.2600,21.2800,6386704
2024-08-07,21.1500,21.4600,20.3800,20.8300,6013898
