Date,Open,High,Low,Close,Volume
1989-05-16,2.3600,2.3725,2.2521,2.2752,13134800
1989-05-17,2.3003,2.3956,2.2752,2.3359,8472000
1989-05-18,2.3600,2.3600,2.3118,2.3234,4792800
1989-05-19,2.3359,2.3956,2.3234,2.3234,6996800
1989-05-22,2.3484,2.4438,2.3359,2.4207,9036800
1989-05-23,2.4322,2.4438,2.3956,2.4207,9790800
1989-05-24,2.4082,2.4207,2.3725,2.3956,3296800
1989-05-25,2.3841,2.4207,2.3003,2.3234,4442800
1989-05-26,2.3234,2.4082,2.3003,2.3956,4432800
1989-05-30,2.4082,2.4207,2.3234,2.3359,2760000
1989-05-31,2.3359,2.3841,2.3234,2.3600,2776000
1989-06-01,2.3600,2.4207,2.3600,2.4082,2788800
1989-06-02,2.4082,2.4207,2.3359,2.3484,3970800
1989-06-05,2.3484,2.3600,2.2637,2.2637,3878800
1989-06-06,2.2521,2.2877,2.1914,2.2155,6526000
1989-06-07,2.2396,2.2637,2.2271,2.2521,4446000
1989-06-08,2.2521,2.3600,2.2521,2.3234,5568000
1989-06-09,2.3003,2.4322,2.3003,2.4207,9040800
1989-06-12,2.4322,2.4804,2.4207,2.4563,7034800
1989-06-13,2.3956,2.4082,2.3484,2.3841,3244000
1989-06-14,2.4082,2.4322,2.3600,2.3725,2004800
1989-06-15,2.3956,2.3956,2.2396,2.2521,5796000
1989-06-16,2.2030,2.3003,2.1673,2.2271,5288800
1989-06-19,2.2271,2.2271,2.1076,2.1548,9342800
1989-06-20,2.1548,2.1799,2.0228,2.0228,4832800
1989-06-21,2.0113,2.1192,1.9988,2.0595,4722000
1989-06-22,2.0595,2.0951,2.0344,2.0595,1516800
1989-06-23,2.0951,2.1433,2.0951,2.1317,4204000
1989-06-26,2.1433,2.1673,2.1317,2.1433,3200000
1989-06-27,2.1548,2.1914,2.0469,2.0595,3488800
1989-06-28,2.0113,2.0228,1.9140,1.9265,11654800
1989-06-29,1.9140,1.9265,1.7820,1.8061,12000800
1989-06-30,1.7820,1.8061,1.6857,1.7820,9602000
1989-07-03,1.7820,1.7936,1.7339,1.7820,2114800
1989-07-05,1.7936,1.7936,1.7580,1.7695,5376000
1989-07-06,1.7695,1.7820,1.7098,1.7580,7210800
1989-07-07,1.7580,1.7936,1.7580,1.7695,3834800
1989-07-10,1.7820,1.8302,1.7695,1.7820,4258800
1989-07-11,1.7936,1.8061,1.6982,1.7098,3130800
1989-07-12,1.6982,1.7339,1.6616,1.7098,2792800
1989-07-13,1.7098,1.7454,1.6732,1.6982,5906800
1989-07-14,1.7223,1.7223,1.5412,1.5894,11988800
1989-07-17,1.5528,1.5528,1.4208,1.4574,26336800
1989-07-18,1.4324,1.4324,1.3004,1.3726,16070800
1989-07-19,1.4083,1.4690,1.3852,1.4574,10936800
1989-07-20,1.4574,1.5287,1.4574,1.4690,8356800
1989-07-21,1.4815,1.4815,1.4324,1.4324,2484000
1989-07-24,1.4208,1.4449,1.3852,1.4324,2244000
1989-07-25,1.4449,1.4815,1.3967,1.4083,3010000
1989-07-26,1.4208,1.4208,1.3486,1.3852,5528800
1989-07-27,1.3967,1.4208,1.3486,1.4083,2730800
1989-07-28,1.4083,1.4083,1.3611,1.3852,2794800
1989-07-31,1.3852,1.3967,1.2638,1.2879,7104800
1989-08-01,1.3004,1.3726,1.2166,1.3611,15396800
1989-08-02,1.3370,1.4449,1.3245,1.4324,4630000
1989-08-03,1.4449,1.4931,1.4324,1.4815,3686800
1989-08-04,1.4574,1.5653,1.4449,1.5528,6314000
1989-08-07,1.5778,1.5894,1.4208,1.4324,6810800
1989-08-08,1.4449,1.4449,1.4083,1.4324,2030000
1989-08-09,1.4083,1.4208,1.3726,1.3967,3914000
1989-08-10,1.3967,1.4208,1.3726,1.3967,1910000
1989-08-11,1.4208,1.4449,1.3967,1.4208,1908000
1989-08-14,1.4083,1.4083,1.3852,1.3967,1824000
1989-08-15,1.3967,1.4083,1.3611,1.3967,2280800
1989-08-16,1.3967,1.4449,1.3726,1.3852,2884000
1989-08-17,1.3967,1.3967,1.3486,1.3852,3050800
1989-08-18,1.3852,1.3967,1.3726,1.3852,2258000
1989-08-21,1.3967,1.3967,1.3486,1.3611,2702000
1989-08-22,1.3486,1.3852,1.3486,1.3611,1898000
1989-08-23,1.3852,1.4449,1.3726,1.4208,2872800
1989-08-24,1.4208,1.4324,1.2763,1.3486,13286800
1989-08-25,1.3120,1.3726,1.3004,1.3486,5136800
1989-08-28,1.3370,1.4208,1.3245,1.4208,5834800
1989-08-29,1.4208,1.4208,1.3370,1.3611,6480800
1989-08-30,1.3486,1.3726,1.3370,1.3726,5598800
1989-08-31,1.3726,1.4083,1.3611,1.3852,5014000
1989-09-01,1.3852,1.3852,1.3245,1.3611,5742800
1989-09-05,1.3611,1.4083,1.3486,1.3726,2086000
1989-09-06,1.3852,1.4083,1.3726,1.3967,3452000
1989-09-07,1.4083,1.4449,1.3726,1.3852,4336800
1989-09-08,1.3967,1.4208,1.3852,1.4083,5526800
1989-09-11,1.4208,1.4690,1.4208,1.4449,5466800
1989-09-12,1.4449,1.4815,1.4324,1.4324,4142800
1989-09-13,1.4324,1.4574,1.3726,1.3726,6014000
1989-09-14,1.3852,1.3852,1.3611,1.3611,2342800
1989-09-15,1.3852,1.4083,1.3611,1.3967,4894800
1989-09-18,1.3967,1.3967,1.3486,1.3611,3616000
1989-09-19,1.3245,1.3726,1.3120,1.3370,3592800
1989-09-20,1.3120,1.3245,1.2166,1.2522,26772000
1989-09-21,1.2407,1.2522,1.2282,1.2522,3864000
1989-09-22,1.2282,1.2522,1.2282,1.2407,3140000
1989-09-25,1.2166,1.3004,1.1916,1.2763,5136800
1989-09-26,1.2763,1.2879,1.2407,1.2522,2116800
1989-09-27,1.2282,1.2638,1.2041,1.2407,5484800
1989-09-28,1.2407,1.2638,1.2282,1.2522,2318800
1989-09-29,1.2407,1.2522,1.2282,1.2522,1288000
1989-10-02,1.2282,1.2522,1.2282,1.2282,2268800
1989-10-03,1.2407,1.2522,1.2166,1.2407,2754000
1989-10-04,1.2407,1.2407,1.2041,1.2166,2460800
1989-10-05,1.2041,1.2522,1.2041,1.2407,3430800
1989-10-06,1.2638,1.2638,1.2282,1.2407,2384000
1989-10-09,1.2407,1.2407,1.1916,1.2166,1292800
1989-10-10,1.2282,1.2407,1.2041,1.2041,2446800
1989-10-11,1.2166,1.2166,1.1800,1.2041,3768000
1989-10-12,1.2041,1.2041,1.1675,1.1800,5482800
1989-10-13,1.1916,1.1916,1.1078,1.1444,4198000
1989-10-16,1.1078,1.1559,1.0471,1.1559,9050800
1989-10-17,1.1444,1.1559,1.1078,1.1318,2798000
1989-10-18,1.1203,1.1559,1.0962,1.1318,2750000
1989-10-19,1.1444,1.1559,1.1318,1.1318,1920000
1989-10-20,1.1444,1.1444,1.1078,1.1203,1812000
1989-10-23,1.1318,1.1444,1.0962,1.1078,2528800
1989-10-24,1.0962,1.1078,1.0837,1.0962,1474800
1989-10-25,1.1078,1.1078,1.0711,1.0837,1368800
1989-10-26,1.0711,1.0837,1.0355,1.0471,2174800
1989-10-27,1.0596,1.0711,0.9392,0.9999,4748800
1989-10-30,0.9873,1.0114,0.9758,0.9873,4022000
1989-10-31,0.9873,1.0230,0.9873,1.0114,3424800
1989-11-01,1.0114,1.0471,0.9873,0.9999,3444800
1989-11-02,0.9873,0.9999,0.9633,0.9758,2518800
1989-11-03,0.9758,0.9999,0.9633,0.9633,1832000
1989-11-06,0.9633,0.9758,0.9267,0.9267,2036800
1989-11-07,0.9633,1.0114,0.9517,1.0114,4240000
1989-11-08,1.0596,1.0962,0.9999,1.0230,6160800
1989-11-09,1.0355,1.1078,1.0355,1.0962,9666000
1989-11-10,1.0962,1.2522,1.0962,1.1675,10968000
1989-11-13,1.1916,1.2041,1.1444,1.1559,3774800
1989-11-14,1.1559,1.1559,1.0962,1.1078,2992800
1989-11-15,1.1078,1.1318,1.0962,1.1078,902800
1989-11-16,1.1203,1.1318,1.0355,1.0711,6078000
1989-11-17,1.0355,1.0471,0.9633,0.9873,4630000
1989-11-20,0.9999,1.0114,0.9758,1.0114,3740800
1989-11-21,1.0114,1.0230,0.9392,0.9758,3274000
1989-11-22,0.9758,0.9999,0.9633,0.9873,5386000
1989-11-24,0.9999,1.0114,0.9873,0.9999,1836000
1989-11-27,0.9999,1.0114,0.9758,0.9873,3368000
1989-11-28,0.9873,0.9873,0.9517,0.9758,2348000
1989-11-29,0.9517,0.9758,0.9517,0.9758,2006800
1989-11-30,0.9633,0.9758,0.9517,0.9633,1860000
1989-12-01,0.9633,0.9873,0.9267,0.9267,2138800
1989-12-04,0.9517,0.9873,0.9267,0.9633,3274800
1989-12-05,0.9517,0.9873,0.9517,0.9758,2920800
1989-12-06,0.9633,0.9758,0.9392,0.9392,2402800
1989-12-07,0.9517,0.9517,0.9151,0.9392,3864000
1989-12-08,0.9392,0.9633,0.9392,0.9633,2872000
1989-12-11,0.9392,0.9633,0.9267,0.9633,3182000
1989-12-12,0.9633,0.9758,0.9517,0.9633,2820800
1989-12-13,0.9517,1.0114,0.9517,1.0114,4234800
1989-12-14,0.9873,1.0114,0.9517,0.9633,9744000
1989-12-15,0.9517,0.9633,0.9151,0.9267,4706800
1989-12-18,0.9267,0.9517,0.8910,0.9151,6552800
1989-12-19,0.9151,0.9392,0.9035,0.9035,4196000
1989-12-20,0.9151,0.9267,0.9035,0.9267,2102000
1989-12-21,0.9151,0.9633,0.9035,0.9517,5770000
1989-12-22,0.9517,0.9873,0.9517,0.9758,4630000
1989-12-26,0.9758,0.9999,0.9633,0.9873,1444000
1989-12-27,0.9873,1.0355,0.9758,0.9873,4454000
1989-12-28,0.9758,0.9873,0.9392,0.9517,1886800
1989-12-29,0.9392,0.9517,0.9267,0.9392,3530000
1990-01-02,0.9267,0.9633,0.9151,0.9633,1588800
1990-01-03,0.9517,0.9999,0.9517,0.9873,2962800
1990-01-04,0.9999,0.9999,0.9392,0.9758,1426000
1990-01-05,0.9758,0.9873,0.9517,0.9517,1506800
1990-01-08,0.9517,0.9758,0.9392,0.9392,1270000
1990-01-09,0.9633,0.9873,0.9633,0.9633,3546800
1990-01-10,0.9517,0.9758,0.9267,0.9517,1494000
1990-01-11,0.9392,0.9517,0.9267,0.9267,904000
1990-01-12,0.9035,0.9267,0.8795,0.9035,2284000
1990-01-15,0.9267,0.9267,0.8544,0.8669,2210000
1990-01-16,0.8544,0.9035,0.8429,0.8795,1710800
1990-01-17,0.8669,0.8795,0.8544,0.8669,1240800
1990-01-18,0.8669,0.8795,0.8429,0.8795,1294000
1990-01-19,0.8669,0.8910,0.8669,0.8795,862000
1990-01-22,0.8795,0.8795,0.8062,0.8062,3784000
1990-01-23,0.8188,0.8188,0.7465,0.7590,4398000
1990-01-24,0.7340,0.7822,0.6984,0.7822,5764800
1990-01-25,0.7947,0.8062,0.7590,0.7706,2958800
1990-01-26,0.7590,0.7822,0.7465,0.7706,1820800
1990-01-29,0.7706,0.7947,0.7340,0.7465,2950000
1990-01-30,0.7465,0.7465,0.6743,0.6858,4804000
1990-01-31,0.6984,0.7590,0.6858,0.7465,3430000
1990-02-01,0.7590,0.8188,0.7340,0.8062,3212800
1990-02-02,0.8062,0.8795,0.8062,0.8669,3274000
1990-02-05,0.8544,0.9267,0.8544,0.8910,2588800
1990-02-06,0.8795,0.8910,0.8188,0.8429,1702800
1990-02-07,0.8188,0.8795,0.8188,0.8669,2238800
1990-02-08,0.8544,0.8669,0.8429,0.8544,1508000
1990-02-09,0.8544,0.8669,0.8313,0.8313,2870000
1990-02-12,0.8544,0.8544,0.8188,0.8313,1518000
1990-02-13,0.8188,0.9035,0.8188,0.8910,4628000
1990-02-14,0.9035,0.9517,0.8910,0.9267,2648800
1990-02-15,0.9267,0.9999,0.9151,0.9999,2892800
1990-02-16,0.9999,1.0114,0.9758,0.9873,3140800
1990-02-20,0.9758,0.9873,0.9517,0.9517,1376800
1990-02-21,0.9392,1.0114,0.9151,0.9873,3578000
1990-02-22,0.9999,1.0711,0.9999,1.0711,7994800
1990-02-23,1.0471,1.1078,1.0355,1.0962,5384000
1990-02-26,1.0837,1.2522,1.0711,1.2522,7004000
1990-02-27,1.2763,1.2879,1.1675,1.2041,7626800
1990-02-28,1.1800,1.2041,1.1444,1.1675,2532800
1990-03-01,1.1444,1.1675,1.1203,1.1675,3894800
1990-03-02,1.1675,1.2166,1.1559,1.1916,2590000
1990-03-05,1.2041,1.2407,1.1916,1.2166,1996800
1990-03-06,1.2166,1.2407,1.2041,1.2407,2668800
1990-03-07,1.2282,1.2522,1.2166,1.2166,1974000
1990-03-08,1.2166,1.2407,1.1800,1.2166,2350000
1990-03-09,1.2522,1.3004,1.2407,1.2522,5546800
1990-03-12,1.2522,1.2763,1.2407,1.2638,1620000
1990-03-13,1.2407,1.2879,1.2282,1.2407,2468000
1990-03-14,1.2638,1.2763,1.2166,1.2763,2594000
1990-03-15,1.2041,1.2522,1.1800,1.2282,4590800
1990-03-16,1.2282,1.2879,1.2282,1.2763,8198800
1990-03-19,1.2763,1.2763,1.2522,1.2638,3112000
1990-03-20,1.2638,1.2763,1.2166,1.2407,1982800
1990-03-21,1.2282,1.2282,1.1916,1.2041,2330800
1990-03-22,1.1916,1.2166,1.1675,1.1800,5140000
1990-03-23,1.1800,1.1916,1.1444,1.1675,2564800
1990-03-26,1.1800,1.2041,1.1675,1.1916,2694000
1990-03-27,1.1675,1.1916,1.1559,1.1675,810800
1990-03-28,1.1559,1.2282,1.1559,1.2166,3340800
1990-03-29,1.2041,1.2166,1.1800,1.2041,2420800
1990-03-30,1.1916,1.1916,1.1559,1.1800,1624800
1990-04-02,1.1559,1.1675,1.0711,1.0962,3280800
1990-04-03,1.1078,1.1559,1.0962,1.1444,1888000
1990-04-04,1.1559,1.1559,1.1078,1.1078,890800
1990-04-05,1.1078,1.1203,1.0837,1.0837,1112000
1990-04-06,1.0962,1.0962,1.0596,1.0711,1142000
1990-04-09,1.0711,1.1203,1.0711,1.0962,1250800
1990-04-10,1.1078,1.1444,1.0962,1.1318,1910800
1990-04-11,1.1318,1.1675,1.1318,1.1444,2392000
1990-04-12,1.1675,1.1916,1.1444,1.1559,2504800
1990-04-16,1.1800,1.1916,1.1559,1.1675,2948800
1990-04-17,1.1675,1.1675,1.1203,1.1444,1136000
1990-04-18,1.1318,1.1559,1.1078,1.1078,1072000
1990-04-19,1.1078,1.1444,1.0962,1.1318,1776800
1990-04-20,1.1675,1.2041,1.1318,1.1559,4740000
1990-04-23,1.1444,1.1559,1.1203,1.1203,1230000
1990-04-24,1.1318,1.1559,1.1203,1.1203,1300000
1990-04-25,1.1444,1.1444,1.0596,1.0962,3446800
1990-04-26,1.0962,1.1675,1.0962,1.1559,3692800
1990-04-27,1.1444,1.1800,1.1078,1.1559,4420000
1990-04-30,1.1675,1.1916,1.1444,1.1800,2494000
1990-05-01,1.1800,1.2282,1.1675,1.2041,6020000
1990-05-02,1.2282,1.2638,1.1916,1.2638,4982000
1990-05-03,1.2522,1.3004,1.2407,1.2522,8148800
1990-05-04,1.2763,1.2879,1.2407,1.2763,8756800
1990-05-07,1.2879,1.3245,1.2763,1.3004,6900000
1990-05-08,1.3004,1.3611,1.2763,1.3370,7354000
1990-05-09,1.3370,1.3486,1.2879,1.3120,2872000
1990-05-10,1.3120,1.3370,1.3120,1.3370,3988000
1990-05-11,1.3611,1.3852,1.3370,1.3852,8804000
1990-05-14,1.3967,1.4083,1.3611,1.3852,7964000
1990-05-15,1.3611,1.4324,1.3486,1.4208,10338000
1990-05-16,1.4208,1.4815,1.4083,1.4815,12742000
1990-05-17,1.5046,1.5778,1.4815,1.5412,13272000
1990-05-18,1.5287,1.5778,1.5046,1.5528,6768000
1990-05-21,1.5653,1.5653,1.4815,1.4815,6758000
1990-05-22,1.5046,1.5287,1.4083,1.4574,9574000
1990-05-23,1.4324,1.4449,1.3852,1.4083,6284000
1990-05-24,1.4208,1.4324,1.3120,1.3486,10372800
1990-05-25,1.3370,1.3486,1.2763,1.3120,8810000
1990-05-29,1.2879,1.3726,1.2879,1.3611,5826800
1990-05-30,1.3967,1.3967,1.3370,1.3486,3638800
1990-05-31,1.3370,1.3370,1.2763,1.3004,4118800
1990-06-01,1.3120,1.3486,1.2407,1.3486,7806800
1990-06-04,1.3486,1.3486,1.2763,1.3370,2480000
1990-06-05,1.3370,1.3486,1.3120,1.3245,5500800
1990-06-06,1.3370,1.3967,1.3245,1.3726,2958800
1990-06-07,1.3852,1.3852,1.3486,1.3726,898800
1990-06-08,1.3611,1.3726,1.3245,1.3370,1310800
1990-06-11,1.3120,1.3726,1.3120,1.3611,3630000
1990-06-12,1.3611,1.3852,1.3370,1.3611,3214800
1990-06-13,1.3611,1.3967,1.3370,1.3852,4508000
1990-06-14,1.3852,1.3852,1.3370,1.3486,3334800
1990-06-15,1.3370,1.3611,1.2763,1.3370,6384000
1990-06-18,1.3245,1.3370,1.2763,1.2879,3784000
1990-06-19,1.2763,1.3004,1.2638,1.2879,2724800
1990-06-20,1.3004,1.3004,1.2041,1.2407,5766800
1990-06-21,1.2522,1.2763,1.2282,1.2407,3362000
1990-06-22,1.2407,1.2638,1.2282,1.2282,2984800
1990-06-25,1.2282,1.2407,1.1559,1.1800,4296000
1990-06-26,1.2041,1.2166,1.1444,1.1559,3522800
1990-06-27,1.1444,1.1916,1.1318,1.1800,2052800
1990-06-28,1.1675,1.2166,1.1444,1.2166,3186000
1990-06-29,1.2282,1.2763,1.2282,1.2763,5666000
1990-07-02,1.2763,1.3852,1.2763,1.3726,6512000
1990-07-03,1.3611,1.3726,1.3120,1.3245,2300000
1990-07-05,1.3120,1.3245,1.2407,1.2638,3314800
1990-07-06,1.2522,1.3004,1.2407,1.3004,1970000
1990-07-09,1.3004,1.3004,1.2638,1.2763,1506800
1990-07-10,1.2763,1.2763,1.2407,1.2407,1752800
1990-07-11,1.2407,1.2638,1.2407,1.2638,1720000
1990-07-12,1.2638,1.2638,1.2041,1.2282,1916000
1990-07-13,1.2282,1.2282,1.1800,1.2041,3672800
1990-07-16,1.1916,1.2166,1.1675,1.2041,2652000
1990-07-17,1.1800,1.2041,1.1559,1.1800,1344000
1990-07-18,1.1675,1.1800,1.1444,1.1559,2038800
1990-07-19,1.1559,1.1675,1.1318,1.1559,1040000
1990-07-20,1.1559,1.1675,1.0355,1.0596,4424800
1990-07-23,1.0355,1.0471,0.9999,1.0230,4364800
1990-07-24,1.0596,1.1078,0.9999,1.0837,3808800
1990-07-25,1.1078,1.1444,1.0837,1.1203,3150000
1990-07-26,1.1203,1.1318,1.0962,1.1203,1696000
1990-07-27,1.0962,1.1203,1.0837,1.1078,626000
1990-07-30,1.0837,1.0962,1.0471,1.0711,2350800
1990-07-31,1.1078,1.1203,1.0711,1.0837,1008000
1990-08-01,1.1078,1.1203,1.0711,1.0711,1262000
1990-08-02,1.0596,1.0711,1.0230,1.0230,1742800
1990-08-03,1.0230,1.0355,0.9267,0.9758,3314000
1990-08-06,0.9633,0.9633,0.8910,0.9035,2882800
1990-08-07,0.9267,0.9267,0.8313,0.8429,4310000
1990-08-08,0.8544,0.9151,0.8313,0.9035,3094800
1990-08-09,0.9035,0.9392,0.8910,0.9035,2518800
1990-08-10,0.9035,0.9035,0.8429,0.8795,2560800
1990-08-13,0.8669,0.9151,0.8669,0.8795,2236000
1990-08-14,0.8910,0.9035,0.8669,0.8795,2112000
1990-08-15,0.8910,0.9035,0.8669,0.8795,1132000
1990-08-16,0.8669,0.8795,0.8544,0.8544,1004800
1990-08-17,0.8429,0.8669,0.8313,0.8429,2190000
1990-08-20,0.8429,0.8544,0.8188,0.8313,1186800
1990-08-21,0.8313,0.8313,0.7947,0.8188,2220800
1990-08-22,0.8313,0.8544,0.7822,0.7947,2708000
1990-08-23,0.7590,0.7706,0.7340,0.7340,3906800
1990-08-24,0.7465,0.7822,0.7465,0.7706,3662000
1990-08-27,0.7822,0.8544,0.7706,0.8429,2958800
1990-08-28,0.8313,0.9517,0.8313,0.9035,4310800
1990-08-29,0.9035,0.9035,0.8429,0.8669,1888800
1990-08-30,0.8669,0.8795,0.8544,0.8544,656000
1990-08-31,0.8795,0.8795,0.8313,0.8669,1082800
1990-09-04,0.8669,0.8669,0.8313,0.8429,2056000
1990-09-05,0.8429,0.8429,0.8188,0.8313,1828800
1990-09-06,0.8429,0.8544,0.8188,0.8313,1492000
1990-09-07,0.8429,0.8795,0.8429,0.8795,812000
1990-09-10,0.8795,0.8910,0.8544,0.8669,1674800
1990-09-11,0.8544,0.8795,0.8544,0.8795,2358800
1990-09-12,0.8910,0.9035,0.8544,0.8669,772800
1990-09-13,0.8669,0.8795,0.8313,0.8429,764800
1990-09-14,0.8313,0.8313,0.8062,0.8188,1746000
1990-09-17,0.8188,0.8188,0.7947,0.8062,526800
1990-09-18,0.8062,0.8062,0.7822,0.7822,726800
1990-09-19,0.8062,0.8062,0.7706,0.7822,384000
1990-09-20,0.7706,0.7822,0.7465,0.7590,1604800
1990-09-21,0.7465,0.7590,0.7224,0.7465,1492800
1990-09-24,0.7465,0.7465,0.6743,0.7109,2660000
1990-09-25,0.7109,0.7947,0.6984,0.7947,2896000
1990-09-26,0.8062,0.8313,0.7706,0.8188,5152000
1990-09-27,0.8429,0.8669,0.7706,0.7822,4042000
1990-09-28,0.7706,0.8062,0.7590,0.7947,1390800
1990-10-01,0.8062,0.8062,0.7822,0.7822,1498800
1990-10-02,0.7947,0.8062,0.7822,0.7822,2042800
1990-10-03,0.7822,0.7822,0.7465,0.7706,648800
1990-10-04,0.7465,0.7465,0.7109,0.7224,1802800
1990-10-05,0.6984,0.7340,0.6858,0.7224,1748000
1990-10-08,0.7465,0.7465,0.7224,0.7340,512800
1990-10-09,0.7224,0.7340,0.6984,0.6984,782000
1990-10-10,0.6984,0.7465,0.6858,0.7224,1228800
1990-10-11,0.7465,0.7465,0.6984,0.7340,1206800
1990-10-12,0.7340,0.7465,0.7109,0.7109,1530000
1990-10-15,0.7224,0.7340,0.6984,0.7224,1242000
1990-10-16,0.7224,0.7224,0.6743,0.6858,1644000
1990-10-17,0.6627,0.7340,0.6627,0.7109,1668800
1990-10-18,0.7224,0.7947,0.7109,0.7822,5504000
1990-10-19,0.7706,0.8188,0.7706,0.8062,1872800
1990-10-22,0.7947,0.8062,0.7706,0.7947,912800
1990-10-23,0.7822,0.7947,0.7706,0.7822,482000
1990-10-24,0.7706,0.7822,0.7590,0.7590,282000
1990-10-25,0.7822,0.7822,0.7340,0.7465,662800
1990-10-26,0.7340,0.7590,0.7224,0.7224,1272000
1990-10-29,0.7224,0.7590,0.7224,0.7465,844800
1990-10-30,0.7465,0.7706,0.7340,0.7590,864000
1990-10-31,0.7706,0.7822,0.7465,0.7590,424000
1990-11-01,0.7465,0.7706,0.7465,0.7706,1586800
1990-11-02,0.7590,0.8188,0.7590,0.7947,1630800
1990-11-05,0.8062,0.8062,0.7822,0.8062,714000
1990-11-06,0.7947,0.8062,0.7465,0.7465,1102800
1990-11-07,0.7465,0.7465,0.6858,0.7109,1908000
1990-11-08,0.6627,0.7224,0.6502,0.7109,3888000
1990-11-09,0.7109,0.7224,0.6984,0.7109,882000
1990-11-12,0.7224,0.7465,0.7224,0.7224,696800
1990-11-13,0.7465,0.8544,0.7340,0.8313,7942000
1990-11-14,0.8313,0.9392,0.8188,0.9267,5870000
1990-11-15,0.9035,0.9392,0.8795,0.9035,3460000
1990-11-16,0.8795,0.9151,0.8544,0.8669,2386000
1990-11-19,0.8669,0.8795,0.8429,0.8544,912800
1990-11-20,0.8544,0.8669,0.8429,0.8544,2344000
1990-11-21,0.8795,0.9035,0.8669,0.9035,4876000
1990-11-23,0.9035,0.9999,0.8910,0.9999,4942000
1990-11-26,0.9873,0.9999,0.9517,0.9999,3682800
1990-11-27,0.9758,0.9999,0.9517,0.9633,3510800
1990-11-28,0.9517,0.9758,0.9392,0.9633,1060000
1990-11-29,0.9517,0.9633,0.9151,0.9267,1788800
1990-11-30,0.9267,0.9517,0.9151,0.9517,954000
1990-12-03,0.9633,0.9999,0.9517,0.9999,1038800
1990-12-04,0.9999,1.1078,0.9999,1.0837,4386000
1990-12-05,1.1078,1.1318,1.0837,1.1203,2842000
1990-12-06,1.1444,1.1559,1.0471,1.0471,2646000
1990-12-07,1.0355,1.0596,0.9999,1.0114,750000
1990-12-10,1.0114,1.0711,1.0114,1.0596,1162800
1990-12-11,0.9999,1.0230,0.9758,0.9758,1466800
1990-12-12,0.9873,1.0114,0.9873,0.9873,2022000
1990-12-13,0.9999,0.9999,0.9517,0.9517,1078000
1990-12-14,0.9035,0.9392,0.8795,0.8910,2342800
1990-12-17,0.8910,0.9035,0.8669,0.8795,760800
1990-12-18,0.8669,0.9517,0.8669,0.9267,778800
1990-12-19,0.9517,1.0230,0.9392,1.0230,2436800
1990-12-20,0.9999,1.1078,0.9758,1.0837,2422800
1990-12-21,1.0596,1.0962,1.0355,1.0355,1292000
1990-12-24,1.0114,1.0355,0.9758,0.9999,542000
1990-12-26,0.9758,1.0230,0.9758,1.0230,690800
1990-12-27,0.9999,0.9999,0.9873,0.9999,928800
1990-12-28,0.9873,0.9999,0.9758,0.9873,1128000
1990-12-31,0.9758,0.9758,0.9517,0.9758,1252000
1991-01-02,0.9633,0.9758,0.9517,0.9517,608800
1991-01-03,0.9517,0.9758,0.9517,0.9517,1028000
1991-01-04,0.9392,0.9633,0.9267,0.9517,858800
1991-01-07,0.9517,0.9633,0.9392,0.9392,1174000
1991-01-08,0.9517,0.9633,0.9267,0.9517,1764800
1991-01-09,0.9392,0.9517,0.9151,0.9392,1408800
1991-01-10,0.9392,0.9873,0.9392,0.9873,1382800
1991-01-11,0.9873,1.0711,0.9873,1.0355,3068800
1991-01-14,0.9873,1.0114,0.9758,1.0114,1784800
1991-01-15,1.0230,1.0596,1.0114,1.0471,1806000
1991-01-16,1.0471,1.0962,1.0471,1.0837,5230800
1991-01-17,1.1318,1.1444,1.0596,1.0962,3858000
1991-01-18,1.0962,1.1203,1.0711,1.1203,2696000
1991-01-21,1.1078,1.1078,1.0711,1.0962,1080000
1991-01-22,1.0837,1.0962,1.0355,1.0355,3716800
1991-01-23,1.0355,1.0471,1.0230,1.0355,2066800
1991-01-24,1.0355,1.1078,1.0355,1.0711,4674000
1991-01-25,1.0711,1.1800,1.0711,1.1203,7050000
1991-01-28,1.1318,1.1675,1.1318,1.1444,3576000
1991-01-29,1.1559,1.1800,1.1203,1.1559,1712800
1991-01-30,1.1800,1.2282,1.1444,1.1675,3112800
1991-01-31,1.2041,1.2041,1.1800,1.1916,1002000
1991-02-01,1.1675,1.2638,1.1559,1.2282,2696000
1991-02-04,1.1916,1.2638,1.1916,1.2638,4084800
1991-02-05,1.2522,1.3120,1.2522,1.2763,2440000
1991-02-06,1.2763,1.3004,1.2522,1.2522,3588000
1991-02-07,1.2522,1.2522,1.0962,1.1078,3982800
1991-02-08,1.1078,1.1800,1.1078,1.1800,1700800
1991-02-11,1.1800,1.2041,1.1675,1.1800,1136000
1991-02-12,1.1800,1.2282,1.1800,1.2041,1792800
1991-02-13,1.2166,1.2522,1.2041,1.2407,974000
1991-02-14,1.2407,1.2407,1.1675,1.1800,1528800
1991-02-15,1.1800,1.2282,1.1800,1.2166,1338000
1991-02-19,1.2166,1.2282,1.2041,1.2166,870800
1991-02-20,1.2166,1.2638,1.2041,1.2282,1384000
1991-02-21,1.2522,1.2879,1.2522,1.2638,1862800
1991-02-22,1.2638,1.3370,1.2522,1.3245,4634000
1991-02-25,1.3967,1.3967,1.3370,1.3967,7310800
1991-02-26,1.3726,1.4815,1.3611,1.4690,7824800
1991-02-27,1.4449,1.4815,1.4324,1.4324,3318800
1991-02-28,1.4449,1.5046,1.4449,1.4931,4506800
1991-03-01,1.4815,1.5046,1.4690,1.4815,4292000
1991-03-04,1.4931,1.4931,1.4574,1.4815,2174800
1991-03-05,1.4815,1.5412,1.4574,1.5412,10442800
1991-03-06,1.5528,1.5653,1.4690,1.4815,3162800
1991-03-07,1.4815,1.5171,1.4083,1.5046,5826000
1991-03-08,1.5171,1.6019,1.5171,1.5778,11186000
1991-03-11,1.5653,1.6019,1.5412,1.5653,9628000
1991-03-12,1.5287,1.5412,1.3967,1.4574,3228800
1991-03-13,1.4931,1.5412,1.4815,1.5287,6106000
1991-03-14,1.5287,1.6732,1.5287,1.6135,15582800
1991-03-15,1.6135,1.6260,1.5778,1.6135,2482000
1991-03-18,1.6019,1.6375,1.5894,1.6135,3198000
1991-03-19,1.5653,1.5778,1.4931,1.5653,4998000
1991-03-20,1.5528,1.5653,1.5287,1.5653,1700000
1991-03-21,1.5894,1.6260,1.5528,1.5653,6038800
1991-03-22,1.5653,1.5653,1.5171,1.5412,2156000
1991-03-25,1.5287,1.5412,1.4931,1.4931,1614000
1991-03-26,1.4931,1.5653,1.4208,1.5653,5272800
1991-03-27,1.5653,1.5778,1.5287,1.5653,4352800
1991-03-28,1.5528,1.5894,1.5412,1.5653,1366800
1991-04-01,1.5287,1.5412,1.4931,1.5046,3886000
1991-04-02,1.5046,1.6135,1.4931,1.6019,6942800
1991-04-03,1.5894,1.6260,1.5653,1.6019,3966000
1991-04-04,1.6135,1.6982,1.5653,1.6732,7658000
1991-04-05,1.6857,1.7454,1.6260,1.6491,8520800
1991-04-08,1.6491,1.6491,1.5653,1.6019,1532000
1991-04-09,1.6019,1.6732,1.5894,1.6135,2796000
1991-04-10,1.6260,1.6616,1.5894,1.6375,7676000
1991-04-11,1.6375,1.7098,1.6375,1.7098,7194800
1991-04-12,1.7223,1.7580,1.7098,1.7339,7156800
1991-04-15,1.7223,1.7223,1.6616,1.6857,2300800
1991-04-16,1.6732,1.7936,1.6491,1.7936,20200800
1991-04-17,1.8302,1.8427,1.7936,1.8302,16652800
1991-04-18,1.8186,1.8427,1.7098,1.7580,5724800
1991-04-19,1.6857,1.7098,1.6491,1.7098,3680800
1991-04-22,1.6732,1.6732,1.5894,1.6260,3580800
1991-04-23,1.6491,1.6732,1.6135,1.6732,3344000
1991-04-24,1.6732,1.6857,1.6260,1.6616,1692800
1991-04-25,1.6491,1.6616,1.5894,1.6260,2702000
1991-04-26,1.5894,1.6260,1.5778,1.6135,3716800
1991-04-29,1.6375,1.6375,1.4574,1.4690,4974800
1991-04-30,1.4574,1.5412,1.3245,1.4208,10282800
1991-05-01,1.3967,1.5046,1.3611,1.4815,5450800
1991-05-02,1.5171,1.5287,1.4574,1.4574,1976000
1991-05-03,1.4690,1.4931,1.4449,1.4815,1368000
1991-05-06,1.4574,1.4690,1.4449,1.4449,1128000
1991-05-07,1.4690,1.4690,1.3967,1.3967,1648000
1991-05-08,1.3852,1.4083,1.3245,1.4083,2806800
1991-05-09,1.4815,1.5412,1.4574,1.5412,6044800
1991-05-10,1.5528,1.5528,1.4449,1.4449,2488800
1991-05-13,1.4690,1.5046,1.4208,1.4324,1434000
1991-05-14,1.4449,1.4449,1.3726,1.3967,2030000
1991-05-15,1.3967,1.3967,1.2763,1.3004,6518800
1991-05-16,1.3370,1.3852,1.3245,1.3370,2456800
1991-05-17,1.3370,1.3486,1.3120,1.3486,1646000
1991-05-20,1.3486,1.3611,1.3120,1.3245,1026800
1991-05-21,1.3120,1.4208,1.3120,1.3726,2258800
1991-05-22,1.4083,1.4931,1.3967,1.4208,2456800
1991-05-23,1.4208,1.4574,1.3967,1.4208,1356800
1991-05-24,1.4324,1.4449,1.4083,1.4324,940000
1991-05-28,1.4324,1.4574,1.4083,1.4574,1114800
1991-05-29,1.4574,1.4574,1.4083,1.4208,2164000
1991-05-30,1.4574,1.5412,1.4449,1.5287,4692000
1991-05-31,1.5171,1.6019,1.5171,1.6019,3808800
1991-06-03,1.5894,1.6375,1.5778,1.6260,1836800
1991-06-04,1.6491,1.6616,1.6135,1.6491,2430800
1991-06-05,1.6616,1.6616,1.5412,1.6019,5540800
1991-06-06,1.5894,1.6019,1.5653,1.5653,1486800
1991-06-07,1.5287,1.5528,1.5046,1.5046,2568800
1991-06-10,1.4931,1.4931,1.4324,1.4574,4034000
1991-06-11,1.4449,1.4449,1.3726,1.4208,8770000
1991-06-12,1.3967,1.3967,1.3004,1.3967,8424000
1991-06-13,1.3852,1.4690,1.3852,1.4690,5288800
1991-06-14,1.4208,1.4574,1.3486,1.3486,5254800
1991-06-17,1.3245,1.3486,1.3004,1.3004,4026800
1991-06-18,1.2879,1.3245,1.2407,1.2879,6610800
1991-06-19,1.2638,1.2763,1.2282,1.2638,2734800
1991-06-20,1.2522,1.2638,1.2041,1.2522,3310800
1991-06-21,1.2638,1.2763,1.2407,1.2638,2566000
1991-06-24,1.2522,1.2522,1.1675,1.1675,3988000
1991-06-25,1.2041,1.2282,1.1559,1.1800,2554000
1991-06-26,1.1800,1.2041,1.1559,1.1916,1872000
1991-06-27,1.1916,1.2041,1.1559,1.1675,2180800
1991-06-28,1.1675,1.1675,1.1203,1.1318,2330800
1991-07-01,1.1800,1.1916,1.1444,1.1675,2690800
1991-07-02,1.1675,1.1675,1.0837,1.0962,6736000
1991-07-03,1.0962,1.0962,1.0471,1.0837,5218000
1991-07-05,1.0837,1.1203,1.0837,1.1203,1192000
1991-07-08,1.1203,1.1559,1.0962,1.1559,1734000
1991-07-09,1.1800,1.2282,1.1675,1.1916,7040800
1991-07-10,1.2166,1.2407,1.2041,1.2166,2636000
1991-07-11,1.2041,1.2166,1.1675,1.1800,3592000
1991-07-12,1.1916,1.1916,1.1800,1.1916,1648000
1991-07-15,1.2041,1.2522,1.2041,1.2522,4064800
1991-07-16,1.2522,1.2522,1.2166,1.2407,1814000
1991-07-17,1.2166,1.2407,1.2166,1.2407,1170000
1991-07-18,1.2407,1.2638,1.2282,1.2407,1760000
1991-07-19,1.2407,1.2407,1.1916,1.1916,1736800
1991-07-22,1.1916,1.1916,1.1203,1.1203,1988000
1991-07-23,1.1078,1.1078,1.0711,1.0962,2394800
1991-07-24,1.0962,1.1078,1.0711,1.0837,1744800
1991-07-25,1.0962,1.1444,1.0962,1.1444,894800
1991-07-26,1.1318,1.1444,1.1203,1.1444,584800
1991-07-29,1.1444,1.1800,1.1318,1.1675,802000
1991-07-30,1.1675,1.2041,1.1675,1.1800,1072000
1991-07-31,1.1916,1.2166,1.1916,1.1916,1184000
1991-08-01,1.2041,1.3120,1.2041,1.2879,4734000
1991-08-02,1.3004,1.3245,1.2879,1.3004,2612800
1991-08-05,1.3004,1.3726,1.3004,1.3611,2612800
1991-08-06,1.3611,1.4083,1.3611,1.3611,3278800
1991-08-07,1.3726,1.3852,1.3120,1.3370,2008800
1991-08-08,1.3120,1.3120,1.2522,1.2522,1806800
1991-08-09,1.2407,1.2638,1.2282,1.2282,1298800
1991-08-12,1.2166,1.2763,1.2166,1.2763,1652800
1991-08-13,1.2638,1.3120,1.2638,1.2763,1350800
1991-08-14,1.2638,1.2879,1.2522,1.2763,704000
1991-08-15,1.2638,1.2763,1.2041,1.2407,1222800
1991-08-16,1.2407,1.2407,1.1916,1.2166,736000
1991-08-19,1.0837,1.1675,1.0711,1.1559,4260800
1991-08-20,1.1916,1.1916,1.1675,1.1800,2120000
1991-08-21,1.2166,1.2879,1.2166,1.2879,4494800
1991-08-22,1.3004,1.3120,1.2522,1.3120,3334000
1991-08-23,1.3120,1.3611,1.3120,1.3370,2432000
1991-08-26,1.3370,1.3726,1.3245,1.3726,1062800
1991-08-27,1.3726,1.3852,1.3370,1.3611,1222000
1991-08-28,1.3486,1.3852,1.3486,1.3726,1242000
1991-08-29,1.3726,1.3852,1.3245,1.3245,1178800
1991-08-30,1.3245,1.3611,1.3245,1.3611,350800
1991-09-03,1.3611,1.3611,1.3245,1.3245,1664000
1991-09-04,1.3245,1.3245,1.2638,1.2879,1244800
1991-09-05,1.2763,1.3004,1.2638,1.3004,2196800
1991-09-06,1.3004,1.3120,1.2638,1.3120,1032000
1991-09-09,1.3004,1.3120,1.2638,1.3004,1622800
1991-09-10,1.3120,1.3245,1.2763,1.3004,1878000
1991-09-11,1.3120,1.3611,1.3004,1.3486,1850000
1991-09-12,1.3611,1.3726,1.3245,1.3486,2292800
1991-09-13,1.3611,1.3611,1.2763,1.3004,2106000
1991-09-16,1.3120,1.3120,1.2763,1.2763,584800
1991-09-17,1.2763,1.3004,1.2763,1.3004,1128800
1991-09-18,1.2879,1.3245,1.2879,1.3120,998800
1991-09-19,1.3120,1.3852,1.3120,1.3486,3578000
1991-09-20,1.3611,1.3726,1.3370,1.3611,3392800
1991-09-23,1.3611,1.3726,1.3370,1.3726,3170000
1991-09-24,1.4449,1.5171,1.4083,1.5046,17542000
1991-09-25,1.5171,1.5287,1.4208,1.4449,12046800
1991-09-26,1.4449,1.4574,1.4208,1.4324,4294800
1991-09-27,1.4324,1.4449,1.3967,1.4083,4098000
1991-09-30,1.4083,1.4324,1.3967,1.3967,728800
1991-10-01,1.3967,1.4083,1.3486,1.3611,3154800
1991-10-02,1.3370,1.3370,1.3120,1.3370,2996800
1991-10-03,1.3245,1.3486,1.3120,1.3486,2044000
1991-10-04,1.3486,1.4324,1.3486,1.4083,3168000
1991-10-07,1.3967,1.4324,1.3852,1.4324,1370800
1991-10-08,1.4324,1.4449,1.4083,1.4208,2142800
1991-10-09,1.4083,1.4208,1.3852,1.4208,1888800
1991-10-10,1.4574,1.4690,1.4208,1.4574,2370800
1991-10-11,1.4815,1.5046,1.4574,1.4815,1638000
1991-10-14,1.4815,1.5412,1.4690,1.4931,4440800
1991-10-15,1.5046,1.5894,1.4931,1.5894,5798800
1991-10-16,1.6375,1.6616,1.6135,1.6491,15162000
1991-10-17,1.6260,1.6732,1.5653,1.5653,4942000
1991-10-18,1.5778,1.6019,1.5412,1.5412,1796800
1991-10-21,1.5171,1.5653,1.5171,1.5653,1776000
1991-10-22,1.5653,1.6982,1.5653,1.6491,6768800
1991-10-23,1.6857,1.6982,1.6260,1.6616,5426800
1991-10-24,1.6857,1.6857,1.6019,1.6260,2294000
1991-10-25,1.6260,1.6260,1.5653,1.6019,1818000
1991-10-28,1.5894,1.5894,1.5653,1.5778,644800
1991-10-29,1.5778,1.6732,1.5778,1.6616,11404000
1991-10-30,1.6857,1.7695,1.6857,1.7223,11608000
1991-10-31,1.7339,1.7580,1.6491,1.6857,8842800
1991-11-01,1.6857,1.6857,1.5894,1.6135,2934800
1991-11-04,1.6260,1.6375,1.6019,1.6135,1112000
1991-11-05,1.6135,1.6616,1.6135,1.6260,2830800
1991-11-06,1.6375,1.6491,1.6260,1.6260,1276000
1991-11-07,1.6375,1.6491,1.5894,1.6135,2886000
1991-11-08,1.6491,1.6491,1.6135,1.6135,1630800
1991-11-11,1.6135,1.6260,1.6019,1.6135,948000
1991-11-12,1.6135,1.6375,1.5528,1.5778,2654800
1991-11-13,1.5653,1.6375,1.5653,1.6260,3302800
1991-11-14,1.5412,1.5528,1.3967,1.3967,13878000
1991-11-15,1.3967,1.3967,1.2166,1.2282,17364000
1991-11-18,1.2522,1.2879,1.2407,1.2522,10024000
1991-11-19,1.2407,1.2407,1.2041,1.2407,8980000
1991-11-20,1.2522,1.2522,1.2041,1.2282,2634800
1991-11-21,1.2041,1.2407,1.2041,1.2166,1666800
1991-11-22,1.2215,1.2456,1.2089,1.2089,1356000
1991-11-25,1.2814,1.3056,1.2572,1.2930,4800000
1991-11-26,1.3172,1.3424,1.2689,1.3056,3722800
1991-11-27,1.3172,1.3298,1.2814,1.3056,1880000
1991-11-29,1.2930,1.3056,1.2814,1.2814,510800
1991-12-02,1.2689,1.2814,1.2331,1.2572,2740000
1991-12-03,1.2689,1.2930,1.2572,1.2814,2200800
1991-12-04,1.2930,1.3172,1.2814,1.3056,1926800
1991-12-05,1.3056,1.3056,1.2814,1.2814,646000
1991-12-06,1.2689,1.2814,1.2572,1.2572,2968800
1991-12-09,1.2572,1.2814,1.1963,1.2089,2318800
1991-12-10,1.1963,1.2456,1.1721,1.1963,3474800
1991-12-11,1.2689,1.2930,1.2456,1.2930,1844000
1991-12-12,1.3056,1.3172,1.2814,1.2930,1402000
1991-12-13,1.3056,1.3424,1.2930,1.3298,2850800
1991-12-16,1.3665,1.4023,1.3424,1.3907,3550800
1991-12-17,1.3781,1.3907,1.3172,1.3298,3204800
1991-12-18,1.3298,1.3298,1.2331,1.2572,2196000
1991-12-19,1.2331,1.2930,1.2215,1.2689,2650000
1991-12-20,1.2814,1.2930,1.2456,1.2572,3292800
1991-12-23,1.2689,1.3172,1.2456,1.3172,3302800
1991-12-24,1.3172,1.3781,1.3172,1.3298,1838000
1991-12-26,1.3424,1.3907,1.3424,1.3540,1648800
1991-12-27,1.3540,1.3665,1.3424,1.3540,1420000
1991-12-30,1.3540,1.3781,1.3424,1.3665,3950000
1991-12-31,1.3781,1.4381,1.3665,1.3665,5752000
1992-01-02,1.3665,1.4265,1.3665,1.4265,1498000
1992-01-03,1.4265,1.4632,1.3907,1.4507,3394000
1992-01-06,1.4632,1.5474,1.4632,1.5474,8458800
1992-01-07,1.5474,1.6325,1.5474,1.6325,6312000
1992-01-08,1.5957,1.6199,1.5590,1.5716,5318000
1992-01-09,1.5841,1.6199,1.5590,1.5716,4640000
1992-01-10,1.5841,1.6199,1.5474,1.5590,2204800
1992-01-13,1.5841,1.5841,1.5106,1.5474,2414000
1992-01-14,1.5474,1.6083,1.5474,1.5841,4380800
1992-01-15,1.6199,1.6924,1.6199,1.6799,8624000
1992-01-16,1.6924,1.7050,1.6557,1.6557,4846800
1992-01-17,1.6683,1.6799,1.6083,1.6683,4360800
1992-01-20,1.6441,1.6799,1.6441,1.6441,2530000
1992-01-21,1.6441,1.6441,1.5716,1.5716,3864800
1992-01-22,1.5957,1.6083,1.5841,1.6083,2920000
1992-01-23,1.6083,1.6199,1.5716,1.5841,2324000
1992-01-24,1.6083,1.6199,1.5716,1.6083,4038000
1992-01-27,1.6199,1.6924,1.6199,1.6924,5320800
1992-01-28,1.6924,1.7408,1.6683,1.7050,10928800
1992-01-29,1.6924,1.8133,1.6799,1.7650,8758000
1992-01-30,1.7166,1.8008,1.6799,1.8008,6246800
1992-01-31,1.8133,1.8259,1.7766,1.8008,2850800
1992-02-03,1.8008,1.8975,1.7892,1.8859,7776000
1992-02-04,1.9217,1.9342,1.8975,1.8975,8876000
1992-02-05,1.9101,2.0425,1.8859,2.0309,7886800
1992-02-06,2.0193,2.0677,1.8617,1.8743,9044000
1992-02-07,1.8859,1.9101,1.8133,1.8617,5952800
1992-02-10,1.8743,1.9342,1.8617,1.9342,3980800
1992-02-11,1.9342,1.9342,1.8617,1.8617,4532000
1992-02-12,1.8617,2.0677,1.8617,2.0677,9190800
1992-02-13,2.0677,2.1277,2.0068,2.0068,7226800
1992-02-14,1.9942,2.1035,1.9584,2.0677,3864800
1992-02-18,2.0793,2.1634,2.0677,2.0793,5074800
1992-02-19,2.0677,2.0793,1.9101,1.9468,5580800
1992-02-20,1.9700,2.0551,1.9700,2.0068,5732000
1992-02-21,2.0068,2.0309,1.9826,2.0193,2392000
1992-02-24,1.9942,2.0068,1.9342,1.9342,3642800
1992-02-25,1.9101,1.9217,1.8375,1.9217,6792800
1992-02-26,1.9584,1.9700,1.9101,1.9101,7654000
1992-02-27,1.8975,1.9468,1.8975,1.9101,3476800
1992-02-28,1.9101,1.9217,1.8743,1.8859,3068800
1992-03-02,1.8617,1.8743,1.8375,1.8617,5886000
1992-03-03,1.8501,1.9217,1.8501,1.9101,2302800
1992-03-04,1.8859,1.9217,1.8743,1.8859,1022000
1992-03-05,1.8743,1.8743,1.7892,1.8133,2328800
1992-03-06,1.8008,1.8375,1.8008,1.8259,2194000
1992-03-09,1.8008,1.8617,1.7892,1.8617,2430000
1992-03-10,1.8501,1.8617,1.6924,1.7166,10492800
1992-03-11,1.7050,1.7050,1.5590,1.5716,8520000
1992-03-12,1.6083,1.6199,1.5232,1.5474,12514800
1992-03-13,1.5716,1.6083,1.5590,1.5590,3212800
1992-03-16,1.5716,1.5716,1.5348,1.5348,2386000
1992-03-17,1.5474,1.5957,1.5474,1.5716,4600800
1992-03-18,1.5841,1.6083,1.5716,1.5957,2626800
1992-03-19,1.6083,1.6441,1.5716,1.5716,2956800
1992-03-20,1.5474,1.5957,1.5348,1.5590,6764000
1992-03-23,1.5957,1.5957,1.5590,1.5590,2140800
1992-03-24,1.5590,1.6083,1.5590,1.6083,1942000
1992-03-25,1.6083,1.6441,1.5957,1.6199,1716800
1992-03-26,1.6325,1.6441,1.5474,1.5590,3434800
1992-03-27,1.5474,1.5474,1.4990,1.4990,2552000
1992-03-30,1.4990,1.5106,1.4748,1.4748,812000
1992-03-31,1.4632,1.5232,1.4632,1.4990,1426800
1992-04-01,1.4990,1.5106,1.4874,1.5106,1348800
1992-04-02,1.4990,1.5106,1.4139,1.4381,3898000
1992-04-03,1.4265,1.4632,1.4139,1.4139,1292000
1992-04-06,1.4265,1.4874,1.4139,1.4874,1222000
1992-04-07,1.4990,1.5232,1.3781,1.4023,2860000
1992-04-08,1.3907,1.4265,1.3172,1.4265,2792800
1992-04-09,1.4381,1.4990,1.4139,1.4632,2466800
1992-04-10,1.4874,1.5106,1.4139,1.4381,3448800
1992-04-13,1.4139,1.4265,1.3298,1.3424,5818800
1992-04-14,1.3665,1.4023,1.3665,1.3781,4346800
1992-04-15,1.3907,1.4265,1.3781,1.4023,3154800
1992-04-16,1.4023,1.4381,1.3907,1.4139,3198800
1992-04-20,1.4139,1.4139,1.3907,1.3907,1074800
1992-04-21,1.4023,1.4139,1.3907,1.4139,996000
1992-04-22,1.4023,1.4139,1.3424,1.3540,2046800
1992-04-23,1.3540,1.3540,1.2814,1.3056,3220800
1992-04-24,1.3172,1.3298,1.2930,1.3172,870800
1992-04-27,1.3056,1.3056,1.2814,1.2814,662000
1992-04-28,1.2814,1.2930,1.2456,1.2814,1994000
1992-04-29,1.2689,1.3298,1.2689,1.3298,1734000
1992-04-30,1.3298,1.3907,1.3298,1.3907,1872000
1992-05-01,1.3665,1.3907,1.3424,1.3540,686000
1992-05-04,1.3665,1.3781,1.3665,1.3781,3542000
1992-05-05,1.3781,1.4265,1.3781,1.4139,1138000
1992-05-06,1.4381,1.4632,1.4139,1.4265,1078800
1992-05-07,1.4265,1.4381,1.4139,1.4265,500800
1992-05-08,1.4381,1.4381,1.3907,1.3907,778800
1992-05-11,1.4139,1.4265,1.4023,1.4139,552000
1992-05-12,1.4265,1.4265,1.3781,1.4023,1458800
1992-05-13,1.4023,1.4265,1.3781,1.4023,5188000
1992-05-14,1.4023,1.4139,1.3781,1.3781,1310000
1992-05-15,1.3781,1.3781,1.3540,1.3540,700800
1992-05-18,1.3665,1.3665,1.3298,1.3540,928800
1992-05-19,1.3424,1.3907,1.3424,1.3907,1958800
1992-05-20,1.3907,1.4023,1.3665,1.4023,986000
1992-05-21,1.3907,1.3907,1.3540,1.3540,836800
1992-05-22,1.3665,1.3665,1.3540,1.3540,428800
1992-05-26,1.3424,1.3540,1.3298,1.3298,284800
1992-05-27,1.3056,1.3424,1.3056,1.3298,1154000
1992-05-28,1.3298,1.4139,1.3298,1.4139,2072000
1992-05-29,1.4139,1.4632,1.4139,1.4381,2824800
1992-06-01,1.4507,1.4507,1.4265,1.4507,2274000
1992-06-02,1.4507,1.4990,1.4265,1.4381,2468800
1992-06-03,1.4507,1.4874,1.4381,1.4748,5700000
1992-06-04,1.4748,1.5474,1.4748,1.5474,3950000
1992-06-05,1.5348,1.5348,1.4990,1.5348,906800
1992-06-08,1.5348,1.5348,1.4632,1.4748,1230800
1992-06-09,1.4632,1.4748,1.4507,1.4632,1116800
1992-06-10,1.4507,1.4632,1.4265,1.4265,2900000
1992-06-11,1.4023,1.4507,1.3907,1.4507,770800
1992-06-12,1.4381,1.4874,1.4381,1.4632,702000
1992-06-15,1.4748,1.4748,1.4507,1.4632,406000
1992-06-16,1.4507,1.4632,1.4265,1.4381,454000
1992-06-17,1.4381,1.4381,1.3298,1.3424,1618000
1992-06-18,1.3298,1.3781,1.3298,1.3665,736000
1992-06-19,1.3424,1.3540,1.2930,1.2930,6736000
1992-06-22,1.2930,1.3172,1.2930,1.2930,3560800
1992-06-23,1.3056,1.3424,1.3056,1.3298,1556800
1992-06-24,1.3172,1.3298,1.2814,1.3056,732800
1992-06-25,1.2930,1.2930,1.2814,1.2814,338800
1992-06-26,1.2689,1.3907,1.2689,1.3781,1998800
1992-06-29,1.3907,1.4632,1.3665,1.4507,4062000
1992-06-30,1.4507,1.4507,1.3665,1.3781,1180000
1992-07-01,1.3907,1.4632,1.3907,1.4632,988800
1992-07-02,1.4632,1.4632,1.3540,1.3665,944000
1992-07-06,1.3781,1.4023,1.3665,1.3907,796800
1992-07-07,1.3907,1.3907,1.3424,1.3540,364800
1992-07-08,1.3540,1.3540,1.3298,1.3424,1060000
1992-07-09,1.3424,1.3781,1.3424,1.3424,456000
1992-07-10,1.3424,1.3540,1.3298,1.3424,240800
1992-07-13,1.3298,1.3424,1.3172,1.3172,718000
1992-07-14,1.3665,1.3907,1.3540,1.3540,2026000
1992-07-15,1.3665,1.3781,1.3665,1.3665,874000
1992-07-16,1.3781,1.3781,1.3298,1.3424,940800
1992-07-17,1.3424,1.3540,1.3298,1.3540,1298800
1992-07-20,1.3424,1.3665,1.3298,1.3540,502000
1992-07-21,1.3540,1.4023,1.3540,1.4023,508800
1992-07-22,1.3781,1.4023,1.3665,1.4023,1330800
1992-07-23,1.3907,1.4023,1.3907,1.4023,400800
1992-07-24,1.4139,1.4632,1.4139,1.4507,1754000
1992-07-27,1.4507,1.5232,1.4507,1.4874,1766800
1992-07-28,1.4990,1.5841,1.4990,1.5716,2728800
1992-07-29,1.5957,1.6199,1.5841,1.6083,3312000
1992-07-30,1.6199,1.6199,1.5348,1.5474,1934800
1992-07-31,1.5474,1.5841,1.5474,1.5716,922800
1992-08-03,1.5106,1.5348,1.4632,1.5348,3592000
1992-08-04,1.5474,1.5474,1.5232,1.5474,1122000
1992-08-05,1.5474,1.5716,1.5348,1.5716,2142000
1992-08-06,1.5590,1.5716,1.5474,1.5590,972800
1992-08-07,1.5590,1.5590,1.5474,1.5474,1158000
1992-08-10,1.5474,1.5474,1.4990,1.5232,534000
1992-08-11,1.5232,1.5474,1.4874,1.5474,1686800
1992-08-12,1.5474,1.5841,1.5348,1.5474,2642800
1992-08-13,1.5474,1.5590,1.5474,1.5474,1406000
1992-08-14,1.5590,1.5841,1.5590,1.5841,560800
1992-08-17,1.5716,1.5841,1.5474,1.5474,562800
1992-08-18,1.5590,1.5590,1.5232,1.5474,532800
1992-08-19,1.5348,1.5590,1.5348,1.5474,1676000
1992-08-20,1.5474,1.5474,1.5106,1.5232,690800
1992-08-21,1.5348,1.5474,1.4874,1.5106,1058000
1992-08-24,1.4990,1.4990,1.4632,1.4748,966800
1992-08-25,1.4632,1.4748,1.4507,1.4507,716000
1992-08-26,1.4632,1.4874,1.4381,1.4748,1552000
1992-08-27,1.4874,1.4990,1.4748,1.4748,190800
1992-08-28,1.4748,1.4874,1.4507,1.4748,148800
1992-08-31,1.4748,1.4874,1.4632,1.4748,174000
1992-09-01,1.4748,1.5106,1.4632,1.4990,332000
1992-09-02,1.4874,1.5716,1.4874,1.5590,1090000
1992-09-03,1.5348,1.5348,1.4139,1.4265,6228800
1992-09-04,1.4023,1.4507,1.3907,1.4265,1708800
1992-09-08,1.4265,1.4381,1.3907,1.4023,1176000
1992-09-09,1.4139,1.4507,1.3907,1.4381,1680000
1992-09-10,1.4507,1.4990,1.4381,1.4874,3170800
1992-09-11,1.4990,1.4990,1.4748,1.4748,720000
1992-09-14,1.4874,1.4874,1.4632,1.4874,372000
1992-09-15,1.4748,1.4748,1.4265,1.4381,562000
1992-09-16,1.4023,1.4265,1.3907,1.4023,1088800
1992-09-17,1.4139,1.4265,1.3907,1.4023,704000
1992-09-18,1.3907,1.4139,1.3907,1.4139,422000
1992-09-21,1.4023,1.4874,1.4023,1.4748,610800
1992-09-22,1.4632,1.4748,1.4381,1.4507,578800
1992-09-23,1.4507,1.4507,1.4139,1.4139,554800
1992-09-24,1.4023,1.4139,1.4023,1.4139,570800
1992-09-25,1.4507,1.4748,1.3907,1.4023,1774000
1992-09-28,1.4023,1.4507,1.3907,1.4265,1914000
1992-09-29,1.4507,1.4990,1.4507,1.4874,4578800
1992-09-30,1.4748,1.5841,1.4748,1.5716,4632800
1992-10-01,1.5716,1.5716,1.5348,1.5348,1580000
1992-10-02,1.5474,1.5716,1.5232,1.5348,2424000
1992-10-05,1.5348,1.6199,1.5106,1.6199,2954000
1992-10-06,1.6325,1.6683,1.5957,1.6199,3086000
1992-10-07,1.6199,1.6199,1.5590,1.5590,1620000
1992-10-08,1.5841,1.6083,1.5716,1.5957,1392800
1992-10-09,1.5841,1.5841,1.5474,1.5716,1340000
1992-10-12,1.5590,1.5590,1.5474,1.5590,1512800
1992-10-13,1.5474,1.6083,1.5348,1.5716,1950000
1992-10-14,1.5716,1.5841,1.5474,1.5716,1362000
1992-10-15,1.5590,1.7166,1.5590,1.7166,2950800
1992-10-16,1.6924,1.7408,1.6799,1.7408,2736800
1992-10-19,1.7408,1.8008,1.7292,1.8008,3184800
1992-10-20,1.7892,1.7892,1.6924,1.6924,1490800
1992-10-21,1.7050,1.9217,1.6799,1.8975,11162800
1992-10-22,1.9217,1.9217,1.7892,1.8501,5372000
1992-10-23,1.8859,1.8975,1.8375,1.8617,3674000
1992-10-26,1.8259,1.8743,1.8133,1.8743,2082800
1992-10-27,1.8617,1.8617,1.8259,1.8259,1958000
1992-10-28,1.8259,1.9217,1.8133,1.9217,4146000
1992-10-29,1.9101,1.9342,1.8743,1.8743,1128000
1992-10-30,1.8975,1.9101,1.8617,1.8743,2050800
1992-11-02,1.8743,1.8859,1.7892,1.8008,2604800
1992-11-03,1.8375,1.8375,1.7166,1.7524,3718800
1992-11-04,1.7650,1.8259,1.7524,1.8259,2990000
1992-11-05,1.8008,1.8133,1.7650,1.7766,946000
1992-11-06,1.7650,1.9468,1.7650,1.8975,4244000
1992-11-09,1.9101,1.9826,1.8375,1.9700,5624000
1992-11-10,1.9942,2.1518,1.9826,2.1402,9036000
1992-11-11,2.1160,2.1160,1.9700,1.9700,4984800
1992-11-12,2.0068,2.0551,1.9342,2.0193,7350000
1992-11-13,2.0193,2.0193,1.9826,2.0068,2212800
1992-11-16,1.9826,2.0193,1.9217,1.9342,1306800
1992-11-17,1.9342,1.9468,1.8501,1.8743,1726800
1992-11-18,1.8617,1.8743,1.8259,1.8259,2338000
1992-11-19,1.8501,1.8859,1.8259,1.8259,2508000
1992-11-20,1.8617,1.9342,1.8501,1.9101,2460800
1992-11-23,1.9342,1.9342,1.8743,1.8859,792800
1992-11-24,1.8617,1.9826,1.8617,1.9700,2630800
1992-11-25,1.9468,1.9700,1.7892,1.8008,3914800
1992-11-27,1.8056,1.8308,1.7814,1.7940,1826800
1992-11-30,1.7814,1.8551,1.7698,1.8182,1436000
1992-12-01,1.8308,1.9152,1.8182,1.9026,2378800
1992-12-02,1.9026,1.9026,1.8793,1.8793,566000
1992-12-03,1.8793,1.8910,1.8425,1.8667,1264800
1992-12-04,1.8667,1.9026,1.8667,1.8793,1132800
1992-12-07,1.8793,1.8910,1.8425,1.8667,1452000
1992-12-08,1.8425,1.8667,1.7940,1.8308,2248000
1992-12-09,1.8308,1.8308,1.7455,1.7698,1576000
1992-12-10,1.7814,1.7814,1.6728,1.6728,4152000
1992-12-11,1.6844,1.7571,1.6844,1.7339,2946000
1992-12-14,1.7213,1.7339,1.6485,1.6728,772000
1992-12-15,1.6728,1.7096,1.6243,1.6485,2300000
1992-12-16,1.6602,1.8056,1.5758,1.8056,8106800
1992-12-17,1.7814,1.8551,1.7213,1.7698,5642800
1992-12-18,1.8056,1.8182,1.7814,1.7814,944000
1992-12-21,1.8056,1.8551,1.8056,1.8425,1362000
1992-12-22,1.8667,1.8793,1.8308,1.8667,1388000
1992-12-23,1.8667,1.8667,1.7698,1.7940,952000
1992-12-24,1.7940,1.7940,1.7698,1.7814,712800
1992-12-28,1.7814,1.7940,1.7698,1.7940,102000
1992-12-29,1.7814,1.8667,1.7814,1.8182,1068800
1992-12-30,1.8182,1.8308,1.8056,1.8056,348800
1992-12-31,1.8182,1.8551,1.8182,1.8308,1068800
1993-01-04,1.8425,1.8667,1.7571,1.7571,1250000
1993-01-05,1.7814,1.9268,1.7814,1.9152,3016800
1993-01-06,1.9395,2.0733,1.9268,2.0364,8404800
1993-01-07,2.0364,2.0849,2.0122,2.0364,5252000
1993-01-08,2.0122,2.0248,1.9637,2.0122,2188800
1993-01-11,1.9996,2.1092,1.9879,2.0966,3276800
1993-01-12,2.0849,2.0849,1.9753,1.9996,3964000
1993-01-13,1.9996,2.0364,1.9521,2.0122,5082800
1993-01-14,2.0481,2.2672,2.0364,2.2304,14988800
1993-01-15,2.2546,2.2905,2.1460,2.1693,10114000
1993-01-18,2.1460,2.1576,2.1218,2.1218,2912800
1993-01-19,2.1576,2.2304,2.1576,2.2061,2116000
1993-01-20,2.1945,2.2178,2.0966,2.1334,2328800
1993-01-21,2.1092,2.2061,2.0849,2.1693,3174000
1993-01-22,2.1693,2.2178,2.0966,2.1576,3930000
1993-01-25,2.1819,2.2789,2.1693,2.2420,2904800
1993-01-26,2.2546,2.2905,2.1693,2.2061,2394800
1993-01-27,2.2061,2.2178,2.1218,2.1693,1886000
1993-01-28,2.1460,2.1460,2.0849,2.1218,2136000
1993-01-29,2.1092,2.1819,2.1092,2.1460,1118800
1993-02-01,2.1819,2.2304,2.1693,2.2178,3022000
1993-02-02,2.2304,2.3642,2.2304,2.3516,7240000
1993-02-03,2.3516,2.3642,2.2905,2.3390,5278000
1993-02-04,2.3157,2.3516,2.2420,2.2420,4538800
1993-02-05,2.2672,2.3273,2.2546,2.2546,2676000
1993-02-08,2.2905,2.3157,2.2178,2.2304,1860800
1993-02-09,2.2304,2.2420,2.1945,2.2304,3586800
1993-02-10,2.2905,2.4117,2.2905,2.3642,6254800
1993-02-11,2.3642,2.4001,2.3390,2.3390,3920000
1993-02-12,2.3390,2.3884,2.2905,2.3031,1424800
1993-02-16,2.2546,2.2546,2.0966,2.2304,3956800
1993-02-17,2.2061,2.2672,2.1693,2.1945,2398800
1993-02-18,2.2304,2.3157,2.2178,2.2672,2720000
1993-02-19,2.2789,2.4243,2.2789,2.4243,3000800
1993-02-22,2.4117,2.4970,2.4117,2.4117,3236800
1993-02-23,2.4117,2.4486,2.3516,2.3642,2396000
1993-02-24,2.3390,2.4369,2.3273,2.4369,1338000
1993-02-25,2.4728,2.5213,2.4243,2.4369,4356000
1993-02-26,2.4486,2.4486,2.3642,2.3758,1414800
1993-03-01,2.3758,2.4117,2.3516,2.3758,1282000
1993-03-02,2.3758,2.4970,2.3642,2.4970,1768000
1993-03-03,2.4844,2.5329,2.4486,2.4486,1902000
1993-03-04,2.4728,2.4844,2.4117,2.4844,1224800
1993-03-05,2.4844,2.5455,2.4486,2.5097,1644000
1993-03-08,2.4844,2.6066,2.4728,2.5814,2196800
1993-03-09,2.5814,2.5940,2.5329,2.5814,1242000
1993-03-10,2.5581,2.5698,2.5213,2.5581,1166000
1993-03-11,2.5814,2.6425,2.5814,2.5814,1862000
1993-03-12,2.5698,2.7152,2.5455,2.7026,3058800
1993-03-15,2.6668,2.7152,2.6541,2.7026,3094800
1993-03-16,2.7269,2.7637,2.6910,2.7026,2790000
1993-03-17,2.4369,2.4844,2.2905,2.3157,12548800
1993-03-18,2.3273,2.3390,2.2420,2.2789,3758800
1993-03-19,2.3157,2.3390,2.1945,2.2061,3428800
1993-03-22,2.1945,2.3273,2.1693,2.2672,3646800
1993-03-23,2.2546,2.3031,2.2546,2.2905,2806000
1993-03-24,2.2789,2.3157,2.2672,2.2789,1348000
1993-03-25,2.2672,2.4117,2.2672,2.3758,2996000
1993-03-26,2.4243,2.4602,2.3516,2.3516,2224800
1993-03-29,2.4243,2.4486,2.2789,2.2905,3518000
1993-03-30,2.2789,2.3516,2.2546,2.2905,2482800
1993-03-31,2.3157,2.3273,2.2789,2.2905,2474000
1993-04-01,2.2789,2.2789,2.1693,2.1819,2566800
1993-04-02,2.1334,2.1334,1.8667,1.9268,11484800
1993-04-05,1.9637,2.0248,1.9395,2.0122,7930800
1993-04-06,2.0966,2.1218,2.0733,2.1092,6234800
1993-04-07,2.1092,2.1092,2.0607,2.0849,2458800
1993-04-08,2.0966,2.1460,2.0849,2.1334,3016000
1993-04-12,2.1460,2.2178,2.1334,2.1460,2110800
1993-04-13,2.1693,2.2061,2.1218,2.1460,4390000
1993-04-14,2.1334,2.1576,2.1218,2.1460,1806000
1993-04-15,2.1576,2.1576,2.0849,2.0849,1266800
1993-04-16,2.0966,2.0966,1.9879,1.9996,1062000
1993-04-19,1.9996,1.9996,1.8793,1.9521,3486000
1993-04-20,1.9637,2.0364,1.9637,2.0364,3784800
1993-04-21,2.0733,2.1460,2.0481,2.1460,4768800
1993-04-22,2.1460,2.2061,2.1218,2.1945,2268800
1993-04-23,2.2061,2.2061,2.1693,2.1819,1836000
1993-04-26,2.2061,2.2061,2.0849,2.1092,3482000
1993-04-27,2.1092,2.1092,2.0607,2.0966,2286800
1993-04-28,2.1092,2.1092,2.0733,2.0849,1134800
1993-04-29,2.1092,2.1576,2.1092,2.1334,1748000
1993-04-30,2.1334,2.2420,2.1334,2.2304,1550800
1993-05-03,2.2420,2.2905,2.2304,2.2789,1390000
1993-05-04,2.3031,2.3642,2.2905,2.3390,2458800
1993-05-05,2.3642,2.4243,2.3642,2.3642,3254800
1993-05-06,2.3884,2.4369,2.3642,2.3642,2278000
1993-05-07,2.3642,2.4369,2.3642,2.4117,1074000
1993-05-10,2.4369,2.4970,2.4117,2.4970,2226000
1993-05-11,2.4970,2.5213,2.4001,2.4602,3554000
1993-05-12,2.4486,2.4602,2.3642,2.3642,1616800
1993-05-13,2.3884,2.3884,2.2905,2.3390,1502800
1993-05-14,2.3390,2.3642,2.3273,2.3516,952800
1993-05-17,2.3516,2.4369,2.3157,2.4001,1418000
1993-05-18,2.4369,2.5213,2.4243,2.5213,2220000
1993-05-19,2.5581,2.6066,2.4844,2.5581,3258000
1993-05-20,2.5814,2.6794,2.5814,2.6425,3068800
1993-05-21,2.6541,2.7754,2.6066,2.7521,4584000
1993-05-24,2.7521,2.8491,2.7395,2.7395,5044000
1993-05-25,2.7521,2.8607,2.7269,2.8122,5300000
1993-05-26,2.8122,2.8733,2.8006,2.8491,2602800
1993-05-27,2.8733,2.9451,2.8607,2.8733,5712800
1993-05-28,2.8607,2.8966,2.8491,2.8849,2746000
1993-06-01,2.8849,3.0304,2.8491,3.0304,4734000
1993-06-02,3.0062,3.0178,2.9334,3.0178,2386000
1993-06-03,2.9945,3.0789,2.9693,3.0546,2802000
1993-06-04,3.0789,3.1157,2.9945,3.0062,3372000
1993-06-07,3.0178,3.0304,2.8849,2.8966,1982800
1993-06-08,2.8733,3.1274,2.8733,3.1274,4058800
1993-06-09,3.1031,3.2117,3.0546,3.0915,6376800
1993-06-10,3.0663,3.1157,3.0178,3.0178,2638000
1993-06-11,3.0430,3.1031,3.0304,3.0789,2430800
1993-06-14,3.0915,3.2243,3.0915,3.1875,3004800
1993-06-15,3.1875,3.3940,3.1875,3.3698,10012000
1993-06-16,3.5511,3.5511,3.4425,3.4668,14134800
1993-06-17,3.4425,3.4668,3.3582,3.4425,6244800
1993-06-18,3.4425,3.4425,3.2728,3.2854,3578000
1993-06-21,3.2854,3.3213,3.2602,3.2854,3138000
1993-06-22,3.2971,3.4425,3.2117,3.4067,4110800
1993-06-23,3.3940,3.4910,3.3940,3.4183,4114000
1993-06-24,3.3698,3.4067,3.2971,3.3814,5034000
1993-06-25,3.4067,3.5511,3.3940,3.5511,2928800
1993-06-28,3.6122,3.6365,3.5764,3.5880,5334800
1993-06-29,3.6365,3.6491,3.5395,3.5764,2428800
1993-06-30,3.5638,3.6365,3.4910,3.6006,3204000
1993-07-01,3.5880,3.6724,3.5764,3.6491,4394800
1993-07-02,3.6365,3.7703,3.6365,3.7577,3614800
1993-07-06,3.7577,3.8430,3.6850,3.6966,5174000
1993-07-07,3.6966,3.8663,3.6966,3.8430,7872000
1993-07-08,3.8430,4.0612,3.8188,3.9885,10752000
1993-07-09,3.9885,4.0729,3.9148,4.0360,6824000
1993-07-12,4.0118,4.0612,3.9390,4.0360,5994000
1993-07-13,4.0486,4.2067,4.0118,4.1815,7460800
1993-07-14,4.1572,4.3279,4.1456,4.2426,8118800
1993-07-15,4.2309,4.3521,4.1097,4.1572,9748800
1993-07-16,4.1213,4.1815,3.9274,4.0118,8000000
1993-07-19,3.9642,3.9885,3.6850,3.8188,8884800
1993-07-20,3.8304,4.1698,3.8188,4.1456,7558800
1993-07-21,4.1213,4.2309,4.0971,4.0971,6932800
1993-07-22,4.0971,4.1572,4.0729,4.1097,3950800
1993-07-23,4.1097,4.1572,4.0971,4.1456,3198800
1993-07-26,4.1815,4.3880,4.1698,4.3638,6342000
1993-07-27,4.3279,4.3521,4.2067,4.3037,5378000
1993-07-28,4.3037,4.4607,4.3037,4.4365,6356000
1993-07-29,4.4734,4.4850,4.3153,4.3279,5614000
1993-07-30,4.3153,4.4491,4.2668,4.3521,5462800
1993-08-02,4.3997,4.4734,4.3880,4.3997,4136000
1993-08-03,4.4607,4.4850,4.3638,4.4607,6182800
1993-08-04,4.4365,4.5335,4.4123,4.5092,6190800
1993-08-05,4.5092,4.6915,4.5092,4.6789,4702800
1993-08-06,4.6789,4.8244,4.6421,4.7759,8114800
1993-08-09,4.7633,4.8486,4.7517,4.7885,7694000
1993-08-10,4.7633,4.7885,4.7274,4.7633,4968000
1993-08-11,4.8370,4.9214,4.8244,4.8244,6604000
1993-08-12,4.8244,4.8370,4.6547,4.7759,7680000
1993-08-13,4.7633,4.8486,4.7158,4.8486,3886800
1993-08-16,4.8370,4.9340,4.7274,4.9088,7172800
1993-08-17,4.9340,5.3335,4.8845,5.3335,10872000
1993-08-18,5.3335,5.4790,5.2007,5.2482,13020000
1993-08-19,5.2239,5.3451,5.1764,5.1880,7388800
1993-08-20,5.1153,5.2239,5.0911,5.2239,4898000
1993-08-23,5.1512,5.3820,5.1027,5.3577,4798000
1993-08-24,5.3219,5.3219,5.0426,5.0426,5902800
1993-08-25,5.1027,5.2123,4.8002,4.8486,12798000
1993-08-26,4.8603,4.9582,4.7759,4.9456,16190800
1993-08-27,4.9456,5.0552,4.9456,4.9815,3778000
1993-08-30,4.9214,5.0057,4.9214,4.9456,6380800
1993-08-31,4.9456,5.2007,4.9456,5.1764,7168000
1993-09-01,5.1638,5.1764,5.0183,5.0794,7422000
1993-09-02,5.0911,5.2239,5.0794,5.1512,4452000
1993-09-03,5.1512,5.1512,4.9699,5.0668,8462800
1993-09-07,5.0668,5.1880,4.7759,4.8603,7164000
1993-09-08,4.8603,5.0552,4.8603,5.0309,12012800
1993-09-09,5.0426,5.4062,5.0426,5.3694,13150800
1993-09-10,5.4664,5.5759,5.4431,5.4664,9326800
1993-09-13,5.4906,5.5274,5.3093,5.3093,5694000
1993-09-14,5.2123,5.5032,5.1270,5.5032,11084000
1993-09-15,5.4906,5.7456,5.4305,5.6613,13470000
1993-09-16,5.6729,5.7088,5.5517,5.6002,3222800
1993-09-17,5.5517,5.6855,5.5517,5.6118,4294000
1993-09-20,5.6118,5.8300,5.6118,5.6487,6828000
1993-09-21,5.7330,5.7941,5.5401,5.5759,7958000
1993-09-22,5.6613,5.8300,5.6613,5.7825,6968800
1993-09-23,5.9153,6.0366,5.8911,6.0366,8424000
1993-09-24,5.9755,6.1335,5.9638,6.0007,6102000
1993-09-27,6.0366,6.1704,6.0249,6.1093,8378000
1993-09-28,6.0967,6.1093,5.7941,5.7941,18370000
1993-09-29,5.7825,5.8785,5.3451,5.3694,22286800
1993-09-30,5.4305,5.4664,5.2608,5.2976,17174000
1993-10-01,5.2976,5.4062,5.0552,5.1153,17786000
1993-10-04,5.2123,5.3093,5.1027,5.2976,17146000
1993-10-05,5.2850,5.2976,4.5946,4.8370,32834000
1993-10-06,4.8971,4.9941,4.8729,4.8729,16596800
1993-10-07,4.8845,4.9214,4.6062,4.6178,21436800
1993-10-08,4.6547,4.7391,4.4734,4.7274,16154800
1993-10-11,4.7633,4.8845,4.5577,4.5820,18800000
1993-10-12,4.7158,4.7391,4.5577,4.5577,13716000
1993-10-13,4.3521,4.3754,4.1941,4.2542,18870000
1993-10-14,4.2784,4.3754,4.2183,4.3279,13702800
1993-10-15,4.4850,4.7274,4.3754,4.5092,21258000
1993-10-18,4.5577,4.7274,4.4966,4.4966,11760000
1993-10-19,4.5577,4.5703,4.2542,4.2910,11754000
1993-10-20,4.3638,4.4123,4.2542,4.3037,5364800
1993-10-21,4.3037,4.5092,4.1698,4.4239,8588000
1993-10-22,4.4966,4.5577,4.3880,4.5335,8110000
1993-10-25,4.5335,4.6178,4.4491,4.5092,5102000
1993-10-26,4.5092,4.6663,4.5092,4.6421,7572000
1993-10-27,4.6915,4.8486,4.6547,4.7633,7834800
1993-10-28,4.7391,4.7391,4.5092,4.5577,8894800
1993-10-29,4.5577,4.6421,4.5092,4.6062,4738800
1993-11-01,4.6421,4.7158,4.6305,4.7032,4560800
1993-11-02,4.7032,4.7032,4.3880,4.4365,11324000
1993-11-03,4.3754,4.3754,3.9516,3.9516,19340000
1993-11-04,3.9885,4.0612,3.7218,3.7819,16560800
1993-11-05,3.8188,3.9274,3.7092,3.8430,10218000
1993-11-08,3.9032,4.0001,3.8789,3.9885,8486000
1993-11-09,4.0729,4.0971,3.8547,3.8789,7052800
1993-11-10,4.0729,4.2910,4.0244,4.2784,15974000
1993-11-11,4.2668,4.5209,4.2542,4.3997,13688800
1993-11-12,4.4239,4.4491,4.2910,4.3395,5456800
1993-11-15,4.3395,4.3754,4.0729,4.0855,4980800
1993-11-16,4.0855,4.0855,3.9759,4.0360,6866800
1993-11-17,4.1213,4.1572,3.9148,3.9642,6198800
1993-11-18,3.9516,3.9642,3.6724,3.7577,10690800
1993-11-19,3.7577,3.8547,3.7218,3.8430,8814000
1993-11-22,3.8430,3.9390,3.7819,3.8304,7954800
1993-11-23,3.9148,4.2542,3.8789,4.2426,9130000
1993-11-24,4.3638,4.4607,4.3395,4.3754,13466000
1993-11-26,4.3685,4.4899,4.3685,4.4656,1766000
1993-11-29,4.5141,4.6229,4.3083,4.3200,11644800
1993-11-30,4.3569,4.4899,4.3083,4.4899,5738800
1993-12-01,4.5627,4.6966,4.5141,4.6355,13434000
1993-12-02,4.6598,4.7937,4.4899,4.7568,9454000
1993-12-03,4.7685,4.7811,4.6355,4.6598,7834800
1993-12-06,4.4656,4.5258,4.3928,4.5141,12880800
1993-12-07,4.5510,4.6471,4.5258,4.6229,4944800
1993-12-08,4.6112,4.7083,4.5869,4.6966,6444000
1993-12-09,4.6840,4.8180,4.5753,4.6229,10352800
1993-12-10,4.6598,4.7083,4.5258,4.5627,5556800
1993-12-13,4.5627,4.7209,4.5627,4.6966,4742000
1993-12-14,4.7568,4.7937,4.6471,4.7326,5992800
1993-12-15,4.7326,4.7811,4.5996,4.6966,4788800
1993-12-16,4.7685,4.7937,4.6471,4.6714,592800
1993-12-17,4.6598,4.6714,4.4539,4.4899,14378000
1993-12-20,4.4782,4.5384,4.3685,4.3685,4872800
1993-12-21,4.2472,4.4899,4.2355,4.4899,8734800
1993-12-22,4.5141,4.6112,4.5015,4.5627,6664800
1993-12-23,4.5753,4.6355,4.4899,4.4899,4558000
1993-12-27,4.4899,4.5141,4.4044,4.4782,3672800
1993-12-28,4.5510,4.5869,4.4899,4.5015,3250800
1993-12-29,4.4899,4.5258,4.4413,4.4899,1536000
1993-12-30,4.5141,4.5510,4.4782,4.5141,2006000
1993-12-31,4.5384,4.5869,4.5015,4.5141,1742800
1994-01-03,4.5141,4.5384,4.3802,4.4044,5132000
1994-01-04,4.4413,4.5015,4.3326,4.4413,4424000
1994-01-05,4.4539,4.7083,4.4287,4.6840,8920000
1994-01-06,4.7811,4.8423,4.6840,4.7685,11684000
1994-01-07,4.7811,5.0966,4.7442,5.0364,13370000
1994-01-10,5.0481,5.1083,4.9267,5.0966,9150000
1994-01-11,5.0966,5.2180,5.0723,5.1451,6438800
1994-01-12,5.2539,5.3277,5.1451,5.2539,12472800
1994-01-13,5.2180,5.2665,5.1083,5.1325,3860800
1994-01-14,5.2180,5.4723,5.2180,5.3636,12562000
1994-01-17,5.3150,5.5820,5.3150,5.5461,7598000
1994-01-18,5.5936,5.6063,5.3636,5.3878,5886800
1994-01-19,5.2665,5.3752,5.2296,5.3277,9116000
1994-01-20,5.3393,5.5218,5.3393,5.4606,6220000
1994-01-21,5.4723,5.5820,5.4723,5.5218,5538800
1994-01-24,5.5335,5.6548,5.5092,5.6179,4740000
1994-01-25,5.6179,5.7150,5.4606,5.4606,6116800
1994-01-26,5.4606,5.4966,5.3150,5.3752,9754000
1994-01-27,5.3752,5.5703,5.3752,5.5703,4116800
1994-01-28,5.5936,5.6917,5.5218,5.5335,3248800
1994-01-31,5.6548,5.7645,5.6422,5.6674,7212800
1994-02-01,5.7033,5.8490,5.5936,5.8247,7002800
1994-02-02,5.8490,5.9703,5.8247,5.8732,6160000
1994-02-03,5.8490,5.8849,5.7276,5.7888,4320000
1994-02-04,5.8130,5.9577,5.5820,5.5936,5370800
1994-02-07,5.5335,5.7645,5.5218,5.7276,5874000
1994-02-08,5.7645,5.9460,5.7645,5.9101,5086800
1994-02-09,5.9101,6.0431,5.7519,5.7519,9604800
1994-02-10,5.7645,5.8247,5.6917,5.6917,4620800
1994-02-11,5.6917,5.6917,5.5461,5.6548,4250800
1994-02-14,5.6674,5.7762,5.6422,5.6917,2982800
1994-02-15,5.7393,5.9820,5.7393,5.9703,5604800
1994-02-16,6.0188,6.1276,5.9946,6.0790,8518800
1994-02-17,6.1771,6.1771,5.9218,5.9703,6994800
1994-02-18,5.9946,6.3829,5.9820,6.3703,13518800
1994-02-22,6.3829,6.7469,6.3829,6.6858,8596800
1994-02-23,6.5887,6.6858,6.5644,6.5644,6942000
1994-02-24,6.5042,6.5887,6.4072,6.5042,9034000
1994-02-25,6.6256,6.7100,6.5770,6.6625,5018800
1994-02-28,6.7227,6.9780,6.7100,6.8809,4650800
1994-03-01,6.9896,7.0265,6.7955,6.9285,8858800
1994-03-02,6.8926,7.3294,6.7838,7.3051,12572800
1994-03-03,7.3168,7.4265,7.3051,7.3906,7578000
1994-03-04,7.4139,7.7779,7.4139,7.7663,14800800
1994-03-07,7.7177,7.8507,7.6449,7.6449,11444800
1994-03-08,7.6934,7.6934,7.4508,7.5119,11838000
1994-03-09,7.5595,7.8031,7.5478,7.8031,13260000
1994-03-10,7.8148,7.9119,7.5964,7.8264,8766800
1994-03-11,7.8507,8.1672,7.7546,8.0934,8122800
1994-03-14,8.0575,8.3730,8.0090,8.3613,6232800
1994-03-15,8.3730,8.4215,7.9361,7.9361,13114000
1994-03-16,7.9361,8.2274,7.9361,8.1546,8710800
1994-03-17,8.1546,8.2274,8.0575,8.0818,6922800
1994-03-18,7.9847,8.6040,7.9847,8.5914,14060800
1994-03-21,8.5914,9.0399,8.4943,9.0040,11350000
1994-03-22,9.0525,9.2710,8.9069,9.1855,15182800
1994-03-23,9.1982,9.2710,9.0283,9.0768,9072000
1994-03-24,9.0525,9.0525,8.6400,8.7370,14836800
1994-03-25,8.7613,8.8215,8.2400,8.3118,9322000
1994-03-28,8.3361,8.3361,7.7420,8.0332,21916800
1994-03-29,8.0458,8.1788,7.5837,7.6449,13044800
1994-03-30,7.6333,8.0818,7.4634,7.8148,16954800
1994-03-31,7.9361,8.1186,7.5478,8.0818,17732000
1994-04-04,7.9847,8.3973,7.8264,8.3730,14046800
1994-04-05,8.5312,8.8467,8.5186,8.8467,13288800
1994-04-06,8.8467,9.1380,8.7370,9.0283,13152000
1994-04-07,9.0768,9.4894,9.0040,9.4894,10822800
1994-04-08,9.4409,9.6836,9.1254,9.1982,16438800
1994-04-11,9.1254,9.1254,8.8584,8.8700,9690800
1994-04-12,8.6400,8.6400,8.3002,8.3973,15626000
1994-04-13,8.3973,8.4099,7.7905,8.1186,17738800
1994-04-14,7.9361,8.3730,7.9361,8.1060,13622800
1994-04-15,8.1186,8.2516,7.9721,8.0575,8040800
1994-04-18,8.1060,8.3846,8.0691,8.3730,11262000
1994-04-19,8.4943,8.6764,7.7056,7.9798,3383200
1994-04-20,8.2516,8.2808,7.2202,7.4944,11558400
1994-04-21,7.7371,8.3439,7.5842,8.3439,9913200
1994-04-22,8.4337,8.6157,8.3123,8.4021,7121600
1994-04-25,8.4652,8.7370,8.4337,8.6764,3424400
1994-04-26,8.7785,8.8101,8.5354,8.6569,8194400
1994-04-28,8.6278,8.7493,8.3847,8.5063,3141200
1994-04-29,8.5354,9.0215,8.5354,8.8708,4449200
1994-05-02,8.9316,9.2961,8.8417,9.1139,4800000
1994-05-03,9.1139,9.1430,8.7493,8.7493,3708000
1994-05-04,8.7785,8.9632,8.6569,8.7785,4502400
1994-05-05,8.7785,8.8708,8.3240,8.3556,4390000
1994-05-06,8.2632,8.5986,8.0494,8.5354,5547200
1994-05-09,8.4455,8.7493,8.2341,8.2632,4488800
1994-05-10,8.4771,8.5354,8.1709,8.4771,4994000
1994-05-11,8.5670,8.6885,7.9910,8.1125,6706800
1994-05-12,8.2632,8.3556,7.8379,8.0202,5358400
1994-05-13,8.0202,8.0202,7.5341,7.8695,9030800
1994-05-16,7.8063,7.9910,7.5633,7.6848,3001600
1994-05-17,7.6848,7.7480,6.8658,7.3834,12335200
1994-05-18,7.5341,7.9278,7.3518,7.8695,6863200
1994-05-19,8.1417,8.4139,7.9910,8.2341,7374800
1994-05-20,8.2632,8.3556,8.1417,8.2632,3708400
1994-05-23,8.1709,8.2924,7.9278,7.9594,3970400
1994-05-24,7.9594,8.2341,7.7772,8.0494,5163600
1994-05-25,7.8379,7.9910,7.7480,7.8987,2780000
1994-05-26,7.8987,7.9910,7.7480,7.8063,2514400
1994-05-27,7.5633,7.7480,7.5633,7.7480,1710800
1994-05-31,7.7772,8.2025,7.7164,8.2025,3831200
1994-06-01,8.3240,8.7493,8.1709,8.7201,7779600
1994-06-02,8.8708,8.9632,8.4455,8.5063,5389200
1994-06-03,8.6569,8.9316,8.5063,8.5670,5972000
1994-06-06,8.7493,8.8101,8.4455,8.5063,3808000
1994-06-07,8.4455,8.5986,8.0810,8.1709,5955200
1994-06-08,7.9594,7.9910,7.5633,7.9278,9668000
1994-06-09,7.8987,7.9910,7.5949,7.8987,7931200
1994-06-10,8.0494,8.1709,7.9278,8.0810,5028800
1994-06-13,8.0810,8.2924,7.8987,8.1125,5998000
1994-06-14,8.2025,8.5063,8.0810,8.3556,6776000
1994-06-15,8.4455,8.5986,8.3556,8.3847,5874800
1994-06-16,8.3847,8.5986,8.3556,8.5063,8796800
1994-06-17,8.2025,8.4139,8.0494,8.1709,10546400
1994-06-20,7.9594,8.0494,7.8379,7.9594,5194800
1994-06-21,7.8379,7.8379,7.4418,7.6848,7649200
1994-06-22,7.8063,8.0202,7.7772,7.9594,5606000
1994-06-23,8.0202,8.1709,7.5949,7.5949,5893200
1994-06-24,7.6556,8.1709,7.6556,7.9278,6540400
1994-06-27,7.9278,8.3847,7.8987,8.3556,7044800
1994-06-28,8.2632,8.6278,8.2632,8.5354,6319600
1994-06-29,8.4771,8.6885,8.3847,8.4139,8095200
1994-06-30,8.5670,8.5670,8.3847,8.4139,4028400
1994-07-01,8.4771,8.4771,8.2025,8.3240,3236400
1994-07-05,8.2025,8.4139,8.2025,8.3240,2398000
1994-07-06,8.3240,8.3240,8.1125,8.2025,3033200
1994-07-07,8.2632,8.9632,8.2341,8.9632,7188400
1994-07-08,8.7785,9.1430,8.7785,8.9000,8013600
1994-07-11,8.9923,9.1430,8.7785,9.0215,5504800
1994-07-12,8.9316,9.4492,8.9000,9.4177,7594800
1994-07-13,9.4784,9.7822,9.4492,9.6291,7354800
1994-07-14,9.8138,9.8430,9.1746,9.2645,8035600
1994-07-15,9.0215,9.2354,8.7493,8.8101,9509200
1994-07-18,8.9000,9.1139,8.7785,8.9316,4650400
1994-07-19,8.8832,8.9440,8.6398,8.7323,4830400
1994-07-20,8.7323,8.7323,8.4256,8.5473,5343600
1994-07-21,8.6398,8.6398,8.1531,8.5181,7000000
1994-07-22,8.5473,8.7323,8.4573,8.5790,4070800
1994-07-25,8.6106,8.7007,8.4573,8.5181,1823200
1994-07-26,8.5473,8.6690,8.5181,8.5790,1757200
1994-07-27,8.5790,8.6690,8.5473,8.6106,2929200
1994-07-28,8.6398,8.8223,8.6398,8.6690,3058000
1994-07-29,8.7615,9.1874,8.7323,9.0974,5548800
1994-08-01,9.1266,9.3091,9.0657,9.1558,3743200
1994-08-02,9.1874,9.2774,9.0049,9.1266,4327600
1994-08-03,9.1874,9.2482,9.0341,9.0341,2414400
1994-08-04,9.0657,9.1558,8.9124,8.9757,2550400
1994-08-05,8.8223,9.1558,8.7907,9.1558,2295200
1994-08-08,9.1558,9.1874,9.0341,9.1266,2114400
1994-08-09,9.1558,9.6133,9.1558,9.4916,5183600
1994-08-10,9.4624,10.3434,9.4624,10.2826,13512400
1994-08-11,10.3142,10.5868,10.1609,10.3142,10272000
1994-08-12,10.4043,10.4651,10.1293,10.1925,4532400
1994-08-15,10.2509,10.4359,10.2509,10.2826,2039600
1994-08-16,10.4043,10.7693,10.0392,10.7377,7077600
1994-08-17,10.8302,10.8302,10.5576,10.6793,4881200
1994-08-18,10.6793,10.8910,10.5260,10.7377,5502000
1994-08-19,10.7377,10.7693,10.4651,10.6160,3331600
1994-08-22,10.4943,10.7085,10.4651,10.4943,3488800
1994-08-23,10.5260,10.5868,10.2826,10.2826,6539600
1994-08-24,10.3142,10.3142,9.8567,9.9492,9112800
1994-08-25,9.9784,10.5576,9.9492,10.5260,11996000
1994-08-26,10.6476,10.9227,10.4943,10.6476,6663200
1994-08-29,10.8010,10.8302,10.4043,10.4359,3162000
1994-08-30,10.4359,10.7377,10.2826,10.5868,4344800
1994-08-31,10.2826,10.2826,9.6741,9.7958,15618400
1994-09-01,9.5525,9.7642,9.4916,9.6133,8902000
1994-09-02,9.7350,9.8567,9.5525,9.6133,3630000
1994-09-06,9.7058,9.8275,9.5525,9.7350,3858000
1994-09-07,9.8567,10.1609,9.8275,9.9175,7096800
1994-09-08,10.0392,10.1609,9.8859,9.9784,3993600
1994-09-09,9.9492,9.9492,9.6133,9.6133,5517200
1994-09-12,9.6425,9.7058,9.3991,9.5208,5334800
1994-09-13,9.7350,9.9175,9.6741,9.7058,9900000
1994-09-14,9.7058,9.8859,9.6425,9.6741,4496800
1994-09-15,9.7350,10.1609,9.7058,10.1293,5459600
1994-09-16,9.9492,10.3142,9.9492,10.0709,6638000
1994-09-19,10.1293,10.2509,9.6133,9.6425,10654400
1994-09-20,9.3699,9.4624,8.6690,9.2190,19148000
1994-09-21,9.3407,9.5841,9.1558,9.5841,13254400
1994-09-22,9.6133,9.7958,9.2774,9.4916,8685600
1994-09-23,9.8567,9.8567,9.1874,9.2774,18256400
1994-09-26,9.1392,9.1392,8.6518,8.7737,32766000
1994-09-27,8.7737,8.8955,8.5007,8.5909,15875600
1994-09-28,8.6518,8.7737,8.1936,8.3472,16989200
1994-09-29,8.4081,8.6518,8.3155,8.6226,12799600
1994-09-30,8.6518,8.6518,8.3788,8.4081,7329600
1994-10-03,8.4081,8.4690,7.8597,7.8914,12376800
1994-10-04,7.8914,7.9207,7.4332,7.5259,20149600
1994-10-05,7.6477,8.1035,7.5551,8.0718,18221200
1994-10-06,8.0718,8.1035,7.9207,8.0718,10120000
1994-10-07,8.2253,8.3155,8.0718,8.1035,7369200
1994-10-10,8.3472,8.6811,8.3472,8.5592,9310000
1994-10-11,8.8346,8.8663,8.4081,8.4373,13946800
1994-10-12,8.5007,8.5592,8.3472,8.4081,5450000
1994-10-13,8.5909,8.6518,8.0133,8.0425,10042000
1994-10-14,8.1035,8.3788,7.7988,8.3788,13201600
1994-10-17,8.3788,8.5300,8.1644,8.1644,7109200
1994-10-18,8.1644,8.3788,8.1351,8.1644,8016000
1994-10-19,8.1644,8.5007,7.9816,8.4081,8627600
1994-10-20,8.5909,8.7737,8.4081,8.5300,11128800
1994-10-21,8.5300,8.7444,8.4373,8.7127,7169200
1994-10-24,8.7444,8.9881,8.7444,8.9564,7940000
1994-10-25,8.8663,9.0174,8.6811,8.7444,6471200
1994-10-26,8.9248,9.3537,8.8346,9.3537,8712000
1994-10-27,9.4756,9.6876,9.4122,9.5974,14031600
1994-10-28,9.4756,9.8704,9.4439,9.6876,10694000
1994-10-31,9.6267,9.8704,9.5340,9.7485,4673600
1994-11-01,9.6876,10.0532,9.6876,9.9922,6175600
1994-11-02,10.1141,10.4504,9.8094,9.8411,11573200
1994-11-03,10.0532,10.0532,9.6267,9.7485,8383200
1994-11-04,9.7193,9.7778,9.4439,9.4756,5784400
1994-11-07,9.4756,9.6559,9.4439,9.5657,3734800
1994-11-08,9.5657,10.0848,9.5657,9.8996,5569600
1994-11-09,10.1750,10.2359,9.8094,9.9630,7826400
1994-11-10,9.6876,9.8411,9.5974,9.6559,5871200
1994-11-11,9.6267,9.7485,9.5340,9.5657,3260800
1994-11-14,9.6559,9.9630,9.6559,9.8704,4158000
1994-11-15,9.9313,10.0848,9.7193,9.7778,5822000
1994-11-16,9.8094,9.8996,9.7485,9.8411,2802000
1994-11-17,9.9313,9.9313,9.6876,9.7778,3691600
1994-11-18,9.7485,9.8094,9.6559,9.7193,3955200
1994-11-21,9.9630,10.1141,9.8411,9.8996,6016400
1994-11-22,9.7778,9.8411,9.4439,9.4756,6868000
1994-11-23,9.3829,9.8996,9.2611,9.8704,9204800
1994-11-25,9.8411,10.0532,9.8411,9.9922,2068800
1994-11-28,10.0532,10.1141,9.8094,9.9630,4758000
1994-11-29,9.9922,10.2969,9.8704,10.2652,9454800
1994-11-30,10.4504,10.5406,10.1141,10.2359,10053600
1994-12-01,10.0532,10.3286,9.8094,10.0215,6249200
1994-12-02,10.0848,10.2969,9.9922,10.2359,5461600
1994-12-05,10.2969,10.8160,10.2652,10.7843,7866400
1994-12-06,10.7234,10.9963,10.6308,10.6624,11220400
1994-12-07,10.5406,10.8745,10.5406,10.5406,5854000
1994-12-08,10.6308,10.7843,10.0215,10.1750,6762800
1994-12-09,10.1141,10.2969,9.8094,10.1433,11038800
1994-12-12,10.2067,10.3286,9.8996,10.2359,7741200
1994-12-13,10.3578,10.3870,9.9922,10.0215,5846800
1994-12-14,10.0848,10.2652,9.9922,10.1433,5690000
1994-12-15,10.2969,10.4187,10.2652,10.3578,7326000
1994-12-16,10.2359,10.5406,9.8704,9.9313,10916800
1994-12-19,9.9922,9.9922,9.7778,9.8411,5490800
1994-12-20,9.9630,10.0848,9.7193,10.0532,4767600
1994-12-21,10.1141,10.5089,10.0532,10.5089,7181600
1994-12-22,10.5406,10.6308,10.1750,10.2652,5294000
1994-12-23,10.3578,10.5406,10.2969,10.4187,2831200
1994-12-27,10.5723,10.8745,10.4797,10.8452,4976000
1994-12-28,10.9062,11.0280,10.6308,10.7843,4668400
1994-12-29,10.9182,11.1939,10.9182,11.0402,6368400
1994-12-30,10.9792,11.0402,10.7645,10.7645,5176400
1995-01-03,10.7059,10.8279,10.5205,10.6742,5102800
1995-01-04,10.7645,10.7962,10.4912,10.7352,4710800
1995-01-05,10.7352,10.8865,10.5839,10.5839,4340000
1995-01-06,10.4620,10.6742,10.3692,10.5839,6192400
1995-01-09,10.6132,10.6742,10.3985,10.4912,6724000
1995-01-10,10.7352,11.0085,10.7059,10.9182,8765200
1995-01-11,11.2232,11.2232,10.8279,11.0085,8398000
1995-01-12,11.0402,11.3744,10.9499,11.2842,8073600
1995-01-13,11.3452,11.3744,11.0085,11.0402,6158400
1995-01-16,10.9499,11.1622,10.9182,11.0719,4614000
1995-01-17,11.2842,11.4379,11.2232,11.3159,7709600
1995-01-18,11.3744,11.5599,11.1939,11.3744,6788000
1995-01-19,11.3744,11.5892,11.3159,11.3159,5919600
1995-01-20,11.2525,11.3159,11.0402,11.1305,4551600
1995-01-23,10.9792,11.1939,10.9182,11.1939,5578800
1995-01-24,11.1939,11.5892,11.0719,11.5892,4668000
1995-01-25,11.1622,11.5282,11.1012,11.1622,9293200
1995-01-26,11.2232,11.2525,10.8279,10.8572,6252000
1995-01-27,10.8572,11.1939,10.7352,11.0719,6439600
1995-01-30,11.1622,11.1622,10.7645,10.7962,6681200
1995-01-31,10.7962,11.0402,10.6742,10.7962,6701600
1995-02-01,10.7645,11.1305,10.6742,10.9182,7845600
1995-02-02,10.9499,11.1622,10.7645,11.1305,5969200
1995-02-03,11.3159,11.3159,10.9499,10.9792,6524800
1995-02-06,10.9792,11.1939,10.8279,11.0085,6663600
1995-02-07,10.9792,11.0402,10.8279,11.0402,3639200
1995-02-08,11.1939,11.7404,11.1012,11.6819,11161200
1995-02-09,11.7721,12.3211,11.7404,12.2918,14425600
1995-02-10,12.2601,12.9311,12.1698,12.8383,17000800
1995-02-13,12.8701,13.0823,12.7481,12.9018,10081600
1995-02-14,12.9603,13.4483,12.9311,13.4190,12982000
1995-02-15,13.5410,13.5703,13.2970,13.3580,6990000
1995-02-16,13.4190,13.9997,13.3897,13.9680,9504000
1995-02-17,13.8143,13.8460,13.4800,13.5117,7158800
1995-02-21,13.6923,13.8777,13.5117,13.6923,6335200
1995-02-22,13.7557,14.4559,13.7240,14.4242,9752000
1995-02-23,14.5462,14.9756,14.3022,14.3949,15076000
1995-02-24,14.3949,14.5169,13.9997,14.3949,10701600
1995-02-27,14.2730,14.8219,14.2120,14.3949,11622000
1995-02-28,14.4877,15.1562,14.3949,15.1269,9286000
1995-03-01,15.2196,15.8881,15.1879,15.8296,13231600
1995-03-02,15.8588,16.1638,15.7076,16.0735,11269200
1995-03-03,16.0735,16.6835,15.8881,16.5908,11603200
1995-03-06,16.4688,17.4154,16.2541,16.9275,15194400
1995-03-07,17.0495,17.2300,16.7128,17.1397,11891200
1995-03-08,17.3227,17.3227,16.4688,16.5615,11228000
1995-03-09,16.7738,16.9275,16.0418,16.4395,14912000
1995-03-10,16.4395,16.6518,16.2541,16.3761,8651200
1995-03-13,16.3468,17.0178,16.2858,16.8348,7599600
1995-03-14,17.0788,17.2007,16.9275,16.9568,7093600
1995-03-15,16.9568,17.2007,16.7128,17.0788,7139200
1995-03-16,17.1715,17.2935,16.7738,16.9568,8601600
1995-03-17,16.6371,17.1715,16.6371,17.0495,10615600
1995-03-20,17.0788,18.0547,16.8958,17.9937,12247200
1995-03-21,18.1474,18.8476,18.0254,18.2694,15406400
1995-03-22,18.3279,18.4499,17.9620,18.1157,7575600
1995-03-23,18.1157,18.9696,18.1157,18.8793,13093200
1995-03-24,19.0013,19.5479,18.9379,19.1233,10244800
1995-03-27,19.1233,19.6406,19.1233,19.5796,9712000
1995-03-28,19.7016,20.7678,19.7016,20.6775,16264800
1995-03-29,20.5555,20.5872,18.9379,19.1526,23518400
1995-03-30,19.2136,19.2136,17.9034,18.1767,23568800
1995-03-31,18.0547,18.9086,17.8107,18.5719,13368800
1995-04-03,18.6354,19.0306,18.2059,18.9696,8847600
1995-04-04,19.1233,19.2746,18.0547,18.1157,10155600
1995-04-05,18.0840,18.6354,17.3227,18.3279,16401200
1995-04-06,18.5426,18.7573,18.1474,18.2694,9221200
1995-04-07,18.4207,18.7573,18.0254,18.6036,9101200
1995-04-10,18.6354,19.1526,18.6354,18.9379,7106000
1995-04-11,19.2453,19.3673,18.7866,19.0013,7985600
1995-04-12,19.0306,19.3039,18.8476,19.1233,5837600
1995-04-13,19.3039,19.6113,19.1526,19.5186,8116400
1995-04-17,19.6406,19.7333,18.6646,18.7866,8910800
1995-04-18,18.9379,19.1819,18.3279,19.0916,10099200
1995-04-19,19.0306,19.0306,18.2694,18.5134,9887600
1995-04-20,18.6646,18.7256,18.1767,18.5426,5910000
1995-04-21,18.4207,18.9379,18.2987,18.5719,7130000
1995-04-24,18.4207,19.6113,18.4207,19.5186,12122000
1995-04-25,19.6406,20.3115,19.5796,20.0358,10313200
1995-04-26,19.5186,20.1895,19.0916,19.9773,14536000
1995-04-27,19.9455,20.2798,19.7016,19.9773,7406000
1995-04-28,19.9455,20.3725,19.7333,20.1285,7230000
1995-05-01,20.0675,20.4335,19.8236,19.8845,6536000
1995-05-02,19.6698,19.9455,19.5796,19.7333,5034000
1995-05-03,19.8845,20.4945,19.6406,20.4335,9921200
1995-05-04,20.7092,21.1972,20.2798,20.5555,14310400
1995-05-05,20.6775,20.9825,20.4018,20.5872,8344800
1995-05-08,20.4652,20.9532,20.2505,20.3115,6334800
1995-05-09,20.4945,20.4945,19.5186,20.1578,12062000
1995-05-10,20.3115,20.3115,19.8553,20.0358,7533600
1995-05-11,20.0065,20.7385,19.8845,20.6165,9645200
1995-05-12,20.6921,21.4094,20.6921,21.1045,10478800
1995-05-15,21.1045,21.3192,21.0117,21.1972,4600800
1995-05-16,21.1337,21.6534,20.9215,21.2557,7140000
1995-05-17,21.5314,22.1097,21.4094,21.9584,10538400
1995-05-18,21.9877,23.6053,21.9877,22.8123,17770000
1995-05-19,22.6903,23.5443,22.6611,23.5443,11768400
1995-05-22,23.6053,23.9103,23.4516,23.7273,12946800
1995-05-23,24.0957,24.5836,23.6663,24.2762,5914400
1995-05-24,24.6422,24.7642,22.6318,22.9343,16526200
1995-05-25,22.8123,23.6077,22.5683,23.3637,8069000
1995-05-26,22.8123,22.9978,22.3244,22.5098,5249200
1995-05-30,22.7176,22.7811,20.3384,20.3384,12400000
1995-05-31,20.5826,21.8040,19.9719,21.8040,11379800
1995-06-01,22.0483,22.9032,21.9848,22.6590,8919400
1995-06-02,22.2290,23.6361,22.1704,23.1475,7845000
1995-06-05,23.3918,23.6947,22.7176,22.9032,5596400
1995-06-06,22.7811,23.2697,22.0483,22.0483,6078000
1995-06-07,22.1069,22.8397,21.8626,22.8397,6672600
1995-06-08,22.9032,23.4504,22.9032,23.3283,4714400
1995-06-09,23.4504,23.8168,22.9619,23.5726,6115800
1995-06-12,23.8168,23.8168,23.0840,23.3283,4504400
1995-06-13,23.8168,23.8803,23.1475,23.5139,6535400
1995-06-14,23.4504,24.0611,23.2697,23.7582,5681600
1995-06-15,23.8803,24.6132,23.7582,24.1832,7557800
1995-06-16,24.3689,24.6132,24.1246,24.4275,8755600
1995-06-19,24.8574,26.2596,24.7353,25.8932,8808400
1995-06-20,26.7481,28.2773,26.5039,28.2138,11243000
1995-06-21,28.6437,28.9466,26.6895,26.7481,17877000
1995-06-22,27.0559,28.0330,26.9924,27.8474,10254000
1995-06-23,27.8474,28.4581,27.5445,28.1552,6767800
1995-06-26,28.2773,28.7658,27.4223,27.8474,6601000
1995-06-27,27.8474,27.9695,26.8116,26.8116,7150000
1995-06-28,26.6260,27.1781,25.2825,26.1374,14179800
1995-06-29,26.4452,27.2367,26.3231,26.9338,9559800
1995-06-30,27.4810,27.7887,26.5039,26.8703,7330800
1995-07-03,26.8116,26.8703,26.3231,26.4452,2443000
1995-07-05,26.5039,26.8116,25.3460,25.7124,9358200
1995-07-06,25.8932,26.9924,25.5268,26.8703,11902600
1995-07-07,27.3588,27.9109,26.9924,27.6666,10088400
1995-07-10,27.8474,28.2138,27.1781,27.6031,6890000
1995-07-11,27.5445,27.7887,26.9924,27.2367,5458600
1995-07-12,27.9695,29.7429,27.6031,29.6794,13149400
1995-07-13,29.6794,30.5979,29.1323,29.9872,11068200
1995-07-14,28.9466,30.7787,28.9466,30.7787,9355200
1995-07-17,31.2086,31.6336,30.8422,30.9643,7858800
1995-07-18,30.9008,31.1451,29.3130,29.3130,9300600
1995-07-19,28.0916,28.7658,25.5903,28.0330,18529600
1995-07-20,27.9695,28.1552,26.9338,27.7252,8683600
1995-07-21,27.8474,28.1552,26.9924,26.9924,5950800
1995-07-24,27.5445,29.3765,27.3002,29.3130,6479600
1995-07-25,30.1680,30.4123,29.5573,29.6208,7571400
1995-07-26,30.1094,30.4758,29.6794,29.8651,5813600
1995-07-27,30.1094,31.0229,30.1094,30.7787,7116200
1995-07-28,31.1451,31.3894,30.4758,31.0865,6642600
1995-07-31,31.0865,31.2086,29.9872,30.4758,6161800
1995-08-01,30.4758,30.4758,29.0687,29.4352,7559800
1995-08-02,30.0458,30.2315,27.4810,28.2138,9941800
1995-08-03,27.7252,28.7658,26.9924,28.5802,12898800
1995-08-04,28.6437,29.0101,27.9695,28.1552,5315800
1995-08-07,28.4581,28.7023,27.9695,28.1552,5074800
1995-08-08,28.3359,29.0101,27.9695,28.8880,5131600
1995-08-09,29.5807,30.8666,29.3362,30.8666,10202400
1995-08-10,30.8031,31.3556,30.0696,30.3141,7524400
1995-08-11,31.2333,31.2333,30.5586,30.7444,9268000
1995-08-14,30.7444,32.0890,30.4363,32.0254,8010800
1995-08-15,32.8810,34.1669,32.0254,34.0447,9855600
1995-08-16,34.7146,35.6338,34.4114,35.3257,9595000
1995-08-17,35.4480,36.3036,34.5923,34.6559,9297600
1995-08-18,35.0226,35.2035,34.2892,34.7781,5772000
1995-08-21,34.9590,34.9590,33.0033,33.2477,9838200
1995-08-22,33.4629,35.6924,33.3700,35.3893,9139800
1995-08-23,35.6924,36.8561,35.6338,36.1814,11940400
1995-08-24,36.2449,36.6703,35.2035,36.1227,8724400
1995-08-25,36.0591,36.3036,35.5115,35.5702,6000400
1995-08-28,35.4480,35.8147,34.9590,35.0226,5524800
1995-08-29,34.9590,35.1448,33.0668,35.1448,15764000
1995-08-30,35.4480,36.2449,34.9590,35.8147,8284800
1995-08-31,35.9369,38.1371,35.5702,37.5895,8826400
1995-09-01,37.4673,38.5038,36.9783,37.3450,6368800
1995-09-05,38.0784,39.8484,37.9562,39.7897,8312000
1995-09-06,40.4009,42.9678,40.4009,42.6598,16047200
1995-09-07,43.7599,44.9822,42.1122,42.8456,16604000
1995-09-08,43.0265,44.1266,41.5597,43.9457,11756000
1995-09-11,44.4933,46.2681,44.0679,46.1459,12162400
1995-09-12,46.2046,46.3268,44.8013,45.0458,11154200
1995-09-13,44.9822,45.9014,44.3711,45.5347,10005200
1995-09-14,45.4712,45.5347,43.2123,43.8235,9801800
1995-09-15,43.2710,43.2710,41.9899,42.0486,12131600
1995-09-18,41.9264,43.5154,40.8263,43.2710,12136800
1995-09-19,43.7012,45.0458,43.2710,44.0044,11555600
1995-09-20,44.7378,44.7378,42.6011,42.8456,8859200
1995-09-21,42.0486,43.5154,41.6819,41.8677,13279000
1995-09-22,41.7455,43.5154,41.6819,41.9264,14425000
1995-09-25,41.8041,42.1708,39.7262,40.0929,11712400
1995-09-26,40.5231,40.8898,38.1371,38.5038,14258400
1995-09-27,37.1592,38.5038,35.6338,38.3816,25757000
1995-09-28,38.6896,40.4596,38.6260,40.4009,13342600
1995-09-29,40.8263,41.1343,38.6896,38.8118,12987400
1995-10-02,38.8705,39.4230,37.0370,37.7117,12510600
1995-10-03,37.4037,38.2007,36.7339,36.9148,11737000
1995-10-04,36.1814,36.1814,34.7781,34.7781,13408400
1995-10-05,34.9003,36.5481,34.5923,36.4258,11423000
1995-10-06,36.7339,37.4037,34.4701,34.5336,10217400
1995-10-09,33.7367,33.7367,31.6587,31.7809,19067600
1995-10-10,29.5220,33.0668,29.3362,33.0668,21945400
1995-10-11,33.6144,33.9225,32.2699,33.1255,14264600
1995-10-12,33.4335,34.5923,33.1255,34.0447,13107600
1995-10-13,34.3478,34.6559,32.1476,32.3334,13286800
1995-10-16,32.3921,33.4335,31.7809,32.7588,8091800
1995-10-17,32.7001,35.4480,31.9032,35.4480,13397000
1995-10-18,35.9369,37.8340,35.3257,35.5702,21110000
1995-10-19,35.5702,36.1227,34.5923,35.6338,11513000
1995-10-20,35.6338,35.7560,33.7367,33.9225,7884200
1995-10-23,33.7367,36.1227,33.4922,36.0005,11219200
1995-10-24,36.4894,36.4894,34.4114,34.8368,9699600
1995-10-25,34.9590,34.9590,33.3113,33.4335,13256600
1995-10-26,33.3113,34.3478,32.2699,34.3478,13081600
1995-10-27,34.2256,35.0813,33.3113,34.0447,14232000
1995-10-30,35.1448,35.8147,34.5923,35.4480,11669000
1995-10-31,35.8147,36.0005,34.4701,34.4701,9639800
1995-11-01,34.4701,34.5336,33.1891,33.2477,14616200
1995-11-02,32.7588,34.1034,32.4557,33.0033,14938800
1995-11-03,33.5558,33.7367,32.8810,33.3700,10182800
1995-11-06,33.2477,33.2477,31.2920,31.5365,16194600
1995-11-07,30.8031,31.0475,28.6664,29.8887,36596200
1995-11-08,30.2162,31.2585,28.8706,30.3386,23512000
1995-11-09,31.0138,31.8702,30.9502,31.8066,20324800
1995-11-10,31.8066,32.7265,31.1362,31.6255,12214000
1995-11-13,31.5619,31.9925,29.9716,30.1575,7210200
1995-11-14,27.8919,31.8702,27.2802,27.8332,25217600
1995-11-15,27.9555,28.2589,27.1579,27.8332,15546000
1995-11-16,27.6472,28.2002,26.3652,27.0356,16212000
1995-11-17,26.9132,27.6472,26.7322,26.9769,12570200
1995-11-20,26.8545,27.4026,24.2219,24.4079,22892200
1995-11-21,24.5889,25.5676,24.1632,24.7749,21410400
1995-11-22,24.9559,25.1419,22.8175,23.3656,19902800
1995-11-24,23.4879,24.1632,22.9399,24.1632,7035200
1995-11-27,25.0782,25.1419,23.6739,23.7962,12729000
1995-11-28,23.6739,26.8545,23.6739,26.8545,20395200
1995-11-29,27.1579,28.1366,26.6099,26.8545,22341400
1995-11-30,26.3016,27.5249,25.5676,26.5462,16082600
1995-12-01,26.7909,26.7909,25.2006,25.3865,10082400
1995-12-04,25.4452,26.4239,25.2006,25.2642,9846600
1995-12-05,25.3229,26.1205,24.5889,25.3229,13578200
1995-12-06,25.5089,25.6312,24.5889,25.3229,12583000
1995-12-07,25.4452,25.8122,24.8972,25.3865,12621000
1995-12-08,25.5676,26.9132,25.2006,26.7909,11024400
1995-12-11,27.2802,27.2802,26.3652,26.7909,9793600
1995-12-12,26.7909,26.9769,25.7535,25.9982,8318200
1995-12-13,25.8759,26.8545,25.6899,26.2429,11592600
1995-12-14,26.1792,26.2429,24.3442,24.4666,13972000
1995-12-15,23.2433,23.7619,21.8389,21.9612,26145400
1995-12-18,21.7165,21.8976,20.1849,21.1636,20313400
1995-12-19,21.5306,22.3869,21.1636,22.3282,16785000
1995-12-20,22.3869,22.5093,20.9825,21.1636,10612600
1995-12-21,21.2859,21.7753,20.8602,21.0413,9003600
1995-12-22,21.2272,21.5942,20.8602,21.2272,6955400
1995-12-26,21.0069,21.4968,20.9433,21.0657,4442400
1995-12-27,21.1294,21.2519,20.3946,20.4534,7101200
1995-12-28,20.0859,20.3309,19.5960,19.7185,9961400
1995-12-29,19.7185,20.2721,19.0473,19.4148,19754800
1996-01-02,20.1447,20.4534,19.5960,20.3309,9789000
1996-01-03,20.2721,20.5758,19.1061,19.2923,11049800
1996-01-04,20.1472,20.4534,19.5960,20.3309,12882000
1996-01-05,20.2696,20.5758,19.1061,19.2898,12379400
1996-01-08,19.2923,19.4099,18.6162,18.9200,3115400
1996-01-09,18.9200,18.9200,17.5776,17.8814,12477000
1996-01-10,19.2898,19.4123,18.6162,18.9224,14918200
1996-01-11,18.9224,18.9224,17.5752,17.8814,16344000
1996-01-12,17.5752,18.4325,17.5139,17.8201,21134400
1996-01-15,16.1667,16.3529,15.0644,15.1281,21649200
1996-01-16,15.3094,16.2892,15.0008,15.9806,20388800
1996-01-17,16.1667,16.3504,15.0644,15.1257,20049600
1996-01-18,15.3094,16.2892,15.0032,15.9830,13306800
1996-01-19,15.4931,16.9016,15.3094,15.7993,21021600
1996-01-22,15.2457,16.1079,15.2457,15.5543,10032000
1996-01-23,15.5543,16.0442,15.4319,15.6768,11018000
1996-01-24,15.2482,16.1055,15.2482,15.5543,26093200
1996-01-25,15.5543,16.0442,15.4319,15.6768,33254800
1996-01-26,15.9830,18.3713,15.8605,18.1263,21908600
1996-01-29,16.9604,17.0877,16.2255,16.4705,12030800
1996-01-30,16.7154,16.9016,16.4117,16.5341,7904000
1996-01-31,16.9628,17.0853,16.2280,16.4729,6969600
1996-02-01,16.7179,16.9016,16.4117,16.5341,18175000
1996-02-02,16.5954,16.8403,16.3504,16.7791,7475800
1996-02-05,17.6977,18.5550,17.6977,18.4325,15067800
1996-02-06,18.8765,20.5758,18.8765,20.5146,37559400
1996-02-07,20.9433,21.5556,19.9635,20.2696,44766400
1996-02-08,19.9635,20.5146,19.2286,19.5348,21604200
1996-02-09,18.8612,19.2898,18.4937,18.9836,21219200
1996-02-12,19.2286,19.3511,18.1263,18.1263,9002000
1996-02-13,18.0038,18.4937,17.5139,18.4937,19528400
1996-02-14,18.3100,18.6162,17.9426,18.1263,10908400
1996-02-15,18.1263,18.2488,17.2690,17.2690,11689200
1996-02-16,17.2078,17.8814,17.0853,17.6977,10296200
1996-02-20,17.3915,18.1876,17.2690,18.0651,13519000
1996-02-21,18.1876,18.3713,18.0038,18.1876,7479600
1996-02-22,18.3100,19.2286,18.3100,18.9836,17714600
1996-02-23,19.2286,19.2898,18.4325,18.4325,11449600
1996-02-26,18.3100,18.4325,18.0038,18.0038,8086600
1996-02-27,17.6364,17.8201,16.3504,16.4729,19389200
1996-02-28,16.5954,17.2078,15.9218,16.2892,12884200
1996-02-29,16.2280,16.5341,15.2482,15.6768,18158600
1996-03-01,15.8630,15.8630,15.1281,15.4907,12224200
1996-03-04,15.4319,15.7356,15.4319,15.4907,5725200
1996-03-05,15.4319,16.3529,14.6382,15.2457,24977800
1996-03-06,15.4319,15.7381,15.4319,15.4931,21206000
1996-03-07,15.4319,16.3504,14.6358,15.2482,13288800
1996-03-08,15.3094,15.5543,14.0846,14.2684,16019800
1996-03-11,15.0644,15.3094,14.5745,14.6970,13381600
1996-03-12,14.7558,14.8195,14.1483,14.5745,8147000
1996-03-13,15.0644,15.3094,14.5745,14.6970,10139000
1996-03-14,14.7583,14.8195,14.1459,14.5745,13336200
1996-03-15,14.5745,14.5745,13.8397,14.3296,28128600
1996-03-18,16.6566,17.2053,16.5978,16.9604,21344000
1996-03-19,17.2690,17.3915,16.1667,16.2892,13229800
1996-03-20,16.6566,17.2078,16.5954,16.9628,12812400
1996-03-21,16.7791,17.3915,16.1667,16.2892,7523000
1996-03-22,15.9830,15.9830,15.2482,15.8605,5745600
1996-03-25,15.6768,15.7993,15.0644,15.1869,4775000
1996-03-26,15.0644,15.6768,15.0644,15.1869,4933000
1996-03-27,15.6768,15.7993,15.0644,15.1869,5773000
1996-03-28,15.0644,15.6768,15.0644,15.1869,4341000
1996-03-29,15.2482,15.7381,15.2482,15.3706,4677400
1996-04-01,15.4319,15.5543,15.0008,15.0644,4180000
1996-04-02,15.4319,15.5543,15.0032,15.0644,3469800
1996-04-03,15.1257,15.1257,14.8807,14.8807,7623800
1996-04-04,14.9420,15.5543,14.6358,15.4931,3986200
1996-04-08,14.8832,16.5341,14.8195,16.5341,13526600
1996-04-09,14.8807,16.5341,14.8195,16.5341,12168600
1996-04-10,16.6566,16.8403,15.9830,16.1055,13362400
1996-04-11,15.9218,17.4527,15.9218,16.0442,7296400
1996-04-12,16.1667,16.2892,15.7993,16.1667,6250400
1996-04-15,16.0442,16.4117,15.8630,15.9806,4151200
1996-04-16,16.0442,16.4117,15.8605,15.9830,9749800
1996-04-17,16.3504,16.7791,16.2280,16.5954,6522600
1996-04-18,16.5341,16.7791,16.2892,16.5341,8994000
1996-04-19,16.5341,16.9628,16.4729,16.7791,5965400
1996-04-22,16.4705,16.5341,16.0442,16.1667,7073000
1996-04-23,16.3504,16.5341,16.0442,16.1667,6352400
1996-04-24,16.2280,16.5341,16.0442,16.2892,22259200
1996-04-25,16.5341,17.8201,16.2280,17.7589,26573400
1996-04-26,18.1263,19.1061,18.0651,18.7387,20856200
1996-04-29,18.2488,18.5574,17.8226,17.8814,9198400
1996-04-30,18.2488,18.5550,17.8201,17.8814,9155400
1996-05-01,17.8814,18.1876,17.6364,17.8201,8596800
1996-05-02,18.6162,18.9200,17.9402,18.2488,14466800
1996-05-03,17.8814,18.4325,17.8814,17.9426,10514800
1996-05-06,18.1263,18.1263,17.4503,17.7589,8135000
1996-05-07,17.6616,17.6616,17.1121,17.1710,7051400
1996-05-08,18.1522,18.1522,17.4776,17.7843,10851000
1996-05-09,17.6616,17.6616,17.1097,17.1710,9583800
1996-05-10,17.1097,17.2323,16.3738,17.2323,12402600
1996-05-13,16.3762,16.9846,16.1309,16.8031,9441400
1996-05-14,17.0484,17.1121,16.3762,16.4940,7278800
1996-05-15,16.3738,16.9870,16.1285,16.8031,6825600
1996-05-16,17.0484,17.1097,16.3738,16.4964,6202200
1996-05-17,16.2511,16.9257,16.1898,16.6191,6357800
1996-05-20,16.3762,16.4940,16.0034,16.1898,5128000
1996-05-21,16.0034,16.0672,15.8219,15.8856,7426400
1996-05-22,16.3738,16.3738,16.0058,16.1898,13875200
1996-05-23,16.0058,16.0672,15.8219,15.8832,9680600
1996-05-24,15.5766,15.6992,14.9633,15.2699,4993800
1996-05-28,14.9633,15.3313,14.9044,15.2086,7385600
1996-05-29,15.2675,15.3313,14.7180,14.8407,7575200
1996-05-30,14.9633,15.3313,14.9020,15.2086,10353800
1996-05-31,15.2699,15.3313,14.7180,14.8407,13251200
1996-06-03,15.6403,15.7581,15.0222,15.2086,5630800
1996-06-04,15.6379,15.7605,15.0246,15.2086,4557000
1996-06-05,15.2699,15.3313,14.9633,15.1473,3411600
1996-06-06,15.0246,15.1473,14.9020,14.9633,8428000
1996-06-07,14.9633,15.0246,14.3501,14.4727,9241400
1996-06-10,15.0860,15.0860,14.5316,14.6591,4628400
1996-06-11,14.7180,14.9633,14.5954,14.8407,4826800
1996-06-12,14.7180,14.9633,14.5954,14.8407,7527400
1996-06-13,15.2086,15.3926,14.6567,14.6567,8739200
1996-06-14,14.7793,15.0246,14.4114,14.8407,9534000
1996-06-17,14.5316,14.5954,14.2863,14.4727,4523800
1996-06-18,14.5340,14.5954,14.2887,14.4727,12220800
1996-06-19,14.4114,14.5340,13.4302,13.4302,7153600
1996-06-20,13.4915,13.9208,13.4915,13.7368,6421800
1996-06-21,13.8595,14.1048,13.4915,13.7981,4181800
1996-06-24,13.5504,13.5504,13.0009,13.1236,7948600
1996-06-25,13.5528,13.5528,13.0009,13.1236,7357200
1996-06-26,13.1236,13.4302,12.9396,12.9396,9879800
1996-06-27,12.8783,12.9396,12.2037,12.6330,12624200
1996-06-28,12.5103,12.6330,12.1424,12.4490,6114400
1996-07-01,12.8145,13.0598,12.8145,12.9420,4324800
1996-07-02,12.8145,12.8145,12.5103,12.5692,3377600
1996-07-03,12.8169,13.0622,12.8169,12.9396,2292600
1996-07-05,12.5716,12.6330,12.3263,12.4490,1642200
1996-07-08,12.3239,12.5103,11.7744,11.8333,4029200
1996-07-09,11.8971,11.8971,11.3427,11.6518,6041200
1996-07-10,12.3263,12.5103,11.7744,11.8357,9965800
1996-07-11,11.8971,11.8971,11.3451,11.6518,29412000
1996-07-12,11.5291,12.2037,11.1612,12.0810,21579000
1996-07-15,10.1800,10.2437,9.0172,9.3214,17944200
1996-07-16,9.3214,9.8120,8.4629,9.3214,15810000
1996-07-17,10.1800,10.2413,9.0148,9.3214,13035400
1996-07-18,9.3214,9.8120,8.4629,9.3214,13028200
1996-07-19,9.1374,9.8120,8.7695,8.7695,6293000
1996-07-22,9.0761,9.1350,8.8308,8.9535,4225200
1996-07-23,9.1350,9.1350,8.4629,8.4629,5817400
1996-07-24,9.0761,9.1374,8.8308,8.9535,7589600
1996-07-25,9.1374,9.1374,8.4629,8.4629,7903000
1996-07-26,8.2789,8.8308,8.1562,8.6468,12826800
1996-07-29,9.5078,9.9984,9.1988,9.1988,11421400
1996-07-30,9.3803,9.5078,9.0172,9.2625,6427400
1996-07-31,9.5054,9.9960,9.1988,9.1988,4222600
1996-08-01,9.3827,9.5054,9.0148,9.2601,5163400
1996-08-02,9.6894,11.2249,9.5667,11.2249,17842000
1996-08-05,11.0974,11.4702,10.0573,10.1162,17695600
1996-08-06,10.0573,11.0385,9.8709,10.9159,14021400
1996-08-07,11.0998,11.4678,10.0573,10.1186,37061600
1996-08-08,10.0573,11.0385,9.8733,10.9159,15372800
1996-08-09,11.9584,12.8783,11.8971,12.6943,14281400
1996-08-12,12.0197,12.3877,11.7744,12.0197,7042200
1996-08-13,11.8333,12.0786,11.4702,11.5291,8652400
1996-08-14,12.0197,12.3877,11.7744,12.0197,5306000
1996-08-15,11.8357,12.0810,11.4678,11.5291,3234200
1996-08-16,11.6518,11.8971,11.5904,11.7744,4787200
1996-08-19,11.5291,11.6518,11.2838,11.4065,3473800
1996-08-20,11.4702,11.9608,11.1612,11.3427,2927400
1996-08-21,11.5291,11.6518,11.2838,11.4065,6364800
1996-08-22,11.4678,11.9584,11.1612,11.3451,9321000
1996-08-23,11.1612,11.5904,11.0385,11.5291,4998000
1996-08-26,11.3427,11.4065,10.8521,10.9159,7133800
1996-08-27,10.9159,11.0974,10.7932,11.0385,3453600
1996-08-28,11.3451,11.4065,10.8545,10.9159,3882800
1996-08-29,10.9159,11.0998,10.7932,11.0385,4369000
1996-08-30,11.0385,11.1612,10.9159,11.0998,2550800
1996-09-03,10.9159,11.0385,10.7932,10.9159,2540600
1996-09-04,10.9159,11.0385,10.7932,10.9159,4019800
1996-09-05,10.9772,11.0998,10.4253,10.6706,4148000
1996-09-06,10.5479,10.6092,10.0573,10.0573,4533800
1996-09-09,10.4890,10.5479,10.0573,10.1162,3000400
1996-09-10,10.4866,10.5479,10.0573,10.1186,3971800
1996-09-11,10.1800,10.7319,10.0573,10.3026,9803400
1996-09-12,10.3026,11.0998,10.2413,10.5479,15968600
1996-09-13,10.6706,11.7131,10.3026,11.5291,11569000
1996-09-16,11.8971,13.0598,11.5880,13.0009,17583800
1996-09-17,11.8971,13.0622,11.5904,13.0009,24003400
1996-09-18,13.1849,13.3689,12.6943,13.1236,12931400
1996-09-19,13.0009,13.1849,12.3263,12.4490,23651400
1996-09-20,12.6943,13.7981,12.3263,13.4302,20416200
1996-09-23,13.2462,13.7957,13.0598,13.7368,8897400
1996-09-24,13.2462,13.7981,13.0622,13.7368,31454600
1996-09-25,14.6567,15.4539,13.9821,15.4539,20565400
1996-09-26,15.3926,16.1285,14.9020,15.8832,29502400
1996-09-27,15.9445,17.0484,15.5152,15.6992,12987800
1996-09-30,15.2086,15.8856,14.8407,14.9633,9675200
1996-10-01,15.2086,15.8832,14.8407,14.9633,14377400
1996-10-02,14.4727,14.9633,14.2863,14.5954,9728200
1996-10-03,14.4727,14.8407,14.1661,14.2887,7673200
1996-10-04,14.4727,14.9633,14.2887,14.5954,15258200
1996-10-07,14.7180,15.3313,14.5316,15.3313,10338200
1996-10-08,15.6403,16.1898,15.3313,15.8856,19876000
1996-10-09,14.6567,15.3313,14.5340,15.3313,23836800
1996-10-10,15.6379,16.1898,15.3313,15.8832,9030200
1996-10-11,16.3738,16.6191,15.6992,16.0672,5991600
1996-10-14,15.3950,16.3125,15.2086,16.1898,5974200
1996-10-15,15.8219,16.2487,14.9633,15.0222,12149000
1996-10-16,15.3926,16.3125,15.2086,16.1898,6811600
1996-10-17,15.8219,16.2511,14.9633,15.0246,15674200
1996-10-18,15.0860,15.4539,15.0246,15.3926,6221000
1996-10-21,15.6992,15.8219,14.9633,15.0860,5920400
1996-10-22,15.0222,15.3313,14.2863,14.5954,9605200
1996-10-23,15.6992,15.8219,14.9633,15.0860,8860000
1996-10-24,15.0246,15.3313,14.2887,14.5954,7807800
1996-10-25,14.4727,15.0860,14.4114,14.9020,8551600
1996-10-28,13.7957,13.9232,13.2462,13.3689,6120600
1996-10-29,13.3689,13.4326,12.8783,13.0598,8495200
1996-10-30,13.7981,13.9208,13.2462,13.3689,6888400
1996-10-31,13.3689,13.4302,12.8783,13.0622,16702000
1996-11-01,13.1236,13.5528,13.0622,13.1236,9155200
1996-11-04,12.7556,14.1048,12.7556,13.7368,12865200
1996-11-05,12.8169,14.1048,12.7556,13.7368,13791000
1996-11-06,13.7981,14.4114,13.5528,13.9821,9606600
1996-11-07,14.2274,14.7793,13.9208,14.7793,10305600
1996-11-08,14.7180,14.9020,14.4727,14.6567,4206400
1996-11-11,14.5316,16.0672,14.5316,16.0672,11981800
1996-11-12,14.5340,16.0672,14.5340,16.0672,18966600
1996-11-13,16.1898,16.3125,14.8407,15.0860,10228200
1996-11-14,15.0860,15.8832,14.5954,15.3313,8756200
1996-11-15,15.5766,15.8219,15.2699,15.7605,9534000
1996-11-18,14.9633,15.3950,14.8407,15.3313,6017000
1996-11-19,14.9633,15.3926,14.8407,15.3313,4037400
1996-11-20,15.1473,15.2699,14.9020,15.0246,17085000
1996-11-21,15.0860,15.8832,14.5340,15.3926,7357000
1996-11-22,15.3926,15.6379,15.0246,15.0860,22971000
1996-11-25,16.0034,16.3762,15.6992,15.8856,8830400
1996-11-26,16.0058,16.3738,15.6992,15.8832,8132200
1996-11-27,15.8832,16.1285,15.4539,15.8219,11861000
1996-11-29,16.3762,16.4940,16.0672,16.2487,3963000
1996-12-02,16.3762,17.7205,16.3125,17.6027,23325600
1996-12-03,17.7843,18.2749,16.6804,16.8031,21885200
1996-12-04,16.9846,17.4752,16.7393,17.2937,13910400
1996-12-05,17.4752,17.6027,16.3762,16.6215,15067600
1996-12-06,15.9445,16.7393,15.4539,16.6804,14443000
1996-12-09,17.0484,17.2299,16.8031,17.2299,7506200
1996-12-10,17.6027,17.8480,16.5578,16.6215,15134800
1996-12-11,16.1898,17.9069,16.0672,17.6616,24316600
1996-12-12,18.2111,18.5839,17.8480,17.8480,31797400
1996-12-13,17.8480,18.0296,17.1121,17.4163,13868600
1996-12-16,17.4163,17.6027,16.4351,17.0484,10698800
1996-12-17,16.0672,16.7393,15.6403,15.8219,19990600
1996-12-18,15.8219,16.0034,15.1497,15.8856,12533200
1996-12-19,15.8856,16.0672,15.3313,15.5766,7030400
1996-12-20,15.8856,15.8856,14.9633,15.2086,7010000
1996-12-23,15.2086,15.2675,14.7769,14.8407,5222800
1996-12-24,14.9633,15.0222,14.5316,14.7769,3310000
1996-12-26,14.7180,15.4539,14.7180,15.2675,5960600
1996-12-27,15.3313,15.3313,14.9044,15.0222,3385400
1996-12-30,14.9633,15.0222,14.5954,14.5954,5108200
1996-12-31,14.5954,14.8407,14.2274,14.2863,6306200
1997-01-02,14.5365,14.8407,14.2912,14.5954,5810400
1997-01-03,15.3313,15.8856,14.9044,15.6992,15954400
1997-01-06,15.4539,15.6992,15.0860,15.2086,6892600
1997-01-07,15.2086,15.6403,14.9633,15.4539,4990200
1997-01-08,15.4539,16.0672,15.2724,15.5766,9366600
1997-01-09,15.5766,15.8856,15.1497,15.5766,6339000
1997-01-10,15.4539,15.8219,15.2086,15.6403,6527000
1997-01-13,15.6992,16.1898,15.4539,15.6992,9310000
1997-01-14,15.6403,16.1898,15.6403,16.1898,8676000
1997-01-15,16.0083,16.3125,15.7630,15.8219,7513000
1997-01-16,15.9445,16.0672,15.6992,15.7630,4706600
1997-01-17,15.6992,15.7630,14.8407,15.1497,7037600
1997-01-20,15.1497,15.1497,14.9044,15.1497,4233600
1997-01-21,14.9633,15.5177,14.5365,14.6591,11427400
1997-01-22,14.6591,15.0271,14.5365,14.7818,10216800
1997-01-23,14.7180,16.4989,14.4727,15.6403,33652000
1997-01-24,15.8219,16.2536,15.2724,15.9445,22134400
1997-01-27,16.3762,16.8668,16.2536,16.4351,18916600
1997-01-28,16.6804,16.9257,15.4539,16.0672,12430600
1997-01-29,16.1898,16.4351,15.9445,16.1898,6817400
1997-01-30,17.1710,17.9069,17.0484,17.3574,30027200
1997-01-31,17.2937,17.6027,16.9895,17.0484,11418800
1997-02-03,17.1121,17.6027,16.9257,16.9257,7256000
1997-02-04,16.8031,17.0484,16.3762,16.8031,5473000
1997-02-05,16.3125,16.5578,15.4539,15.8219,11548400
1997-02-06,15.8219,16.1898,15.5766,16.0672,7598600
1997-02-07,17.0484,17.2937,16.3125,16.6215,13550000
1997-02-10,16.5578,16.6804,15.8856,16.0083,5553600
1997-02-11,16.0672,16.1898,15.3950,15.8219,7823200
1997-02-12,15.8856,16.3762,15.5766,16.2536,5480800
1997-02-13,16.3125,16.3125,15.9445,16.3125,4216400
1997-02-14,16.8668,17.0484,16.3762,16.7442,11938600
1997-02-18,16.8031,17.5390,16.4351,17.4801,12972000
1997-02-19,17.4163,17.7254,16.9895,16.9895,11603400
1997-02-20,17.0484,17.5390,17.0484,17.1121,7993000
1997-02-21,17.1710,17.2348,16.6804,16.8668,5578800
1997-02-24,16.8668,18.1522,16.7442,18.0933,16920600
1997-02-25,18.2749,19.0108,17.9707,18.6428,22364600
1997-02-26,18.8292,19.1334,18.1522,18.7655,19373800
1997-02-27,18.8292,19.1972,18.0296,18.0933,11419600
1997-02-28,17.9069,18.7066,17.7254,18.5202,12388400
1997-03-03,18.5839,19.0108,18.3386,18.8881,7860800
1997-03-04,19.3787,19.8104,19.1972,19.5651,21125800
1997-03-05,19.8104,20.8505,19.6240,20.7916,21540200
1997-03-06,20.4826,20.7279,19.8104,19.9920,12943000
1997-03-07,20.1146,20.6690,19.5014,19.5014,14442400
1997-03-10,19.9920,20.4237,19.4425,19.9331,8969000
1997-03-11,19.8693,20.3599,19.7467,19.9920,8785800
1997-03-12,19.9920,20.4826,19.8693,20.4237,8586200
1997-03-13,20.4826,21.0369,20.4237,20.6052,14681600
1997-03-14,21.0958,22.1997,20.8505,22.1997,24323800
1997-03-17,22.0770,22.1997,20.9143,21.6502,23804800
1997-03-18,20.7279,21.3411,19.1972,19.6240,29884800
1997-03-19,19.1334,19.3198,18.0933,18.8292,23975800
1997-03-20,18.7655,19.4425,18.0933,19.0108,12452400
1997-03-21,19.1972,19.3198,18.4613,18.5839,6617600
1997-03-24,18.5839,19.3787,17.7843,19.3787,11806800
1997-03-25,19.4425,19.5651,19.0108,19.0108,7517200
1997-03-26,19.1334,20.1784,18.6428,20.0557,14376800
1997-03-27,20.3599,20.4826,19.4425,19.6878,14220000
1997-03-31,19.7467,20.1146,19.2561,19.8104,9717200
1997-04-01,19.6240,19.7467,18.6428,19.0745,9351000
1997-04-02,19.2561,19.5014,18.6428,18.9519,9812200
1997-04-03,18.6428,19.9920,18.2749,19.9331,11040400
1997-04-04,19.8104,20.3599,19.5014,19.9331,13537200
1997-04-07,20.3599,20.6690,20.1784,20.5463,9555000
1997-04-08,20.7916,21.3411,20.6052,21.2822,12459200
1997-04-09,21.2822,21.4049,20.1784,20.3010,10085000
1997-04-10,19.9920,20.3010,19.3787,19.5014,9080600
1997-04-11,19.3787,19.7467,19.0108,19.3198,10393400
1997-04-14,19.1334,19.5014,18.7655,18.9519,7656600
1997-04-15,19.4425,20.1146,19.0745,19.2561,10928600
1997-04-16,19.1334,19.4425,18.7066,18.8881,6325200
1997-04-17,19.0108,19.1972,18.4613,18.6428,9409200
1997-04-18,18.3386,18.7066,17.5390,17.6027,10862000
1997-04-21,17.7843,18.0296,17.4163,17.6027,7515000
1997-04-22,17.6027,17.8480,16.3125,17.1710,14762400
1997-04-23,17.6616,17.9069,17.2937,17.6616,7295400
1997-04-24,18.0296,18.1522,17.0484,17.2937,6484800
1997-04-25,17.1121,17.2348,16.5578,16.6804,3628200
1997-04-28,16.6215,17.0484,16.4351,16.4989,4722000
1997-04-29,16.7442,17.4163,16.6804,17.3574,6215800
1997-04-30,17.2348,17.6616,16.8031,17.2937,7664000
1997-05-01,18.2749,18.7655,17.4801,18.7066,14986200
1997-05-02,18.7066,19.1972,18.4613,19.0108,8603600
1997-05-05,19.1334,19.8104,19.0745,19.1972,8035200
1997-05-06,18.9519,19.4425,18.7655,18.8881,6890200
1997-05-07,18.6428,19.3198,18.2749,18.3386,13362200
1997-05-08,18.5202,18.7655,18.0933,18.3386,7450000
1997-05-09,18.5839,19.0108,18.4613,18.5839,7036000
1997-05-12,18.2160,18.5839,17.6616,17.9069,12149800
1997-05-13,17.7843,18.0296,16.7442,16.9895,14272200
1997-05-14,16.8668,17.7254,16.4989,17.7254,16118600
1997-05-15,17.6616,18.0296,17.3574,17.7254,9034400
1997-05-16,17.6616,17.7843,17.4163,17.4801,4423000
1997-05-19,17.4163,17.6616,17.1121,17.1710,3923400
1997-05-20,17.5390,18.0296,17.1710,18.0296,6347400
1997-05-21,18.0296,18.2749,17.6616,17.8480,8369600
1997-05-22,17.8480,18.0296,17.6027,17.9707,4036600
1997-05-23,18.1522,18.8881,18.0933,18.7655,9666400
1997-05-27,19.8104,20.9732,19.2561,20.9143,26932600
1997-05-28,20.9143,21.4049,20.5463,21.1596,14769400
1997-05-29,21.2185,21.2185,20.6690,20.9143,7480400
1997-05-30,19.7467,20.8505,19.6878,20.7279,11421000
1997-06-02,20.9732,21.7728,20.9143,21.5275,10889800
1997-06-03,21.2822,21.3411,19.8104,19.8693,15428400
1997-06-04,20.0557,20.5463,19.5014,19.7467,9347800
1997-06-05,20.0557,20.4237,19.9920,20.1784,7708800
1997-06-06,20.1784,20.4826,19.6240,20.4237,7831000
1997-06-09,20.5463,21.0369,20.4826,20.9732,6221400
1997-06-10,20.6690,20.9143,19.9920,20.1146,8655800
1997-06-11,19.8693,20.0557,18.8881,19.6240,15886000
1997-06-12,19.0108,19.9331,18.8292,19.5014,10399200
1997-06-13,19.5651,20.2373,19.3787,19.9920,8447200
1997-06-16,20.3010,20.8505,19.9920,20.8505,7036200
1997-06-17,20.4826,20.7279,19.9920,20.4237,14303400
1997-06-18,20.1784,20.3599,19.8104,19.8693,6106600
1997-06-19,19.6878,19.8693,19.3787,19.7467,9397800
1997-06-20,19.6878,20.0557,19.6240,19.9331,6086400
1997-06-23,19.9920,20.2373,19.5651,19.5651,5424400
1997-06-24,19.8104,20.1146,19.6878,20.1146,4620200
1997-06-25,20.6052,21.4638,20.5463,20.9143,21196000
1997-06-26,20.6052,20.8505,20.1784,20.3599,6940000
1997-06-27,20.3010,20.3599,19.5014,19.6240,8369000
1997-06-30,19.5651,19.8693,19.4425,19.6240,6900000
1997-07-01,19.7467,20.1784,19.6240,19.8104,5727200
1997-07-02,20.0557,20.0557,19.7467,19.8693,3545400
1997-07-03,19.8693,20.0557,19.3787,19.6878,4279400
1997-07-07,19.9920,20.6690,19.8693,20.4826,10437200
1997-07-08,20.3599,21.2185,20.1784,21.1596,11794200
1997-07-09,21.1596,21.4049,21.0369,21.2822,10259800
1997-07-10,21.0369,21.2185,20.9732,21.0958,6478000
1997-07-11,21.0369,21.2185,20.9732,21.2185,14037800
1997-07-14,22.2634,23.3673,21.8955,23.3673,17177800
1997-07-15,23.4900,23.6715,23.0582,23.4900,16850000
1997-07-16,24.3485,24.5300,23.3035,23.3673,11827000
1997-07-17,23.7941,23.7941,23.1809,23.4262,8050600
1997-07-18,22.8129,23.0582,22.4450,23.0582,7589600
1997-07-21,22.5676,22.8129,22.0770,22.1997,5065000
1997-07-22,22.2634,22.7541,22.0770,22.6314,4091400
1997-07-23,23.1220,23.3035,22.8129,22.9994,3644200
1997-07-24,22.7541,22.7541,21.8317,22.3861,4399600
1997-07-25,22.1997,22.5088,21.9249,22.0181,2873400
1997-07-28,21.8955,22.6314,21.7091,22.5088,6083200
1997-07-29,22.0181,22.4450,21.8955,22.0181,4531200
1997-07-30,22.0181,22.4450,21.8317,22.0770,9559400
1997-07-31,22.6903,24.0394,22.4450,23.7941,13693200
1997-08-01,24.0394,24.8685,23.9462,24.8391,16582800
1997-08-04,24.7753,25.5750,24.5300,25.3297,12238800
1997-08-05,25.7565,27.9054,25.3886,27.5963,21710400
1997-08-06,27.5963,29.0681,27.1057,28.1507,18346200
1997-08-07,28.6413,29.4998,28.2733,28.6413,17644400
1997-08-08,28.3322,28.5775,27.2283,27.8416,11753000
1997-08-11,27.2283,27.4148,25.9430,27.0468,10512000
1997-08-12,26.6151,27.1695,24.4074,24.5938,16530400
1997-08-13,21.8955,21.8955,20.4826,20.9143,47521000
1997-08-14,20.9732,22.0770,20.2373,22.0181,25302000
1997-08-15,22.0181,22.1997,20.9143,20.9143,13663000
1997-08-18,21.0958,21.9544,20.9143,21.8317,10348600
1997-08-19,22.1408,22.8129,21.9544,22.6903,11870000
1997-08-20,22.8129,23.3035,22.0770,23.1220,11097400
1997-08-21,23.0582,23.6126,22.4450,22.5088,9589400
1997-08-22,21.6502,22.2634,21.5275,22.1408,8638800
1997-08-25,22.1997,23.1220,22.0770,22.5088,5406600
1997-08-26,22.4450,23.1809,22.2634,22.4450,6508600
1997-08-27,22.6314,22.9356,22.5676,22.5676,4228800
1997-08-28,22.5676,22.6314,22.0770,22.2634,4737400
1997-08-29,22.1408,22.1408,21.7728,21.8317,3233000
1997-09-02,22.1997,22.5088,21.9544,22.2634,3503200
1997-09-03,22.1408,22.4450,21.6502,21.9544,4747600
1997-09-04,21.9544,22.0770,21.4638,21.4638,6488400
1997-09-05,21.6502,21.7728,20.3599,20.4237,15021000
1997-09-08,20.7279,21.4049,20.6052,21.0958,6539200
1997-09-09,21.0958,21.4638,20.9732,20.9732,5751200
1997-09-10,20.8505,20.9732,20.4826,20.4826,5208600
1997-09-11,20.5463,21.0958,19.8104,20.8505,7683600
1997-09-12,20.6690,20.8505,20.1146,20.4237,4719600
1997-09-15,20.1146,20.3599,19.7467,19.8693,7271600
1997-09-16,19.8104,20.3010,19.6878,20.0557,7805600
1997-09-17,20.1784,20.6052,19.1334,19.1972,9925600
1997-09-18,19.4425,19.9920,18.8881,19.1334,10559800
1997-09-19,19.0745,19.1334,18.3386,18.3386,9319800
1997-09-22,18.4613,20.1146,18.3386,19.8693,13460400
1997-09-23,17.9069,18.3386,17.6616,18.2160,27061600
1997-09-24,17.9707,18.2160,16.8668,17.0484,21849600
1997-09-25,17.2937,17.6027,17.0484,17.2348,10158800
1997-09-26,17.3574,17.4801,16.6804,16.9257,9625600
1997-09-29,17.4163,17.6616,17.1121,17.1121,5621400
1997-09-30,17.1710,17.5390,16.8668,17.0484,6988400
1997-10-01,16.9895,17.0484,16.6215,16.6804,8146800
1997-10-02,16.8031,16.9895,16.6215,16.6804,7030800
1997-10-03,16.8031,16.8668,16.4989,16.6804,10445600
1997-10-06,16.9257,17.4163,16.5578,17.1710,10122600
1997-10-07,17.4163,17.9707,17.2348,17.9069,9174000
1997-10-08,17.9707,18.3386,17.7843,18.2749,9073800
1997-10-09,18.0933,18.5839,17.9069,18.4613,5797800
1997-10-10,18.3386,18.7655,18.1522,18.5839,5583600
1997-10-13,18.8292,19.0745,18.5839,18.9519,6131200
1997-10-14,18.7655,18.8292,17.9707,18.3975,8360800
1997-10-15,18.0933,18.5202,17.6616,17.9707,7246200
1997-10-16,17.7843,17.9707,16.9895,17.2348,6313800
1997-10-17,16.4989,16.6804,15.9445,16.4351,10248400
1997-10-20,16.4351,16.9895,16.1898,16.3125,5107600
1997-10-21,16.3762,16.8668,16.2536,16.3125,4481800
1997-10-22,16.3125,16.6804,16.0083,16.0083,5474200
1997-10-23,16.0083,16.2536,15.5177,15.5766,7907000
1997-10-24,15.7630,15.9445,13.7368,14.7818,21433800
1997-10-27,14.1048,14.3206,13.0009,13.0647,11209200
1997-10-28,12.5103,14.2912,12.2650,14.1685,15528200
1997-10-29,14.1685,14.3795,13.2462,13.3689,10625800
1997-10-30,13.0009,13.2168,12.3877,12.3877,13034600
1997-10-31,13.0009,13.4621,12.5397,13.1873,8756200
1997-11-03,13.4621,13.9232,13.1873,13.6779,7072400
1997-11-04,13.6436,13.8300,13.3394,13.7368,4533000
1997-11-05,13.9232,14.3501,13.7368,13.8006,7022200
1997-11-06,13.7662,13.9527,13.1873,13.3100,5040800
1997-11-07,12.8194,13.6142,12.7556,13.0647,6147800
1997-11-10,13.0647,13.0941,12.5103,12.5741,4869800
1997-11-11,12.6624,12.7850,12.1424,12.1718,5450000
1997-11-12,11.8971,12.3877,11.5929,11.7155,8411200
1997-11-13,11.6518,11.8971,10.8226,11.4065,10095000
1997-11-14,11.4359,11.9608,11.1317,11.3476,8736000
1997-11-17,11.8382,12.7262,11.7155,12.4514,10026800
1997-11-18,12.6035,12.6035,11.8676,11.8971,7619800
1997-11-19,11.8676,12.0197,11.5291,11.5585,6320400
1997-11-20,11.6518,12.9420,11.6518,12.7556,10203600
1997-11-21,12.6967,13.7368,12.5103,12.8488,12889800
1997-11-24,12.5741,13.2168,12.2650,12.3582,7201200
1997-11-25,12.3288,12.8488,12.2944,12.6330,5150400
1997-11-26,12.8783,12.9715,12.2650,12.3582,4197200
1997-11-28,12.3582,12.3877,12.1424,12.2061,1347200
1997-12-01,12.3288,13.7368,12.3288,13.3394,7738200
1997-12-02,13.3394,13.4915,12.6624,12.7850,7752000
1997-12-03,12.6330,12.6967,12.0835,12.5741,5736600
1997-12-04,12.6035,12.6035,12.1424,12.2356,3074400
1997-12-05,12.2944,12.6967,12.2356,12.6330,4758400
1997-12-08,12.5397,13.2462,12.5397,12.9420,6168200
1997-12-09,12.8194,12.9715,12.3877,12.5741,5219000
1997-12-10,12.3288,12.3288,11.5291,11.8382,8834400
1997-12-11,11.6518,11.6518,11.1612,11.2838,6467600
1997-12-12,11.4702,11.5585,10.9796,11.0385,6712800
1997-12-15,10.9796,11.5291,10.7932,11.0385,7560400
1997-12-16,10.7932,11.7744,10.7932,11.5585,13701600
1997-12-17,11.6518,12.1424,11.2838,12.1424,7840600
1997-12-18,12.0835,12.4514,11.5291,11.7744,12505400
1997-12-19,11.7744,13.4915,11.6223,13.3394,15814600
1997-12-22,13.1236,13.3983,12.5397,12.8783,8405800
1997-12-23,12.8194,13.1873,12.4809,12.6035,5736600
1997-12-24,12.6035,12.6967,12.3582,12.4171,1722200
1997-12-26,12.3582,12.4809,12.2650,12.2944,1347200
1997-12-29,12.3877,12.6330,12.2650,12.3877,4323000
1997-12-30,12.2944,12.6035,12.2650,12.5397,4311000
1997-12-31,12.4809,13.0303,12.3877,12.7262,6742600
1998-01-02,12.7556,13.7074,12.6624,13.6779,6900000
1998-01-05,13.7074,14.0753,13.1873,13.6779,10133200
1998-01-06,13.6142,13.8889,13.0009,13.1873,5195400
1998-01-07,12.9420,13.0941,12.6967,13.0009,6451200
1998-01-08,12.9420,14.2912,12.8783,13.9232,17754000
1998-01-09,14.1980,14.3501,13.2462,13.4915,11910400
1998-01-12,13.3689,14.4727,13.2462,14.0459,17669400
1998-01-13,14.7180,15.9445,14.5365,15.6992,22106600
1998-01-14,15.2086,15.4245,14.8112,15.2724,13187600
1998-01-15,15.2381,16.0083,15.0860,15.4834,11451600
1998-01-16,14.7180,14.8407,13.9821,14.0459,20475400
1998-01-20,14.1342,14.9633,13.9821,14.7475,8275200
1998-01-21,14.7180,15.8219,14.7180,15.7630,13415400
1998-01-22,15.5177,16.5578,15.0271,16.0377,13058600
1998-01-23,16.0083,16.4989,15.3950,15.7287,11048000
1998-01-26,15.6992,15.8513,15.0271,15.2724,9169400
1998-01-27,15.2724,16.0083,15.2086,15.8856,6220200
1998-01-28,16.0672,17.5390,16.0672,16.9895,21670800
1998-01-29,16.9895,17.3574,16.5578,16.5872,10361200
1998-01-30,16.5872,17.3574,16.3125,16.9552,7535200
1998-02-02,17.1710,17.6027,17.1416,17.2937,6335600
1998-02-03,17.4458,18.7360,17.4163,18.5496,17149000
1998-02-04,18.3975,19.1040,17.6911,18.6428,20464800
1998-02-05,18.7655,18.7655,17.0189,17.1121,22581400
1998-02-06,16.6804,17.6911,16.2536,17.6911,12676400
1998-02-09,17.8480,17.8480,17.2642,17.6027,7159400
1998-02-10,17.5390,18.3043,17.2937,18.1522,6817000
1998-02-11,17.6027,18.4613,17.3574,18.3386,9754000
1998-02-12,18.3975,18.6723,17.3231,17.5095,14083800
1998-02-13,17.5095,17.6616,17.1416,17.2005,5456800
1998-02-17,17.2348,17.2348,16.3762,16.5283,9254600
1998-02-18,16.4646,17.2642,16.4646,17.1710,8907400
1998-02-19,17.2348,17.5390,16.6215,16.6510,9413000
1998-02-20,16.7736,17.1416,16.4351,16.6804,9066600
1998-02-23,16.6510,16.8668,16.3125,16.5578,6334400
1998-02-24,16.5283,16.5872,15.8513,15.8856,8365400
1998-02-25,15.7630,17.0484,15.5766,17.0484,11753000
1998-02-26,16.9895,17.4163,16.4989,17.2005,10389400
1998-02-27,17.1710,17.2005,16.2193,16.2830,5619600
1998-03-02,16.3419,16.8963,16.0672,16.8668,8521400
1998-03-03,16.1309,16.8668,16.0966,16.4989,9173000
1998-03-04,17.0484,17.6027,16.1898,16.1898,15668200
1998-03-05,16.3762,17.2937,16.1898,16.9552,13301200
1998-03-06,17.1710,17.5684,16.7442,17.1416,6309800
1998-03-09,17.1416,17.2005,16.5872,16.6215,7635800
1998-03-10,16.7442,17.1416,16.3125,16.6804,8372800
1998-03-11,16.7442,17.0778,16.5872,16.6804,6145200
1998-03-12,16.6804,17.1121,16.6215,16.8325,4541200
1998-03-13,16.6804,17.1710,16.1898,16.1898,10421600
1998-03-16,16.3762,17.0189,16.2830,16.5578,11370000
1998-03-17,16.1898,16.3762,15.1497,15.6992,15264600
1998-03-18,15.6403,15.8513,15.4245,15.5471,6779800
1998-03-19,15.5766,15.8513,15.5471,15.6992,3704200
1998-03-20,15.6698,15.6698,14.8701,14.9633,7947200
1998-03-23,14.6591,15.0271,14.6591,14.7475,7056000
1998-03-24,14.6591,14.7180,14.0459,14.0753,11578200
1998-03-25,14.2912,14.8407,14.1980,14.4433,17035200
1998-03-26,14.3501,14.6591,14.1685,14.2912,10309200
1998-03-27,14.2912,14.4138,14.0753,14.2274,4756000
1998-03-30,14.3501,14.5659,13.7368,13.9821,5104800
1998-03-31,14.0115,14.4433,13.9821,14.2569,11558800
1998-04-01,14.3501,16.0083,14.0753,15.6992,16808200
1998-04-02,15.4539,16.1898,15.0860,15.3607,17965600
1998-04-03,15.6992,15.6992,15.0860,15.4539,8447800
1998-04-06,15.4539,15.6403,14.8407,14.8701,3618000
1998-04-07,14.4138,14.4433,13.8595,13.9527,7381400
1998-04-08,13.9527,14.1048,13.5847,13.7368,7487400
1998-04-09,13.7368,13.8300,13.5553,13.6142,4622800
1998-04-13,13.6142,13.8006,13.4326,13.8006,3392800
1998-04-14,13.7368,14.6591,13.6436,14.6591,7876600
1998-04-15,14.8407,15.1154,14.5022,14.9044,7750200
1998-04-16,14.7180,14.7475,13.9527,14.0115,5773400
1998-04-17,14.0753,14.1048,13.6779,13.8595,4675600
1998-04-20,13.8595,14.6248,13.8300,14.4727,5711000
1998-04-21,14.5365,14.7180,14.2274,14.4727,3417800
1998-04-22,14.4433,15.9445,14.2569,15.5766,11247600
1998-04-23,15.3607,15.8856,14.9339,15.0271,13801000
1998-04-24,15.0271,15.4245,14.9633,15.4245,6099000
1998-04-27,15.1497,15.1497,14.5022,14.6248,5473000
1998-04-28,14.9633,15.0860,14.6248,14.8407,3029600
1998-04-29,14.9633,15.0860,14.4727,14.9044,3910200
1998-04-30,14.9339,15.3950,14.6886,15.2381,3815600
1998-05-01,15.2724,15.3950,14.8701,15.3313,2622800
1998-05-04,15.3607,16.1309,15.3607,15.6060,7686400
1998-05-05,15.4539,16.0083,15.3313,15.6992,5720800
1998-05-06,15.6992,15.7287,15.2086,15.4539,3551200
1998-05-07,15.4539,15.6992,15.1154,15.2086,3634400
1998-05-08,15.2381,15.6992,14.9633,15.6992,3964400
1998-05-11,15.6992,15.8219,15.0860,15.1497,4714000
1998-05-12,15.2381,15.2381,14.4138,14.7475,12354400
1998-05-13,14.7180,14.7475,14.3795,14.4727,5300400
1998-05-14,14.2274,14.2274,13.9232,14.0115,5513200
1998-05-15,13.7368,13.8595,12.8783,12.9420,14096200
1998-05-18,13.3100,13.7074,12.9715,13.2462,6134000
1998-05-19,13.4915,13.5847,12.7556,13.0009,5857000
1998-05-20,13.1236,13.1236,12.2650,13.0303,8866000
1998-05-21,13.0009,13.0303,12.5741,12.6330,4710400
1998-05-22,12.7262,12.8194,12.2944,12.5397,6079600
1998-05-26,12.7556,12.9420,12.4809,12.5397,3371800
1998-05-27,12.3877,12.4171,11.8038,12.1424,6588000
1998-05-28,11.9608,12.0835,11.5929,11.6812,5530400
1998-05-29,11.7450,11.9608,11.5291,11.5585,3300600
1998-06-01,11.5291,11.6812,10.9796,11.0385,5560000
1998-06-02,11.2838,11.3770,10.8570,10.9796,7998000
1998-06-03,11.1906,11.4359,10.9796,11.0385,6409400
1998-06-04,11.4065,11.7744,11.2249,11.6518,8306800
1998-06-05,11.6518,11.9608,11.5929,11.8038,5051200
1998-06-08,11.8382,12.2650,11.8038,12.1424,4294000
1998-06-09,12.1424,12.9420,12.1424,12.6967,5934800
1998-06-10,12.2650,12.2650,11.5291,11.5585,8449600
1998-06-11,11.6223,11.7450,10.8864,11.0679,10079000
1998-06-12,10.9796,11.0091,9.9641,10.3958,11734800
1998-06-15,10.3026,10.6411,9.8414,9.8758,8357000
1998-06-16,10.1800,11.0385,10.1211,11.0385,6663000
1998-06-17,11.0385,11.5585,10.4890,10.5479,8437000
1998-06-18,10.5185,11.1317,10.0573,10.8570,7953600
1998-06-19,11.5291,11.8971,11.2838,11.4702,16304600
1998-06-22,11.3476,11.7155,11.0091,11.7155,9360800
1998-06-23,11.8038,12.1718,11.5929,11.9903,7737400
1998-06-24,12.1424,12.6967,11.8038,12.6330,7458600
1998-06-25,12.6967,13.2168,12.2650,12.2650,6516800
1998-06-26,12.7262,12.9420,12.0835,12.6967,4249000
1998-06-29,12.6624,12.8488,12.3582,12.5741,3650800
1998-06-30,12.4514,12.4809,11.8971,12.1718,5208800
1998-07-01,12.3877,12.7850,12.3582,12.7556,4782200
1998-07-02,12.8488,12.8488,12.4514,12.7262,4034400
1998-07-06,12.7262,12.9077,12.4514,12.8194,3975600
1998-07-07,12.8783,13.3689,12.5103,13.1236,5024600
1998-07-08,13.1530,13.5553,12.9420,13.3689,8770000
1998-07-09,13.3100,14.3501,13.1236,13.9821,11558600
1998-07-10,14.0459,14.7180,14.0459,14.3206,15129200
1998-07-13,14.2912,14.5954,13.9232,14.4727,5866800
1998-07-14,14.5659,14.6591,13.9527,13.9527,4476000
1998-07-15,14.1342,15.6403,13.7662,15.0860,16556000
1998-07-16,15.3950,15.4245,14.3501,14.5365,7651400
1998-07-17,14.4727,14.6248,14.1342,14.5954,2703600
1998-07-20,14.6248,14.6248,13.7368,13.8595,3868000
1998-07-21,13.8595,14.4433,13.6142,13.6779,6378200
1998-07-22,13.1873,13.6142,13.0647,13.2462,5771600
1998-07-23,13.2168,13.6142,13.1530,13.3100,5207400
1998-07-24,13.3100,13.4915,12.8783,13.2756,5908200
1998-07-27,13.2168,14.4138,12.7556,14.3795,10851800
1998-07-28,14.5022,14.9044,14.1685,14.6248,11398800
1998-07-29,15.1792,15.5471,14.4727,14.8407,12576400
1998-07-30,15.2086,15.4245,14.9633,15.3018,7348200
1998-07-31,15.6698,16.4351,15.6060,16.3419,14375600
1998-08-03,16.3419,17.0484,16.1898,16.8031,13408800
1998-08-04,16.8668,17.0189,15.8856,15.9445,11757600
1998-08-05,16.0672,16.9257,15.3313,16.8963,11544200
1998-08-06,16.4989,17.7254,16.4989,17.1710,17379600
1998-08-07,17.2348,17.8775,16.4351,16.8031,12048200
1998-08-10,16.4351,16.8325,16.0672,16.2536,7007200
1998-08-11,15.7924,15.7924,14.8407,15.0565,10879200
1998-08-12,15.9445,16.9895,15.7924,16.4989,15603400
1998-08-13,16.4989,16.6510,15.7287,15.7630,6456000
1998-08-14,16.3762,16.7099,16.0966,16.2830,7319600
1998-08-17,16.3762,17.2937,16.1898,17.2937,8133200
1998-08-18,17.2937,17.6911,16.9257,17.0484,7368200
1998-08-19,17.1416,17.4163,16.3762,16.8325,13695600
1998-08-20,16.4351,16.4646,15.5177,15.8219,10500600
1998-08-21,15.2724,15.3950,13.9527,14.6886,15381000
1998-08-24,15.4539,15.6403,14.5365,14.7475,11333800
1998-08-25,15.0271,15.2086,14.5022,14.7475,8678200
1998-08-26,14.4138,14.5954,13.9527,14.4138,6408000
1998-08-27,13.9527,14.0115,12.2650,12.8488,14645000
1998-08-28,12.8783,13.1873,11.6518,11.9608,11634200
1998-08-31,12.0835,12.3288,10.9796,11.1612,8713600
1998-09-01,11.2838,11.8676,10.0867,11.5929,16125600
1998-09-02,11.8971,12.3288,11.3476,11.7450,7727000
1998-09-03,11.5929,12.7262,11.2544,12.2061,10226800
1998-09-04,12.3877,12.9077,12.2650,12.2944,7581400
1998-09-08,13.0009,13.3983,12.7850,13.1873,6311800
1998-09-09,13.3100,13.6779,13.0303,13.3100,8207400
1998-09-10,13.3689,13.3689,12.3877,13.3689,7855200
1998-09-11,12.9420,13.8889,12.8488,13.6436,8055000
1998-09-14,13.8595,13.9821,13.2462,13.2462,4555200
1998-09-15,13.4915,13.5553,13.1873,13.4621,4388000
1998-09-16,13.5847,13.6436,13.2168,13.4915,3455200
1998-09-17,13.0009,14.5954,12.7556,13.9232,11165000
1998-09-18,14.0459,14.9633,13.9821,14.6591,11554400
1998-09-21,14.6248,16.3419,14.1342,15.6992,11452800
1998-09-22,16.0083,16.1898,14.5365,14.5659,11088200
1998-09-23,14.9633,15.8856,14.6591,15.6403,9734000
1998-09-24,15.6403,15.8513,15.0565,15.2086,5130800
1998-09-25,15.3950,16.8668,15.2086,16.6804,12082400
1998-09-28,16.6215,16.6215,15.8856,16.6215,6870400
1998-09-29,16.1898,16.1898,15.3950,15.5177,7037400
1998-09-30,15.0860,15.3018,14.4138,14.9339,4654400
1998-10-01,14.6591,14.9044,13.0303,13.2168,8719000
1998-10-02,13.3100,14.0459,12.9420,13.7368,9486200
1998-10-05,13.6779,13.7368,12.9420,13.5847,6389800
1998-10-06,13.9821,14.3501,13.3100,13.6436,8175600
1998-10-07,13.5553,14.0753,12.2944,12.3288,10640400
1998-10-08,11.7744,13.0647,11.4997,13.0647,9123000
1998-10-09,13.2462,14.1342,12.7556,13.8889,7263600
1998-10-12,14.1685,14.8407,14.0459,14.2569,5567000
1998-10-13,14.2274,14.6591,13.7662,14.2274,6723200
1998-10-14,13.9527,15.5471,13.9527,15.3313,7651600
1998-10-15,15.3313,15.6992,14.8701,15.5766,7746000
1998-10-16,16.4989,16.9257,15.6992,15.6992,12254400
1998-10-19,15.9445,16.3419,15.7924,16.3125,5983200
1998-10-20,16.6215,16.9257,16.0083,16.3762,8158200
1998-10-21,16.6215,16.6804,16.0672,16.6804,6207200
1998-10-22,16.5578,17.0189,16.3762,17.0189,4847600
1998-10-23,17.2348,17.7843,17.0484,17.0778,11172000
1998-10-26,17.1710,17.2005,16.6510,16.9257,4567600
1998-10-27,17.1710,17.3231,16.2536,16.3762,4772400
1998-10-28,16.2830,17.7254,16.0672,17.5095,9097600
1998-10-29,17.7843,19.6878,17.5390,19.6240,24077000
1998-10-30,19.3787,19.6878,18.4613,18.6428,13199800
1998-11-02,19.1334,19.6535,18.6723,19.5946,9934000
1998-11-03,19.5308,20.6052,19.3198,19.7172,15728600
1998-11-04,20.2373,21.6502,20.2078,21.4638,16250200
1998-11-05,21.0958,21.7728,21.0026,21.0369,11703800
1998-11-06,20.9143,21.5864,20.7916,21.0958,9573800
1998-11-09,21.1890,21.8317,20.9732,21.7091,7664200
1998-11-10,21.8023,22.3223,21.3117,21.7091,8684600
1998-11-11,22.1997,23.5194,22.1408,23.3673,15093200
1998-11-12,23.3035,23.5488,22.4450,23.2103,12881600
1998-11-13,21.8317,23.0582,21.6159,21.8317,13529600
1998-11-16,22.0770,22.1702,20.8211,20.9437,10423000
1998-11-17,20.9732,21.5275,20.3894,21.0664,10800000
1998-11-18,21.0958,21.8317,21.0958,21.4049,8020000
1998-11-19,21.7091,21.8612,21.0664,21.1596,8315800
1998-11-20,21.4049,21.4932,20.7916,21.0958,8332000
1998-11-23,21.7728,23.3035,21.3411,23.2447,10876400
1998-11-24,23.1220,23.1514,21.3411,21.5275,7291800
1998-11-25,22.3223,22.3812,21.9249,21.9838,4535000
1998-11-27,21.7385,21.9249,21.7091,21.7385,667000
1998-11-30,21.5864,22.2929,20.2373,20.2667,8146400
1998-12-01,20.2667,21.9544,20.2373,21.8023,8538600
1998-12-02,21.6796,22.5088,20.4237,22.4450,9084200
1998-12-03,22.6903,24.5300,22.5676,22.7541,25934800
1998-12-04,23.3035,24.7165,23.1514,24.5938,17028600
1998-12-07,24.5938,25.4524,24.0394,25.1433,10008800
1998-12-08,25.5112,27.1695,25.3886,25.9430,16114600
1998-12-09,25.7565,26.0950,24.8391,24.9274,7937800
1998-12-10,24.7753,24.8391,23.4262,23.5488,10590200
1998-12-11,23.0582,24.4074,22.8129,23.5488,9459200
1998-12-14,23.1809,23.7941,22.5382,23.4262,6855400
1998-12-15,23.6715,24.3485,23.1220,23.2103,7916200
1998-12-16,23.5488,23.7647,22.9356,22.9994,7305200
1998-12-17,22.9994,25.9724,22.9994,25.9430,14334800
1998-12-18,25.9086,26.8309,25.7565,25.9430,10398200
1998-12-21,26.6151,27.2921,26.2766,26.8604,6695600
1998-12-22,26.7377,26.7377,25.3297,25.7565,7958000
1998-12-23,26.4924,26.7377,25.5112,26.4924,7896400
1998-12-24,26.1245,26.1245,25.2954,25.6339,6132200
1998-12-28,25.6977,26.0656,25.5407,25.6339,4786600
1998-12-29,25.5750,25.5750,24.6232,25.1433,4653000
1998-12-30,25.0501,25.8792,24.9274,25.1433,6084200
1998-12-31,25.2071,25.4524,24.6821,24.8048,3106800
1999-01-04,24.3485,24.6232,24.1326,24.5006,5531400
1999-01-05,24.5300,26.4924,24.5006,26.4924,9468200
1999-01-06,28.0280,29.3772,27.1057,29.2545,16108600
1999-01-07,29.1907,32.5661,29.1907,30.9078,20921800
1999-01-08,32.3796,32.8702,30.4810,31.2169,15851600
1999-01-11,31.8890,33.7288,31.1531,32.9929,8462400
1999-01-12,33.8514,34.5873,32.8702,34.4647,11946000
1999-01-13,31.8890,35.2938,31.8890,35.0191,15943000
1999-01-14,34.9847,35.1417,33.7926,34.0379,13153800
1999-01-15,34.5285,35.4753,33.9741,34.9847,10891200
1999-01-19,35.9365,36.3044,35.4459,35.8138,6030000
1999-01-20,36.5497,38.3895,35.8138,35.8138,10842800
1999-01-21,36.1229,36.5497,33.9741,34.2488,9830400
1999-01-22,33.3020,34.8326,32.9929,34.5873,7150200
1999-01-25,34.9553,34.9553,32.8114,33.8514,8005400
1999-01-26,33.8514,35.6323,33.5129,35.2644,8191800
1999-01-27,35.5685,36.1818,34.4058,35.0779,12269600
1999-01-28,35.3232,37.4721,35.1711,36.9177,9092400
1999-01-29,36.9177,38.6986,35.6323,38.2668,11133600
1999-02-01,37.9627,37.9627,36.8588,36.9815,7714800
1999-02-02,36.0591,36.9177,34.5285,35.6323,10047200
1999-02-03,36.9177,39.1892,36.4271,39.0027,11715600
1999-02-04,39.2480,39.5228,36.3682,37.1041,8971600
1999-02-05,36.0591,36.0591,33.1793,34.4647,15051400
1999-02-08,35.5685,35.8138,34.3126,35.7550,12436800
1999-02-09,35.5685,35.5685,32.0117,32.2864,14143800
1999-02-10,32.3796,33.7288,31.5211,32.3796,14246200
1999-02-11,32.6249,33.9152,31.5211,33.7582,10317600
1999-02-12,32.5023,32.7770,31.4622,31.6437,7987400
1999-02-16,32.3208,33.3608,31.5211,31.9185,7590400
1999-02-17,31.9185,32.8114,29.9266,30.0198,8561800
1999-02-18,30.4172,30.7852,28.4548,30.6331,12256200
1999-02-19,30.9078,32.0411,30.6625,31.4622,7830000
1999-02-22,31.3690,33.7288,31.1237,33.4246,7231000
1999-02-23,34.6511,35.5391,33.8809,34.4941,13068800
1999-02-24,34.4941,37.0109,34.4352,35.3232,16499600
1999-02-25,34.7738,34.8964,32.5023,32.7770,15160400
1999-02-26,28.9454,29.1319,26.8604,28.2733,26538400
1999-03-01,28.2733,29.0092,27.7189,28.2095,13433000
1999-03-02,27.4736,27.6895,26.5562,26.6151,11834200
1999-03-03,26.9830,27.0468,25.4818,25.8203,10197400
1999-03-04,25.9430,27.4736,25.5112,26.0018,14882800
1999-03-05,26.9830,29.5587,26.7377,29.4066,16976800
1999-03-08,29.9266,30.8146,27.4736,27.4736,13099000
1999-03-09,27.9642,29.1613,26.3698,27.0468,13857400
1999-03-10,27.0468,27.2921,26.1883,26.8604,9050600
1999-03-11,27.9642,28.2095,25.4524,26.4924,17148400
1999-03-12,26.2471,26.2471,24.4712,24.7165,12075600
1999-03-15,25.2659,25.2659,23.5488,24.0394,11636800
1999-03-16,24.4074,25.8203,24.2259,25.0501,15841800
1999-03-17,25.1138,26.2177,24.8685,26.0313,9816800
1999-03-18,26.0313,26.8015,25.2071,25.5407,10290600
1999-03-19,25.7565,25.8792,24.2259,24.7753,8641600
1999-03-22,24.8980,26.8015,23.9806,26.0018,11548600
1999-03-23,25.9086,26.4336,24.2847,24.8391,10159400
1999-03-24,24.8391,26.2471,24.6527,25.5112,12919400
1999-03-25,26.2471,26.2471,23.1809,23.2741,27784600
1999-03-26,23.2447,24.1621,22.8424,23.1220,11597400
1999-03-29,23.7941,23.9168,23.0877,23.2103,7774800
1999-03-30,23.3035,23.7941,22.1997,22.2291,9021200
1999-03-31,22.6903,23.6715,22.4744,23.6420,9946800
1999-04-01,23.8579,24.3485,23.6715,24.1915,6436200
1999-04-05,24.8980,25.5112,24.6821,25.2659,8489000
1999-04-06,25.3297,26.4630,24.9912,26.3698,7937000
1999-04-07,26.8015,26.8015,24.3485,24.3485,8159200
1999-04-08,24.3779,24.3779,22.8129,23.1220,8903400
1999-04-09,23.1220,24.2847,23.0582,23.4900,8006600
1999-04-12,22.0770,22.5676,21.6159,21.9544,9068200
1999-04-13,22.0181,22.3861,20.7916,21.4049,8733600
1999-04-14,21.8317,22.1408,20.9143,21.8955,8893600
1999-04-15,22.1065,22.9994,21.0958,22.9061,8375200
1999-04-16,22.8129,22.8129,22.1702,22.2634,5654800
1999-04-19,22.4450,22.5676,20.3599,21.5864,5189400
1999-04-20,21.5864,22.1997,20.6690,21.7091,7246000
1999-04-21,21.8317,22.3223,19.0745,20.3599,18599400
1999-04-22,19.9920,19.9920,17.8775,18.1228,28140400
1999-04-23,18.3386,18.7655,17.9069,18.5839,14881000
1999-04-26,18.8292,18.8881,17.5095,17.7254,10675200
1999-04-27,17.6616,18.4613,17.2937,17.5390,10981400
1999-04-28,17.9069,18.9176,17.7254,18.8292,14176600
1999-04-29,18.7066,18.7655,17.8480,18.3386,9648600
1999-04-30,18.3386,18.9813,17.7254,18.2749,6804000
1999-05-03,18.3975,18.6428,18.0590,18.6428,3185200
1999-05-04,18.4613,19.2561,18.2749,18.7360,7167000
1999-05-05,19.0745,20.2373,18.7066,20.1784,8284800
1999-05-06,20.2373,20.3599,18.7360,18.8587,7724600
1999-05-07,18.9176,19.1972,18.5202,19.1629,4594600
1999-05-10,19.1972,20.0852,19.1334,19.7172,5086200
1999-05-11,19.7172,19.8399,18.7949,19.2855,7421600
1999-05-12,19.2855,20.2078,19.2266,19.7172,6731800
1999-05-13,19.6878,19.8988,18.3975,18.4270,8064000
1999-05-14,18.1522,18.6428,17.9707,18.1228,6537600
1999-05-17,18.1228,18.5202,17.8775,18.3681,4331600
1999-05-18,18.3043,18.7655,18.2160,18.6428,5060000
1999-05-19,19.0745,19.2561,18.4613,19.1972,6457400
1999-05-20,18.6428,18.9519,18.2160,18.6428,6128800
1999-05-21,18.6428,18.6428,18.2749,18.3043,3263800
1999-05-24,18.3975,18.6134,17.4458,17.7548,7382200
1999-05-25,17.7843,18.2749,16.9257,16.9257,7958000
1999-05-26,17.2937,17.6027,16.8031,17.4801,4700600
1999-05-27,17.4163,19.3493,17.2937,19.0108,10334200
1999-05-28,19.1334,19.2561,18.4270,18.5839,4193600
1999-06-01,18.3043,18.6428,17.6616,17.8480,3273400
1999-06-02,17.9707,19.0402,17.9069,19.0108,5884400
1999-06-03,18.9813,19.3198,18.3975,18.4270,4576600
1999-06-04,18.6428,18.9176,18.4270,18.6723,2811400
1999-06-07,19.0108,20.0852,18.7360,19.6240,6090600
1999-06-08,19.8104,20.9143,19.1972,19.2266,11399800
1999-06-09,19.6240,21.1596,19.5651,21.1596,11704800
1999-06-10,21.0369,22.5676,20.1146,22.5676,17180800
1999-06-11,22.4450,22.5676,21.3411,21.4343,10871400
1999-06-14,21.3411,21.3411,20.7279,21.0026,5872000
1999-06-15,21.0664,21.4638,20.8800,21.2185,6624600
1999-06-16,21.8317,23.0288,21.8317,22.8129,13111400
1999-06-17,22.5676,22.5971,21.9544,22.1408,7610800
1999-06-18,22.1408,22.1408,21.6159,22.0770,5205400
1999-06-21,21.9544,23.4900,21.8317,23.0582,9559200
1999-06-22,22.5676,23.4262,22.1997,22.1997,8104000
1999-06-23,22.1997,22.1997,21.3411,21.5570,6904600
1999-06-24,20.4237,21.3411,19.0745,19.3198,18300400
1999-06-25,19.3198,19.8104,18.8292,19.2855,7305200
1999-06-28,19.3787,19.4719,18.3386,18.7655,5587000
1999-06-29,19.0108,19.5014,18.3975,19.1334,7313000
1999-06-30,19.3198,19.9331,19.2561,19.8693,5443000
1999-07-01,20.0557,21.2479,19.9331,21.1596,7084800
1999-07-02,21.0958,21.0958,20.1146,20.7573,6353200
1999-07-06,20.7573,22.5676,20.7573,22.0770,15739400
1999-07-07,22.3861,22.6903,21.6502,21.7091,5752000
1999-07-08,21.7728,23.7353,21.7728,23.7009,13954600
1999-07-09,23.5488,25.0206,23.4262,24.8391,12463600
1999-07-12,24.8391,25.6044,24.2259,25.1138,17045800
1999-07-13,24.8391,26.7377,24.7753,26.5856,16561400
1999-07-14,27.4736,29.0975,27.1057,27.7827,18461600
1999-07-15,27.8710,27.9642,26.8604,27.1351,10439600
1999-07-16,26.9242,27.2921,25.3886,25.8203,9861800
1999-07-19,25.9724,26.1245,24.8685,25.6977,6998400
1999-07-20,25.0501,25.5750,23.9168,24.2259,7543200
1999-07-21,24.1032,26.1539,23.6715,25.7271,10550000
1999-07-22,25.7271,25.7565,24.2553,24.8391,8751200
1999-07-23,25.2071,25.5112,24.6821,25.0844,3674800
1999-07-26,24.8980,25.6044,24.7165,25.5112,6348600
1999-07-27,26.9830,28.5186,26.6789,28.3960,17928800
1999-07-28,28.3616,31.0305,28.0869,30.2946,20545200
1999-07-29,30.1131,31.3396,28.8228,29.5587,17932800
1999-07-30,29.8678,30.5399,29.3134,30.2357,9817600
1999-08-02,30.6037,31.0010,29.9904,30.0493,8329000
1999-08-03,30.4172,30.6037,28.9160,30.1131,8625600
1999-08-04,30.2946,30.6625,29.5587,29.5587,6939200
1999-08-05,30.0493,30.7852,29.1319,30.1131,10443400
1999-08-06,30.7263,32.7476,30.5104,32.3208,13345800
1999-08-09,32.8702,33.7582,31.7664,33.2676,11510000
1999-08-10,33.1793,34.0035,31.7958,31.9528,10394200
1999-08-11,32.4434,33.9741,31.4622,33.6356,9528000
1999-08-12,33.6356,33.6356,30.9716,30.9716,10643400
1999-08-13,31.0943,31.7075,30.3584,31.4279,9928200
1999-08-16,31.3984,32.1343,29.4360,29.7108,10455400
1999-08-17,29.7108,30.0493,27.0125,28.3322,20006000
1999-08-18,27.8416,29.8040,27.8121,29.4360,11408600
1999-08-19,29.2545,30.6331,28.8522,30.3878,10244200
1999-08-20,30.9078,32.2570,30.7263,32.1049,10153600
1999-08-23,32.1343,32.6887,31.2169,31.3984,11249400
1999-08-24,32.0755,34.0379,32.0411,33.9446,15850400
1999-08-25,34.1605,34.4352,32.9340,34.0967,10838600
1999-08-26,35.0191,35.2644,33.9152,34.2194,13663600
1999-08-27,33.9741,34.5873,32.8997,33.7926,7122800
1999-08-30,34.6511,34.7100,33.3903,33.9741,6237000
1999-08-31,34.3420,36.7950,34.0967,36.7362,16694200
1999-09-01,37.2268,37.3494,35.4753,35.6323,9826000
1999-09-02,35.8776,36.9815,35.6323,36.9177,11048400
1999-09-03,38.3306,39.3707,38.2668,39.3118,13319600
1999-09-07,39.6798,39.7386,38.4189,39.0665,10847400
1999-09-08,39.6160,40.4745,36.7362,37.0403,23777200
1999-09-09,37.4377,37.9921,35.8776,37.1041,12612600
1999-09-10,37.6536,37.7468,35.5685,36.6135,10779200
1999-09-13,36.6724,37.5604,36.1523,37.1630,9144800
1999-09-14,37.4377,40.7836,37.3789,40.1704,20482200
1999-09-15,40.8425,41.2104,37.6242,37.6536,19849000
1999-09-16,37.6536,38.8507,35.9070,38.0215,18732800
1999-09-17,36.9177,38.3895,36.4565,37.1041,16063600
1999-09-20,37.1924,39.7386,35.5685,39.2480,16421600
1999-09-21,38.8212,39.5228,37.2268,38.3306,19207600
1999-09-22,39.4933,41.3331,38.5759,40.9357,21656400
1999-09-23,41.7010,41.7010,38.0510,38.6986,17705800
1999-09-24,38.4533,39.4001,36.3682,39.3707,16964600
1999-09-27,39.6160,40.9651,38.2080,39.1892,14881200
1999-09-28,38.8212,38.8507,36.9815,37.5309,14816000
1999-09-29,37.5309,38.0510,35.3232,35.3232,13218800
1999-09-30,35.3527,35.6912,32.6249,32.6249,22010400
1999-10-01,33.4246,35.2938,32.6887,35.0779,17839400
1999-10-04,34.9847,37.4721,34.1605,37.4721,11780600
1999-10-05,37.8057,39.1892,37.7762,39.0665,23376400
1999-10-06,38.2668,38.6986,37.4083,37.6536,12148800
1999-10-07,35.3232,35.6912,34.0967,34.1605,26779000
1999-10-08,33.4835,34.7738,31.8890,33.8809,26879000
1999-10-11,34.4647,35.2644,34.1899,34.5285,9679000
1999-10-12,34.8326,35.5097,31.9185,31.9185,18017200
1999-10-13,33.2382,34.0379,32.4434,32.9634,20678600
1999-10-14,32.9634,33.6061,32.2570,33.4246,10512400
1999-10-15,32.8702,34.9258,32.2570,34.8326,18610600
1999-10-18,34.5285,35.1074,32.8997,33.4835,15161400
1999-10-19,31.5849,32.0411,29.4655,30.6625,21101800
1999-10-20,30.6625,32.1343,29.4998,31.4622,18244400
1999-10-21,30.8490,32.5023,29.9266,32.5023,12315400
1999-10-22,32.8702,33.3314,30.6625,31.2169,9891000
1999-10-25,31.7664,32.0755,30.1719,30.3584,11117000
1999-10-26,31.2169,31.2169,30.0493,30.4810,11792400
1999-10-27,30.6625,31.0305,29.5292,30.2946,9201800
1999-10-28,30.5399,33.1793,30.5399,33.1793,14501800
1999-10-29,33.0861,35.5097,12.7556,34.9847,16608200
1999-11-01,35.4459,36.4909,35.2006,35.6323,10350800
1999-11-02,36.7656,37.6536,36.6430,36.9177,12007200
1999-11-03,37.5309,37.5309,36.5497,36.7656,9396800
1999-11-04,37.4083,37.8400,36.8588,37.2856,10130800
1999-11-05,38.3895,39.0665,37.5604,37.7174,10436200
1999-11-08,37.8989,38.6348,37.5015,38.4827,6438600
1999-11-09,38.6054,38.7869,37.5015,37.5947,5484000
1999-11-10,37.5309,39.2186,36.8588,38.1736,11454800
1999-11-11,38.1736,38.1736,37.0109,37.0403,11089800
1999-11-12,37.0698,37.0698,34.9847,36.0591,10060400
1999-11-15,35.6323,35.8776,33.5473,34.0379,9110200
1999-11-16,33.6061,33.8809,32.7181,33.5473,12983600
1999-11-17,33.5473,34.2194,30.9716,31.3052,18647200
1999-11-18,31.5211,34.5285,31.5211,34.5285,17638000
1999-11-19,34.0967,35.4459,33.3903,34.3420,15567400
1999-11-22,34.6805,34.6805,32.9340,33.3608,8545200
1999-11-23,33.4835,33.9446,32.2570,33.1155,8932600
1999-11-24,32.9929,33.6061,32.3796,33.3314,6762000
1999-11-26,33.3903,34.8621,33.3608,34.3126,4497400
1999-11-29,34.4647,34.4647,32.6544,32.8408,6774200
1999-11-30,33.1155,33.9741,32.7770,32.8997,9384000
1999-12-01,32.8702,32.8997,31.7369,31.9528,12439800
1999-12-02,31.9185,32.3208,31.1531,31.3984,11260600
1999-12-03,32.6249,33.9446,31.3984,33.3608,16265600
1999-12-06,33.7288,34.7100,32.9340,33.7435,9661200
1999-12-07,33.7582,34.2194,32.4091,32.8408,9355600
1999-12-08,32.8408,33.6061,32.7476,33.3314,9342200
1999-12-09,33.6061,33.6061,30.9078,31.1531,12796000
1999-12-10,29.4998,30.8490,28.7001,29.5587,21650800
1999-12-13,30.0787,31.9822,29.5292,30.6086,13327200
1999-12-14,31.7369,31.7369,30.1131,30.6037,11151000
1999-12-15,30.6331,33.2382,30.1425,32.3796,15566800
1999-12-16,33.2382,35.8138,33.2382,35.8138,18036600
1999-12-17,36.3044,36.3044,34.2194,35.0779,13028800
1999-12-20,35.6912,37.6242,35.6323,37.2268,11704600
1999-12-21,37.2268,39.8024,36.5497,39.7386,13013600
1999-12-22,39.6798,43.1728,37.2856,37.2856,13216000
1999-12-23,37.7762,38.3895,35.6912,36.6135,15711600
1999-12-27,36.3339,38.4533,36.0297,38.2570,7527000
1999-12-28,38.1442,38.8801,37.5309,38.2963,6764600
1999-12-29,38.1148,38.8212,37.3494,37.5947,2991600
1999-12-30,37.6536,38.7574,37.4721,38.5759,4591400
1999-12-31,38.6054,38.6642,38.0853,38.3306,1307200
2000-01-03,37.9627,38.3306,37.1336,37.2562,6564600
2000-01-04,36.6724,37.1924,35.7550,35.8138,7220800
2000-01-05,35.3870,35.9070,34.3715,35.2006,6763800
2000-01-06,35.6912,36.9471,35.2006,36.3044,6338400
2000-01-07,36.1818,36.1818,33.3608,34.5873,9467200
2000-01-10,35.4459,37.0403,34.8621,36.4909,6577200
2000-01-11,36.4271,37.6536,35.2006,35.4753,5623000
2000-01-12,35.9365,37.4377,34.8964,36.3044,9311400
2000-01-13,36.7362,38.2080,36.1818,38.2080,8237000
2000-01-14,37.8400,38.4533,35.5685,35.9365,12218800
2000-01-18,36.0297,36.5497,35.3527,36.0886,9293000
2000-01-19,36.0591,36.4909,35.0779,35.3870,10653200
2000-01-20,35.5097,35.7550,34.0967,34.2194,12001800
2000-01-21,35.0779,35.0779,31.9528,32.9340,15470200
2000-01-24,33.0223,34.8326,33.0223,34.0967,11949000
2000-01-25,33.8220,34.2194,31.6437,32.3208,17025400
2000-01-26,32.3502,33.2382,30.9078,31.1826,13137200
2000-01-27,31.3052,32.2570,31.1826,31.7664,7790800
2000-01-28,31.3396,32.3796,28.9749,29.1907,13778600
2000-01-31,29.8040,30.6625,28.5775,30.5104,11168800
2000-02-01,30.4810,31.3984,29.6813,31.1531,8346800
2000-02-02,31.8596,32.7181,31.2169,32.3208,12191000
2000-02-03,32.3796,33.8514,31.8302,33.3608,9175400
2000-02-04,33.4540,33.4540,32.1343,33.0567,8193000
2000-02-07,33.1155,36.3976,33.1155,36.3044,14433200
2000-02-08,36.3339,37.4721,35.7550,37.3151,13221200
2000-02-09,37.3151,38.0853,35.9365,35.9365,12856600
2000-02-10,36.4271,36.4565,34.2832,35.5097,11891800
2000-02-11,35.0779,36.1818,33.9741,34.8964,9808800
2000-02-14,33.6061,34.4647,32.8702,33.2382,7839600
2000-02-15,34.3126,34.8326,32.1343,33.8514,12767600
2000-02-16,34.7100,34.7100,32.1343,32.4728,10502400
2000-02-17,32.5661,33.5767,31.8596,32.0117,13026200
2000-02-18,32.2570,32.2864,30.5104,30.9716,10657200
2000-02-22,31.6437,32.1981,30.9716,31.6437,8937200
2000-02-23,31.8890,32.9634,31.3984,32.8702,8480800
2000-02-24,33.2382,35.6323,32.3796,34.4058,13187600
2000-02-25,35.0779,36.6430,34.6168,36.1229,10543400
2000-02-28,36.4271,39.0027,35.1417,38.2963,14204800
2000-02-29,38.7574,49.0306,38.7574,47.0976,45132000
2000-03-01,50.0412,54.8001,49.5997,49.9431,31296800
2000-03-02,49.0600,49.1091,45.1352,47.8335,18281200
2000-03-03,46.4255,47.7109,44.7379,45.8711,12069800
2000-03-06,45.8711,48.0788,45.8711,47.0976,9417200
2000-03-07,46.8818,52.0037,46.1164,51.5131,12998000
2000-03-08,50.5318,51.6602,48.2015,49.5506,10382600
2000-03-09,48.5694,54.6038,47.5294,53.9661,13484400
2000-03-10,52.9849,54.4567,50.5318,52.1999,10916600
2000-03-13,50.0412,58.0380,49.7959,57.8909,12176400
2000-03-14,61.3251,62.2572,53.7208,54.7020,18452000
2000-03-15,54.7020,58.3815,53.6226,55.4379,14819200
2000-03-16,54.4567,56.3700,53.0339,55.6341,8553600
2000-03-17,55.6341,63.2384,55.4379,63.2384,13263200
2000-03-20,63.3365,70.1559,62.3063,66.5254,13230200
2000-03-21,67.2123,67.7029,54.9473,58.5286,14436000
2000-03-22,63.2875,69.1747,63.2875,69.1747,17832800
2000-03-23,67.2123,67.5066,64.5140,66.0348,10318000
2000-03-24,65.7405,70.2147,65.4657,66.1084,11523800
2000-03-27,68.4388,69.1747,67.4576,68.4388,6885800
2000-03-28,68.8803,69.6653,66.4764,66.9670,8214800
2000-03-29,66.9670,66.9670,61.7666,65.9858,13478600
2000-03-30,62.1100,63.4837,56.9097,59.3627,11296800
2000-03-31,60.7363,62.7969,58.9211,61.8157,10418800
2000-04-03,61.7175,61.7175,57.4493,58.8721,7297000
2000-04-04,60.3439,60.3439,52.0527,56.3209,12036200
2000-04-05,57.2531,64.9555,57.1550,64.2687,14419800
2000-04-06,63.7781,65.6914,62.0610,64.2196,8319200
2000-04-07,65.0536,66.1329,62.0610,62.9931,6308800
2000-04-10,64.0234,64.2196,59.6570,59.6570,6070600
2000-04-11,57.6456,60.5401,56.5662,57.2040,12921400
2000-04-12,57.2531,58.3815,54.1132,54.4076,10126600
2000-04-13,56.4191,58.3815,52.0037,52.2490,12390800
2000-04-14,52.0527,53.9661,45.2873,47.1271,13290800
2000-04-17,48.6921,57.8909,47.5882,55.9285,12738400
2000-04-18,60.3439,62.7969,57.5474,62.0610,14062600
2000-04-19,62.3063,62.7969,59.3627,59.3627,7477800
2000-04-20,60.8345,61.8157,58.3815,61.4722,6416200
2000-04-24,59.6570,62.3553,59.2645,60.5401,9020800
2000-04-25,61.7666,65.3480,61.6685,63.7290,9775800
2000-04-26,63.7781,67.7029,62.9440,63.1893,10033800
2000-04-27,62.7969,67.8500,61.9628,66.2311,9493600
2000-04-28,66.6235,69.8124,65.2499,68.3406,9783600
2000-05-01,68.9294,71.2843,64.2196,64.6611,11828800
2000-05-02,64.7593,67.0945,60.8345,61.5704,2875750
2000-05-03,61.0798,63.4150,59.1174,61.1386,5944400
2000-05-04,61.0798,63.7781,58.6268,60.5892,5512900
2000-05-05,60.8345,61.8157,58.9309,59.3627,4657000
2000-05-08,59.6080,60.6480,57.2138,57.2825,3208100
2000-05-09,57.5278,59.3627,52.7396,54.3978,5577300
2000-05-10,53.8483,54.8295,50.1001,52.0037,5539600
2000-05-11,53.4755,58.8721,51.6406,57.3414,5408200
2000-05-12,57.7731,61.6979,57.7731,59.6080,6645700
2000-05-15,59.8533,62.0610,57.4591,61.9432,5216100
2000-05-16,62.6791,64.9457,60.8345,63.4150,5589800
2000-05-17,64.7004,65.4952,62.4338,64.2687,4146400
2000-05-18,64.2687,64.9457,62.8557,63.5328,2546500
2000-05-19,63.5916,63.9645,58.6856,59.4215,3805800
2000-05-22,59.4215,60.8345,55.6243,59.4902,4429800
2000-05-23,60.7756,61.6979,57.1550,57.2825,4367600
2000-05-24,57.5867,59.6668,56.2326,59.1762,6124000
2000-05-25,62.7969,66.4764,62.3063,63.4150,10389400
2000-05-26,64.0234,65.2499,62.7969,63.4150,2680700
2000-05-30,68.1935,68.5663,66.2899,67.4576,6656300
2000-05-31,68.6841,71.3824,68.1935,68.6252,10162700
2000-06-01,70.6465,72.7364,70.1559,72.1183,9352600
2000-06-02,79.0455,80.3407,74.7577,77.7602,10515000
2000-06-05,77.0243,80.9491,75.3072,79.6637,4723800
2000-06-06,77.0243,79.4773,75.0619,75.6113,6316200
2000-06-07,75.6113,76.5337,73.0406,75.3072,6144800
2000-06-08,77.5149,79.4184,77.3971,79.2320,10405500
2000-06-09,80.4585,81.3808,78.4961,78.4961,5134900
2000-06-12,79.4773,80.4585,76.9065,78.0055,5907900
2000-06-13,77.0831,82.1167,76.7790,80.9491,11638300
2000-06-14,81.9303,82.0578,77.0243,78.8689,8444600
2000-06-15,78.0055,78.7414,75.5525,76.5337,6029500
2000-06-16,76.5337,76.7790,73.6489,75.9253,6044000
2000-06-19,75.9253,79.9679,75.4347,79.9679,10751800
2000-06-20,79.4773,88.7987,79.1142,88.1903,12141300
2000-06-21,86.8363,92.7235,85.8551,89.0440,8218700
2000-06-22,91.2517,91.2517,82.5484,85.2467,8742700
2000-06-23,84.1380,88.3670,83.8927,86.3457,8331100
2000-06-26,87.8764,88.7987,86.6499,87.5133,4463600
2000-06-27,88.1903,89.0440,87.5722,88.3081,4338100
2000-06-28,90.0252,90.0252,84.9328,85.9140,7386500
2000-06-29,86.2868,89.1715,83.4021,89.1029,6308300
2000-06-30,89.1029,90.2705,86.3064,86.4046,6646400
2000-07-03,89.2893,89.2893,88.3081,88.5534,2019300
2000-07-05,85.6687,86.2868,79.4773,82.1756,7872700
2000-07-06,81.9303,85.1192,79.9679,84.8739,6556300
2000-07-07,84.5108,88.4945,82.9115,87.8175,6451200
2000-07-10,88.1217,92.1740,85.8551,89.2893,5072500
2000-07-11,89.5346,92.0465,86.8952,89.2893,5800300
2000-07-12,91.4970,93.1552,89.7799,92.2329,5909100
2000-07-13,93.2141,94.5681,88.5534,90.2705,6228300
2000-07-14,92.2329,95.6671,90.7611,94.7448,5586300
2000-07-17,95.1765,95.3629,92.1151,93.3416,3811400
2000-07-18,92.6057,94.4406,89.9074,91.2517,5242500
2000-07-19,90.7611,91.7423,84.5697,86.5910,4347500
2000-07-20,86.5910,88.3081,80.5174,86.4732,8318500
2000-07-21,81.8125,84.1969,79.9679,80.9491,6370200
2000-07-24,82.6073,84.3244,80.2132,83.4021,5118900
2000-07-25,84.5108,85.6687,82.0578,85.1192,4886500
2000-07-26,82.4209,84.0202,76.9065,80.9491,9132200
2000-07-27,80.5174,80.5860,74.1395,75.3072,9205200
2000-07-28,76.1019,79.2908,75.0619,77.4560,7290800
2000-07-31,79.8501,80.4585,77.7013,79.9679,4131300
2000-08-01,79.9679,80.3996,77.3971,77.5737,5224100
2000-08-02,77.5149,79.6637,76.7790,78.8002,6234100
2000-08-03,76.1019,76.7790,74.8166,76.1019,7086100
2000-08-04,78.0055,78.7414,71.7552,71.7552,10434000
2000-08-07,73.3448,75.4347,72.3047,74.6988,6785100
2000-08-08,74.8166,77.1518,74.6301,75.4347,3534700
2000-08-09,78.1330,80.5860,78.0055,80.2132,6233900
2000-08-10,78.2508,78.8689,73.3448,73.5901,8332600
2000-08-11,75.0619,75.0619,71.6277,74.2082,5562000
2000-08-14,76.5337,78.9867,76.2884,78.9867,8286100
2000-08-15,80.3996,85.0014,79.5362,84.8739,8714600
2000-08-16,85.8551,87.2091,85.3645,87.0816,9316200
2000-08-17,85.3645,88.4945,83.6474,88.1903,4871300
2000-08-18,88.4945,88.9851,85.5509,87.4544,5897900
2000-08-21,87.5133,89.0440,85.6687,86.8363,4962000
2000-08-22,87.1405,88.0628,86.1593,86.3457,4120400
2000-08-23,86.5321,89.2304,85.6098,89.0440,4255100
2000-08-24,89.7210,91.6834,88.5534,90.8200,4765100
2000-08-25,90.0252,90.0252,86.4046,87.3269,4338500
2000-08-28,88.1903,89.0440,85.8551,87.6311,5935100
2000-08-29,87.4544,87.4544,85.3645,85.6098,4394100
2000-08-30,85.6098,85.8551,79.4773,82.1167,6047300
2000-08-31,81.3808,81.3808,78.4961,80.1052,6797300
2000-09-01,81.1944,81.3808,76.1019,76.8378,6871700
2000-09-05,76.4159,78.5549,75.7978,77.0243,4326300
2000-09-06,69.9106,70.6465,67.4576,68.6841,19973100
2000-09-07,69.6064,73.2270,68.7429,72.1183,9387400
2000-09-08,70.1559,70.2147,66.9081,67.7029,9580600
2000-09-11,66.7805,67.2123,61.8745,63.6603,11590300
2000-09-12,62.7969,65.6816,61.4526,62.1198,7748400
2000-09-13,61.1386,65.6816,61.0798,65.1910,14210200
2000-09-14,66.5352,66.6039,61.0798,61.8157,10059100
2000-09-15,59.8533,61.1386,56.3602,58.1362,14256200
2000-09-18,60.1574,62.2474,56.5466,57.4003,16260100
2000-09-19,59.1174,64.5140,58.1950,64.4551,13723000
2000-09-20,64.0822,67.7029,61.8745,65.1910,17728500
2000-09-21,64.2687,64.5728,52.9849,54.0936,10336200
2000-09-22,52.0037,53.9072,49.3053,51.7584,20022400
2000-09-25,52.0037,53.4755,45.1352,45.8711,18256400
2000-09-26,46.6659,49.5506,46.1164,48.6970,16464700
2000-09-27,50.2865,53.4755,49.3053,50.6594,11605500
2000-09-28,49.7371,52.4943,48.1377,48.5694,8314000
2000-09-29,47.3429,47.5294,43.6634,45.1352,14602000
2000-10-02,44.6446,47.0976,40.8474,41.5833,10039200
2000-10-03,43.1728,46.1164,41.9463,42.2505,9093500
2000-10-04,43.6046,46.6070,42.6822,46.0576,14082700
2000-10-05,44.3993,45.1352,38.2668,40.2292,23697400
2000-10-06,40.6021,41.7010,39.0027,40.0428,13559300
2000-10-09,40.2881,40.7198,38.2668,39.0027,7040700
2000-10-10,37.3445,38.1491,35.2055,36.1867,10099200
2000-10-11,35.3232,38.7574,34.9602,37.0403,12981900
2000-10-12,38.5121,38.7574,34.3420,34.8915,11496200
2000-10-13,34.1556,37.1679,34.0967,35.6961,13041000
2000-10-16,35.3232,35.3821,32.5661,33.0567,9950200
2000-10-17,29.5636,29.9266,27.4736,28.4548,23627900
2000-10-18,29.4360,30.9667,27.6012,28.0231,22839700
2000-10-19,30.9078,34.0967,30.2308,34.0379,15844200
2000-10-20,33.7337,35.5685,32.8702,34.2243,11369400
2000-10-23,33.4197,37.4132,32.8702,35.6274,9886200
2000-10-24,33.6061,36.6773,32.3796,32.8702,8339600
2000-10-25,31.2120,32.6249,28.9454,29.6225,10704800
2000-10-26,30.4172,31.8302,29.6225,31.0354,11656500
2000-10-27,30.7901,31.8302,29.0730,29.6813,10525800
2000-10-30,29.4949,33.7926,29.0730,32.0755,9010500
2000-10-31,33.8514,35.5097,32.0166,34.0967,19494900
2000-11-01,33.2431,35.9414,33.0567,34.9602,9183200
2000-11-02,35.3821,36.4909,33.9790,34.6462,8659900
2000-11-03,35.5685,36.4320,34.3420,35.0779,6993800
2000-11-06,36.0003,36.0003,32.5072,33.4491,9227400
2000-11-07,36.7950,36.7950,34.4009,35.2644,10825400
2000-11-08,35.3232,36.0591,33.3608,33.9790,8305300
2000-11-09,32.7525,33.4884,30.4761,31.9479,8336600
2000-11-10,30.7214,31.2807,29.1907,29.5636,9591100
2000-11-13,28.8277,32.5661,28.3960,31.7713,13162400
2000-11-14,32.6249,33.9103,32.0755,32.7525,9448100
2000-11-15,34.2832,35.5685,32.7525,34.3420,9420800
2000-11-16,32.9978,33.8514,32.3796,32.5072,5334400
2000-11-17,32.7525,33.7926,31.2120,33.1155,5944600
2000-11-20,32.3796,36.0591,31.2807,34.8326,9026800
2000-11-21,35.0779,35.7550,33.1155,33.8514,8175100
2000-11-22,36.3044,37.0403,33.6650,35.2644,10438200
2000-11-24,37.1679,40.2292,36.3044,40.1115,9743600
2000-11-27,40.7198,41.7010,35.9414,36.4320,12471900
2000-11-28,36.4320,37.7174,32.3796,32.8702,9428200
2000-11-29,32.8702,35.0779,32.1343,33.6650,8852400
2000-11-30,29.9855,31.4573,29.2496,30.9078,12814700
2000-12-01,31.1531,32.6838,30.1719,30.3584,7952100
2000-12-04,30.9078,31.7713,30.0542,30.6037,6471200
2000-12-05,31.3396,33.8514,31.2807,32.5072,8498800
2000-12-06,32.8702,33.3608,30.3584,31.3984,7059100
2000-12-07,29.4949,30.8490,29.4360,30.0542,6317900
2000-12-08,32.6249,34.7149,31.5260,34.0379,10724400
2000-12-11,34.0967,37.1679,33.4197,36.7950,9229000
2000-12-12,36.6773,36.9815,34.5873,35.5685,5910400
2000-12-13,35.8138,36.3044,33.1155,33.7337,8244200
2000-12-14,34.1556,35.8138,34.0967,34.2832,5886400
2000-12-15,34.0967,35.9414,33.7337,35.2055,7355500
2000-12-18,35.6961,36.7950,34.7149,35.3232,9271000
2000-12-19,34.3420,35.5685,33.4197,34.0967,10343800
2000-12-20,31.8890,32.3208,28.4548,29.2496,12879400
2000-12-21,29.4360,32.5072,29.3772,30.3584,11854400
2000-12-22,31.8890,34.7738,31.5260,34.2832,6108700
2000-12-26,34.7738,35.4410,33.6650,35.3232,3899600
2000-12-27,35.2644,36.7950,34.5285,36.6086,5439800
2000-12-28,36.3044,36.5497,34.8915,35.2644,6861200
2000-12-29,35.3232,35.6961,34.1556,34.8326,3823700
2001-01-02,36.0591,36.2456,33.8514,34.7149,5976600
2001-01-03,34.4696,41.5833,33.6061,41.2104,13177100
2001-01-04,41.1516,41.2104,38.2668,38.6397,10857700
2001-01-05,38.1491,38.6986,35.6274,35.8138,7800000
2001-01-08,36.0591,37.2268,34.2243,36.2456,7180900
2001-01-09,37.6585,38.2668,35.9414,36.0591,6956300
2001-01-10,36.4909,38.7574,35.2055,37.2856,8411200
2001-01-11,37.0403,40.4745,36.1180,40.2292,13874000
2001-01-12,40.2292,40.9651,39.0027,40.6610,9193100
2001-01-16,40.6610,40.6610,37.0403,38.2080,7922000
2001-01-17,39.4933,41.1516,38.0804,38.5121,8920400
2001-01-18,39.2480,44.6446,37.7762,43.6046,17176400
2001-01-19,45.6258,47.0976,43.9087,45.5670,16756500
2001-01-22,44.4582,45.1352,42.9275,43.6634,7591300
2001-01-23,43.4770,43.6046,41.2693,42.4369,8548600
2001-01-24,42.2505,44.8899,41.5146,44.0363,11392700
2001-01-25,44.5269,44.5269,42.0739,42.9275,6138300
2001-01-26,42.0052,43.1140,41.3380,43.1140,5415800
2001-01-29,43.1140,45.8613,41.9169,44.4484,5110700
2001-01-30,45.3217,46.9897,44.1737,45.9693,7485000
2001-01-31,45.9693,47.7452,44.8409,44.9096,9491500
2001-02-01,44.7133,44.7428,40.4255,41.3871,13416300
2001-02-02,41.9463,42.7117,39.4541,40.4255,8153600
2001-02-05,39.3462,39.5326,37.2856,37.5604,10618900
2001-02-06,37.2660,39.9545,37.2660,38.9733,10779500
2001-02-07,38.3650,40.9161,36.6675,38.0902,10114000
2001-02-08,38.8556,40.2096,38.5612,39.2186,8791800
2001-02-09,38.5612,41.2104,37.4819,38.0313,7197500
2001-02-12,38.3650,40.0821,37.2856,38.6789,5825200
2001-02-13,39.9839,41.6324,39.3952,40.7198,10386700
2001-02-14,41.5539,45.8613,40.9161,45.6258,14443600
2001-02-15,45.6749,45.8711,43.1434,43.7616,10280100
2001-02-16,39.2971,41.8678,39.2775,41.7501,9016800
2001-02-20,42.1426,42.1916,37.8744,37.8744,8850500
2001-02-21,36.7950,39.9839,36.2554,37.6781,9402500
2001-02-22,37.5604,38.7084,35.8138,37.2856,8415200
2001-02-23,35.4214,36.6969,34.1262,36.5497,10013500
2001-02-26,35.4214,35.4900,34.0967,34.3420,8289900
2001-02-27,34.3322,36.6675,34.1164,34.3911,6977000
2001-02-28,34.8326,36.3044,33.1155,33.5767,6944200
2001-03-01,33.5080,35.3036,32.1343,35.2251,8655800
2001-03-02,34.4205,38.6593,34.0379,35.4115,9569800
2001-03-05,37.7762,39.2480,37.5309,38.2668,7309000
2001-03-06,41.9954,43.7616,40.7198,43.0355,12776400
2001-03-07,43.1728,43.1925,39.8368,40.2292,13318400
2001-03-08,40.2292,42.8098,40.0722,42.0445,8549400
2001-03-09,40.2292,41.1908,39.1794,39.9839,11183800
2001-03-12,39.9839,42.4860,39.2480,39.9938,10862200
2001-03-13,41.6029,43.4966,41.1712,43.2219,10881200
2001-03-14,42.1916,43.9087,40.9651,42.7019,11182900
2001-03-15,44.1540,44.3503,40.3960,40.5236,9895000
2001-03-16,40.2783,41.2104,37.4917,39.2971,11726600
2001-03-19,39.3462,43.1336,39.2480,42.2505,6927500
2001-03-20,43.1728,43.3887,39.4443,39.8368,9197600
2001-03-21,40.1311,42.9079,39.9839,41.2203,12871100
2001-03-22,44.1540,46.5972,42.8883,45.8221,20501900
2001-03-23,47.3429,48.6774,45.5277,47.9120,17780000
2001-03-26,47.9219,48.1868,44.6446,45.9889,9855000
2001-03-27,45.2432,47.6275,44.9390,47.0976,10141100
2001-03-28,45.2334,47.0878,42.5547,43.4181,11101800
2001-03-29,43.4181,45.2236,42.0052,44.3993,10744100
2001-03-30,41.4656,42.6822,38.6103,40.7493,15239600
2001-04-02,40.2292,40.2292,33.8612,35.5685,15522500
2001-04-03,34.8326,37.7468,33.8024,35.5783,11817100
2001-04-04,35.6176,37.1385,33.0959,33.9496,10248100
2001-04-05,35.8138,38.7084,35.5195,37.6781,10891800
2001-04-06,36.7950,37.8744,35.3527,36.1278,7648200
2001-04-09,36.7950,36.9913,33.6159,35.2153,8231000
2001-04-10,35.4214,38.7574,34.1458,37.4328,7848300
2001-04-11,43.0747,43.2710,40.4844,40.8180,14585700
2001-04-12,40.9161,46.1164,40.6315,45.5375,17623500
2001-04-16,42.6822,43.8597,41.7010,43.6634,11696700
2001-04-17,43.0747,44.3503,41.1516,42.1328,11033100
2001-04-18,44.1540,48.5694,43.7714,46.4108,18648100
2001-04-19,44.1050,47.3429,43.8597,47.0486,12003300
2001-04-20,47.0388,47.0388,44.3993,45.6651,9588400
2001-04-23,44.2522,44.2522,41.9463,42.5351,7122500
2001-04-24,42.5449,43.7714,39.2480,39.2480,8720900
2001-04-25,40.6217,42.7804,39.8858,41.8777,12423300
2001-04-26,42.6822,43.4181,41.2497,41.6814,9333200
2001-04-27,42.4860,43.4181,42.0445,43.2415,6286900
2001-04-30,43.1728,44.8409,42.3879,44.5269,8556700
2001-05-01,44.1639,44.1639,42.1916,42.9570,8747400
2001-05-02,42.9570,43.9578,41.5048,42.2898,10274000
2001-05-03,41.4067,41.8875,40.2489,40.7002,7324100
2001-05-04,39.4443,44.1540,38.7378,41.0142,12934100
2001-05-07,41.2104,42.4468,40.1213,42.0935,6481900
2001-05-08,42.2015,42.8687,40.9161,41.1025,6157100
2001-05-09,40.5923,41.6520,39.7877,40.7198,6968700
2001-05-10,42.1818,42.4369,39.2480,39.2971,8842300
2001-05-11,40.2292,40.2292,39.1990,39.5620,4953900
2001-05-14,39.7386,39.9938,38.9537,39.9349,6105300
2001-05-15,39.1499,39.9839,38.3650,38.3650,12316500
2001-05-16,38.2668,38.9635,37.0600,38.4631,13838200
2001-05-17,39.0027,40.8180,38.6593,40.2685,6924600
2001-05-18,40.2292,40.2292,38.9831,39.3363,6937000
2001-05-21,38.7574,42.1916,38.6103,41.8188,7903400
2001-05-22,41.8286,42.1916,39.6405,40.0526,7039800
2001-05-23,40.8474,40.8474,39.4933,39.4933,8558900
2001-05-24,39.5424,39.7288,38.2178,39.4737,6471200
2001-05-25,39.7190,40.3274,39.2480,39.9349,3917900
2001-05-29,38.9046,38.9635,36.8245,37.2660,7047500
2001-05-30,36.3044,36.4026,35.0289,36.0493,8584600
2001-05-31,36.0493,37.5309,35.6176,36.7950,5429200
2001-06-01,36.7950,38.9242,36.6479,38.4631,7517500
2001-06-04,37.8744,38.8065,37.3543,37.6879,3956400
2001-06-05,38.5121,41.2104,38.3748,41.2104,9686800
2001-06-06,41.2104,41.6029,39.8956,40.6904,6135600
2001-06-07,40.6708,44.1246,40.6708,44.0069,10140000
2001-06-08,42.6822,43.9087,41.7501,42.5056,5662700
2001-06-11,42.1131,42.1230,39.9839,40.8278,4919100
2001-06-12,40.1311,41.4067,39.1794,40.9651,4279400
2001-06-13,41.3576,42.3192,39.7386,40.1311,5141700
2001-06-14,39.4933,39.9349,36.8441,37.0894,8116300
2001-06-15,37.0796,39.6896,36.5595,38.7574,7423000
2001-06-18,38.8752,39.4345,37.4819,37.7762,3978200
2001-06-19,39.0027,39.9251,36.8343,37.3053,8352300
2001-06-20,36.3044,36.9913,35.2251,36.1474,11785900
2001-06-21,36.1082,37.3053,35.1270,37.0011,8254200
2001-06-22,37.7762,38.7574,37.1875,37.6585,7707500
2001-06-25,37.6683,38.6103,36.9030,38.2865,3311000
2001-06-26,37.2856,39.2480,37.1875,39.2480,7447100
2001-06-27,39.6405,39.6405,38.8359,38.9929,6424800
2001-06-28,39.4933,41.2104,39.2971,40.8180,8312400
2001-06-29,40.8180,42.1916,40.3274,40.3274,8861800
2001-07-02,40.6708,42.2309,40.3568,41.5048,5451300
2001-07-03,41.6029,42.6037,41.0044,42.4369,3511300
2001-07-05,42.1916,42.2015,40.4059,41.1025,4150300
2001-07-06,39.9839,39.9938,38.0215,38.1687,5047900
2001-07-09,38.1687,38.8457,37.3838,37.7762,3959600
2001-07-10,38.6103,38.9046,36.4516,36.8833,5654200
2001-07-11,36.6479,38.9046,36.4026,38.7574,7858300
2001-07-12,40.2292,40.6217,37.2856,39.2382,27826800
2001-07-13,38.5906,39.1892,37.5996,38.2766,11921900
2001-07-16,38.2570,38.4336,35.5587,36.0591,11327800
2001-07-17,35.8236,37.9627,35.2840,37.9430,11312800
2001-07-18,38.3257,39.1892,37.2071,37.5309,10934500
2001-07-19,38.1687,39.1499,38.1687,38.8163,10087100
2001-07-20,38.6103,38.7673,37.5309,38.3551,4949200
2001-07-23,39.0420,39.0420,37.2856,37.3838,4197600
2001-07-24,38.1098,38.1098,36.7460,37.1286,4977200
2001-07-25,36.4026,37.7664,36.3044,37.6585,5589400
2001-07-26,37.7566,40.1900,37.1090,39.9938,9536900
2001-07-27,39.4933,40.6021,39.2971,40.4745,5992700
2001-07-30,41.0436,41.2104,39.6111,40.5825,4892100
2001-07-31,40.5236,42.2113,40.4942,41.2104,9274700
2001-08-01,42.6332,43.7616,42.3977,42.8785,10869200
2001-08-02,43.4181,44.1442,43.0257,44.0559,7069600
2001-08-03,42.9275,43.1728,41.9463,42.6332,7302600
2001-08-06,41.6520,41.6520,40.5825,41.2203,5597600
2001-08-07,40.9651,40.9651,39.7386,40.1606,7314800
2001-08-08,40.0330,41.2104,38.3944,38.5121,7900500
2001-08-09,38.2668,38.9046,37.2856,38.0313,7056500
2001-08-10,38.3650,38.7378,37.1385,38.4533,5602800
2001-08-13,38.9046,39.1205,37.6781,38.0608,6367300
2001-08-14,38.2668,38.4042,36.5007,36.6969,7362500
2001-08-15,36.7950,37.1875,35.6176,35.7648,7084600
2001-08-16,35.5195,37.2758,35.0289,37.0109,8250400
2001-08-17,36.6969,36.7067,35.2938,35.4214,6359100
2001-08-20,35.3723,36.1082,35.1761,35.3723,4503300
2001-08-21,35.7550,36.1082,34.4794,34.6364,4297400
2001-08-22,35.3232,36.7950,35.1466,36.5497,6269500
2001-08-23,36.4026,37.0011,35.5980,35.5980,3207200
2001-08-24,36.1965,38.2374,36.0101,37.8155,5190100
2001-08-27,37.9725,40.2292,37.9725,39.5915,7672600
2001-08-28,39.7386,39.7386,38.0706,38.2865,6845500
2001-08-29,38.2963,38.4533,36.6675,36.8441,5202000
2001-08-30,36.8441,37.0305,35.1466,36.0395,6252300
2001-08-31,36.0395,37.2856,35.9021,36.9030,5288400
2001-09-04,36.4026,36.9422,35.5685,35.6176,5677700
2001-09-05,35.6176,36.0591,33.3805,35.3232,10054900
2001-09-06,34.6364,34.8326,32.5759,32.8310,11605000
2001-09-07,32.3796,33.7533,31.5947,32.1343,8055700
2001-09-10,32.1343,32.6936,30.9078,31.1629,6603100
2001-09-17,27.5717,29.6421,27.4736,28.6511,8241300
2001-09-18,28.4548,28.6020,24.9127,24.9421,10477800
2001-09-19,25.7565,25.7565,21.6159,23.0092,13259800
2001-09-20,23.4507,23.4507,20.6052,21.6747,11978400
2001-09-21,21.6747,21.6747,19.6829,20.7132,11149600
2001-09-24,21.1547,22.7639,20.7132,21.8808,7683200
2001-09-25,19.6338,22.3714,19.6338,20.8407,10074400
2001-09-26,19.9184,20.6052,16.0819,16.9257,23711400
2001-09-27,16.9257,17.6812,16.4351,17.4458,11418500
2001-09-28,17.5144,19.3787,17.0533,18.4760,9629300
2001-10-01,18.0541,18.8391,17.0435,17.4163,5680200
2001-10-02,18.0050,18.0050,16.8767,17.9265,5171200
2001-10-03,19.4768,19.4768,17.2201,18.6428,9230000
2001-10-04,20.1735,20.1735,18.6428,19.1236,8100800
2001-10-05,20.1833,20.1833,18.1718,19.6829,6432400
2001-10-08,21.2430,21.2430,19.1334,20.7524,7269100
2001-10-09,20.6150,20.6150,19.2119,19.6240,6654700
2001-10-10,19.3787,21.0958,19.1334,20.8309,5262600
2001-10-11,21.3411,23.0582,21.2921,23.0582,8216400
2001-10-12,22.5774,25.0206,21.6845,25.0206,7703900
2001-10-15,23.5488,23.6568,22.2634,22.7050,7152800
2001-10-16,22.7050,22.9012,21.0468,21.6355,9399000
2001-10-17,22.1751,22.3714,20.1342,20.2716,8705800
2001-10-18,19.8693,20.3599,18.6919,19.3787,7534400
2001-10-19,19.0059,20.7033,18.8391,20.4090,8007000
2001-10-22,20.1637,21.5472,19.8693,21.3313,5434500
2001-10-23,21.4883,22.3714,21.0958,21.3804,6216000
2001-10-24,22.2634,22.2634,21.0958,21.9789,4335000
2001-10-25,21.9691,22.9307,21.0468,22.7933,6467000
2001-10-26,22.7933,23.9904,22.6069,23.4998,7595700
2001-10-29,23.2054,23.4311,21.8612,22.0770,4891400
2001-10-30,22.1653,22.1653,20.6052,20.6837,5865600
2001-10-31,21.8317,23.0975,21.6845,22.3321,12625800
2001-11-01,22.9601,23.2545,21.9298,22.5676,7953700
2001-11-02,22.8620,24.4319,22.5774,24.2847,8052100
2001-11-05,24.2847,24.7263,23.3035,24.1375,7867000
2001-11-06,23.7058,24.0394,23.1073,24.0100,5999700
2001-11-07,28.3076,28.3076,23.5488,25.4131,11131900
2001-11-08,26.9830,27.9642,26.1196,26.4041,14502800
2001-11-09,26.4041,26.9634,25.5210,25.6192,5938800
2001-11-12,25.8645,27.2283,25.0795,26.6396,8410300
2001-11-13,29.1417,30.4074,27.9937,28.4548,15673300
2001-11-14,28.4646,28.7492,26.9830,27.2381,10772000
2001-11-15,27.2283,27.5717,26.3943,27.2381,6753300
2001-11-16,26.9830,27.1008,25.5897,25.8056,8564000
2001-11-19,25.8841,27.0321,25.3150,26.8064,10271800
2001-11-20,26.3943,26.5807,25.2954,25.5701,7548900
2001-11-21,25.7663,25.7663,23.7451,25.4131,9201700
2001-11-23,26.5611,26.5611,25.1678,26.2373,2524300
2001-11-26,26.8653,28.2684,26.6396,28.0623,8234300
2001-11-27,29.1417,29.1417,27.0811,28.6020,8950000
2001-11-28,28.4352,28.4352,26.2079,26.2275,7347500
2001-11-29,26.4924,27.4540,26.1196,27.3264,5689500
2001-11-30,27.2185,27.2185,26.0509,26.6494,7151400
2001-12-03,28.7492,28.7492,27.5717,28.0231,9436600
2001-12-04,28.6020,29.9266,28.6020,29.9168,13440800
2001-12-05,33.0174,33.8416,31.8890,32.4385,20984900
2001-12-06,32.8212,32.8212,31.5947,31.9381,9013700
2001-12-07,32.3600,32.3600,30.5154,31.1531,7729300
2001-12-10,30.4172,31.8400,30.2210,30.4957,6701800
2001-12-11,30.5644,31.0943,29.9266,30.3191,5526200
2001-12-12,30.4172,31.2022,30.1327,31.1531,6392800
2001-12-13,30.2210,30.4172,28.9454,29.1319,5408100
2001-12-14,29.1319,29.9266,28.7099,29.6813,7418700
2001-12-17,30.5154,30.9078,29.8187,30.1229,7284900
2001-12-18,31.3984,32.0362,31.1531,31.2120,8468400
2001-12-19,30.1719,30.9176,29.2398,29.5341,10678800
2001-12-20,29.4360,29.4458,28.1605,28.9552,7309900
2001-12-21,28.9552,30.0247,28.9454,29.5930,4897300
2001-12-24,29.4851,29.7696,29.1417,29.1613,1201500
2001-12-26,29.2398,30.8097,29.2005,29.8285,2754100
2001-12-27,30.3191,30.9078,30.1032,30.5840,2849100
2001-12-28,31.2513,31.9381,31.0060,31.0648,3574100
2001-12-31,31.6437,31.6437,30.0051,30.4172,3410100
2002-01-02,32.2815,32.6249,31.9381,32.6151,9104800
2002-01-03,36.3044,36.3044,32.8800,35.8236,16344600
2002-01-04,36.3044,36.3044,34.4500,35.2742,8309200
2002-01-07,35.8531,35.8531,34.4205,35.4704,6521800
2002-01-08,35.0779,35.2840,34.4794,34.6364,4645200
2002-01-09,35.3232,35.8629,34.1164,34.3518,6215300
2002-01-10,34.3420,34.4402,32.8702,33.1155,7949200
2002-01-11,34.0477,34.9308,33.7533,34.4696,6698600
2002-01-14,35.2742,36.0493,34.2439,34.9308,9557300
2002-01-15,34.9308,35.0485,34.1458,34.6364,6102700
2002-01-16,34.0967,34.2537,32.9389,33.0665,6618000
2002-01-17,33.4590,33.6061,32.6347,33.3608,11165300
2002-01-18,32.3796,32.3894,30.9078,31.1924,15007800
2002-01-22,31.8890,32.3796,30.2406,30.2995,6965100
2002-01-23,31.6437,31.6437,30.3682,31.0452,5602200
2002-01-24,33.0174,33.0174,31.2513,31.2513,5866400
2002-01-25,31.2513,31.8890,30.8097,31.8890,4581500
2002-01-28,32.3306,32.3306,30.6723,31.6928,6796700
2002-01-29,31.7419,31.9283,29.9070,29.9168,7373100
2002-01-30,29.9168,31.8890,28.9552,31.7909,9459900
2002-01-31,33.3608,33.3608,31.9381,33.1155,8768600
2002-02-01,34.4402,34.4402,33.3608,34.1949,8736400
2002-02-04,34.6855,35.2251,33.6552,33.7533,8290200
2002-02-05,33.9986,35.0681,33.5963,33.8024,7011700
2002-02-06,34.6855,36.0591,34.4402,36.0003,11592900
2002-02-07,35.5195,35.8040,33.1646,33.2235,9612200
2002-02-08,33.6552,34.3322,32.3796,34.2439,6972900
2002-02-11,34.2439,36.8932,34.1065,36.8932,7474900
2002-02-12,36.4026,37.3838,36.1180,37.0894,6284400
2002-02-13,37.1875,38.3944,36.6969,38.2766,11506900
2002-02-14,38.2668,38.7084,37.1875,37.5309,8522700
2002-02-15,37.5407,37.5407,35.9610,36.2554,8242900
2002-02-19,36.2554,37.0894,35.8629,35.9021,6678300
2002-02-20,36.7460,36.7460,34.4892,35.8138,9194900
2002-02-21,34.8326,34.8523,32.3796,32.5857,11952600
2002-02-22,32.8212,36.0591,31.5358,31.9185,9691400
2002-02-25,32.3796,34.3322,32.3306,33.4099,6981200
2002-02-26,33.7533,34.1949,32.7917,33.0665,8365900
2002-02-27,34.5873,34.8424,32.9389,33.5571,7423100
2002-02-28,33.7533,34.0477,31.5456,31.5456,8154900
2002-03-01,32.3796,35.7452,32.3796,35.6078,11938800
2002-03-04,35.9610,38.1491,35.8138,37.9725,12045100
2002-03-05,37.4328,38.7574,37.3838,38.7574,8386900
2002-03-06,38.2668,38.2766,36.2946,37.1483,9631000
2002-03-07,37.5800,37.9627,35.9120,36.4418,8945300
2002-03-08,37.2856,38.2668,36.5988,37.4426,8590100
2002-03-11,35.9610,36.8932,35.5882,36.2554,7403600
2002-03-12,35.5980,35.5980,34.3420,35.0191,10780500
2002-03-13,34.2439,34.3518,33.0763,33.4590,13262900
2002-03-14,33.2627,33.2627,31.3984,31.4181,15903800
2002-03-15,31.3984,32.9684,31.3984,32.7623,12719200
2002-03-18,33.8514,34.1458,32.2325,32.6249,8692200
2002-03-19,32.9684,33.3608,32.2619,33.1646,5708100
2002-03-20,31.8890,32.6249,31.3984,31.8890,7781100
2002-03-21,34.0869,34.0869,32.1343,33.8612,11802100
2002-03-22,33.3608,34.0967,32.9193,33.2627,11241700
2002-03-25,33.2137,33.8514,32.3796,32.3796,6109000
2002-03-26,32.5268,33.6552,32.3894,33.3903,6870900
2002-03-27,33.3706,33.3706,32.0362,32.3796,7806600
2002-03-28,33.2137,33.4197,32.1049,32.2815,6326900
2002-04-01,33.3608,33.3608,31.7909,32.8800,4636900
2002-04-02,32.6249,32.6740,31.6928,31.7909,6165700
2002-04-03,31.1629,31.3984,29.9266,30.2014,11804000
2002-04-04,28.9454,30.7214,28.9454,30.0149,8942900
2002-04-05,30.1817,30.4172,29.1907,29.2888,8234100
2002-04-08,28.7001,30.9176,28.4450,30.3191,10972200
2002-04-09,30.4663,31.1531,29.3281,29.4851,6950200
2002-04-10,29.0926,30.0738,28.8081,29.9561,8651700
2002-04-11,28.9454,29.6126,28.5039,28.6511,9606400
2002-04-12,29.0435,29.4164,28.1997,28.5137,5692800
2002-04-15,28.2095,28.6903,27.8367,28.1605,6539100
2002-04-16,29.0435,29.7500,29.0435,29.5440,8026600
2002-04-17,30.2210,30.9275,29.0043,29.6715,8367300
2002-04-18,29.9168,29.9168,28.0623,28.4548,8749900
2002-04-19,29.2888,29.6323,28.7394,28.9454,9134300
2002-04-22,29.4360,30.4172,28.8866,30.3191,14173200
2002-04-23,30.7607,31.1629,28.6707,28.8375,13973900
2002-04-24,28.9454,29.1417,26.4924,26.7868,11405500
2002-04-25,27.2676,27.2676,26.1981,27.0321,11500900
2002-04-26,27.0419,27.4736,25.5112,25.5112,8357200
2002-04-29,25.5210,26.3551,25.1089,25.9528,7009100
2002-04-30,24.5300,25.1187,23.0582,23.2545,28636900
2002-05-01,23.7941,25.3935,23.1269,24.2357,13824300
2002-05-02,24.4810,24.6772,22.6756,22.9209,9664100
2002-05-03,22.8129,22.9209,21.9298,22.1850,7762100
2002-05-06,21.9789,22.8914,21.7336,22.3518,8746700
2002-05-07,22.7639,23.4016,21.9397,22.8129,8135000
2002-05-08,24.4221,24.5202,23.7745,24.0492,14634200
2002-05-09,23.7156,23.7156,22.1850,22.4204,11658900
2002-05-10,22.4204,22.6363,21.8317,22.0476,8459800
2002-05-13,22.6559,23.3035,22.2733,23.1563,9356400
2002-05-14,24.8244,26.2079,24.3828,25.8056,15158300
2002-05-15,25.8056,26.1784,24.7263,25.0108,8657800
2002-05-16,25.0206,25.7075,23.7941,25.5210,6396400
2002-05-17,25.5112,25.8252,24.0394,24.5398,6943600
2002-05-20,24.7851,24.7851,23.7549,24.0002,3975400
2002-05-21,24.3338,24.5006,22.8620,23.1563,5619200
2002-05-22,22.8031,23.9413,22.4891,23.1073,5506800
2002-05-23,23.3231,24.0198,22.6167,23.8432,5892500
2002-05-24,23.5684,23.5783,22.6265,22.9209,4182700
2002-05-28,23.1662,23.3526,22.2536,22.6854,3273200
2002-05-29,22.2733,22.8620,22.0770,22.4499,3791800
2002-05-30,21.9495,23.0582,21.8415,23.0582,6337500
2002-05-31,23.1563,23.5488,22.6657,23.1367,5927000
2002-06-03,23.0582,23.0582,21.7140,21.8808,4960400
2002-06-04,21.8808,22.4008,21.6060,22.4008,6871100
2002-06-05,22.2733,22.3223,21.6159,22.0280,4745200
2002-06-06,21.9397,22.2242,21.5864,21.8808,7435900
2002-06-07,20.3109,22.4891,20.1244,21.7336,9340000
2002-06-10,21.6845,21.6845,20.9683,21.0566,4564400
2002-06-11,21.0958,21.1939,20.3207,20.4679,4492700
2002-06-12,20.3599,21.2430,19.6240,21.2430,7542800
2002-06-13,21.0958,21.4785,20.3207,20.7033,4818900
2002-06-14,20.4090,21.8808,19.3395,21.8808,8220400
2002-06-17,22.1751,22.8718,21.8415,22.8620,9478400
2002-06-18,22.7639,23.8432,22.6069,23.1563,8588800
2002-06-19,21.5864,21.5864,19.6044,19.7025,11720700
2002-06-20,19.7025,19.9576,17.6714,18.0541,16371200
2002-06-21,17.6812,18.9764,17.6812,18.4368,11081200
2002-06-24,18.1522,20.0165,18.1522,19.3493,9003300
2002-06-25,19.8693,20.5954,19.3100,19.3787,11103500
2002-06-26,16.7785,18.6428,15.6992,18.6428,18255300
2002-06-27,19.8693,20.3599,19.1334,20.1146,11033600
2002-06-28,19.9871,20.8996,19.5259,19.8399,7610800
2002-07-01,20.0361,20.2912,19.2315,19.6240,4389300
2002-07-02,19.4768,19.6829,18.1032,18.8783,6657500
2002-07-03,18.8881,20.2226,17.9560,20.1146,7097600
2002-07-05,21.5864,23.1563,21.5864,21.8906,9223600
2002-07-08,21.9004,22.0574,20.4679,21.1939,7666600
2002-07-09,20.8701,22.1751,20.5758,22.0083,7477100
2002-07-10,22.1359,22.1359,20.7426,20.8800,7679900
2002-07-11,20.6543,22.1948,20.3109,21.9298,8731600
2002-07-12,22.8620,23.6469,22.5676,22.9503,9925000
2002-07-15,22.9601,23.9904,22.4008,23.9904,10003600
2002-07-16,23.9904,24.6674,22.1751,22.7933,14417800
2002-07-17,24.1375,24.4319,22.8129,23.5488,10301700
2002-07-18,22.8129,23.4998,22.2536,22.3518,6982700
2002-07-19,21.8415,22.2242,21.1939,21.8612,8592500
2002-07-22,21.6355,22.4204,19.9184,20.1146,10580600
2002-07-23,20.8015,21.2822,19.4376,19.5750,8994200
2002-07-24,19.0844,21.4392,18.8292,21.3411,9299700
2002-07-25,20.6052,20.6052,17.9069,18.8391,14628500
2002-07-26,19.3297,19.8595,18.7409,19.2610,7788600
2002-07-29,19.8693,20.7033,19.1825,20.4679,5332300
2002-07-30,20.2226,20.9683,19.9184,20.5856,7032700
2002-07-31,20.1146,20.2618,18.8587,19.1236,6704100
2002-08-01,18.9372,19.6731,17.7597,18.1522,7998000
2002-08-02,18.1522,18.2994,17.3378,17.8382,8354100
2002-08-05,17.8284,18.1522,16.7197,16.9257,6650800
2002-08-06,17.6126,18.7213,17.5635,17.9560,7308200
2002-08-07,18.7409,18.7409,16.8963,18.3386,9827000
2002-08-08,18.3485,19.0353,17.6616,18.8391,8088100
2002-08-09,18.3975,18.6821,17.7695,18.5447,4001700
2002-08-12,17.9560,18.2405,17.5635,18.0443,3620600
2002-08-13,17.9854,18.8881,17.5635,17.7892,6729000
2002-08-14,17.7892,19.1825,17.5046,19.0844,5874800
2002-08-15,19.5259,20.1146,19.1432,19.6142,7359000
2002-08-16,19.6142,21.1939,19.2806,20.4580,6627600
2002-08-19,20.8996,22.2438,20.1539,21.7140,7600500
2002-08-20,21.0958,21.2921,19.5259,19.9282,9621500
2002-08-21,20.5856,21.0664,19.6829,20.7916,5959800
2002-08-22,20.8996,22.2242,20.2912,20.7033,7019500
2002-08-23,20.2618,20.6150,19.6240,19.7320,5013500
2002-08-26,19.7320,19.7320,18.6624,19.1138,5360000
2002-08-27,19.2315,19.3297,17.8480,18.0148,6406600
2002-08-28,17.8579,17.8579,17.3673,17.4948,6602300
2002-08-29,16.4351,17.1710,15.8170,16.9257,15884000
2002-08-30,16.7099,17.4654,16.6804,16.9257,5470600
2002-09-03,16.6804,17.4163,16.5823,16.6902,8219900
2002-09-04,16.7000,17.3182,16.2389,17.0729,9953600
2002-09-05,16.7295,17.1710,16.2879,16.8767,10810900
2002-09-06,17.6616,17.7695,17.1710,17.4163,5538000
2002-09-09,17.0238,17.2299,16.4842,17.1023,4378000
2002-09-10,17.3182,18.5349,17.2103,18.4073,7166900
2002-09-11,18.6428,19.3787,18.2405,18.3485,4899900
2002-09-12,17.7205,18.1522,17.1220,17.3476,4195500
2002-09-13,16.9748,17.2201,16.0917,16.1898,8308600
2002-09-16,16.1898,16.4842,15.5030,15.9445,5578500
2002-09-17,16.1898,16.3861,15.6011,15.8170,5027900
2002-09-18,15.6011,15.9641,14.9241,15.4049,6662700
2002-09-19,15.0418,15.6796,14.8652,14.9928,5273200
2002-09-20,14.9829,14.9928,13.2462,13.6093,12673800
2002-09-23,12.8734,13.2560,12.3239,12.5201,11046200
2002-09-24,12.1178,13.0990,12.0688,12.7066,10837000
2002-09-25,12.5103,13.5013,12.0884,13.1383,14573200
2002-09-26,13.2953,13.3541,12.0393,12.3141,10642600
2002-09-27,12.3141,13.1481,12.2160,12.5005,7922100
2002-09-30,12.2650,12.4907,11.8725,12.1375,7805800
2002-10-01,12.4613,12.8832,11.8823,12.7556,8516900
2002-10-02,12.7654,14.2274,12.6575,13.3738,11582800
2002-10-03,13.3738,13.4817,12.1865,12.2061,8756100
2002-10-04,12.5103,12.6575,11.5782,11.6959,14256500
2002-10-07,11.7744,11.9707,11.2348,11.5291,7355100
2002-10-08,11.6763,11.8333,11.1464,11.5585,9504300
2002-10-09,11.3819,12.3729,11.2936,11.9118,7903200
2002-10-10,11.9216,12.7066,11.7744,12.2650,6559700
2002-10-11,13.0009,13.7368,12.7949,13.4130,8126200
2002-10-14,13.0500,13.4425,12.9028,13.2168,3865600
2002-10-15,14.0214,14.2765,13.7368,14.2765,9643700
2002-10-16,12.8537,13.2953,12.1669,12.2061,11319000
2002-10-17,11.7744,13.2462,11.7744,13.0696,8997400
2002-10-18,12.7556,13.9527,12.6575,13.7368,8994700
2002-10-21,13.6878,14.6101,13.1579,14.6003,8617100
2002-10-22,14.0312,14.9143,13.6878,14.1784,7520900
2002-10-23,14.1882,15.4441,14.1784,15.3852,9574500
2002-10-24,15.3950,16.4842,15.3950,15.6992,14705600
2002-10-25,15.7483,17.1514,15.7483,16.9748,11979800
2002-10-28,17.6616,17.6616,16.3272,16.5332,11169300
2002-10-29,16.5332,16.5332,14.9633,15.7875,10596600
2002-10-30,15.7875,16.4842,15.2086,15.4441,13895800
2002-10-31,16.3762,16.3762,15.5520,15.6992,7580800
2002-11-01,15.7973,16.7393,15.2086,16.4842,8037300
2002-11-04,17.4163,17.5635,16.9159,17.0238,10197400
2002-11-05,17.0140,17.0140,16.0819,16.6706,7071500
2002-11-06,16.9257,17.6518,16.3762,17.4654,8458200
2002-11-07,16.7295,16.8865,16.0132,16.2094,7095100
2002-11-08,15.9936,16.1309,14.9731,15.2773,9668700
2002-11-11,15.0909,15.0909,13.5994,13.8251,9205300
2002-11-12,13.8349,14.1293,13.2462,13.5700,13212100
2002-11-13,13.0205,13.2462,12.3337,12.8243,15206200
2002-11-14,13.0500,13.9723,12.6869,13.9232,17338900
2002-11-15,13.7368,13.9331,13.2953,13.6093,9957900
2002-11-18,13.9331,14.4629,13.5406,13.8055,9699800
2002-11-19,13.8153,14.1097,13.2953,13.4719,9452100
2002-11-20,13.5504,14.3157,13.5406,14.3157,13544300
2002-11-21,14.7671,15.4245,14.7278,15.3852,18162300
2002-11-22,15.3852,16.0917,15.2086,15.7188,12037000
2002-11-25,15.7188,16.2487,15.5226,16.1800,10343300
2002-11-26,16.1800,16.1800,14.9535,15.2577,7778400
2002-11-27,15.9445,15.9445,15.4539,15.8071,6584300
2002-11-29,16.3861,16.3861,15.5030,15.5128,4288700
2002-12-02,16.1898,16.3861,14.9143,15.4441,10464700
2002-12-03,14.9143,15.3558,14.3255,14.3255,10279800
2002-12-04,13.9331,13.9331,12.9519,13.6878,18124600
2002-12-05,13.7368,13.8055,13.2462,13.4621,6662900
2002-12-06,13.1873,13.3934,13.0009,13.0892,8008900
2002-12-09,13.0696,13.0794,12.4613,12.6379,7492800
2002-12-10,12.8930,13.7172,12.7556,13.5994,10799400
2002-12-11,13.2462,13.8251,13.2070,13.4130,8199200
2002-12-12,13.7368,13.9331,13.2364,13.3149,6152000
2002-12-13,13.3247,13.3247,12.4613,12.7458,10437700
2002-12-16,12.7556,13.2364,12.5594,13.2364,6264900
2002-12-17,13.0990,13.6779,12.9420,13.0303,9093800
2002-12-18,11.0091,11.2838,9.8611,10.0279,39586000
2002-12-19,10.0279,10.2339,9.6158,9.9984,18787800
2002-12-20,9.9984,10.1849,9.7041,10.0082,16322600
2002-12-23,10.0082,10.1751,9.7139,10.1064,7089700
2002-12-24,10.0082,10.3517,9.9592,10.0769,2526800
2002-12-26,10.0573,10.4302,10.0377,10.0966,3991100
2002-12-27,10.1554,10.2830,9.9494,10.1064,3518400
2002-12-30,10.1260,10.2045,9.4195,9.6256,7146000
2002-12-31,9.6354,9.7041,9.3214,9.5569,6548300
2003-01-02,9.5667,9.9199,9.2233,9.8120,11747100
2003-01-03,9.6648,10.1554,9.6158,9.9690,5939300
2003-01-06,10.1456,10.4400,10.1260,10.3615,5749000
2003-01-07,10.3615,10.8913,10.3124,10.7932,8443000
2003-01-08,10.3026,10.3909,9.8022,9.8611,9870400
2003-01-09,10.0867,10.1652,9.6943,9.7629,9470600
2003-01-10,9.8513,10.1849,9.7139,10.0966,8893900
2003-01-13,10.2045,10.4007,9.8120,9.9003,6193900
2003-01-14,10.0082,10.1652,9.8218,10.0082,4941400
2003-01-15,10.0181,10.0181,9.6943,9.7728,5781200
2003-01-16,9.7728,9.8709,9.3901,9.4686,7320900
2003-01-17,9.2723,9.3312,8.8701,8.9878,8782800
2003-01-21,9.1742,9.1840,8.5364,8.7327,7200000
2003-01-22,8.6051,8.6346,8.3206,8.3402,8570800
2003-01-23,8.5855,8.8308,8.2323,8.6248,8005600
2003-01-24,8.6248,8.7327,8.0458,8.0753,7929100
2003-01-27,8.0753,8.2028,7.8104,7.8398,8569600
2003-01-28,7.3983,7.4964,7.0941,7.3492,7964400
2003-01-29,7.8496,7.9477,7.5258,7.7907,39060500
2003-01-30,8.2715,8.5561,8.1145,8.1636,30455600
2003-01-31,7.8496,8.1440,7.7613,8.0557,17656100
2003-02-03,8.0557,8.2715,7.9575,8.2421,11059600
2003-02-04,8.2519,8.3304,7.9772,8.0949,7740800
2003-02-05,8.0949,8.2225,7.8692,7.9870,7837700
2003-02-06,7.8987,8.0949,7.4571,7.4768,12720800
2003-02-07,7.6632,7.6632,7.3884,7.4669,6026900
2003-02-10,7.3786,7.4277,7.1431,7.2118,8852600
2003-02-11,7.0156,7.3198,7.0156,7.0941,6803200
2003-02-12,7.1039,7.2010,6.8488,6.8684,6715100
2003-02-13,6.8684,6.8684,6.4759,6.6329,15229200
2003-02-14,6.6329,7.1333,6.5446,7.0646,12585200
2003-02-18,7.1726,7.2118,6.8880,7.0352,6123200
2003-02-19,7.3590,7.4081,7.1726,7.3001,9474600
2003-02-20,7.2609,7.6632,7.2609,7.6043,9887900
2003-02-21,7.6043,7.6043,7.1628,7.3786,8120100
2003-02-24,7.2609,7.5552,7.1235,7.3296,7140700
2003-02-25,7.3394,7.3394,6.9175,7.2216,6070800
2003-02-26,7.1235,7.4179,7.0646,7.3884,9089500
2003-02-27,7.3590,7.4964,7.1922,7.4669,5816200
2003-02-28,7.5258,7.8594,7.4375,7.8398,7725200
2003-03-03,7.8594,7.9772,7.1235,7.2805,11561200
2003-03-04,7.3001,7.5945,7.2805,7.4571,7493400
2003-03-05,7.4081,7.9183,7.4081,7.8496,12180400
2003-03-06,7.8496,7.8496,7.4375,7.7515,8362000
2003-03-07,7.4277,7.7907,7.4081,7.4571,10191600
2003-03-10,7.4571,7.6337,7.4081,7.4768,6525200
2003-03-11,7.5356,7.8005,7.4866,7.6043,7005200
2003-03-12,7.6043,7.7907,7.4179,7.5945,7689900
2003-03-13,7.7515,8.1243,7.6239,8.1243,8665000
2003-03-14,7.9968,8.1636,7.5552,7.7024,7886600
2003-03-17,7.7024,8.0458,7.4571,7.8790,11533300
2003-03-18,7.8987,8.0458,7.7809,7.8987,13776400
2003-03-19,7.9379,8.0753,7.7319,7.9968,9569100
2003-03-20,8.0066,8.0066,7.7319,7.8496,10539800
2003-03-21,8.3010,8.8112,8.0753,8.7131,19831800
2003-03-24,8.4580,8.6346,8.1734,8.1832,8702600
2003-03-25,8.2323,8.5953,8.2028,8.5463,9439600
2003-03-26,8.4776,8.5364,8.2911,8.3010,4675900
2003-03-27,8.1930,8.6934,8.1440,8.6444,9483400
2003-03-28,8.5463,8.9289,8.4580,8.5561,9194100
2003-03-31,8.2911,8.4383,7.8889,7.9870,10378200
2003-04-01,8.0262,8.1832,7.8496,7.8790,6975200
2003-04-02,8.1538,8.7425,8.1342,8.5855,11589000
2003-04-03,8.6738,8.8308,8.5266,8.5463,5863400
2003-04-04,8.6149,8.7033,8.2813,8.5561,5445500
2003-04-07,9.1252,9.3508,8.7131,8.8308,11810500
2003-04-08,8.8308,8.8406,8.5364,8.7033,5609600
2003-04-09,8.5561,8.6346,8.2715,8.3598,5473800
2003-04-10,8.3598,8.4481,8.2127,8.3893,3556600
2003-04-11,8.4776,8.6149,8.1734,8.2127,3980300
2003-04-14,8.2028,8.3991,8.0360,8.3795,3168500
2003-04-15,7.9477,8.6346,7.9477,8.5168,4177100
2003-04-16,8.6444,8.9289,8.5463,8.5757,5341700
2003-04-17,8.6248,8.8799,8.3500,8.8210,6654400
2003-04-21,8.9878,9.0270,8.7425,8.9878,4208500
2003-04-22,8.9780,9.4293,8.8897,9.3508,8158700
2003-04-23,9.3607,9.4686,9.1742,9.3705,7619900
2003-04-24,9.3705,9.3705,8.8799,9.1840,6618200
2003-04-25,9.1840,9.1840,8.4874,8.5266,8542400
2003-04-28,8.3893,8.7523,8.3893,8.5266,8272700
2003-04-29,8.6542,8.7817,8.3795,8.4972,12159000
2003-04-30,8.4972,8.4972,8.1538,8.3402,15639200
2003-05-01,8.3304,8.3696,7.9968,8.3598,11298300
2003-05-02,8.3206,8.5855,8.3108,8.5463,7696300
2003-05-05,8.6444,9.0761,8.5953,8.8308,12459900
2003-05-06,8.8308,9.0663,8.7621,8.9093,9284400
2003-05-07,8.6346,9.0172,8.6346,8.9289,11231400
2003-05-08,8.8602,8.9780,8.7817,8.9289,7431400
2003-05-09,9.0859,9.4686,8.9682,9.4686,11851200
2003-05-12,9.3508,9.6550,9.2429,9.6354,11405000
2003-05-13,8.9289,10.0573,8.9289,9.9592,14506100
2003-05-14,10.0769,10.2830,9.8022,10.1554,16105200
2003-05-15,10.2732,10.2830,9.9003,10.1162,7814900
2003-05-16,10.1162,10.1554,9.8905,10.1554,9082500
2003-05-19,10.1064,10.1358,9.7629,9.8414,9439800
2003-05-20,9.8120,9.9003,9.5677,9.7041,7322800
2003-05-21,9.7139,9.8218,9.5373,9.7531,7873600
2003-05-22,9.7629,9.9886,9.5667,9.8414,8637800
2003-05-23,9.6158,9.8513,9.5176,9.8414,8607600
2003-05-27,9.8414,10.8913,9.8120,10.7932,20739300
2003-05-28,10.8226,10.8521,10.4302,10.7540,11014100
2003-05-29,10.7442,11.3819,10.7147,11.0091,14990500
2003-05-30,11.1857,11.3623,10.8913,11.1072,11434500
2003-06-02,11.3917,11.5095,10.8913,10.9306,9928000
2003-06-03,10.1652,11.1857,10.1652,11.1759,8507700
2003-06-04,11.2151,12.0491,11.0483,11.9510,14106300
2003-06-05,11.7744,12.5397,11.6763,12.2356,16678400
2003-06-06,12.7556,13.5406,12.2160,12.2650,21594300
2003-06-09,12.1669,12.3533,11.6763,12.0786,11881300
2003-06-10,12.1669,12.9617,12.1669,12.9028,16546800
2003-06-11,12.4514,13.2364,12.4514,13.0303,11948000
2003-06-12,13.4915,13.6387,12.2846,13.2756,12361900
2003-06-13,13.3738,13.3738,12.5103,12.8341,10516800
2003-06-16,12.7066,13.0500,12.4318,12.9420,8346300
2003-06-17,13.1481,13.3051,12.6281,12.8047,10725200
2003-06-18,12.7556,13.2560,12.6575,12.8341,13065100
2003-06-19,13.2364,13.3934,12.3631,12.5005,16446600
2003-06-20,12.6477,12.7654,12.3828,12.4416,7342300
2003-06-23,12.4416,12.5594,11.7744,11.7842,11530200
2003-06-24,11.7254,11.8529,11.3819,11.5389,11351200
2003-06-25,11.5389,11.8725,11.3819,11.6370,11954200
2003-06-26,11.8235,11.9608,11.6272,11.7254,8618900
2003-06-27,11.8235,11.8725,11.4997,11.5782,6786600
2003-06-30,11.8137,11.8235,11.3525,11.4114,5536200
2003-07-01,11.3623,12.1276,11.1072,12.0982,10552700
2003-07-02,12.2160,12.8439,12.2160,12.6967,13325300
2003-07-03,12.6967,12.8047,12.4416,12.5692,4820800
2003-07-07,13.2462,13.5406,13.0205,13.5013,11326900
2003-07-08,13.5013,13.7466,13.1972,13.7368,8816900
2003-07-09,13.7368,14.4531,13.5406,14.1293,15964100
2003-07-10,13.7859,13.8349,13.2560,13.6191,18537700
2003-07-11,13.7368,13.9821,13.4915,13.6387,10460100
2003-07-14,14.0214,14.2274,13.8840,14.0312,11820500
2003-07-15,14.3255,14.4727,13.7270,13.9036,12330000
2003-07-16,14.0312,14.1293,13.2756,13.6583,13015200
2003-07-17,13.3934,13.5308,13.0009,13.0303,10022600
2003-07-18,13.3247,14.0900,13.0009,14.0312,15599000
2003-07-21,13.8840,14.2765,13.6878,13.7466,10679400
2003-07-22,14.1784,14.1784,13.8546,14.0312,10086500
2003-07-23,14.7180,15.3656,14.3255,15.0909,22282300
2003-07-24,15.1988,15.2086,14.5218,14.5708,16876900
2003-07-25,14.5022,14.8554,13.7662,14.3746,13212500
2003-07-28,13.9331,14.5198,13.9331,14.2961,11281600
2003-07-29,14.2569,14.4727,13.9232,14.2470,7727700
2003-07-30,14.6788,14.6788,14.0115,14.0802,8237000
2003-07-31,14.5022,14.6690,14.2274,14.3648,10053100
2003-08-01,14.5218,14.8946,14.3255,14.8259,9368100
2003-08-04,14.9044,15.0222,14.3648,14.5414,8406600
2003-08-05,14.6003,14.6199,13.9036,13.9625,8871400
2003-08-06,13.9036,14.0312,13.2462,13.5111,11119800
2003-08-07,13.6878,13.7172,13.2953,13.3443,7316200
2003-08-08,13.3443,13.5700,12.4122,12.7164,17386800
2003-08-11,12.5103,12.9224,12.4711,12.7654,10764800
2003-08-12,12.8537,13.0303,12.6869,13.0205,6666000
2003-08-13,13.1285,13.5111,12.9224,13.1285,12715000
2003-08-14,13.1187,13.1775,12.3828,12.6575,18547300
2003-08-15,12.7360,12.7360,12.1080,12.2650,8393400
2003-08-18,12.5496,12.6967,12.2650,12.5201,17253600
2003-08-19,12.7752,13.7957,12.7752,13.5994,20598000
2003-08-20,13.1972,13.3247,13.0107,13.0500,13669000
2003-08-21,13.2462,13.5700,13.2266,13.5013,10867200
2003-08-22,14.4629,14.5218,13.5602,13.6289,15833000
2003-08-25,13.6289,13.7368,13.2462,13.3836,6803200
2003-08-26,13.3836,13.4817,12.8930,13.3934,8904500
2003-08-27,13.3934,13.8938,13.3640,13.7368,8263700
2003-08-28,13.8349,13.9821,13.6976,13.9232,7855600
2003-08-29,13.8251,14.1293,13.7957,14.0900,5758200
2003-09-02,14.2274,14.3746,13.8447,14.1980,11876200
2003-09-03,14.4923,14.4923,13.7957,13.9429,10926200
2003-09-04,13.8840,14.0312,13.5700,13.8251,13678500
2003-09-05,13.7859,14.3942,13.6387,14.0312,13467900
2003-09-08,14.1685,14.9633,14.0900,14.8456,18371200
2003-09-09,14.6199,14.7376,14.2765,14.4237,12986000
2003-09-10,13.8840,14.5905,13.0107,13.0990,23298200
2003-09-11,13.4915,13.5896,12.7066,13.3443,17142300
2003-09-12,13.1481,13.4425,12.9617,13.3934,11184300
2003-09-15,13.3443,13.4621,12.9420,12.9715,8016400
2003-09-16,13.2364,13.4425,13.0794,13.3640,14431000
2003-09-17,13.4915,14.1401,13.4425,13.9134,17389800
2003-09-18,13.5896,13.9134,13.5504,13.9036,11018500
2003-09-19,14.0017,14.2863,13.8938,14.2569,11468300
2003-09-22,13.8840,14.2274,13.7859,14.0802,9711500
2003-09-23,14.1784,14.5316,13.9331,14.3942,16802300
2003-09-24,14.4237,14.5316,13.6779,13.8349,24038500
2003-09-25,14.0214,14.0410,13.0598,13.3247,31399400
2003-09-26,13.3443,13.6681,13.2953,13.3934,9465100
2003-09-29,13.4425,13.5896,13.0990,13.3149,8848800
2003-09-30,13.3149,13.4817,12.8341,13.1677,11602500
2003-10-01,13.1677,13.2756,12.9519,13.0303,11961900
2003-10-02,13.0990,13.2953,13.0303,13.1481,12239200
2003-10-03,13.4915,13.8742,13.3443,13.4032,13350800
2003-10-06,13.4228,13.5406,12.9911,13.2364,10637200
2003-10-07,13.2364,13.2364,12.5103,12.7556,28828700
2003-10-08,12.7066,12.8439,12.5594,12.5692,14307800
2003-10-09,12.6575,12.9224,12.4907,12.6869,17004000
2003-10-10,12.7556,12.8537,12.5397,12.5397,9344000
2003-10-13,12.3435,12.7360,12.2160,12.3043,12337200
2003-10-14,12.1669,12.5201,12.0001,12.4024,15261600
2003-10-15,12.7458,12.8047,12.4514,12.5692,18837800
2003-10-16,12.2748,12.6379,12.2748,12.5888,11847300
2003-10-17,12.5103,12.6575,12.2944,12.6084,15790900
2003-10-20,12.3828,12.6182,12.3435,12.6084,11456600
2003-10-21,12.7066,13.3836,12.6084,13.3247,22474600
2003-10-22,13.0500,13.1187,12.8832,13.0500,15302300
2003-10-23,12.7262,13.0990,12.6673,13.0009,9781800
2003-10-24,13.0009,13.1775,12.4613,12.9420,8437900
2003-10-27,13.4425,13.8153,13.3836,13.7466,17467000
2003-10-28,14.0115,14.0115,13.6681,13.9821,15833300
2003-10-29,13.8840,14.6003,13.8349,14.3255,16310100
2003-10-30,14.7082,14.8161,14.3746,14.4237,19956800
2003-10-31,14.4237,14.4727,13.9331,14.0704,9975700
2003-11-03,14.2765,14.5708,14.2667,14.4727,9404300
2003-11-04,14.4727,14.5806,14.1293,14.3648,7678600
2003-11-05,14.3059,14.5610,14.0508,14.3157,6427500
2003-11-06,14.3255,14.3550,13.8938,14.1293,9103700
2003-11-07,14.1293,14.2765,13.8742,13.9527,9537300
2003-11-10,13.8153,13.8251,13.1481,13.1972,17189800
2003-11-11,13.2070,13.2953,12.9028,12.9911,11878100
2003-11-12,13.9134,13.9134,13.0794,13.3443,9256700
2003-11-13,13.2462,13.3345,12.8341,12.9322,10974700
2003-11-14,12.9519,13.1088,12.6575,12.7949,10484500
2003-11-17,12.6967,12.7066,12.3141,12.5397,12646200
2003-11-18,12.6084,12.6869,12.2650,12.2846,11981500
2003-11-19,12.1963,12.4318,12.1963,12.2944,11004400
2003-11-20,12.3043,12.6869,12.2160,12.3435,11390500
2003-11-21,12.3435,12.4711,12.2454,12.2650,8915300
2003-11-24,12.5397,12.5986,12.3239,12.5790,8149800
2003-11-25,12.6575,13.0107,12.5103,12.8439,12163900
2003-11-26,12.9420,13.0303,12.7556,12.7949,6971300
2003-11-28,12.7556,12.8047,12.6869,12.7654,1978200
2003-12-01,12.9519,12.9715,12.7066,12.8047,6682900
2003-12-02,12.5005,12.6967,12.4613,12.5201,14444900
2003-12-03,12.6182,12.6889,12.1669,12.1767,16000500
2003-12-04,12.1669,12.2552,11.6567,11.9314,14197900
2003-12-05,11.7548,12.1473,11.6763,11.8922,9420400
2003-12-08,11.8725,12.0590,11.5095,11.6665,7950500
2003-12-09,11.7744,11.8333,11.3231,11.3427,10402600
2003-12-10,11.4114,11.7940,11.3427,11.5684,12122900
2003-12-11,11.5782,11.9118,11.5684,11.7744,10394900
2003-12-12,11.7744,12.0001,11.7254,11.9118,7181700
2003-12-15,12.1669,12.1669,11.2446,11.3034,11904300
2003-12-16,11.3525,11.5487,11.1072,11.4506,14718300
2003-12-17,11.6272,11.6469,11.0679,11.2838,12395500
2003-12-18,11.1857,11.8922,11.1670,11.8333,10123200
2003-12-19,11.8235,12.0982,11.6174,12.0982,12828600
2003-12-22,12.0295,12.6182,11.9805,12.5299,15992500
2003-12-23,12.5496,13.0205,12.5299,12.9126,15986400
2003-12-24,13.4130,13.4915,13.1579,13.1873,12863800
2003-12-26,13.3541,13.3836,13.1972,13.2658,3037900
2003-12-29,13.4130,13.7368,13.3345,13.6878,10285400
2003-12-30,13.6878,13.6878,13.3934,13.4719,7646600
2003-12-31,13.3836,13.4326,13.0990,13.2168,7426100
2004-01-02,13.4621,13.6289,13.3836,13.4817,6951300
2004-01-05,13.5798,13.9134,13.5798,13.8840,10725100
2004-01-06,13.9232,14.3157,13.8742,14.2667,13702000
2004-01-07,14.5708,14.9241,14.3746,14.8946,21337500
2004-01-08,14.9633,15.2871,14.8946,15.1792,16892700
2004-01-09,14.8652,15.4932,14.8456,15.0614,13080800
2004-01-12,15.0614,15.1988,14.7769,14.9928,12724900
2004-01-13,14.8652,14.9633,14.3746,14.5806,13418200
2004-01-14,14.6003,14.7180,14.2765,14.5905,9747700
2004-01-15,14.6788,14.7671,14.4040,14.5512,11584000
2004-01-16,14.5708,14.7082,14.4629,14.6788,7773800
2004-01-20,14.8063,14.8750,14.6101,14.8358,6780800
2004-01-21,14.7180,14.8652,14.4727,14.7278,6349000
2004-01-22,14.8554,14.9143,14.1587,14.1882,8100000
2004-01-23,14.0312,14.6199,14.0312,14.4335,8397900
2004-01-26,14.7180,14.7965,14.4138,14.7180,7336200
2004-01-27,15.2871,15.7483,15.1105,15.4147,22659200
2004-01-28,15.6600,16.5627,15.6207,15.8071,25583900
2004-01-29,16.0819,16.7589,15.3362,15.8170,18792900
2004-01-30,15.7483,16.1800,15.5913,15.8071,8848300
2004-02-02,16.0524,16.1800,15.6286,15.6894,10391200
2004-02-03,15.7483,16.0907,15.5324,15.6600,11672100
2004-02-04,15.5030,15.6305,15.2086,15.4343,9939800
2004-02-05,15.4343,15.5030,15.0124,15.1596,9785000
2004-02-06,15.0909,15.8856,15.0811,15.8464,9909600
2004-02-09,16.0132,16.0426,15.5520,15.6011,8283500
2004-02-10,15.6011,16.0132,15.4049,15.9053,7345000
2004-02-11,15.8464,16.0230,15.6992,15.8955,7506500
2004-02-12,15.7679,16.0917,15.5030,15.5422,9810000
2004-02-13,15.7287,15.8955,15.1596,15.4343,7262600
2004-02-17,15.6992,15.8758,15.4539,15.7385,6731200
2004-02-18,15.6992,16.2487,15.5520,16.1113,11196000
2004-02-19,16.3370,16.5529,15.7973,15.8366,10990400
2004-02-20,15.5030,15.5226,15.1596,15.2773,12600900
2004-02-23,15.2969,15.3558,14.6297,14.7965,10218300
2004-02-24,14.6493,15.1792,14.6395,14.8652,7282700
2004-02-25,14.8161,15.0624,14.8161,14.9633,5224700
2004-02-26,14.6690,15.0124,14.5316,14.8946,5911300
2004-02-27,15.0516,15.1399,14.7278,14.7573,7138600
2004-03-01,14.8946,15.1596,14.7278,15.0614,5852700
2004-03-02,15.6305,15.9347,15.3558,15.5324,13903900
2004-03-03,15.5324,15.9151,15.3067,15.7679,8809800
2004-03-04,15.8464,16.0426,15.7483,15.9838,6966100
2004-03-05,15.7483,16.2977,15.7090,16.0034,6783300
2004-03-08,16.0034,16.0524,15.1596,15.1792,7992000
2004-03-09,15.2086,15.3852,14.8554,15.1203,8513100
2004-03-10,15.0516,15.3362,14.2863,14.3452,12292900
2004-03-11,14.3059,14.6493,14.1097,14.1587,11173300
2004-03-12,14.4727,14.7082,14.1784,14.4335,9598100
2004-03-15,14.4433,14.6984,13.9723,14.2470,7651800
2004-03-16,14.5218,14.6297,14.3255,14.5708,9629900
2004-03-17,15.0909,15.2871,14.8946,15.1792,9872800
2004-03-18,15.1988,15.6403,15.1105,15.5128,10451300
2004-03-19,15.6011,15.8464,15.3656,15.3950,8932100
2004-03-22,15.4049,15.5324,14.9241,15.1301,10076800
2004-03-23,15.5030,15.7973,15.1596,15.5226,11861400
2004-03-24,15.5226,15.8955,15.3950,15.5128,15344000
2004-03-25,15.4539,15.5030,14.8750,15.2675,24402800
2004-03-26,15.3067,15.9641,15.1497,15.6109,12511000
2004-03-29,15.8562,16.1113,15.7777,15.8955,8492100
2004-03-30,15.7483,16.0426,15.6502,16.0034,7249600
2004-03-31,16.0721,16.7197,15.9740,16.3959,15037300
2004-04-01,16.3959,16.7687,16.3370,16.5823,14366000
2004-04-02,17.0533,17.4556,16.8276,17.3673,16371600
2004-04-05,17.4850,17.9069,17.4261,17.6224,20485300
2004-04-06,17.4163,17.5537,16.9748,17.1710,12219300
2004-04-07,17.1710,17.1906,16.7589,16.9650,19555800
2004-04-08,17.1808,17.2789,16.9061,17.0238,8305100
2004-04-12,17.2691,17.3967,16.7295,16.8668,7580300
2004-04-13,16.9748,17.0042,16.5430,16.6804,8815700
2004-04-14,16.2879,16.4351,15.7679,16.1800,17612100
2004-04-15,16.1702,16.1702,15.3460,15.7090,14255300
2004-04-16,15.6992,15.7385,15.3558,15.6109,8903200
2004-04-19,15.6207,15.6894,15.3165,15.5128,9257300
2004-04-20,15.6011,15.9740,15.0811,15.0811,13388400
2004-04-21,15.1105,15.2184,14.7965,15.0909,11161600
2004-04-22,15.1105,15.3067,14.8554,15.1105,7902800
2004-04-23,15.2086,15.3950,15.0811,15.2479,5263900
2004-04-26,15.5324,15.5324,15.1399,15.1792,7016700
2004-04-27,15.3067,15.4834,14.9339,14.9928,9059900
2004-04-28,14.1391,14.5512,13.9723,14.0115,21219300
2004-04-29,13.9625,14.0312,13.1677,13.4032,17675300
2004-04-30,13.5896,13.7074,13.2070,13.3640,7243900
2004-05-03,13.4523,14.1685,12.9322,13.4523,9818700
2004-05-04,13.5013,13.5896,13.2070,13.4523,9310200
2004-05-05,13.7172,13.8251,13.4621,13.6289,8548000
2004-05-06,13.9036,13.9429,13.6485,13.8742,11307100
2004-05-07,13.9723,14.4138,13.9134,14.1097,14087800
2004-05-10,14.1097,14.1587,13.8153,14.0312,9124300
2004-05-11,14.0900,14.2765,13.9821,14.1784,7217400
2004-05-12,14.0017,14.1195,13.3640,13.7957,9193300
2004-05-13,13.6485,13.8742,13.4523,13.7662,6345700
2004-05-14,13.8349,13.9134,13.5013,13.5994,7677300
2004-05-17,13.3051,13.5406,13.0500,13.3051,6547500
2004-05-18,13.5013,13.5896,13.3541,13.4032,4404200
2004-05-19,13.6387,14.1587,13.6191,13.6289,17722600
2004-05-20,13.6779,13.8153,13.1873,13.2462,10188400
2004-05-21,13.3149,13.5406,13.1972,13.3541,8123700
2004-05-24,13.4915,13.6681,13.4032,13.4817,5250900
2004-05-25,13.4915,14.1097,13.4719,14.0508,9196300
2004-05-26,14.1195,14.4923,14.0115,14.3452,7549000
2004-05-27,14.4237,14.9143,14.3452,14.5708,11375900
2004-05-28,14.6886,14.7573,14.5022,14.7475,4642500
2004-06-01,14.6297,14.7769,14.4433,14.6101,6213500
2004-06-02,14.6101,14.6690,14.2569,14.4727,5000800
2004-06-03,14.3255,14.3746,13.6387,13.7859,11825700
2004-06-04,14.0312,14.4629,14.0312,14.2470,9488200
2004-06-07,14.2765,14.6493,14.2765,14.6199,5066700
2004-06-08,14.6297,14.6591,14.3746,14.6101,6550000
2004-06-09,14.4433,14.4727,14.0508,14.0508,14249000
2004-06-10,14.1489,14.2863,13.8349,13.9331,10296200
2004-06-14,13.9331,13.9331,13.5308,13.6779,6767400
2004-06-15,13.9036,13.9625,13.6681,13.7957,6572600
2004-06-16,13.6387,13.7761,13.5013,13.7172,8262000
2004-06-17,13.6681,13.6681,13.2560,13.3836,8329400
2004-06-18,13.0500,13.7270,13.0500,13.4326,6326500
2004-06-21,13.4915,13.7172,13.4130,13.4719,6415200
2004-06-22,13.6485,13.7172,13.3738,13.5994,12712900
2004-06-23,13.6976,14.3157,13.6583,14.1882,17806800
2004-06-24,13.9821,14.3255,13.8251,14.0999,11314600
2004-06-25,14.3255,14.6003,14.2274,14.4923,9572700
2004-06-28,14.6101,14.6591,14.1784,14.2078,5908300
2004-06-29,14.2176,15.1007,14.2078,14.9535,10884800
2004-06-30,14.9437,15.0811,14.7769,15.0222,10146200
2004-07-01,15.0124,15.0124,14.5414,14.6886,7292900
2004-07-02,14.5512,14.5708,14.2569,14.4040,6616300
2004-07-06,13.9331,14.1784,13.6976,13.8546,10792400
2004-07-07,13.8546,14.2274,13.8546,14.0900,6275500
2004-07-08,13.9821,14.1685,13.8153,13.8546,7484900
2004-07-09,14.0115,14.1882,13.9429,14.1293,6758100
2004-07-12,13.8546,13.8546,13.4621,13.6878,7318700
2004-07-13,13.7859,13.8840,13.7074,13.8349,6175900
2004-07-14,13.2462,13.5994,12.9617,13.1579,18417700
2004-07-15,13.2168,13.4621,13.0009,13.2364,9775400
2004-07-16,13.3443,13.4130,12.9617,12.9813,8568100
2004-07-19,12.9519,13.0892,12.6967,12.9224,6215100
2004-07-20,13.0009,13.4130,12.9519,13.3443,10572600
2004-07-21,13.5994,13.6191,12.7654,12.7949,6563500
2004-07-22,12.7654,13.3738,12.7654,13.2560,7138400
2004-07-23,13.0892,13.1187,12.6967,12.7458,5418100
2004-07-26,12.8439,12.9519,12.4711,12.5986,4868800
2004-07-27,12.5496,12.8243,12.4122,12.7262,4975000
2004-07-28,12.5692,12.7850,12.3239,12.6379,6814200
2004-07-29,12.6379,13.4130,12.6379,13.2658,8987800
2004-07-30,13.1481,13.3836,12.9420,13.2756,4497100
2004-08-02,13.2364,13.2364,12.8537,13.1088,5469000
2004-08-03,13.0500,13.0598,12.6575,12.7164,6465000
2004-08-04,12.6281,12.8341,12.5201,12.6869,5592600
2004-08-05,12.6869,12.8047,12.4809,12.4907,4011200
2004-08-06,12.3043,12.4809,12.0982,12.1963,9359900
2004-08-09,12.0688,12.0786,11.8333,11.9707,7349900
2004-08-10,12.0197,12.1865,11.9314,12.1080,4932400
2004-08-11,11.9020,11.9020,11.2838,11.5291,10533300
2004-08-12,11.4310,11.5291,10.6853,10.8521,16216300
2004-08-13,10.7638,10.9796,10.6853,10.9011,7633900
2004-08-16,10.9011,11.1563,10.8815,10.9502,5769700
2004-08-17,11.0778,11.1857,10.8226,10.9208,8572500
2004-08-18,10.9208,11.5095,10.8815,11.4604,14023100
2004-08-19,11.4506,11.5782,11.2151,11.2544,9923500
2004-08-20,11.4310,11.9020,11.3721,11.7352,12749100
2004-08-23,11.8038,12.1178,11.7450,11.9314,6979400
2004-08-24,12.0393,12.0491,11.5291,11.6763,10240600
2004-08-25,11.6861,11.9412,11.4702,11.8038,7238500
2004-08-26,11.7744,11.8235,11.4310,11.6076,5049800
2004-08-27,11.6763,11.8235,11.5585,11.6567,2560000
2004-08-30,11.5585,11.6763,11.2642,11.2642,4874400
2004-08-31,11.3721,11.4212,10.9110,11.2936,6502700
2004-09-01,11.3525,11.5684,11.2838,11.4212,4778700
2004-09-02,11.3917,11.4604,11.0483,11.4310,6157600
2004-09-03,11.2838,11.2838,10.8815,11.0189,5066300
2004-09-07,11.1170,11.1955,10.7932,10.9110,6536300
2004-09-08,10.8717,11.1661,10.8717,10.9404,4329400
2004-09-09,11.1661,11.4997,10.9404,11.3034,14987700
2004-09-10,11.3623,12.0688,11.2544,12.0491,12973400
2004-09-13,12.0491,12.3043,11.8431,12.0688,10304500
2004-09-14,12.0688,12.2944,11.9216,12.2356,6979500
2004-09-15,12.1669,12.1669,11.8235,11.8725,8762600
2004-09-16,11.9608,12.2454,11.9314,12.0295,5782900
2004-09-17,12.2552,12.5692,12.1571,12.5201,10823200
2004-09-20,12.4613,12.7262,12.2356,12.4907,9648500
2004-09-21,12.5594,12.6575,12.4024,12.5201,7774200
2004-09-22,12.4318,12.4416,12.0393,12.1080,5565300
2004-09-23,12.0688,12.3828,12.0295,12.2454,4813900
2004-09-24,12.3435,12.4514,11.9216,12.1669,7704300
2004-09-27,12.0688,12.2454,12.0001,12.0884,5679900
2004-09-28,12.0393,12.0982,11.8431,11.9118,6322500
2004-09-29,11.8725,12.1571,11.8137,11.8725,9007100
2004-09-30,11.8431,12.1767,11.5585,11.8038,13259800
2004-10-01,11.9510,12.1963,11.9216,12.1276,14403400
2004-10-04,12.3435,12.5103,12.2061,12.2258,7523700
2004-10-05,12.2454,12.3631,12.1375,12.2061,9110400
2004-10-06,12.2650,12.4711,12.1571,12.4122,8874700
2004-10-07,12.3631,12.5790,12.1375,12.1963,8400000
2004-10-08,12.0491,12.0590,11.7254,11.7842,10064700
2004-10-11,11.5291,11.7254,11.3819,11.6763,9677000
2004-10-12,11.4310,11.5684,11.2446,11.3721,10803500
2004-10-13,11.5585,11.6272,11.3721,11.4212,6328900
2004-10-14,11.3917,11.4016,11.0974,11.1366,7779500
2004-10-15,11.2348,11.2446,11.0679,11.1661,4838000
2004-10-18,11.0091,11.2348,10.9404,11.1563,10261500
2004-10-19,11.3231,11.5095,11.2446,11.2936,8499700
2004-10-20,11.1366,11.5095,11.1268,11.4702,9469900
2004-10-21,11.4702,11.7548,11.3231,11.6272,7776100
2004-10-22,11.7450,11.7548,11.3034,11.3132,5454200
2004-10-25,11.3132,11.5193,11.2151,11.4899,6372500
2004-10-26,11.4899,11.5585,11.3721,11.4702,3615200
2004-10-27,11.3329,11.9510,11.3329,11.9118,6967900
2004-10-28,11.9118,12.0982,11.7940,12.0197,7147900
2004-10-29,11.9707,12.1178,11.8431,11.9510,3289300
2004-11-01,11.9510,11.9903,11.7352,11.7744,6692000
2004-11-02,11.6959,11.8235,11.4801,11.5880,12919100
2004-11-03,11.8725,11.9903,11.4114,11.4604,9390400
2004-11-04,11.4604,11.5880,11.3329,11.5193,12804500
2004-11-05,11.6370,11.8431,11.5193,11.6567,8029600
2004-11-08,11.7254,11.8922,11.6763,11.7254,3686200
2004-11-09,11.6469,11.7646,11.4899,11.6272,6026800
2004-11-10,11.6370,11.6370,11.1661,11.2838,8113900
2004-11-11,11.3819,11.5782,11.2249,11.4310,7126000
2004-11-12,11.6076,11.8038,11.4702,11.7842,8614900
2004-11-15,11.7744,12.0197,11.6763,11.8922,6555700
2004-11-16,11.8725,11.8725,11.6763,11.7254,4340700
2004-11-17,11.9314,12.3729,11.9314,12.2944,11480600
2004-11-18,12.0393,12.0884,11.8529,11.9412,9859800
2004-11-19,11.9020,11.9020,11.4310,11.4801,10161400
2004-11-22,11.4801,11.4801,11.1366,11.2053,10642500
2004-11-23,11.2053,11.3525,11.1366,11.2053,9479000
2004-11-24,11.3034,11.3917,11.1955,11.2642,5791100
2004-11-26,11.3132,11.3231,11.1857,11.1857,2167100
2004-11-29,11.2740,11.3231,10.9502,10.9796,7637500
2004-11-30,11.0778,11.0778,10.8619,10.8717,6998300
2004-12-01,10.9110,11.3132,10.8913,11.2249,11068700
2004-12-02,11.1955,11.3231,11.0778,11.1857,9889300
2004-12-03,11.3623,11.5193,11.2446,11.3231,10205300
2004-12-06,11.2838,11.5291,11.1268,11.4702,7137200
2004-12-07,11.4702,11.5487,11.1170,11.1857,7109300
2004-12-08,11.6272,11.6272,10.9404,10.9895,6560200
2004-12-09,10.8423,11.0287,10.7442,10.9404,11458000
2004-12-10,10.8226,11.2053,10.8226,11.0876,6284700
2004-12-13,11.2642,11.4114,11.1268,11.3231,7880100
2004-12-14,11.3231,11.4604,11.2936,11.4310,10189500
2004-12-15,11.4899,11.6861,11.4310,11.6174,10929300
2004-12-16,11.4604,11.5782,11.2936,11.4114,7049600
2004-12-17,11.2053,11.4114,11.0287,11.0974,7554000
2004-12-20,11.3525,11.3623,10.9993,11.1366,6051000
2004-12-21,11.1955,11.3329,11.1170,11.3231,6468600
2004-12-22,11.4801,11.7548,11.3231,11.6567,14946700
2004-12-23,11.4801,11.6370,11.3034,11.5782,7608200
2004-12-27,11.6959,11.7744,11.4310,11.5782,6424000
2004-12-28,11.6174,11.7646,11.5782,11.7450,5449300
2004-12-29,11.7548,12.0590,11.6861,12.0295,6807200
2004-12-30,12.0393,12.1963,12.0099,12.0590,5150700
2004-12-31,12.0295,12.1473,12.0295,12.1178,4384800
2005-01-03,12.1473,12.2061,11.6763,11.7744,6698700
2005-01-04,11.7744,11.8235,11.2936,11.4408,7710000
2005-01-05,11.3329,11.5095,11.2446,11.3132,5512800
2005-01-06,11.3525,11.4212,11.1268,11.1955,7517400
2005-01-07,11.3525,11.4016,11.0876,11.2446,9267700
2005-01-10,11.1464,11.3623,11.1464,11.2151,4103600
2005-01-11,11.1170,11.1464,10.8423,10.8815,8382900
2005-01-12,10.9895,11.1268,10.8619,11.1170,7553700
2005-01-13,11.0679,11.1366,10.9110,10.9600,5000000
2005-01-14,11.0189,11.1072,10.9502,10.9993,4325100
2005-01-18,10.9404,11.0679,10.8913,10.9895,7240200
2005-01-19,10.9993,11.0091,10.7932,10.8030,4431100
2005-01-20,10.7638,10.9306,10.6951,10.8128,7063800
2005-01-21,10.7442,10.8128,10.1751,10.2143,12832400
2005-01-24,10.2241,10.3026,9.8611,9.8709,10203600
2005-01-25,9.9984,10.1849,9.9592,10.0573,9478200
2005-01-26,10.1554,10.1849,9.9298,10.1162,6271300
2005-01-27,10.3909,10.4890,10.1162,10.4302,6525400
2005-01-28,10.5381,10.5479,10.0573,10.1652,6059400
2005-01-31,10.2536,10.3419,10.1849,10.2143,3692400
2005-02-01,10.3909,10.5283,10.3124,10.4989,5037600
2005-02-02,10.5675,10.7343,10.4989,10.6166,6190700
2005-02-03,10.6068,10.6558,10.4302,10.6460,6423800
2005-02-04,10.6657,10.9502,10.6362,10.8913,6326800
2005-02-07,10.8717,11.1955,10.8548,11.1072,8694900
2005-02-08,11.0778,11.2740,11.0679,11.1170,5440200
2005-02-09,11.1072,11.1366,10.8619,11.0189,6461800
2005-02-10,11.1268,11.2053,10.8815,11.0581,6079600
2005-02-11,11.0581,11.6959,10.9502,11.5095,9887500
2005-02-14,11.5389,11.6076,11.2936,11.5880,4733900
2005-02-15,11.6469,11.9216,11.4801,11.6959,8932700
2005-02-16,11.6763,11.6959,11.4114,11.5782,6853600
2005-02-17,11.5684,11.5684,11.2446,11.2838,7513600
2005-02-18,11.1857,11.3525,11.1563,11.2838,4759300
2005-02-22,11.1170,11.5978,11.1170,11.2446,7837500
2005-02-23,10.7932,11.3819,10.7932,11.1464,8259200
2005-02-24,11.1955,11.3525,11.0679,11.3525,4960800
2005-02-25,11.3525,11.5389,11.2838,11.4604,6061900
2005-02-28,11.3623,11.5684,11.2249,11.2838,5233300
2005-03-01,11.4016,11.4016,11.1464,11.2642,9364400
2005-03-02,11.2642,11.2642,10.9895,11.2053,10636500
2005-03-03,11.0876,11.1563,10.8913,10.9796,16870400
2005-03-04,10.9698,10.9698,10.5283,10.5577,21028300
2005-03-07,10.5970,10.8226,10.5577,10.7245,7060900
2005-03-08,10.6264,10.7932,10.3517,10.3811,9909500
2005-03-09,10.3811,10.5381,10.3026,10.4007,13328300
2005-03-10,10.4498,10.5087,10.3615,10.4890,7763100
2005-03-11,10.4989,10.5675,10.1849,10.2241,8010900
2005-03-14,10.2045,10.2437,10.0867,10.1947,7345800
2005-03-15,10.1849,10.2045,9.8905,10.0573,8649000
2005-03-16,10.0082,10.3124,9.9592,10.1849,9258800
2005-03-17,10.3517,10.3811,10.1554,10.2536,5687100
2005-03-18,10.2634,10.3419,10.0573,10.0966,4604700
2005-03-21,10.1456,10.2241,9.9788,10.0279,4308000
2005-03-22,10.1554,10.1554,9.8905,9.9101,5845600
2005-03-23,9.9494,10.0966,9.9199,10.0279,5322500
2005-03-24,10.1162,10.2045,10.0082,10.0377,3904900
2005-03-28,10.1162,10.2732,9.9396,9.9788,6756600
2005-03-29,9.9690,10.0377,9.8513,9.9298,11037200
2005-03-30,10.2536,10.3026,10.1064,10.2830,12999000
2005-03-31,10.2928,10.2928,10.1064,10.1456,5087900
2005-04-01,10.2437,10.2437,9.9984,10.0671,7425700
2005-04-04,10.0279,10.0475,9.8611,9.9003,5957000
2005-04-05,9.9592,9.9984,9.8513,9.8905,4867000
2005-04-06,9.9494,10.0279,9.8709,9.8807,4199500
2005-04-07,9.8905,10.0181,9.7924,10.0082,6605700
2005-04-08,10.0082,10.0966,9.9592,10.0082,4139500
2005-04-11,10.0573,10.0671,9.9298,10.0279,4309400
2005-04-12,10.0082,10.0377,9.8120,9.9984,4955400
2005-04-13,9.9494,9.9690,9.7629,9.8022,5261100
2005-04-14,9.8414,9.8414,9.5275,9.5863,7023700
2005-04-15,9.5667,9.5667,9.1939,9.3410,8773100
2005-04-18,9.3901,9.4784,9.3214,9.4392,5613900
2005-04-19,9.5176,9.5471,9.3803,9.4588,3656600
2005-04-20,9.4588,9.6158,9.1939,9.2625,7771900
2005-04-21,9.3312,9.5863,9.3018,9.5667,6724100
2005-04-22,9.4195,9.5471,9.1448,9.2331,5136300
2005-04-25,9.5667,9.5667,9.3705,9.3999,4944200
2005-04-26,9.4882,9.6060,9.3705,9.3705,7378400
2005-04-27,9.3607,9.4588,9.2822,9.3116,6552000
2005-04-28,9.3018,9.5275,9.2822,9.3901,5696300
2005-04-29,9.4686,9.5569,9.3116,9.5275,5272600
2005-05-02,9.5373,9.6158,9.4686,9.4784,3079100
2005-05-03,9.3312,9.5667,9.3214,9.5176,3935900
2005-05-04,9.5373,9.8905,9.3214,9.8905,8258800
2005-05-05,9.8905,10.2437,9.7826,9.8513,6316600
2005-05-06,10.0082,10.0082,9.8414,9.9396,4326600
2005-05-09,9.8905,9.9690,9.8414,9.9199,4920500
2005-05-10,9.9199,9.9494,9.7728,9.8120,3404800
2005-05-11,9.8218,9.8709,9.7237,9.8120,4491400
2005-05-12,9.8414,10.0377,9.8120,9.9690,4813000
2005-05-13,10.1260,10.4204,9.9788,10.3713,14830700
2005-05-16,10.4105,10.4302,10.2045,10.2143,4046700
2005-05-17,10.1456,10.4302,10.1064,10.4007,3723600
2005-05-18,10.4007,10.5381,10.2241,10.3419,11591100
2005-05-19,10.3909,10.3909,10.2045,10.2536,5629800
2005-05-20,10.2830,10.3615,10.1162,10.3419,5609700
2005-05-23,10.3713,10.5970,10.2634,10.4890,7346600
2005-05-24,10.4007,10.6558,10.4007,10.6362,6513800
2005-05-25,10.6264,10.6362,10.4302,10.5283,5803600
2005-05-26,10.5283,10.9011,10.5283,10.8226,8926700
2005-05-27,10.7932,10.8913,10.5577,10.8619,4155000
2005-05-31,10.8913,10.9404,10.7245,10.7736,5051000
2005-06-01,10.7834,10.8913,10.5577,10.6362,5523900
2005-06-02,10.6362,10.8521,10.6068,10.8423,5185400
2005-06-03,10.8423,10.8423,10.5577,10.6166,4153900
2005-06-06,10.4105,10.4400,10.2830,10.4007,5126500
2005-06-07,10.3517,10.4596,10.2830,10.2928,6935200
2005-06-08,10.4792,10.6068,10.3222,10.4792,8415200
2005-06-09,10.4105,10.7932,10.4105,10.7638,5309000
2005-06-10,10.7834,10.7932,10.6362,10.6951,4676500
2005-06-13,10.6657,10.7736,10.6362,10.6460,3821300
2005-06-14,10.6558,10.8423,10.5283,10.5577,7781500
2005-06-15,10.6951,10.7638,10.4105,10.7245,5418000
2005-06-16,10.7540,10.9600,10.7049,10.7442,6014700
2005-06-17,10.7442,10.8128,10.5872,10.6264,5058500
2005-06-20,10.6264,10.6460,10.4498,10.4596,3579100
2005-06-21,10.4400,10.5283,10.4007,10.4105,3881500
2005-06-22,10.4204,10.4890,10.3517,10.4007,3693200
2005-06-23,10.4204,10.7932,10.3615,10.6264,8693800
2005-06-24,10.4007,10.6362,10.2536,10.3811,9823100
2005-06-27,10.3419,10.3713,9.9592,9.9788,6451400
2005-06-28,9.9886,10.2045,9.9886,10.0573,4545500
2005-06-29,10.3320,10.3320,10.1064,10.2536,5646500
2005-06-30,10.1849,10.2536,9.9984,10.0181,4938800
2005-07-01,9.9690,10.0671,9.9101,10.0082,4487500
2005-07-05,10.0181,10.3517,9.9298,10.3026,7977100
2005-07-06,10.4007,10.8030,10.3026,10.6755,14316100
2005-07-07,10.6362,10.7343,10.4989,10.6460,9545800
2005-07-08,10.7932,11.2544,10.7245,11.2053,11473800
2005-07-11,11.3034,11.5585,11.2838,11.5095,13390200
2005-07-12,11.5389,11.6763,11.4408,11.5978,11640900
2005-07-13,11.6174,11.6469,11.4506,11.5880,8220700
2005-07-14,11.6665,11.7940,11.6370,11.6763,7543100
2005-07-15,11.7646,11.7646,11.5389,11.6959,6187800
2005-07-18,11.6174,11.7450,11.5389,11.6861,4432600
2005-07-19,11.7352,11.9720,11.7057,11.9412,7012900
2005-07-20,11.8137,12.0197,11.7354,11.9903,6234700
2005-07-21,11.9707,12.1767,11.8431,11.8922,5742700
2005-07-22,11.8529,11.9118,11.6272,11.7057,5660800
2005-07-25,11.7254,11.7548,11.4604,11.4997,5060900
2005-07-26,11.5291,11.7254,11.4016,11.6763,7397500
2005-07-27,11.7155,11.7352,11.4997,11.6861,5561200
2005-07-28,11.7254,11.9216,11.5487,11.7744,5084300
2005-07-29,11.7155,11.7254,11.5389,11.6567,4525200
2005-08-01,11.8725,11.9510,11.7842,11.9510,6555200
2005-08-02,11.9903,12.1571,11.9118,11.9805,5426500
2005-08-03,11.9903,11.9903,11.7940,11.9314,4048000
2005-08-04,11.7940,11.8725,11.6272,11.6763,4958800
2005-08-05,11.6763,11.6763,11.4310,11.6370,5837300
2005-08-08,11.6665,11.7254,11.3329,11.3427,5465600
2005-08-09,11.4604,11.5291,11.2936,11.3231,5924300
2005-08-10,11.3917,11.3917,10.9993,11.0385,11947700
2005-08-11,11.0679,11.1621,11.0091,11.0876,8850400
2005-08-12,11.0778,11.0778,10.8913,10.9011,4665900
2005-08-15,10.8521,11.3231,10.8521,11.1366,5836100
2005-08-16,11.1170,11.1170,10.8423,10.8815,6534000
2005-08-17,10.9306,11.2348,10.9306,11.0189,6101200
2005-08-18,10.9404,10.9895,10.7638,10.8913,7075600
2005-08-19,10.9895,11.1464,10.9110,10.9404,3965600
2005-08-22,10.9895,11.1857,10.9698,11.0385,4724300
2005-08-23,11.0287,11.1072,10.8619,10.8913,4271800
2005-08-24,10.8913,11.0385,10.7736,10.9502,6396900
2005-08-25,10.9895,11.1464,10.9796,11.1366,4559600
2005-08-26,11.0876,11.1464,10.9110,10.9698,3123500
2005-08-29,10.9208,11.0385,10.8423,10.9502,2554600
2005-08-30,10.9404,11.0974,10.8717,11.0974,4379300
2005-08-31,11.0876,11.8235,11.0679,11.6861,13902600
2005-09-01,11.6763,11.7057,11.3427,11.4016,9023100
2005-09-02,11.4604,11.4899,11.2936,11.4506,6590000
2005-09-06,11.5193,12.0295,11.5193,11.9707,10797200
2005-09-07,11.9903,12.3043,11.8832,11.9314,10898500
2005-09-08,11.9608,12.2258,11.8922,12.1669,9023000
2005-09-09,12.2650,12.3631,11.9707,12.2552,6301400
2005-09-12,12.1767,12.4220,12.0688,12.3533,7610300
2005-09-13,12.3828,12.5103,12.3631,12.4416,6654500
2005-09-14,12.4220,13.0402,12.4220,12.9813,21871500
2005-09-15,12.9322,12.9420,12.5103,12.6281,15650700
2005-09-16,12.6477,12.8145,12.4318,12.5692,8969500
2005-09-19,12.4711,12.5201,12.1276,12.2258,8954500
2005-09-20,12.2454,12.3926,12.0295,12.0884,6672200
2005-09-21,12.0884,12.2258,11.9314,12.0099,7824300
2005-09-22,12.1080,12.1178,11.6076,11.8333,12258800
2005-09-23,11.8137,11.9903,11.6763,11.9216,8038100
2005-09-26,12.2061,12.2160,11.7646,11.8725,6736700
2005-09-27,11.8529,11.9216,11.4997,11.5193,8161400
2005-09-28,11.6763,11.8038,11.4801,11.5193,5388000
2005-09-29,11.5389,11.9707,11.3819,11.9608,10066600
2005-09-30,12.7556,13.2168,12.5299,13.0500,46194000
2005-10-03,13.1187,13.5013,12.9813,13.3836,19456100
2005-10-04,13.2953,13.3443,13.0107,13.0794,9462300
2005-10-05,13.0794,13.0794,12.5103,12.5594,13812000
2005-10-06,12.6379,12.9028,12.5103,12.7066,13167000
2005-10-07,12.8047,13.0107,12.5888,12.9322,8019900
2005-10-10,13.0107,13.0107,12.5103,12.5299,8852800
2005-10-11,12.5594,12.5986,12.1865,12.3043,12400100
2005-10-12,12.3141,12.5986,12.1375,12.5005,11078200
2005-10-13,12.4024,12.9519,12.2846,12.8635,11549400
2005-10-14,12.7752,13.0009,12.5594,12.6281,10196700
2005-10-17,12.7262,12.8047,12.5888,12.7654,5540300
2005-10-18,12.7066,12.9126,12.5986,12.8243,6415500
2005-10-19,12.4809,12.6673,12.1571,12.6379,13824300
2005-10-20,12.6771,12.8047,12.4809,12.5692,6570500
2005-10-21,12.8243,12.8243,12.3533,12.4318,12984000
2005-10-24,12.4318,12.4416,12.1865,12.2748,10754400
2005-10-25,12.2748,12.4514,12.2552,12.4122,10852600
2005-10-26,12.6967,12.7262,12.4318,12.5103,23283500
2005-10-27,12.5103,12.5594,12.3435,12.3828,12579000
2005-10-28,12.4613,12.5397,12.2454,12.4318,11464200
2005-10-31,12.6967,12.8930,12.5005,12.7458,12176500
2005-11-01,12.7458,12.8047,12.5496,12.7556,11952500
2005-11-02,12.9028,13.0990,12.6673,13.0205,18384700
2005-11-03,13.1481,13.6681,13.1481,13.6093,25025600
2005-11-04,13.6976,13.7761,13.4032,13.6583,9202400
2005-11-07,13.8251,13.8251,13.3247,13.6191,6707600
2005-11-08,13.4326,13.5994,13.3345,13.4523,7232800
2005-11-09,13.4523,13.5994,13.3345,13.5406,5504700
2005-11-10,13.5798,13.6387,13.2953,13.5209,5000000
2005-11-11,13.5209,13.5308,13.1677,13.3934,7070800
2005-11-14,13.1088,13.2462,13.0402,13.0794,10294800
2005-11-15,13.0892,13.3640,13.0794,13.1088,6834700
2005-11-16,13.0990,13.2658,13.0501,13.1775,6078500
2005-11-17,13.2462,13.5111,13.1972,13.5013,7551600
2005-11-18,13.5406,13.9331,13.5406,13.9134,13272600
2005-11-21,14.2667,14.3897,13.6878,13.9331,18831500
2005-11-22,14.2372,14.4629,14.1293,14.3942,24328600
2005-11-23,14.4923,14.5414,14.1195,14.2176,9927200
2005-11-25,14.3648,14.4727,14.1980,14.3157,4332800
2005-11-28,14.3255,14.4629,14.0312,14.1097,8501700
2005-11-29,14.1685,14.1784,13.6191,13.6583,11640700
2005-11-30,13.7368,14.0900,13.7368,13.9919,8676800
2005-12-01,14.1685,14.3550,14.1489,14.2176,7935500
2005-12-02,14.2274,14.2470,14.0214,14.0999,7681000
2005-12-05,14.1293,14.1293,13.9429,14.0312,4787200
2005-12-06,13.8742,14.0115,13.6976,13.7270,10780500
2005-12-07,13.6779,13.7074,13.2658,13.4032,11282200
2005-12-08,13.3934,13.4032,12.7164,12.8832,20049200
2005-12-09,12.8832,13.2266,12.8832,13.1579,10914300
2005-12-12,13.2756,13.5406,13.2364,13.5406,9823200
2005-12-13,13.4523,13.6779,13.2953,13.5798,7947900
2005-12-14,13.5209,13.6191,13.2266,13.2756,10430000
2005-12-15,13.2070,13.5013,13.1481,13.2953,8931000
2005-12-16,13.3640,13.4523,13.2168,13.4130,6728700
2005-12-19,13.3836,13.6485,13.2953,13.3934,10211400
2005-12-20,13.3345,13.4817,13.1088,13.4523,10006100
2005-12-21,13.6191,13.8840,13.5896,13.8742,11015600
2005-12-22,13.3149,13.6681,13.3051,13.3836,15428500
2005-12-23,13.2953,13.4326,13.2855,13.3934,4163000
2005-12-27,13.3934,13.5013,13.1677,13.2168,4583700
2005-12-28,13.2070,13.2855,13.0009,13.1972,7650800
2005-12-29,13.0696,13.1873,12.9813,13.0205,4151200
2005-12-30,12.9519,13.0892,12.8734,13.0598,4105700
2006-01-03,13.2266,13.3443,13.0892,13.2560,9705200
2006-01-04,13.4915,13.8742,13.3836,13.7859,12893700
2006-01-05,13.7564,13.9332,13.6387,13.9134,11511200
2006-01-06,14.1391,14.3255,13.9625,14.1980,10694100
2006-01-09,14.1784,14.5316,14.1587,14.4237,6825300
2006-01-10,14.2274,14.3059,14.0115,14.2961,7551700
2006-01-11,14.4138,14.5316,14.2667,14.4727,8218100
2006-01-12,14.5218,14.5414,14.0900,14.2961,8595700
2006-01-13,14.3844,14.3844,14.0312,14.2372,7570600
2006-01-17,13.8840,14.0410,13.6485,13.7074,15535200
2006-01-18,13.4719,13.8349,13.4248,13.5994,10673500
2006-01-19,13.9429,14.1293,13.8055,14.0606,7601500
2006-01-20,14.0704,14.0704,13.5111,13.7466,13473800
2006-01-23,13.7761,14.0312,13.7564,13.9134,7491000
2006-01-24,13.9134,14.2372,13.8251,13.8349,10725100
2006-01-25,13.8644,13.9429,13.7368,13.8447,6820800
2006-01-26,13.9625,14.2176,13.8742,14.0802,7493800
2006-01-27,14.1293,14.4629,14.0900,14.4237,10434000
2006-01-30,14.3942,14.6788,14.3844,14.6493,6337900
2006-01-31,14.5512,14.6101,14.3746,14.4040,5470200
2006-02-01,14.3059,14.7475,14.2274,14.7376,9249200
2006-02-02,14.7180,15.0614,14.5512,14.6690,12823600
2006-02-03,14.4825,14.7475,14.3353,14.6101,10687100
2006-02-06,15.0124,15.8366,15.0124,15.7090,19688400
2006-02-07,15.7090,16.1506,15.6502,16.0524,20044800
2006-02-08,16.0819,16.1996,15.8464,16.0426,17726200
2006-02-09,15.9347,16.1898,15.8856,15.9543,12001800
2006-02-10,15.9543,16.2094,15.5520,16.0917,10742200
2006-02-13,16.0426,16.0524,15.7385,15.8856,7041000
2006-02-14,15.8856,16.4547,15.7875,16.3174,12805000
2006-02-15,16.2389,16.4744,16.0426,16.4646,12201600
2006-02-16,16.5332,16.7491,16.4842,16.6706,11543800
2006-02-17,16.6804,16.8276,16.2781,16.3370,8272500
2006-02-21,16.2781,16.2781,15.6207,15.7777,10682100
2006-02-22,15.7777,16.0623,15.4932,16.0034,10907500
2006-02-23,16.0132,16.0328,15.4147,15.4539,13781100
2006-02-24,15.4539,15.7483,15.3264,15.5815,9192000
2006-02-27,15.5226,15.5226,15.0712,15.3558,13744600
2006-02-28,15.3558,15.5128,15.1301,15.2184,10496900
2006-03-01,15.3165,15.7875,15.2577,15.6502,13691500
2006-03-02,15.4735,15.7777,15.2282,15.5520,9328900
2006-03-03,15.4637,15.9249,15.3264,15.5913,9089500
2006-03-06,15.7777,15.8955,15.1890,15.3067,6812300
2006-03-07,15.3067,15.3558,14.6690,14.6984,15312600
2006-03-08,14.3746,14.6984,14.1489,14.5905,28225200
2006-03-09,14.5806,14.9535,14.2372,14.2470,12412100
2006-03-10,14.5218,14.5610,14.1293,14.1980,12224900
2006-03-13,14.6591,14.6690,14.2765,14.5022,9402700
2006-03-14,14.3746,14.8652,14.3353,14.7965,9816500
2006-03-15,14.8554,14.9044,14.5708,14.7278,11688500
2006-03-16,14.7180,14.7573,14.2961,14.3157,13208900
2006-03-17,14.3157,14.6788,14.1587,14.4923,9344400
2006-03-20,14.5218,14.6984,14.4727,14.5414,12571800
2006-03-21,14.5316,15.1007,14.3844,14.7180,12332000
2006-03-22,14.2765,14.4727,14.0802,14.2765,15419200
2006-03-23,14.1784,14.6297,14.1489,14.1587,12085000
2006-03-24,14.2274,14.2569,14.0508,14.1980,8786500
2006-03-27,14.1980,14.6297,14.1882,14.4923,7493000
2006-03-28,14.4727,14.4727,14.1391,14.1587,10767600
2006-03-29,14.2274,14.6591,14.1784,14.6101,8156600
2006-03-30,14.7082,14.8063,14.4237,14.5414,8706100
2006-03-31,14.5414,14.6984,14.3942,14.4433,10922900
2006-04-03,14.6591,15.2577,14.5708,15.1596,13546100
2006-04-04,15.2086,15.4637,15.1203,15.3460,10128300
2006-04-05,15.3558,15.6502,15.0712,15.2675,12339900
2006-04-06,15.4441,15.8268,15.2479,15.2871,13618200
2006-04-07,15.3852,15.5520,14.9143,14.9633,13062000
2006-04-10,15.0320,15.0810,14.5218,14.6297,12540700
2006-04-11,14.8161,15.1105,14.7376,14.8161,17372400
2006-04-12,14.9339,15.5128,14.8848,15.0320,21542800
2006-04-13,14.9731,15.1694,14.7082,14.7573,11498100
2006-04-17,14.8456,15.2479,14.6199,14.8358,11819900
2006-04-18,15.2184,15.7679,15.1988,15.7287,19126300
2006-04-19,15.7777,16.1996,15.7188,16.1898,13865300
2006-04-20,16.2389,16.6019,16.0754,16.4842,12817600
2006-04-21,16.5332,16.5332,15.9445,16.0917,11491700
2006-04-24,16.0819,16.1309,15.7875,16.0917,9474700
2006-04-25,16.1015,16.1800,15.7581,16.1604,6228400
2006-04-26,16.1604,16.5234,16.1113,16.4842,12305900
2006-04-27,16.3370,17.0925,16.2585,17.0729,15273200
2006-04-28,16.8276,17.0140,16.5823,16.6510,13412500
2006-05-01,16.6510,16.7785,16.4155,16.4253,8107700
2006-05-02,16.5136,16.5725,16.3370,16.4351,6491800
2006-05-03,16.4351,16.5234,16.2683,16.4155,7646600
2006-05-04,16.5332,16.7000,16.4842,16.6412,5963200
2006-05-05,16.7197,16.7982,16.5332,16.7295,7734400
2006-05-08,16.8767,17.1416,16.7687,16.9159,5104000
2006-05-09,16.8767,17.1612,16.7295,16.9257,7976200
2006-05-10,16.8276,16.8668,15.9347,16.2977,14257700
2006-05-11,16.2879,16.3370,15.6698,15.8071,9261400
2006-05-12,15.6698,15.9053,15.4343,15.5128,9161500
2006-05-15,15.4245,15.7385,15.2773,15.5324,7572200
2006-05-16,15.6109,15.7679,15.3067,15.6698,7381500
2006-05-17,15.6207,15.8071,15.3067,15.3362,6652700
2006-05-18,15.4539,15.5520,15.0614,15.0712,5756400
2006-05-19,15.2184,15.5815,15.1596,15.4735,11490300
2006-05-22,15.2871,15.3067,14.9535,15.2675,8357700
2006-05-23,15.4049,15.6305,14.9339,14.9535,10208900
2006-05-24,14.9633,15.2577,14.8161,15.1694,11649100
2006-05-25,15.3067,15.9445,15.2773,15.8660,9550700
2006-05-26,15.8660,16.2193,15.7188,16.0623,8490800
2006-05-30,15.9936,16.0917,15.6992,15.7581,6353000
2006-05-31,15.8955,16.3566,15.7973,16.2487,14076900
2006-06-01,16.0819,16.6412,15.9936,16.5529,14125600
2006-06-02,16.5529,16.5627,15.9936,16.1506,14013000
2006-06-05,16.2389,16.3370,15.7188,15.7287,11984300
2006-06-06,15.8955,16.0721,15.6109,15.9543,11423200
2006-06-07,16.0917,16.0917,15.4539,15.5226,10129700
2006-06-08,15.5030,15.6502,14.7278,15.2381,21487800
2006-06-09,15.3852,15.6502,15.1203,15.2675,9315100
2006-06-12,15.3656,15.4147,14.7867,14.8554,8056700
2006-06-13,14.8161,15.0124,14.5316,14.5708,13568100
2006-06-14,14.7180,15.1105,14.6690,14.9731,12950300
2006-06-15,15.0222,15.7483,14.9928,15.7385,8983200
2006-06-16,15.7679,16.0721,15.5815,16.0426,18182500
2006-06-19,16.1309,16.1702,15.3754,15.5913,9350100
2006-06-20,15.6011,15.8071,15.3558,15.6698,7375000
2006-06-21,15.6305,16.3959,15.6305,15.6502,14329100
2006-06-22,15.6502,16.0819,15.6502,15.8758,11582800
2006-06-23,15.7973,16.2977,15.7483,16.1113,7998800
2006-06-26,16.1506,16.3762,15.9053,16.3664,6635100
2006-06-27,16.3959,16.4253,15.4735,15.7287,7629700
2006-06-28,15.7385,15.9445,15.1105,15.6600,10826600
2006-06-29,15.3067,15.4539,14.5512,14.8358,24240400
2006-06-30,14.7278,15.0124,14.5610,14.7769,11800600
2006-07-03,14.9633,15.1203,14.6690,15.1105,7429600
2006-07-05,15.1105,15.1792,14.6690,14.7180,11625500
2006-07-06,14.7573,15.0320,14.7573,15.0222,6958300
2006-07-07,14.8750,14.9633,14.5218,14.5806,9143400
2006-07-10,14.6003,14.7573,14.0606,14.2569,7734000
2006-07-11,14.1980,14.8554,14.0802,14.7867,9566700
2006-07-12,14.8259,14.9143,14.4433,14.5316,9732600
2006-07-13,14.4138,14.4237,14.0017,14.0508,10038300
2006-07-14,14.0312,14.2470,13.7662,14.1293,9647000
2006-07-17,14.0900,14.3452,13.8742,13.9429,4926600
2006-07-18,13.9625,14.3844,13.9625,14.2765,9868400
2006-07-19,14.3746,14.8554,14.2765,14.6886,8183100
2006-07-20,14.7671,14.9633,14.1685,14.2569,11371400
2006-07-21,13.7368,14.2470,13.7172,13.8840,7946600
2006-07-24,13.9625,14.2961,13.8349,14.0802,6430900
2006-07-25,14.1685,14.7769,14.0999,14.7573,8489000
2006-07-26,14.7180,15.2184,14.5022,15.0418,7024800
2006-07-27,15.2969,15.6011,15.0320,15.1988,10660300
2006-07-28,15.1792,15.5717,15.0320,15.5226,5318100
2006-07-31,15.3165,15.5913,15.2773,15.2969,4255100
2006-08-01,15.2184,15.2381,14.8652,15.0909,5453000
2006-08-02,15.1596,15.4343,15.0712,15.3754,4403500
2006-08-03,15.3754,15.6992,15.2086,15.5030,5746300
2006-08-04,15.6992,15.8170,15.1203,15.4441,6530000
2006-08-07,15.3067,15.5030,15.0811,15.2184,4573500
2006-08-08,15.1988,15.5717,15.0712,15.1596,5380600
2006-08-09,15.5422,15.6502,15.2675,15.2773,5991900
2006-08-10,15.2969,15.7679,15.2282,15.6992,5974000
2006-08-11,15.5717,15.7483,15.3264,15.4441,4901200
2006-08-14,15.5618,15.7483,15.4343,15.4932,3923500
2006-08-15,15.7287,16.1898,15.6305,16.1113,9024200
2006-08-16,16.1408,16.4449,15.8856,16.3861,6441700
2006-08-17,16.0917,16.3664,16.0426,16.2977,10249700
2006-08-18,16.2585,16.2977,15.9347,16.2389,4971100
2006-08-21,16.1408,16.1408,15.8268,16.0132,3141000
2006-08-22,16.0132,16.0819,15.7679,15.8758,6313300
2006-08-23,15.7679,16.0917,15.4539,15.6992,7464000
2006-08-24,15.8758,15.8758,15.4834,15.7188,6051600
2006-08-25,15.7287,16.0426,15.6600,15.9543,6074700
2006-08-28,16.0328,16.3076,15.9936,16.2389,5359700
2006-08-29,16.2879,16.9552,16.2389,16.9159,12406000
2006-08-30,16.9159,17.2593,16.7982,17.1906,9280600
2006-08-31,17.1416,17.1612,16.8374,16.9552,9593700
2006-09-01,17.0533,17.1612,16.6804,16.9944,8125400
2006-09-05,16.9846,17.2691,16.7982,17.0435,7503200
2006-09-06,17.0238,17.0336,16.5627,16.5823,5887800
2006-09-07,16.5725,16.8472,16.3861,16.6215,6314800
2006-09-08,17.1220,17.6322,16.9257,17.5439,12914300
2006-09-11,17.6420,18.2405,17.3771,18.2209,16716000
2006-09-12,18.2503,18.2994,17.9854,18.1228,19765400
2006-09-13,18.0443,18.0835,17.4948,17.6616,20453200
2006-09-14,17.6911,17.6911,17.3280,17.4359,12609800
2006-09-15,17.6322,17.8677,17.5831,17.7303,12232800
2006-09-18,17.7597,18.1522,17.6911,17.7892,12210800
2006-09-19,17.4654,17.5046,17.1318,17.4065,11535400
2006-09-20,17.5929,17.6616,17.2299,17.2299,11902600
2006-09-21,17.3084,17.6812,17.1906,17.4065,11919600
2006-09-22,17.2986,17.3182,16.8865,17.1318,9502900
2006-09-25,17.1808,17.5929,16.6314,17.5439,10859200
2006-09-26,17.3673,17.4752,17.1416,17.3967,12530100
2006-09-27,17.4065,17.6126,17.1710,17.2691,7005400
2006-09-28,17.2691,17.3182,16.7687,17.1121,12908400
2006-09-29,17.2986,17.3280,17.0140,17.0729,7863400
2006-10-02,17.1808,17.5242,17.0336,17.1710,9118800
2006-10-03,17.1318,17.2397,16.7589,17.1514,8593900
2006-10-04,17.1906,17.8284,17.1318,17.7401,16468100
2006-10-05,17.6714,17.6911,16.9552,17.2103,26847200
2006-10-06,15.6403,15.8268,14.7475,14.8554,61124900
2006-10-09,14.8652,15.1399,14.8063,15.0320,18423600
2006-10-10,15.2184,15.2184,14.8456,14.8652,15504500
2006-10-11,14.8259,15.1105,14.7867,14.8848,13570400
2006-10-12,15.0909,15.0909,14.6591,14.8456,15812700
2006-10-13,14.9143,14.9536,14.7475,14.7769,14575100
2006-10-16,14.8456,15.0712,14.6591,14.9928,14816900
2006-10-17,14.8259,14.9535,14.1980,14.2863,20964600
2006-10-18,14.4531,14.4727,13.9723,14.2078,15763800
2006-10-19,14.1097,14.3157,14.0802,14.1980,10745300
2006-10-20,14.2176,14.2274,13.9331,14.0017,9646900
2006-10-23,14.0214,14.3255,13.9919,14.1391,10647000
2006-10-24,14.1391,14.1980,13.9527,14.0214,11472400
2006-10-25,14.1195,14.2961,14.0312,14.2470,7153800
2006-10-26,14.2372,14.5414,14.1391,14.4629,8685400
2006-10-27,14.4237,14.4433,13.8742,13.9036,13707200
2006-10-30,13.9723,14.2176,13.9331,14.1293,8159000
2006-10-31,14.1391,14.3059,14.0704,14.1784,7114000
2006-11-01,14.1391,14.2765,13.8840,13.9134,10401300
2006-11-02,13.9723,13.9821,13.6093,13.6289,11178300
2006-11-03,13.7172,13.7761,13.5013,13.7172,7487500
2006-11-06,13.7368,14.1685,13.6485,14.0508,9509200
2006-11-07,14.1882,14.2372,13.9919,14.0312,9279700
2006-11-08,14.0312,14.0312,13.6878,13.7368,13564800
2006-11-09,13.7859,13.8840,13.2560,13.3149,17273500
2006-11-10,13.3640,13.7662,13.3541,13.7466,13991400
2006-11-13,13.6878,14.1097,13.6583,13.9429,18236800
2006-11-14,14.2274,14.7082,14.0900,14.6690,22178400
2006-11-15,14.7867,14.9731,14.4727,14.5512,17603700
2006-11-16,14.6003,14.7180,14.3255,14.4629,10654900
2006-11-17,14.3942,14.4237,14.1195,14.2961,10983200
2006-11-20,14.2274,14.2765,13.9919,14.2078,13620600
2006-11-21,14.2078,14.5708,14.1489,14.3255,15415900
2006-11-22,14.4629,14.8161,14.4531,14.7278,12097000
2006-11-24,14.5218,14.6690,14.5022,14.5120,4287400
2006-11-27,14.6199,14.8750,14.2078,14.2863,16177300
2006-11-28,14.3059,14.3452,14.0704,14.2274,11358500
2006-11-29,14.4727,14.7573,14.1489,14.1587,17645000
2006-11-30,14.1587,14.5610,14.1293,14.3255,9992100
2006-12-01,14.3942,14.4433,14.0508,14.1980,9315400
2006-12-04,14.2863,14.4040,14.0606,14.2863,10065100
2006-12-05,14.2765,14.7671,14.2539,14.6493,17131300
2006-12-06,14.6003,14.6690,14.4825,14.5610,7634400
2006-12-07,14.4335,14.7082,14.2569,14.3255,9162300
2006-12-08,14.4335,14.4727,14.1489,14.3648,8547200
2006-12-11,14.3648,14.3648,13.9134,13.9527,16997100
2006-12-12,13.9331,13.9527,13.6093,13.6485,13416100
2006-12-13,13.5602,13.6093,13.3640,13.4425,12934600
2006-12-14,13.5406,13.8349,13.5209,13.5406,11476900
2006-12-15,13.6485,13.7466,13.3345,13.4425,14835700
2006-12-18,13.4425,13.4523,13.1873,13.2756,13201000
2006-12-19,13.1187,13.1677,12.8734,13.0990,20860700
2006-12-20,13.2953,13.3934,13.1972,13.2168,13587600
2006-12-21,13.3443,13.5406,13.1873,13.2364,15274700
2006-12-22,13.7368,14.0312,13.6093,13.6779,22141800
2006-12-26,13.8153,13.8546,13.6289,13.7074,8097700
2006-12-27,13.7074,13.8742,13.6681,13.8251,8569400
2006-12-28,13.8840,13.8840,13.6878,13.7564,7834900
2006-12-29,13.6976,13.8546,13.6681,13.6976,5577500
2007-01-03,13.8742,14.0410,13.6485,13.7662,11188800
2007-01-04,13.5896,13.7662,13.3934,13.5308,18518900
2007-01-05,13.4228,13.4228,13.2658,13.3247,11594700
2007-01-08,13.4130,13.5896,13.3345,13.4817,9836900
2007-01-09,13.4719,13.4915,13.3443,13.4130,8926300
2007-01-10,13.3247,13.8840,13.3247,13.8055,15015200
2007-01-11,13.8349,14.0214,13.5994,13.6191,16423900
2007-01-12,13.6878,14.0312,13.5896,13.9625,14848800
2007-01-16,13.9036,13.9429,13.5602,13.6583,11515200
2007-01-17,13.6485,13.6779,13.3443,13.4228,9109500
2007-01-18,13.3640,13.3640,12.9420,13.0009,16186200
2007-01-19,13.0402,13.0990,12.8243,13.0205,10783300
2007-01-22,13.0500,13.0990,12.7850,12.8243,10472000
2007-01-23,12.8635,12.9617,12.6084,12.6869,13817700
2007-01-24,12.8930,13.0794,12.8047,12.9813,13339300
2007-01-25,13.0303,13.1088,12.8145,12.8439,9304800
2007-01-26,12.8930,13.0696,12.7458,12.9519,15092300
2007-01-29,13.0107,13.0303,12.7752,12.7850,10822900
2007-01-30,12.8145,12.8734,12.6869,12.7458,8837500
2007-01-31,12.7066,12.7262,12.5496,12.7066,9406200
2007-02-01,12.6673,12.7556,12.5496,12.6084,11875500
2007-02-02,12.6379,13.0009,12.5888,12.9126,18949700
2007-02-05,12.7949,13.0009,12.7360,12.8734,14168200
2007-02-06,12.8145,12.8537,12.7164,12.7752,12608600
2007-02-07,12.8537,12.9617,12.6869,12.7262,15760100
2007-02-08,12.5986,12.7262,12.5594,12.6575,7806000
2007-02-09,12.7066,12.8537,12.1669,12.3239,23583300
2007-02-12,12.0786,12.2454,12.0001,12.0393,10903500
2007-02-13,12.0197,12.0982,11.8922,11.9805,10977300
2007-02-14,11.9805,12.4711,11.9805,12.3239,25968500
2007-02-15,12.2846,12.3926,12.2160,12.2748,11551200
2007-02-16,12.2552,12.2748,12.0590,12.0884,10480300
2007-02-20,12.0001,12.0786,11.8529,11.8725,16819800
2007-02-21,11.8235,11.8529,11.6763,11.7450,20654500
2007-02-22,11.8431,11.9510,11.7940,11.9314,11609900
2007-02-23,11.8627,12.2454,11.8038,12.1473,17845400
2007-02-26,12.1669,12.2748,12.0001,12.1080,10187700
2007-02-27,11.9118,12.0001,11.6174,11.6763,18172600
2007-02-28,11.6763,11.7352,11.5389,11.6370,15779300
2007-03-01,11.5291,11.8922,11.3034,11.6370,20923000
2007-03-02,11.5684,11.9314,11.5193,11.6076,18245300
2007-03-05,11.4801,11.7352,11.3721,11.4506,13139000
2007-03-06,11.6665,11.6665,11.3525,11.4899,16683400
2007-03-07,11.4016,11.4506,11.1955,11.2249,12994700
2007-03-08,11.3525,11.3721,11.0581,11.1170,15139700
2007-03-09,11.2642,11.3132,11.1268,11.2053,13471400
2007-03-12,11.1464,11.2249,11.0581,11.1857,10732900
2007-03-13,11.0974,11.2936,11.0189,11.0483,13573400
2007-03-14,11.2838,11.4899,11.1072,11.3721,26870100
2007-03-15,11.3623,11.4997,11.2642,11.3427,7896100
2007-03-16,11.3427,11.4801,11.1857,11.2249,9125700
2007-03-19,11.2446,11.3329,11.0091,11.0581,16628300
2007-03-20,11.0483,11.1366,11.0091,11.0581,9283900
2007-03-21,11.1857,11.5095,11.0581,11.3819,21208300
2007-03-22,11.3819,11.4310,11.2544,11.4016,15285800
2007-03-23,11.4016,11.4212,11.3427,11.3721,13833700
2007-03-26,11.3819,11.5487,11.3231,11.3917,15850500
2007-03-27,11.3819,11.8235,11.3721,11.7842,24896900
2007-03-28,11.6665,11.8824,11.6076,11.7842,22883800
2007-03-29,11.8725,11.9707,11.5095,11.6174,22557800
2007-03-30,11.6665,11.9412,11.6567,11.8529,16561000
2007-04-02,11.9020,12.0099,11.8823,11.9020,20995700
2007-04-03,11.9412,12.0197,11.9216,12.0001,20222200
2007-04-04,11.9314,12.0099,11.6665,11.8431,39658600
2007-04-05,11.8431,11.9216,11.2348,11.2936,65265500
2007-04-09,11.2838,11.2838,10.9208,10.9698,34555800
2007-04-10,10.9502,11.0287,10.7932,11.0091,28106700
2007-04-11,11.0189,11.2642,10.8717,11.0876,32020700
2007-04-12,11.0385,11.2446,10.9404,11.2348,25534100
2007-04-13,11.1857,11.2544,11.0189,11.0483,18252100
2007-04-16,11.1563,11.1563,10.8128,10.8619,28463800
2007-04-17,10.8619,10.8815,10.6755,10.7442,28842200
2007-04-18,10.7442,10.9993,10.7147,10.8913,16599000
2007-04-19,10.7736,10.9796,10.7540,10.9208,14349200
2007-04-20,11.0581,11.0679,10.8128,10.9796,17057600
2007-04-23,11.0091,11.0778,10.9796,10.9993,17216700
2007-04-24,11.0974,11.4899,10.9698,11.3721,30762200
2007-04-25,11.4310,11.5880,11.2446,11.5487,21016000
2007-04-26,11.7057,11.9314,11.5487,11.7450,28336700
2007-04-27,11.6763,11.6959,11.4408,11.4702,15939200
2007-04-30,11.5291,11.5389,11.1955,11.2544,14903800
2007-05-01,11.1857,11.2053,10.9208,11.1366,18325000
2007-05-02,11.1072,11.2936,11.0483,11.2348,9935400
2007-05-03,11.1955,11.2544,11.0974,11.1759,9542500
2007-05-04,11.2249,11.8333,11.2053,11.6861,24536000
2007-05-07,11.7155,11.8627,11.5193,11.7352,15469800
2007-05-08,11.7155,11.7744,11.5389,11.6370,10664900
2007-05-09,11.6469,12.2258,11.5880,12.1276,22916700
2007-05-10,12.0688,12.1301,11.8922,11.9020,16387300
2007-05-11,11.8922,12.1669,11.7450,12.0884,20278900
2007-05-14,12.1473,12.4220,12.0001,12.0590,11460700
2007-05-15,12.0197,12.0590,11.6174,11.8431,22672700
2007-05-16,11.8235,11.9903,11.7548,11.9118,12928900
2007-05-17,11.6370,11.7155,11.2838,11.2838,46600100
2007-05-18,11.2838,11.3132,11.1562,11.2544,59007200
2007-05-21,11.2838,11.4114,11.1661,11.2348,31126400
2007-05-22,11.2740,11.3034,10.9993,11.1661,20263100
2007-05-23,11.2642,11.4016,11.2544,11.3132,27561900
2007-05-24,11.4997,11.8235,11.3525,11.5880,50453600
2007-05-25,11.7548,11.8038,11.6370,11.7450,21384100
2007-05-29,11.9510,11.9608,11.5291,11.7352,25118300
2007-05-30,11.5585,11.7450,11.4604,11.6763,20715200
2007-05-31,11.6959,12.0099,11.5585,11.9510,32840200
2007-06-01,12.3239,12.6084,12.0688,12.3631,59330100
2007-06-04,12.2356,12.5103,12.1571,12.3337,20842300
2007-06-05,12.3337,12.3533,11.9216,12.2160,25717300
2007-06-06,12.0982,12.1571,11.9020,12.0099,27553700
2007-06-07,11.8725,12.0688,11.6665,11.7254,21255800
2007-06-08,11.7940,12.1473,11.6861,12.1178,20680600
2007-06-11,12.0688,12.1276,11.7254,11.7646,17021200
2007-06-12,11.7155,11.9118,11.5095,11.7352,26716100
2007-06-13,11.8333,11.8922,11.5782,11.7155,24108900
2007-06-14,11.9118,12.1865,11.8725,12.0001,24893200
2007-06-15,12.1375,12.3926,12.0393,12.3435,25310700
2007-06-18,12.4122,12.4122,12.2061,12.3141,13980000
2007-06-19,12.2454,12.4024,12.1375,12.2061,15303700
2007-06-20,12.4613,12.8341,12.4613,12.4809,31863000
2007-06-21,12.6084,13.0107,12.5594,12.9911,31585100
2007-06-22,12.8734,12.9813,12.5692,12.5888,22455400
2007-06-25,12.5790,12.6771,12.2846,12.4122,21185800
2007-06-26,12.4711,12.4711,12.0884,12.2160,23220100
2007-06-27,12.1571,12.4613,12.1571,12.4220,25811600
2007-06-28,12.5790,12.6575,12.1375,12.1767,32621200
2007-06-29,12.2552,12.5103,12.2160,12.2944,31815400
2007-07-02,12.4613,12.4613,12.1080,12.2454,17219600
2007-07-03,12.2552,12.5397,12.2454,12.4514,9731900
2007-07-05,12.5594,12.6281,12.4711,12.5594,15038700
2007-07-06,12.6673,13.2168,12.6379,13.1972,41295900
2007-07-09,13.1088,13.2168,13.0500,13.1677,30154900
2007-07-10,13.3836,13.4621,13.2070,13.2855,39775700
2007-07-11,13.4425,13.6191,13.2953,13.5798,44462500
2007-07-12,13.7466,13.7564,13.0794,13.4817,44091800
2007-07-13,13.6387,13.6387,13.3836,13.4817,18828400
2007-07-16,13.5111,13.8349,13.4817,13.7172,22799100
2007-07-17,13.6779,13.9331,13.5406,13.5896,21651000
2007-07-18,13.5406,13.5798,13.0990,13.4032,25117000
2007-07-19,13.5406,13.5798,13.2168,13.3443,14175300
2007-07-20,13.4130,13.5308,13.0598,13.1579,19045700
2007-07-23,13.1775,13.5504,13.0990,13.1873,24781600
2007-07-24,13.1579,13.1972,12.7654,12.8047,25329100
2007-07-25,12.8832,12.9715,12.6967,12.8341,20367600
2007-07-26,12.6477,12.7556,11.8137,11.9118,46792800
2007-07-27,11.9118,12.0099,11.5193,11.6469,28171500
2007-07-30,11.8725,11.9903,11.7548,11.7940,21427400
2007-07-31,11.9608,12.0982,11.6174,11.6469,36972500
2007-08-01,11.5684,11.8725,11.0679,11.8725,30313400
2007-08-02,11.8627,11.8725,11.4899,11.5978,25955700
2007-08-03,11.8431,11.9608,11.3329,11.4212,26380800
2007-08-06,11.6076,11.6076,11.1857,11.4114,19421200
2007-08-07,11.4604,11.4702,11.0974,11.3721,17784400
2007-08-08,11.4604,11.8627,11.2936,11.8431,24670700
2007-08-09,11.5291,12.4122,11.5291,12.2650,31544800
2007-08-10,11.9805,12.3239,11.5291,11.9805,35966400
2007-08-13,12.0982,12.1178,11.6272,11.7450,17803800
2007-08-14,11.7254,11.7548,11.3034,11.3034,15255000
2007-08-15,11.2740,11.5291,10.8325,10.8521,20547700
2007-08-16,10.7343,10.8423,10.1064,10.4007,35813100
2007-08-17,10.8423,10.9895,10.4204,10.7834,27635900
2007-08-20,10.7834,11.0385,10.6558,10.7736,24882300
2007-08-21,10.9011,11.3034,10.8128,11.1464,24815100
2007-08-22,11.2740,11.2740,11.0974,11.2348,16161900
2007-08-23,11.1857,11.2348,10.8815,10.9110,15480100
2007-08-24,10.8030,10.8619,10.5577,10.8128,20859400
2007-08-27,10.7245,11.0876,10.6853,11.0189,14788700
2007-08-28,10.9404,10.9698,10.7049,10.7932,14866600
2007-08-29,10.8521,11.0287,10.7932,11.0287,9117400
2007-08-30,10.8619,11.3231,10.8325,10.9993,16247200
2007-08-31,11.1857,11.3034,11.0483,11.2348,10567300
2007-09-04,11.2838,11.4997,11.1563,11.3819,11001000
2007-09-05,11.2544,11.2936,11.0091,11.1464,14431800
2007-09-06,11.1563,11.3623,11.0581,11.2838,15638100
2007-09-07,11.0679,12.3631,11.0483,11.1857,21166000
2007-09-10,11.3721,11.5487,11.1759,11.4212,18678200
2007-09-11,11.4801,11.5291,11.3623,11.4114,9814600
2007-09-12,11.3034,11.3623,11.0385,11.0385,16776500
2007-09-13,11.0974,11.1857,11.0091,11.0679,11524500
2007-09-14,10.9895,10.9993,10.6755,10.7932,15054600
2007-09-17,10.7638,10.7932,10.4989,10.7343,18546300
2007-09-18,10.7638,10.9698,10.6166,10.9600,16148500
2007-09-19,10.9895,11.0385,10.6558,10.7343,20089000
2007-09-20,10.6853,10.7834,10.4792,10.5773,17641300
2007-09-21,10.6853,10.7049,10.4204,10.5283,15086200
2007-09-24,10.5087,10.5773,10.2830,10.3419,15227500
2007-09-25,10.3026,10.3222,10.1358,10.2143,21791600
2007-09-26,10.2732,10.7442,10.2339,10.5479,21082700
2007-09-27,10.8030,11.2740,10.7932,11.1464,27824400
2007-09-28,11.0974,11.1366,10.8521,10.8913,16632200
2007-10-01,10.8913,11.2642,10.8913,11.1366,18165500
2007-10-02,11.3231,11.6959,11.1366,11.5684,30962200
2007-10-03,10.9110,10.9110,10.3615,10.5381,61559800
2007-10-04,10.6362,10.6951,10.3320,10.4105,28411200
2007-10-05,10.4105,10.6460,10.3811,10.5970,21611300
2007-10-08,10.5773,10.5872,10.4498,10.5479,8277700
2007-10-09,10.5479,10.6166,10.3713,10.4400,12627700
2007-10-10,10.4792,10.5675,10.4204,10.5087,13675800
2007-10-11,10.5185,10.6460,10.3026,10.3615,21551100
2007-10-12,10.3811,10.4596,10.2339,10.2928,15028200
2007-10-15,10.3419,10.3713,10.1849,10.2634,12355400
2007-10-16,10.2339,10.4204,10.1849,10.2339,15029800
2007-10-17,10.4890,10.5479,10.1260,10.1751,20861800
2007-10-18,10.1554,10.3713,10.0671,10.3320,14327600
2007-10-19,10.2437,10.2928,9.8120,9.8905,27261300
2007-10-22,9.8120,9.9984,9.7629,9.8022,17491500
2007-10-23,9.8513,9.9199,9.6943,9.8022,15191700
2007-10-24,9.7237,9.7629,9.3705,9.5961,25428800
2007-10-25,9.5569,9.5961,9.1939,9.2527,16747900
2007-10-26,9.5078,9.8022,9.3214,9.5765,27512100
2007-10-29,9.6158,9.8120,9.6060,9.8022,14046700
2007-10-30,9.6943,10.2928,9.6550,10.1554,32208000
2007-10-31,10.1849,10.3909,10.1162,10.3124,15387700
2007-11-01,10.2732,10.4204,10.0769,10.1260,18359800
2007-11-02,10.2045,10.2742,9.8218,10.2732,15314700
2007-11-05,10.0867,10.1652,9.8120,9.9494,15005500
2007-11-06,9.9788,9.9788,9.5275,9.7335,16591100
2007-11-07,9.5275,9.6158,9.2920,9.3116,17739300
2007-11-08,9.3116,9.3214,8.8897,9.1546,21731600
2007-11-09,9.0761,9.6648,8.9387,9.4588,17532500
2007-11-12,9.4195,9.4404,9.1154,9.1448,11578500
2007-11-13,9.3705,9.3705,9.1055,9.2429,9205700
2007-11-14,9.2822,9.3705,9.1448,9.1742,12133000
2007-11-15,9.1546,9.2625,9.0074,9.0663,11324000
2007-11-16,9.1055,9.1644,8.7817,8.9780,18074700
2007-11-19,8.8799,9.0172,8.6640,8.6738,15812300
2007-11-20,8.6346,8.7523,8.1538,8.3696,30920400
2007-11-21,8.2715,8.2911,7.7515,7.9281,27608000
2007-11-23,7.9968,8.2617,7.9477,8.2127,6028600
2007-11-26,8.2323,8.2421,7.8692,7.8692,15012300
2007-11-27,7.9183,7.9379,7.6730,7.7907,17218500
2007-11-28,7.8398,8.3304,7.8005,8.3010,19404200
2007-11-29,8.2421,8.5463,8.0262,8.0753,17582900
2007-11-30,8.1930,8.3206,8.1145,8.1636,21701000
2007-12-03,8.1930,8.2715,8.0949,8.1440,11841200
2007-12-04,8.1145,8.5953,8.0851,8.4383,20817400
2007-12-05,8.6542,9.0761,8.6346,8.7817,23979800
2007-12-06,8.8014,9.1154,8.7916,9.0859,16201000
2007-12-07,9.0663,9.1350,8.6836,8.8602,14671500
2007-12-10,8.7229,8.8308,8.5659,8.8112,11961000
2007-12-11,8.8112,8.8112,8.4089,8.4383,10146000
2007-12-12,8.6346,8.7131,8.4089,8.4874,12660000
2007-12-13,8.3893,8.5463,8.1930,8.3108,13173700
2007-12-14,8.2028,8.3696,8.1832,8.2127,9475000
2007-12-17,8.1930,8.1930,7.6730,7.7417,17771600
2007-12-18,7.8300,7.8398,7.5749,7.6534,12400600
2007-12-19,7.6141,7.8104,7.5749,7.6926,8431700
2007-12-20,7.7711,7.8005,7.5552,7.7711,11179700
2007-12-21,7.5602,7.7024,7.2315,7.3884,25088000
2007-12-24,7.3394,7.4669,7.3198,7.4081,6218200
2007-12-26,7.3198,7.4228,7.2707,7.3590,9667500
2007-12-27,7.3099,7.3786,7.1824,7.2216,9681900
2007-12-28,7.2216,7.2609,7.0941,7.1333,12113500
2007-12-31,7.0843,7.1628,6.9763,7.1137,11670600
2008-01-02,7.1039,7.1431,6.8292,6.9077,13230900
2008-01-03,6.8782,6.9371,6.6525,6.8193,13825400
2008-01-04,6.7703,6.7801,6.2110,6.2797,23464100
2008-01-07,6.3386,6.4171,6.0540,6.2699,20100200
2008-01-08,6.3287,6.3484,6.0148,6.0638,13277100
2008-01-09,6.0344,6.1718,5.8676,6.0834,23785400
2008-01-10,6.0246,6.2208,5.8774,6.0834,18902500
2008-01-11,5.9755,6.2208,5.9559,5.9755,19571600
2008-01-14,6.1619,6.2306,6.0834,6.1325,27574500
2008-01-15,5.9853,6.0148,5.5045,5.6419,28836800
2008-01-16,5.3868,5.9363,5.3672,5.8185,27986200
2008-01-17,6.1816,6.2306,5.9363,5.9461,30850200
2008-01-18,6.1129,6.4563,6.0344,6.3189,28987200
2008-01-22,5.9853,6.2699,5.8480,6.1718,24938000
2008-01-23,6.0344,6.6918,5.9166,6.5740,28025500
2008-01-24,6.6722,6.8978,6.5250,6.8586,27504700
2008-01-25,6.9862,7.0156,6.3189,6.4072,19189300
2008-01-28,6.4171,6.4956,6.0540,6.4759,28075100
2008-01-29,6.6329,6.7801,6.5054,6.7409,21370600
2008-01-30,6.8488,7.0843,6.6918,6.8292,26347700
2008-01-31,6.6624,6.9665,6.5642,6.8586,15211600
2008-02-01,7.0156,7.7417,6.9665,7.6632,32796400
2008-02-04,7.7515,7.7515,7.2511,7.6632,24902300
2008-02-05,7.5847,7.8692,7.2903,7.6926,35902600
2008-02-06,7.6534,7.6534,6.8292,6.8586,28641300
2008-02-07,6.7016,7.2216,6.6722,6.9862,31693400
2008-02-08,6.9665,7.0548,6.5250,6.5642,26062000
2008-02-11,6.6525,6.7801,6.3680,6.7016,14910100
2008-02-12,6.8390,7.2413,6.8193,6.8880,23564000
2008-02-13,7.0450,7.2707,6.9665,7.2511,19322200
2008-02-14,7.0745,7.2118,7.0058,7.0352,19009300
2008-02-15,7.0745,7.1431,6.9273,6.9960,10909500
2008-02-19,7.3296,7.5356,7.2020,7.3786,20467500
2008-02-20,7.3099,7.7613,7.2805,7.6632,15621900
2008-02-21,7.6730,7.7711,7.1922,7.2413,23941800
2008-02-22,7.2609,7.4179,7.0941,7.3983,12433100
2008-02-25,7.4473,7.6730,7.3590,7.6239,12593900
2008-02-26,7.6337,7.6730,7.3688,7.5749,14996100
2008-02-27,7.4768,7.9772,7.4571,7.7122,22596900
2008-02-28,7.6730,7.7417,7.3884,7.4277,12760800
2008-02-29,7.3296,7.7024,7.3001,7.3786,15546800
2008-03-03,7.0646,7.5258,6.9469,7.0352,18580800
2008-03-04,6.6624,6.8978,6.5937,6.8488,17175100
2008-03-05,6.9469,7.0843,6.8193,6.9005,18794400
2008-03-06,6.8586,6.9371,6.6133,6.6133,12986500
2008-03-07,6.5250,6.9469,6.4857,6.7507,14431200
2008-03-10,6.7409,6.7409,6.2797,6.2895,16628400
2008-03-11,6.4367,6.7310,6.2404,6.7310,17288000
2008-03-12,6.6231,6.7310,6.3582,6.3778,20065300
2008-03-13,6.2699,6.4661,6.1914,6.3680,25134300
2008-03-14,6.4465,6.4759,5.8283,6.0246,27480100
2008-03-17,5.8676,5.9755,5.7204,5.9068,17664600
2008-03-18,5.9853,6.0246,5.6517,5.8774,25797100
2008-03-19,5.9166,5.9363,5.6910,5.6910,19933700
2008-03-20,5.7498,5.8774,5.6125,5.8676,15725400
2008-03-24,5.8872,6.0540,5.6615,5.7302,23791500
2008-03-25,5.7596,5.7989,5.5928,5.6812,31086900
2008-03-26,5.6321,5.6419,5.3279,5.3966,66969300
2008-03-27,5.5143,5.6910,5.3966,5.4162,26308400
2008-03-28,5.5045,5.5732,5.3181,5.3574,25689400
2008-03-31,5.4064,5.8872,5.3868,5.8578,66206100
2008-04-01,5.9951,6.1521,5.6615,5.8872,67238000
2008-04-02,5.9657,6.4072,5.9461,6.2699,51224000
2008-04-03,6.5740,6.8095,6.2797,6.6624,70409800
2008-04-04,6.6624,6.7409,6.5544,6.6329,22684000
2008-04-07,6.6918,6.7409,6.4857,6.5642,20802200
2008-04-08,6.3778,6.4956,6.2404,6.4171,22169400
2008-04-09,6.3876,6.7997,6.3778,6.6427,19457200
2008-04-10,6.7507,6.9175,6.6624,6.8586,20449400
2008-04-11,6.7212,6.9273,6.6722,6.7703,22026600
2008-04-14,6.7801,6.8586,6.5544,6.6035,15663900
2008-04-15,6.6231,6.6918,6.2993,6.6329,20029300
2008-04-16,6.7114,7.1137,6.6329,7.0548,29530700
2008-04-17,7.0156,7.0941,6.9175,7.0745,17835800
2008-04-18,7.1431,7.2903,7.1039,7.2609,27331100
2008-04-21,7.2805,7.3786,7.2118,7.2609,15714100
2008-04-22,7.2707,7.4081,7.1922,7.2903,24888700
2008-04-23,7.3394,7.6337,7.2609,7.4473,19386700
2008-04-24,7.4375,7.6043,7.1824,7.5651,22527000
2008-04-25,7.6141,7.6534,7.0646,7.5356,25172500
2008-04-28,7.4571,7.7907,7.4571,7.7221,21425500
2008-04-29,7.7711,7.9085,7.6926,7.7122,23843400
2008-04-30,7.7319,7.7368,7.4964,7.5749,21630700
2008-05-01,7.5651,8.0066,7.5356,7.9477,17061000
2008-05-02,7.9968,8.1243,7.8202,8.0851,17674400
2008-05-05,8.0164,8.2617,7.9674,8.1145,16765300
2008-05-06,8.2225,8.2911,7.8889,8.1342,22790800
2008-05-07,8.0753,8.2028,7.9968,8.0360,18811500
2008-05-08,8.1145,8.1636,7.8897,8.0655,17555800
2008-05-09,8.0066,8.3304,7.9772,8.2127,14000500
2008-05-12,8.2519,8.2519,8.0164,8.1636,10955000
2008-05-13,8.1145,8.2127,8.0753,8.1734,25054200
2008-05-14,8.2323,8.6248,8.1538,8.3795,27410300
2008-05-15,8.4580,8.7327,8.3108,8.6738,20061500
2008-05-16,8.7719,8.7916,8.4481,8.6738,16670100
2008-05-19,8.6934,8.8014,8.4776,8.5953,19634300
2008-05-20,8.5070,8.5953,7.9379,8.0557,37895700
2008-05-21,8.2323,8.3893,8.1047,8.2028,28766500
2008-05-22,8.1930,8.1930,7.8398,8.0066,22897700
2008-05-23,7.9477,8.2519,7.9477,8.0557,18846400
2008-05-27,8.0851,8.2127,7.8398,7.9870,13625300
2008-05-28,8.0557,8.1930,8.0360,8.1145,12527100
2008-05-29,8.0949,8.1145,7.8889,7.9379,14430200
2008-05-30,7.9968,8.0851,7.8398,7.9183,16494300
2008-06-02,7.9477,8.1440,7.9183,8.0458,17669600
2008-06-03,8.0851,8.1832,7.8692,8.0066,15551800
2008-06-04,8.0262,8.3108,8.0066,8.2519,17987200
2008-06-05,8.3304,8.4678,8.1832,8.3696,21619700
2008-06-06,8.3304,8.4187,8.1243,8.1342,16102200
2008-06-09,8.1145,8.1440,7.7221,7.8692,25219300
2008-06-10,7.8005,7.8005,7.6239,7.6534,14627400
2008-06-11,7.6534,7.6534,7.1431,7.2020,23443200
2008-06-12,7.2315,7.4375,7.1431,7.2020,15136000
2008-06-13,7.2020,7.5160,7.1922,7.5160,11387400
2008-06-16,7.5062,7.7711,7.4375,7.5847,13248100
2008-06-17,7.6730,7.7221,7.2413,7.2903,14729900
2008-06-18,7.2315,7.2609,6.7212,7.0156,34125700
2008-06-19,6.9665,7.3394,6.9567,7.3001,17994500
2008-06-20,7.1039,7.2707,7.0450,7.0941,13099200
2008-06-23,7.1137,7.1137,6.8095,6.8782,16210800
2008-06-24,7.0058,7.3099,6.8684,7.2609,17336700
2008-06-25,7.2020,7.4964,7.2020,7.3884,17751200
2008-06-26,7.3296,7.3296,6.7507,6.8586,29311100
2008-06-27,6.7212,6.7310,5.9461,5.9853,39929500
2008-06-30,6.0049,6.0319,5.7989,5.8872,23209900
2008-07-01,5.8087,5.8578,5.4359,5.6812,30264600
2008-07-02,5.7891,5.9265,5.7204,5.7989,36230500
2008-07-03,5.8381,5.8872,5.4653,5.6615,15156600
2008-07-07,5.6812,5.7695,5.3083,5.3770,26716000
2008-07-08,5.3770,5.4555,5.2494,5.4162,33765500
2008-07-09,5.5438,5.5536,5.3279,5.3574,26541500
2008-07-10,5.3672,5.4555,5.2789,5.3574,23527400
2008-07-11,5.2887,5.5143,5.1121,5.3377,24292300
2008-07-14,5.2887,5.3966,5.0434,5.1807,15155200
2008-07-15,5.1317,5.2789,5.0139,5.1807,17888600
2008-07-16,5.2004,5.4555,5.0826,5.4064,17253600
2008-07-17,5.4751,5.5536,5.2004,5.3475,23322500
2008-07-18,5.3181,5.6419,5.2592,5.5928,19274600
2008-07-21,5.6223,5.6517,5.5045,5.5536,13674900
2008-07-22,5.3574,5.3868,5.0041,5.0336,35223100
2008-07-23,5.1709,5.2592,4.9943,5.0336,34464300
2008-07-24,5.0336,5.0630,4.7784,4.8177,19817200
2008-07-25,4.8275,4.9060,4.7392,4.8766,16039600
2008-07-28,4.8569,4.8668,4.4645,4.4939,20754200
2008-07-29,4.3663,4.6116,4.3369,4.5920,25860000
2008-07-30,4.6509,4.7098,4.5135,4.6607,16873600
2008-07-31,4.6215,4.9158,4.6116,4.7392,23520500
2008-08-01,4.7392,4.8275,4.5528,4.5822,12473200
2008-08-04,4.5822,4.7784,4.5724,4.6607,10411400
2008-08-05,4.8177,4.8471,4.5528,4.6411,17178900
2008-08-06,4.6607,4.9158,4.5528,4.8864,21883200
2008-08-07,4.8864,5.1955,4.7883,5.0041,28080500
2008-08-08,5.0237,5.2102,4.9453,5.1709,15284200
2008-08-11,5.0532,5.3377,5.0532,5.2887,17692100
2008-08-12,5.3279,5.3279,5.1513,5.1709,12200600
2008-08-13,5.1807,5.1906,4.9256,5.0041,15560300
2008-08-14,5.0041,5.3083,4.9354,5.2690,18230700
2008-08-15,5.2985,5.3377,5.2200,5.2887,7852000
2008-08-18,5.2985,5.3181,4.9354,4.9943,12512400
2008-08-19,4.9845,5.0041,4.7784,4.8079,9356000
2008-08-20,4.8668,4.8766,4.5528,4.6116,20084100
2008-08-21,4.6116,4.6509,4.5037,4.5920,8899600
2008-08-22,4.6313,4.6901,4.4743,4.6018,9816400
2008-08-25,4.5626,4.6509,4.3958,4.4056,16575900
2008-08-26,4.4056,4.4056,4.1309,4.1603,23080600
2008-08-27,4.1995,4.2192,4.1358,4.1799,19571900
2008-08-28,4.2094,4.2486,4.1603,4.2094,11268500
2008-08-29,4.1701,4.2192,4.1309,4.1603,9589900
2008-09-02,4.2290,4.2878,4.1210,4.1407,10469200
2008-09-03,4.1407,4.2584,4.1112,4.2388,15584700
2008-09-04,4.2094,4.3369,4.0818,4.0916,20512500
2008-09-05,4.1112,4.3369,4.0425,4.2780,20506300
2008-09-08,4.4154,4.5037,4.1603,4.3271,20929700
2008-09-09,4.3075,4.5528,4.2584,4.3271,29352800
2008-09-10,4.3173,4.9158,4.3173,4.8177,37660800
2008-09-11,4.6018,4.9943,4.5331,4.8275,25084800
2008-09-12,4.7883,5.1022,4.7196,5.0336,24919200
2008-09-15,4.8177,4.8177,4.2486,4.2584,25168700
2008-09-16,3.9248,3.9739,3.5421,3.9248,37335400
2008-09-17,3.9444,4.3565,3.7776,3.8267,32015400
2008-09-18,3.9346,4.3467,3.8954,4.1799,30633500
2008-09-19,4.5430,4.9060,4.4154,4.7490,33386500
2008-09-22,4.7098,4.7098,4.2094,4.2486,24001000
2008-09-23,4.1701,4.4056,4.0131,4.0131,28242800
2008-09-24,4.1014,4.4350,4.0425,4.2780,32459200
2008-09-25,4.2584,4.8177,4.1995,4.5822,34318700
2008-09-26,4.2977,4.7196,4.2682,4.5626,21651800
2008-09-29,4.4547,4.5037,3.9248,3.9542,22757100
2008-09-30,4.1112,4.1309,3.8365,3.9739,28863600
2008-10-01,4.0131,4.4939,3.8954,4.2192,38435500
2008-10-02,4.1210,4.5626,4.0229,4.3958,33024400
2008-10-03,4.4645,4.9158,4.3369,4.3565,24052500
2008-10-06,4.2192,4.2388,3.6991,3.9837,27587200
2008-10-07,4.1014,4.3958,3.7384,3.8365,29317000
2008-10-08,3.8169,3.9444,3.6059,3.7972,35739900
2008-10-09,3.8954,4.1130,3.7874,3.8071,30689500
2008-10-10,3.5912,3.9444,3.3950,3.4833,39933700
2008-10-13,3.8757,4.1701,3.8169,4.1309,20126100
2008-10-14,4.3565,4.6116,4.0818,4.4252,34528600
2008-10-15,4.2977,4.4350,3.9641,3.9837,31865800
2008-10-16,4.0622,4.1505,3.7286,3.9739,36536100
2008-10-17,3.9052,4.3075,3.7874,4.0425,17368600
2008-10-20,4.0818,4.4252,4.0818,4.3663,23147600
2008-10-21,4.2388,4.5920,4.1799,4.3860,23219000
2008-10-22,4.3369,4.4645,4.0720,4.2584,19590600
2008-10-23,4.1701,4.2584,3.6795,3.8463,29844700
2008-10-24,3.3655,3.8267,3.2380,3.4833,24207600
2008-10-27,3.3557,3.6010,3.2968,3.3263,15677600
2008-10-28,3.5127,3.6697,3.1889,3.6697,19668000
2008-10-29,3.6304,4.1210,3.5421,3.8071,30964500
2008-10-30,3.9739,4.3663,3.9346,4.3467,15430500
2008-10-31,4.2780,4.7000,4.2486,4.6215,20939000
2008-11-03,4.6215,4.9060,4.5528,4.5920,18629900
2008-11-04,4.7196,4.9747,4.6607,4.8864,16018400
2008-11-05,4.7883,5.0728,4.6803,4.7098,23092800
2008-11-06,4.6607,4.6901,4.2192,4.2977,15590700
2008-11-07,4.3467,4.6509,4.2388,4.3958,14851100
2008-11-10,4.4154,4.4547,3.8365,3.9150,14998700
2008-11-11,3.8659,3.8659,3.5421,3.6599,25014000
2008-11-12,3.5618,3.6501,3.0417,3.0417,21917400
2008-11-13,3.0319,3.1104,2.5806,3.0417,36145700
2008-11-14,3.0025,3.0712,2.5806,2.6983,28324200
2008-11-17,2.7277,2.7277,2.4628,2.5217,15277600
2008-11-18,2.5609,2.6983,2.3353,2.4138,21684500
2008-11-19,2.4039,2.4628,1.9624,2.0311,28025400
2008-11-20,2.0016,2.0016,1.5601,1.6582,33455000
2008-11-21,1.7171,1.8643,1.6288,1.8348,25536800
2008-11-24,1.8643,2.0900,1.8545,2.0605,23707800
2008-11-25,2.1194,2.2470,2.0115,2.2175,16871500
2008-11-26,2.2470,2.5217,2.1685,2.3451,18407900
2008-11-28,2.3451,2.7866,2.2666,2.6885,8796800
2008-12-01,2.6492,2.6492,2.1979,2.1979,12159900
2008-12-02,2.2568,2.3647,1.9035,2.0507,22211300
2008-12-03,1.9918,2.0115,1.8496,1.9526,41899300
2008-12-04,1.9526,2.0409,1.7171,1.7760,31921100
2008-12-05,1.7662,2.0703,1.7662,2.0016,29109300
2008-12-08,2.0900,2.1881,1.9722,2.0409,21068800
2008-12-09,2.0605,2.3254,1.9526,2.1586,19460400
2008-12-10,2.2273,2.2862,2.0016,2.0311,14340300
2008-12-11,2.0115,2.0703,1.7956,1.8152,39102000
2008-12-12,1.7367,2.0311,1.7269,2.0311,15945100
2008-12-15,2.0409,2.0507,1.8152,1.8643,12514000
2008-12-16,1.8839,2.0115,1.8643,1.9918,11970200
2008-12-17,1.9232,2.2077,1.9232,2.1292,18957800
2008-12-18,2.2077,2.6983,2.1586,2.5609,45137200
2008-12-19,2.8160,2.9436,2.6492,2.9338,35752200
2008-12-22,2.6983,2.9044,2.3058,2.5609,31676200
2008-12-23,2.5904,2.6492,2.2175,2.3156,18154200
2008-12-24,2.1586,2.6492,2.0801,2.5413,19548100
2008-12-26,2.6689,2.6885,2.4923,2.5413,5992100
2008-12-29,2.5021,2.5511,2.2077,2.3156,13096600
2008-12-30,2.3058,2.4039,2.2371,2.3941,12019400
2008-12-31,2.3941,2.6492,2.3941,2.5904,11978200
2009-01-02,2.6002,2.8455,2.5806,2.7866,17537200
2009-01-05,2.8847,3.3753,2.7866,3.2576,36158500
2009-01-06,3.3361,3.6010,3.2968,3.4048,30659700
2009-01-07,3.4146,3.4146,3.0712,3.2183,25676100
2009-01-08,3.1398,3.3753,3.1398,3.3459,23386700
2009-01-09,3.3066,3.4440,3.1693,3.2282,30671800
2009-01-12,3.2674,3.2772,2.9436,3.1006,21301400
2009-01-13,3.0319,3.2183,2.8160,3.0908,21294900
2009-01-14,2.8160,2.9927,2.8160,2.8749,16979900
2009-01-15,2.8553,3.1300,2.7670,2.9338,16682100
2009-01-16,3.0613,3.3851,3.0123,3.3361,25287200
2009-01-20,3.3361,3.4342,2.9927,3.0221,22219300
2009-01-21,3.1398,3.4244,3.0025,3.3753,24215000
2009-01-22,3.2772,3.2870,3.0712,3.1889,15329100
2009-01-23,3.1300,3.5323,3.0712,3.4931,31795600
2009-01-26,3.4833,3.6304,3.2576,3.3361,15894900
2009-01-27,3.3851,3.4931,3.3165,3.4244,10346000
2009-01-28,3.5323,3.7874,3.5323,3.6893,19046500
2009-01-29,3.6304,3.6501,3.3655,3.5029,17313600
2009-01-30,3.5225,3.6991,3.3851,3.6501,24624100
2009-02-02,3.6893,3.9248,3.4342,3.5323,29865800
2009-02-03,3.5323,3.7286,3.3950,3.6893,25730700
2009-02-04,3.7678,4.0818,3.6304,3.8267,26393800
2009-02-05,3.7482,4.0622,3.6010,3.9935,21801700
2009-02-06,4.0033,4.1701,3.8856,4.0033,33462900
2009-02-09,4.0229,4.3173,3.9739,4.2388,32067100
2009-02-10,4.1897,4.2388,3.8667,3.9444,36212100
2009-02-11,3.9739,3.9739,3.4931,3.8071,27143600
2009-02-12,3.7678,3.9052,3.6206,3.8659,26146300
2009-02-13,3.8757,3.8856,3.6304,3.6599,23726500
2009-02-17,3.4833,3.4833,2.9829,3.2380,27806600
2009-02-18,3.2772,3.3263,3.0810,3.1398,17991200
2009-02-19,3.2380,3.3851,2.9142,2.9436,17100300
2009-02-20,2.8651,2.8651,2.6394,2.7572,32417400
2009-02-23,2.7964,2.9044,2.7081,2.7572,20266700
2009-02-24,2.7474,3.2183,2.7474,3.1595,19236400
2009-02-25,3.1398,3.2380,3.0025,3.1595,18638300
2009-02-26,3.2183,3.3851,3.1497,3.2282,19055600
2009-02-27,3.1398,3.3165,3.0123,3.1595,8332300
2009-03-02,3.0712,3.1889,2.9142,2.9534,10161600
2009-03-03,3.0025,3.1889,3.0025,3.0319,14254400
2009-03-04,3.1300,3.2478,3.0417,3.1398,13858100
2009-03-05,3.0712,3.1300,3.0123,3.0908,10515100
2009-03-06,3.1300,3.1693,2.6591,2.8553,26470900
2009-03-09,2.8160,2.8651,2.5021,2.5315,22148900
2009-03-10,2.6002,2.8455,2.6002,2.8259,22971600
2009-03-11,2.8651,3.2134,2.8553,3.1398,22710700
2009-03-12,3.1202,3.5127,3.0712,3.4342,33988700
2009-03-13,3.4636,3.5814,3.4342,3.5716,13162600
2009-03-16,3.7580,3.7678,3.5323,3.5814,20522800
2009-03-17,3.5912,3.6304,3.4244,3.6108,16626600
2009-03-18,3.5814,3.8169,3.5029,3.6991,25042900
2009-03-19,3.6403,3.7580,3.5421,3.6010,15409700
2009-03-20,3.6108,3.6697,3.3655,3.3655,17205500
2009-03-23,3.4931,3.7678,3.4440,3.7384,16158400
2009-03-24,3.6893,3.7384,3.4636,3.5814,17986000
2009-03-25,3.6795,3.8856,3.4833,3.6403,18583800
2009-03-26,3.8365,4.1995,3.7874,4.1407,40555900
2009-03-27,4.1112,4.2682,4.0229,4.0916,20241600
2009-03-30,4.0131,4.0131,3.7678,3.8071,11101800
2009-03-31,3.9150,4.1014,3.8659,3.9837,15048500
2009-04-01,3.8659,4.1014,3.7089,4.1014,22217500
2009-04-02,4.2290,4.5430,4.1701,4.5430,28590400
2009-04-03,4.3467,4.5724,4.2192,4.4154,24172900
2009-04-06,4.3271,4.4841,4.1701,4.4350,21403700
2009-04-07,4.2290,4.4154,4.0916,4.2290,28308000
2009-04-08,4.1210,4.1995,3.9346,4.1995,48840200
2009-04-09,4.3467,4.5626,4.2682,4.3663,101931500
2009-04-13,4.2780,4.3565,4.1210,4.3075,25297200
2009-04-14,4.3173,4.4645,4.0622,4.2192,29259100
2009-04-15,4.1505,4.4159,4.0965,4.4154,28901300
2009-04-16,4.5626,4.9845,4.5626,4.8864,49211300
2009-04-17,4.9845,5.0041,4.7196,4.9060,28575700
2009-04-20,4.8275,4.8766,4.4645,4.5037,19544200
2009-04-21,4.4841,4.7490,4.4056,4.6116,24447000
2009-04-22,4.7000,5.1807,4.7000,4.9354,36103600
2009-04-23,5.0336,5.1022,4.7098,4.8275,23204000
2009-04-24,4.8471,4.8962,4.5430,4.7686,26185400
2009-04-27,4.6116,4.8569,4.4645,4.5724,22356900
2009-04-28,4.4743,4.6018,4.3860,4.4743,19931700
2009-04-29,4.5822,4.8471,4.5331,4.7490,14742800
2009-04-30,4.8177,4.9943,4.7686,4.7883,36756100
2009-05-01,4.6116,4.8471,4.6116,4.7981,13297600
2009-05-04,4.9845,5.1807,4.8079,5.1709,19320900
2009-05-05,5.1415,5.3475,5.0237,5.3377,25773000
2009-05-06,5.2985,5.5340,5.1906,5.2877,22526600
2009-05-07,5.0826,5.2298,4.7000,4.8275,25779000
2009-05-08,4.9747,4.9845,4.5135,4.7588,18493400
2009-05-11,4.4841,4.7000,4.4350,4.5724,19878200
2009-05-12,4.6018,4.6705,4.1897,4.3369,25242300
2009-05-13,4.2486,4.3369,4.1014,4.2388,19911200
2009-05-14,4.2192,4.5430,4.1701,4.4645,17710600
2009-05-15,4.4645,4.5626,4.1603,4.1603,20959800
2009-05-18,4.2682,4.6411,4.2682,4.5920,25021000
2009-05-19,4.4939,4.8766,4.4939,4.7588,21936500
2009-05-20,4.8079,5.1317,4.7098,4.7098,26672700
2009-05-21,4.6607,4.6705,4.3369,4.4939,20397200
2009-05-22,4.5528,4.5822,4.3762,4.4252,8135900
2009-05-26,4.3860,4.6901,4.3762,4.5626,12759400
2009-05-27,4.5724,4.8422,4.5528,4.6803,16166400
2009-05-28,4.7981,4.8226,4.4547,4.7686,15240900
2009-05-29,4.8079,4.9943,4.7000,4.9649,17532900
2009-06-01,5.1317,5.3083,4.9354,5.2200,20826100
2009-06-02,5.1121,5.2102,4.9256,4.9747,19870700
2009-06-03,4.8373,5.1513,4.8079,4.8766,27710700
2009-06-04,4.9649,5.3966,4.9551,5.3966,34308900
2009-06-05,5.4260,5.5340,5.1415,5.2004,17074900
2009-06-08,5.2004,5.2690,5.0237,5.2004,12901500
2009-06-09,5.2592,5.5438,5.2004,5.4751,18453400
2009-06-10,5.6027,5.8185,5.4359,5.7498,26441400
2009-06-11,5.7989,5.7989,5.3279,5.4849,25317200
2009-06-12,5.5143,5.5143,5.0924,5.3672,18813000
2009-06-15,5.3181,5.3279,5.0924,5.2200,16713300
2009-06-16,5.2690,5.2887,5.0532,5.1022,12111200
2009-06-17,5.0336,5.3475,5.0041,5.2004,17596500
2009-06-18,5.2102,5.3377,5.0530,5.1611,14768700
2009-06-19,5.2494,5.3966,5.1709,5.2298,19668300
2009-06-22,5.2200,5.4162,4.9158,4.9256,25984100
2009-06-23,4.9747,5.0041,4.6607,4.7588,25294800
2009-06-24,4.9060,5.1317,4.8569,5.0434,19099300
2009-06-25,5.0336,5.2592,4.9453,5.2004,25061000
2009-06-26,4.9551,5.2789,4.9551,5.0041,25999700
2009-06-29,4.9845,5.0581,4.9354,5.0139,12436100
2009-06-30,5.0139,5.1317,4.8569,4.9649,16379200
2009-07-01,5.0336,5.1513,4.9845,5.0826,15905400
2009-07-02,5.0139,5.0924,4.8668,4.9060,15697600
2009-07-06,4.9060,4.9747,4.7588,4.7981,14734700
2009-07-07,4.8275,4.9551,4.5822,4.6116,13720600
2009-07-08,4.6116,4.7392,4.4645,4.6313,21738000
2009-07-09,4.6705,5.0434,4.6705,4.9453,25405000
2009-07-10,4.9158,5.0826,4.8569,4.9845,17748400
2009-07-13,4.9845,5.1121,4.8373,5.1121,17046300
2009-07-14,5.1022,5.2494,5.0630,5.2200,18784200
2009-07-15,5.3672,5.5732,5.3574,5.4751,19363400
2009-07-16,5.4653,5.6713,5.3377,5.6419,18748400
2009-07-17,5.4947,5.6419,5.4947,5.6419,14635000
2009-07-20,5.6517,5.8087,5.5536,5.7793,15618100
2009-07-21,5.7989,5.9755,5.6517,5.7400,32388900
2009-07-22,5.7400,6.0736,5.7204,6.0442,27385600
2009-07-23,5.9265,6.1718,5.8578,6.0834,21879800
2009-07-24,5.9755,6.1619,5.8381,6.1521,16647800
2009-07-27,6.1521,6.2699,6.0540,6.2110,12301900
2009-07-28,6.1619,6.3484,6.0933,6.2797,17324000
2009-07-29,6.3091,6.3091,6.0344,6.0638,18631700
2009-07-30,6.2208,6.2601,6.0344,6.0442,19606700
2009-07-31,6.0442,6.3189,6.0442,6.2699,24461400
2009-08-03,6.3484,6.7114,6.3386,6.6427,25368500
2009-08-04,6.5446,6.6329,6.4857,6.6329,15276000
2009-08-05,6.6427,6.7605,6.5250,6.6133,17496900
2009-08-06,6.7507,6.8488,6.5152,6.6624,26835900
2009-08-07,6.7997,6.8488,6.5446,6.7016,16418400
2009-08-10,6.6918,6.7114,6.4367,6.5054,17633200
2009-08-11,6.6722,6.7507,6.5250,6.6722,19848200
2009-08-12,6.6722,6.7997,6.6133,6.6329,18726000
2009-08-13,6.6476,6.9371,6.5250,6.8782,28545200
2009-08-14,6.7899,6.8978,6.5348,6.5937,21905600
2009-08-17,6.3287,6.5446,6.2699,6.4465,18909400
2009-08-18,6.5054,6.7016,6.4563,6.6624,14723400
2009-08-19,6.6035,6.6525,6.4857,6.5544,18508700
2009-08-20,6.5348,6.6918,6.4857,6.6624,16099000
2009-08-21,6.7016,7.0254,6.6329,7.0058,20194100
2009-08-24,6.9763,7.1137,6.9273,6.9567,10647500
2009-08-25,6.9960,7.1137,6.8586,7.0646,16126600
2009-08-26,7.0450,7.1235,7.0156,7.1137,16188100
2009-08-27,7.1431,7.1431,6.7703,7.0646,24094100
2009-08-28,7.2315,7.4375,7.1628,7.4179,26349200
2009-08-31,7.3099,7.3296,7.1431,7.2315,11537900
2009-09-01,7.2315,7.3492,6.8684,6.8880,18832700
2009-09-02,6.8978,7.0254,6.8292,6.8586,19699000
2009-09-03,6.9960,7.0745,6.7997,7.0352,24841400
2009-09-04,7.0548,7.2511,7.0352,7.2118,15770300
2009-09-08,7.5160,7.6141,7.2903,7.6043,21123000
2009-09-09,7.5749,7.6926,7.3983,7.6534,23055400
2009-09-10,7.6828,8.0557,7.6239,7.9772,31124800
2009-09-11,8.0655,8.0655,7.5651,7.7221,29072400
2009-09-14,7.6632,7.8300,7.4866,7.7711,19574500
2009-09-15,7.8300,8.0262,7.6141,7.9968,22076300
2009-09-16,8.0557,8.3402,7.9183,8.3402,32824000
2009-09-17,8.2421,8.4285,8.0557,8.0655,28145300
2009-09-18,8.1832,8.2715,7.9968,8.0458,26965600
2009-09-21,8.0360,8.2813,7.8692,8.1734,14153700
2009-09-22,8.2617,8.4972,8.0949,8.4678,22049700
2009-09-23,8.6051,8.6346,8.3500,8.3795,21233500
2009-09-24,8.5070,8.5070,7.8594,7.9575,29943400
2009-09-25,7.8790,8.1538,7.7515,7.9477,18743600
2009-09-28,8.0655,8.4383,8.0360,8.2813,28150900
2009-09-29,8.3893,8.4285,8.0262,8.2421,42728900
2009-09-30,8.2421,8.2911,7.9281,8.0458,46518200
2009-10-01,7.9674,8.0066,7.3296,7.3688,45492000
2009-10-02,7.2609,7.4277,7.0352,7.3198,29244600
2009-10-05,7.3884,7.8692,7.3198,7.8202,34334800
2009-10-06,7.9281,7.9919,7.6926,7.7417,28888900
2009-10-07,7.7024,8.0949,7.6828,8.0655,21986100
2009-10-08,8.1243,8.1930,8.0066,8.0655,23987600
2009-10-09,8.0164,8.6346,7.9968,8.6149,27846500
2009-10-12,8.6444,8.9584,8.5953,8.7131,20192900
2009-10-13,8.5855,8.7131,8.4187,8.4972,25274200
2009-10-14,8.8701,8.8995,8.5806,8.7425,21572100
2009-10-15,8.5855,8.7229,8.2715,8.4874,25642900
2009-10-16,8.2813,8.3206,7.7221,7.8005,55528600
2009-10-19,7.9379,7.9772,7.8005,7.8987,29843600
2009-10-20,7.9968,8.1734,7.8202,7.8790,24048700
2009-10-21,7.8594,7.9575,7.4866,7.4964,42083500
2009-10-22,7.6141,7.6337,7.1726,7.4571,41535000
2009-10-23,7.6632,7.7024,7.2609,7.3099,23726400
2009-10-26,7.3099,7.5945,7.2315,7.2413,23192400
2009-10-27,7.2511,7.3590,6.8978,6.9175,23846700
2009-10-28,6.8978,6.8978,6.5642,6.7016,37956100
2009-10-29,6.8095,7.1431,6.7703,7.1137,30576900
2009-10-30,7.1431,7.1431,6.6329,6.6624,26209200
2009-11-02,6.7507,6.8193,6.2677,6.4563,28297800
2009-11-03,6.1914,6.5446,6.0049,6.5250,39987000
2009-11-04,6.7212,6.9322,6.5740,6.6035,27511800
2009-11-05,6.7507,7.1137,6.6918,7.1039,27340800
2009-11-06,7.0745,7.2903,6.9077,6.9469,18512900
2009-11-09,7.1333,7.4768,7.0646,7.3688,25064700
2009-11-10,7.4375,7.5552,7.1431,7.2609,16333600
2009-11-11,7.3786,7.5945,7.2609,7.3786,17682100
2009-11-12,7.3688,7.5356,7.3198,7.4669,17636100
2009-11-13,7.3688,7.4571,7.2315,7.3688,19330300
2009-11-16,7.3983,7.6337,7.3983,7.4964,13330500
2009-11-17,7.4768,7.5749,7.3786,7.5749,12501600
2009-11-18,7.4768,7.4964,7.2511,7.3394,26648100
2009-11-19,7.1333,7.1431,6.7212,6.9862,28498000
2009-11-20,6.9175,7.1726,6.8095,7.1235,22980400
2009-11-23,7.2118,7.4277,7.1530,7.3786,25303000
2009-11-24,7.3884,7.5128,7.2903,7.3884,21344800
2009-11-25,7.3786,7.4277,7.2511,7.3198,11280300
2009-11-27,6.9960,7.3198,6.9175,7.1628,7287600
2009-11-30,7.2511,7.3884,7.1628,7.3786,15458200
2009-12-01,7.4866,7.6337,7.4179,7.6239,15331200
2009-12-02,7.6534,8.0753,7.5945,8.0066,41423100
2009-12-03,7.9477,8.6738,7.9183,8.2127,69296100
2009-12-04,8.4285,8.4580,8.0557,8.2911,27532900
2009-12-07,8.2813,8.5168,8.2127,8.3696,16339600
2009-12-08,8.4580,8.5561,8.3598,8.4383,23356200
2009-12-09,8.4580,8.5266,8.3402,8.4285,14077600
2009-12-10,8.4481,8.6149,8.2094,8.5561,17202400
2009-12-11,8.5659,8.5659,8.4089,8.4776,10835200
2009-12-14,8.5266,8.8210,8.4187,8.8210,14678400
2009-12-15,8.7817,8.8308,8.5659,8.6444,21625100
2009-12-16,8.7229,8.8799,8.6248,8.6346,25443900
2009-12-17,8.5561,8.7131,8.5364,8.5659,11748200
2009-12-18,8.6542,8.6836,8.5070,8.6149,22744900
2009-12-21,8.8701,9.1350,8.8308,9.1350,36713500
2009-12-22,9.1939,9.3018,9.1055,9.2331,39551000
2009-12-23,9.5667,9.8120,9.5176,9.8022,60070000
2009-12-24,9.8807,10.0966,9.8218,9.9690,17088200
2009-12-28,10.0769,10.2536,9.8316,9.8513,29422900
2009-12-29,9.8905,10.2928,9.6158,10.1849,33330000
2009-12-30,10.1162,10.4596,10.0573,10.4400,20363600
2009-12-31,10.5479,10.6657,10.3615,10.3615,20612800
2010-01-04,10.6166,10.8325,10.5773,10.6460,34412700
2010-01-05,10.6558,11.0778,10.4302,10.9600,60659000
2010-01-06,10.8717,11.1268,10.7834,11.0091,32060400
2010-01-07,11.0189,11.0385,10.3615,10.6362,46461800
2010-01-08,10.5479,10.9600,10.4204,10.8913,32433400
2010-01-11,11.0385,11.1023,10.6166,10.6951,29135200
2010-01-12,10.4498,10.4596,9.9494,10.0671,46116000
2010-01-13,10.1162,10.3615,9.7826,10.2634,33519600
2010-01-14,10.2339,10.7442,10.2339,10.5283,33723700
2010-01-15,10.4989,10.4989,9.8513,9.9396,30994100
2010-01-19,9.9494,10.1064,9.8513,10.0867,18545400
2010-01-20,9.8120,9.8807,9.5471,9.7924,42195400
2010-01-21,9.8807,10.0475,9.5765,9.6158,38274500
2010-01-22,9.5176,9.5285,8.9191,8.9584,44447500
2010-01-25,9.1055,9.2429,8.9976,9.1546,23995600
2010-01-26,9.1805,9.5569,9.0957,9.2625,25159600
2010-01-27,9.3018,9.5569,9.1742,9.5373,21637400
2010-01-28,9.5471,9.5667,8.9289,9.2233,32249900
2010-01-29,9.2723,9.3214,8.4089,8.5561,42655600
2010-02-01,8.7131,9.0270,8.6738,8.9976,19407600
2010-02-02,9.0908,9.3214,9.0761,9.1742,21667700
2010-02-03,8.9878,9.1448,8.7621,8.8504,25361500
2010-02-04,8.9387,9.0074,8.3893,8.4481,26692400
2010-02-05,8.4639,8.5463,8.1145,8.5364,36413100
2010-02-08,8.6051,8.8799,8.4285,8.7425,20271500
2010-02-09,8.9976,9.1055,8.6738,8.9093,20847800
2010-02-10,8.4481,8.5659,8.0262,8.3795,70622100
2010-02-11,8.4040,8.6149,8.2617,8.3696,50941600
2010-02-12,8.2617,8.5757,8.1636,8.2813,44233500
2010-02-16,8.4776,8.5463,8.3304,8.4678,25227300
2010-02-17,8.6248,8.6248,8.3991,8.5659,18426500
2010-02-18,8.4874,8.6051,8.4285,8.5953,22489100
2010-02-19,8.6002,8.9682,8.4972,8.7327,28672300
2010-02-22,8.8995,8.9387,8.7425,8.7719,16121600
2010-02-23,8.6640,8.6640,8.2617,8.4481,28626100
2010-02-24,8.5364,9.0565,8.4776,8.9191,34303400
2010-02-25,8.7033,8.9191,8.5561,8.8995,20920800
2010-02-26,8.9093,8.9780,8.7033,8.8897,20385500
2010-03-01,9.0663,9.6060,9.0270,9.5863,39158600
2010-03-02,9.3607,9.5569,9.3312,9.3901,40226300
2010-03-03,9.3977,9.5176,9.2135,9.2723,25133700
2010-03-04,9.2331,9.2527,8.9976,9.2331,19757600
2010-03-05,9.3803,9.3999,9.1448,9.2822,15691200
2010-03-08,9.3018,9.4686,9.1840,9.4097,26708500
2010-03-09,9.2822,9.4195,9.1644,9.2331,33738200
2010-03-10,9.4490,9.7728,9.3901,9.6845,39335100
2010-03-11,9.6648,9.7139,9.4392,9.6158,20021700
2010-03-12,9.8900,10.0573,9.5176,9.7826,33689400
2010-03-15,9.7335,9.7531,9.4195,9.5471,25969100
2010-03-16,9.6648,10.0475,9.6158,10.0181,24369500
2010-03-17,10.1358,10.3124,10.0377,10.2045,26403900
2010-03-18,10.1064,10.2045,9.8611,9.9690,20228500
2010-03-19,10.0769,10.0769,9.7629,9.7629,19780300
2010-03-22,9.6452,10.1652,9.5667,10.1358,19351100
2010-03-23,10.2045,10.3713,10.1456,10.3419,22122400
2010-03-24,10.4172,10.4302,10.1751,10.2339,18182900
2010-03-25,10.4678,10.5872,10.1554,10.1849,24965500
2010-03-26,10.3419,10.5283,10.0671,10.2928,25900400
2010-03-29,10.4596,10.5872,10.3811,10.4302,22226000
2010-03-30,10.5185,10.6951,10.4694,10.5872,37351400
2010-03-31,10.5185,10.5479,10.1652,10.1751,38781500
2010-04-01,10.8226,10.8423,9.9199,9.9788,127588500
2010-04-05,10.1751,10.4400,10.0573,10.4007,52480400
2010-04-06,10.4302,10.4400,10.0181,10.0377,42605400
2010-04-07,10.0377,10.4498,9.9396,10.3615,44194700
2010-04-08,10.3320,10.4792,10.1751,10.3811,33101100
2010-04-09,10.5087,10.6166,10.4498,10.5283,24270800
2010-04-12,10.5430,10.7442,10.3811,10.6166,37146600
2010-04-13,10.5872,10.6460,10.4302,10.5577,28036500
2010-04-14,10.8423,11.1857,10.7834,11.0876,49938700
2010-04-15,10.9993,11.1661,10.9060,10.9698,29166900
2010-04-16,10.8815,10.8913,10.4890,10.7147,36300600
2010-04-19,10.6068,10.7932,10.2830,10.5872,26286700
2010-04-20,10.6657,10.7638,10.4694,10.5479,24288400
2010-04-21,10.7343,10.8717,10.3468,10.5381,38628600
2010-04-22,10.4105,10.8030,10.2143,10.7245,31721200
2010-04-23,10.7736,10.7981,10.5479,10.7932,25333300
2010-04-26,10.7638,10.8226,10.6755,10.7638,17543000
2010-04-27,10.6362,10.6460,10.0867,10.1456,32056800
2010-04-28,10.2241,10.2830,9.5373,10.0475,66819300
2010-04-29,10.2094,10.2143,9.8611,10.0181,23934600
2010-04-30,9.9494,9.9592,9.1546,9.1742,52942300
2010-05-03,9.2429,9.7531,9.2429,9.7041,49168500
2010-05-04,9.4686,9.4882,9.1350,9.3410,50180800
2010-05-05,9.1154,9.3116,8.8112,9.0859,37391100
2010-05-06,9.1154,9.2621,7.1824,8.5855,66628800
2010-05-07,8.6346,8.6346,7.8889,8.4089,64580800
2010-05-10,9.0270,9.0761,8.6640,8.9191,38072100
2010-05-11,8.7082,8.8995,8.5561,8.6542,38756000
2010-05-12,8.7327,9.2135,8.7033,9.1546,40603300
2010-05-13,9.1448,9.2822,8.9093,8.9682,32338500
2010-05-14,8.7916,8.8995,8.5855,8.7719,41915900
2010-05-17,8.7719,9.0369,8.6149,8.9976,39765600
2010-05-18,9.1448,9.2430,8.7817,8.9044,48380400
2010-05-19,8.8308,9.0663,8.5364,8.7916,29982200
2010-05-20,8.5364,8.8504,8.3206,8.5757,38295700
2010-05-21,8.2519,8.8602,8.2127,8.7621,38500300
2010-05-24,8.8063,9.0663,8.6051,8.6248,28877200
2010-05-25,8.2911,8.6542,8.1685,8.6346,33075400
2010-05-26,8.7817,8.9682,8.4678,8.5266,36250000
2010-05-27,8.8259,9.2822,8.7817,9.2625,37377100
2010-05-28,9.2233,9.2233,8.6444,8.9191,42979200
2010-06-01,8.7719,8.8504,8.4972,8.4972,41912600
2010-06-02,8.5953,9.0369,8.5855,9.0074,42953400
2010-06-03,9.1055,9.2822,8.8897,9.0663,43996900
2010-06-04,8.8014,9.1988,8.6493,8.6910,33060000
2010-06-07,8.8210,8.8210,8.2028,8.2225,35437500
2010-06-08,8.2911,8.4383,8.1145,8.3795,33551900
2010-06-09,8.4874,8.7327,8.3108,8.3696,28670500
2010-06-10,8.5561,8.6640,8.4187,8.6051,24131800
2010-06-11,8.4874,8.7719,8.4285,8.7621,23505500
2010-06-14,8.9191,8.9976,8.7327,8.7425,26395800
2010-06-15,8.8799,9.5667,8.8602,9.4980,52149700
2010-06-16,9.3410,9.7924,9.2822,9.7237,39003100
2010-06-17,9.8120,9.9101,9.5863,9.7335,28516400
2010-06-18,9.7139,9.9494,9.6354,9.8120,24574300
2010-06-21,10.0573,10.0966,9.6746,9.7335,26685500
2010-06-22,9.7531,9.9298,9.4195,9.4612,26920700
2010-06-23,9.4784,9.8022,9.3803,9.6354,28385000
2010-06-24,9.6354,9.7139,9.3361,9.4392,33938300
2010-06-25,9.5275,9.5667,9.1939,9.2822,30363300
2010-06-28,9.5471,9.9003,9.4588,9.8316,57085700
2010-06-29,9.0663,9.1252,8.4383,8.5070,88352200
2010-06-30,8.5561,8.7523,8.2911,8.3304,38844700
2010-07-01,8.3500,8.3795,7.8594,8.2225,50082000
2010-07-02,8.2519,8.2813,7.9085,8.0655,21526600
2010-07-06,8.3696,8.4808,8.0606,8.1930,39807600
2010-07-07,8.3991,8.7327,8.2813,8.7229,30835500
2010-07-08,8.7719,8.8308,8.3696,8.5266,31355700
2010-07-09,8.5364,8.5463,8.2789,8.4089,30607300
2010-07-12,8.3696,8.5855,8.3402,8.3893,27460100
2010-07-13,8.5855,8.6346,8.3500,8.5659,39240800
2010-07-14,8.6640,8.7082,8.3893,8.5855,39357700
2010-07-15,8.5757,8.5757,8.3206,8.4972,27456000
2010-07-16,8.3893,8.4089,8.0949,8.1145,25501600
2010-07-19,8.1734,8.3010,8.0753,8.2715,21294400
2010-07-20,8.1636,8.3255,7.9772,8.2911,33100000
2010-07-21,8.3893,8.4040,8.0017,8.0164,37625200
2010-07-22,8.1930,8.4285,8.0851,8.3795,34883000
2010-07-23,8.3010,8.4481,8.1832,8.3206,25004500
2010-07-26,8.3108,8.3500,8.1832,8.3500,31013000
2010-07-27,8.4089,8.4383,8.1832,8.2715,29279000
2010-07-28,8.2028,8.3696,7.9870,8.0851,30374500
2010-07-29,8.1243,8.1538,7.5356,7.6337,54088200
2010-07-30,7.4081,7.4571,7.1235,7.1431,68687900
2010-08-02,7.2511,7.6043,7.1628,7.5062,40160000
2010-08-03,7.4375,7.4669,7.2903,7.3296,24109600
2010-08-04,7.4081,7.5356,7.2707,7.4964,25854600
2010-08-05,7.4571,7.6534,6.6939,7.5552,19310900
2010-08-06,7.4473,7.5552,7.2707,7.4375,26039300
2010-08-09,7.5160,7.5552,7.3099,7.3983,19864700
2010-08-10,7.2118,7.2118,6.9960,7.1333,31018700
2010-08-11,6.8978,7.1137,6.8684,7.0146,41285800
2010-08-12,6.8390,7.2609,6.7605,7.2315,39794300
2010-08-13,7.1628,7.4375,7.1431,7.1431,24019200
2010-08-16,7.1137,7.2118,7.0156,7.0450,21124200
2010-08-17,7.1726,7.3394,7.0941,7.1726,19181200
2010-08-18,7.1726,7.3296,7.1137,7.3099,16292100
2010-08-19,7.2216,7.3001,6.9812,7.0450,28781800
2010-08-20,7.0156,7.1235,6.9077,6.9862,22306400
2010-08-23,7.0450,7.3099,7.0450,7.2413,28035000
2010-08-24,7.0646,7.1628,6.9175,6.9273,25197200
2010-08-25,6.8978,7.0254,6.7899,6.9665,23354600
2010-08-26,7.0352,7.0941,6.6427,6.6525,30011000
2010-08-27,6.7801,6.8001,6.2797,6.7016,42443000
2010-08-30,6.7605,6.7703,6.3974,6.4171,32212100
2010-08-31,6.3287,6.4759,6.2404,6.3371,36309600
2010-09-01,6.5152,6.6525,6.4269,6.6035,31488100
2010-09-02,6.6035,6.7310,6.5740,6.7016,22907000
2010-09-03,6.8193,6.9567,6.6869,6.9165,22902100
2010-09-07,6.8684,6.8684,6.5839,6.6187,27020700
2010-09-08,6.6525,6.6722,6.3974,6.4759,27986400
2010-09-09,6.6035,6.7359,6.5544,6.6722,27505400
2010-09-10,6.6525,6.6722,6.3778,6.3876,32895300
2010-09-13,6.5348,6.9862,6.5250,6.9184,45834200
2010-09-14,6.9175,7.2413,6.8203,7.1333,48975500
2010-09-15,6.8880,6.9077,6.7212,6.8095,59837100
2010-09-16,6.8488,6.9763,6.7899,6.9665,24646600
2010-09-17,6.9469,7.0156,6.5937,6.6329,57861200
2010-09-20,6.6722,6.8488,6.6329,6.8096,32701000
2010-09-21,6.8095,6.9175,6.7212,6.7516,31321400
2010-09-22,6.7310,6.7507,6.5446,6.5937,30376000
2010-09-23,6.4857,6.7703,6.4661,6.5446,29980300
2010-09-24,6.7409,7.0892,6.7310,7.0637,44573600
2010-09-27,7.0352,7.0646,6.8782,6.8978,30018100
2010-09-28,6.9567,7.0646,6.8782,7.0146,26826800
2010-09-29,7.0156,7.4081,7.0107,7.1530,42029700
2010-09-30,7.2609,7.3492,6.9862,7.0745,32572800
2010-10-01,7.1431,7.2020,7.0548,7.1530,26812800
2010-10-04,7.1137,7.1333,6.8390,6.8586,35870600
2010-10-05,7.0156,7.0156,6.7899,6.7997,60484400
2010-10-06,6.8193,6.8292,6.6329,6.8193,33564800
2010-10-07,6.8978,6.9763,6.8193,6.9763,44164500
2010-10-08,7.0646,7.4964,7.0646,7.4473,86693600
2010-10-11,7.5160,7.7515,7.4179,7.5258,47504600
2010-10-12,7.4866,7.7221,7.4375,7.6043,37610300
2010-10-13,7.7417,7.7515,7.5062,7.5062,43288300
2010-10-14,7.5062,7.5945,7.3590,7.4473,25761700
2010-10-15,7.5552,7.5651,7.3590,7.4669,23822800
2010-10-18,7.4768,7.4964,7.3590,7.3973,16667500
2010-10-19,7.2903,7.3894,7.1333,7.1628,28607900
2010-10-20,7.2315,7.6141,7.2020,7.5454,39759700
2010-10-21,7.5651,7.6043,7.3590,7.3590,20138600
2010-10-22,7.3884,7.5651,7.3688,7.5454,15422600
2010-10-25,7.5552,7.7319,7.5552,7.6632,16774300
2010-10-26,7.6337,7.6534,7.4768,7.5749,16054200
2010-10-27,7.5356,7.8300,7.5160,7.8202,22069100
2010-10-28,7.8496,7.8594,7.6337,7.7907,20023700
2010-10-29,8.0458,8.1145,7.9674,8.0998,86548500
2010-11-01,8.1342,8.1440,7.8987,7.9870,32573000
2010-11-02,8.0557,8.0655,7.8987,7.9575,19620400
2010-11-03,7.9772,7.9870,7.7809,7.9379,25021700
2010-11-04,8.3108,8.5168,8.2911,8.3991,44741200
2010-11-05,8.4089,8.6149,8.3108,8.4923,24732700
2010-11-08,8.4580,8.4776,8.0655,8.0851,47037000
2010-11-09,8.1440,8.1636,7.6828,7.7515,48955100
2010-11-10,7.7711,7.8398,7.6043,7.7230,40784800
2010-11-11,7.6239,7.7417,7.5552,7.7024,33282700
2010-11-12,7.6534,7.7122,7.3198,7.5749,38610900
2010-11-15,7.5062,7.5160,7.2805,7.2805,35164900
2010-11-16,7.2216,7.2707,6.9960,7.0843,37492300
2010-11-17,7.1137,7.1824,6.9567,6.9665,29866900
2010-11-18,7.1333,7.1922,7.0548,7.1505,31839900
2010-11-19,7.1333,7.4032,7.1235,7.2511,31304800
2010-11-22,7.3099,7.3590,7.0941,7.1834,22884300
2010-11-23,7.0745,7.3786,7.0450,7.2805,36899800
2010-11-24,7.3394,7.7024,7.3296,7.6043,54309300
2010-11-26,7.4964,7.5356,7.4081,7.4866,10180600
2010-11-29,7.4277,7.4866,7.3394,7.4287,18392800
2010-11-30,7.3296,7.3589,7.0941,7.1323,29110000
2010-12-01,7.3099,7.3835,7.1824,7.2511,28868400
2010-12-02,7.3001,7.7613,7.2805,7.7613,47184900
2010-12-03,7.6534,7.8300,7.5945,7.7701,29774300
2010-12-06,7.7221,7.8889,7.6534,7.8055,26409900
2010-12-07,7.9674,8.1342,7.7319,7.7711,36446200
2010-12-08,7.7417,7.8005,7.5749,7.7907,26081900
2010-12-09,8.1733,8.1733,7.9477,8.0360,30057700
2010-12-10,8.0458,8.1636,7.9183,8.0949,31090800
2010-12-13,8.2224,8.2225,7.9870,7.9870,28082700
2010-12-14,7.9968,8.0360,7.8496,7.9134,25962700
2010-12-15,7.8496,7.9526,7.7319,7.7711,20301400
2010-12-16,7.8104,7.9477,7.7319,7.8987,19343400
2010-12-17,7.9085,8.0655,7.8496,8.0557,42521900
2010-12-20,8.1342,8.2077,7.9477,7.9624,24265800
2010-12-21,8.0458,8.1342,7.9379,7.9870,30135600
2010-12-22,8.0164,8.1440,7.9379,8.1243,43106100
2010-12-23,7.9281,7.9477,7.7613,7.7907,35679400
2010-12-27,7.7319,7.7515,7.6043,7.6632,15087600
2010-12-28,7.6632,7.7024,7.5062,7.6141,15169100
2010-12-29,7.6337,7.6730,7.5062,7.6043,13879700
2010-12-30,7.5651,7.7711,7.5356,7.7515,13042600
2010-12-31,7.7613,7.8889,7.6926,7.8692,15598400
2011-01-03,7.9870,8.3206,7.9870,8.1194,43343100
2011-01-04,8.2225,8.4187,8.2028,8.2813,44645900
2011-01-05,8.2519,8.6149,8.2421,8.3795,38533500
2011-01-06,8.5070,8.5364,8.3893,8.4187,25273800
2011-01-07,8.3991,8.5364,8.2911,8.4825,24517000
2011-01-10,8.5168,8.5168,8.2323,8.3893,30493200
2011-01-11,8.4580,8.5659,8.3206,8.5561,27511400
2011-01-12,8.6836,9.3165,8.6738,9.1644,92085800
2011-01-13,9.6060,9.6845,9.3999,9.4490,75174700
2011-01-14,9.5471,9.6746,9.4686,9.5275,40679500
2011-01-18,9.5667,9.7237,9.4097,9.4784,28222900
2011-01-19,9.4293,9.4980,9.0467,9.1939,43365400
2011-01-20,9.2822,9.4784,9.0957,9.4195,31235700
2011-01-21,9.8120,9.8120,9.5471,9.6526,56867600
2011-01-24,9.6452,9.8905,9.4392,9.8611,65245900
2011-01-25,9.8611,10.0279,9.7041,9.7875,51957000
2011-01-26,9.8316,9.9101,9.7139,9.7629,38736200
2011-01-27,10.1652,10.4498,10.1358,10.3909,82722000
2011-01-28,10.5577,10.5675,9.9690,10.1751,51669200
2011-01-31,10.3026,10.4302,10.0573,10.3419,34395000
2011-02-01,10.4694,10.6951,10.4498,10.6068,40680300
2011-02-02,10.4890,10.7932,10.4792,10.6853,28363400
2011-02-03,10.7932,10.8128,10.5381,10.6902,24584200
2011-02-04,10.6951,10.8913,10.6068,10.8423,28161100
2011-02-07,10.9600,11.2151,10.9404,11.0778,51404700
2011-02-08,11.1170,11.2446,10.8128,11.2249,39784000
2011-02-09,11.2544,11.3819,10.9698,11.0483,49451400
2011-02-10,10.8619,11.1661,10.8128,11.0974,36651100
2011-02-11,10.9993,11.2838,10.9306,11.1082,53461100
2011-02-14,11.3132,11.7254,11.2936,11.4310,66909300
2011-02-15,11.4604,11.5978,11.2936,11.4506,37154500
2011-02-16,11.5782,11.5978,11.3329,11.4114,32016100
2011-02-17,11.3623,11.6469,11.3329,11.5782,25476300
2011-02-18,11.6567,11.6665,11.4310,11.4810,23580000
2011-02-22,11.2342,11.2348,10.6460,10.7157,55901900
2011-02-23,10.6362,10.6755,10.0769,10.3517,59318200
2011-02-24,10.4105,10.7442,10.2536,10.7049,49024300
2011-02-25,10.9306,11.2348,10.9011,11.2249,39358300
2011-02-28,11.4016,11.4408,10.7147,10.9208,47717800
2011-03-01,10.9895,11.0876,10.7343,10.7540,28853400
2011-03-02,10.7638,11.0679,10.7540,10.8815,40712200
2011-03-03,11.0678,11.4114,11.0483,11.3525,35260500
2011-03-04,11.3819,11.4506,11.1759,11.4212,32879300
2011-03-07,11.4408,11.4506,10.6460,10.8226,52679800
2011-03-08,10.7736,10.8913,10.6068,10.6853,33531400
2011-03-09,10.6264,10.6362,10.1064,10.1260,57899800
2011-03-10,9.8709,9.9494,9.4686,9.7384,69326200
2011-03-11,9.7237,10.0966,9.7139,10.0475,46216700
2011-03-14,10.4596,10.6460,10.1456,10.1652,51157100
2011-03-15,9.8218,10.3419,9.6648,10.2339,56312600
2011-03-16,10.1358,10.4007,9.8120,9.8660,56646700
2011-03-17,10.0573,10.1751,9.9494,10.0181,27585700
2011-03-18,10.2045,10.2143,9.8316,9.8807,33230700
2011-03-21,10.0867,10.2339,9.9886,10.1652,27828700
2011-03-22,10.0769,10.1751,9.9690,10.1554,35892700
2011-03-23,10.1554,10.4989,9.9984,10.4105,52514000
2011-03-24,11.1170,11.3329,10.9796,11.2838,100897100
2011-03-25,11.3034,11.4801,11.1955,11.3329,34151500
2011-03-28,11.4016,11.5978,11.2936,11.3329,33898600
2011-03-29,11.3132,11.5757,11.2446,11.5389,31040800
2011-03-30,11.6567,11.6665,11.3231,11.3623,33731000
2011-03-31,11.3623,11.4555,11.1759,11.2544,31666000
2011-04-01,11.3132,11.3966,11.0091,11.0876,38966300
2011-04-04,11.0876,11.1170,10.8619,10.9796,22508300
2011-04-05,11.0778,11.1366,10.7442,10.8079,41074600
2011-04-06,10.8619,11.0483,10.8030,11.0287,24136900
2011-04-07,11.0189,11.0876,10.7932,10.9306,28557000
2011-04-08,10.9796,11.0679,10.7736,10.8619,25275900
2011-04-11,10.8815,10.9208,10.4890,10.5381,28722000
2011-04-12,10.3517,10.3909,10.1064,10.3320,45066400
2011-04-13,10.4302,10.5577,10.2830,10.4204,31191900
2011-04-14,10.2536,10.4694,10.1652,10.4498,25868500
2011-04-15,10.4007,10.5970,10.3026,10.5479,25564500
2011-04-18,10.3517,10.4105,10.0671,10.2241,23112400
2011-04-19,10.2437,10.3811,10.1260,10.3222,20529600
2011-04-20,10.6951,11.1906,10.6853,11.1759,52613700
2011-04-21,11.2544,11.4997,11.0287,11.3034,43506100
2011-04-25,11.2446,11.2740,11.0385,11.1170,20447100
2011-04-26,11.1464,11.4310,11.0974,11.3917,27400000
2011-04-27,11.3819,11.6076,11.3525,11.5733,29748500
2011-04-28,11.4801,11.5487,11.0581,11.2642,37391800
2011-04-29,11.2348,11.2348,10.9404,11.1072,36678800
2011-05-02,11.1563,11.1955,10.9404,11.0287,21585500
2011-05-03,10.9895,11.0189,10.5970,10.6951,37000000
2011-05-04,10.6657,10.7736,10.4007,10.5381,29570000
2011-05-05,10.4694,10.8619,10.4007,10.7049,35304000
2011-05-06,10.8913,10.9208,10.6657,10.6657,22662600
2011-05-09,10.6166,10.6558,10.0573,10.2634,49677000
2011-05-10,10.3026,10.5038,10.1849,10.4302,24391600
2011-05-11,10.4890,10.7245,10.1849,10.2143,40700000
2011-05-12,10.1947,10.5185,10.0377,10.4596,30700000
2011-05-13,10.4596,10.4694,10.1652,10.2045,30547500
2011-05-16,10.1849,10.6657,10.1260,10.3517,38662500
2011-05-17,10.2241,10.2928,9.6060,9.7531,74861800
2011-05-18,9.8414,9.9101,9.6060,9.8709,37498700
2011-05-19,9.9298,10.0181,9.7629,9.9788,34770900
2011-05-20,9.9101,9.9788,9.7433,9.8120,21763200
2011-05-23,9.6256,9.6452,9.3901,9.5275,27594900
2011-05-24,9.6452,9.6550,9.4195,9.4392,23186000
2011-05-25,9.3901,9.4588,9.2527,9.4293,36418200
2011-05-26,9.4097,9.6452,9.3116,9.6060,36005200
2011-05-27,9.6452,9.8611,9.6158,9.8316,25521200
2011-05-31,9.9494,10.0377,9.8513,10.0082,27196300
2011-06-01,9.8414,9.8414,9.3410,9.3754,53891800
2011-06-02,9.4686,9.4784,9.1644,9.2331,45822100
2011-06-03,9.0761,9.1988,8.9780,8.9878,32043400
2011-06-06,9.1497,9.2527,8.8504,8.8701,49134700
2011-06-07,8.9584,8.9682,8.7425,8.7817,42494400
2011-06-08,8.6836,8.7033,8.3304,8.3402,56114500
2011-06-09,8.3696,8.4874,8.1636,8.3304,41172000
2011-06-10,8.4481,8.4874,8.2225,8.2813,46209900
2011-06-13,8.2911,8.4285,8.1243,8.1342,34694500
2011-06-14,8.2421,8.3991,8.0458,8.2421,35940800
2011-06-15,8.1734,8.2045,7.8987,7.9183,44050500
2011-06-16,7.9674,7.9772,7.6632,7.7171,54514800
2011-06-17,7.8398,7.8594,7.4972,7.6828,43133500
2011-06-20,7.6779,7.9575,7.6607,7.7613,32936000
2011-06-21,7.8496,8.0262,7.7024,7.9870,35254800
2011-06-22,7.9968,8.1636,7.9477,8.0164,29105100
2011-06-23,7.8987,8.2911,7.7907,8.2715,56026400
2011-06-24,7.5749,7.6239,7.0611,7.0745,117825100
2011-06-27,7.1137,7.2707,7.0646,7.2020,34482700
2011-06-28,7.2020,7.2413,7.1235,7.2118,28892000
2011-06-29,7.2315,7.4473,7.1726,7.3296,38048800
2011-06-30,7.3884,7.4669,7.3001,7.3394,37962400
2011-07-01,7.3198,7.7024,7.2315,7.6828,30641400
2011-07-05,7.7319,7.8398,7.5454,7.6337,32206100
2011-07-06,7.5847,7.5945,7.3394,7.4179,24556000
2011-07-07,7.4866,7.7417,7.4669,7.6730,23411000
2011-07-08,7.5454,7.6436,7.4669,7.5356,20454000
2011-07-11,7.4081,7.5552,7.3099,7.3492,22304000
2011-07-12,7.2511,7.3099,7.0745,7.1726,28775500
2011-07-13,7.2609,7.6141,7.2315,7.3492,30414100
2011-07-14,7.3786,7.4473,7.0941,7.1530,31774800
2011-07-15,7.2315,7.3099,7.1235,7.2707,23618600
2011-07-18,7.2216,7.4081,6.9960,7.0941,25876500
2011-07-19,7.1431,7.3884,7.1431,7.3786,29174400
2011-07-20,7.3884,7.4571,7.2609,7.4571,29432900
2011-07-21,7.5454,7.6043,7.3492,7.5013,82188200
2011-07-22,7.5651,8.0458,7.5454,7.9379,47025800
2011-07-25,7.7515,7.8104,7.6141,7.7417,25080400
2011-07-26,7.7024,7.8398,7.6534,7.7073,21586200
2011-07-27,7.6534,7.6534,7.2413,7.2903,45399600
2011-07-28,7.3394,7.4179,7.1726,7.2805,31674500
2011-07-29,7.1629,7.3884,7.0843,7.2315,44891200
2011-08-01,7.4277,7.4473,7.0646,7.2707,38046900
2011-08-02,7.1824,7.2413,6.8880,6.9077,35879400
2011-08-03,6.9371,6.9862,6.5642,6.8586,53044700
2011-08-04,6.6820,6.7261,6.2503,6.2797,50716700
2011-08-05,6.3974,6.6241,5.9755,6.1914,55675500
2011-08-08,5.8872,6.0736,5.5438,5.6027,55283000
2011-08-09,5.8480,6.0834,5.6517,6.0736,44655700
2011-08-10,5.8676,5.9265,5.6027,5.6125,57549800
2011-08-11,5.6713,6.3778,5.6713,6.2503,57387100
2011-08-12,6.2895,6.4171,6.0442,6.0638,29275400
2011-08-15,6.1521,6.3582,6.0638,6.3582,23301800
2011-08-16,6.2895,6.3484,6.0736,6.1718,20070200
2011-08-17,6.2306,6.2846,5.9510,5.9951,29669900
2011-08-18,5.7695,5.7793,5.4947,5.5340,45540000
2011-08-19,5.3966,5.5536,5.1022,5.1513,49901300
2011-08-22,5.3083,5.4162,5.1219,5.1611,35010000
2011-08-23,5.2200,5.5536,5.1709,5.5536,33804900
2011-08-24,5.5242,5.5536,5.0826,5.2004,64872300
2011-08-25,5.2200,5.4359,5.2102,5.2789,31593800
2011-08-26,5.3279,5.7302,5.2789,5.5536,48604800
2011-08-29,5.8480,6.0442,5.7989,6.0295,30866400
2011-08-30,5.9068,5.9755,5.7400,5.8381,34539300
2011-08-31,5.9559,6.0049,5.7204,5.7989,33297600
2011-09-01,5.8283,5.9461,5.6321,5.6321,25641700
2011-09-02,5.4947,5.5143,5.3475,5.3966,22734400
2011-09-06,5.1807,5.5928,5.1807,5.5634,24119400
2011-09-07,5.7106,5.9559,5.7106,5.9461,32666500
2011-09-08,5.9166,6.5054,5.8872,6.1276,63001600
2011-09-09,6.0736,6.5839,6.0736,6.2306,54169600
2011-09-12,6.4759,6.5839,6.1619,6.5593,46726700
2011-09-13,6.7507,6.8193,6.6329,6.7310,51199200
2011-09-14,6.8193,7.2118,6.7997,7.0646,68478100
2011-09-15,7.2118,7.2805,6.7703,6.9077,60702700
2011-09-16,6.9567,7.0254,6.8095,6.8978,68700200
2011-09-19,6.8390,7.1039,6.6722,6.7507,57270300
2011-09-20,6.7899,6.9567,6.7114,6.7212,32775800
2011-09-21,6.7507,6.8095,6.4759,6.4808,48814200
2011-09-22,6.1619,6.3680,6.1031,6.3091,46336300
2011-09-23,6.2797,6.6427,6.1816,6.5250,34163100
2011-09-26,6.5544,6.5642,6.2503,6.4563,31674900
2011-09-27,6.5544,6.6133,6.2895,6.3386,32075400
2011-09-28,6.3778,6.3778,5.9853,6.0000,34898500
2011-09-29,6.0148,6.0834,5.5045,5.7596,50176800
2011-09-30,5.3377,5.3966,4.9158,4.9453,63504100
2011-10-03,4.8668,4.9354,4.2388,4.2486,56806200
2011-10-04,4.1210,4.4350,3.8954,4.4350,57671800
2011-10-05,4.4154,4.8864,4.2780,4.8569,53137900
2011-10-06,4.8569,4.9060,4.6803,4.8668,35914300
2011-10-07,4.8471,4.9354,4.7490,4.8569,29683000
2011-10-10,5.1121,5.1807,4.9943,5.0630,26958200
2011-10-11,5.0630,5.1906,5.0188,5.1022,23823400
2011-10-12,5.1807,5.2004,5.0826,5.1022,25595000
2011-10-13,5.0139,5.4751,5.0041,5.4162,37580700
2011-10-14,5.4849,5.5928,5.3377,5.5928,31319900
2011-10-17,5.5242,5.5732,5.3083,5.3328,29637900
2011-10-18,5.3574,5.6910,5.2985,5.6615,31427300
2011-10-19,5.6321,5.7351,5.4064,5.4260,27546700
2011-10-20,5.4162,5.5340,5.2690,5.4849,23439600
2011-10-21,5.5634,5.7400,5.2985,5.3574,39296000
2011-10-24,5.3475,5.5732,5.3475,5.5536,34548800
2011-10-25,5.5045,5.5340,5.3770,5.3868,26533800
2011-10-26,5.4260,5.5045,5.1121,5.3623,50102800
2011-10-27,5.5928,5.6517,5.3843,5.5928,53855400
2011-10-28,5.5732,5.7891,5.5438,5.7695,21809600
2011-10-31,5.6615,5.6812,5.4653,5.4849,23699700
2011-11-01,5.2887,5.3574,5.1906,5.1906,30226500
2011-11-02,5.2985,5.4260,5.2396,5.3279,22570800
2011-11-03,5.4064,5.7596,5.2592,5.7302,32490000
2011-11-04,5.5634,5.8381,5.4751,5.7793,20811200
2011-11-07,5.7008,5.7989,5.5830,5.7400,24821000
2011-11-08,5.7793,5.8480,5.6419,5.7989,23164100
2011-11-09,5.6125,5.6125,5.2298,5.2494,36730300
2011-11-10,5.3966,5.4457,4.9649,5.0826,53084800
2011-11-11,5.1611,5.3377,5.1611,5.3279,19289000
2011-11-14,5.2985,5.3279,5.1219,5.2494,22943600
2011-11-15,5.2102,5.6027,5.1562,5.3574,41898700
2011-11-16,5.3475,6.7114,5.3475,6.6133,72164600
2011-11-17,6.7801,6.8684,6.1619,6.2110,96098100
2011-11-18,6.2404,6.4072,6.0344,6.1718,43618300
2011-11-21,5.9657,6.0442,5.7498,5.9755,41397000
2011-11-22,5.9461,6.2404,5.8970,5.9853,38105400
2011-11-23,5.9166,5.9265,5.5634,5.6027,39724000
2011-11-25,5.5536,5.7498,5.3574,5.3966,18263700
2011-11-28,5.6419,5.7498,5.4457,5.5143,22267700
2011-11-29,5.5242,5.6419,5.4555,5.5340,20816100
2011-11-30,5.7498,5.9068,5.6615,5.8774,19709400
2011-12-01,5.8480,5.8676,5.6419,5.7793,22135000
2011-12-02,5.8774,5.8970,5.5732,5.6910,27340600
2011-12-05,5.7596,5.7793,5.5732,5.6223,26033700
2011-12-06,5.6419,5.6615,5.3966,5.5438,31710700
2011-12-07,5.5143,5.9657,5.4555,5.9461,31511900
2011-12-08,5.8578,5.9853,5.6713,5.7106,32613800
2011-12-09,5.7302,5.8774,5.6812,5.7793,23982100
2011-12-12,5.6125,5.7351,5.5242,5.7106,19996300
2011-12-13,5.6910,5.8381,5.4653,5.5045,20509300
2011-12-14,5.5340,5.6223,5.2102,5.3475,36992800
2011-12-15,5.4260,5.4751,5.3770,5.4457,17193800
2011-12-16,5.4849,5.5928,5.4064,5.5732,23098300
2011-12-19,5.5928,5.6321,5.3377,5.3426,31607800
2011-12-20,5.4849,5.7106,5.4751,5.6812,19290700
2011-12-21,5.7793,5.7891,5.4162,5.4359,26623100
2011-12-22,5.6027,6.4269,5.5830,6.2895,67720600
2011-12-23,6.3680,6.4171,6.1325,6.2748,23493200
2011-12-27,6.2306,6.2797,6.0834,6.1325,13530400
2011-12-28,6.1423,6.2110,5.9461,6.0540,19365100
2011-12-29,6.0638,6.1816,6.0246,6.1521,13894400
2011-12-30,6.1423,6.2503,6.1276,6.1718,15259600
2012-01-03,6.5152,6.8292,6.4661,6.6280,42035300
2012-01-04,6.5740,6.9175,6.4759,6.8586,43038500
2012-01-05,6.8292,7.1922,6.7703,7.0254,53469800
2012-01-06,7.0352,7.1824,6.9175,7.0646,33006500
2012-01-09,7.0941,7.2020,6.9862,7.1530,28692200
2012-01-10,7.2609,7.3001,7.0745,7.1137,26672800
2012-01-11,7.1333,7.1530,7.0081,7.0843,20210400
2012-01-12,7.0843,7.1824,6.9862,7.1333,30026700
2012-01-13,7.0843,7.1530,6.9567,7.0941,29225000
2012-01-17,7.1628,7.2413,7.0058,7.0254,30684100
2012-01-18,7.1137,7.6043,7.0745,7.5062,48911100
2012-01-19,7.5846,7.7907,7.5356,7.7319,43923400
2012-01-20,7.6828,7.8300,7.5356,7.6141,38677500
2012-01-23,7.6436,7.9085,7.6239,7.7171,33180100
2012-01-24,7.7024,7.8202,7.6190,7.8005,29248700
2012-01-25,7.8496,7.8889,7.6386,7.7122,30951100
2012-01-26,7.6239,7.6534,7.3099,7.4081,42242300
2012-01-27,7.3296,7.4768,7.2020,7.2903,29119800
2012-01-30,7.2020,7.4473,7.1530,7.4179,21759000
2012-01-31,7.4571,7.5356,7.3786,7.4522,21798900
2012-02-01,7.5945,7.6926,7.4571,7.5552,26899200
2012-02-02,7.5847,7.6632,7.5356,7.5749,20660800
2012-02-03,7.7319,7.8202,7.5945,7.8005,15179500
2012-02-06,7.5552,7.7319,7.5356,7.5798,32638600
2012-02-07,7.5847,7.7711,7.5552,7.7270,20245400
2012-02-08,7.7907,8.0753,7.7417,8.0115,42113700
2012-02-09,8.0458,8.0458,7.8398,8.0066,27434500
2012-02-10,7.9379,7.9575,7.6534,7.7564,26191000
2012-02-13,7.8692,7.8692,7.5552,7.7024,24807300
2012-02-14,7.7711,8.2028,7.7711,8.1832,41142100
2012-02-15,8.2421,8.3893,8.1145,8.1243,33448200
2012-02-16,8.2220,8.3402,8.1440,8.3010,18749000
2012-02-17,8.2813,8.4187,8.1832,8.2715,18917300
2012-02-21,8.2715,8.3010,8.0066,8.0557,18768100
2012-02-22,8.0557,8.0851,7.8594,7.8889,19381700
2012-02-23,7.8790,7.8790,7.5945,7.6730,31618800
2012-02-24,7.7417,7.9183,7.7024,7.8005,17292600
2012-02-27,8.1930,8.6248,8.1538,8.3991,59879300
2012-02-28,8.6346,8.9878,8.6051,8.7131,71856200
2012-02-29,8.8995,8.9289,8.3500,8.3893,48164700
2012-03-01,8.4285,8.6738,8.3696,8.5463,33725100
2012-03-02,8.5757,8.7425,8.4481,8.4825,24787200
2012-03-05,8.3991,8.4285,8.0164,8.0458,30167800
2012-03-06,7.8153,7.8889,7.6337,7.8496,37490200
2012-03-07,7.8889,8.0949,7.6926,7.9379,32056600
2012-03-08,7.9772,8.0851,7.8594,8.0066,18794500
2012-03-09,8.0066,8.2028,7.9674,8.1734,25549500
2012-03-12,8.1047,8.1440,7.8594,7.9281,19889300
2012-03-13,8.0851,8.3402,8.0458,8.3304,31182100
2012-03-14,8.5168,8.6836,8.3598,8.4187,34004800
2012-03-15,8.4678,8.7180,8.3010,8.6640,34668100
2012-03-16,8.7033,8.7229,8.5070,8.6542,33081100
2012-03-19,8.5953,8.6346,8.4481,8.4678,26237300
2012-03-20,8.4187,8.4678,8.2911,8.4089,18186300
2012-03-21,8.5757,8.8112,8.5463,8.5757,30788500
2012-03-22,8.5659,8.6051,8.3206,8.5463,33388600
2012-03-23,8.3304,8.4481,8.0949,8.2421,47816200
2012-03-26,8.2617,8.2813,7.9575,8.0949,35598900
2012-03-27,8.1734,8.4874,8.1538,8.4138,39442300
2012-03-28,8.3500,8.5855,8.2930,8.4776,35128600
2012-03-29,8.4481,8.5953,8.2519,8.2617,45879200
2012-03-30,8.3696,8.3795,7.9281,7.9428,50946900
2012-04-02,8.0164,8.0949,7.8104,7.9428,27362500
2012-04-03,7.8790,7.9379,7.7711,7.8398,26508300
2012-04-04,7.6043,7.6534,7.3099,7.5160,52000600
2012-04-05,7.5062,7.6337,7.4375,7.4473,19809500
2012-04-09,7.3001,7.3296,7.1922,7.2118,17380900
2012-04-10,7.1824,7.2805,6.8978,7.0156,23149500
2012-04-11,7.0941,7.2903,7.0156,7.0303,22609600
2012-04-12,7.1431,7.4081,6.9763,7.0107,57618700
2012-04-13,6.9371,6.9665,6.7997,6.8292,97311100
2012-04-16,6.9175,7.0646,6.8193,6.9812,56312600
2012-04-17,7.0156,7.1873,6.9567,7.1039,40078800
2012-04-18,7.0254,7.0941,6.9077,6.9371,28851500
2012-04-19,6.9371,7.1726,6.8292,6.8733,31230600
2012-04-20,6.6722,6.7114,6.5152,6.5152,50173100
2012-04-23,6.4269,6.6231,6.3386,6.5054,35940900
2012-04-24,6.5348,6.6133,6.3778,6.3876,28535200
2012-04-25,6.5152,6.5642,6.2797,6.3974,31170000
2012-04-26,6.3778,6.5495,6.3778,6.4759,24063100
2012-04-27,6.5250,6.5544,6.3680,6.4465,23209100
2012-04-30,6.4465,6.5544,6.3876,6.4661,19132600
2012-05-01,6.4465,6.7016,6.3974,6.5544,29565100
2012-05-02,6.5250,6.7409,6.5250,6.6918,28171600
2012-05-03,6.7801,6.8390,6.2993,6.3484,34534500
2012-05-04,6.5250,6.7605,6.4269,6.4269,34523000
2012-05-07,6.4759,6.6231,6.2797,6.3778,36590900
2012-05-08,6.3091,6.3091,5.9755,6.1227,35849500
2012-05-09,6.0148,6.3189,5.9265,6.2404,36700200
2012-05-10,6.3287,6.3484,6.0933,6.1718,25417400
2012-05-11,6.1227,6.2895,6.1031,6.2404,18440800
2012-05-14,6.0933,6.1521,5.9853,6.0933,30453100
2012-05-15,6.0540,6.0638,5.8480,5.9068,44146400
2012-05-16,5.9951,6.4072,5.9068,6.0344,54051400
2012-05-17,6.0442,6.1325,5.7989,5.8381,32690400
2012-05-18,5.8872,5.8970,5.4849,5.5193,33622900
2012-05-21,5.5438,5.7008,5.5242,5.6713,27203500
2012-05-22,5.7008,5.7302,5.5242,5.6027,25413200
2012-05-23,5.5242,5.6910,5.4849,5.6419,25617400
2012-05-24,5.6419,5.7204,5.5634,5.6321,22189900
2012-05-25,5.6517,5.8970,5.6419,5.8480,21177100
2012-05-29,5.9265,6.0344,5.9068,6.0049,20990400
2012-05-30,5.9265,5.9363,5.7793,5.8774,25220500
2012-05-31,5.8774,5.8774,5.6321,5.7302,30707900
2012-06-01,5.5928,5.6419,5.2985,5.3475,30331900
2012-06-04,5.3672,5.4555,5.2004,5.2887,18704000
2012-06-05,5.3083,5.5438,5.2887,5.4898,31258900
2012-06-06,5.5634,5.7008,5.5339,5.6419,35081500
2012-06-07,5.7596,5.7793,5.5340,5.5634,33187500
2012-06-08,5.5438,5.7891,5.5340,5.7695,19022300
2012-06-11,5.8578,5.9265,5.5928,5.5978,21462000
2012-06-12,5.6125,5.8283,5.6125,5.8087,21282500
2012-06-13,5.7989,5.8774,5.7008,5.7449,31202500
2012-06-14,5.7400,5.7793,5.5438,5.6468,32597900
2012-06-15,5.6615,5.7891,5.5830,5.7793,27553500
2012-06-18,5.7008,5.8872,5.7008,5.8283,19383900
2012-06-19,5.9068,6.0344,5.8676,5.9853,22652800
2012-06-20,6.0049,6.0834,5.8872,6.0049,30272100
2012-06-21,5.8087,5.8578,5.5045,5.5389,51272200
2012-06-22,5.5732,5.6419,5.4260,5.6321,33486500
2012-06-25,5.5536,5.6223,5.4457,5.4849,19795900
2012-06-26,5.5045,5.5830,5.4162,5.5242,17684200
2012-06-27,5.5242,5.6321,5.4555,5.6125,13836100
2012-06-28,5.5242,5.8676,5.4947,5.8578,34680300
2012-06-29,5.9853,6.2012,5.9559,6.1914,32253900
2012-07-02,6.6035,6.6918,6.3287,6.4269,51141600
2012-07-03,6.4563,6.7997,6.4465,6.7605,46397000
2012-07-05,6.7114,6.7801,6.5348,6.6820,21914500
2012-07-06,6.5740,6.6231,6.4269,6.5888,22702200
2012-07-09,6.5839,6.6918,6.2944,6.3680,19842000
2012-07-10,6.3091,6.3582,5.9461,6.0442,36372300
2012-07-11,6.0834,6.1325,5.9019,6.0933,33358600
2012-07-12,6.0246,6.0638,5.8283,6.0148,38542700
2012-07-13,6.0148,6.1227,5.9265,6.0148,25684400
2012-07-16,5.9755,5.9853,5.7400,5.8872,27492500
2012-07-17,5.9068,5.9657,5.6321,5.6615,35517600
2012-07-18,5.5928,5.8480,5.5732,5.7302,24954300
2012-07-19,5.7891,5.8970,5.6517,5.6664,23679200
2012-07-20,5.8676,6.0148,5.6910,5.7155,44481200
2012-07-23,5.6027,5.6910,5.4653,5.5143,42241400
2012-07-24,5.5732,5.6517,5.4555,5.6174,32284100
2012-07-25,5.6027,5.8185,5.6027,5.7302,27639700
2012-07-26,5.8087,5.9657,5.7793,5.8431,22586300
2012-07-27,5.9265,6.1816,5.8774,6.1570,23951500
2012-07-30,6.0834,6.1227,5.8970,5.9951,27533800
2012-07-31,6.1031,6.3778,6.0638,6.0933,51573800
2012-08-01,6.1914,6.2993,6.0540,6.1521,23396400
2012-08-02,6.0736,6.1816,5.9559,6.0442,17632000
2012-08-03,6.2012,6.3287,6.1227,6.2110,22472200
2012-08-06,6.2699,6.5152,6.2012,6.4465,26896900
2012-08-07,6.5740,6.8488,6.5446,6.6918,43058500
2012-08-08,6.6231,6.8095,6.5152,6.7605,31848700
2012-08-09,6.6918,6.7899,6.5740,6.6820,20530400
2012-08-10,6.6231,6.7212,6.5250,6.6329,22000700
2012-08-13,6.6329,6.6525,6.4759,6.5888,15999100
2012-08-14,6.6427,6.6525,6.3435,6.4269,27521900
2012-08-15,6.4367,6.4661,6.2993,6.3680,34554600
2012-08-16,6.4269,6.5446,6.3876,6.4857,15837900
2012-08-17,6.4857,6.5642,6.3876,6.4465,14958900
2012-08-20,6.4171,6.4759,6.2797,6.3680,16021800
2012-08-21,6.3484,6.5054,6.2895,6.3386,24481500
2012-08-22,6.3189,6.3582,6.1423,6.2012,26041200
2012-08-23,6.1718,6.1816,6.0462,6.1374,18181300
2012-08-24,6.1129,6.1914,5.9559,6.1816,19076600
2012-08-27,6.1816,6.1914,6.0344,6.1129,13222300
2012-08-28,6.1031,6.1816,6.0638,6.0834,14263800
2012-08-29,6.1031,6.1718,6.0540,6.0834,16111300
2012-08-30,6.0933,6.1423,6.0049,6.0638,18488300
2012-08-31,6.1031,6.1816,6.0540,6.0933,20650100
2012-09-04,6.0933,6.1031,5.9559,5.9755,18706900
2012-09-05,5.9951,6.0933,5.9068,6.0736,29149500
2012-09-06,6.2797,6.5740,6.2699,6.5495,45887300
2012-09-07,6.4269,6.4465,6.1325,6.2993,63824900
2012-09-10,6.2993,6.3680,6.2306,6.2895,21166500
2012-09-11,6.3189,6.3533,6.1718,6.2404,29081200
2012-09-12,6.2601,6.3582,6.2503,6.3484,16725000
2012-09-13,6.3484,6.5348,6.2993,6.4759,30512400
2012-09-14,6.5152,6.6722,6.4956,6.5740,20525400
2012-09-17,6.5642,6.6133,6.3876,6.4465,20437100
2012-09-18,6.4171,6.4465,6.2797,6.3582,18295100
2012-09-19,6.4269,6.5937,6.4269,6.5250,24783700
2012-09-20,6.4563,6.4759,6.2699,6.3287,37495900
2012-09-21,6.3778,6.3974,6.1816,6.2404,26892900
2012-09-24,6.1325,6.1423,5.9951,6.1374,38107000
2012-09-25,6.2306,6.2404,5.9755,5.9902,36271200
2012-09-26,5.9853,5.9853,5.7596,5.8283,33656700
2012-09-27,5.8970,5.9559,5.7891,5.9019,38639200
2012-09-28,5.9363,6.1227,5.8578,5.8676,41019800
2012-10-01,5.9559,5.9853,5.6125,5.6615,40669400
2012-10-02,5.7008,5.7400,5.6321,5.7302,20219900
2012-10-03,5.7695,5.7891,5.6615,5.7302,14783500
2012-10-04,5.7302,5.7793,5.6615,5.7646,14778900
2012-10-05,5.7989,5.9166,5.7400,5.7793,17263600
2012-10-08,5.7204,5.7891,5.6910,5.7371,11144500
2012-10-09,5.7204,5.7498,5.5928,5.6468,16388700
2012-10-10,5.6812,5.6910,5.5340,5.6517,16794300
2012-10-11,5.6615,5.6812,5.5634,5.6419,23649500
2012-10-12,5.6517,5.6885,5.5193,5.5634,20027100
2012-10-15,5.6517,5.6517,5.5340,5.6125,15011600
2012-10-16,5.6125,5.6910,5.5634,5.6713,16460300
2012-10-17,5.6419,5.7400,5.5634,5.6713,16544400
2012-10-18,5.6713,5.7106,5.5438,5.5438,16866700
2012-10-19,5.6517,5.6615,5.3377,5.3475,23348000
2012-10-22,5.3475,5.3672,5.2494,5.3377,26365300
2012-10-23,5.2494,5.3868,5.1906,5.3083,36240300
2012-10-24,5.3672,5.3966,5.0630,5.0728,35474400
2012-10-25,5.1022,5.6027,5.0826,5.5830,46181100
2012-10-26,5.4947,5.5830,5.3083,5.3672,28145300
2012-10-31,5.4359,5.5438,5.2740,5.3230,18546200
2012-11-01,5.4162,5.6910,5.4064,5.6762,20757200
2012-11-02,5.7106,5.7596,5.5438,5.6027,24445700
2012-11-05,5.5928,5.7695,5.5193,5.7302,20052000
2012-11-06,5.7695,5.9755,5.7498,5.9755,46489800
2012-11-07,5.8283,5.9068,5.6517,5.7989,39729900
2012-11-08,5.7596,5.8185,5.5536,5.5830,30618500
2012-11-09,5.5830,5.6910,5.4849,5.5143,22103800
2012-11-12,5.5242,5.5784,5.3966,5.4604,19265200
2012-11-13,5.3672,5.7008,5.3574,5.6321,29127300
2012-11-14,5.6812,5.7106,5.4162,5.4506,21264400
2012-11-15,5.5340,5.5340,5.3083,5.3672,19620000
2012-11-16,5.3770,5.4113,5.2298,5.3672,25895300
2012-11-19,5.4555,5.5634,5.4064,5.4309,28105900
2012-11-20,5.3770,5.4849,5.3475,5.4506,17348700
2012-11-21,5.4260,5.4555,5.3574,5.4162,17426100
2012-11-23,5.4653,5.6027,5.4375,5.5732,13674700
2012-11-26,5.5732,5.6812,5.5143,5.5879,29431300
2012-11-27,5.6027,5.6713,5.5438,5.5732,34241300
2012-11-28,5.5143,5.6812,5.4751,5.6615,24166600
2012-11-29,5.6910,5.8087,5.6321,5.7989,25011800
2012-11-30,5.7695,5.8676,5.7400,5.8529,20270200
2012-12-03,5.9068,5.9166,5.7891,5.8185,15082300
2012-12-04,5.8872,5.9363,5.8087,5.9215,20645500
2012-12-05,5.9363,6.0834,5.9019,6.0638,18644200
2012-12-06,6.0344,6.2993,5.9853,6.2895,30376200
2012-12-07,6.2993,6.3876,6.2306,6.3140,22046900
2012-12-10,6.3287,6.6035,6.3091,6.5446,32458100
2012-12-11,6.5740,6.7114,6.5054,6.6427,24442700
2012-12-12,6.7310,6.7310,6.5152,6.5838,28353700
2012-12-13,6.6133,6.6722,6.4906,6.5348,24047400
2012-12-14,6.6133,6.7561,6.5642,6.7212,23368900
2012-12-17,6.7212,6.7703,6.4171,6.4808,34772400
2012-12-18,6.4956,6.5839,6.4269,6.5740,28810700
2012-12-19,6.5839,6.7409,6.5740,6.6918,25576000
2012-12-20,6.7114,6.7409,6.6035,6.6624,19997000
2012-12-21,6.3582,6.3680,6.0638,6.2012,58144400
2012-12-24,6.2601,6.2601,6.0638,6.1129,6840000
2012-12-26,6.1129,6.2208,6.0540,6.0589,10342300
2012-12-27,6.0638,6.1423,5.9559,6.1031,18455400
2012-12-28,6.0442,6.1619,5.9951,6.0148,15127400
2012-12-31,6.0246,6.2404,5.9951,6.2208,18787600
2013-01-02,6.4759,6.5446,6.3287,6.5054,29556500
2013-01-03,6.5152,6.8390,6.4857,6.7701,39091500
2013-01-04,6.8193,6.8292,6.7212,6.8292,18802700
2013-01-07,6.9273,7.1431,6.8978,7.0450,31133300
2013-01-08,7.0058,7.1530,6.9273,7.0941,30791800
2013-01-09,7.1137,7.2413,7.0990,7.1726,20647500
2013-01-10,7.2315,7.3001,7.1431,7.2805,18685600
2013-01-11,7.2511,7.4179,7.1628,7.3983,25837200
2013-01-14,7.3590,7.5454,7.3198,7.4571,31488200
2013-01-15,7.3983,7.4768,7.2925,7.4571,20793800
2013-01-16,7.4866,7.5994,7.4470,7.5258,18978000
2013-01-17,7.5552,7.7171,7.5552,7.6632,28642800
2013-01-18,7.6632,7.8398,7.6436,7.7368,33156900
2013-01-22,7.6926,7.7809,7.5552,7.6926,23287200
2013-01-23,7.7319,7.7515,7.5356,7.6337,23846100
2013-01-24,7.5749,7.7417,7.5552,7.6828,18816000
2013-01-25,7.7417,7.9281,7.6828,7.7221,30082500
2013-01-28,7.7417,7.8398,7.6337,7.6730,20638000
2013-01-29,7.6632,7.6730,7.3983,7.4375,35140300
2013-01-30,7.4375,7.5847,7.4081,7.5062,21175000
2013-01-31,7.4964,7.5552,7.3983,7.4179,25680800
2013-02-01,7.5062,7.6926,7.5062,7.6828,18710800
2013-02-04,7.6534,7.8594,7.5847,7.6141,27028200
2013-02-05,7.6730,7.7809,7.5258,7.7221,21156900
2013-02-06,7.5552,7.9085,7.5552,7.8005,46545300
2013-02-07,7.8300,7.8889,7.4866,7.5847,58974800
2013-02-08,7.6337,7.6632,7.5160,7.6043,24731700
2013-02-11,7.6141,7.7956,7.5749,7.7613,20221800
2013-02-12,7.7613,7.8300,7.7024,7.7711,19868600
2013-02-13,7.8005,7.8300,7.7024,7.8005,15371200
2013-02-14,7.7515,7.9379,7.7122,7.9281,24535600
2013-02-15,7.9575,8.0654,7.7417,7.7613,40145400
2013-02-19,7.7515,7.9674,7.7319,7.9674,24703800
2013-02-20,8.0458,8.0949,7.7122,7.7270,32447700
2013-02-21,7.6730,7.7319,7.4964,7.5356,37865800
2013-02-22,7.6141,7.8790,7.5749,7.8692,28722100
2013-02-25,7.9575,8.0655,7.7319,7.7809,36297900
2013-02-26,7.8300,7.9281,7.7024,7.8055,25972800
2013-02-27,7.8202,8.0753,7.8005,8.0262,21590500
2013-02-28,8.0753,8.3353,8.0630,8.2176,44039800
2013-03-01,8.1636,8.2028,8.0458,8.0949,19215200
2013-03-04,8.0753,8.3795,8.0458,8.2421,40980800
2013-03-05,8.3893,8.6248,8.3598,8.5659,36701000
2013-03-06,8.6542,8.7131,8.4776,8.4874,19929100
2013-03-07,8.6051,8.7768,8.5463,8.7719,26147300
2013-03-08,8.8602,9.0663,8.7523,9.0270,34822800
2013-03-11,8.9780,9.2233,8.8308,9.1693,43535800
2013-03-12,9.1840,9.2723,9.0270,9.1448,35260600
2013-03-13,9.1742,9.4784,9.1742,9.3312,41491000
2013-03-14,9.4392,9.5569,9.3999,9.5029,25192800
2013-03-15,9.5568,9.5667,9.0957,9.1939,43397000
2013-03-18,8.8798,9.1448,8.8112,9.0074,28917300
2013-03-19,9.0957,9.2282,8.9191,9.0663,26663100
2013-03-20,9.1546,9.3018,9.0172,9.1350,31547600
2013-03-21,9.1742,9.1939,8.8995,8.8995,39419600
2013-03-22,9.5667,10.0769,9.5471,9.8513,99807600
2013-03-25,9.8218,9.9396,9.5961,9.6943,39368000
2013-03-26,9.7335,9.9101,9.6158,9.7335,29906700
2013-03-27,9.5765,9.8513,9.4980,9.7728,27592700
2013-03-28,9.8218,9.8414,9.6845,9.7875,21787500
2013-04-01,9.7826,9.7924,9.1644,9.2037,44911900
2013-04-02,9.3312,9.5275,9.0712,9.1252,36023200
2013-04-03,9.1742,9.2723,8.8799,8.9289,31012800
2013-04-04,8.9191,9.1546,8.8701,9.1350,30485200
2013-04-05,8.9780,9.4097,8.9486,9.1350,41684200
2013-04-08,9.1154,9.2331,8.8897,9.2135,27065000
2013-04-09,9.2723,9.4882,9.2135,9.3901,21306900
2013-04-10,9.4588,10.0279,9.4490,9.8954,49796900
2013-04-11,9.7237,9.9592,9.5863,9.7924,28744300
2013-04-12,9.7335,9.8954,9.6452,9.8218,19487800
2013-04-15,9.7433,9.7728,9.3803,9.3803,28377200
2013-04-16,9.5961,9.7041,9.5176,9.6845,28029600
2013-04-17,9.5569,9.5765,9.1742,9.2135,37553400
2013-04-18,9.3508,9.3999,8.9387,9.0565,34728800
2013-04-19,9.0859,9.2920,8.9289,9.1742,32770600
2013-04-22,9.1840,9.2527,8.9682,9.1350,25020600
2013-04-23,9.2233,9.3116,9.0957,9.2429,24320300
2013-04-24,9.2233,9.3214,9.1350,9.2380,21298900
2013-04-25,9.1840,9.4588,9.1448,9.3508,28185700
2013-04-26,9.3214,9.5471,9.2331,9.2527,20556000
2013-04-29,9.3018,9.3214,9.1644,9.1742,17186600
2013-04-30,9.2331,9.2822,9.0172,9.2429,27791600
2013-05-01,9.2429,9.2920,8.9780,9.0270,29159700
2013-05-02,8.9289,9.1840,8.8995,9.1448,26660200
2013-05-03,9.2723,9.5176,9.2527,9.4490,23335200
2013-05-06,9.5471,9.7531,9.5176,9.5765,21108200
2013-05-07,9.6158,9.7924,9.4784,9.7826,26888100
2013-05-08,9.7335,10.0671,9.6354,10.0426,37045600
2013-05-09,10.0279,10.5479,10.0181,10.5096,46665700
2013-05-10,10.4007,10.6951,10.4007,10.6166,35312700
2013-05-13,10.5479,10.6068,10.4007,10.4596,22562900
2013-05-14,10.4989,10.5087,10.3222,10.4498,20576300
2013-05-15,10.4792,10.7932,10.4302,10.6657,25065200
2013-05-16,10.7245,11.0483,10.7245,10.8521,35917300
2013-05-17,10.9502,11.2053,10.9208,11.0974,30543500
2013-05-20,11.0974,11.1857,10.8717,10.9993,24658400
2013-05-21,10.9993,11.1072,10.9502,11.0189,18960900
2013-05-22,11.0189,11.4604,10.5970,10.7147,51844400
2013-05-23,10.5283,11.2709,10.3713,11.1759,57163600
2013-05-24,11.0876,11.4408,11.0778,11.3721,28601200
2013-05-28,11.5193,11.6567,11.4702,11.5585,25633800
2013-05-29,11.4702,11.6959,11.3819,11.6076,25205300
2013-05-30,11.5880,11.7646,11.5291,11.6665,25785400
2013-05-31,11.6076,11.6861,11.4604,11.4604,23852400
2013-06-03,11.5193,11.7646,11.1906,11.5095,26382900
2013-06-04,11.5095,11.7744,11.4310,11.4899,26370500
2013-06-05,11.4702,11.9118,11.4506,11.7940,40890700
2013-06-06,11.9510,12.3043,11.9118,12.1178,47860200
2013-06-07,12.3239,12.4809,12.1375,12.4122,32419000
2013-06-10,12.4024,12.8341,12.4024,12.7066,40488200
2013-06-11,12.6281,12.9469,12.3926,12.5692,49707600
2013-06-12,12.7360,12.8734,12.2258,12.2542,34199300
2013-06-13,12.2944,12.6771,12.2356,12.6673,30212000
2013-06-14,12.8341,12.9126,12.4024,12.5201,29740300
2013-06-17,12.9126,13.2462,12.8341,12.9911,50588300
2013-06-18,13.0892,13.5013,13.0598,13.4915,57594500
2013-06-19,13.5602,13.8446,13.3787,13.7074,83958500
2013-06-20,13.2266,13.5504,12.9420,13.2806,75247900
2013-06-21,13.5896,13.7859,13.4425,13.6387,73389200
2013-06-24,13.5504,13.6093,12.9126,13.2070,68189200
2013-06-25,13.4817,13.5602,13.1628,13.4915,32876400
2013-06-26,13.6289,14.0410,13.6093,13.9085,44886100
2013-06-27,14.0312,14.2569,14.0017,14.0704,38747100
2013-06-28,14.0312,14.1980,13.7515,14.0606,36612300
2013-07-01,14.1980,14.3255,13.9134,14.0017,33909600
2013-07-02,13.7662,14.0606,13.5896,14.0410,61198800
2013-07-03,14.0214,14.0214,13.8447,13.8742,24489300
2013-07-05,14.0017,14.0999,13.8546,14.0410,29746900
2013-07-08,14.0900,14.0900,13.6093,13.7662,53084600
2013-07-09,13.8153,13.8742,12.8341,12.8881,91816900
2013-07-10,12.6869,12.9911,12.2307,12.3141,89592900
2013-07-11,12.6281,12.6379,12.2356,12.4613,52215600
2013-07-12,12.5005,12.6084,12.3288,12.4514,33419400
2013-07-15,12.5201,12.9371,12.4122,12.8243,30926300
2013-07-16,12.9126,13.1579,12.8537,13.1285,42885300
2013-07-17,13.1972,13.4621,13.1088,13.3345,32539300
2013-07-18,13.5308,13.5994,13.3738,13.4326,38727500
2013-07-19,13.4130,13.4719,13.1873,13.4719,27734400
2013-07-22,13.3640,13.6485,13.3640,13.5700,24337500
2013-07-23,13.6289,13.7956,13.3640,13.3836,38691100
2013-07-24,13.5406,13.5700,12.8341,12.8586,46712000
2013-07-25,12.7066,13.1726,12.5594,13.0402,42692600
2013-07-26,12.8145,12.8537,12.2748,12.3533,68782400
2013-07-29,12.4318,12.6281,12.1571,12.2356,40786800
2013-07-30,12.2650,12.4545,12.0786,12.3631,48759000
2013-07-31,12.4318,13.0402,12.4122,12.9911,45062600
2013-08-01,13.1285,13.3738,13.0500,13.3198,32858900
2013-08-02,13.2462,13.3443,13.0794,13.2462,26500600
2013-08-05,13.2560,13.9134,13.2462,13.9075,43741000
2013-08-06,13.8938,13.9723,13.6779,13.8742,29094900
2013-08-07,13.7368,13.7761,13.3443,13.5504,34736800
2013-08-08,13.5504,13.7859,13.3541,13.6878,39511800
2013-08-09,13.4915,14.2470,13.4836,13.7270,64619700
2013-08-12,13.6878,13.8938,13.5111,13.5700,35376800
2013-08-13,13.8742,14.6984,13.8153,14.6886,84457700
2013-08-14,14.5414,14.7867,14.2961,14.5414,47850600
2013-08-15,14.1391,14.1391,13.7074,13.8644,53528900
2013-08-16,13.9036,14.0802,13.6878,13.7417,30624000
2013-08-19,13.7368,13.7662,13.5111,13.5406,25506900
2013-08-20,13.5504,13.6485,13.3934,13.5406,24379600
2013-08-21,13.5504,13.6387,13.3051,13.3738,29709100
2013-08-22,13.4915,13.8153,13.4817,13.5994,15091700
2013-08-23,13.6485,13.6681,13.4719,13.5994,15663000
2013-08-26,13.6387,13.6583,13.4621,13.5209,16331500
2013-08-27,13.3051,13.3345,12.8047,12.9312,39898700
2013-08-28,12.9322,13.0990,12.8145,12.9911,36138600
2013-08-29,12.9813,13.4817,12.9813,13.3149,23787700
2013-08-30,13.3345,13.4228,13.0510,13.3149,22278600
2013-09-03,13.5209,13.8840,13.4425,13.7466,37060500
2013-09-04,14.6886,14.9780,14.1685,14.4757,117540600
2013-09-05,14.6690,14.9212,14.6591,14.8848,38713900
2013-09-06,14.9535,15.0737,14.6788,14.9731,38111000
2013-09-09,15.1105,15.3950,15.0124,15.3215,32745800
2013-09-10,15.6011,16.3370,15.5668,15.9543,80821300
2013-09-11,15.9936,16.2879,15.6992,16.1800,48497900
2013-09-12,16.2094,16.5332,15.8317,15.8955,55883900
2013-09-13,15.6992,15.9347,15.3754,15.9004,55788100
2013-09-16,16.2291,16.3762,16.1015,16.1309,35709000
2013-09-17,16.1604,16.5480,15.9249,16.5234,32439700
2013-09-18,16.5627,16.9748,16.5040,16.9404,43515600
2013-09-19,17.1808,17.2594,16.7000,16.8384,43702900
2013-09-20,16.9159,17.1612,16.8080,16.9061,30036800
2013-09-23,16.9061,17.0238,16.4253,16.7295,30442400
2013-09-24,16.8080,16.8374,16.5136,16.7197,34793100
2013-09-25,16.7393,17.0042,16.6215,16.6510,44413400
2013-09-26,16.9944,17.2005,16.8570,17.1416,49153400
2013-09-27,17.1416,17.6126,17.0827,17.2888,45015600
2013-09-30,16.9944,17.3084,16.8178,17.1406,30082400
2013-10-01,17.2103,17.4163,17.0140,17.2789,32979500
2013-10-02,17.3182,17.7892,17.2201,17.3329,49128100
2013-10-03,17.6027,17.7597,17.0435,17.6763,59041700
2013-10-04,17.7401,18.1964,17.6714,18.1228,48080600
2013-10-07,18.4171,18.4956,18.1326,18.1375,61970900
2013-10-08,18.2503,18.2994,17.3967,17.5880,57008600
2013-10-09,17.6911,18.1032,16.8276,17.8088,67714300
2013-10-10,18.0148,18.2405,17.7205,18.0835,78690500
2013-10-11,17.5537,17.6665,16.2487,16.5234,153906100
2013-10-14,16.2585,16.8276,15.8660,16.7491,62909500
2013-10-15,16.7589,17.1023,16.5234,16.6019,63043900
2013-10-16,16.7589,16.9748,16.5921,16.6412,49096400
2013-10-17,16.6804,16.8374,16.4253,16.8227,40714800
2013-10-18,16.8472,16.9257,16.6412,16.7089,34970600
2013-10-21,16.7099,16.8178,16.1996,16.2536,44886200
2013-10-22,16.3861,16.6215,16.0917,16.4449,48362800
2013-10-23,16.1800,16.2781,16.0426,16.2399,39244600
2013-10-24,16.1211,16.6019,16.0917,16.5136,30291300
2013-10-25,16.6019,16.6706,16.2094,16.2683,28678300
2013-10-28,16.2094,16.4351,15.9936,16.4057,19926900
2013-10-29,16.7000,17.1710,16.6117,17.1661,51381400
2013-10-30,17.2789,17.3084,16.9453,17.0631,32373200
2013-10-31,16.9552,17.4654,16.8570,17.3476,42547400
2013-11-01,17.4163,17.5733,17.1023,17.2446,41364500
2013-11-04,17.2888,17.6518,17.1906,17.5537,37798300
2013-11-05,17.4065,17.4556,17.1612,17.3378,23797000
2013-11-06,17.4359,17.4850,17.0631,17.1710,21799500
2013-11-07,17.4948,17.8137,17.2495,17.3859,54192000
2013-11-08,17.3673,17.7794,17.2789,17.7646,33201300
2013-11-11,17.7009,17.9364,17.5635,17.9265,36990400
2013-11-12,17.8284,18.3190,17.7794,18.2798,32224800
2013-11-13,18.1228,18.6330,18.0737,18.5643,38821200
2013-11-14,18.5545,18.8391,18.5447,18.8292,31418000
2013-11-15,19.0157,19.4572,18.8587,19.0952,51592800
2013-11-18,19.2119,19.5063,18.7311,18.9274,47549900
2013-11-19,18.9862,19.4965,18.6919,18.7017,51853700
2013-11-20,18.8292,18.8587,18.1620,18.4466,44809000
2013-11-21,18.6821,19.7369,18.6036,19.6142,93347300
2013-11-22,19.5357,19.9380,19.2904,19.8104,40144800
2013-11-25,20.0557,20.1146,19.3399,19.4867,33866000
2013-11-26,19.5553,20.0263,19.4572,19.9282,33585000
2013-11-27,20.0263,20.7916,19.9086,20.7720,40572700
2013-11-29,20.8996,20.9094,20.5071,20.7033,20081800
2013-12-02,20.7033,21.2332,20.5660,20.8701,34102800
2013-12-03,21.0369,21.4883,20.9290,21.4196,43553100
2013-12-04,21.3804,21.5177,21.0075,21.3500,34609000
2013-12-05,21.4491,21.6747,21.1841,21.2430,30302800
2013-12-06,21.5570,21.8906,21.3902,21.8906,32237800
2013-12-09,22.2340,23.2250,22.1751,22.6854,65756700
2013-12-10,22.6854,22.9979,22.3714,22.7050,41919500
2013-12-11,22.0476,22.4793,21.8710,22.0770,52447500
2013-12-12,22.2536,22.6559,21.9347,22.1163,52600200
2013-12-13,22.3027,22.7639,22.2242,22.6461,31018700
2013-12-16,22.7344,22.9797,22.2340,22.3419,35065800
2013-12-17,22.4204,22.5480,22.1261,22.4891,26694900
2013-12-18,22.0672,22.0672,20.4188,21.4000,106635200
2013-12-19,21.3215,21.8612,21.1547,21.2136,37767000
2013-12-20,21.3902,22.1506,21.3509,21.7532,49176400
2013-12-23,21.0369,21.2594,20.8211,21.0860,40831000
2013-12-24,21.2234,21.4883,21.1939,21.4098,12857500
2013-12-26,21.4196,21.8317,21.3313,21.3313,17095500
2013-12-27,21.5177,21.5766,21.0566,21.1154,19386300
2013-12-30,21.0468,21.2724,20.8309,20.8996,19267100
2013-12-31,21.0075,21.5177,20.9781,21.3411,25122400
2014-01-02,21.2724,21.3804,20.8701,21.2528,26413500
2014-01-03,20.8015,21.0271,20.5071,20.5758,34590200
2014-01-06,20.5758,20.5758,20.2471,20.2814,38180500
2014-01-07,20.4973,21.5226,20.4973,21.3215,67904500
2014-01-08,23.7451,24.0394,23.1171,23.4213,93499500
2014-01-09,23.1563,23.2643,22.4793,22.8031,42782900
2014-01-10,22.9503,23.2741,22.7442,23.2643,33930200
2014-01-13,23.2545,23.3526,22.8129,22.8914,27619700
2014-01-14,22.4401,23.3428,22.4401,23.2250,33092200
2014-01-15,23.2741,23.3133,22.8620,22.8914,26949000
2014-01-16,23.0386,23.1465,22.4695,22.6952,28888700
2014-01-17,22.4695,22.8424,21.9102,21.9593,46943200
2014-01-21,21.9789,22.7442,21.9004,22.6854,29508700
2014-01-22,22.3714,23.3428,22.3223,23.2054,31254300
2014-01-23,22.8718,23.2054,22.8031,23.1956,29418600
2014-01-24,23.0582,23.2054,22.4793,22.4891,30019100
2014-01-27,22.6657,22.9307,22.1359,22.4695,30006400
2014-01-28,22.4597,22.7639,22.1261,22.6167,27555900
2014-01-29,22.4106,22.8276,22.2242,22.2831,21718400
2014-01-30,22.6756,23.3133,22.5186,23.0092,32630000
2014-01-31,22.6657,23.0582,22.5676,22.6069,29539000
2014-02-03,22.5676,23.1858,22.2733,22.3812,36010100
2014-02-04,22.5186,22.7442,22.2242,22.5676,20104700
2014-02-05,22.5186,23.0386,22.2733,22.8718,26097800
2014-02-06,23.0680,24.3043,23.0582,23.6568,65314700
2014-02-07,23.9119,24.1768,23.4703,24.0492,47809700
2014-02-10,24.1768,24.7655,24.1081,24.4025,28374800
2014-02-11,24.3828,24.5987,24.1179,24.2455,21177200
2014-02-12,24.4417,24.6870,24.3240,24.4221,23915300
2014-02-13,24.3730,24.5398,24.2160,24.4417,23317000
2014-02-14,24.4221,24.8244,24.2553,24.6085,32449600
2014-02-18,24.7165,25.1776,24.6281,24.9421,34133700
2014-02-19,24.9421,25.1972,24.6968,24.9421,27239800
2014-02-20,24.8734,25.1776,24.8411,25.0108,23288000
2014-02-21,25.0893,25.1089,24.0787,24.6085,44791800
2014-02-24,24.6772,24.7459,24.0983,24.2847,33037900
2014-02-25,24.3338,24.5300,23.6469,23.7990,37147600
2014-02-26,23.8561,24.2651,23.7058,23.7647,20936900
2014-02-27,23.6960,23.8824,23.4507,23.7353,39242800
2014-02-28,23.7745,23.9021,23.4507,23.7353,33877300
2014-03-03,23.4115,24.3043,23.2643,24.0198,35961800
2014-03-04,24.4025,24.6772,24.2553,24.6380,32780000
2014-03-05,24.6085,24.6576,24.2160,24.3632,25938700
2014-03-06,24.3828,24.4025,23.8432,24.3043,32312100
2014-03-07,24.3534,24.4221,23.8726,23.9609,23827000
2014-03-10,23.8628,24.4712,23.6273,24.3828,23662500
2014-03-11,24.4613,24.5987,24.0983,24.2062,21103100
2014-03-12,24.1375,24.4712,23.7647,24.3730,19272800
2014-03-13,24.4417,24.4712,23.1563,23.6568,35572900
2014-03-14,23.6175,23.8628,23.2839,23.5096,24575000
2014-03-17,23.6568,23.7155,23.4016,23.4801,17778700
2014-03-18,23.5881,24.1375,23.2741,24.0296,27425600
2014-03-19,24.0002,24.1572,23.3035,23.5292,19799500
2014-03-20,23.4801,23.9021,23.4409,23.5586,19735500
2014-03-21,23.6568,23.8039,23.2120,23.2152,32238500
2014-03-24,23.3624,23.6469,22.9456,23.0386,23740900
2014-03-25,23.1956,23.4703,22.9797,23.0877,17054900
2014-03-26,23.1858,23.4409,22.3910,22.4008,24590700
2014-03-27,22.3812,22.4008,21.5079,21.8219,35985000
2014-03-28,21.5766,22.1162,21.2921,21.4981,37763700
2014-03-31,21.8808,23.2348,21.7925,23.2152,39630300
2014-04-01,23.3918,24.0002,23.2545,23.9806,36880800
2014-04-02,24.1081,24.1375,23.5488,23.8922,24486300
2014-04-03,24.0983,24.2651,23.3330,23.5488,40670000
2014-04-04,24.3240,24.3828,22.0181,22.1555,77296000
2014-04-07,22.0966,22.5480,20.8113,21.3019,63603900
2014-04-08,21.6453,22.0040,20.9977,21.7925,44299000
2014-04-09,22.1555,22.4106,21.8219,22.1751,31636000
2014-04-10,22.2733,22.5186,21.2136,21.2724,37066500
2014-04-11,21.0860,21.5177,20.6248,20.7328,35232600
2014-04-14,20.9585,21.7238,20.8456,21.4883,31740100
2014-04-15,21.5079,21.8219,21.1154,21.7532,25067600
2014-04-16,21.9397,22.1457,21.5864,22.0574,21619500
2014-04-17,22.6756,23.6862,22.5971,23.4605,46214800
2014-04-21,24.5693,24.9127,24.0983,24.8440,45434800
2014-04-22,25.0304,25.7860,25.0010,25.6878,45903400
2014-04-23,25.6977,25.9626,25.4818,25.7565,32508700
2014-04-24,25.9528,26.1196,24.8636,25.6682,39791400
2014-04-25,25.1187,25.1972,24.5791,24.7851,26022500
2014-04-28,24.9519,25.2463,23.7353,24.1179,32168000
2014-04-29,24.2847,24.8244,23.9855,24.6281,19746700
2014-04-30,24.6968,25.6290,24.6674,25.6290,28811800
2014-05-01,25.7173,26.3109,25.3640,25.7565,28231400
2014-05-02,25.7663,26.1392,25.5799,25.8154,18326000
2014-05-05,25.7565,26.3354,25.4622,26.2373,21120800
2014-05-06,26.3256,26.6690,26.0116,26.1784,23078300
2014-05-07,26.1883,26.3649,25.5603,25.9184,24487200
2014-05-08,25.8448,26.8849,25.7369,26.4237,27015400
2014-05-09,26.4434,26.5513,25.9479,26.3354,20679100
2014-05-12,26.5219,27.0222,26.4336,26.9928,22396900
2014-05-13,26.9830,27.2578,26.7181,27.1106,29540000
2014-05-14,27.0125,27.1380,26.2766,26.3551,28161200
2014-05-15,26.3060,26.3845,24.7753,25.3739,41523500
2014-05-16,25.3542,25.8546,25.0599,25.5407,19890900
2014-05-19,25.8743,26.4924,25.6682,26.4336,21930500
2014-05-20,26.4630,26.6494,25.6682,26.0509,21830400
2014-05-21,26.4237,26.6985,26.2962,26.4826,19021300
2014-05-22,26.5219,26.8751,26.3649,26.6592,14936600
2014-05-23,26.6690,26.8849,26.5513,26.8162,12406800
2014-05-27,27.0125,27.5816,26.9634,27.5325,23525400
2014-05-28,27.7680,28.3763,27.6404,28.0722,25382300
2014-05-29,28.2488,28.4843,27.8955,28.0417,23288800
2014-05-30,28.0918,28.3567,27.8563,28.0525,24068700
2014-06-02,28.0722,28.1801,27.5227,28.1212,14522600
2014-06-03,28.0231,28.3861,27.8661,28.1310,14002300
2014-06-04,28.0427,28.4646,27.9348,28.4254,14377400
2014-06-05,28.5431,28.9258,28.3665,28.4941,21878500
2014-06-06,28.6020,28.9945,28.5039,28.9847,18306400
2014-06-09,28.9356,29.1613,28.3420,28.4548,20635300
2014-06-10,28.4548,28.9847,28.0525,28.9552,24076500
2014-06-11,30.0738,31.0060,29.5538,30.4074,55421500
2014-06-12,30.4859,30.6331,29.9806,30.2750,28139000
2014-06-13,30.5546,30.8784,30.4761,30.5840,23261100
2014-06-16,30.8391,31.5849,30.6920,31.3101,35056900
2014-06-17,31.3984,31.7909,31.3467,31.6437,25174700
2014-06-18,31.7713,31.8203,31.1041,31.4573,30089900
2014-06-19,31.4867,31.5652,30.9569,31.2120,22287400
2014-06-20,31.2807,31.3297,30.8097,31.2513,28184000
2014-06-23,31.6830,31.6928,30.6625,30.6723,48318700
2014-06-24,30.9176,32.3502,30.5742,31.8890,59662500
2014-06-25,31.7419,32.1245,31.2905,31.7320,29784700
2014-06-26,31.7026,31.7870,31.2022,31.3984,20334600
2014-06-27,31.2807,31.3297,30.8588,30.9176,46770900
2014-06-30,31.4573,32.4287,31.3003,32.3306,31032300
2014-07-01,32.6151,33.8514,32.4483,33.3412,36320400
2014-07-02,33.3608,33.6258,32.9095,33.1253,26620500
2014-07-03,33.4491,33.6356,33.0174,33.0959,13883900
2014-07-07,32.9782,33.0174,32.1540,32.2423,21345300
2014-07-08,32.1834,32.6446,31.5162,32.5072,34585300
2014-07-09,31.9773,32.3208,31.2611,32.2717,39287700
2014-07-10,31.5750,32.4728,31.2022,32.1540,32893000
2014-07-11,32.2226,32.5464,32.0264,32.1834,18854000
2014-07-14,32.5072,33.0959,32.3109,32.9585,20331800
2014-07-15,33.0861,33.5129,32.7525,33.3805,27186500
2014-07-16,33.7729,34.1949,33.5901,33.9888,30731700
2014-07-17,33.1940,33.3608,32.3698,32.4287,36943500
2014-07-18,32.5562,33.1155,32.3796,32.5268,28525600
2014-07-21,32.3796,32.7231,31.9872,32.4483,15772200
2014-07-22,32.7231,33.0567,32.3894,32.9978,14366200
2014-07-23,32.9193,33.1450,32.6249,33.0468,20897100
2014-07-24,33.2333,33.6405,32.9978,33.2431,22684000
2014-07-25,33.0567,33.1842,32.6053,32.7917,19643200
2014-07-28,32.7132,32.8310,31.3101,31.3788,34184800
2014-07-29,31.5358,31.8988,31.3592,31.5260,19361500
2014-07-30,31.7713,32.1245,31.6732,31.9185,15984600
2014-07-31,30.5840,30.6625,29.2888,29.9757,64961000
2014-08-01,30.2995,30.7803,29.9757,30.5055,26175300
2014-08-04,30.6233,31.2611,30.4663,31.0943,21802800
2014-08-05,30.7705,31.4966,30.3191,30.5055,31687500
2014-08-06,30.4761,30.5938,29.5440,30.1032,34903400
2014-08-07,30.3191,30.6037,28.8257,29.1220,35971400
2014-08-08,29.2888,29.6813,29.0632,29.4753,22877000
2014-08-11,29.7500,30.2553,29.5832,30.1621,20556200
2014-08-12,29.9855,30.3584,29.6421,30.1229,21496400
2014-08-13,30.3093,30.9814,30.3093,30.7901,17774500
2014-08-14,30.2897,30.6527,30.2210,30.4565,16865400
2014-08-15,30.8097,31.1335,30.5742,30.8980,20546400
2014-08-18,31.0943,31.4867,30.8195,31.4377,17494400
2014-08-19,31.6928,32.0853,31.6634,31.7909,15020300
2014-08-20,31.7713,32.7574,31.7713,32.6740,21244200
2014-08-21,32.4189,32.6936,32.1343,32.5661,16583200
2014-08-22,32.5759,32.8212,32.3109,32.6642,11758400
2014-08-25,32.8800,33.0665,32.5661,32.5857,12675500
2014-08-26,32.6446,32.8015,31.8988,32.2619,16026500
2014-08-27,32.2128,32.4287,31.9970,32.3747,12208200
2014-08-28,32.1932,32.2815,31.9872,32.1932,10890300
2014-08-29,32.3306,32.3698,31.8890,31.9872,13519100
2014-09-02,31.8203,31.9872,30.8588,30.9176,26953500
2014-09-03,30.8490,31.0943,30.2995,31.0844,23916200
2014-09-04,31.3494,32.2128,31.2316,31.5162,24780500
2014-09-05,31.4966,32.3306,31.4181,32.3208,17739900
2014-09-08,32.3698,32.7819,32.2226,32.5121,17922100
2014-09-09,32.3894,32.3993,31.2562,31.3788,20174800
2014-09-10,31.5456,31.5947,30.8195,31.4867,24643500
2014-09-11,31.2513,31.5849,31.1139,31.4377,11371100
2014-09-12,31.4082,31.5456,30.9078,30.9324,12561500
2014-09-15,30.8097,30.9275,29.3085,29.4557,36943600
2014-09-16,29.5243,30.9863,29.1711,30.8588,28697700
2014-09-17,30.8784,31.6634,30.6920,31.3788,19478900
2014-09-18,31.6339,31.8694,31.3788,31.8694,12471900
2014-09-19,31.8694,31.9381,30.8588,31.0354,25205000
2014-09-22,30.8391,30.8490,29.8383,30.0247,21688800
2014-09-23,29.9364,30.8980,29.5440,30.6135,22704300
2014-09-24,31.2022,31.7419,30.7508,31.6143,25713190
2014-09-25,31.8007,31.9479,30.7607,31.1041,33895391
2014-09-26,33.3314,33.4590,32.7819,33.1940,53974968
2014-09-29,32.7917,34.1949,32.5759,33.8514,33981934
2014-09-30,33.9790,34.0771,33.2529,33.6159,25768922
2014-10-01,33.6061,33.6061,32.5955,32.8702,36237572
2014-10-02,33.0174,33.4393,32.3306,33.1744,27336977
2014-10-03,33.4393,33.7533,33.2333,33.3020,22565430
2014-10-06,32.5661,32.6642,31.2413,31.9577,43417108
2014-10-07,31.8007,32.2521,31.2513,31.2660,28831846
2014-10-08,31.3003,31.7909,30.2838,31.7124,28069304
2014-10-09,31.5162,31.5750,29.8383,30.0640,35910826
2014-10-10,29.1907,29.3085,27.0713,27.2676,85752738
2014-10-13,28.0525,28.3175,26.4924,26.5219,44360624
2014-10-14,27.2676,27.8759,26.7083,26.8751,41365591
2014-10-15,26.2962,27.4736,25.8252,27.0223,50523290
2014-10-16,26.8162,28.3175,26.6789,27.7680,42111567
2014-10-17,28.3665,29.1711,28.0329,28.2242,34717116
2014-10-20,28.5628,29.1711,28.2684,29.1319,22357837
2014-10-21,29.8285,30.7508,29.5930,30.6037,40875105
2014-10-22,30.9275,30.9569,29.7500,29.9953,25500608
2014-10-23,30.4565,30.7803,29.9953,30.3093,22071147
2014-10-24,30.3976,30.5350,30.0346,30.4761,17763804
2014-10-27,31.3592,31.7713,31.0648,31.6928,26775910
2014-10-28,31.8988,32.0558,31.5456,31.9970,20981031
2014-10-29,31.8890,32.0362,31.2611,31.6732,21418724
2014-10-30,31.1531,31.4769,30.3584,31.2218,26761018
2014-10-31,32.2815,32.7231,32.0068,32.4679,28541397
2014-11-03,32.5661,33.2725,32.3600,32.8800,19657739
2014-11-04,32.8506,32.9585,32.2815,32.7427,16503870
2014-11-05,32.8800,33.1253,32.4877,33.0763,23137170
2014-11-06,32.8702,33.1548,32.5268,32.7231,23576567
2014-11-07,32.6838,32.7525,31.7123,32.3894,19337543
2014-11-10,32.3109,32.4876,32.0068,32.4679,13827343
2014-11-11,32.3600,32.7525,32.2717,32.5759,11285655
2014-11-12,32.4287,32.5464,32.1834,32.2913,14322363
2014-11-13,32.3600,32.5857,32.1343,32.3208,10851337
2014-11-14,32.3208,32.3208,31.5260,32.0068,17434575
2014-11-17,31.3003,31.8006,31.0943,31.6830,18259266
2014-11-18,31.6928,32.5268,31.6928,32.2521,15539673
2014-11-19,32.3109,32.5955,31.7271,32.3404,14590180
2014-11-20,32.1147,32.8506,31.8837,32.5857,13613313
2014-11-21,33.0763,33.7435,32.8900,33.6552,25563115
2014-11-24,33.7631,34.5873,33.6159,34.0771,24974447
2014-11-25,34.1164,34.3224,33.7533,34.1458,13985174
2014-11-26,33.9790,34.9994,33.9692,34.9504,18291122
2014-11-28,35.1662,35.5391,35.0485,35.2742,11645732
2014-12-01,35.3036,35.4606,34.2832,34.3322,21342294
2014-12-02,34.3911,35.0976,33.9888,34.9357,14281539
2014-12-03,35.2251,35.6667,35.0681,35.4214,29011484
2014-12-04,35.3527,35.8138,34.9994,35.3919,16489038
2014-12-05,35.4115,35.8138,35.3380,35.8040,14114821
2014-12-08,35.7746,35.9021,35.0289,35.3429,15815273
2014-12-09,34.1949,35.0387,33.8907,34.9847,16503476
2014-12-10,34.7738,34.9798,34.1262,34.2047,17037862
2014-12-11,34.4990,35.1466,34.2390,34.5285,13280098
2014-12-12,34.2635,34.2733,33.3314,33.3608,19798884
2014-12-15,33.7043,33.8024,32.6249,32.7280,27305711
2014-12-16,32.2815,33.2823,31.7615,32.2962,28611553
2014-12-17,32.4581,33.2627,31.8890,33.1940,19434642
2014-12-18,33.9692,34.1360,33.4099,33.8024,18200620
2014-12-19,33.9397,34.1458,33.4884,33.8416,18469622
2014-12-22,34.0967,34.3420,33.8514,33.9839,12687924
2014-12-23,34.2635,34.5285,34.1065,34.3126,10948957
2014-12-24,34.3715,34.4402,33.9692,34.2537,4672964
2014-12-26,34.3715,34.5677,34.3224,34.3420,6883684
2014-12-29,34.6070,35.0142,34.4205,34.8621,12365816
2014-12-30,34.7640,35.0681,34.6364,34.7345,11480533
2014-12-31,34.7836,34.8621,34.3420,34.3518,10714301
2015-01-02,34.5775,34.8523,33.6944,34.0967,15138243
2015-01-05,34.0575,34.0869,33.1155,33.1401,23706638
2015-01-06,33.4590,33.5865,32.0166,32.2521,40092019
2015-01-07,30.9373,32.3551,30.8588,31.4966,52552340
2015-01-08,31.9479,33.2333,31.9381,33.0370,31947111
2015-01-09,33.1253,33.2333,32.3404,32.8948,19120266
2015-01-12,31.7811,32.3698,30.8097,31.0648,41982709
2015-01-13,31.3199,31.5947,30.0689,30.2553,40260451
2015-01-14,29.7010,30.6135,29.2398,29.4851,35766056
2015-01-15,29.6813,29.8481,28.7198,28.7492,28512434
2015-01-16,28.5971,28.7099,27.9740,28.4450,58433281
2015-01-20,28.9552,29.4557,28.7982,29.1122,29884176
2015-01-21,28.9454,30.1621,28.9454,29.9168,27258655
2015-01-22,29.8776,30.3682,29.6617,30.3093,22299238
2015-01-23,30.3093,30.5448,29.8874,30.3682,21161818
2015-01-26,29.9659,30.4369,29.6421,30.4369,19175542
2015-01-27,29.8579,29.8776,28.8374,29.0926,27587854
2015-01-28,29.4360,29.6225,28.4843,28.5480,21685204
2015-01-29,28.7394,29.2692,28.3175,29.1515,30282696
2015-01-30,28.8473,29.2398,28.5235,28.7148,23451622
2015-02-02,28.7001,28.8375,27.5619,27.9004,34019576
2015-02-03,28.0329,28.5431,27.9446,28.4009,24009174
2015-02-04,28.2684,28.6903,28.1605,28.4843,20932849
2015-02-05,28.7492,28.9651,28.5726,28.9356,19785893
2015-02-06,28.9847,29.3379,28.3175,28.3665,18744143
2015-02-09,28.2292,28.2292,27.7091,27.8170,22390262
2015-02-10,28.5529,30.5546,28.4548,30.5055,43830964
2015-02-11,30.5055,30.9863,29.8776,30.4369,29782243
2015-02-12,30.4761,31.4475,30.3584,31.3396,23793236
2015-02-13,31.6045,31.7909,30.7508,31.2513,18739176
2015-02-17,31.7026,32.2226,31.6143,31.7222,19877408
2015-02-18,31.6535,31.8890,31.4279,31.5652,12348425
2015-02-19,31.5162,31.5947,31.1237,31.2120,13430963
2015-02-20,31.1433,31.4426,30.6822,31.4279,16531468
2015-02-23,31.2611,31.3101,30.6804,30.8097,13867905
2015-02-24,29.5734,30.3682,28.2488,30.1916,54984960
2015-02-25,30.0247,30.3387,29.7808,29.9070,16774689
2015-02-26,29.9659,30.3878,29.7893,30.0444,14932004
2015-02-27,30.3878,30.6233,30.0444,30.0934,15651235
2015-03-02,30.4957,30.9029,30.4074,30.6527,18443179
2015-03-03,29.8089,30.1131,28.8277,29.1024,28945689
2015-03-04,29.1613,29.2005,28.2782,28.7148,26708955
2015-03-05,28.8964,29.2790,28.4254,28.7296,24007735
2015-03-06,28.6707,28.7198,27.8563,27.9642,28301995
2015-03-09,28.0035,28.2390,27.3853,28.1212,17562996
2015-03-10,27.5717,27.7876,26.9438,27.0910,29748958
2015-03-11,27.4049,27.6502,27.0910,27.3559,17471572
2015-03-12,26.6004,27.8465,26.5905,27.4933,19567667
2015-03-13,27.4442,28.2292,27.4344,28.1752,23678740
2015-03-16,28.4254,28.7099,27.6895,27.9691,18183933
2015-03-17,27.2087,27.4540,26.9438,27.1400,24932375
2015-03-18,27.4834,27.8170,27.0811,27.6306,24544827
2015-03-19,27.5717,27.6993,27.3951,27.5227,21656559
2015-03-20,27.7876,28.2193,27.5816,28.1408,23608218
2015-03-23,27.9348,27.9740,27.2971,27.4933,18699359
2015-03-24,27.5816,27.8170,27.3559,27.4344,15670770
2015-03-25,27.3363,27.3461,25.9037,26.0705,35874028
2015-03-26,25.2757,26.6592,25.1286,26.1588,44702370
2015-03-27,26.4237,26.6298,25.5603,26.1735,30908987
2015-03-30,26.2275,26.4532,25.9626,26.1784,26142921
2015-03-31,26.2079,26.7966,26.1098,26.6200,25292130
2015-04-01,26.6200,26.8358,26.2667,26.6200,39424694
2015-04-02,27.2283,27.2381,26.2079,26.2226,41390489
2015-04-06,26.0018,26.9291,25.9037,26.9143,22460891
2015-04-07,26.8358,26.9340,26.3551,26.3649,17820551
2015-04-08,26.0803,26.8386,25.9920,26.6200,22105764
2015-04-09,26.5611,27.3363,26.5022,27.2921,18660009
2015-04-10,27.2774,27.6404,27.2774,27.4933,19698695
2015-04-13,27.4933,27.6208,27.2578,27.3559,13636811
2015-04-14,27.2087,27.3755,26.8947,27.1989,16671924
2015-04-15,27.4736,27.9152,27.3559,27.6404,20138852
2015-04-16,27.3755,27.6502,27.2480,27.4834,16393469
2015-04-17,27.2283,27.5521,27.0811,27.4933,18157111
2015-04-20,27.5914,27.8563,27.4834,27.7287,19901015
2015-04-21,27.7974,28.0525,27.6306,28.0133,22172036
2015-04-22,28.0427,29.1907,28.0231,28.9405,29662827
2015-04-23,28.3861,29.2202,28.3176,28.9601,22039721
2015-04-24,29.1809,29.1809,28.3469,28.6511,18764299
2015-04-27,28.7001,29.1024,28.5922,28.7148,14871378
2015-04-28,28.6707,28.8964,28.2193,28.4450,12372032
2015-04-29,28.1605,28.4450,27.9740,28.3273,10964310
2015-04-30,28.2488,28.3076,27.3264,27.6012,18988895
2015-05-01,27.7778,28.7001,27.7778,28.4450,16701132
2015-05-04,28.5235,28.6020,27.9544,28.1310,13909551
2015-05-05,27.7386,27.8269,27.3068,27.5129,19347341
2015-05-06,27.6895,27.7631,26.9242,27.4638,19770733
2015-05-07,27.2774,27.3755,26.3845,26.7574,29689317
2015-05-08,26.8555,26.9143,26.2569,26.6690,34955419
2015-05-11,26.6200,27.5619,26.3551,27.2283,24591243
2015-05-12,27.0321,27.0615,26.3551,26.3649,19518832
2015-05-13,26.8260,27.1400,26.5709,26.6789,17530501
2015-05-14,26.8162,27.0027,25.9724,26.1883,32201120
2015-05-15,26.0313,26.1294,25.5210,25.8350,25864856
2015-05-18,25.6682,26.3256,25.5505,26.2569,20150040
2015-05-19,26.3256,26.4237,25.5701,25.8154,19527021
2015-05-20,25.9724,26.4826,25.7614,26.0901,22866335
2015-05-21,26.1196,26.6298,25.8448,26.3943,17258148
2015-05-22,26.7132,27.1302,26.6985,26.8162,20360307
2015-05-26,26.7083,26.9634,26.5219,26.8064,14966606
2015-05-27,26.9143,27.8857,26.8751,27.6012,23441799
2015-05-28,27.6601,28.0820,27.5816,27.7484,18667001
2015-05-29,27.8857,27.8857,27.4049,27.4049,18451268
2015-06-01,27.4344,27.9937,27.2872,27.8857,20206394
2015-06-02,27.8269,27.8759,27.2480,27.2676,18228003
2015-06-03,27.4736,27.4834,26.5022,26.5709,29623360
2015-06-04,26.3943,26.7279,26.2078,26.4777,22186159
2015-06-05,26.4924,26.4924,26.0018,26.0901,16585396
2015-06-08,26.0116,26.1294,25.3150,25.4327,23252583
2015-06-09,25.4229,25.4622,24.4712,24.7165,39816660
2015-06-10,25.0402,25.1089,24.5595,24.7165,23802909
2015-06-11,24.7263,24.9126,24.5006,24.5496,25793546
2015-06-12,24.4221,24.9029,24.2455,24.6576,21123900
2015-06-15,23.7647,23.7941,23.2545,23.7843,44190248
2015-06-16,23.5979,23.8628,23.4311,23.7843,19173054
2015-06-17,23.8432,24.2160,23.7745,24.0198,17951714
2015-06-18,24.1768,24.3534,23.9707,24.0051,21570828
2015-06-19,24.3338,24.5006,24.0002,24.0100,25589259
2015-06-22,23.6862,24.2455,23.5488,24.1670,26231155
2015-06-23,24.1670,24.3877,23.9217,24.0296,16168897
2015-06-24,23.9806,24.0296,23.5488,23.6077,21243663
2015-06-25,23.6764,23.7843,23.2103,23.5684,38347834
2015-06-26,19.8889,20.2127,19.0647,19.2904,149010345
2015-06-29,18.9764,19.2315,18.2503,18.3779,49126054
2015-06-30,18.5349,18.7409,18.2013,18.4858,34683928
2015-07-01,18.6919,18.7409,18.2798,18.4270,25027123
2015-07-02,18.4760,19.0157,18.4564,18.7115,26178060
2015-07-06,18.4858,18.6232,17.8873,17.9756,37875804
2015-07-07,17.7892,18.0148,17.0435,17.8579,46293247
2015-07-08,17.6224,17.6420,17.1612,17.2986,30898907
2015-07-09,17.5341,17.6714,16.8178,16.8276,47087077
2015-07-10,17.0042,17.3182,16.8276,17.2397,24282875
2015-07-13,17.4948,17.5144,17.0631,17.2789,35788069
2015-07-14,19.3885,19.4670,18.6428,19.2414,103878597
2015-07-15,19.1236,19.2806,18.4171,18.5349,41983208
2015-07-16,18.8881,19.3677,18.7311,19.2414,34717212
2015-07-17,19.1629,19.8595,19.0059,19.7418,34081329
2015-07-20,19.7025,19.7025,18.4220,18.5349,41989277
2015-07-21,18.4858,18.7508,18.1620,18.5251,29340299
2015-07-22,18.1817,18.2798,17.5144,17.6616,43635067
2015-07-23,17.9854,18.5741,17.9560,18.3485,32805214
2015-07-24,18.2503,18.3485,17.7254,17.9952,21567411
2015-07-27,17.7597,18.3190,17.2397,17.7794,27584063
2015-07-28,18.0050,19.7025,17.8579,19.3787,51809485
2015-07-29,19.6044,20.1833,19.3002,19.4965,41557949
2015-07-30,19.3787,19.7221,19.0942,19.5259,31248653
2015-07-31,19.6436,19.6535,18.1228,18.1620,55074887
2015-08-03,18.2601,19.0255,18.2405,18.6428,32958265
2015-08-04,18.8096,18.8292,18.2503,18.6526,19934519
2015-08-05,18.8194,19.1040,18.5251,18.5545,23062321
2015-08-06,18.5741,18.6036,18.1032,18.3681,29928553
2015-08-07,18.1032,18.1817,17.6616,18.0933,23718250
2015-08-10,18.2307,18.6036,17.9756,18.4662,25232391
2015-08-11,18.2798,18.2798,17.3476,17.5439,22959210
2015-08-12,17.3182,17.9869,17.1906,17.8480,20484514
2015-08-13,17.8873,18.0345,17.3378,17.3673,15468644
2015-08-14,17.4261,17.6518,16.5038,16.6314,37248183
2015-08-17,16.1604,16.9355,15.8170,16.8963,33000954
2015-08-18,16.6804,16.6804,15.9641,16.0721,32424349
2015-08-19,15.9347,16.0426,15.5815,15.6011,36873998
2015-08-20,15.0614,15.0811,14.3844,14.4629,54864211
2015-08-21,14.1195,14.9633,13.9723,14.2569,43715791
2015-08-24,13.5504,15.0811,13.2462,14.1685,54531966
2015-08-25,14.8946,15.0516,13.9919,14.0017,38655096
2015-08-26,14.3353,14.4727,13.8447,14.1489,43819738
2015-08-27,14.3550,15.6305,14.3550,15.3754,42971809
2015-08-28,15.8464,16.2291,15.3165,15.6600,34099384
2015-08-31,15.6109,16.3714,15.1694,16.1015,32916850
2015-09-01,15.5030,15.9053,15.3852,15.5226,27914151
2015-09-02,15.7875,16.0034,15.4441,15.9838,23478540
2015-09-03,16.0819,16.8865,15.9494,16.2781,26377229
2015-09-04,15.9936,16.9748,15.9543,16.5038,32420836
2015-09-08,17.2201,17.4163,16.7295,17.2005,26817016
2015-09-09,17.5635,17.6322,16.5234,16.6412,32951118
2015-09-10,16.4940,17.0925,16.3959,16.8767,20814271
2015-09-11,16.7000,16.8472,16.3931,16.4842,22107586
2015-09-14,16.5823,16.6019,16.0524,16.3861,15178741
2015-09-15,16.5430,16.5430,16.1506,16.2094,21319391
2015-09-16,16.1506,16.3910,16.0034,16.3664,22363222
2015-09-17,16.3664,16.4940,16.0034,16.1015,22827633
2015-09-18,15.7777,15.8856,15.0712,15.2086,36698238
2015-09-21,15.3264,15.6796,15.1694,15.4539,19024495
2015-09-22,15.0614,15.5177,14.8848,15.1203,22763938
2015-09-23,15.1399,15.1443,14.5218,14.5316,22567864
2015-09-24,14.5218,15.2282,14.3255,15.0516,32800793
2015-09-25,15.0516,15.2969,14.3746,14.6297,28917267
2015-09-28,14.3942,14.4531,13.6583,13.7957,30235665
2015-09-29,13.9919,14.4138,13.8840,14.1097,25529152
2015-09-30,14.4531,15.0418,14.4237,14.6788,27821088
2015-10-01,14.7082,14.7573,14.2274,14.4923,37460484
2015-10-02,14.9339,15.6502,14.8652,15.6109,49688212
2015-10-05,16.0132,17.5046,15.8955,17.2397,63718650
2015-10-06,17.2986,17.9560,17.0150,17.8775,52109956
2015-10-07,18.0443,18.5671,17.8775,18.2700,41913528
2015-10-08,18.2405,18.7399,18.1032,18.3681,33619570
2015-10-09,18.2798,18.4956,17.5635,17.8186,23392503
2015-10-12,18.1915,18.2798,17.3869,17.6911,22494695
2015-10-13,17.4752,18.2062,17.4065,17.8382,21778465
2015-10-14,18.4171,18.9372,18.1728,18.4662,34627894
2015-10-15,18.5153,18.7900,18.1522,18.3092,20397672
2015-10-16,18.3877,18.4760,17.8873,18.1522,15587130
2015-10-19,18.0247,18.8587,17.9756,18.7998,27543294
2015-10-20,18.5447,18.6919,16.2977,16.7687,67592468
2015-10-21,16.1800,16.6117,15.6305,16.1211,49193490
2015-10-22,16.0917,16.6902,15.7679,16.4057,33986076
2015-10-23,16.5823,16.9944,16.4940,16.9159,22439416
2015-10-26,16.8374,16.9257,16.1898,16.2683,14901422
2015-10-27,16.2094,16.4842,16.2094,16.3664,14697555
2015-10-28,16.4842,16.7883,16.2719,16.6019,15151668
2015-10-29,16.3762,16.4253,15.8856,15.9053,17073818
2015-10-30,16.0721,16.3076,15.8955,16.2487,19248404
2015-11-02,16.6412,16.9650,16.4842,16.7687,18767115
2015-11-03,16.7785,17.6518,16.7687,17.4997,22131514
2015-11-04,17.7107,17.7107,16.7785,17.1121,19246886
2015-11-05,17.1906,17.3820,16.0524,16.1996,26766959
2015-11-06,16.1309,16.4498,15.7973,16.1408,18047826
2015-11-09,16.0524,16.1407,15.5030,15.5422,23642983
2015-11-10,15.4441,15.5520,15.1301,15.2528,24591720
2015-11-11,15.3460,15.4932,15.1792,15.2086,16199810
2015-11-12,14.9928,15.4539,14.9928,15.0614,14296775
2015-11-13,15.0124,15.0909,14.5806,14.7180,21071244
2015-11-16,14.6690,14.9143,14.3746,14.6101,23731826
2015-11-17,14.7475,15.4343,14.6591,14.9928,25181930
2015-11-18,15.1007,15.3950,15.0124,15.3165,20071348
2015-11-19,15.4147,15.9740,15.4147,15.5717,18278894
2015-11-20,15.6992,15.7973,15.0467,15.1399,24068891
2015-11-23,15.2479,15.3754,14.7867,15.0320,14048988
2015-11-24,14.9339,15.3681,14.8652,15.3362,12222478
2015-11-25,15.1105,15.4833,15.0614,15.2871,10003319
2015-11-27,15.2577,15.3459,15.1792,15.2675,5018952
2015-11-30,15.2969,15.7090,15.2086,15.6305,13495276
2015-12-01,15.8758,16.3174,15.8170,16.2389,20138338
2015-12-02,16.1800,16.2781,15.4245,15.5226,16121138
2015-12-03,15.6502,15.8955,15.2086,15.3165,15210101
2015-12-04,15.2479,15.6305,15.1105,15.2086,19068501
2015-12-07,15.0614,15.1792,14.4335,14.5708,23579078
2015-12-08,14.3353,14.4237,14.1489,14.3255,18187971
2015-12-09,14.3255,14.3942,13.9723,14.0508,20917072
2015-12-10,14.0214,14.5169,13.9919,14.3844,14816962
2015-12-11,14.0508,14.1685,13.7270,13.7761,23718101
2015-12-14,14.1587,14.2078,13.2560,13.4032,35210609
2015-12-15,13.5111,14.0999,13.4817,13.9134,26455808
2015-12-16,14.0900,14.1784,13.5209,13.8055,21968209
2015-12-17,14.3746,14.4923,13.9821,14.0508,29024397
2015-12-18,14.1097,14.4482,13.9919,14.0900,38534155
2015-12-21,14.1685,14.5120,14.0606,14.4923,22217309
2015-12-22,14.5218,14.6690,14.2470,14.3353,27101144
2015-12-23,13.4621,14.0312,13.2953,14.0312,59121392
2015-12-24,13.9331,14.3157,13.9232,14.2078,14285507
2015-12-28,14.1784,14.2372,13.7859,13.9232,17658506
2015-12-29,14.0802,14.2372,13.9625,14.0704,16104232
2015-12-30,14.0017,14.1685,13.8349,13.8938,10943662
2015-12-31,13.8349,14.0214,13.7662,13.8938,13249373
2016-01-04,13.5700,14.0900,13.5504,14.0606,22622344
2016-01-05,14.1489,14.7965,14.0900,14.5414,29806688
2016-01-06,14.2274,14.4089,13.8447,13.9527,26835066
2016-01-07,13.5994,14.0017,13.3738,13.4032,26029226
2016-01-08,13.5209,13.6855,13.0402,13.0794,29064233
2016-01-11,13.1187,13.2070,11.9805,12.2944,43159136
2016-01-12,12.4809,12.9911,12.1669,12.4809,25671317
2016-01-13,12.5397,12.7262,11.6861,11.8333,35319840
2016-01-14,11.8529,12.0295,11.3132,11.7940,35810369
2016-01-15,11.1366,11.4408,10.7049,10.8717,37164602
2016-01-19,11.0679,11.1513,10.5087,10.5970,38131273
2016-01-20,10.1849,10.1947,9.1350,9.8611,65210408
2016-01-21,10.2536,10.6951,9.9396,10.6460,52299097
2016-01-22,10.9698,11.3525,10.6755,10.8619,35091286
2016-01-25,10.8521,10.9600,10.2732,10.2830,23874846
2016-01-26,10.3517,10.5136,10.1603,10.3517,26179459
2016-01-27,10.3026,10.6265,10.1260,10.1947,23013482
2016-01-28,10.2830,10.3517,9.5275,9.6992,37390362
2016-01-29,9.8022,10.8423,9.7531,10.8226,38448149
2016-02-01,10.7932,10.8864,10.3124,10.7540,25824811
2016-02-02,10.5970,10.8619,10.2830,10.3909,22090260
2016-02-03,10.4694,10.6558,9.9887,10.5577,18098114
2016-02-04,10.5087,11.3329,10.4989,11.0189,26164118
2016-02-05,10.9404,11.1661,10.5577,10.7932,22658142
2016-02-08,10.5087,10.5577,9.7531,9.9788,27424357
2016-02-09,9.8218,10.1456,9.5667,9.7924,30178641
2016-02-10,9.8905,10.0867,9.6376,9.7139,22090512
2016-02-11,9.5373,9.7629,9.2723,9.5078,27105704
2016-02-12,9.6943,10.0475,9.3018,9.8316,23857045
2016-02-16,10.1652,10.6657,10.1162,10.6068,27494145
2016-02-17,10.7638,11.4310,10.7147,11.2151,34404731
2016-02-18,11.3525,11.5291,11.1072,11.2740,21616107
2016-02-19,11.1759,11.1759,10.7442,10.9502,17907142
2016-02-22,11.1563,11.2249,10.6951,10.8423,20001687
2016-02-23,10.7932,10.8717,10.1947,10.2928,22686754
2016-02-24,10.0573,10.4694,9.8709,10.4400,18551792
2016-02-25,10.4694,10.5381,10.0181,10.5185,16153868
2016-02-26,10.5872,10.7932,10.3713,10.4989,16418780
2016-02-29,10.4498,10.6853,10.3222,10.4302,20720002
2016-03-01,10.5675,10.8913,10.3909,10.8619,15638679
2016-03-02,10.8030,11.4653,10.7638,11.4604,18197482
2016-03-03,11.5095,11.6272,11.3819,11.5684,16323307
2016-03-04,11.5782,12.0590,11.3819,11.6567,35279464
2016-03-07,11.2446,11.5585,10.8423,11.3623,27783251
2016-03-08,11.2249,11.2348,10.4498,10.4596,29142647
2016-03-09,10.5577,10.7049,10.3320,10.6068,15133844
2016-03-10,10.7442,10.8521,10.4596,10.6755,17770398
2016-03-11,10.7834,11.1857,10.6460,11.1759,17261187
2016-03-14,11.1268,11.1268,10.8030,10.9404,13531318
2016-03-15,10.9404,10.9404,10.5185,10.6460,15156512
2016-03-16,10.5087,10.6853,10.3517,10.5185,20471789
2016-03-17,10.5185,10.7932,10.4007,10.6657,19976779
2016-03-18,10.6362,10.9600,10.5479,10.9306,44827093
2016-03-21,10.9306,11.3819,10.8668,11.3132,18083037
2016-03-22,11.2348,11.3819,11.1170,11.2249,13463376
2016-03-23,11.2151,11.2446,10.4302,10.4498,29424325
2016-03-24,10.3026,10.4007,10.1358,10.3026,22822757
2016-03-28,10.3026,10.3909,10.0573,10.1849,22898770
2016-03-29,9.9886,10.3320,9.9101,10.2536,30891551
2016-03-30,10.3124,10.7442,10.2045,10.2830,35166672
2016-03-31,10.1162,10.2928,9.8218,10.2732,48134180
2016-04-01,10.0867,10.8619,10.0475,10.8226,28458283
2016-04-04,10.8521,11.0091,10.5724,10.5970,22475232
2016-04-05,10.4302,10.5185,10.1849,10.2045,20760252
2016-04-06,10.2241,10.2830,10.0573,10.2732,18412989
2016-04-07,10.2241,10.4498,10.1947,10.3124,19470184
2016-04-08,10.4400,10.6853,10.3713,10.5185,18949993
2016-04-11,10.5479,10.7147,10.2437,10.2536,18258001
2016-04-12,10.3124,10.3419,9.8611,9.9788,25679556
2016-04-13,10.1064,10.6951,10.0082,10.6755,26108935
2016-04-14,10.5872,10.5872,10.1947,10.2045,17778063
2016-04-15,10.5283,10.5773,10.2634,10.4890,25325159
2016-04-18,10.4302,10.8913,10.3615,10.6853,26372815
2016-04-19,10.8717,10.8717,10.4007,10.5185,21005663
2016-04-20,10.4302,10.5675,10.3026,10.5479,19268560
2016-04-21,10.5970,10.6853,10.3958,10.4498,15629486
2016-04-22,10.4596,10.6068,10.3026,10.4596,18715196
2016-04-25,10.4694,10.6755,10.2781,10.3517,22500034
2016-04-26,10.6166,11.4310,10.5087,11.2936,47098054
2016-04-27,11.1268,11.3917,10.9895,11.3427,24353409
2016-04-28,11.3132,12.1718,11.3034,11.4016,41186388
2016-04-29,11.4114,11.4702,10.4449,10.5479,40162144
2016-05-02,10.5970,10.6558,10.2339,10.4204,23794773
2016-05-03,10.2928,10.4204,10.0573,10.1652,27847586
2016-05-04,10.0573,10.2928,9.6158,9.8120,40867211
2016-05-05,9.8709,10.2045,9.8218,9.8709,26456328
2016-05-06,9.7924,10.0181,9.6648,9.8022,20963287
2016-05-09,9.8120,9.8807,9.5766,9.6845,20476720
2016-05-10,9.7531,9.9199,9.6501,9.9003,19608163
2016-05-11,9.8316,10.1358,9.8218,9.9101,17808370
2016-05-12,9.9592,10.0671,9.1742,9.4490,41066565
2016-05-13,9.4784,9.6060,9.2331,9.3803,21517340
2016-05-16,9.4293,9.5078,9.3312,9.4980,16247585
2016-05-17,9.4686,9.7335,9.3165,9.4882,22112070
2016-05-18,9.4980,10.0867,9.4980,9.8611,27017481
2016-05-19,9.8120,10.0671,9.7286,9.8807,18852915
2016-05-20,10.1162,10.6092,10.0867,10.5970,31189686
2016-05-23,10.6362,10.9600,10.6166,10.9306,28369196
2016-05-24,11.0974,11.2838,10.9502,11.2740,25437300
2016-05-25,11.3721,11.5585,11.2053,11.3819,29207673
2016-05-26,11.4899,11.8038,11.4702,11.7254,23644073
2016-05-27,11.7450,12.1963,11.6027,12.0786,29838426
2016-05-31,12.4220,12.6673,12.0246,12.4809,49604325
2016-06-01,12.3729,12.8439,12.0786,12.8439,35762055
2016-06-02,12.7066,12.9568,12.5103,12.8635,31941886
2016-06-03,12.7752,12.7949,12.3926,12.6182,28326022
2016-06-06,12.6477,12.7949,12.5201,12.5299,24861230
2016-06-07,12.5888,12.9028,12.5692,12.7556,21409543
2016-06-08,12.8341,12.8439,12.2748,12.3435,25869795
2016-06-09,12.2356,12.4613,12.0050,12.2748,21881739
2016-06-10,12.0884,12.1375,11.8186,11.9118,21439308
2016-06-13,11.7744,12.1227,11.7155,11.8235,15570211
2016-06-14,11.8431,12.0884,11.5144,11.6959,21913156
2016-06-15,11.9314,12.0197,11.7254,11.7940,17491711
2016-06-16,11.6469,11.7597,11.3574,11.7254,22453124
2016-06-17,11.7450,12.1178,11.7254,11.9707,20604243
2016-06-20,12.2748,12.4220,12.0590,12.0884,21481659
2016-06-21,12.3043,12.5888,12.1865,12.5103,25060548
2016-06-22,12.5397,12.7949,12.4318,12.4809,26968150
2016-06-23,13.1579,13.8938,13.1579,13.7859,71202971
2016-06-24,13.2462,13.5896,12.8832,12.9617,77486062
2016-06-27,12.8832,12.9911,11.8725,12.0001,45939547
2016-06-28,12.4024,12.7998,12.3828,12.7458,34838098
2016-06-29,13.0500,13.1658,12.6974,12.9420,36879795
2016-06-30,13.0892,13.5209,12.9715,13.5013,48486133
2016-07-01,12.3435,12.6575,12.0786,12.2650,68847094
2016-07-05,12.1473,12.2160,11.5782,11.6861,37298860
2016-07-06,11.5389,11.6272,11.2838,11.5095,35747849
2016-07-07,11.6763,12.3141,11.6665,11.9707,33457144
2016-07-08,12.1571,12.4809,12.1473,12.3828,27955735
2016-07-11,12.5496,12.7360,12.3729,12.4024,22797147
2016-07-12,12.7556,13.2021,12.7360,12.9813,35226755
2016-07-13,12.9911,13.1383,12.8243,13.0402,23067396
2016-07-14,13.2462,13.2953,13.0205,13.0402,18698912
2016-07-15,13.0598,13.2462,12.7949,12.8832,18046227
2016-07-18,13.0009,13.1088,12.8439,13.0892,17180502
2016-07-19,12.9715,13.0107,12.8047,12.9715,30569879
2016-07-20,13.0794,13.3640,12.9911,13.3345,35665960
2016-07-21,13.2266,13.2462,12.8341,12.9322,16734740
2016-07-22,12.9617,12.9813,12.7703,12.8832,18755858
2016-07-25,13.7368,14.0606,13.6191,13.6583,51356951
2016-07-26,13.7368,14.4138,13.6725,14.3942,38959762
2016-07-27,14.5708,14.6101,13.7908,13.9232,35035816
2016-07-28,13.8644,13.9232,13.4425,13.5504,25504204
2016-07-29,13.6485,13.6779,13.3640,13.4817,21792899
2016-08-01,13.5504,13.6583,13.2953,13.3051,16363941
2016-08-02,13.2953,13.3247,12.7752,13.1481,23707639
2016-08-03,13.0205,13.3210,13.0205,13.2560,17316605
2016-08-04,13.3541,13.9281,13.3443,13.7662,23400072
2016-08-05,13.9527,14.5022,13.9331,14.2470,29098372
2016-08-08,14.2569,14.4433,14.1097,14.1489,16163524
2016-08-09,14.2863,14.4237,14.1293,14.2078,12573716
2016-08-10,14.2078,14.2274,13.7662,13.9331,15003183
2016-08-11,13.9821,14.2127,13.9429,14.1587,14451251
2016-08-12,14.1882,14.7082,14.1588,14.6493,24909905
2016-08-15,14.8063,15.3999,14.7965,15.2381,29105196
2016-08-16,15.2871,15.2969,14.9437,15.1988,21872688
2016-08-17,15.2381,15.4637,15.1694,15.2282,22552119
2016-08-18,15.2577,15.5030,15.2184,15.4735,16590746
2016-08-19,15.8562,16.1408,15.7287,15.9445,35059370
2016-08-22,15.8464,16.1211,15.6109,15.8856,22145768
2016-08-23,15.9641,16.2291,15.8366,15.8758,23741423
2016-08-24,15.8955,15.9347,15.0909,15.2184,26686933
2016-08-25,15.6011,16.2389,15.5815,15.8955,34837771
2016-08-26,16.0328,16.4891,15.9789,16.1996,24243670
2016-08-29,16.6019,16.9257,16.2977,16.5921,34467790
2016-08-30,16.6804,16.6902,16.1996,16.4253,23620941
2016-08-31,16.3861,16.4253,15.8366,16.1800,21963655
2016-09-01,16.2977,16.4842,15.9936,16.3272,15719453
2016-09-02,16.6412,16.6510,16.2585,16.3861,16099536
2016-09-06,16.4842,16.7589,16.4351,16.6902,22998632
2016-09-07,16.8865,17.0238,16.7000,16.8374,23023491
2016-09-08,16.8570,17.5200,16.5627,17.1220,39212054
2016-09-09,17.0042,17.4065,16.3762,16.4940,31389592
2016-09-12,16.2977,16.8718,16.0623,16.8276,28239183
2016-09-13,16.6019,16.8227,16.1506,16.4351,24345814
2016-09-14,16.5627,16.7589,16.3413,16.6117,18635625
2016-09-15,16.5823,17.1318,16.5333,17.1220,24321661
2016-09-16,17.7401,17.7401,17.0140,17.1514,37447381
2016-09-19,17.2986,17.4359,16.5332,16.6314,23999927
2016-09-20,16.7295,16.9453,16.4057,16.6019,17775812
2016-09-21,16.9257,17.3673,16.9061,17.3280,31384949
2016-09-22,17.5537,17.7107,17.0827,17.2593,25278043
2016-09-23,17.1220,17.4026,17.1023,17.1514,17947621
2016-09-26,17.0238,17.2691,16.8570,17.0336,19567204
2016-09-27,17.2005,17.7401,17.0238,17.6616,28620966
2016-09-28,17.8186,17.8186,16.8276,17.1121,42715601
2016-09-29,17.1220,17.4408,17.0189,17.2103,31870194
2016-09-30,17.4163,17.6616,17.2446,17.4458,21363073
2016-10-03,17.6518,17.6812,17.2691,17.3967,26856131
2016-10-04,17.6420,17.7009,17.3280,17.4654,54502815
2016-10-05,17.2201,17.9864,16.9552,17.3673,67739499
2016-10-06,17.3084,17.5488,17.2054,17.3967,21606840
2016-10-07,17.3869,17.4654,16.9748,17.2789,23848990
2016-10-10,17.3869,17.4997,17.1612,17.1710,18857618
2016-10-11,17.0729,17.1416,16.2193,16.5430,38070237
2016-10-12,16.5627,16.7197,16.3565,16.4646,17901774
2016-10-13,16.2487,16.6804,15.8660,16.5332,28593655
2016-10-14,16.7099,17.0827,16.6706,16.8080,23539801
2016-10-17,16.7000,16.8423,16.6166,16.6706,12657797
2016-10-18,16.8865,17.3280,16.8767,17.0827,20185708
2016-10-19,16.6804,16.9257,16.5332,16.8914,18629459
2016-10-20,16.7295,17.1710,16.7295,16.8816,17129735
2016-10-21,16.6804,16.7491,16.4842,16.6215,18710303
2016-10-24,16.7491,16.8374,16.6510,16.7393,13838733
2016-10-25,16.7785,17.2839,16.7785,17.2103,27444029
2016-10-26,16.9748,17.5929,16.8767,17.3084,23610533
2016-10-27,17.4850,17.5635,17.0729,17.2005,21198258
2016-10-28,17.2691,17.3418,16.7785,16.8767,20832423
2016-10-31,17.2103,17.4261,16.8374,16.8374,23267609
2016-11-01,16.8767,17.0827,16.2683,16.6608,27146092
2016-11-02,16.6314,16.6951,16.1898,16.3664,24949749
2016-11-03,16.3468,16.4940,16.2487,16.3076,17255092
2016-11-04,16.1506,16.7000,16.1408,16.3664,18026593
2016-11-07,16.7000,17.1023,16.6973,17.0484,21673246
2016-11-08,16.9748,17.2201,16.7393,17.0827,18062694
2016-11-09,16.6314,17.0238,16.4351,16.8767,33873254
2016-11-10,17.0238,17.4242,16.4351,16.6706,30282198
2016-11-11,16.7589,17.3476,16.5823,17.3378,31043283
2016-11-14,17.4359,17.6420,17.2005,17.3771,26313257
2016-11-15,17.3280,17.8284,17.3280,17.7597,25153907
2016-11-16,17.6027,17.9854,17.5929,17.8971,21628990
2016-11-17,18.0050,18.9715,17.9069,18.8194,45958053
2016-11-18,18.5447,18.9666,18.4956,18.8489,29121570
2016-11-21,19.0255,19.3002,18.9813,19.1236,22743987
2016-11-22,19.2708,19.4278,19.0844,19.3689,22219087
2016-11-23,19.2610,19.5553,19.1040,19.5357,20041278
2016-11-25,19.5750,20.0557,19.4180,19.7516,16308002
2016-11-28,19.8006,19.8988,19.5701,19.6142,22205885
2016-11-29,19.5455,19.8203,19.0157,19.0549,37924427
2016-11-30,14.6052,19.3885,19.0010,19.1629,26031699
2016-12-01,19.3297,19.4572,17.8382,18.1326,40713063
2016-12-02,18.1130,18.8391,17.9570,18.4368,25887613
2016-12-05,18.6428,18.6428,18.0492,18.2601,26635463
2016-12-06,18.2700,18.7311,18.2307,18.7017,22267802
2016-12-07,19.1334,20.1539,18.9372,20.0557,44735727
2016-12-08,20.3599,20.5954,19.9086,20.2716,36257447
2016-12-09,20.3403,20.4567,19.7557,20.1146,23977968
2016-12-12,19.9184,20.1244,19.1236,19.6436,28676097
2016-12-13,19.7614,20.0852,19.4278,19.7516,26252421
2016-12-14,19.5553,19.9478,19.4082,19.6436,19489145
2016-12-15,19.7221,20.1146,19.6044,19.9086,19453058
2016-12-16,20.1441,20.6052,19.8104,19.8889,36643362
2016-12-19,20.0459,20.3109,19.8104,19.9674,23555890
2016-12-20,20.3403,20.4090,20.0852,20.2618,23018501
2016-12-21,20.3599,20.4384,19.9576,20.1931,32034495
2016-12-22,22.4793,23.0484,22.3419,22.7541,85869969
2016-12-23,22.6363,23.0484,22.6265,22.8227,27780138
2016-12-27,22.9110,23.1956,22.7737,22.8620,24214104
2016-12-28,22.9601,22.9699,22.3321,22.3518,24026860
2016-12-29,22.1555,22.3714,21.7336,21.8513,19890479
2016-12-30,21.9298,21.9789,21.3411,21.5079,20268891
2017-01-03,21.6551,22.3125,21.6306,22.1261,24962867
2017-01-04,22.2438,22.4106,21.8268,21.9397,20426819
2017-01-05,21.9789,22.1457,21.5472,21.6944,19759381
2017-01-06,21.8513,21.8612,21.5619,21.6257,17782160
2017-01-09,21.5275,22.1261,21.5275,21.9200,21537171
2017-01-10,21.9397,22.2596,21.8808,22.0574,20644345
2017-01-11,22.1850,22.4499,22.1359,22.3616,20907746
2017-01-12,22.0378,22.0574,21.2921,21.8906,27592288
2017-01-13,21.8513,21.8906,21.5717,21.7630,14025660
2017-01-17,21.4687,21.6514,21.1781,21.3313,20053761
2017-01-18,21.2724,21.9200,21.1253,21.9004,19493417
2017-01-19,21.0958,21.8808,21.0860,21.3019,31259017
2017-01-20,21.4883,21.9102,21.4785,21.5472,19978669
2017-01-23,21.5472,21.8906,21.3313,21.4785,16070257
2017-01-24,21.8513,22.6510,21.8415,22.4204,29461353
2017-01-25,22.9601,23.5292,22.7541,23.1171,33384707
2017-01-26,23.3526,23.5390,22.8522,23.0778,19379092
2017-01-27,23.0877,23.6469,23.0092,23.5194,18626054
2017-01-30,23.3722,23.7843,22.9895,23.7254,30508099
2017-01-31,23.4998,23.6918,23.2348,23.6568,22712508
2017-02-01,23.9707,24.3828,23.8530,24.2847,28728167
2017-02-02,24.0689,24.8342,24.0002,24.3240,45499729
2017-02-03,24.4319,24.7655,24.0394,24.1375,25054360
2017-02-06,24.0689,24.2638,23.7549,23.8824,18900002
2017-02-07,24.1277,24.2259,23.7549,24.1375,19879272
2017-02-08,23.7941,23.9168,23.4605,23.7549,21559205
2017-02-09,24.2847,24.4221,23.9609,23.9904,27887385
2017-02-10,24.2455,24.2945,23.4507,23.5979,28578398
2017-02-13,23.6175,23.7451,23.3722,23.4507,16876390
2017-02-14,22.9209,22.9307,22.2536,22.6854,60685229
2017-02-15,22.6363,22.8227,22.3616,22.5872,28215808
2017-02-16,22.6069,22.9012,22.4204,22.5480,23819848
2017-02-17,22.5774,22.9405,22.5774,22.9110,22108736
2017-02-21,23.1760,23.5292,23.1367,23.3231,20256331
2017-02-22,23.4115,23.6077,23.2054,23.3035,16013317
2017-02-23,23.4703,23.5194,22.7884,23.0386,20172926
2017-02-24,22.5284,22.8227,22.2144,22.8031,22019587
2017-02-27,22.9209,23.3231,22.7148,23.3133,17999814
2017-02-28,23.3428,23.4998,22.8767,22.9994,21447514
2017-03-01,23.7058,24.1179,23.6175,24.0885,27989312
2017-03-02,24.4123,24.7753,23.9168,24.2357,45941859
2017-03-03,24.7263,25.1972,24.5104,25.0893,37971610
2017-03-06,25.0206,25.4327,24.6968,25.2267,25527754
2017-03-07,25.0795,25.2659,24.8048,25.1580,20313002
2017-03-08,25.1580,25.3444,24.5693,24.9029,24921136
2017-03-09,24.7557,25.0108,24.3828,24.6772,21786556
2017-03-10,24.7999,25.2659,24.3436,24.7066,28919045
2017-03-13,24.9127,25.3346,24.8146,25.2169,23768209
2017-03-14,25.1089,25.2169,24.7753,25.0991,14587546
2017-03-15,24.6772,25.6584,24.4662,25.6290,29779850
2017-03-16,25.7075,25.7369,25.3444,25.5505,19147312
2017-03-17,25.3739,25.4229,24.9225,25.3150,19126498
2017-03-20,25.5014,26.1098,25.3248,25.7173,26918811
2017-03-21,25.8056,25.9430,24.9519,25.0402,28397518
2017-03-22,25.2463,25.6584,25.1482,25.5701,25092530
2017-03-23,25.8645,25.9920,25.5505,25.9724,47118274
2017-03-24,29.1515,29.3085,27.6307,27.8955,107481789
2017-03-27,27.5717,28.6314,27.5423,28.2193,48189996
2017-03-28,28.1899,28.5137,28.0820,28.1507,24776375
2017-03-29,28.0623,28.1408,27.8170,27.9642,23060612
2017-03-30,27.8661,28.4548,27.7974,28.4254,25092660
2017-03-31,28.5529,28.8081,28.3567,28.3567,32337822
2017-04-03,28.4058,28.4941,27.7680,28.1016,21629078
2017-04-04,27.9348,28.1408,27.6306,28.0525,13957931
2017-04-05,28.1016,28.3616,27.6993,27.7287,22389904
2017-04-06,27.7189,28.2390,27.4933,28.0820,19423730
2017-04-07,27.9152,28.3126,27.8170,27.9839,20297074
2017-04-10,27.9152,27.9544,27.0615,27.1204,27422050
2017-04-11,26.9830,27.0223,26.1792,26.6690,38619254
2017-04-12,26.9045,26.9143,26.1539,26.1883,24621861
2017-04-13,26.0509,26.7181,25.8646,26.2373,26077466
2017-04-17,26.4041,26.7083,26.3256,26.6200,14108578
2017-04-18,26.4924,26.8260,26.3943,26.6298,14407057
2017-04-19,26.9340,27.0321,26.5415,26.7475,21231909
2017-04-20,26.9830,27.5521,26.9830,27.4344,23632981
2017-04-21,27.4736,27.5031,26.6494,26.8064,28361662
2017-04-24,27.2185,27.2381,26.0214,26.0705,43984392
2017-04-25,26.2079,26.5121,25.8694,26.4826,22881446
2017-04-26,26.0803,26.5611,25.8976,26.2864,24670741
2017-04-27,26.6592,27.1302,26.5856,27.1106,24626933
2017-04-28,27.4933,27.6699,26.9928,27.1498,28105074
2017-05-01,27.3264,27.8465,27.1989,27.7582,23937955
2017-05-02,27.7484,27.7484,26.9340,27.2480,25335263
2017-05-03,27.0321,27.5717,27.0321,27.4736,15061274
2017-05-04,27.4148,27.6355,27.1989,27.2676,15544635
2017-05-05,27.2774,27.6895,27.1008,27.6699,15639616
2017-05-08,27.0419,27.5423,26.7672,27.5325,32326826
2017-05-09,27.5816,28.3567,27.5325,28.2684,31073381
2017-05-10,28.3763,28.8620,28.2586,28.7688,29267456
2017-05-11,28.6216,28.7590,28.1507,28.4843,22494565
2017-05-12,28.5529,28.5726,28.1408,28.3861,15902721
2017-05-15,28.5333,28.6413,28.1899,28.2880,21899866
2017-05-16,28.3763,28.5333,28.0329,28.4745,14940842
2017-05-17,27.8072,27.9740,26.4532,26.4924,38027938
2017-05-18,26.6396,27.3657,26.5758,26.9634,26862953
2017-05-19,27.2578,27.6306,27.2087,27.2970,19173238
2017-05-22,27.6699,27.7189,27.1253,27.5325,18032725
2017-05-23,27.5521,27.7778,27.0419,27.7582,21800825
2017-05-24,27.9348,28.5726,27.9054,28.4450,22353013
2017-05-25,28.6511,29.1024,28.6413,28.8767,20714035
2017-05-26,28.7198,29.2104,28.3322,29.2005,17784830
2017-05-30,29.3772,30.2897,29.3183,30.1229,34689995
2017-05-31,30.4270,30.5154,29.7500,30.1916,26402938
2017-06-01,30.1719,30.2504,29.7108,30.1817,20534768
2017-06-02,30.2210,30.7901,29.9561,30.6233,20206337
2017-06-05,30.7116,31.1580,30.4859,30.6233,24360840
2017-06-06,30.4565,31.1728,30.2897,30.9765,33125833
2017-06-07,31.1041,31.9381,31.1041,31.8890,32635843
2017-06-08,32.2226,32.2423,31.2807,31.8400,29156452
2017-06-09,32.0558,32.3109,28.9945,30.0247,53064220
2017-06-12,29.4949,31.0894,28.6609,30.6135,46550935
2017-06-13,31.1531,31.6339,30.1916,30.9471,33767863
2017-06-14,31.1826,31.1924,30.2700,30.4761,28934950
2017-06-15,29.8972,30.3878,29.5145,29.9855,33670601
2017-06-16,30.0542,30.4172,29.2594,29.2987,42881748
2017-06-19,29.9364,30.6625,29.7598,30.6135,24914991
2017-06-20,30.8097,30.9814,30.1523,30.2504,25793318
2017-06-21,30.5938,31.5456,30.4761,31.4082,30578970
2017-06-22,31.4377,31.7909,31.1629,31.2905,23050843
2017-06-23,31.2905,31.4769,31.0452,31.1335,45323751
2017-06-26,31.8400,32.3404,31.3494,31.8890,34750713
2017-06-27,31.8988,32.0509,31.0158,31.0648,33221485
2017-06-28,31.4671,31.6732,30.8490,31.6339,28415907
2017-06-29,31.6830,31.7811,30.0640,30.8784,53948379
2017-06-30,31.5162,31.5456,29.1504,29.2987,73308042
2017-07-03,29.5243,29.7108,28.0231,28.5922,36830403
2017-07-05,28.9945,29.9855,28.9945,29.9364,40444551
2017-07-06,29.3772,29.9070,29.3575,29.5341,27143769
2017-07-07,29.6519,29.9266,29.4164,29.6323,22023123
2017-07-10,29.5930,30.0149,29.1907,29.9266,24907897
2017-07-11,29.9757,30.7999,29.9364,30.7803,28530452
2017-07-12,31.1728,31.1826,30.5693,30.8588,22258626
2017-07-13,30.9569,31.2513,30.2602,30.5448,23772962
2017-07-14,30.7607,31.3494,30.6723,31.1924,28887561
2017-07-17,31.0746,31.2611,30.8490,31.1237,22320462
2017-07-18,31.0452,31.3101,30.8097,31.3003,14044969
2017-07-19,31.4475,31.7419,31.0550,31.2218,19984126
2017-07-20,31.3297,31.4181,30.8293,31.3984,23179334
2017-07-21,31.3003,31.4966,31.0256,31.4082,21146582
2017-07-24,31.3984,31.4082,30.9078,31.0746,17415458
2017-07-25,30.2210,30.2504,29.0926,29.3379,51216365
2017-07-26,29.2888,29.4851,29.1220,29.2496,26387364
2017-07-27,29.7010,30.7116,29.1073,29.6715,38966958
2017-07-28,29.3968,29.4164,28.4156,28.7296,31854933
2017-07-31,28.8767,28.9945,27.3461,27.5914,41112692
2017-08-01,27.6895,28.3910,27.3068,27.8072,28221633
2017-08-02,28.4156,28.8767,27.6895,28.0918,27225990
2017-08-03,27.8563,27.8661,27.0910,27.3068,30288415
2017-08-04,27.3363,27.7680,26.7574,27.3951,23947545
2017-08-07,27.4049,28.0673,27.2774,28.0525,16589271
2017-08-08,28.0722,28.7884,28.0722,28.2978,21903344
2017-08-09,27.9740,28.3469,27.8269,28.0427,14181838
2017-08-10,27.7680,27.8465,26.9143,26.9732,26147550
2017-08-11,26.9242,27.5129,26.3452,27.4834,23375939
2017-08-14,28.2782,28.8081,28.1801,28.6903,25254587
2017-08-15,28.9454,29.2447,28.5922,29.1220,23973633
2017-08-16,29.4557,30.2799,29.3976,30.1131,37879476
2017-08-17,29.7500,29.9560,29.0534,29.0632,26152486
2017-08-18,29.3968,30.0247,29.2005,29.8089,31178131
2017-08-21,29.9561,30.0247,28.7296,29.0043,26247654
2017-08-22,29.2888,29.9659,29.2104,29.8776,18821168
2017-08-23,29.4066,30.1621,29.3085,29.8776,21200433
2017-08-24,29.9757,30.0537,29.5440,29.6519,18056826
2017-08-25,29.7304,29.8187,29.4851,29.7206,13929789
2017-08-28,29.8579,30.6233,29.8481,30.4957,22530969
2017-08-29,30.1719,30.9373,30.1229,30.8882,23151883
2017-08-30,31.0550,31.0844,30.7901,31.0158,17467885
2017-08-31,31.0158,31.4181,30.8882,31.3690,25693965
2017-09-01,31.5260,32.2619,31.5260,31.9872,26034048
2017-09-05,31.8400,32.1245,31.0550,31.4671,28957631
2017-09-06,31.4671,32.0853,31.4573,31.6437,29290247
2017-09-07,31.8596,32.2815,31.8366,32.1736,25353310
2017-09-08,32.1834,32.3993,31.7026,31.8400,19649272
2017-09-11,32.2815,32.8114,32.1932,32.8114,31012081
2017-09-12,33.0567,33.8907,32.9291,33.6454,38685769
2017-09-13,33.9103,34.1458,33.3805,33.9397,41588059
2017-09-14,33.7827,34.1949,33.6552,33.9299,23007009
2017-09-15,33.9888,34.3420,33.7337,33.9986,37417250
2017-09-18,34.4696,35.1270,34.3617,34.7640,41330122
2017-09-19,34.8326,35.4214,34.8326,35.2742,26392185
2017-09-20,35.3527,35.9120,34.6756,35.2938,42243016
2017-09-21,35.2546,35.5685,34.7345,35.2349,22464924
2017-09-22,34.9308,35.5391,34.9308,35.3919,21559760
2017-09-25,35.3625,35.4704,33.8907,34.2145,35607218
2017-09-26,34.5677,34.7051,33.4491,33.5374,55112580
2017-09-27,35.5783,36.4516,35.2447,36.3927,84593877
2017-09-28,36.4516,37.7370,36.1278,37.2464,52569885
2017-09-29,37.2660,38.6201,37.0992,38.5906,48711411
2017-10-02,38.8556,39.6111,38.6201,39.2579,54244828
2017-10-03,39.1794,39.7779,39.1009,39.6111,27322344
2017-10-04,39.3854,39.6700,38.1785,38.8163,37908412
2017-10-05,39.0518,39.1107,38.5121,38.6299,22501037
2017-10-06,38.2668,38.9242,38.0804,38.9242,25150300
2017-10-09,38.9733,40.2194,38.8752,40.1900,27279284
2017-10-10,40.6708,41.2104,39.6945,41.1908,48214149
2017-10-11,40.0722,41.2791,40.0330,40.8278,53023633
2017-10-12,40.4353,40.9651,39.5326,39.8171,66789764
2017-10-13,40.0134,40.3960,39.5620,39.6405,35371160
2017-10-16,40.1115,40.7885,39.7532,40.7100,33696798
2017-10-17,40.3666,40.6217,39.4933,39.6307,41233739
2017-10-18,40.2685,41.1614,40.0428,40.8670,43528014
2017-10-19,40.4059,40.7198,39.0518,40.5334,47675961
2017-10-20,41.2104,41.3772,40.6610,40.7198,36293718
2017-10-23,41.0633,41.3935,40.6217,40.7787,26844184
2017-10-24,40.9553,41.2203,40.6512,40.8180,26299381
2017-10-25,40.5334,40.8081,39.5522,40.2881,31061074
2017-10-26,40.3960,40.4059,39.5522,39.8368,27453458
2017-10-27,39.8269,40.1704,39.2873,40.0821,31094692
2017-10-30,39.9643,41.0731,39.9153,40.8670,29119545
2017-10-31,41.4557,43.7321,41.4067,43.4770,61972197
2017-11-01,43.9480,44.4778,42.9570,43.5457,38842930
2017-11-02,43.2513,43.9087,42.8981,43.5065,25812983
2017-11-03,43.9284,44.1540,42.5351,42.8883,27694556
2017-11-06,43.0257,43.1827,41.6520,42.4369,28840986
2017-11-07,42.7607,43.4083,42.5154,43.1238,32422853
2017-11-08,43.0257,43.3102,42.6332,43.2612,19168060
2017-11-09,42.8687,42.8687,41.7795,42.6822,32283890
2017-11-10,42.9374,44.0020,42.8883,43.9382,33840763
2017-11-13,43.6634,45.0077,43.3593,44.7428,30522349
2017-11-14,44.7231,45.1352,43.9579,44.9390,29899203
2017-11-15,44.3356,44.8802,43.7813,44.5073,22434488
2017-11-16,44.8703,45.4198,44.4386,45.3119,24192640
2017-11-17,45.6651,45.6749,44.8703,45.2922,22613342
2017-11-20,45.6357,46.9603,45.5277,46.7444,26974971
2017-11-21,47.4509,48.6970,47.2448,48.4713,35756582
2017-11-22,48.9129,48.9521,47.7060,48.2162,28711802
2017-11-24,48.3928,48.9423,48.1083,48.7461,14203317
2017-11-27,47.0584,47.4803,46.2048,47.1467,44469667
2017-11-28,47.5392,47.9415,46.9210,47.0290,30633204
2017-11-29,46.6070,46.7052,42.4566,42.9177,81370110
2017-11-30,43.3298,43.6978,41.0731,41.5931,63895683
2017-12-01,40.9455,41.7501,39.2579,41.2006,73138563
2017-12-04,41.1614,41.4950,38.3355,39.1499,73640476
2017-12-05,39.0224,41.2595,38.6789,40.4353,56540670
2017-12-06,40.0526,40.9553,39.5424,40.7983,39735324
2017-12-07,41.3871,42.4173,41.1221,42.3879,43188962
2017-12-08,43.2121,43.7419,42.0641,42.3977,44717757
2017-12-11,42.6037,42.9275,41.5342,42.2015,32823972
2017-12-12,41.8875,42.0482,40.9259,41.0731,28492257
2017-12-13,41.4263,42.2898,41.1810,41.2595,28565581
2017-12-14,41.4950,41.9266,41.0927,41.4459,24582804
2017-12-15,41.5048,41.7599,41.0976,41.6029,58721655
2017-12-18,42.5547,42.9079,42.1818,42.8883,35075469
2017-12-19,43.2612,43.5065,42.4860,43.1532,51048284
2017-12-20,45.7730,45.9202,44.0167,44.8899,84338229
2017-12-21,44.6937,44.7231,43.5163,43.5849,50486083
2017-12-22,43.3495,44.0903,43.1140,43.2906,30372505
2017-12-26,42.3781,42.3879,40.7395,41.4557,41966203
2017-12-27,41.4263,42.2603,41.2399,41.6814,24175057
2017-12-28,42.0248,42.2407,40.9651,41.0240,28999677
2017-12-29,41.0338,41.0534,40.0036,40.3470,44642115
2018-01-02,40.7591,42.8932,40.4157,42.8490,37097032
2018-01-03,43.6634,44.2031,43.2219,44.1344,43376664
2018-01-04,45.1254,46.0968,44.1639,45.9987,52229537
2018-01-05,45.2628,45.7779,44.5222,44.9390,47381089
2018-01-08,44.4582,45.2236,44.0657,44.6937,32217370
2018-01-09,44.4190,44.6937,41.9660,42.1622,62982860
2018-01-10,41.1614,42.5547,40.6119,42.4958,53347952
2018-01-11,42.7019,43.1728,41.8188,42.0150,39402219
2018-01-12,42.0150,42.5351,41.8728,42.0052,28458481
2018-01-16,42.3290,43.0355,41.6225,42.1131,38174769
2018-01-17,42.3977,43.5457,42.1720,43.4280,38077096
2018-01-18,43.3789,43.8106,43.0845,43.1630,25152064
2018-01-19,43.1238,43.3691,41.8492,41.9463,41469156
2018-01-22,41.6716,42.0739,40.8965,42.0739,37879367
2018-01-23,42.4369,43.8204,41.9267,43.1238,41334108
2018-01-24,42.9374,43.1238,41.9333,42.2701,31305715
2018-01-25,43.3985,43.8793,42.0543,42.2015,40519234
2018-01-26,42.4075,42.9815,42.2211,42.8490,27177473
2018-01-29,42.4369,42.6037,41.5833,42.4762,29455004
2018-01-30,41.2006,41.9905,40.6904,40.8866,38861906
2018-01-31,42.1720,43.1336,41.9660,42.8981,45114641
2018-02-01,42.2309,43.2612,41.3086,41.6912,35713522
2018-02-02,41.2104,41.4165,39.8466,40.0526,40657381
2018-02-05,39.3854,40.7493,38.2766,38.6593,45796837
2018-02-06,39.7877,43.1042,39.7877,43.0551,66972802
2018-02-07,42.4468,42.7411,40.9553,41.2203,51354784
2018-02-08,41.7207,42.2211,39.2480,39.2480,53794067
2018-02-09,40.2783,40.4157,36.8147,39.6503,65189252
2018-02-12,40.2391,41.8777,40.1115,41.3969,47941060
2018-02-13,41.2595,42.1131,41.1908,41.8286,30296775
2018-02-14,41.1418,42.8098,41.1418,42.6332,36765941
2018-02-15,42.9030,43.0943,41.4656,42.6822,35072341
2018-02-16,42.4762,44.2620,42.3192,43.3789,49404593
2018-02-20,43.1925,44.4190,43.0747,44.0559,36215897
2018-02-21,44.5171,44.6937,43.6831,43.7027,31618738
2018-02-22,43.9382,43.9872,43.2121,43.4181,24359578
2018-02-23,44.3307,45.9202,44.1737,45.6553,48476673
2018-02-26,46.0870,47.3233,45.8221,47.0780,41966130
2018-02-27,46.7640,48.0690,46.5285,47.6667,44731112
2018-02-28,47.8826,48.5302,47.4411,47.8924,45031445
2018-03-01,47.8532,47.8924,45.8908,46.7248,61278848
2018-03-02,45.4885,48.3241,45.0862,48.1868,52492924
2018-03-05,47.8826,51.3757,47.8041,51.0519,70984057
2018-03-06,52.3961,53.6128,52.2097,52.7297,73096298
2018-03-07,52.3373,53.9661,52.1263,52.9554,61669983
2018-03-08,53.5589,54.4272,53.2792,54.1819,51685913
2018-03-09,54.7118,54.7804,52.6120,53.5638,65504592
2018-03-12,55.4379,60.0201,55.2907,58.2539,138651643
2018-03-13,61.0013,62.2278,57.4199,58.3128,142315817
2018-03-14,58.2048,58.9309,56.4779,58.6562,80306937
2018-03-15,58.6464,59.0192,57.1353,57.7339,50963689
2018-03-16,58.8721,59.5491,58.0969,59.4412,69323134
2018-03-19,59.2253,59.8434,57.6456,59.0094,71373332
2018-03-20,58.9702,60.0986,58.6758,60.0004,53890478
2018-03-21,60.1967,60.5597,59.4608,59.9219,51220155
2018-03-22,58.9407,59.1664,57.0176,57.8124,74274731
2018-03-23,56.6055,57.6946,52.6709,53.1909,118369484
2018-03-26,55.2024,55.6439,51.7289,54.5155,70260721
2018-03-27,54.0249,54.4272,50.7085,51.4149,67785075
2018-03-28,50.9538,52.3471,49.7469,50.5220,62987534
2018-03-29,51.1794,51.6897,50.1786,51.1598,61458758
2018-04-02,50.5711,50.7477,48.6283,49.1189,59875497
2018-04-03,49.8450,50.7970,49.3740,50.5809,52436387
2018-04-04,48.6872,52.4943,48.3340,52.3863,60272778
2018-04-05,51.0813,51.2187,48.2653,48.9031,89203496
2018-04-06,46.8229,49.5310,46.3716,47.5490,79392188
2018-04-09,48.2064,48.8932,47.0192,47.0584,50532861
2018-04-10,48.3241,49.7921,47.7207,49.5310,50491011
2018-04-11,49.3348,50.8262,49.1680,49.5310,38942202
2018-04-12,50.1590,51.9252,50.1394,51.6014,46656328
2018-04-13,52.3961,52.4844,50.6103,51.2481,43598892
2018-04-16,51.2678,51.4934,50.3552,50.6790,30879466
2018-04-17,50.8753,51.7093,50.7673,51.2776,33325289
2018-04-18,50.4875,53.2498,49.7249,52.9947,55393632
2018-04-19,51.9055,53.0830,50.0216,50.4534,52634973
2018-04-20,50.5318,51.0911,49.2072,49.6684,38510750
2018-04-23,49.8548,49.9235,47.8924,48.0985,43692970
2018-04-24,48.7264,49.3123,45.5670,46.2244,61915374
2018-04-25,46.6659,47.4322,45.2088,46.7052,43781171
2018-04-26,48.3536,49.2367,47.9120,49.1974,39041386
2018-04-27,50.1492,50.4239,46.3029,46.6267,50049798
2018-04-30,46.1753,46.7935,44.4631,45.1156,54743790
2018-05-01,44.7330,45.9840,44.5563,45.9104,34154908
2018-05-02,45.0469,45.8605,44.8213,45.0273,31640805
2018-05-03,44.8803,45.9840,44.4780,45.7436,30489613
2018-05-04,45.4492,46.8033,45.2726,46.6855,28632166
2018-05-07,47.3528,48.1868,47.2056,47.5686,33996912
2018-05-08,47.6177,47.9405,46.9799,47.6569,25205522
2018-05-09,48.1377,50.0707,48.0690,50.0511,36489113
2018-05-10,50.8262,51.6897,50.6300,51.6700,37146281
2018-05-11,51.3953,51.8074,50.7086,50.8458,27646392
2018-05-14,51.9938,52.7003,51.8663,52.0037,33376279
2018-05-15,52.7886,53.1517,51.6994,52.9947,43307320
2018-05-16,54.5450,55.8401,54.4370,55.4379,59011916
2018-05-17,54.9571,55.3790,52.9162,53.6717,54832177
2018-05-18,52.5924,53.6226,51.8565,52.3863,46088834
2018-05-21,55.1190,55.4084,53.5049,54.4370,70858134
2018-05-22,57.9399,59.3627,57.2040,57.9203,111262746
2018-05-23,57.9399,58.8721,57.0568,58.8426,64066804
2018-05-24,59.0487,60.8246,58.4403,60.3340,74724955
2018-05-25,59.7061,60.9326,59.4706,60.1967,54715927
2018-05-29,60.2065,62.7773,60.1967,61.4428,75591946
2018-05-30,62.5025,63.4445,59.7748,61.3937,84737640
2018-05-31,59.1174,59.1174,56.0904,56.5074,101882177
2018-06-01,57.7044,58.2245,55.8107,57.6357,74761515
2018-06-04,56.3504,58.0478,55.5556,57.9890,64350519
2018-06-05,58.6758,59.0094,57.7241,58.2931,41711285
2018-06-06,58.1460,58.4698,57.2040,58.3030,36748973
2018-06-07,58.7249,59.1370,57.4591,58.5090,42264729
2018-06-08,57.5278,60.4420,57.1255,60.2359,57144868
2018-06-11,60.5499,61.3741,59.9219,60.2359,42251465
2018-06-12,60.6775,60.6873,58.8132,59.4117,43633349
2018-06-13,59.1664,60.1182,58.8917,58.9211,33281355
2018-06-14,59.4117,59.4313,57.5671,58.0675,43421919
2018-06-15,57.4297,57.9890,56.2228,57.1353,45854083
2018-06-18,56.5172,57.4984,55.8009,57.3512,36975630
2018-06-19,56.5564,58.3422,56.0364,58.1362,43486620
2018-06-20,58.9996,59.9710,57.6946,57.8418,57497566
2018-06-21,60.3046,60.6677,57.9792,58.3226,70419904
2018-06-22,59.0683,59.2744,55.9481,56.0266,63497506
2018-06-25,54.4959,54.5940,51.4247,52.1606,72196268
2018-06-26,53.3871,53.7404,52.6022,53.5638,42277106
2018-06-27,53.9661,54.3095,51.1794,51.2776,53007505
2018-06-28,51.0225,52.3029,50.8164,52.1410,36878949
2018-06-29,52.6807,52.8377,51.4149,51.4542,32582221
2018-07-02,50.5515,53.5049,50.3552,53.4558,38770950
2018-07-03,53.5245,53.7600,49.1582,50.5122,52190187
2018-07-05,51.8565,52.3078,50.9636,51.8467,51136399
2018-07-06,51.5523,52.4059,51.0028,52.2293,31840970
2018-07-09,52.7886,53.4755,52.1116,53.2890,32579715
2018-07-10,53.6324,54.8491,53.3283,54.6921,34852848
2018-07-11,53.3675,53.9661,52.7543,53.1615,38699205
2018-07-12,53.6226,54.6136,53.3283,54.4076,29647703
2018-07-13,54.4665,55.5262,54.2800,55.2907,28815986
2018-07-16,55.5360,56.1051,55.0061,55.0944,25735182
2018-07-17,54.7804,56.0560,54.4567,55.8892,24729123
2018-07-18,56.1738,57.0568,55.8500,56.3700,33729693
2018-07-19,56.1738,56.4730,54.6235,55.1631,39392135
2018-07-20,55.0258,55.0846,53.7992,53.9857,32624511
2018-07-23,52.5041,53.5539,51.2373,53.2694,42781491
2018-07-24,53.9661,54.3585,51.9448,52.1705,39011464
2018-07-25,51.6406,53.2007,51.3168,52.3863,40098708
2018-07-26,52.5924,53.7109,52.4452,52.7494,28862468
2018-07-27,53.4362,53.6030,52.1116,52.9456,30109723
2018-07-30,53.1713,53.2302,51.4346,52.0135,25747836
2018-07-31,52.7690,53.2007,51.7780,51.7976,29301746
2018-08-01,51.6700,52.5727,51.1893,51.3070,28199956
2018-08-02,50.7281,52.5433,50.4141,52.3961,28707971
2018-08-03,52.2980,52.3961,51.2776,51.8172,22958948
2018-08-06,51.2383,51.8172,50.5318,51.6799,28776882
2018-08-07,51.9448,52.4354,51.7093,52.0429,21918614
2018-08-08,51.8467,52.5237,51.4779,52.3863,18074693
2018-08-09,51.6602,51.8565,50.9538,51.2776,34538404
2018-08-10,50.2865,50.9734,50.0609,50.4043,31340775
2018-08-13,50.6398,51.0813,50.3111,50.3749,24609540
2018-08-14,50.7575,50.7968,49.0708,49.6684,32050195
2018-08-15,48.8932,48.9227,46.2538,46.5972,57746241
2018-08-16,47.2939,47.4018,46.0812,46.2146,33663044
2018-08-17,45.3413,46.4697,44.7624,46.2244,34464220
2018-08-20,46.5089,47.6962,45.6006,47.1663,33022929
2018-08-21,47.9807,49.4231,47.9513,49.0012,38572923
2018-08-22,49.4329,49.6978,48.9325,49.2955,26740377
2018-08-23,49.1091,49.2955,48.4713,48.7657,26831962
2018-08-24,48.9816,49.8646,48.9816,49.7469,24785525
2018-08-27,50.3847,51.4640,50.2081,51.0911,29134051
2018-08-28,51.4346,51.5719,50.5024,51.3561,26198827
2018-08-29,51.1108,51.1794,50.3356,50.8556,31450783
2018-08-30,50.5907,52.6709,50.4337,51.7682,32416605
2018-08-31,51.7093,52.2293,51.2383,51.5327,29937271
2018-09-04,51.1549,51.3168,49.7612,50.9538,28975084
2018-09-05,50.4239,50.6300,48.1475,48.6087,39125064
2018-09-06,47.2939,47.5392,43.2317,43.8106,94413418
2018-09-07,44.2914,45.5866,43.8106,44.0167,47114308
2018-09-10,44.3993,44.5269,43.5555,44.0559,33078272
2018-09-11,42.8294,42.9275,41.5539,42.7804,48980655
2018-09-12,40.4647,41.3871,39.9153,40.9553,66915955
2018-09-13,41.5048,43.6583,41.5048,42.8000,59922055
2018-09-14,43.2808,43.7223,42.6430,43.4672,40610334
2018-09-17,42.7706,43.4868,42.4369,42.7607,28205256
2018-09-18,43.1042,45.0077,43.0551,44.4778,36507412
2018-09-19,44.9194,45.1941,43.9971,44.2129,29264655
2018-09-20,45.5277,46.3322,45.0469,45.1941,75144122
2018-09-21,43.5653,44.7428,42.9766,43.8989,97053409
2018-09-24,43.3691,44.7918,43.0355,44.3110,36918937
2018-09-25,44.2522,44.6060,43.1925,43.8008,32547450
2018-09-26,43.4574,43.9186,43.1336,43.5163,30299841
2018-09-27,43.3985,44.6643,43.2180,44.1442,26952377
2018-09-28,43.8106,44.7526,43.6536,44.3797,28080411
2018-10-01,44.5858,45.2137,44.1639,44.3012,26693432
2018-10-02,44.0559,45.8123,44.0363,44.8998,32397049
2018-10-03,45.4100,45.5424,43.8742,44.3012,29505110
2018-10-04,43.6634,43.9087,42.6921,43.3298,34579572
2018-10-05,43.2513,43.7910,42.0052,42.7607,35367076
2018-10-08,42.4664,43.0257,41.8090,42.2603,27426552
2018-10-09,42.0052,42.2309,41.1908,41.4754,31576374
2018-10-10,40.7198,41.9463,40.5432,40.8278,48451981
2018-10-11,41.1712,42.1131,40.6462,41.1810,48196988
2018-10-12,42.7607,42.9275,41.1319,41.6716,32851076
2018-10-15,41.2399,41.7501,40.8474,41.5440,27697328
2018-10-16,41.8973,42.5351,41.5048,42.3977,28827416
2018-10-17,42.5154,42.5743,41.3184,41.5539,27758963
2018-10-18,41.2497,41.4189,40.3666,40.5236,33560822
2018-10-19,40.8866,41.1957,39.5130,39.6896,28641375
2018-10-22,39.7975,39.9349,37.9136,39.0126,34441221
2018-10-23,37.4328,38.3748,36.7067,37.9529,46364174
2018-10-24,37.2856,37.5800,34.7345,34.7640,53096450
2018-10-25,34.9209,36.4614,34.4009,36.0886,39625699
2018-10-26,34.6168,35.2349,33.6552,34.7345,41257357
2018-10-29,35.4606,35.5195,33.1842,34.0084,34176423
2018-10-30,33.9888,35.3723,33.8465,35.3330,35319497
2018-10-31,35.8923,37.3249,35.1270,37.0109,44055370
2018-11-01,37.2660,39.4443,36.8147,39.3658,43981410
2018-11-02,39.4345,40.1704,38.8948,39.5620,33645741
2018-11-05,39.3462,39.4835,38.0412,39.1695,22903972
2018-11-06,38.9929,39.7975,38.8163,39.0518,19316554
2018-11-07,39.5620,40.2783,39.2088,40.1606,22957221
2018-11-08,39.9054,40.6512,39.5816,39.6798,15609308
2018-11-09,39.1401,39.2382,37.6879,38.3748,26102786
2018-11-12,37.5211,37.8057,36.1425,36.7362,24822391
2018-11-13,36.9520,38.0117,36.7362,37.1385,25870470
2018-11-14,37.8940,38.2374,36.9030,37.3151,23706441
2018-11-15,37.2366,39.4197,36.9128,39.1597,30046097
2018-11-16,37.7272,38.9591,37.6094,38.6986,25445714
2018-11-19,38.4631,38.5808,35.9806,36.1376,31039134
2018-11-20,33.4590,36.2946,33.4099,35.4410,38728639
2018-11-21,36.3044,36.5203,35.6863,35.6961,22728369
2018-11-23,35.2546,36.7950,35.2447,35.7157,11257770
2018-11-26,37.0403,37.0796,34.8572,35.8825,26569723
2018-11-27,35.4115,36.7460,35.3429,36.3044,21397318
2018-11-28,36.5890,38.2668,35.3183,37.9823,42293708
2018-11-29,37.5800,37.9823,37.0207,37.1973,23631284
2018-11-30,37.0403,37.9038,36.2456,37.8351,28176043
2018-12-03,39.4443,39.4835,38.4140,39.2775,35829990
2018-12-04,38.8163,39.1205,36.0297,36.1867,36616292
2018-12-06,34.9896,36.9717,34.4696,36.9618,37494418
2018-12-07,36.9128,36.9128,34.5481,34.6462,30619815
2018-12-10,34.1752,35.0485,33.8809,34.1458,33979652
2018-12-11,34.9209,35.5783,34.4402,34.5481,26238769
2018-12-12,35.2644,35.9218,34.7345,35.3527,26642500
2018-12-13,35.6078,35.6863,34.1065,34.3617,23825359
2018-12-14,33.7926,34.7836,33.4197,33.5571,28922077
2018-12-17,33.5178,34.5579,32.9684,33.2431,30890958
2018-12-18,33.7435,34.2783,33.3314,33.4688,46135371
2018-12-19,31.0648,32.9487,30.6822,30.8195,106669582
2018-12-20,31.0060,32.2815,30.2799,30.6920,60427566
2018-12-21,31.0844,31.4475,29.5440,29.7500,54630508
2018-12-24,29.2987,29.7794,28.4548,28.4745,23771773
2018-12-26,28.7884,30.3289,27.8563,30.3093,45711046
2018-12-27,29.8383,31.4082,29.6617,31.3297,39858341
2018-12-28,31.3984,31.6717,30.8097,30.9765,29852928
2018-12-31,31.3886,31.7909,30.8686,31.1335,21392110
2019-01-02,30.4172,32.4581,30.1719,32.1343,26004253
2019-01-03,31.2218,31.5456,30.2799,30.4172,29145099
2019-01-04,31.0648,32.4189,30.9569,32.0853,28557302
2019-01-07,33.0665,33.8024,32.6838,33.3608,44841499
2019-01-08,33.9005,33.9348,32.1883,33.1057,33434082
2019-01-09,34.3126,35.6079,34.2635,34.7738,54147856
2019-01-10,34.5971,35.2742,34.4205,35.2349,24437350
2019-01-11,34.7541,36.0395,34.3518,35.3330,30469843
2019-01-14,34.0673,34.2635,33.6159,34.0182,34611955
2019-01-15,34.3617,34.5677,33.0174,33.3510,30633574
2019-01-16,33.4001,33.6846,32.8997,32.9487,24890929
2019-01-17,32.6053,33.5571,32.0460,33.2431,29398501
2019-01-18,33.5865,35.5097,33.4197,35.0877,44872405
2019-01-22,34.5873,34.5873,32.9193,33.2333,37021938
2019-01-23,33.4688,34.0330,32.8114,33.5963,31011607
2019-01-24,34.6462,36.7362,34.4402,35.9021,65094840
2019-01-25,37.3739,38.5661,36.7950,38.2276,61042704
2019-01-28,36.2554,38.2276,35.9610,37.3641,44213030
2019-01-29,37.5604,38.2472,36.5497,36.6871,30330993
2019-01-30,37.5800,38.0313,36.8833,37.5211,32848056
2019-01-31,36.9226,38.0902,36.5841,37.5015,34130464
2019-02-01,37.5898,39.1107,37.5113,38.8556,36839947
2019-02-04,38.8065,38.8654,37.7860,38.7280,30851483
2019-02-05,38.5023,39.5718,38.4336,38.6299,25094026
2019-02-06,39.6405,41.1700,39.6111,40.7395,47472616
2019-02-07,40.0462,40.2783,38.1785,38.6397,40396449
2019-02-08,37.0894,38.0510,36.7490,37.8547,35573221
2019-02-11,37.8744,38.1393,36.6577,37.8547,30356472
2019-02-12,38.6495,40.0036,38.5023,39.6405,43587923
2019-02-13,40.0821,41.4852,40.0345,40.8965,50101676
2019-02-14,40.6119,42.3486,40.5334,41.4361,41759190
2019-02-15,41.4754,41.5980,40.6413,41.2006,28968391
2019-02-19,40.9161,41.6912,40.7198,41.1712,25575881
2019-02-20,41.5146,42.4468,41.3380,41.4165,28048715
2019-02-21,41.6716,42.0641,40.6413,40.7493,24048828
2019-02-22,41.2889,41.7697,41.0436,41.7697,22834253
2019-02-25,42.9815,43.1630,41.8973,41.9463,25233731
2019-02-26,41.5539,42.3339,41.4950,42.1524,18051547
2019-02-27,41.8188,41.9562,40.2391,40.5432,29522196
2019-02-28,39.4443,40.3764,39.0518,40.1115,25777924
2019-03-01,40.8572,41.7599,40.3372,40.7983,26755751
2019-03-04,41.0927,41.3576,39.8760,40.2881,27047818
2019-03-05,39.4933,39.9054,38.7673,39.2382,28798762
2019-03-06,38.6397,38.7084,36.8147,37.2170,44890442
2019-03-07,36.8343,37.5898,36.4417,37.1188,31567767
2019-03-08,36.1965,38.0853,35.8825,37.9234,34080890
2019-03-11,38.1785,38.8065,38.1000,38.2963,25164660
2019-03-12,38.4336,38.6593,38.1000,38.5121,18623513
2019-03-13,38.6593,38.9733,37.9136,38.1000,22786331
2019-03-14,38.0117,38.8850,37.6192,37.6879,19757250
2019-03-15,37.8547,39.0910,37.7076,38.7967,30694138
2019-03-18,38.8556,39.6503,38.4140,38.8654,22296587
2019-03-19,39.1794,40.2783,39.1401,39.6111,32407260
2019-03-20,39.7386,39.9839,38.8752,39.3756,41714399
2019-03-21,40.9161,43.3789,40.8670,43.1630,84985448
2019-03-22,42.6528,42.6626,40.7689,40.8376,46605599
2019-03-25,40.5628,41.1908,39.3099,39.7877,34516015
2019-03-26,40.3960,40.8670,39.3462,39.5620,24689552
2019-03-27,39.6209,40.0821,38.2766,38.4925,26856732
2019-03-28,38.6593,39.1892,38.2865,38.6004,24584543
2019-03-29,39.4933,40.7395,39.4639,40.5530,35716883
2019-04-01,41.4705,41.9562,40.9308,41.4557,28072993
2019-04-02,41.2889,41.9856,40.9651,41.6422,21438082
2019-04-03,42.7313,44.0069,42.7313,43.0747,39097203
2019-04-04,41.5637,42.5154,41.4557,42.0837,37038395
2019-04-05,42.4860,42.7166,41.9169,42.5056,21119444
2019-04-08,41.3871,42.3290,41.3282,42.0935,24546811
2019-04-09,41.7403,41.7992,40.4942,40.9357,29055901
2019-04-10,40.9063,41.6373,40.7297,41.3772,23252244
2019-04-11,41.4067,41.9218,41.3380,41.4852,18163864
2019-04-12,42.0445,42.3830,41.0191,41.2203,21740384
2019-04-15,41.3772,41.4361,40.4255,41.0338,16932294
2019-04-16,41.4656,42.1230,41.2889,41.9562,19337506
2019-04-17,42.5449,43.2219,41.9562,42.3388,22091989
2019-04-18,42.3879,42.7117,41.9856,42.5841,16193579
2019-04-22,42.3290,42.7509,41.7305,42.5841,19447891
2019-04-23,42.5547,42.6528,41.9169,41.9660,21489440
2019-04-24,42.0150,42.5841,41.5833,42.2211,19637006
2019-04-25,42.8000,43.8106,41.8875,41.9463,28346185
2019-04-26,40.7100,41.4852,39.9987,41.3086,26092422
2019-04-29,41.3380,41.8090,40.9455,41.3184,13452843
2019-04-30,41.0731,41.5637,40.7983,41.2693,16342656
2019-05-01,41.6324,42.1230,41.1025,41.1123,17673308
2019-05-02,41.2104,42.3879,40.8474,41.7599,17046832
2019-05-03,41.6912,42.5645,41.6127,42.5154,16577018
2019-05-06,40.6217,41.4951,40.2292,41.3380,25775999
2019-05-07,40.8965,41.1418,38.9831,39.5032,35094080
2019-05-08,39.1107,39.7337,38.8359,39.0027,26190143
2019-05-09,38.3650,38.8850,37.4819,38.5318,27844397
2019-05-10,38.2766,38.5514,36.9375,38.2080,30368144
2019-05-13,36.6577,37.2660,36.3600,36.6773,33092081
2019-05-14,37.3053,37.8842,36.6969,37.7860,24004007
2019-05-15,37.1875,37.9725,37.0501,37.6879,17532268
2019-05-16,36.9717,37.2758,36.4026,36.6086,29479209
2019-05-17,35.9218,36.5791,35.1270,35.3821,31096274
2019-05-20,34.0967,34.5383,33.6797,33.9692,34489512
2019-05-21,34.6266,35.2055,34.4892,34.9700,32501335
2019-05-22,34.5383,34.7836,33.9790,34.0771,20902368
2019-05-23,33.2529,33.2627,32.3404,33.1842,32186684
2019-05-24,33.5178,33.7141,32.9585,33.3608,19705956
2019-05-28,33.5080,33.6650,32.2619,32.3208,26758419
2019-05-29,31.7124,32.7917,31.5701,32.6642,28796104
2019-05-30,32.8015,33.6748,32.4100,32.6936,20957589
2019-05-31,31.9872,32.6985,31.9087,31.9970,18607307
2019-06-03,32.3257,32.5955,31.8596,32.0755,21174520
2019-06-04,32.7329,33.9103,32.4778,33.8416,25076035
2019-06-05,34.5383,34.7296,32.4189,32.7132,27070346
2019-06-06,32.6347,33.1842,32.3208,32.8408,21088076
2019-06-07,32.9193,33.3854,32.5955,33.3510,21430449
2019-06-10,33.9496,34.8719,33.8711,34.2832,21728002
2019-06-11,35.1270,35.3134,34.0967,34.1850,19208637
2019-06-12,33.3706,33.4590,32.1147,32.3404,28746485
2019-06-13,32.4581,33.0065,32.3845,32.7525,16586706
2019-06-14,31.8400,32.2226,31.6388,32.0460,19714950
2019-06-17,31.9283,32.2325,31.5358,31.8203,20049979
2019-06-18,32.2815,34.2341,32.2815,33.6454,33727291
2019-06-19,34.0379,34.0379,33.0714,33.3020,20436384
2019-06-20,34.1850,34.5971,33.3805,33.5080,21691501
2019-06-21,33.0665,33.2529,32.1147,32.6249,38858209
2019-06-24,32.5759,33.4393,32.3993,32.5661,27306006
2019-06-25,32.7231,33.2431,31.9970,32.0656,39590484
2019-06-26,35.1957,36.9065,35.0289,36.3437,100271596
2019-06-27,36.1573,37.6094,35.8236,37.3543,51612422
2019-06-28,38.6201,38.6593,37.3347,37.8645,61402696
2019-07-01,40.3813,40.9259,38.9929,39.3560,61091350
2019-07-02,38.8752,39.2824,38.2914,38.8556,29774478
2019-07-03,38.8752,39.0224,38.4336,38.8457,13479738
2019-07-05,38.2178,38.8163,38.0705,38.6789,18407991
2019-07-08,38.2963,39.8466,38.2080,39.6503,28148461
2019-07-09,39.3756,40.6315,39.3282,40.5727,28254672
2019-07-10,41.4361,43.1728,41.2497,42.0935,51625492
2019-07-11,42.4075,42.7215,41.6428,42.6626,30392443
2019-07-12,42.9275,43.8597,42.5449,43.6733,33257774
2019-07-15,43.8499,44.4189,42.8883,43.5653,26623252
2019-07-16,43.2219,43.2710,42.1230,42.2505,31238932
2019-07-17,42.1916,42.9275,41.7992,42.5547,19539283
2019-07-18,42.7902,44.0854,42.6822,43.8302,26483297
2019-07-19,44.2816,45.1352,43.7910,44.6643,39328352
2019-07-22,45.6258,46.5335,45.4394,46.3029,46042826
2019-07-23,45.9006,46.2538,45.3609,46.0674,29354432
2019-07-24,46.0674,47.3233,45.9398,47.0878,33169918
2019-07-25,47.4901,47.7845,46.6954,46.8720,28127781
2019-07-26,47.0388,47.2252,46.2048,46.5972,19676246
2019-07-29,45.9889,46.0870,44.9881,45.9398,21939478
2019-07-30,45.9987,46.7837,45.3266,46.5678,21301556
2019-07-31,45.8319,45.9104,43.6046,44.0461,34493922
2019-08-01,44.1540,45.0911,42.0297,42.7804,37906464
2019-08-02,41.8384,43.5702,41.4263,43.2513,31954131
2019-08-05,41.6029,41.7109,40.5825,41.1516,35172885
2019-08-06,41.8678,42.3781,40.9063,41.8188,26857009
2019-08-07,41.2203,42.1426,39.9349,40.9651,35604580
2019-08-08,41.2987,41.9562,40.8866,41.8286,18567510
2019-08-09,41.2497,41.4459,40.1017,40.7395,22900298
2019-08-12,40.2783,41.6029,40.1998,41.3380,23969178
2019-08-13,41.8188,44.2325,41.7109,43.3396,33273001
2019-08-14,42.0739,42.3388,40.8768,41.2497,24657245
2019-08-15,41.5440,41.7555,40.7198,41.4459,16228512
2019-08-16,41.8384,43.0502,41.7501,42.7313,18156572
2019-08-19,43.8302,44.5171,43.5065,44.1639,22625611
2019-08-20,44.0069,44.1197,43.2121,43.3985,13207442
2019-08-21,43.9676,44.1540,43.0747,43.3396,14994616
2019-08-22,43.6634,44.5956,43.2219,43.9382,20607789
2019-08-23,43.0649,44.1246,41.8580,42.1524,27547277
2019-08-26,42.9177,42.9472,42.3486,42.6136,12294059
2019-08-27,42.8883,42.9766,41.5539,41.6422,19148783
2019-08-28,41.3086,42.4468,40.8768,42.3388,11553526
2019-08-29,43.1630,44.3699,43.0845,43.8302,18689172
2019-08-30,44.3895,45.0617,44.2031,44.4190,16397407
2019-09-03,43.7616,44.4778,43.6046,44.1442,17113029
2019-09-04,45.5768,46.6070,45.5277,45.9300,26999066
2019-09-05,46.9995,48.7068,46.9897,48.1083,33094547
2019-09-06,47.9415,48.5694,47.7845,48.0494,19480724
2019-09-09,48.6087,49.0600,47.9415,48.2064,19474365
2019-09-10,48.4370,48.9963,47.5882,48.4615,23111317
2019-09-11,49.0993,50.4239,48.9031,49.5310,31012937
2019-09-12,49.8450,50.1590,49.1582,49.4918,19671259
2019-09-13,49.5605,49.9922,49.1189,49.5506,14732970
2019-09-16,48.5989,49.2955,48.0985,49.2072,17495280
2019-09-17,49.2367,49.9529,48.9865,49.8843,13875876
2019-09-18,50.0412,50.2081,48.7559,49.5310,15375857
2019-09-19,50.2031,50.3356,48.8147,48.8834,16856244
2019-09-20,49.3937,49.5016,47.8532,48.2358,23457185
2019-09-23,48.6087,49.2465,48.5498,48.6676,16941704
2019-09-24,48.8049,48.9619,47.1467,47.5981,25320435
2019-09-25,47.5588,48.7657,46.9603,48.5400,24057045
2019-09-26,48.4517,48.8049,47.2203,47.6864,37248173
2019-09-27,45.0371,45.0567,42.1033,42.3977,76016459
2019-09-30,42.1916,42.6528,41.7795,42.0445,32326103
2019-10-01,42.2898,42.5252,40.9651,41.5048,28431879
2019-10-02,41.0338,41.8678,40.9750,41.1908,26776005
2019-10-03,41.2036,42.6724,40.9750,42.6430,23884742
2019-10-04,42.8883,43.7812,42.4762,43.7125,22043116
2019-10-07,43.4672,43.8891,43.2317,43.3298,15152292
2019-10-08,42.7804,43.0159,41.8211,41.8335,22714375
2019-10-09,42.3683,42.5645,42.0248,42.0690,13781367
2019-10-10,42.0641,42.9668,41.8090,42.4664,16047857
2019-10-11,43.5555,44.9537,43.4476,44.2522,27604874
2019-10-14,44.1148,44.4778,43.9578,44.0167,12495857
2019-10-15,44.3601,45.6749,44.1933,45.5817,18047548
2019-10-16,45.1254,45.6749,44.2325,44.3110,16872605
2019-10-17,44.9096,45.2530,44.4288,44.6446,12090511
2019-10-18,43.9872,44.1344,42.4124,42.6528,25834679
2019-10-21,43.1336,44.4484,43.0943,44.3699,15473733
2019-10-22,44.4484,44.8409,43.7812,43.8204,14007587
2019-10-23,43.2219,43.9725,43.1238,43.8204,14132994
2019-10-24,45.0371,46.2734,44.7231,46.2146,25991088
2019-10-25,46.3912,47.3577,46.0379,47.1271,19855329
2019-10-28,47.5882,47.8335,47.3233,47.7747,15240031
2019-10-29,47.8826,48.2457,47.1565,47.2056,12183635
2019-10-30,47.3135,47.4286,46.3699,46.9799,12932759
2019-10-31,46.3912,46.9799,45.5866,46.6561,15445762
2019-11-01,46.5874,47.6275,46.3617,47.4705,18311723
2019-11-04,48.4615,48.9619,48.3241,48.6578,16021450
2019-11-05,48.6872,48.7853,47.6913,47.7649,13682559
2019-11-06,47.2448,47.3920,46.2195,46.7837,21803641
2019-11-07,47.6079,48.1573,47.0976,47.4901,19253568
2019-11-08,46.6659,47.1026,46.0674,46.3029,18528347
2019-11-11,45.8417,45.8613,44.9881,45.3904,14645832
2019-11-12,45.9202,46.7837,45.8025,46.0183,15170689
2019-11-13,45.6258,45.6749,44.9488,45.4296,15839046
2019-11-14,45.2530,45.9496,44.9096,45.9202,11825147
2019-11-15,46.7052,47.6079,46.4501,46.8131,17865206
2019-11-18,47.0486,47.4950,46.5776,46.9210,12642611
2019-11-19,47.2056,47.2743,45.4100,45.7043,18393956
2019-11-20,45.2824,45.6306,44.3797,44.7133,24695539
2019-11-21,44.4484,45.3119,44.1933,44.6937,14192911
2019-11-22,45.0666,45.5081,44.8899,45.0077,11253713
2019-11-25,45.2334,46.6561,45.0764,46.6267,18828567
2019-11-26,46.7542,46.7739,45.6651,45.8368,12919896
2019-11-27,46.4599,47.3577,46.2244,47.2546,15441179
2019-11-29,47.0388,47.0486,46.5482,46.6169,7343564
2019-12-02,46.6757,47.0486,45.4738,45.5179,16094841
2019-12-03,44.2718,44.5465,43.7125,44.3797,20857141
2019-12-04,45.3119,45.7240,44.8703,45.4296,16930406
2019-12-05,45.8319,46.5089,45.3805,45.7436,13016024
2019-12-06,46.5482,47.4214,46.4304,47.0290,20485169
2019-12-09,46.6708,46.8720,45.5572,45.5768,16566735
2019-12-10,46.1557,47.0192,45.8417,46.5678,19283615
2019-12-11,46.8523,48.4125,46.7935,48.3340,22112203
2019-12-12,48.4321,50.3650,48.3928,50.0118,36682623
2019-12-13,50.0609,51.3364,49.7469,50.2375,30050047
2019-12-16,51.7682,53.2792,51.7014,51.9448,38712776
2019-12-17,52.9750,52.9849,51.6602,52.0037,28375948
2019-12-18,52.0037,52.7101,51.3855,52.0429,39580515
2019-12-19,53.9759,54.2506,52.8867,53.5049,56296823
2019-12-20,53.8679,54.8786,53.6072,54.0249,44372256
2019-12-23,54.1819,55.0552,54.1034,54.3585,23715219
2019-12-24,54.4076,54.5940,54.0004,54.3782,8621852
2019-12-26,54.4076,54.6038,53.8824,54.0691,13550984
2019-12-27,54.2015,54.4861,52.8720,53.0143,17188667
2019-12-30,52.7592,52.8671,51.6700,52.2097,15279481
2019-12-31,51.9153,52.8867,51.7878,52.7690,13299917
2020-01-02,53.8189,54.4468,53.4853,54.3487,20184045
2020-01-03,53.1418,54.2653,52.9849,53.5049,16826595
2020-01-06,52.7396,53.1222,52.1646,52.5580,18137246
2020-01-07,54.3389,57.3021,54.3193,57.1746,50303181
2020-01-08,56.9980,57.2923,55.9873,56.4387,29755395
2020-01-09,57.2236,57.3806,55.4182,56.2326,22158782
2020-01-10,56.3896,56.4191,55.2155,55.6047,19148555
2020-01-13,55.9383,56.6938,55.7911,56.3700,16059493
2020-01-14,56.7134,57.1991,55.3986,56.4387,26550790
2020-01-15,55.9579,56.0462,54.7903,55.1141,21638614
2020-01-16,55.7322,56.7527,55.6930,56.5957,22732675
2020-01-17,56.9293,57.0274,55.9383,56.5760,20549195
2020-01-21,56.2915,58.0675,56.1934,57.8614,24067662
2020-01-22,58.3962,59.1174,57.7437,58.0577,22604370
2020-01-23,59.1959,59.4215,57.9203,58.0871,26146124
2020-01-24,58.8721,58.8917,56.1639,56.6742,28555345
2020-01-27,54.1132,54.9374,53.5932,54.3683,27310073
2020-01-28,55.1926,55.7126,54.2015,55.4084,18544882
2020-01-29,54.9374,56.1149,54.2526,54.2604,19306749
2020-01-30,53.1615,54.0347,52.2195,53.9955,30783775
2020-01-31,54.1132,54.1623,51.7093,52.0920,28550849
2020-02-03,52.2524,53.0928,52.0037,52.7690,20481023
2020-02-04,54.2506,54.9669,53.9072,54.4567,19998615
2020-02-05,55.9481,56.1836,54.7706,55.7028,19795257
2020-02-06,56.9882,58.0577,56.3307,57.5769,23358721
2020-02-07,56.8802,56.9097,55.7028,55.8107,20891081
2020-02-10,55.2416,56.2621,55.1435,56.2523,15929036
2020-02-11,56.7919,57.7339,55.2711,56.1738,26776853
2020-02-12,57.9301,60.0397,57.7927,58.1558,47180808
2020-02-13,57.8958,59.4853,57.7535,58.2147,23679687
2020-02-14,59.0291,59.4215,57.1648,57.4003,20920168
2020-02-18,55.9971,56.9457,55.5556,56.6644,21547966
2020-02-19,57.4788,59.1174,57.4591,58.8622,23335537
2020-02-20,58.7543,58.8622,56.6055,57.8909,20797112
2020-02-21,57.5278,57.6259,54.8393,55.9186,27051214
2020-02-24,52.3078,54.4174,51.6210,53.9759,33321075
2020-02-25,53.8091,54.4076,50.5809,51.1206,41894208
2020-02-26,51.6602,53.2498,50.9047,51.3855,28100934
2020-02-27,49.6782,51.8565,49.0502,49.6291,36349245
2020-02-28,47.7354,51.9212,47.4803,51.5719,40288568
2020-03-02,52.1999,53.6619,51.1206,53.5638,33272718
2020-03-03,53.5736,54.3585,50.1394,50.8262,36893228
2020-03-04,52.0233,54.3351,51.2285,54.2506,28222016
2020-03-05,52.4452,54.5646,52.3373,52.7101,26223045
2020-03-06,51.2187,52.1901,49.0600,50.5024,30313741
2020-03-09,44.6250,47.6864,44.0756,45.1058,31019072
2020-03-10,47.2448,47.3528,44.4386,46.9603,31652856
2020-03-11,45.3315,45.4492,42.0396,42.8981,38342857
2020-03-12,38.6593,41.7400,37.2856,38.0804,40117178
2020-03-13,40.7885,42.2113,37.6291,42.1818,35264761
2020-03-16,36.6479,38.4042,33.8024,33.8220,36656323
2020-03-17,34.8228,38.3944,33.3805,36.6773,34458679
2020-03-18,33.6159,35.8678,30.5448,34.0379,36518999
2020-03-19,34.0084,36.5988,33.0174,35.6078,31015192
2020-03-20,37.0600,37.8645,35.1662,35.4312,37667447
2020-03-23,36.2946,38.7280,35.0191,37.5309,45286038
2020-03-24,41.0338,43.5849,40.3666,42.4566,45587995
2020-03-25,43.0845,44.0363,39.2775,41.7010,52628073
2020-03-26,44.0559,44.8899,42.5154,43.9480,62564931
2020-03-27,42.4369,44.4288,41.5146,42.6626,39791531
2020-03-30,43.3396,44.7133,42.3364,43.6831,33763946
2020-03-31,43.5653,44.3208,41.1221,41.2693,36595029
2020-04-01,39.7880,41.5048,38.5906,39.1401,37122394
2020-04-02,39.0420,40.8081,38.7771,40.3175,30638200
2020-04-03,40.1998,41.0731,39.7877,40.4451,28522389
2020-04-06,42.5351,45.8123,42.5252,45.4983,37417569
2020-04-07,47.1860,47.4607,45.1745,45.6651,34546983
2020-04-08,46.1949,47.7747,45.9202,47.3822,27434459
2020-04-09,48.3729,48.8736,44.4975,45.2628,39840439
2020-04-13,44.0559,45.5179,43.5555,45.3020,30449948
2020-04-14,46.1164,47.4705,45.7477,46.7248,25737981
2020-04-15,45.5277,45.7828,44.7771,45.5572,22389406
2020-04-16,46.1361,46.3127,43.8204,44.6741,26588971
2020-04-17,45.9006,46.0085,44.0069,44.8409,23388325
2020-04-20,43.6831,44.2325,42.4860,42.5841,29875368
2020-04-21,42.1916,42.2603,40.4108,40.6315,32482200
2020-04-22,42.2996,43.3691,41.9414,43.0845,21028950
2020-04-23,42.9962,43.8744,42.6037,42.9472,22061109
2020-04-24,42.9766,43.4868,42.1720,43.3298,16592827
2020-04-27,44.1506,44.5367,43.7419,44.4288,16617097
2020-04-28,45.3413,46.7935,44.4288,44.4582,25073766
2020-04-29,45.7043,49.1974,45.4590,48.8932,35742961
2020-04-30,48.5498,48.6479,46.4795,46.9897,28585360
2020-05-01,45.4885,46.0379,43.6831,44.2129,28193974
2020-05-04,43.3593,43.8499,42.7902,43.6242,21377060
2020-05-05,44.5956,46.0674,44.2620,44.5563,21007549
2020-05-06,45.2039,46.2342,45.0567,45.2137,22011853
2020-05-07,46.2308,46.6070,45.4689,45.7142,16372090
2020-05-08,46.4010,47.5490,46.4010,47.3429,17444957
2020-05-11,46.8425,47.8139,46.5482,47.2939,17309052
2020-05-12,47.6079,47.6512,44.7820,44.8311,26738906
2020-05-13,45.0077,45.0175,42.1426,42.7117,35117460
2020-05-14,42.2505,44.9194,41.7109,44.8703,27543459
2020-05-15,42.4664,43.9382,42.4271,43.5751,28677258
2020-05-18,44.9684,45.2824,44.1050,45.0567,20325856
2020-05-19,44.9194,45.3609,44.1737,44.2718,17389546
2020-05-20,45.6357,46.1557,45.2268,45.7632,17876492
2020-05-21,45.6258,45.6983,43.9186,44.3699,17445286
2020-05-22,44.2993,44.4582,43.4083,44.0952,13385403
2020-05-26,45.3511,45.8074,44.5956,44.9390,24303857
2020-05-27,45.0862,48.6479,43.0747,48.5204,56071472
2020-05-28,47.7845,47.8728,45.2039,45.5964,38331501
2020-05-29,45.7436,47.1173,45.3433,47.0093,26354601
2020-06-01,46.5972,46.7739,45.4492,45.4689,21901335
2020-06-02,45.6160,45.9693,44.7133,45.9398,22750329
2020-06-03,47.1369,48.4910,46.5580,48.0004,34510159
2020-06-04,47.8949,51.0028,47.6897,50.2571,34688665
2020-06-05,51.6700,53.7894,51.6014,52.7101,34110668
2020-06-08,53.4705,53.6128,51.2491,52.6905,22788436
2020-06-09,51.6602,52.4943,51.4640,52.1508,17840779
2020-06-10,51.9252,52.2980,50.6005,51.4836,18664428
2020-06-11,49.4722,50.1247,47.2890,47.6079,29830303
2020-06-12,49.3397,49.5310,46.4697,47.7747,24293576
2020-06-15,46.4697,48.7951,46.2146,48.3143,18092296
2020-06-16,50.1982,51.1696,48.9227,50.0609,20878048
2020-06-17,50.3356,50.5417,49.5850,50.0020,13905124
2020-06-18,49.5506,50.0805,49.0797,49.5310,13169358
2020-06-19,50.1982,51.7584,49.7959,49.8744,28081459
2020-06-22,50.1394,50.4337,49.2955,50.1884,15890391
2020-06-23,49.7371,49.9333,48.6365,48.9031,23194172
2020-06-24,48.7166,49.1582,47.1173,47.3822,19197669
2020-06-25,47.3335,48.3830,46.3863,48.2653,14971944
2020-06-26,48.2260,48.4223,47.2350,47.5784,16929665
2020-06-29,47.7747,48.2260,46.6855,48.2211,22846358
2020-06-30,50.8066,51.4836,50.0118,50.5515,47636121
2020-07-01,50.5515,50.5858,48.6774,48.7657,25219992
2020-07-02,49.5506,49.7959,48.5498,48.8932,18563396
2020-07-06,49.7959,50.4632,49.5310,49.9628,16331917
2020-07-07,49.5703,49.6390,48.0887,48.1672,19797905
2020-07-08,48.6283,48.8147,48.0396,48.7755,15312581
2020-07-09,48.9129,49.4427,47.8139,49.0404,18512467
2020-07-10,49.0699,49.7567,48.4713,49.7469,18128740
2020-07-13,50.3454,51.3001,48.4517,48.5302,23296371
2020-07-14,48.1573,48.8540,47.0486,48.7755,17455171
2020-07-15,49.2661,49.6978,48.4762,49.5605,15911411
2020-07-16,48.8834,49.3397,48.3045,49.1582,14014236
2020-07-17,49.3609,49.4820,48.3536,48.5400,15009573
2020-07-20,48.7264,50.3552,48.6038,50.2473,17604199
2020-07-21,50.6496,51.6700,50.2669,50.5515,16668636
2020-07-22,50.6103,50.7968,50.0609,50.6790,11412629
2020-07-23,50.7673,53.1811,50.6005,51.6504,33399936
2020-07-24,50.3160,50.3160,48.7166,49.0797,25348045
2020-07-27,49.6488,50.7379,49.5408,50.6202,15767064
2020-07-28,50.2375,50.3062,49.0993,49.1484,15469741
2020-07-29,49.4427,49.6782,48.8442,49.4427,14554553
2020-07-30,48.8049,49.7959,48.1868,49.7861,17373558
2020-07-31,49.6684,49.7469,48.3340,49.1140,17436426
2020-08-03,49.4427,49.6729,49.0797,49.4427,15067387
2020-08-04,49.4035,50.5122,49.3446,50.3356,15701196
2020-08-05,50.1296,50.3160,49.6782,50.0903,12837077
2020-08-06,49.0600,49.0895,47.4116,47.7845,32204675
2020-08-07,47.7747,48.2547,47.1467,47.8335,13637316
2020-08-10,47.9317,48.7313,47.3577,48.2260,15881467
2020-08-11,48.0887,48.8049,46.7363,46.8622,21480793
2020-08-12,47.4705,47.8139,46.7640,47.5686,16878590
2020-08-13,46.2734,46.3421,45.0666,45.2726,40809123
2020-08-14,44.7428,45.2132,44.4460,44.7428,18167321
2020-08-17,45.0371,45.0764,43.8989,44.3699,17264524
2020-08-18,44.2129,44.3110,43.2219,43.5653,19946325
2020-08-19,43.4672,43.8597,43.0257,43.2219,19361653
2020-08-20,41.8777,42.8343,41.4557,42.1769,22270772
2020-08-21,42.0445,42.2505,41.6029,41.8580,15476669
2020-08-24,42.3094,42.9913,42.0854,42.9374,14850891
2020-08-25,44.0363,44.6838,43.7616,44.2522,21405593
2020-08-26,44.7428,44.9586,43.8450,44.1148,15151144
2020-08-27,43.7125,43.9872,42.8490,43.7812,13758085
2020-08-28,43.7812,44.9275,43.5702,44.8311,13459067
2020-08-31,44.4975,44.9586,44.2914,44.6545,13194585
2020-09-01,44.6741,44.9292,44.2080,44.8998,13011120
2020-09-02,45.5523,47.2841,45.4100,46.9308,24569284
2020-09-03,46.8619,46.9308,44.9881,45.4590,20526416
2020-09-04,45.3217,46.0674,44.0461,45.6062,20608463
2020-09-08,44.1442,45.3609,43.6929,44.1835,20814903
2020-09-09,45.0175,45.0175,43.6144,44.3012,17442251
2020-09-10,44.6152,45.0862,43.8499,44.0265,13744721
2020-09-11,44.3797,45.6062,44.1148,45.2236,18365511
2020-09-14,47.4411,48.6578,47.3920,48.1083,26453307
2020-09-15,48.4419,48.7264,47.7845,48.1279,13922326
2020-09-16,48.1868,50.2571,48.0396,49.2661,23482510
2020-09-17,48.2358,50.3258,47.8924,50.0216,20512441
2020-09-18,50.5318,51.1893,49.0306,49.7861,25503635
2020-09-21,48.6774,48.8442,46.9897,48.2260,21003279
2020-09-22,48.3438,48.8442,47.8630,48.7657,10735830
2020-09-23,50.0511,50.6398,48.7068,48.9129,19125371
2020-09-24,48.5891,49.4133,48.1672,48.5400,13842288
2020-09-25,48.6332,48.6676,46.8818,48.2162,17772994
2020-09-28,48.7019,48.8344,47.2252,48.7853,18759145
2020-09-29,48.7755,50.4141,48.6578,49.7567,30689793
2020-09-30,48.0298,48.3438,45.9496,46.0772,55089928
2020-10-01,46.2146,47.2743,46.1655,47.0192,24112982
2020-10-02,45.9791,46.6267,45.6258,45.6749,20277462
2020-10-05,46.1066,46.8327,46.0968,46.7052,16849891
2020-10-06,46.6561,47.9120,46.3274,46.4304,17888197
2020-10-07,47.5098,48.0739,47.4116,47.4999,13798734
2020-10-08,48.0690,49.0600,47.3135,48.9619,14300566
2020-10-09,49.2955,49.6488,48.3830,48.9521,13933654
2020-10-12,49.6291,49.8843,49.1385,49.7273,12938273
2020-10-13,50.9145,51.7584,50.6692,50.8753,22147255
2020-10-14,51.0274,51.2678,50.3847,50.6594,15888200
2020-10-15,49.8058,50.9930,49.3740,50.9636,13932622
2020-10-16,51.1696,51.5621,50.6103,50.6398,14228730
2020-10-19,50.9930,52.9849,50.3356,51.6406,24139462
2020-10-20,52.1410,53.1762,51.7584,52.5237,17343402
2020-10-21,52.2980,52.9407,52.1803,52.3078,12922246
2020-10-22,52.2882,53.8189,52.0821,53.3577,14772331
2020-10-23,53.0737,53.1026,51.3953,51.8565,16175695
2020-10-26,51.4149,51.8957,50.4337,51.1598,11653392
2020-10-27,51.0519,51.3364,50.5662,50.9832,8904323
2020-10-28,49.7959,49.8941,48.6381,49.0600,15416011
2020-10-29,48.7755,49.9529,48.4517,49.5310,12420700
2020-10-30,49.0699,49.4820,48.3732,49.3937,15961140
2020-11-02,49.8318,49.8318,48.5106,48.7755,13103224
2020-11-03,49.1876,50.6204,49.0699,50.1197,11429516
2020-11-04,50.7575,51.5131,49.9726,50.9832,13554355
2020-11-05,51.8859,53.7492,51.7878,53.5539,16326669
2020-11-06,53.4362,54.3683,53.3086,54.1230,13922596
2020-11-09,55.4084,56.7429,54.8197,54.9080,20968501
2020-11-10,54.0928,54.8884,53.3381,54.3683,13889597
2020-11-11,54.9178,55.8696,54.8001,55.3005,14765542
2020-11-12,55.5360,55.8990,54.8393,55.1926,13788739
2020-11-13,55.7224,57.0961,55.6832,56.8410,14328409
2020-11-16,58.5924,60.7462,58.4894,60.6971,31397249
2020-11-17,59.8533,61.0307,59.1664,60.8246,17703614
2020-11-18,60.3439,60.8737,59.4853,59.5981,18734474
2020-11-19,58.9064,60.8050,58.5286,60.6677,12723552
2020-11-20,60.3242,61.4575,60.1967,60.2457,14027381
2020-11-23,61.4330,63.2875,61.1288,62.9735,20413830
2020-11-24,63.0794,63.0794,61.7077,62.7478,22578584
2020-11-25,62.4633,62.7969,61.4330,62.2376,12468450
2020-11-27,62.6301,63.5818,62.3161,63.0225,7500221
2020-11-30,63.3463,64.0234,62.3848,62.8852,20373490
2020-12-01,64.0185,67.3349,63.9154,65.8190,35889063
2020-12-02,66.3390,68.0855,65.5050,67.8108,23298933
2020-12-03,69.2434,69.7830,68.2425,68.5859,20462288
2020-12-04,69.7683,72.9817,69.2139,71.9613,31860827
2020-12-07,71.9122,72.0202,70.1362,71.2450,17460614
2020-12-08,70.6465,72.1624,70.6268,71.8141,15431056
2020-12-09,71.7749,73.2025,69.4494,70.0676,18367270
2020-12-10,68.8214,70.5953,68.3603,69.9400,15610587
2020-12-11,69.0569,69.9793,68.0953,69.2041,15321960
2020-12-14,70.0577,70.8427,69.6947,70.1951,13573729
2020-12-15,71.4412,71.9907,70.9703,71.7749,11545370
2020-12-16,72.7953,72.9523,71.2597,71.6179,13889265
2020-12-17,72.2043,72.3538,70.4145,70.9016,11988148
2020-12-18,71.3333,72.0692,69.7241,70.1166,23912509
2020-12-21,68.6841,70.3508,68.3406,70.1264,13180361
2020-12-22,70.1680,70.4306,68.4486,69.1158,11165128
2020-12-23,69.1452,69.7192,68.5761,68.6350,8473143
2020-12-24,68.9882,69.3120,68.4486,69.2532,4848465
2020-12-28,70.4404,70.7544,69.1452,69.3317,8345201
2020-12-29,69.6653,70.0577,67.8402,68.8901,9364809
2020-12-30,69.0962,71.2843,69.0471,70.5680,11620343
2020-12-31,71.0291,74.2573,71.0050,73.7667,23214527
2021-01-04,75.0422,77.1322,72.3636,72.6579,31155894
2021-01-05,75.0030,77.2107,74.6007,75.8076,32882102
2021-01-06,74.9245,76.9752,74.6694,75.6604,22390857
2021-01-07,76.5925,78.5746,76.5827,77.6228,27411399
2021-01-08,80.9883,82.5779,75.6212,75.9646,51272079
2021-01-11,75.1502,78.2913,74.9864,77.1911,19941576
2021-01-12,77.7013,78.1232,76.3571,77.9662,18168370
2021-01-13,77.4658,78.8787,77.0733,78.4078,14990633
2021-01-14,78.5059,80.6645,78.0545,79.7716,17639331
2021-01-15,79.3988,80.3407,78.0349,79.2025,14322563
2021-01-19,79.7520,84.0657,79.4380,83.8927,26369448
2021-01-20,84.3146,85.6098,81.6654,81.9303,20982839
2021-01-21,82.4209,83.4953,80.9589,83.4119,14703299
2021-01-22,82.4994,83.3530,80.6792,80.7332,14229542
2021-01-25,81.6261,81.9303,77.4069,79.7520,19114379
2021-01-26,80.2524,80.4389,77.5247,78.0153,13677969
2021-01-27,75.8763,76.1314,72.9327,73.6784,23513350
2021-01-28,75.7487,78.6727,75.2798,76.9163,18288649
2021-01-29,76.8869,77.8779,75.5034,76.7986,17934352
2021-02-01,78.0938,79.5656,77.0047,78.9180,14616079
2021-02-02,79.7324,80.2034,78.4212,80.0856,11317304
2021-02-03,80.3113,80.9785,77.4854,77.6228,17456045
2021-02-04,77.6621,79.8109,77.4756,79.7226,11519706
2021-02-05,80.2328,80.4781,79.2025,79.5754,10958008
2021-02-08,80.2085,82.4798,80.1052,82.4307,11968505
2021-02-09,81.7831,82.4209,80.8510,81.7537,10362513
2021-02-10,82.4209,82.8526,79.7716,80.8019,9760761
2021-02-11,82.8134,85.0113,82.4209,84.8543,18664205
2021-02-12,84.4912,86.6548,83.8534,86.3555,14273930
2021-02-16,87.5428,87.5428,85.4135,86.0906,10312768
2021-02-17,85.0603,85.6785,83.3077,84.4323,10039202
2021-02-18,84.8935,87.0620,84.3440,86.8706,19168058
2021-02-19,88.5485,89.7701,87.1405,89.2500,21886532
2021-02-22,87.8469,88.8183,84.2999,84.6580,16077033
2021-02-23,83.6376,87.5231,80.8902,86.5714,23203201
2021-02-24,86.6400,90.8592,86.0808,90.7807,21281678
2021-02-25,89.7995,91.3498,85.9336,86.4634,22546157
2021-02-26,88.0530,91.1928,86.5714,89.8093,22787603
2021-03-01,92.7627,93.9500,90.8298,92.9786,19908856
2021-03-02,91.8110,93.1160,89.1912,89.3776,18679626
2021-03-03,88.8674,91.5755,86.7284,87.4348,26317870
2021-03-04,87.1405,88.0628,80.3113,82.7447,31971097
2021-03-05,85.8845,87.6409,81.7291,87.2582,30329128
2021-03-08,86.9083,88.0334,83.2745,83.4511,22708321
2021-03-09,86.3457,88.4847,84.6776,87.6212,22301358
2021-03-10,88.3179,88.3179,83.7063,83.8044,23407761
2021-03-11,85.9434,88.5240,85.2173,87.6311,20716466
2021-03-12,85.9238,86.8657,84.8052,86.1200,21916381
2021-03-15,86.1200,87.2386,84.5207,87.1797,16014936
2021-03-16,89.0440,92.9001,88.4160,89.7112,28304843
2021-03-17,89.6131,93.6900,88.4062,92.9786,24514239
2021-03-18,91.2223,91.7227,87.7291,88.1315,27100866
2021-03-19,88.6564,90.9377,87.2183,88.8085,24963387
2021-03-22,90.1037,90.6826,87.9647,89.5640,19365773
2021-03-23,89.3089,89.5542,83.3724,83.7946,31828321
2021-03-24,85.4234,85.5117,81.3612,81.4397,24104754
2021-03-25,79.6166,82.8428,78.9769,82.5092,23630211
2021-03-26,82.5779,86.4831,82.4503,86.3359,23949134
2021-03-29,86.1053,86.5909,84.1576,84.9622,21772814
2021-03-30,84.6384,85.5803,83.6474,84.9131,13757515
2021-03-31,85.7962,87.4054,85.0799,86.5517,25372290
2021-04-01,91.2517,92.6057,89.5346,90.6728,39700637
2021-04-05,92.1608,92.8903,90.7317,91.9876,19449205
2021-04-06,92.0759,94.2952,90.9181,91.7325,22847008
2021-04-07,92.4782,93.2828,90.8003,92.1936,17621496
2021-04-08,93.2141,94.5780,92.0170,93.4986,17815590
2021-04-09,92.5712,93.5869,91.5559,93.5085,14080213
2021-04-12,93.4005,95.1372,92.9688,93.7930,18818295
2021-04-13,94.4798,94.9999,89.6818,90.4177,27102073
2021-04-14,89.9369,90.7905,87.8273,88.9655,19117367
2021-04-15,90.0252,90.2312,87.7635,88.5730,16017043
2021-04-16,88.7350,89.6132,88.3866,88.9557,12358662
2021-04-19,88.9606,88.9753,84.8935,86.7480,21361565
2021-04-20,86.7185,87.2778,84.9033,85.8355,17396914
2021-04-21,85.4234,87.8764,84.7071,87.8077,14781306
2021-04-22,86.5419,86.6989,82.3228,83.1175,34044137
2021-04-23,83.6376,84.8346,82.9753,84.4127,18168500
2021-04-26,84.8444,86.6400,84.4912,86.1887,14642663
2021-04-27,87.6507,88.4945,86.3751,87.7782,17680981
2021-04-28,86.0155,86.1102,83.7455,84.4127,19433542
2021-04-29,86.0709,86.4340,83.9417,86.4046,16463338
2021-04-30,85.2992,86.8166,83.9516,84.4520,14548113
2021-05-03,85.3350,85.3745,82.2933,83.4217,16300447
2021-05-04,82.5582,83.8338,80.4879,82.8232,17850528
2021-05-05,83.8829,84.3342,82.4503,83.5493,13172100
2021-05-06,83.2696,83.5198,81.7144,83.2058,13716894
2021-05-07,84.2950,84.6973,83.3923,84.3637,12746073
2021-05-10,83.3530,83.4021,79.2811,79.3301,24380654
2021-05-11,75.8174,79.2418,75.3759,79.1633,22868817
2021-05-12,77.6522,78.4666,74.9736,75.3562,23472579
2021-05-13,76.5042,77.3824,75.0913,75.7389,20153780
2021-05-14,77.3088,78.6384,75.6310,78.2017,18203156
2021-05-17,77.6081,78.9082,76.2589,78.8787,14937136
2021-05-18,79.0357,79.3988,77.3186,77.3971,20596664
2021-05-19,75.7605,78.7610,74.7283,78.4274,26643423
2021-05-20,78.9867,79.9581,78.0251,79.6048,17123032
2021-05-21,80.2328,80.4487,78.8591,79.2025,13076931
2021-05-24,79.8869,82.0480,79.8310,81.3416,15698130
2021-05-25,81.9941,82.1363,78.2115,79.7030,26272100
2021-05-26,80.0513,80.8902,79.4969,80.6940,12322958
2021-05-27,80.9098,83.1568,80.7823,82.3522,21855665
2021-05-28,82.6367,83.1323,81.6555,82.5582,11330310
2021-06-01,83.3236,84.1429,82.0480,82.5681,11067180
2021-06-02,82.8035,83.2255,81.8812,82.7545,10279517
2021-06-03,82.1069,82.4896,80.3505,80.4879,14627539
2021-06-04,81.4102,82.7839,81.2925,82.1854,12569267
2021-06-07,81.6261,82.6466,81.0963,82.4601,8947403
2021-06-08,83.3726,83.3776,78.5059,79.0161,29666509
2021-06-09,78.6629,79.0455,77.0439,77.1813,21370012
2021-06-10,77.9074,79.3203,77.0488,77.7896,22599003
2021-06-11,78.5648,79.2418,77.7209,77.8485,12613628
2021-06-14,78.0055,79.4184,77.8763,78.9769,14302957
2021-06-15,79.1240,81.3514,78.4176,80.6351,22184499
2021-06-16,81.1748,81.5476,78.6139,78.9769,18026557
2021-06-17,78.2017,79.9090,77.8730,79.1240,16003884
2021-06-18,77.4168,77.7930,74.6988,75.5034,39881533
2021-06-21,75.4053,75.8370,74.2867,75.6212,19651476
2021-06-22,76.1510,76.8084,75.5966,76.2001,16690790
2021-06-23,76.6318,78.3685,76.6024,77.5345,16662234
2021-06-24,78.9180,79.3778,78.4176,79.0652,15677183
2021-06-25,80.0366,81.2827,79.5656,80.4879,19603797
2021-06-28,81.0766,82.0284,80.6155,81.8125,18327982
2021-06-29,81.9695,82.2639,80.3309,81.3710,18399028
2021-06-30,83.2549,83.7946,81.8616,83.3825,40670774
2021-07-01,80.6940,80.7038,78.4078,78.6040,53298989
2021-07-02,79.0946,79.3692,77.4069,78.8199,22711217
2021-07-06,79.2712,80.0069,78.2606,79.5558,21054057
2021-07-07,80.1543,80.2721,76.4846,76.7495,22872387
2021-07-08,74.8166,76.4110,74.5330,75.6604,23001102
2021-07-09,75.9548,77.4657,75.2876,77.2598,15441108
2021-07-12,77.2696,78.2312,76.2491,78.0643,12639295
2021-07-13,77.7896,78.0055,76.6318,76.9752,14263435
2021-07-14,77.8583,79.2418,76.8477,77.0145,15952277
2021-07-15,76.8673,76.9875,74.9049,75.4740,16616848
2021-07-16,75.7046,76.1461,73.4331,73.5999,19067514
2021-07-19,72.4519,73.2761,71.8239,73.1780,23436873
2021-07-20,73.2565,74.4928,72.3832,73.9727,14808527
2021-07-21,73.9286,75.7880,73.9237,75.7389,15945835
2021-07-22,74.7969,74.8166,73.0602,74.1101,19042218
2021-07-23,74.4977,74.6105,73.4870,74.5124,12345202
2021-07-26,74.3848,76.0235,74.0905,74.8656,11986692
2021-07-27,73.3840,73.3840,71.1469,72.8247,23748431
2021-07-28,73.1485,74.5811,72.9817,74.1297,14348257
2021-07-29,74.6498,75.6702,74.5222,75.6310,14529403
2021-07-30,74.6988,76.6465,74.6303,76.1216,12528854
2021-08-02,77.5541,77.9971,76.0136,76.1804,14722619
2021-08-03,77.3903,79.5460,76.4748,79.3399,25807609
2021-08-04,78.9376,81.5280,78.0447,80.4389,29176932
2021-08-05,80.5958,81.5084,79.6343,79.9581,14820989
2021-08-06,79.6735,81.3219,79.5263,80.4585,14612555
2021-08-09,80.1936,80.4977,78.5746,78.7021,13363279
2021-08-10,78.3195,78.3195,74.3456,74.4830,40705022
2021-08-11,74.6105,74.6203,72.3341,73.6195,31624853
2021-08-12,70.8231,70.8427,67.5164,68.9294,72528554
2021-08-13,68.7331,69.9008,68.5663,69.5868,25301392
2021-08-16,68.8803,70.4110,68.6056,69.5966,18143946
2021-08-17,68.8509,70.1039,68.3043,69.4494,17428749
2021-08-18,69.9106,70.5287,69.2532,69.2924,13877734
2021-08-19,68.8214,69.4887,67.7421,68.9588,17918709
2021-08-20,68.8214,69.6947,68.2720,68.9097,14452101
2021-08-23,69.5083,70.5287,67.6047,70.3914,22055217
2021-08-24,70.7838,71.3235,70.3423,70.6268,18050052
2021-08-25,71.4216,75.5819,70.8230,72.6481,36352318
2021-08-26,71.8533,71.8632,70.3521,71.4020,20290946
2021-08-27,71.0978,72.7561,70.7940,72.6089,14823502
2021-08-30,72.7266,73.3448,71.4658,71.7847,12791680
2021-08-31,72.2949,73.2172,71.9417,72.3145,14687198
2021-09-01,72.9229,72.9229,71.6473,72.3341,13806911
2021-09-02,71.8337,72.6187,70.9457,72.5991,14783804
2021-09-03,72.6089,73.3153,72.2164,72.4224,9225452
2021-09-07,72.3685,73.0897,71.7847,72.2556,11587715
2021-09-08,71.8239,71.8632,69.7732,70.9114,17258149
2021-09-09,70.2834,71.8926,70.0774,71.5001,14612972
2021-09-10,72.3832,74.2033,72.0790,72.1183,18087271
2021-09-13,73.1583,73.8059,72.1379,72.9523,15742904
2021-09-14,72.4028,72.7266,71.5394,72.1085,13869024
2021-09-15,71.5786,72.5402,70.4110,72.4323,15137777
2021-09-16,71.9220,73.5508,71.4118,73.2270,12828284
2021-09-17,73.0063,73.0995,71.9418,72.9032,20371470
2021-09-20,71.2352,71.3922,69.8517,71.0095,23098342
2021-09-21,71.5492,71.7552,70.3129,70.7838,14795414
2021-09-22,71.6669,73.1780,71.2744,72.5794,16095354
2021-09-23,72.2262,73.3840,71.8730,72.6481,16957787
2021-09-24,71.9171,73.0995,71.6964,72.6579,14743859
2021-09-27,72.2655,74.4535,72.1281,73.7667,18273175
2021-09-28,73.0995,73.5803,71.6865,71.7258,25871473
2021-09-29,69.8223,71.9417,68.8999,70.2932,37938035
2021-09-30,70.9425,71.3355,69.6259,69.7438,16752558
2021-10-01,70.0975,70.3235,68.8791,69.7536,17234333
2021-10-04,69.3704,70.3235,69.1346,69.3900,19480797
2021-10-05,69.9698,69.9698,68.3976,69.2721,14479646
2021-10-06,68.5843,69.1542,67.8277,68.7219,17761338
2021-10-07,69.1739,70.4217,68.8987,69.3114,14674901
2021-10-08,69.6946,69.7045,68.4861,68.8987,13575018
2021-10-11,68.6826,69.1297,67.9751,68.0144,12585386
2021-10-12,68.1806,68.2212,64.5262,65.5580,36760197
2021-10-13,65.5776,66.2459,65.0765,65.2239,17273822
2021-10-14,66.1082,66.8943,65.6464,66.6191,15504414
2021-10-15,66.9041,67.2661,66.3047,66.5012,11772232
2021-10-18,65.8429,66.4501,65.1354,66.0886,11524643
2021-10-19,66.1966,66.7066,65.4794,66.3932,16653883
2021-10-20,66.0296,67.9948,65.8429,67.0810,19392446
2021-10-21,66.7665,67.5035,66.4914,67.4445,11037618
2021-10-22,67.3168,67.8867,65.9166,66.3342,17758718
2021-10-25,68.4075,69.8813,67.3463,67.5624,23287629
2021-10-26,68.1618,68.6040,67.2775,67.7393,14214296
2021-10-27,67.3266,67.4986,66.2752,67.0515,13521096
2021-10-28,68.0832,69.1247,67.9751,68.3681,16661263
2021-10-29,67.1940,68.3387,66.8550,67.8965,11423029
2021-11-01,67.7688,69.7339,67.7393,69.4686,11930207
2021-11-02,69.2623,69.6160,68.8201,69.5276,9729114
2021-11-03,69.4834,70.0877,69.0363,70.0091,10225845
2021-11-04,71.1096,71.2157,69.8027,70.9818,15716861
2021-11-05,71.7286,72.4557,71.0997,71.6500,12936494
2021-11-08,72.0430,73.7232,71.8465,73.2614,18695976
2021-11-09,73.7920,74.9416,73.2614,74.2735,19915105
2021-11-10,72.8635,73.8382,71.9251,72.1314,15218011
2021-11-11,72.7308,73.6544,72.3368,73.2516,12084115
2021-11-12,73.7134,76.6612,73.6446,75.9537,26485023
2021-11-15,76.4057,76.9166,75.2659,75.4427,12597683
2021-11-16,75.2266,75.8063,74.4602,75.4722,11762095
2021-11-17,75.1480,75.2364,73.8804,74.1457,11545970
2021-11-18,75.5607,76.1502,74.4307,75.6786,16809848
2021-11-19,77.5553,82.3994,77.5553,81.5839,47010487
2021-11-22,82.2029,86.1431,82.2029,82.3994,34345417
2021-11-23,83.5589,86.1824,82.8613,83.9224,31640990
2021-11-24,83.2739,85.6370,83.1364,84.7085,21666066
2021-11-26,81.6822,82.5861,80.5522,81.9671,16482116
2021-11-29,82.9104,84.7675,82.6893,84.6397,18783514
2021-11-30,84.0895,85.4061,82.4879,82.5370,27192622
2021-12-01,85.0426,87.4990,83.5196,83.6670,31393031
2021-12-02,81.1928,82.1341,79.9332,81.4365,22928721
2021-12-03,82.2521,82.9595,79.2355,80.1985,19101436
2021-12-06,80.4048,81.7804,79.1274,81.0140,15060157
2021-12-07,82.9497,85.5231,82.8613,84.3351,21716939
2021-12-08,83.9470,84.8362,82.5675,84.5218,12647756
2021-12-09,83.8144,85.0328,83.1560,83.4508,11835288
2021-12-10,82.8711,84.1877,82.6648,84.0502,11387755
2021-12-13,85.1015,85.8581,82.7335,82.8809,12883747
2021-12-14,81.7706,83.2936,81.4660,81.8394,11557338
2021-12-15,82.0261,84.2958,80.6259,84.1681,13688070
2021-12-16,84.3843,84.8166,80.7025,81.2498,16422036
2021-12-17,80.1985,81.8394,79.5303,81.5544,21482380
2021-12-20,80.7094,81.8001,79.5008,80.6013,20505640
2021-12-21,87.4401,89.5526,85.8287,89.1007,57538366
2021-12-22,88.4325,88.9041,87.3713,88.7666,18550733
2021-12-23,89.1203,93.3454,88.7764,92.7755,36400104
2021-12-27,92.0877,93.2766,91.1150,92.7853,17062090
2021-12-28,92.1172,92.2547,90.4566,91.3213,13618005
2021-12-29,92.3628,95.0600,92.2744,94.4950,32063772
2021-12-30,92.7559,93.8416,91.8059,92.2547,18422241
2021-12-31,92.4620,92.8726,91.5079,91.6259,11409282
2022-01-03,92.3685,94.2670,91.9505,94.1834,17576366
2022-01-04,94.0358,95.0096,92.0095,94.7637,18533322
2022-01-05,93.8194,96.8392,92.8063,92.8554,28395779
2022-01-06,93.5485,95.1276,92.5800,94.0850,20744207
2022-01-07,94.5178,95.5998,92.4030,92.9046,14742906
2022-01-10,92.7177,94.1047,89.5504,92.3538,20110819
2022-01-11,90.9423,92.7276,90.1504,92.6587,14899097
2022-01-12,93.6030,94.6555,92.2456,93.5538,12499926
2022-01-13,94.9211,96.4998,93.7438,94.0555,23499375
2022-01-14,92.8948,95.8359,92.8554,95.7670,18384993
2022-01-18,93.9670,94.3801,91.0259,91.3505,19730698
2022-01-19,92.1866,93.2292,88.3012,88.5274,18961821
2022-01-20,88.8029,88.8520,83.5404,83.6781,24575289
2022-01-21,82.8420,83.7470,80.1862,80.5895,29522462
2022-01-24,78.9566,81.6813,76.3697,81.5928,28774463
2022-01-25,79.5960,81.0715,78.3468,79.3993,21871056
2022-01-26,81.8830,83.3978,79.2911,80.6288,20890807
2022-01-27,82.1436,82.3256,77.1075,77.4320,22642617
2022-01-28,76.1041,77.9828,74.2844,77.9730,24383836
2022-01-31,77.6681,80.9633,76.7434,80.9239,21856633
2022-02-01,80.8551,81.0419,79.1042,80.1173,15096629
2022-02-02,81.5633,83.3142,81.1895,83.1273,19418933
2022-02-03,81.3174,83.7863,80.3731,80.6288,17786669
2022-02-04,79.8931,80.8452,78.5337,79.8419,15657509
2022-02-07,80.0288,80.6977,79.1632,79.5468,11740735
2022-02-08,79.8222,83.0191,79.6747,82.7436,18235666
2022-02-09,83.2158,87.3274,82.1928,86.6782,21678825
2022-02-10,87.7307,93.0915,87.0323,89.5307,32238413
2022-02-11,89.7865,93.0324,87.4946,88.2914,30901841
2022-02-14,90.4849,91.6456,87.2585,88.3897,23440914
2022-02-15,89.5209,94.9211,89.5209,94.4293,26941996
2022-02-16,92.8948,94.9112,92.0390,94.4883,15516146
2022-02-17,93.4850,94.4293,91.9603,92.1964,17848247
2022-02-18,92.9833,93.1309,87.4405,89.3143,19530513
2022-02-22,88.3701,92.4325,87.2192,89.0881,24604930
2022-02-23,89.9734,90.3668,85.6454,85.8814,18704670
2022-02-24,82.7535,87.4848,82.4190,87.3766,24354436
2022-02-25,86.5243,88.9996,85.8519,88.6258,14834111
2022-02-28,87.0028,88.2815,85.7337,87.4061,17181907
2022-03-01,87.1110,88.3701,83.2748,84.8486,19235154
2022-03-02,85.7437,92.5308,85.6060,91.7734,28145846
2022-03-03,90.1209,90.6816,86.9389,87.7209,22053474
2022-03-04,85.9896,85.9896,79.1976,80.5698,28160661
2022-03-07,80.4223,81.6125,74.3876,74.4614,26461511
2022-03-08,75.0024,78.9370,72.7204,75.8975,28099923
2022-03-09,78.6615,79.1730,76.2713,78.1402,19582938
2022-03-10,76.4631,76.4631,72.6023,74.4811,21575950
2022-03-11,75.4008,75.4450,71.4466,71.6285,22585517
2022-03-14,70.5760,71.2941,67.8317,68.2645,24744255
2022-03-15,68.9019,72.3269,67.2218,71.9138,22439051
2022-03-16,75.2188,78.4058,74.9040,78.3665,35509273
2022-03-17,76.9205,79.2616,75.9369,79.2025,21216095
2022-03-18,77.8058,79.8714,76.7828,78.1107,28031033
2022-03-21,77.6976,78.5829,74.2942,77.0681,29211078
2022-03-22,76.4287,78.4255,76.2418,77.8255,16670930
2022-03-23,76.5861,76.9402,73.8466,74.4122,27983562
2022-03-24,74.6581,77.2500,74.0876,76.9303,23287751
2022-03-25,76.9844,77.0189,73.9007,76.8221,22223060
2022-03-28,77.3041,78.8681,76.0057,78.5533,26406908
2022-03-29,80.7567,81.1993,77.9632,80.7075,39403922
2022-03-30,82.9207,84.8290,77.3140,77.8648,69878756
2022-03-31,76.3992,78.6517,75.5729,76.6156,34506820
2022-04-01,77.1467,77.6189,72.8482,74.9336,33409293
2022-04-04,75.6418,76.9008,75.2585,76.3992,22907404
2022-04-05,75.4549,76.7434,73.0843,73.3892,21078565
2022-04-06,71.9777,73.6597,70.3006,72.5728,28036609
2022-04-07,72.4646,73.4581,70.9498,72.0810,22567025
2022-04-08,71.4126,71.7574,69.7677,71.0580,20240554
2022-04-11,69.4919,71.8165,69.0388,70.9497,21078595
2022-04-12,71.6983,72.4863,70.4966,70.8807,18619762
2022-04-13,71.2796,72.6439,70.7822,71.2944,18688641
2022-04-14,71.4717,71.7180,69.0388,69.0782,18543538
2022-04-18,69.1964,71.0186,68.9994,70.0829,17402282
2022-04-19,69.8957,72.3090,69.7086,71.6392,15004452
2022-04-20,72.6990,75.0862,71.7968,72.1021,18955123
2022-04-21,72.8606,73.3728,69.5904,69.8563,17618585
2022-04-22,69.5805,69.9154,68.2705,68.3690,18343275
2022-04-25,67.3938,69.1176,66.9112,69.0683,19979276
2022-04-26,67.6548,68.1227,66.0345,66.0739,18467763
2022-04-27,65.1382,67.4529,64.8742,65.4731,17027699
2022-04-28,66.6354,69.7480,66.0542,69.1274,20857838
2022-04-29,68.0636,70.2651,66.9998,67.1673,16770211
2022-05-02,67.1377,69.6790,66.5664,69.5411,15206976
2022-05-03,69.4131,70.8807,69.1471,70.1912,13465667
2022-05-04,70.6936,72.7916,69.1077,72.5158,17150449
2022-05-05,71.2255,71.4717,69.3047,70.2208,16427786
2022-05-06,69.4919,70.8315,67.8568,69.2949,15104752
2022-05-09,68.1621,70.3291,66.4679,66.9112,20810498
2022-05-10,68.5266,69.5313,66.5960,67.8765,17613999
2022-05-11,67.6302,69.8169,65.8178,65.9557,16981659
2022-05-12,65.0101,67.8677,64.8821,66.6945,26888066
2022-05-13,68.0587,71.5407,66.9998,70.8413,22665211
2022-05-16,70.4375,70.9595,69.2653,69.4131,13342031
2022-05-17,71.1664,73.6092,71.0678,73.3629,17560892
2022-05-18,72.0824,73.1068,69.0388,69.9844,20576034
2022-05-19,69.6987,70.6246,68.0144,68.3591,17435906
2022-05-20,69.5411,69.6298,65.1185,67.8666,20248267
2022-05-23,67.7386,69.1470,67.4923,68.5463,12293821
2022-05-24,67.3347,67.3840,65.0200,65.6208,18698575
2022-05-25,64.9362,67.8174,64.9116,66.8521,16168918
2022-05-26,65.3943,69.9744,65.3549,69.5411,14863027
2022-05-27,70.6837,72.3336,70.5655,72.2203,13078717
2022-05-31,72.3681,73.3626,70.8512,72.7325,15399934
2022-06-01,73.3807,74.2593,71.4619,72.4469,13404393
2022-06-02,72.0332,74.2790,72.0332,74.2396,11237587
2022-06-03,70.6148,70.6148,68.0736,68.8910,30099974
2022-06-06,69.6810,71.0580,68.9600,69.3934,13132545
2022-06-07,67.6204,69.8071,67.0983,69.6987,14304452
2022-06-08,68.7925,69.3441,66.7437,67.5711,16286093
2022-06-09,66.9210,67.6598,65.0101,65.0298,14850990
2022-06-10,63.8675,64.5767,61.3459,61.6808,26553137
2022-06-13,59.1198,60.0457,57.7014,57.9575,24007521
2022-06-14,58.4697,58.9741,56.8543,57.8196,16711044
2022-06-15,58.4401,59.1740,56.6868,58.2333,19553781
2022-06-16,56.1451,56.1451,53.4363,54.1849,22566591
2022-06-17,55.0616,55.4753,52.7961,54.9138,24139828
2022-06-21,55.9629,57.0513,55.4950,55.9481,15451838
2022-06-22,55.1207,56.2830,54.7661,55.4950,13332824
2022-06-23,55.7609,55.9776,54.1308,55.3768,13162411
2022-06-24,56.2928,58.1151,56.2731,57.5635,14509525
2022-06-27,58.6815,59.1444,57.4945,57.8984,16117682
2022-06-28,58.0954,59.6813,56.9429,56.9922,18828594
2022-06-29,56.3716,56.6573,54.4903,55.1798,17236414
2022-06-30,54.1652,55.5590,53.4068,54.4509,26185569
2022-07-01,52.4907,53.1507,50.6291,52.8453,43681742
2022-07-05,51.3925,56.0367,51.3087,55.8791,33720759
2022-07-06,55.9973,57.2483,55.6151,56.5095,23536383
2022-07-07,58.2136,58.4204,56.9725,57.9673,22871540
2022-07-08,57.4593,59.6394,57.3418,58.3663,19253232
2022-07-11,57.3497,57.8383,56.9550,57.0537,13600978
2022-07-12,57.6508,59.2940,57.3399,58.4058,21118993
2022-07-13,56.6244,58.6419,56.6096,58.0899,13897454
2022-07-14,57.1770,58.8795,56.5701,58.5735,14748166
2022-07-15,60.6757,60.8928,58.6229,60.7250,20093314
2022-07-18,61.2777,61.5096,59.3532,59.6591,13179856
2022-07-19,60.6609,61.9340,60.5770,61.5836,19051271
2022-07-20,61.4060,62.6890,61.0408,62.4718,15053961
2022-07-21,61.7810,62.8469,61.1198,62.8074,12566440
2022-07-22,60.4832,62.0968,60.2118,60.4881,22107746
2022-07-25,60.5474,61.0211,58.9189,59.3631,14479422
2022-07-26,59.5210,59.8911,58.7709,58.8795,10888519
2022-07-27,59.6986,61.5738,58.8301,61.0803,14549411
2022-07-28,61.4356,61.4849,59.4025,61.2579,10030976
2022-07-29,60.5474,61.2777,59.9776,61.0507,14033790
2022-08-01,61.6823,63.1528,61.1889,61.7218,13317688
2022-08-02,60.9421,62.4718,60.0835,61.6527,11504245
2022-08-03,61.6823,63.6858,61.6214,63.4094,12261564
2022-08-04,63.2811,64.1397,62.8173,64.0016,11174440
2022-08-05,62.0376,62.3880,60.9865,61.6428,15064168
2022-08-08,61.1790,61.8007,60.1822,60.6461,11394881
2022-08-09,58.2232,59.7480,56.9846,58.3761,33064190
2022-08-10,59.2150,60.7548,58.6130,60.5967,17257229
2022-08-11,61.1889,63.2623,61.1889,61.5047,18233075
2022-08-12,61.8402,64.5592,61.4158,64.1891,16075069
2022-08-15,63.8535,64.2679,63.0541,63.8535,9668383
2022-08-16,63.2811,63.7154,62.3929,63.0245,9248519
2022-08-17,61.9883,61.9883,59.9651,60.8138,14647870
2022-08-18,60.9421,62.5853,60.4487,62.1560,11248494
2022-08-19,61.0260,61.4356,59.4914,59.7184,14018456
2022-08-22,58.7828,58.8301,57.2066,57.5471,13014736
2022-08-23,57.5866,58.5143,57.0043,57.1030,12705472
2022-08-24,57.1228,57.7988,56.6096,57.5471,9961297
2022-08-25,57.8333,60.4684,57.8136,60.3993,12040876
2022-08-26,60.2710,60.4191,56.8563,56.8760,15605268
2022-08-29,56.5602,57.2412,55.7806,56.2641,11313030
2022-08-30,56.7280,57.0438,54.8528,55.5634,12685276
2022-08-31,55.2575,56.4072,55.0798,55.7904,14031101
2022-09-01,54.5370,56.6490,54.0732,56.5602,17527820
2022-09-02,57.5373,58.0307,55.2674,55.5930,12809670
2022-09-06,55.5930,55.9483,54.4038,54.5074,12072196
2022-09-07,54.5864,54.9910,53.3034,54.2804,16976730
2022-09-08,53.7771,55.1835,53.0369,54.6653,18343299
2022-09-09,55.4351,56.9254,55.4351,56.6885,13854633
2022-09-12,56.7083,57.3794,56.2839,57.1820,10686247
2022-09-13,54.9713,55.5042,52.4448,52.9185,21943207
2022-09-14,53.1850,53.5207,51.7687,52.4152,19970475
2022-09-15,52.0105,52.7507,51.2999,52.0007,15563380
2022-09-16,51.2111,52.3165,50.8164,52.1586,24860814
2022-09-19,51.2901,52.0796,51.2013,51.4184,19131217
2022-09-20,50.8558,50.9151,49.9281,50.1354,19218988
2022-09-21,49.0893,51.8230,49.0695,49.4445,31007972
2022-09-22,49.1485,49.7110,48.6994,49.0103,21205666
2022-09-23,48.6353,49.4939,47.8161,49.4445,24486629
2022-09-26,49.2718,49.7998,48.1714,48.2405,19196610
2022-09-27,49.1682,49.9873,48.7488,49.9183,17263844
2022-09-28,49.4544,50.5203,49.4445,50.3328,17752028
2022-09-29,49.3853,49.6419,48.5761,49.3557,23706987
2022-09-30,49.8788,51.3789,49.1583,49.4445,38839616
2022-10-03,50.3426,52.3905,49.9775,51.0434,24587533
2022-10-04,52.8593,54.0929,51.9726,53.2540,24071531
2022-10-05,52.1901,54.4778,51.4875,54.0140,20316058
2022-10-06,53.6883,54.3865,52.6027,53.9054,17088698
2022-10-07,52.9742,54.0473,51.9357,52.3313,21921986
2022-10-10,52.4895,52.5489,50.2097,50.8180,17216738
2022-10-11,50.0861,54.1808,49.7795,53.1225,32582040
2022-10-12,53.0137,53.1819,51.8170,52.1730,18121687
2022-10-13,50.7903,55.3084,50.1850,54.2599,27387699
2022-10-14,54.6308,54.8336,52.0247,52.1434,20180169
2022-10-17,54.0028,54.3885,52.2719,52.9148,18208159
2022-10-18,54.4083,54.5369,51.0949,51.9752,19699987
2022-10-19,51.5202,52.8456,51.4906,52.4500,14760831
2022-10-20,52.9148,54.4973,52.5884,53.1126,15694784
2022-10-21,52.9049,55.6644,52.7516,55.4369,20053022
2022-10-24,55.6150,56.1886,54.4678,55.6249,15233766
2022-10-25,56.0600,56.4062,54.7347,55.2589,17171643
2022-10-26,55.4666,56.8117,54.3589,54.8435,23485265
2022-10-27,54.7644,55.6150,51.5499,51.6389,27233627
2022-10-28,51.2631,53.8445,50.8971,53.4489,19156540
2022-10-31,53.3203,54.3292,52.5874,53.5083,15913825
2022-11-01,54.4874,54.8336,53.5182,54.2599,11709943
2022-11-02,54.1363,55.6545,52.8357,52.8654,17237295
2022-11-03,52.1335,53.7704,51.3422,52.8950,12751139
2022-11-04,54.6556,56.2875,54.2154,55.5457,18391290
2022-11-07,55.8128,56.1984,54.8534,55.9414,11380901
2022-11-08,56.7524,57.2370,55.8622,56.8612,14163289
2022-11-09,55.6051,56.0304,54.9028,55.3578,19939239
2022-11-10,57.9590,59.7196,57.4249,59.6108,24915106
2022-11-11,59.9866,62.4889,59.2250,61.8362,17511224
2022-11-14,61.2625,62.0636,60.3180,61.1043,13940876
2022-11-15,62.8005,63.7352,61.7373,62.4098,16269175
2022-11-16,59.8679,60.7086,57.4793,58.2261,25862865
2022-11-17,56.6733,58.3448,55.8919,58.0975,14208929
2022-11-18,58.9085,59.0074,57.4645,57.9393,9698859
2022-11-21,57.3854,57.3854,56.1985,56.5348,9961071
2022-11-22,56.9205,58.0382,56.3568,57.9788,8908020
2022-11-23,57.6030,58.4140,57.1183,58.2854,8996842
2022-11-25,58.0283,58.4832,57.7513,57.7711,4354265
2022-11-28,56.6930,57.1282,54.8633,55.1402,15484483
2022-11-29,55.1007,55.8968,54.1752,54.5171,12794828
2022-11-30,52.9939,57.0491,52.0346,57.0194,31233772
2022-12-01,57.1975,57.2865,54.4973,54.8831,21698013
2022-12-02,53.7456,54.8138,52.7961,54.0819,15926963
2022-12-05,53.7753,54.6614,53.1077,53.4489,13710507
2022-12-06,53.2729,54.0275,52.6577,53.0929,17954092
2022-12-07,52.5390,53.6467,51.8664,53.2313,11359716
2022-12-08,53.9583,55.0858,53.4589,54.5962,13563312
2022-12-09,54.0819,55.2441,53.9237,54.2698,9896634
2022-12-12,52.9346,54.7743,52.7516,54.7446,13235430
2022-12-13,56.5595,57.2568,54.0473,54.6358,14200327
2022-12-14,54.6358,55.4864,53.4687,53.9929,11107689
2022-12-15,52.9742,53.1324,51.2829,51.4708,17630605
2022-12-16,51.1691,51.9653,51.0554,51.5005,22785802
2022-12-19,51.5994,51.7181,50.5411,51.1543,16319212
2022-12-20,50.7784,51.4016,49.8982,50.1257,16826649
2022-12-21,50.3680,51.1790,50.1900,50.6301,18082415
2022-12-22,48.9586,49.4234,47.9003,48.8893,40943865
2022-12-23,48.4640,49.9971,48.4492,49.6509,17425714
2022-12-27,49.0674,49.7597,47.9863,49.4729,14570873
2022-12-28,49.2949,50.5262,48.2910,48.5827,12398649
2022-12-29,48.8597,50.3680,48.8003,50.0960,13184273
2022-12-30,49.0167,49.5867,48.6995,49.5471,11989834
2023-01-03,50.1220,50.5186,49.1208,49.9337,12410934
2023-01-04,52.5905,54.0477,52.2732,53.7305,24880580
2023-01-05,53.4232,54.9102,53.4232,54.2361,18003745
2023-01-06,54.9499,56.7937,53.5620,56.2783,20816787
2023-01-09,56.3278,57.0168,55.1680,55.8718,15630106
2023-01-10,55.6735,56.7838,55.3761,56.7144,10560247
2023-01-11,56.8532,57.9586,56.4270,57.5571,12131699
2023-01-12,57.6066,57.7355,55.9412,56.7739,14880144
2023-01-13,56.2386,56.4765,55.6339,56.4369,12520633
2023-01-17,56.6649,58.0924,56.0602,56.3576,10958116
2023-01-18,57.0118,57.5445,55.8719,56.0205,10011076
2023-01-19,55.2274,56.5905,54.8012,55.8718,12010281
2023-01-20,56.9742,58.0627,56.2683,57.9536,13776279
2023-01-23,58.4096,61.3737,58.3501,61.2845,20150076
2023-01-24,60.6699,61.1854,60.3427,60.7294,10016898
2023-01-25,60.1465,61.1358,59.8966,61.0069,10757723
2023-01-26,62.0379,62.5039,60.7591,62.2560,12149128
2023-01-27,61.6017,63.7827,61.4233,63.3167,15885305
2023-01-30,62.2164,62.7319,61.1556,61.1755,16129390
2023-01-31,58.5881,59.8173,58.1420,59.7777,23762570
2023-02-01,60.0949,62.6823,59.8619,62.0578,20859239
2023-02-02,63.0094,63.3663,61.3242,62.6228,15806255
2023-02-03,61.4629,63.2374,61.3638,61.8694,12162976
2023-02-06,60.4121,60.6501,59.2226,59.4604,11456989
2023-02-07,59.5695,61.8446,59.1829,61.5918,12701584
2023-02-08,60.9128,61.7901,59.7083,59.7281,9499926
2023-02-09,60.6699,61.2842,59.1680,59.6587,10039587
2023-02-10,59.9759,60.2337,58.7368,59.3018,11427104
2023-02-13,59.3018,59.7578,58.3303,59.5992,11406391
2023-02-14,59.0044,61.7653,58.5187,61.5323,12481625
2023-02-15,60.7988,61.4035,59.9363,61.3043,10440939
2023-02-16,60.2535,60.8186,59.3316,59.5298,12638918
2023-02-17,59.3217,59.6567,58.0032,58.4988,10874858
2023-02-21,57.8347,59.1928,56.9920,57.1011,12649355
2023-02-22,57.2299,58.0627,56.3328,56.4864,12161952
2023-02-23,58.6277,59.2305,56.9424,58.2411,16038757
2023-02-24,57.2002,57.8594,56.8532,57.6760,9777216
2023-02-27,58.6575,59.0441,57.3291,57.3985,8496582
2023-02-28,57.1407,58.2262,56.9028,57.3192,10299394
2023-03-01,57.3588,58.0428,56.7244,56.8433,9074409
2023-03-02,55.0193,56.2039,54.2460,55.9412,16539692
2023-03-03,55.9709,56.3774,54.9598,56.2882,13707696
2023-03-06,56.7838,58.1401,56.0502,56.3377,14405560
2023-03-07,56.0106,56.2386,54.8309,55.0787,13241731
2023-03-08,55.3563,56.4270,54.8706,56.3972,11491297
2023-03-09,56.1494,57.0614,55.0589,55.1184,10185487
2023-03-10,55.1779,56.0205,54.0577,54.4542,14139783
2023-03-13,53.4975,54.0775,52.3030,53.4331,17361573
2023-03-14,54.4938,54.9399,53.2348,53.7999,14416440
2023-03-15,52.8680,53.7999,52.4219,53.6611,14445952
2023-03-16,53.2249,56.2188,53.1456,56.0800,14779341
2023-03-17,56.3080,57.2200,55.7281,56.1692,25737684
2023-03-20,56.2089,57.3638,55.5942,57.1407,10601878
2023-03-21,57.8743,59.0044,57.0961,58.1221,14603569
2023-03-22,57.8941,59.8867,57.5868,57.6661,16905661
2023-03-23,58.6674,61.2449,58.6178,60.8087,23837130
2023-03-24,59.9809,60.8681,59.9759,60.6302,18711682
2023-03-27,60.6600,60.8880,58.6576,59.2721,15838006
2023-03-28,59.2820,59.3514,57.3142,58.7665,18729616
2023-03-29,60.3824,63.8620,60.3427,62.9896,51390384
2023-03-30,63.4754,63.5448,61.9388,62.5435,22844715
2023-03-31,59.8272,61.1241,59.3811,59.8173,35274063
2023-04-03,59.2870,59.2870,57.3687,59.0937,23380275
2023-04-04,59.1581,59.5744,56.4567,56.7739,21244266
2023-04-05,56.3278,56.6153,55.5248,56.5261,19297207
2023-04-06,56.5676,58.7528,56.4186,58.1667,21496506
2023-04-10,60.7692,63.3418,60.5904,62.8451,43068442
2023-04-11,63.2126,63.8583,62.6167,63.1431,23028829
2023-04-12,63.9278,63.9278,61.4247,61.5439,16565869
2023-04-13,61.0969,62.9444,60.3818,62.5769,23200414
2023-04-14,62.7557,62.7955,61.3502,62.2094,14927392
2023-04-17,61.8022,62.3485,61.5588,62.1200,11201322
2023-04-18,62.9047,63.0239,61.0671,61.5141,12158870
2023-04-19,60.5705,60.7990,59.9745,60.2427,11616509
2023-04-20,59.4779,61.5340,59.4680,61.0473,14306892
2023-04-21,60.7394,61.0324,60.3222,60.7195,9580349
2023-04-24,59.6914,60.4662,58.9514,59.1104,13368399
2023-04-25,58.7329,58.9415,57.6403,57.7496,15891528
2023-04-26,59.1749,60.7692,58.9415,60.6102,25314690
2023-04-27,60.3420,61.5439,59.7262,61.4843,13427538
2023-04-28,62.0108,64.0023,61.8816,63.9278,18052982
2023-05-01,63.4610,63.6695,61.8866,61.9313,12788093
2023-05-02,61.8121,62.1598,60.8337,61.4843,12091644
2023-05-03,61.0771,61.7624,60.4066,60.5010,10533164
2023-05-04,60.1434,60.5506,59.4978,60.1037,13311461
2023-05-05,60.2030,61.3254,59.7014,60.8188,12298809
2023-05-08,60.8387,60.9330,59.9000,60.4612,9885964
2023-05-09,59.4779,60.9777,59.1501,60.5208,11889573
2023-05-10,61.5042,61.8916,59.3885,59.5871,14532685
2023-05-11,60.1831,61.3949,59.6616,61.1963,15480741
2023-05-12,61.5737,61.7724,59.7461,60.5109,11629928
2023-05-15,61.8121,64.4344,61.3850,64.2059,21969774
2023-05-16,64.1165,64.7820,62.8749,63.3020,14420047
2023-05-17,64.1463,64.8814,63.0140,64.4840,15768079
2023-05-18,65.5369,68.1294,64.6430,67.1162,30555127
2023-05-19,67.1162,67.9307,65.9839,67.7122,16803378
2023-05-22,65.3085,66.3018,64.3251,65.7852,37379945
2023-05-23,65.4078,67.1063,65.2687,65.5667,15867703
2023-05-24,64.5138,66.2819,64.4443,66.0832,15187299
2023-05-25,69.2766,69.4107,67.0566,69.1425,28989354
2023-05-26,69.4107,74.0891,69.3313,73.4335,33409984
2023-05-30,73.8855,74.2678,71.1025,71.2086,24347345
2023-05-31,68.4323,69.3809,67.4639,67.7420,30381466
2023-06-01,68.4770,69.3213,67.6377,68.6260,18114174
2023-06-02,69.5150,70.0713,67.8314,68.7055,13453736
2023-06-05,69.0333,69.0333,67.0566,67.3149,12429174
2023-06-06,66.5749,68.3777,66.3663,67.0864,12461269
2023-06-07,67.9506,68.2039,66.4954,66.6097,14331596
2023-06-08,66.0554,66.0733,63.5802,64.8814,25651077
2023-06-09,65.4873,65.9541,64.0321,64.9906,14636321
2023-06-12,65.3979,67.0864,65.3482,66.9971,14626974
2023-06-13,68.0946,68.4174,67.1460,67.4142,11858018
2023-06-14,67.0864,68.7452,67.0666,68.6558,11057208
2023-06-15,68.1294,69.0531,67.9009,68.3579,11763018
2023-06-16,69.6789,70.0266,65.6164,67.2056,32259693
2023-06-20,66.8630,67.1659,65.3283,66.4507,13256888
2023-06-21,66.3018,66.7487,64.9012,65.3581,10144715
2023-06-22,65.0899,66.2124,65.0701,65.8051,8012113
2023-06-23,65.0105,65.5171,64.4046,64.8416,13129096
2023-06-26,65.1893,66.2521,64.9707,65.0105,13772035
2023-06-27,64.8317,66.3911,63.3662,66.3415,18084864
2023-06-28,65.2091,67.2752,64.9509,66.6196,24829369
2023-06-29,67.3844,67.4937,63.1232,63.8980,50815112
2023-06-30,64.0619,64.6628,62.4776,62.6862,31434581
2023-07-03,63.0140,63.8881,62.8302,63.4709,12921258
2023-07-05,63.0736,63.3219,61.6035,61.6432,16495929
2023-07-06,60.5804,61.3751,60.0937,60.8188,15539751
2023-07-07,61.1332,61.1929,60.3321,60.3569,14998859
2023-07-10,60.5311,62.5264,60.2873,62.1781,16917745
2023-07-11,62.2975,63.3623,62.0089,63.2927,13263475
2023-07-12,64.1585,64.3874,62.8200,63.4818,13577758
2023-07-13,63.8699,64.3326,63.2429,64.2182,11355421
2023-07-14,63.9893,65.2233,63.3723,63.7704,13522567
2023-07-17,63.4917,65.3527,63.0339,64.8452,11265150
2023-07-18,64.0590,64.8053,63.4428,64.6262,10384254
2023-07-19,65.3129,65.4423,64.4869,64.6461,9389709
2023-07-20,64.0888,65.2283,63.9395,64.3774,12723871
2023-07-21,64.9745,65.8403,64.0291,65.3328,24205593
2023-07-24,65.0442,66.3180,64.9098,65.1636,10263657
2023-07-25,65.0840,65.6761,64.7655,65.3626,8575953
2023-07-26,64.6859,67.5520,64.6859,67.0544,14741677
2023-07-27,70.1394,71.9905,69.6220,70.7266,25028043
2023-07-28,71.2341,71.7814,70.3136,70.8560,11831104
2023-07-31,70.7764,71.4232,70.5276,71.0450,11140041
2023-08-01,70.6569,70.7365,69.5523,70.4181,13100559
2023-08-02,69.4130,69.5125,67.0146,67.8406,13892276
2023-08-03,67.2435,69.0547,66.8369,68.8457,11040864
2023-08-04,69.1642,70.5917,68.7960,69.5722,11209565
2023-08-07,69.5125,69.8901,68.4974,69.0448,10527173
2023-08-08,68.3680,68.4278,66.6365,67.3231,14744324
2023-08-09,67.4525,67.6416,66.2981,66.3777,10016011
2023-08-10,66.7360,67.1340,64.6163,65.1238,12754150
2023-08-11,64.5864,64.9944,63.7604,64.0590,11803445
2023-08-14,64.0590,68.1491,63.8898,67.9501,21560471
2023-08-15,67.2634,67.3032,65.0044,65.0143,13793945
2023-08-16,64.6859,64.9147,63.7803,63.9097,9877581
2023-08-17,64.1784,64.3963,63.0937,63.2529,9921432
2023-08-18,62.0089,63.5465,61.4516,63.2827,9535736
2023-08-21,63.3723,63.8848,62.5563,63.6509,11261800
2023-08-22,63.9893,64.7655,62.9792,63.1036,8864241
2023-08-23,63.2628,65.3029,62.8648,64.8750,10513713
2023-08-24,65.8204,65.9199,63.0638,63.3823,12648055
2023-08-25,63.1534,64.0789,62.3224,63.4121,9398667
2023-08-28,65.4024,65.7906,64.3476,64.9944,9897293
2023-08-29,64.5864,66.7061,64.5566,66.3578,9948078
2023-08-30,66.8653,68.3680,66.1986,67.7610,16873551
2023-08-31,67.6416,70.1992,67.6416,69.6021,17544943
2023-09-01,69.8707,70.2788,69.2139,70.0499,10772024
2023-09-05,69.5722,70.8162,69.1940,69.9504,11133793
2023-09-06,69.7911,70.3185,69.3035,70.0698,9185517
2023-09-07,69.1144,69.9484,68.7661,69.5324,11809223
2023-09-08,69.4279,70.2688,69.2736,69.8409,9796190
2023-09-11,70.4878,70.5176,68.9751,69.6916,9294100
2023-09-12,69.6170,71.3436,69.4528,69.9703,11031429
2023-09-13,70.7067,71.5128,70.0250,70.5077,13709644
2023-09-14,71.3237,71.8810,70.9356,71.4431,11157387
2023-09-15,70.9455,71.2819,69.3035,69.5423,16394677
2023-09-18,70.3086,70.7068,69.5723,70.1593,12727229
2023-09-19,70.2788,70.7166,69.6319,70.3683,10073765
2023-09-20,70.6072,71.9558,69.3135,69.3433,14815689
2023-09-21,68.6666,68.9552,67.5022,67.5719,14937864
2023-09-22,68.2586,69.4130,67.4624,68.5472,12228895
2023-09-25,67.9600,68.8507,67.2833,68.2486,14005091
2023-09-26,67.6416,68.7114,67.2634,67.6117,12716131
2023-09-27,67.7908,68.5173,66.4275,67.8804,20698864
2023-09-28,65.6512,66.7657,63.5216,64.8850,46344544
2023-09-29,66.0394,68.3979,66.0394,67.7013,23416549
2023-10-02,67.9103,68.9452,66.7360,67.6316,14335815
2023-10-03,66.8454,69.3135,66.7857,67.5022,12460960
2023-10-04,67.9799,68.1690,66.7957,67.7809,12146627
2023-10-05,68.2785,69.2040,68.0098,68.7164,13242576
2023-10-06,68.4904,70.1002,67.7828,69.7364,12630058
2023-10-09,69.3875,69.7264,68.3558,69.2579,8487007
2023-10-10,69.2679,69.8859,68.6698,68.8492,8984059
2023-10-11,69.4972,70.0454,68.7097,69.9856,11131424
2023-10-12,70.1650,70.4940,69.0735,69.5271,11392748
2023-10-13,69.6467,69.8361,68.8692,68.9888,10281940
2023-10-16,68.7894,69.8062,67.9222,68.8592,10575825
2023-10-17,67.8524,69.4075,67.4039,68.7795,11781771
2023-10-18,67.7926,69.3277,67.7627,68.9190,11167597
2023-10-19,69.4573,69.5570,66.9653,67.3142,15787388
2023-10-20,67.3441,68.3010,66.9204,67.0052,11370260
2023-10-23,66.6064,67.9422,66.0183,66.6662,9762001
2023-10-24,67.0749,68.1315,66.9154,67.8524,8433103
2023-10-25,68.2661,68.9788,65.6892,66.2875,11880979
2023-10-26,66.2376,67.2245,63.6708,64.3238,16409722
2023-10-27,64.7125,66.0582,64.6726,65.4402,9958211
2023-10-30,66.1429,67.3341,64.9617,65.8588,10661902
2023-10-31,65.8688,66.8556,65.0514,66.6563,8232365
2023-11-01,66.7859,69.4374,66.7859,69.1782,16761780
2023-11-02,70.0953,70.7980,69.5271,70.2149,11887596
2023-11-03,71.0721,72.9561,70.9226,72.3480,14453788
2023-11-06,72.3480,72.7567,71.7899,72.6869,10059764
2023-11-07,72.2483,72.8963,71.4808,72.5673,8233967
2023-11-08,72.3879,72.5474,71.4858,72.0490,9681072
2023-11-09,73.3149,75.8568,73.2601,73.3349,21880304
2023-11-10,74.2021,75.5627,73.3299,75.1191,12297759
2023-11-13,73.9130,74.9621,73.1554,74.5410,8682687
2023-11-14,75.7571,77.2025,75.6674,76.9234,12956047
2023-11-15,77.2523,77.2523,76.0661,76.8935,9933758
2023-11-16,76.6443,77.2324,76.2356,76.4250,12657721
2023-11-17,76.3552,77.6909,76.2256,77.3121,9374912
2023-11-20,77.0928,78.6528,76.8835,78.3687,11414305
2023-11-21,77.6012,77.6809,76.0611,76.4648,12005711
2023-11-22,76.9533,78.1993,76.6044,76.8536,8580370
2023-11-24,76.4349,76.7594,76.1259,76.6243,4349554
2023-11-27,76.6243,78.0397,76.4150,77.2623,10998308
2023-11-28,74.8400,75.9963,73.7485,75.8767,19174719
2023-11-29,77.2025,78.7674,76.1309,76.4449,14049027
2023-11-30,76.5745,76.7539,74.7304,75.8767,21584338
2023-12-01,75.7671,76.2954,74.8500,75.6873,13084750
2023-12-04,75.1790,75.3584,73.0956,74.0526,11301251
2023-12-05,73.2352,73.7336,72.8066,73.4545,8621755
2023-12-06,75.0593,75.1590,72.6969,72.8963,8841190
2023-12-07,73.7834,73.9678,72.7567,73.4146,10332892
2023-12-08,73.2452,75.1092,73.1953,74.7204,11799404
2023-12-11,76.9433,78.2591,76.7190,77.5414,18340348
2023-12-12,77.1726,78.0099,76.8521,77.9102,9948609
2023-12-13,78.0497,80.0085,77.7806,79.5350,11539802
2023-12-14,80.5517,82.1366,80.5318,81.9273,17334928
2023-12-15,82.6251,82.7248,80.8508,81.1498,19532090
2023-12-18,81.3292,81.5984,80.5517,81.2993,12363717
2023-12-19,81.4090,82.0071,80.9106,81.9074,14257841
2023-12-20,81.1996,81.3591,78.3787,78.4385,27844193
2023-12-21,84.7283,85.7451,82.8444,85.2068,53944831
2023-12-22,85.8747,87.2104,85.3464,86.2136,22531844
2023-12-26,86.4179,87.5892,86.1538,86.7817,11184452
2023-12-27,87.2004,87.2104,85.9444,86.3830,9164760
2023-12-28,86.4727,86.4727,85.5656,85.7251,8670420
2023-12-29,85.6810,85.9845,84.8725,85.1819,8549232
2024-01-02,83.8444,83.9242,81.5985,82.1874,13525327
2024-01-03,81.0495,82.4353,80.4357,82.1076,12876752
2024-01-04,83.3153,84.1039,82.4569,82.5568,18473659
2024-01-05,81.3290,83.3752,80.8599,83.2954,15471631
2024-01-08,83.7346,85.3516,83.6747,84.7926,16190314
2024-01-09,82.9760,84.0340,82.7464,83.1756,12121902
2024-01-10,82.8013,82.8662,81.5087,82.2274,10738035
2024-01-11,82.6466,83.2954,81.6684,83.2355,10558745
2024-01-12,82.5967,82.8911,81.5586,82.2373,10187534
2024-01-16,82.3871,85.0571,82.1775,84.4532,13666918
2024-01-17,83.5349,83.8144,82.4719,83.1257,10241177
2024-01-18,85.0621,85.6610,83.8843,84.6628,15045120
2024-01-19,85.9005,87.6223,85.4614,87.3479,17915491
2024-01-22,88.1064,89.7833,87.8469,89.0747,13778194
2024-01-23,88.8351,89.0148,86.7190,87.3678,15769985
2024-01-24,88.2462,88.4059,86.4495,87.9168,18920619
2024-01-25,88.9848,89.8778,88.3310,89.0347,15805885
2024-01-26,87.0784,88.3360,86.1301,87.8869,14374167
2024-01-29,88.3360,89.4040,87.8519,88.9050,11500144
2024-01-30,87.9168,88.6255,85.6011,86.0004,12894304
2024-01-31,84.7996,86.7590,84.6292,85.5911,11003457
2024-02-01,85.9105,86.0303,84.4582,85.4514,10005219
2024-02-02,84.9124,86.4495,84.7836,86.3198,10440884
2024-02-05,86.5793,87.0584,85.4514,86.8188,8399894
2024-02-06,86.6691,87.0285,83.5649,84.4432,12948498
2024-02-07,83.9841,85.1220,82.3172,85.0122,16315469
2024-02-08,85.3516,85.8752,84.3734,84.7227,12519002
2024-02-09,84.9024,85.4614,83.8044,85.4015,12151821
2024-02-12,85.3715,86.7440,85.2318,85.5412,10339865
2024-02-13,82.3172,83.3952,80.6154,81.3789,21053250
2024-02-14,82.0277,83.0209,81.3390,81.6784,11735147
2024-02-15,82.0876,82.5568,81.3590,81.4788,11305741
2024-02-16,80.8100,81.1898,79.1032,79.3527,15553079
2024-02-20,79.1880,80.6203,79.0033,80.5605,12586515
2024-02-21,80.6403,81.3490,79.7919,81.3390,9791769
2024-02-22,84.8425,86.1501,83.7246,85.7508,17483015
2024-02-23,86.3896,86.6590,84.8924,85.8407,10212578
2024-02-26,89.5138,92.1789,88.7353,89.2942,28838946
2024-02-27,91.7197,92.5732,90.3223,91.6798,21430585
2024-02-28,90.2924,90.6218,89.1345,89.5438,14070315
2024-02-29,90.4770,90.6617,88.6555,90.4421,16891938
2024-03-01,91.7497,95.8810,91.7497,94.9737,23341445
2024-03-04,96.7504,97.1996,94.4424,95.5926,20712949
2024-03-05,94.0754,95.1883,93.1022,94.2950,12847111
2024-03-06,94.8739,96.2513,94.3825,95.3829,13116124
2024-03-07,98.7467,99.5053,97.2894,98.7966,24562492
2024-03-08,99.6949,101.6613,97.1397,97.4391,22133336
2024-03-11,95.7223,96.2813,93.3517,94.3349,15589962
2024-03-12,95.1534,97.3193,93.4665,97.2395,14949460
2024-03-13,95.1434,95.1633,92.9275,93.9855,16634088
2024-03-14,93.1271,93.2769,90.1327,91.2606,16593084
2024-03-15,92.3086,94.5245,91.8495,93.0772,28797472
2024-03-18,96.6406,96.9001,93.5164,93.6062,22827926
2024-03-19,92.4085,93.9855,90.8314,93.8258,21027286
2024-03-20,94.8140,96.5009,93.4166,96.0717,34530563
2024-03-21,113.1550,113.2897,108.5800,109.6465,89288003
2024-03-22,109.1075,111.1337,106.8564,110.0058,33942691
2024-03-25,110.0357,121.1850,109.9559,116.9130,55418864
2024-03-26,118.7795,122.2330,117.9510,118.5799,43715837
2024-03-27,119.0790,119.8895,116.8631,119.0290,26741280
2024-03-28,119.3350,119.5248,117.2468,117.7864,21047778
2024-04-01,119.0902,127.2679,118.8954,124.1907,43713247
2024-04-02,122.6021,123.5713,120.8137,122.6421,24481282
2024-04-03,122.0926,128.1672,121.2233,127.8975,38674551
2024-04-04,130.0655,130.4283,123.5413,123.9809,35621624
2024-04-05,124.2906,125.5795,121.0935,123.4714,23171309
2024-04-08,128.9415,129.5860,122.5022,122.8419,27839997
2024-04-09,124.7802,126.0291,121.1634,122.5222,19109365
2024-04-10,119.8945,124.3706,119.8246,122.0926,22161893
2024-04-11,122.7919,127.4479,121.9727,127.3979,21620804
2024-04-12,125.1399,125.8792,121.7229,122.4123,26298024
2024-04-15,123.5213,124.6703,120.5040,121.2633,17639751
2024-04-16,119.4249,122.4422,118.2559,121.6629,17303590
2024-04-17,121.9127,124.3106,116.0978,116.2277,25090239
2024-04-18,115.8980,117.5116,111.3820,111.8316,31042024
2024-04-19,109.5636,110.7825,105.6271,106.6761,33553204
2024-04-22,107.5054,110.1331,106.5363,109.0241,18921111
2024-04-23,109.6135,112.7908,108.8142,112.3611,17576789
2024-04-24,112.6209,113.8498,109.1340,111.6817,19824153
2024-04-25,109.2766,112.9601,107.9750,111.4819,17452358
2024-04-26,111.9015,114.9588,111.5019,114.7390,19875363
2024-04-29,113.7099,114.6491,112.0114,114.2595,13218054
2024-04-30,114.0796,116.1778,112.8307,112.8607,14053419
2024-05-01,110.4228,113.6300,108.6544,109.6036,15914570
2024-05-02,111.6418,112.3112,109.3338,112.2312,12892582
2024-05-03,114.9289,115.3785,113.3503,114.5992,14741850
2024-05-06,119.6747,121.2632,117.9162,120.0244,22115618
2024-05-07,120.0444,121.3033,119.0752,119.1052,12454259
2024-05-08,118.1980,120.3641,118.1161,119.2151,10840362
2024-05-09,119.2101,119.5248,117.3368,117.7064,10150255
2024-05-10,119.9345,121.7429,119.0752,121.1334,13887401
2024-05-13,122.8219,124.0009,121.5430,122.8919,16630013
2024-05-14,122.8819,124.9301,121.5660,124.7003,13258926
2024-05-15,126.1190,127.8375,125.3317,127.6976,13809051
2024-05-16,127.8175,130.0156,126.9383,127.7776,15762757
2024-05-17,128.2471,128.9166,124.7502,125.1798,12745654
2024-05-20,127.0132,130.9048,126.5287,128.8866,17803506
2024-05-21,124.0908,128.7067,123.1716,127.3879,15639035
2024-05-22,127.6777,127.7576,125.1299,126.1690,10733637
2024-05-23,131.6542,131.8340,124.5504,126.1590,20259564
2024-05-24,127.7076,130.2854,126.4887,129.3762,14048894
2024-05-28,131.6392,133.1828,129.1563,132.5534,14088188
2024-05-29,129.8857,132.9830,129.7858,131.4643,11096761
2024-05-30,130.1854,131.5542,125.5895,126.1790,12492088
2024-05-31,126.2389,127.2081,120.9036,124.8901,23956913
2024-06-03,128.0174,128.7267,125.0350,128.0573,16052833
2024-06-04,127.2380,127.7476,125.3097,126.5287,12888332
2024-06-05,128.6868,133.7523,127.5378,133.5924,20871797
2024-06-06,133.7223,134.0121,129.0664,129.9556,15452421
2024-06-07,130.0955,132.4235,129.5060,130.8249,11406647
2024-06-10,129.5960,135.5457,129.5960,134.7015,14628424
2024-06-11,135.2060,135.7306,131.6641,134.9513,14089880
2024-06-12,138.3882,141.5854,136.7097,140.6263,16823540
2024-06-13,142.6645,144.0932,140.1368,143.0142,15367666
2024-06-14,141.6753,142.3636,139.5273,141.2357,13970057
2024-06-17,145.4520,148.6192,142.0150,147.7000,23678143
2024-06-18,151.6066,157.3965,151.3768,153.3151,42192569
2024-06-20,156.8720,157.2716,142.7844,144.0632,40973990
2024-06-21,137.5290,142.4746,135.5807,139.4173,49867049
2024-06-24,142.3148,142.7044,137.7688,138.8878,31151123
2024-06-25,139.9469,141.0059,137.6289,140.9959,31160455
2024-06-26,142.9142,143.9433,139.4173,142.2348,47212004
2024-06-27,135.6706,137.2692,130.9648,132.1137,66405584
2024-06-28,132.7032,135.3009,130.6350,131.4144,37459967
2024-07-01,130.3853,131.9673,127.1570,131.4044,24682377
2024-07-02,129.7958,132.5933,129.3062,132.4734,19353750
2024-07-03,132.5434,136.6997,132.3136,136.6997,14507146
2024-07-05,136.6997,137.0094,130.7949,131.4843,29870552
2024-07-08,131.2950,133.2700,130.0900,130.6900,19528909
2024-07-09,131.7500,135.2100,130.8800,131.1400,20921264
2024-07-10,133.1050,136.5000,132.7000,136.3900,22002375
2024-07-11,136.3600,136.4300,130.0700,130.2300,24658208
2024-07-12,131.7500,134.4300,130.7200,133.5500,19692516
2024-07-15,133.9100,135.3500,130.0300,130.8700,19970160
2024-07-16,130.4200,130.9700,127.2400,127.4900,20673046
2024-07-17,122.5800,123.0300,119.2300,119.5000,31024435
2024-07-18,120.5000,121.6400,114.0900,117.4500,30369982
2024-07-19,116.6900,117.2124,113.8500,114.2600,17412383
2024-07-22,115.3600,115.5800,113.6400,115.2800,22907791
2024-07-23,115.1300,116.3350,113.8300,114.2500,14199162
2024-07-24,111.4700,114.0400,110.0000,110.2800,24893386
2024-07-25,106.8000,110.7000,105.0400,107.4500,28854472
2024-07-26,110.0000,110.6300,107.7800,109.4100,18386109
2024-07-29,110.5400,111.0299,107.1400,107.8500,13431080
2024-07-30,109.0000,109.2500,102.1700,102.5600,23356542
2024-07-31,109.8500,111.3399,107.7500,109.8200,25968072
2024-08-01,107.1800,107.8600,99.9500,101.5100,30261440
2024-08-02,97.1600,97.6900,91.0700,92.7000,36291326
2024-08-05,87.6300,92.2500,84.9100,90.4200,36837676
2024-08-06,89.2000,90.8600,87.1500,89.0000,26114143
2024-08-07,93.3800,93.5800,86.5800,86.8000,28780689
