Date,Open,High,Low,Close,Volume
1999-01-22,0.0402,0.0448,0.0356,0.0377,2147483647
1999-01-25,0.0407,0.0421,0.0377,0.0416,510480000
1999-01-26,0.0421,0.0429,0.0378,0.0384,343200000
1999-01-27,0.0385,0.0395,0.0363,0.0383,244368000
1999-01-28,0.0383,0.0385,0.0379,0.0381,227520000
1999-01-29,0.0381,0.0383,0.0363,0.0363,244032000
1999-02-01,0.0363,0.0373,0.0363,0.0371,154704000
1999-02-02,0.0363,0.0373,0.0331,0.0342,264096000
1999-02-03,0.0337,0.0354,0.0335,0.0349,75120000
1999-02-04,0.0354,0.0378,0.0349,0.0368,181920000
1999-02-05,0.0374,0.0383,0.0365,0.0379,136848000
1999-02-08,0.0381,0.0383,0.0366,0.0366,154080000
1999-02-09,0.0373,0.0376,0.0347,0.0352,86976000
1999-02-10,0.0352,0.0361,0.0342,0.0348,148224000
1999-02-11,0.0349,0.0392,0.0349,0.0378,132240000
1999-02-12,0.0383,0.0402,0.0383,0.0399,109728000
1999-02-16,0.0407,0.0423,0.0361,0.0402,211008000
1999-02-17,0.0392,0.0397,0.0373,0.0380,67728000
1999-02-18,0.0392,0.0397,0.0376,0.0386,70704000
1999-02-19,0.0383,0.0407,0.0378,0.0399,75360000
1999-02-22,0.0407,0.0411,0.0380,0.0402,205248000
1999-02-23,0.0411,0.0429,0.0387,0.0421,138096000
1999-02-24,0.0483,0.0502,0.0444,0.0454,612768000
1999-02-25,0.0473,0.0488,0.0433,0.0440,149136000
1999-02-26,0.0445,0.0459,0.0416,0.0420,172608000
1999-03-01,0.0430,0.0440,0.0402,0.0422,92160000
1999-03-02,0.0421,0.0423,0.0411,0.0419,55248000
1999-03-03,0.0421,0.0421,0.0387,0.0390,61392000
1999-03-04,0.0409,0.0411,0.0378,0.0381,57360000
1999-03-05,0.0385,0.0404,0.0385,0.0403,78768000
1999-03-08,0.0392,0.0421,0.0385,0.0409,75888000
1999-03-09,0.0408,0.0428,0.0408,0.0422,143184000
1999-03-10,0.0428,0.0428,0.0409,0.0415,235344000
1999-03-11,0.0408,0.0415,0.0397,0.0397,54288000
1999-03-12,0.0399,0.0399,0.0383,0.0390,90768000
1999-03-15,0.0399,0.0411,0.0397,0.0407,108816000
1999-03-16,0.0409,0.0414,0.0390,0.0393,79152000
1999-03-17,0.0397,0.0404,0.0386,0.0396,51360000
1999-03-18,0.0397,0.0407,0.0387,0.0401,46320000
1999-03-19,0.0399,0.0414,0.0399,0.0402,105312000
1999-03-22,0.0410,0.0411,0.0390,0.0390,36672000
1999-03-23,0.0392,0.0392,0.0359,0.0366,163968000
1999-03-24,0.0363,0.0366,0.0349,0.0363,60864000
1999-03-25,0.0362,0.0383,0.0361,0.0368,40320000
1999-03-26,0.0373,0.0402,0.0373,0.0401,88272000
1999-03-29,0.0412,0.0422,0.0405,0.0412,65952000
1999-03-30,0.0414,0.0417,0.0376,0.0378,69504000
1999-03-31,0.0390,0.0409,0.0372,0.0404,153600000
1999-04-01,0.0404,0.0407,0.0385,0.0392,30432000
1999-04-05,0.0387,0.0397,0.0378,0.0380,98640000
1999-04-06,0.0384,0.0385,0.0363,0.0371,69696000
1999-04-07,0.0373,0.0404,0.0371,0.0402,89280000
1999-04-08,0.0404,0.0421,0.0399,0.0409,130128000
1999-04-09,0.0411,0.0411,0.0399,0.0402,48624000
1999-04-12,0.0397,0.0397,0.0378,0.0385,33312000
1999-04-13,0.0392,0.0392,0.0363,0.0369,36144000
1999-04-14,0.0368,0.0377,0.0359,0.0359,48288000
1999-04-15,0.0368,0.0368,0.0359,0.0368,35856000
1999-04-16,0.0366,0.0386,0.0366,0.0380,38928000
1999-04-19,0.0385,0.0385,0.0359,0.0363,31296000
1999-04-20,0.0363,0.0378,0.0353,0.0356,67680000
1999-04-21,0.0356,0.0363,0.0354,0.0362,37488000
1999-04-22,0.0363,0.0363,0.0343,0.0347,227184000
1999-04-23,0.0346,0.0347,0.0328,0.0330,126048000
1999-04-26,0.0330,0.0335,0.0306,0.0313,123504000
1999-04-27,0.0320,0.0349,0.0316,0.0347,226944000
1999-04-28,0.0349,0.0349,0.0334,0.0344,120096000
1999-04-29,0.0346,0.0347,0.0337,0.0344,48144000
1999-04-30,0.0348,0.0363,0.0346,0.0349,99312000
1999-05-03,0.0353,0.0353,0.0342,0.0352,33840000
1999-05-04,0.0352,0.0352,0.0325,0.0332,96048000
1999-05-05,0.0335,0.0340,0.0316,0.0340,144576000
1999-05-06,0.0337,0.0344,0.0323,0.0333,35616000
1999-05-07,0.0323,0.0337,0.0323,0.0335,25008000
1999-05-10,0.0332,0.0342,0.0332,0.0335,19680000
1999-05-11,0.0349,0.0363,0.0342,0.0353,171744000
1999-05-12,0.0356,0.0365,0.0352,0.0363,168480000
1999-05-13,0.0363,0.0373,0.0362,0.0363,69936000
1999-05-14,0.0363,0.0363,0.0340,0.0344,28464000
1999-05-17,0.0340,0.0361,0.0338,0.0361,35760000
1999-05-18,0.0365,0.0383,0.0354,0.0378,151536000
1999-05-19,0.0395,0.0409,0.0355,0.0361,451728000
1999-05-20,0.0363,0.0363,0.0319,0.0332,178176000
1999-05-21,0.0328,0.0328,0.0316,0.0325,303504000
1999-05-24,0.0328,0.0335,0.0319,0.0324,162624000
1999-05-25,0.0325,0.0330,0.0323,0.0326,130080000
1999-05-26,0.0325,0.0342,0.0325,0.0325,104736000
1999-05-27,0.0328,0.0328,0.0323,0.0323,82320000
1999-05-28,0.0328,0.0328,0.0323,0.0326,88656000
1999-06-01,0.0325,0.0328,0.0320,0.0328,98544000
1999-06-02,0.0328,0.0328,0.0316,0.0316,130128000
1999-06-03,0.0324,0.0326,0.0320,0.0324,41568000
1999-06-04,0.0326,0.0328,0.0324,0.0326,78912000
1999-06-07,0.0328,0.0335,0.0328,0.0330,125136000
1999-06-08,0.0331,0.0344,0.0330,0.0338,153312000
1999-06-09,0.0340,0.0352,0.0340,0.0344,95184000
1999-06-10,0.0344,0.0347,0.0342,0.0346,36096000
1999-06-11,0.0346,0.0347,0.0326,0.0340,61008000
1999-06-14,0.0339,0.0340,0.0323,0.0325,51648000
1999-06-15,0.0325,0.0328,0.0320,0.0325,49296000
1999-06-16,0.0330,0.0344,0.0325,0.0335,64416000
1999-06-17,0.0332,0.0337,0.0325,0.0325,74928000
1999-06-18,0.0328,0.0328,0.0313,0.0313,158736000
1999-06-21,0.0323,0.0330,0.0314,0.0330,83472000
1999-06-22,0.0330,0.0330,0.0317,0.0324,193056000
1999-06-23,0.0320,0.0330,0.0317,0.0330,210912000
1999-06-24,0.0332,0.0332,0.0320,0.0323,115200000
1999-06-25,0.0320,0.0331,0.0320,0.0328,73536000
1999-06-28,0.0338,0.0338,0.0325,0.0332,109152000
1999-06-29,0.0337,0.0341,0.0332,0.0336,92688000
1999-06-30,0.0347,0.0366,0.0340,0.0366,269232000
1999-07-01,0.0366,0.0366,0.0328,0.0347,88992000
1999-07-02,0.0352,0.0372,0.0344,0.0372,224880000
1999-07-06,0.0376,0.0376,0.0368,0.0373,198096000
1999-07-07,0.0376,0.0376,0.0366,0.0366,63120000
1999-07-08,0.0368,0.0380,0.0356,0.0374,186048000
1999-07-09,0.0373,0.0409,0.0373,0.0406,211728000
1999-07-12,0.0430,0.0442,0.0414,0.0425,401040000
1999-07-13,0.0429,0.0432,0.0407,0.0426,138864000
1999-07-14,0.0426,0.0435,0.0407,0.0409,137952000
1999-07-15,0.0412,0.0426,0.0411,0.0411,137040000
1999-07-16,0.0419,0.0423,0.0411,0.0420,103872000
1999-07-19,0.0421,0.0422,0.0407,0.0409,43632000
1999-07-20,0.0409,0.0409,0.0387,0.0402,178752000
1999-07-21,0.0397,0.0397,0.0378,0.0390,112080000
1999-07-22,0.0387,0.0387,0.0368,0.0372,213264000
1999-07-23,0.0371,0.0383,0.0371,0.0372,80256000
1999-07-26,0.0381,0.0381,0.0373,0.0373,60528000
1999-07-27,0.0373,0.0376,0.0368,0.0374,98592000
1999-07-28,0.0373,0.0385,0.0372,0.0380,244224000
1999-07-29,0.0373,0.0385,0.0371,0.0384,388800000
1999-07-30,0.0384,0.0395,0.0383,0.0385,452304000
1999-08-02,0.0385,0.0390,0.0383,0.0389,313344000
1999-08-03,0.0389,0.0389,0.0376,0.0379,255216000
1999-08-04,0.0381,0.0383,0.0378,0.0379,89952000
1999-08-05,0.0379,0.0385,0.0373,0.0385,240576000
1999-08-06,0.0384,0.0386,0.0383,0.0385,183984000
1999-08-09,0.0379,0.0390,0.0378,0.0385,31056000
1999-08-10,0.0387,0.0409,0.0385,0.0392,212064000
1999-08-11,0.0399,0.0423,0.0395,0.0419,197712000
1999-08-12,0.0421,0.0450,0.0419,0.0439,239616000
1999-08-13,0.0435,0.0444,0.0430,0.0434,84672000
1999-08-16,0.0438,0.0438,0.0403,0.0417,223440000
1999-08-17,0.0419,0.0426,0.0408,0.0419,193536000
1999-08-18,0.0414,0.0433,0.0405,0.0428,279888000
1999-08-19,0.0458,0.0543,0.0442,0.0524,1966992000
1999-08-20,0.0520,0.0524,0.0495,0.0514,353088000
1999-08-23,0.0507,0.0507,0.0466,0.0483,507984000
1999-08-24,0.0476,0.0486,0.0452,0.0479,398064000
1999-08-25,0.0482,0.0487,0.0459,0.0478,350352000
1999-08-26,0.0478,0.0486,0.0464,0.0471,275376000
1999-08-27,0.0481,0.0517,0.0478,0.0497,552384000
1999-08-30,0.0506,0.0515,0.0475,0.0496,158640000
1999-08-31,0.0497,0.0540,0.0488,0.0538,786864000
1999-09-01,0.0538,0.0538,0.0505,0.0513,565344000
1999-09-02,0.0496,0.0509,0.0486,0.0507,341088000
1999-09-03,0.0517,0.0524,0.0507,0.0511,258864000
1999-09-07,0.0519,0.0519,0.0506,0.0508,124416000
1999-09-08,0.0509,0.0513,0.0507,0.0507,170064000
1999-09-09,0.0512,0.0515,0.0490,0.0500,209472000
1999-09-10,0.0508,0.0514,0.0505,0.0507,167424000
1999-09-13,0.0509,0.0509,0.0486,0.0490,174432000
1999-09-14,0.0490,0.0490,0.0473,0.0476,250368000
1999-09-15,0.0470,0.0486,0.0466,0.0479,212736000
1999-09-16,0.0473,0.0478,0.0462,0.0468,158112000
1999-09-17,0.0465,0.0469,0.0450,0.0466,171648000
1999-09-20,0.0458,0.0464,0.0450,0.0450,229104000
1999-09-21,0.0440,0.0442,0.0401,0.0407,737328000
1999-09-22,0.0407,0.0419,0.0383,0.0416,375984000
1999-09-23,0.0417,0.0419,0.0378,0.0381,379584000
1999-09-24,0.0383,0.0392,0.0320,0.0347,684912000
1999-09-27,0.0369,0.0376,0.0347,0.0368,432000000
1999-09-28,0.0369,0.0407,0.0368,0.0402,413184000
1999-09-29,0.0410,0.0426,0.0363,0.0369,594048000
1999-09-30,0.0383,0.0395,0.0363,0.0368,342528000
1999-10-01,0.0362,0.0376,0.0347,0.0366,347760000
1999-10-04,0.0378,0.0379,0.0368,0.0373,177600000
1999-10-05,0.0373,0.0411,0.0373,0.0409,478080000
1999-10-06,0.0410,0.0478,0.0407,0.0458,1508736000
1999-10-07,0.0477,0.0477,0.0426,0.0428,487296000
1999-10-08,0.0428,0.0463,0.0411,0.0450,398928000
1999-10-11,0.0453,0.0454,0.0426,0.0438,544464000
1999-10-12,0.0440,0.0445,0.0430,0.0432,322992000
1999-10-13,0.0427,0.0427,0.0411,0.0420,280368000
1999-10-14,0.0421,0.0421,0.0407,0.0411,192336000
1999-10-15,0.0391,0.0411,0.0390,0.0409,210720000
1999-10-18,0.0410,0.0410,0.0385,0.0387,215184000
1999-10-19,0.0399,0.0399,0.0365,0.0372,308928000
1999-10-20,0.0378,0.0390,0.0372,0.0385,348720000
1999-10-21,0.0384,0.0403,0.0373,0.0403,382128000
1999-10-22,0.0402,0.0425,0.0402,0.0412,286752000
1999-10-25,0.0410,0.0416,0.0392,0.0392,213840000
1999-10-26,0.0409,0.0445,0.0407,0.0430,481248000
1999-10-27,0.0433,0.0435,0.0404,0.0411,214128000
1999-10-28,0.0414,0.0421,0.0390,0.0392,222768000
1999-10-29,0.0397,0.0430,0.0395,0.0423,330528000
1999-11-01,0.0416,0.0466,0.0416,0.0450,782544000
1999-11-02,0.0458,0.0481,0.0454,0.0478,837504000
1999-11-03,0.0497,0.0538,0.0494,0.0525,2011680000
1999-11-04,0.0531,0.0573,0.0531,0.0558,1260336000
1999-11-05,0.0574,0.0579,0.0514,0.0540,616368000
1999-11-08,0.0524,0.0572,0.0507,0.0556,470016000
1999-11-09,0.0555,0.0557,0.0526,0.0548,272352000
1999-11-10,0.0549,0.0550,0.0532,0.0543,144048000
1999-11-11,0.0543,0.0610,0.0531,0.0581,562704000
1999-11-12,0.0606,0.0612,0.0572,0.0612,501504000
1999-11-15,0.0616,0.0635,0.0591,0.0600,362208000
1999-11-16,0.0615,0.0670,0.0612,0.0658,723792000
1999-11-17,0.0670,0.0717,0.0660,0.0683,786384000
1999-11-18,0.0697,0.0703,0.0679,0.0685,235968000
1999-11-19,0.0768,0.0849,0.0765,0.0820,2147483647
1999-11-22,0.0841,0.0842,0.0770,0.0819,540192000
1999-11-23,0.0732,0.0769,0.0727,0.0760,553248000
1999-11-24,0.0757,0.0765,0.0680,0.0737,406848000
1999-11-26,0.0729,0.0737,0.0708,0.0732,71760000
1999-11-29,0.0729,0.0739,0.0689,0.0706,298608000
1999-11-30,0.0708,0.0720,0.0663,0.0663,314688000
1999-12-01,0.0663,0.0706,0.0663,0.0696,223536000
1999-12-02,0.0698,0.0757,0.0698,0.0747,309888000
1999-12-03,0.0755,0.0768,0.0720,0.0729,342768000
1999-12-06,0.0732,0.0753,0.0732,0.0750,178608000
1999-12-07,0.0756,0.0757,0.0696,0.0725,186384000
1999-12-08,0.0722,0.0764,0.0720,0.0757,201696000
1999-12-09,0.0756,0.0775,0.0708,0.0734,214944000
1999-12-10,0.0747,0.0751,0.0713,0.0726,98304000
1999-12-13,0.0717,0.0742,0.0708,0.0723,183840000
1999-12-14,0.0725,0.0742,0.0704,0.0711,273888000
1999-12-15,0.0707,0.0710,0.0672,0.0689,205968000
1999-12-16,0.0692,0.0703,0.0682,0.0684,132576000
1999-12-17,0.0703,0.0731,0.0699,0.0720,262080000
1999-12-20,0.0721,0.0787,0.0696,0.0780,402432000
1999-12-21,0.0780,0.0814,0.0751,0.0813,388368000
1999-12-22,0.0816,0.0842,0.0784,0.0832,251184000
1999-12-23,0.0833,0.0890,0.0830,0.0887,280224000
1999-12-27,0.0906,0.0908,0.0844,0.0854,202416000
1999-12-28,0.0854,0.0885,0.0849,0.0851,179184000
1999-12-29,0.0850,0.0890,0.0849,0.0880,132144000
1999-12-30,0.0880,0.0893,0.0866,0.0887,139776000
1999-12-31,0.0885,0.0899,0.0883,0.0898,127344000
2000-01-03,0.0904,0.0911,0.0866,0.0896,300912000
2000-01-04,0.0880,0.0883,0.0827,0.0872,300480000
2000-01-05,0.0847,0.0861,0.0837,0.0845,188352000
2000-01-06,0.0843,0.0843,0.0756,0.0788,120480000
2000-01-07,0.0784,0.0809,0.0773,0.0801,71184000
2000-01-10,0.0804,0.0861,0.0789,0.0827,239856000
2000-01-11,0.0823,0.0832,0.0794,0.0794,148128000
2000-01-12,0.0794,0.0795,0.0763,0.0774,123552000
2000-01-13,0.0773,0.0813,0.0763,0.0806,132192000
2000-01-14,0.0818,0.0874,0.0816,0.0841,604560000
2000-01-18,0.0851,0.0880,0.0813,0.0876,261648000
2000-01-19,0.0880,0.0880,0.0861,0.0868,164688000
2000-01-20,0.0875,0.0923,0.0859,0.0866,179568000
2000-01-21,0.0863,0.0867,0.0835,0.0856,544272000
2000-01-24,0.0884,0.0884,0.0813,0.0818,256944000
2000-01-25,0.0821,0.0830,0.0784,0.0811,237120000
2000-01-26,0.0811,0.0832,0.0763,0.0777,232464000
2000-01-27,0.0783,0.0783,0.0708,0.0737,458208000
2000-01-28,0.0727,0.0732,0.0686,0.0715,194448000
2000-01-31,0.0719,0.0734,0.0670,0.0709,182400000
2000-02-01,0.0710,0.0732,0.0684,0.0726,92976000
2000-02-02,0.0729,0.0760,0.0726,0.0746,149040000
2000-02-03,0.0770,0.0786,0.0753,0.0758,108240000
2000-02-04,0.0782,0.0782,0.0760,0.0776,123696000
2000-02-07,0.0780,0.0780,0.0727,0.0728,217488000
2000-02-08,0.0746,0.0789,0.0727,0.0763,468816000
2000-02-09,0.0792,0.0805,0.0781,0.0782,589056000
2000-02-10,0.0830,0.0957,0.0830,0.0942,970080000
2000-02-11,0.0989,0.0990,0.0887,0.0957,423792000
2000-02-14,0.0959,0.1110,0.0949,0.1110,650112000
2000-02-15,0.1112,0.1113,0.1021,0.1067,450480000
2000-02-16,0.1079,0.1153,0.1067,0.1116,1019568000
2000-02-17,0.1110,0.1162,0.1100,0.1155,535776000
2000-02-18,0.1138,0.1306,0.1130,0.1289,960864000
2000-02-22,0.1248,0.1265,0.1205,0.1253,542496000
2000-02-23,0.1239,0.1273,0.1223,0.1260,511392000
2000-02-24,0.1267,0.1276,0.1196,0.1248,244320000
2000-02-25,0.1249,0.1249,0.1119,0.1171,278736000
2000-02-28,0.1165,0.1177,0.1143,0.1162,517872000
2000-02-29,0.1155,0.1239,0.1155,0.1224,306048000
2000-03-01,0.1224,0.1224,0.1169,0.1189,383568000
2000-03-02,0.1198,0.1198,0.1105,0.1108,191040000
2000-03-03,0.1110,0.1138,0.1100,0.1126,273696000
2000-03-06,0.1134,0.1220,0.1110,0.1119,432096000
2000-03-07,0.1430,0.1669,0.1373,0.1594,1952208000
2000-03-08,0.1593,0.1621,0.1478,0.1607,668736000
2000-03-09,0.1626,0.2066,0.1621,0.1919,952944000
2000-03-10,0.2018,0.2774,0.2007,0.2257,2147483647
2000-03-13,0.2047,0.2870,0.2047,0.2856,2147483647
2000-03-14,0.2839,0.2839,0.2066,0.2106,1567776000
2000-03-15,0.2257,0.2317,0.1951,0.2020,995616000
2000-03-16,0.2085,0.2158,0.1772,0.1802,750384000
2000-03-17,0.1760,0.2047,0.1760,0.1911,557616000
2000-03-20,0.1978,0.2049,0.1849,0.1909,365280000
2000-03-21,0.1913,0.1930,0.1664,0.1815,536640000
2000-03-22,0.1829,0.1884,0.1798,0.1828,230592000
2000-03-23,0.1812,0.1961,0.1808,0.1860,309408000
2000-03-24,0.1848,0.1932,0.1722,0.1783,231600000
2000-03-27,0.1779,0.1837,0.1650,0.1666,388944000
2000-03-28,0.1608,0.1626,0.1511,0.1541,393312000
2000-03-29,0.1547,0.1583,0.1377,0.1440,469440000
2000-03-30,0.1397,0.1564,0.1349,0.1431,361920000
2000-03-31,0.1529,0.1681,0.1502,0.1616,962976000
2000-04-03,0.1602,0.1607,0.1448,0.1490,329952000
2000-04-04,0.1559,0.1595,0.1090,0.1435,513792000
2000-04-05,0.1449,0.1865,0.1375,0.1754,639600000
2000-04-06,0.1835,0.1928,0.1748,0.1835,404592000
2000-04-07,0.1898,0.2009,0.1846,0.1963,318576000
2000-04-10,0.1995,0.2112,0.1752,0.1789,395280000
2000-04-11,0.1664,0.1817,0.1530,0.1682,457584000
2000-04-12,0.1685,0.1722,0.1502,0.1508,313440000
2000-04-13,0.1520,0.1574,0.1418,0.1443,313296000
2000-04-14,0.1351,0.1455,0.1253,0.1316,421920000
2000-04-17,0.1205,0.1435,0.1205,0.1383,294096000
2000-04-18,0.1523,0.1717,0.1478,0.1629,477504000
2000-04-19,0.1680,0.1703,0.1530,0.1551,278352000
2000-04-20,0.1593,0.1622,0.1521,0.1543,153936000
2000-04-24,0.1454,0.1519,0.1389,0.1466,205968000
2000-04-25,0.1532,0.1674,0.1528,0.1626,249696000
2000-04-26,0.1740,0.1779,0.1607,0.1609,254112000
2000-04-27,0.1502,0.1758,0.1493,0.1741,280992000
2000-04-28,0.1768,0.1837,0.1705,0.1705,179040000
2000-05-01,0.1770,0.1808,0.1718,0.1760,119424000
2000-05-02,0.1760,0.1863,0.1643,0.1692,234000000
2000-05-03,0.1681,0.1736,0.1530,0.1664,329184000
2000-05-04,0.1661,0.1755,0.1646,0.1685,241200000
2000-05-05,0.1678,0.1803,0.1655,0.1763,170592000
2000-05-08,0.1717,0.1779,0.1696,0.1698,185136000
2000-05-09,0.1727,0.1741,0.1626,0.1674,176832000
2000-05-10,0.1657,0.1658,0.1495,0.1509,274080000
2000-05-11,0.1530,0.1601,0.1510,0.1574,245904000
2000-05-12,0.1617,0.1703,0.1526,0.1526,187824000
2000-05-15,0.1519,0.1657,0.1444,0.1631,282096000
2000-05-16,0.1703,0.1850,0.1684,0.1798,366432000
2000-05-17,0.1894,0.2192,0.1893,0.2114,1290624000
2000-05-18,0.2125,0.2160,0.1957,0.1970,509904000
2000-05-19,0.1913,0.2018,0.1899,0.1953,521184000
2000-05-22,0.1932,0.2081,0.1761,0.2081,517152000
2000-05-23,0.2028,0.2256,0.1995,0.2064,778560000
2000-05-24,0.2062,0.2095,0.1765,0.2037,739632000
2000-05-25,0.2068,0.2190,0.1984,0.2009,569184000
2000-05-26,0.2018,0.2074,0.1894,0.2018,183456000
2000-05-30,0.2074,0.2154,0.2064,0.2102,303648000
2000-05-31,0.2095,0.2219,0.2095,0.2158,469536000
2000-06-01,0.2248,0.2269,0.2189,0.2244,418992000
2000-06-02,0.2292,0.2544,0.2292,0.2518,592176000
2000-06-05,0.2514,0.2697,0.2412,0.2571,491904000
2000-06-06,0.2581,0.2676,0.2430,0.2443,375888000
2000-06-07,0.2426,0.2445,0.2298,0.2334,332352000
2000-06-08,0.2393,0.2397,0.2257,0.2351,460704000
2000-06-09,0.2397,0.2525,0.2361,0.2418,467280000
2000-06-12,0.2430,0.2451,0.2301,0.2355,380016000
2000-06-13,0.2288,0.2430,0.2277,0.2428,447840000
2000-06-14,0.2474,0.2487,0.2393,0.2426,275088000
2000-06-15,0.2418,0.2489,0.2288,0.2489,338592000
2000-06-16,0.2481,0.2870,0.2479,0.2866,987840000
2000-06-19,0.2858,0.3277,0.2785,0.3044,1052160000
2000-06-20,0.3097,0.3134,0.2965,0.3004,610272000
2000-06-21,0.2958,0.3367,0.2958,0.3308,614880000
2000-06-22,0.3294,0.3363,0.3097,0.3128,614352000
2000-06-23,0.3044,0.3082,0.2831,0.2833,607392000
2000-06-26,0.2889,0.3193,0.2843,0.3174,618288000
2000-06-27,0.3147,0.3200,0.2642,0.2726,302304000
2000-06-28,0.2784,0.2889,0.2544,0.2621,586608000
2000-06-29,0.2575,0.2575,0.2200,0.2243,1184880000
2000-06-30,0.2349,0.2473,0.2234,0.2432,1209192000
2000-07-03,0.2449,0.2525,0.2315,0.2339,232680000
2000-07-05,0.2329,0.2334,0.2018,0.2088,777936000
2000-07-06,0.2090,0.2291,0.2040,0.2215,603936000
2000-07-07,0.2296,0.2334,0.2181,0.2226,346560000
2000-07-10,0.2188,0.2396,0.2167,0.2341,351264000
2000-07-11,0.2310,0.2650,0.2284,0.2530,755304000
2000-07-12,0.2635,0.2733,0.2552,0.2602,388152000
2000-07-13,0.2657,0.2860,0.2652,0.2846,458736000
2000-07-14,0.2903,0.2958,0.2755,0.2824,280200000
2000-07-17,0.2867,0.2870,0.2784,0.2793,105552000
2000-07-18,0.2640,0.2870,0.2640,0.2738,183672000
2000-07-19,0.2640,0.2659,0.2508,0.2564,189504000
2000-07-20,0.2561,0.2697,0.2554,0.2633,142992000
2000-07-21,0.2640,0.2717,0.2602,0.2666,251928000
2000-07-24,0.2669,0.2688,0.2334,0.2382,281112000
2000-07-25,0.2477,0.2497,0.2344,0.2349,335304000
2000-07-26,0.2349,0.2349,0.2109,0.2174,380064000
2000-07-27,0.2104,0.2133,0.1990,0.2018,331560000
2000-07-28,0.2028,0.2217,0.1913,0.2066,512664000
2000-07-31,0.2181,0.2301,0.2066,0.2296,371232000
2000-08-01,0.2296,0.2315,0.2234,0.2250,350616000
2000-08-02,0.2219,0.2333,0.2183,0.2296,345432000
2000-08-03,0.2066,0.2449,0.2066,0.2396,368664000
2000-08-04,0.2454,0.2487,0.2401,0.2439,194784000
2000-08-07,0.2456,0.2652,0.2446,0.2631,246936000
2000-08-08,0.2573,0.2717,0.2564,0.2573,128112000
2000-08-09,0.2607,0.2623,0.2461,0.2497,136248000
2000-08-10,0.2439,0.2583,0.2391,0.2525,156432000
2000-08-11,0.2530,0.2549,0.2349,0.2466,131928000
2000-08-14,0.2497,0.2521,0.2411,0.2489,108576000
2000-08-15,0.2502,0.2774,0.2494,0.2724,443328000
2000-08-16,0.2872,0.2872,0.2760,0.2793,266232000
2000-08-17,0.2755,0.2860,0.2745,0.2846,129816000
2000-08-18,0.2834,0.2980,0.2829,0.2946,204720000
2000-08-21,0.3054,0.3106,0.2946,0.2992,464472000
2000-08-22,0.2836,0.2898,0.2683,0.2709,658872000
2000-08-23,0.2666,0.2872,0.2611,0.2867,352800000
2000-08-24,0.2851,0.2973,0.2798,0.2944,332616000
2000-08-25,0.2913,0.2975,0.2855,0.2870,153048000
2000-08-28,0.2884,0.3023,0.2851,0.2984,189264000
2000-08-29,0.2996,0.3004,0.2946,0.2977,149376000
2000-08-30,0.2944,0.3044,0.2913,0.3004,178080000
2000-08-31,0.3049,0.3157,0.2989,0.3037,388896000
2000-09-01,0.3099,0.3128,0.3009,0.3042,204144000
2000-09-05,0.3114,0.3116,0.3025,0.3047,246144000
2000-09-06,0.3059,0.3059,0.2812,0.2836,230136000
2000-09-07,0.2879,0.2994,0.2760,0.2989,239760000
2000-09-08,0.2956,0.3023,0.2803,0.2812,222648000
2000-09-11,0.2776,0.2793,0.2592,0.2697,285888000
2000-09-12,0.2700,0.2841,0.2640,0.2681,125976000
2000-09-13,0.2674,0.2724,0.2616,0.2679,239976000
2000-09-14,0.2693,0.2812,0.2621,0.2655,216336000
2000-09-15,0.2640,0.2750,0.2621,0.2712,242592000
2000-09-18,0.2719,0.2736,0.2525,0.2554,163488000
2000-09-19,0.2437,0.2640,0.2411,0.2633,301104000
2000-09-20,0.2561,0.2611,0.2506,0.2547,227568000
2000-09-21,0.2566,0.2714,0.2564,0.2656,346824000
2000-09-22,0.2394,0.2736,0.2391,0.2702,387264000
2000-09-25,0.2786,0.2937,0.2764,0.2896,467568000
2000-09-26,0.2927,0.2999,0.2793,0.2965,337344000
2000-09-27,0.2942,0.3267,0.2942,0.3128,676128000
2000-09-28,0.3099,0.3243,0.3023,0.3224,333816000
2000-09-29,0.3133,0.3243,0.3080,0.3133,373872000
2000-10-02,0.3176,0.3300,0.2980,0.3059,340584000
2000-10-03,0.3075,0.3099,0.2870,0.2894,300264000
2000-10-04,0.2817,0.2908,0.2779,0.2860,419568000
2000-10-05,0.2882,0.2882,0.2733,0.2793,525048000
2000-10-06,0.2800,0.2820,0.2580,0.2619,1027176000
2000-10-09,0.2552,0.2717,0.2372,0.2676,665256000
2000-10-10,0.2564,0.2693,0.2449,0.2473,415944000
2000-10-11,0.2322,0.2631,0.2229,0.2494,535776000
2000-10-12,0.2549,0.2697,0.2372,0.2396,401616000
2000-10-13,0.2413,0.2564,0.2387,0.2492,578976000
2000-10-16,0.2492,0.2492,0.2377,0.2435,339216000
2000-10-17,0.2425,0.2435,0.2231,0.2257,463248000
2000-10-18,0.2112,0.2351,0.2011,0.2221,416952000
2000-10-19,0.2365,0.2468,0.2329,0.2437,294888000
2000-10-20,0.2380,0.2726,0.2363,0.2664,387360000
2000-10-23,0.2686,0.2702,0.2521,0.2604,182112000
2000-10-24,0.2592,0.2635,0.2511,0.2521,193968000
2000-10-25,0.2451,0.2487,0.2284,0.2301,385512000
2000-10-26,0.2315,0.2487,0.2152,0.2399,265776000
2000-10-27,0.2401,0.2460,0.2257,0.2344,210960000
2000-10-30,0.2305,0.2357,0.2176,0.2179,192120000
2000-10-31,0.2265,0.2415,0.2195,0.2378,299256000
2000-11-01,0.2320,0.2411,0.2238,0.2377,304536000
2000-11-02,0.2461,0.2621,0.2420,0.2559,192888000
2000-11-03,0.2525,0.2774,0.2506,0.2726,268632000
2000-11-06,0.2791,0.3061,0.2774,0.2937,635040000
2000-11-07,0.2889,0.2889,0.2640,0.2738,258240000
2000-11-08,0.2769,0.2769,0.2616,0.2657,187080000
2000-11-09,0.2497,0.2621,0.2262,0.2380,564528000
2000-11-10,0.2461,0.2583,0.2190,0.2250,805248000
2000-11-13,0.2138,0.2506,0.2066,0.2260,530040000
2000-11-14,0.2411,0.2693,0.2391,0.2674,470736000
2000-11-15,0.2626,0.2709,0.2518,0.2638,423864000
2000-11-16,0.2564,0.2631,0.2449,0.2473,235536000
2000-11-17,0.2492,0.2619,0.2344,0.2425,178776000
2000-11-20,0.2335,0.2336,0.2212,0.2238,298752000
2000-11-21,0.2334,0.2353,0.2081,0.2195,382512000
2000-11-22,0.2104,0.2171,0.1990,0.2081,409752000
2000-11-24,0.2104,0.2282,0.2104,0.2200,165072000
2000-11-27,0.2358,0.2372,0.2038,0.2126,363864000
2000-11-28,0.2158,0.2181,0.1920,0.1967,382344000
2000-11-29,0.1997,0.1999,0.1698,0.1846,636408000
2000-11-30,0.1689,0.1689,0.1392,0.1550,981624000
2000-12-01,0.1645,0.1865,0.1636,0.1703,784080000
2000-12-04,0.1713,0.1770,0.1597,0.1729,474264000
2000-12-05,0.1851,0.1918,0.1679,0.1842,997224000
2000-12-06,0.1806,0.1856,0.1569,0.1578,950928000
2000-12-07,0.1502,0.1633,0.1421,0.1550,785184000
2000-12-08,0.1710,0.1913,0.1550,0.1904,853392000
2000-12-11,0.1842,0.1942,0.1794,0.1904,757632000
2000-12-12,0.1856,0.1889,0.1789,0.1851,409512000
2000-12-13,0.1844,0.1875,0.1674,0.1708,675072000
2000-12-14,0.1695,0.1710,0.1550,0.1590,569016000
2000-12-15,0.1490,0.1583,0.1425,0.1433,1094424000
2000-12-18,0.1492,0.1530,0.1459,0.1480,658872000
2000-12-19,0.1502,0.1636,0.1339,0.1368,946200000
2000-12-20,0.1299,0.1488,0.1153,0.1220,1105392000
2000-12-21,0.1203,0.1368,0.1052,0.1067,845256000
2000-12-22,0.1153,0.1464,0.1153,0.1341,949080000
2000-12-26,0.1358,0.1373,0.1201,0.1287,343824000
2000-12-27,0.1272,0.1425,0.1220,0.1373,339456000
2000-12-28,0.1318,0.1416,0.1296,0.1380,419232000
2000-12-29,0.1377,0.1423,0.1224,0.1254,495168000
2001-01-02,0.1263,0.1279,0.1141,0.1146,290808000
2001-01-03,0.1110,0.1509,0.1081,0.1497,910368000
2001-01-04,0.1471,0.1708,0.1430,0.1669,815448000
2001-01-05,0.1655,0.1662,0.1387,0.1419,432768000
2001-01-08,0.1380,0.1617,0.1380,0.1555,573768000
2001-01-09,0.1576,0.1617,0.1499,0.1586,302904000
2001-01-10,0.1504,0.1703,0.1468,0.1695,392928000
2001-01-11,0.1655,0.1909,0.1626,0.1837,447648000
2001-01-12,0.1868,0.1980,0.1779,0.1798,669000000
2001-01-16,0.1808,0.1808,0.1628,0.1657,414984000
2001-01-17,0.1784,0.1837,0.1710,0.1717,592584000
2001-01-18,0.1717,0.2095,0.1679,0.2046,948168000
2001-01-19,0.2104,0.2181,0.1961,0.1992,1018704000
2001-01-22,0.1932,0.2009,0.1858,0.1913,377712000
2001-01-23,0.1889,0.2143,0.1880,0.2104,433632000
2001-01-24,0.2102,0.2124,0.1973,0.2095,451728000
2001-01-25,0.2023,0.2028,0.1842,0.1884,440016000
2001-01-26,0.1779,0.1967,0.1766,0.1944,259248000
2001-01-29,0.1884,0.1956,0.1817,0.1954,354168000
2001-01-30,0.1985,0.2039,0.1947,0.1997,243720000
2001-01-31,0.1999,0.2076,0.1932,0.1975,358344000
2001-02-01,0.1975,0.1999,0.1889,0.1985,371856000
2001-02-02,0.1987,0.2033,0.1779,0.1794,320520000
2001-02-05,0.1791,0.1803,0.1686,0.1791,367584000
2001-02-06,0.1758,0.1837,0.1754,0.1801,250440000
2001-02-07,0.1789,0.1803,0.1622,0.1717,720384000
2001-02-08,0.1727,0.1825,0.1700,0.1708,384288000
2001-02-09,0.1693,0.1705,0.1633,0.1695,259608000
2001-02-12,0.1676,0.1695,0.1569,0.1650,354336000
2001-02-13,0.1681,0.1779,0.1662,0.1700,467736000
2001-02-14,0.1679,0.1875,0.1607,0.1825,690888000
2001-02-15,0.2076,0.2195,0.2062,0.2160,1108512000
2001-02-16,0.2049,0.2334,0.2047,0.2277,1081176000
2001-02-20,0.2219,0.2267,0.2047,0.2049,701304000
2001-02-21,0.1973,0.2229,0.1951,0.2143,646512000
2001-02-22,0.2131,0.2296,0.2066,0.2234,815304000
2001-02-23,0.2221,0.2257,0.2009,0.2079,1034664000
2001-02-26,0.2018,0.2076,0.1944,0.2033,751824000
2001-02-27,0.1982,0.2062,0.1899,0.1911,533832000
2001-02-28,0.1896,0.2009,0.1674,0.1710,784056000
2001-03-01,0.1689,0.1875,0.1530,0.1845,915288000
2001-03-02,0.1712,0.1834,0.1645,0.1667,1413504000
2001-03-05,0.1602,0.1727,0.1593,0.1684,742296000
2001-03-06,0.1770,0.1906,0.1740,0.1846,834408000
2001-03-07,0.1887,0.1999,0.1853,0.1995,938280000
2001-03-08,0.1937,0.2083,0.1937,0.2062,829344000
2001-03-09,0.1954,0.1963,0.1736,0.1915,1216776000
2001-03-12,0.1851,0.1937,0.1765,0.1846,762144000
2001-03-13,0.1870,0.2095,0.1861,0.2066,1082352000
2001-03-14,0.1973,0.2190,0.1973,0.2183,1351128000
2001-03-15,0.2317,0.2438,0.2234,0.2291,1875984000
2001-03-16,0.2255,0.2344,0.2188,0.2282,1225200000
2001-03-19,0.2269,0.2430,0.2146,0.2413,943896000
2001-03-20,0.2384,0.2535,0.2162,0.2188,1990560000
2001-03-21,0.2193,0.2415,0.2181,0.2351,1877352000
2001-03-22,0.2372,0.2597,0.2353,0.2588,1697760000
2001-03-23,0.2635,0.2683,0.2435,0.2564,1509672000
2001-03-26,0.2564,0.2717,0.2564,0.2702,1542960000
2001-03-27,0.2650,0.2743,0.2492,0.2604,1702152000
2001-03-28,0.2533,0.2674,0.2525,0.2606,1433280000
2001-03-29,0.2583,0.2736,0.2530,0.2645,1632960000
2001-03-30,0.2626,0.2676,0.2468,0.2484,1423176000
2001-04-02,0.2477,0.2537,0.2349,0.2380,1265160000
2001-04-03,0.2344,0.2523,0.2341,0.2458,1991616000
2001-04-04,0.2365,0.2370,0.2059,0.2205,2147483647
2001-04-05,0.2351,0.2446,0.2286,0.2408,1724760000
2001-04-06,0.2377,0.2525,0.2336,0.2399,1547664000
2001-04-09,0.2445,0.2504,0.2244,0.2282,1097160000
2001-04-10,0.2337,0.2571,0.2315,0.2497,1186416000
2001-04-11,0.2651,0.2747,0.2575,0.2648,1426872000
2001-04-12,0.2599,0.2803,0.2549,0.2688,1440264000
2001-04-16,0.2640,0.2696,0.2574,0.2622,764112000
2001-04-17,0.2584,0.2772,0.2583,0.2751,1112448000
2001-04-18,0.2867,0.3229,0.2867,0.2956,2147483647
2001-04-19,0.2973,0.3261,0.2960,0.3210,1632264000
2001-04-20,0.3172,0.3443,0.3088,0.3327,1773840000
2001-04-23,0.3255,0.3258,0.3118,0.3152,1239000000
2001-04-24,0.3143,0.3378,0.2879,0.2929,1828320000
2001-04-25,0.2936,0.3168,0.2925,0.3063,1423728000
2001-04-26,0.3130,0.3130,0.2793,0.2822,1486008000
2001-04-27,0.2931,0.3035,0.2874,0.3023,915672000
2001-04-30,0.3105,0.3365,0.3039,0.3187,1583280000
2001-05-01,0.3199,0.3493,0.3147,0.3485,1867368000
2001-05-02,0.3576,0.3576,0.3359,0.3405,1547784000
2001-05-03,0.3302,0.3405,0.3281,0.3390,960504000
2001-05-04,0.3291,0.3491,0.3275,0.3437,953520000
2001-05-07,0.3424,0.3616,0.3384,0.3591,975600000
2001-05-08,0.3644,0.3646,0.3300,0.3331,1620144000
2001-05-09,0.3225,0.3295,0.3153,0.3175,1319040000
2001-05-10,0.3267,0.3305,0.3030,0.3068,998904000
2001-05-11,0.3061,0.3080,0.2929,0.2990,921216000
2001-05-14,0.2999,0.3051,0.2891,0.3015,702432000
2001-05-15,0.3042,0.3252,0.3007,0.3124,1242600000
2001-05-16,0.3052,0.3291,0.3033,0.3271,957096000
2001-05-17,0.3282,0.3424,0.3231,0.3329,919056000
2001-05-18,0.3318,0.3405,0.3237,0.3302,575832000
2001-05-21,0.3295,0.3520,0.3229,0.3451,1064688000
2001-05-22,0.3502,0.3589,0.3367,0.3555,1049976000
2001-05-23,0.3694,0.3826,0.3482,0.3524,2147483647
2001-05-24,0.3501,0.3667,0.3396,0.3576,1680576000
2001-05-25,0.3504,0.3556,0.3444,0.3509,947952000
2001-05-29,0.3489,0.3489,0.3317,0.3365,920568000
2001-05-30,0.3286,0.3452,0.3268,0.3302,2147483647
2001-05-31,0.3328,0.3348,0.3205,0.3276,1262928000
2001-06-01,0.3298,0.3485,0.3279,0.3457,1022472000
2001-06-04,0.3459,0.3478,0.3358,0.3403,621552000
2001-06-05,0.3400,0.3618,0.3394,0.3582,987168000
2001-06-06,0.3595,0.3644,0.3543,0.3597,698976000
2001-06-07,0.3566,0.3811,0.3539,0.3801,1141152000
2001-06-08,0.3789,0.3795,0.3662,0.3702,712680000
2001-06-11,0.3707,0.3711,0.3536,0.3594,581928000
2001-06-12,0.3518,0.3767,0.3511,0.3713,1102728000
2001-06-13,0.3740,0.3797,0.3556,0.3589,938712000
2001-06-14,0.3542,0.3642,0.3491,0.3581,946152000
2001-06-15,0.3539,0.3700,0.3473,0.3637,1094544000
2001-06-18,0.3628,0.3687,0.3453,0.3493,856656000
2001-06-19,0.3559,0.3642,0.3231,0.3302,1513128000
2001-06-20,0.3241,0.3482,0.3174,0.3444,1759200000
2001-06-21,0.3430,0.3570,0.3338,0.3509,1484568000
2001-06-22,0.3491,0.3585,0.3447,0.3493,761184000
2001-06-25,0.3532,0.3547,0.3385,0.3486,640032000
2001-06-26,0.3409,0.3604,0.3396,0.3587,757920000
2001-06-27,0.3570,0.3577,0.3415,0.3476,895752000
2001-06-28,0.3523,0.3568,0.3482,0.3517,909336000
2001-06-29,0.3530,0.3604,0.3490,0.3549,730920000
2001-07-02,0.3408,0.3437,0.3340,0.3391,1040016000
2001-07-03,0.3368,0.3470,0.3351,0.3435,406296000
2001-07-05,0.3407,0.3415,0.3181,0.3186,1020096000
2001-07-06,0.3153,0.3162,0.3027,0.3088,802824000
2001-07-09,0.3048,0.3121,0.2958,0.2987,1014072000
2001-07-10,0.3027,0.3067,0.2975,0.3011,1221744000
2001-07-11,0.3000,0.3054,0.2913,0.3005,904632000
2001-07-12,0.3147,0.3185,0.3071,0.3163,981552000
2001-07-13,0.3140,0.3174,0.3032,0.3098,690144000
2001-07-16,0.3063,0.3099,0.2833,0.2849,1191696000
2001-07-17,0.2801,0.3036,0.2774,0.3008,1169904000
2001-07-18,0.2936,0.3017,0.2842,0.2904,840984000
2001-07-19,0.2946,0.3073,0.2901,0.2950,840024000
2001-07-20,0.2877,0.2942,0.2774,0.2865,742464000
2001-07-23,0.2870,0.2873,0.2591,0.2594,1547976000
2001-07-24,0.2629,0.2772,0.2574,0.2770,1365312000
2001-07-25,0.2765,0.2770,0.2651,0.2743,1245888000
2001-07-26,0.2717,0.3042,0.2703,0.3023,1714152000
2001-07-27,0.3017,0.3133,0.2927,0.3099,1094688000
2001-07-30,0.3103,0.3116,0.2992,0.3025,582288000
2001-07-31,0.3030,0.3109,0.2919,0.3095,1187760000
2001-08-01,0.3156,0.3300,0.3134,0.3284,1204944000
2001-08-02,0.3326,0.3374,0.3214,0.3362,1097928000
2001-08-03,0.3329,0.3388,0.3266,0.3340,820344000
2001-08-06,0.3312,0.3471,0.3277,0.3437,1292568000
2001-08-07,0.3436,0.3453,0.3346,0.3386,1088616000
2001-08-08,0.3357,0.3444,0.3285,0.3300,1125696000
2001-08-09,0.3285,0.3349,0.3183,0.3242,1643616000
2001-08-10,0.3241,0.3283,0.3141,0.3238,1036488000
2001-08-13,0.3294,0.3411,0.3245,0.3374,1514784000
2001-08-14,0.3313,0.3335,0.3243,0.3285,2147483647
2001-08-15,0.3359,0.3398,0.3260,0.3289,1816392000
2001-08-16,0.3228,0.3432,0.3215,0.3427,1026096000
2001-08-17,0.3340,0.3384,0.3178,0.3205,1668840000
2001-08-20,0.3185,0.3217,0.3085,0.3183,1183320000
2001-08-21,0.3191,0.3275,0.3111,0.3116,1186656000
2001-08-22,0.3171,0.3248,0.3071,0.3244,1498104000
2001-08-23,0.3233,0.3275,0.3157,0.3172,1013592000
2001-08-24,0.3206,0.3328,0.3188,0.3263,1110936000
2001-08-27,0.3190,0.3419,0.3178,0.3376,1279608000
2001-08-28,0.3367,0.3442,0.3306,0.3332,1178760000
2001-08-29,0.3341,0.3362,0.3197,0.3225,1435800000
2001-08-30,0.3164,0.3237,0.3090,0.3214,1431312000
2001-08-31,0.3193,0.3271,0.3151,0.3241,887904000
2001-09-04,0.3232,0.3232,0.2993,0.3016,1856136000
2001-09-05,0.3013,0.3103,0.2891,0.3080,2147483647
2001-09-06,0.3019,0.3115,0.2940,0.2954,1950768000
2001-09-07,0.2908,0.3030,0.2893,0.2985,1970256000
2001-09-10,0.2960,0.3005,0.2839,0.2899,1872360000
2001-09-17,0.2718,0.2785,0.2588,0.2601,569298000
2001-09-18,0.2652,0.2671,0.2385,0.2444,447186000
2001-09-19,0.2486,0.2486,0.2071,0.2414,780954000
2001-09-20,0.2368,0.2368,0.2143,0.2210,735348000
2001-09-21,0.2164,0.2164,0.1990,0.2064,1226304000
2001-09-24,0.2228,0.2329,0.2129,0.2296,1507500000
2001-09-25,0.2303,0.2402,0.2199,0.2206,941724000
2001-09-26,0.2235,0.2242,0.2104,0.2127,430812000
2001-09-27,0.2119,0.2143,0.1952,0.2009,907296000
2001-09-28,0.2066,0.2205,0.1978,0.2102,1044876000
2001-10-01,0.2101,0.2135,0.1890,0.1924,972804000
2001-10-02,0.1921,0.1997,0.1734,0.1827,1123032000
2001-10-03,0.2303,0.2303,0.1818,0.2187,1798824000
2001-10-04,0.2587,0.2587,0.2224,0.2471,1980576000
2001-10-05,0.2578,0.2578,0.2341,0.2518,1078212000
2001-10-08,0.2670,0.2670,0.2418,0.2574,765900000
2001-10-09,0.2581,0.2632,0.2389,0.2463,917556000
2001-10-10,0.2419,0.2640,0.2403,0.2621,968124000
2001-10-11,0.2761,0.2913,0.2746,0.2905,918000000
2001-10-12,0.2831,0.3099,0.2821,0.3094,1253100000
2001-10-15,0.3004,0.3176,0.2919,0.3080,908568000
2001-10-16,0.3076,0.3415,0.3013,0.3390,1383852000
2001-10-17,0.3465,0.3467,0.3176,0.3191,1695540000
2001-10-18,0.3191,0.3357,0.3183,0.3326,1020864000
2001-10-19,0.3278,0.3444,0.3237,0.3394,1059264000
2001-10-22,0.3370,0.3520,0.3294,0.3475,970824000
2001-10-23,0.3519,0.3582,0.3336,0.3414,953028000
2001-10-24,0.3352,0.3573,0.3313,0.3564,1212144000
2001-10-25,0.3482,0.3837,0.3428,0.3773,1152396000
2001-10-26,0.3747,0.3860,0.3482,0.3504,1097124000
2001-10-29,0.3516,0.3577,0.3216,0.3219,1004796000
2001-10-30,0.3362,0.3362,0.3088,0.3214,1153380000
2001-10-31,0.3334,0.3424,0.3233,0.3280,989292000
2001-11-01,0.3322,0.3587,0.3271,0.3560,1093776000
2001-11-02,0.3544,0.3653,0.3413,0.3610,1087248000
2001-11-05,0.3672,0.3773,0.3600,0.3623,933456000
2001-11-06,0.3616,0.3888,0.3597,0.3871,1415376000
2001-11-07,0.3842,0.4024,0.3819,0.3874,1419144000
2001-11-08,0.3923,0.3975,0.3692,0.3807,1915188000
2001-11-09,0.3975,0.4074,0.3902,0.4071,2147483647
2001-11-12,0.4056,0.4285,0.3932,0.4181,1458636000
2001-11-13,0.4194,0.4194,0.4086,0.4146,1446516000
2001-11-14,0.4177,0.4216,0.3918,0.4031,1150224000
2001-11-15,0.3985,0.4107,0.3934,0.4052,874944000
2001-11-16,0.4056,0.4099,0.3962,0.4017,496128000
2001-11-19,0.4057,0.4094,0.3711,0.3929,1943052000
2001-11-20,0.3948,0.4017,0.3775,0.3819,937884000
2001-11-21,0.3870,0.3870,0.3658,0.3770,728412000
2001-11-23,0.3826,0.3826,0.3719,0.3822,254016000
2001-11-26,0.3887,0.4101,0.3876,0.4096,1215780000
2001-11-27,0.4093,0.4232,0.4018,0.4139,1183992000
2001-11-28,0.4154,0.4154,0.3921,0.3930,740844000
2001-11-29,0.4216,0.4237,0.4086,0.4102,2147483647
2001-11-30,0.4101,0.4211,0.4040,0.4181,1034028000
2001-12-03,0.4145,0.4145,0.4044,0.4118,851496000
2001-12-04,0.4138,0.4454,0.4138,0.4449,1384644000
2001-12-05,0.4484,0.4817,0.4480,0.4808,1707036000
2001-12-06,0.4783,0.4783,0.4612,0.4732,1138944000
2001-12-07,0.4697,0.4740,0.4506,0.4588,807036000
2001-12-10,0.4565,0.4738,0.4526,0.4634,695868000
2001-12-11,0.4715,0.4909,0.4668,0.4800,792252000
2001-12-12,0.4836,0.4951,0.4743,0.4949,1004628000
2001-12-13,0.4852,0.4914,0.4788,0.4806,881400000
2001-12-14,0.4806,0.5047,0.4784,0.5023,754680000
2001-12-17,0.4985,0.5276,0.4985,0.5204,1080960000
2001-12-18,0.5090,0.5162,0.5027,0.5070,886968000
2001-12-19,0.4986,0.5088,0.4912,0.4931,854652000
2001-12-20,0.4951,0.5041,0.4719,0.4737,951228000
2001-12-21,0.4840,0.4974,0.4784,0.4942,723972000
2001-12-24,0.4940,0.5090,0.4937,0.5065,265308000
2001-12-26,0.5090,0.5276,0.5090,0.5189,642156000
2001-12-27,0.5234,0.5333,0.5227,0.5309,730152000
2001-12-28,0.5341,0.5376,0.5130,0.5181,757680000
2001-12-31,0.5220,0.5250,0.5108,0.5119,737580000
2002-01-02,0.5142,0.5238,0.5012,0.5150,1298904000
2002-01-03,0.5510,0.5510,0.5158,0.5488,1414752000
2002-01-04,0.5560,0.5560,0.5234,0.5328,936288000
2002-01-07,0.5349,0.5357,0.5113,0.5184,973068000
2002-01-08,0.5174,0.5370,0.5156,0.5246,774360000
2002-01-09,0.5318,0.5414,0.5100,0.5174,1141188000
2002-01-10,0.5146,0.5217,0.5005,0.5050,992508000
2002-01-11,0.5083,0.5085,0.4806,0.4826,1380852000
2002-01-14,0.4816,0.4849,0.4573,0.4573,1369560000
2002-01-15,0.4764,0.5003,0.4759,0.5000,1838808000
2002-01-16,0.4932,0.4964,0.4787,0.4805,1115388000
2002-01-17,0.4964,0.4974,0.4784,0.4973,1121544000
2002-01-18,0.4786,0.4917,0.4783,0.4882,803676000
2002-01-22,0.4928,0.4941,0.4705,0.4760,1085028000
2002-01-23,0.4884,0.4884,0.4708,0.4849,889164000
2002-01-24,0.4898,0.5074,0.4794,0.5023,1137684000
2002-01-25,0.4951,0.5135,0.4890,0.5010,817752000
2002-01-28,0.5108,0.5204,0.5057,0.5203,924288000
2002-01-29,0.5215,0.5230,0.4867,0.4948,1381932000
2002-01-30,0.4974,0.5012,0.4855,0.5008,1218456000
2002-01-31,0.5073,0.5112,0.4863,0.5031,973980000
2002-02-01,0.5076,0.5076,0.4879,0.4907,688272000
2002-02-04,0.4897,0.5016,0.4669,0.4676,1104864000
2002-02-05,0.4645,0.4686,0.4448,0.4630,1474620000
2002-02-06,0.4754,0.4828,0.4660,0.4746,1242528000
2002-02-07,0.4752,0.4787,0.4570,0.4592,964476000
2002-02-08,0.4623,0.4649,0.4242,0.4417,1871292000
2002-02-11,0.4410,0.4668,0.4394,0.4661,1249224000
2002-02-12,0.4591,0.4848,0.4538,0.4760,1216500000
2002-02-13,0.4821,0.4902,0.4653,0.4699,1230432000
2002-02-14,0.4738,0.4855,0.4679,0.4757,1225692000
2002-02-15,0.4538,0.4565,0.4343,0.4389,2147483647
2002-02-19,0.4201,0.4245,0.4064,0.4098,1972524000
2002-02-20,0.4358,0.4358,0.4018,0.4312,1838736000
2002-02-21,0.4253,0.4255,0.4012,0.4018,1531044000
2002-02-22,0.3937,0.3983,0.3769,0.3820,2147483647
2002-02-25,0.3838,0.4149,0.3837,0.4119,1599564000
2002-02-26,0.4210,0.4282,0.4098,0.4209,1902672000
2002-02-27,0.4304,0.4323,0.4056,0.4067,1723224000
2002-02-28,0.4040,0.4113,0.3869,0.3903,1585440000
2002-03-01,0.3941,0.4285,0.3930,0.4281,1311396000
2002-03-04,0.4294,0.4568,0.4252,0.4520,1484724000
2002-03-05,0.4450,0.4629,0.4446,0.4508,1379448000
2002-03-06,0.4373,0.4418,0.4272,0.4366,1446060000
2002-03-07,0.4428,0.4443,0.4210,0.4331,1346532000
2002-03-08,0.4414,0.4552,0.4392,0.4461,1270356000
2002-03-11,0.4412,0.4461,0.4335,0.4409,810540000
2002-03-12,0.4274,0.4297,0.4148,0.4177,1255032000
2002-03-13,0.4138,0.4168,0.4086,0.4102,1031616000
2002-03-14,0.4085,0.4085,0.3866,0.3874,1139460000
2002-03-15,0.3902,0.4043,0.3828,0.4038,1248288000
2002-03-18,0.4112,0.4200,0.3992,0.4038,1236996000
2002-03-19,0.4067,0.4075,0.3929,0.3952,846072000
2002-03-20,0.3887,0.3895,0.3547,0.3560,2147483647
2002-03-21,0.3620,0.3792,0.3525,0.3749,1721712000
2002-03-22,0.3816,0.3816,0.3688,0.3717,1249140000
2002-03-25,0.3699,0.3704,0.3520,0.3525,884160000
2002-03-26,0.3488,0.3687,0.3468,0.3597,1123512000
2002-03-27,0.3542,0.3613,0.3421,0.3482,1068012000
2002-03-28,0.3506,0.3528,0.3204,0.3395,2147483647
2002-04-01,0.3206,0.3365,0.3104,0.3339,2147483647
2002-04-02,0.3238,0.3420,0.3232,0.3252,1438008000
2002-04-03,0.3266,0.3355,0.3199,0.3313,1094640000
2002-04-04,0.3287,0.3409,0.3242,0.3297,1130964000
2002-04-05,0.3318,0.3372,0.3188,0.3222,1026900000
2002-04-08,0.3072,0.3330,0.3072,0.3330,1151316000
2002-04-09,0.3362,0.3390,0.3111,0.3119,1380768000
2002-04-10,0.3144,0.3168,0.2724,0.2947,2147483647
2002-04-11,0.2923,0.2961,0.2785,0.2818,1437288000
2002-04-12,0.2880,0.2903,0.2720,0.2807,1376880000
2002-04-15,0.2861,0.2968,0.2854,0.2920,1157208000
2002-04-16,0.3051,0.3082,0.2987,0.3047,854856000
2002-04-17,0.3083,0.3128,0.2987,0.3083,944484000
2002-04-18,0.3052,0.3085,0.2965,0.3032,693156000
2002-04-19,0.2929,0.2965,0.2821,0.2825,1125672000
2002-04-22,0.2794,0.2896,0.2793,0.2839,808176000
2002-04-23,0.2861,0.2894,0.2699,0.2724,773508000
2002-04-24,0.2756,0.2796,0.2479,0.2485,1582956000
2002-04-25,0.2476,0.2632,0.2475,0.2582,1168296000
2002-04-26,0.2610,0.2613,0.2324,0.2324,1191120000
2002-04-29,0.2600,0.2750,0.2512,0.2711,2147483647
2002-04-30,0.2776,0.2812,0.2606,0.2664,1776504000
2002-05-01,0.2620,0.2750,0.2552,0.2712,1718904000
2002-05-02,0.2725,0.2792,0.2602,0.2603,1125084000
2002-05-03,0.2606,0.2626,0.2493,0.2506,852756000
2002-05-06,0.2441,0.2556,0.2391,0.2411,1102044000
2002-05-07,0.2464,0.2515,0.2350,0.2471,1412448000
2002-05-08,0.2639,0.2798,0.2556,0.2755,1688688000
2002-05-09,0.2746,0.2804,0.2632,0.2637,1230840000
2002-05-10,0.2691,0.2701,0.2411,0.2440,1321548000
2002-05-13,0.2465,0.2596,0.2444,0.2587,800892000
2002-05-14,0.2753,0.2873,0.2705,0.2844,1526112000
2002-05-15,0.2857,0.2954,0.2762,0.2900,1504548000
2002-05-16,0.2901,0.2965,0.2843,0.2906,985560000
2002-05-17,0.2984,0.3006,0.2910,0.2997,934404000
2002-05-20,0.2972,0.3049,0.2958,0.3030,953412000
2002-05-21,0.3069,0.3111,0.2795,0.2798,1382604000
2002-05-22,0.2821,0.2929,0.2816,0.2912,1547988000
2002-05-23,0.2920,0.2926,0.2648,0.2734,2147483647
2002-05-24,0.2682,0.2696,0.2619,0.2681,737784000
2002-05-28,0.2704,0.2706,0.2521,0.2574,1367088000
2002-05-29,0.2533,0.2682,0.2494,0.2671,1311012000
2002-05-30,0.2617,0.2696,0.2566,0.2632,1066080000
2002-05-31,0.2648,0.2659,0.2556,0.2560,674112000
2002-06-03,0.2499,0.2510,0.2379,0.2411,901248000
2002-06-04,0.2394,0.2544,0.2391,0.2531,1095432000
2002-06-05,0.2537,0.2538,0.2407,0.2495,1114308000
2002-06-06,0.2469,0.2529,0.2468,0.2495,739356000
2002-06-07,0.2293,0.2502,0.2292,0.2472,1371300000
2002-06-10,0.2505,0.2575,0.2446,0.2451,749148000
2002-06-11,0.2492,0.2502,0.2335,0.2342,859308000
2002-06-12,0.2285,0.2326,0.2041,0.2139,2147483647
2002-06-13,0.2155,0.2195,0.2049,0.2117,1265892000
2002-06-14,0.2039,0.2173,0.1970,0.2156,1116444000
2002-06-17,0.2205,0.2233,0.2138,0.2176,1054140000
2002-06-18,0.2149,0.2227,0.2124,0.2164,1008300000
2002-06-19,0.2058,0.2058,0.1809,0.1825,2147483647
2002-06-20,0.1829,0.1879,0.1785,0.1808,1425048000
2002-06-21,0.1799,0.1869,0.1697,0.1734,1484364000
2002-06-24,0.1690,0.1821,0.1638,0.1766,1379592000
2002-06-25,0.1798,0.1798,0.1609,0.1620,1172232000
2002-06-26,0.1436,0.1590,0.1397,0.1536,2067828000
2002-06-27,0.1592,0.1605,0.1286,0.1307,2147483647
2002-06-28,0.1286,0.1369,0.1257,0.1315,1991184000
2002-07-01,0.1309,0.1347,0.1284,0.1312,1164372000
2002-07-02,0.1296,0.1301,0.1195,0.1229,1368180000
2002-07-03,0.1221,0.1338,0.1221,0.1335,1073304000
2002-07-05,0.1431,0.1454,0.1390,0.1453,739524000
2002-07-08,0.1436,0.1549,0.1435,0.1497,1587180000
2002-07-09,0.1501,0.1520,0.1391,0.1423,1075080000
2002-07-10,0.1458,0.1469,0.1374,0.1384,926988000
2002-07-11,0.1377,0.1530,0.1364,0.1525,1143948000
2002-07-12,0.1607,0.1613,0.1492,0.1524,1344900000
2002-07-15,0.1527,0.1676,0.1459,0.1675,1495272000
2002-07-16,0.1634,0.1787,0.1603,0.1630,1773432000
2002-07-17,0.1595,0.1626,0.1428,0.1491,1922364000
2002-07-18,0.1467,0.1553,0.1449,0.1453,1243188000
2002-07-19,0.1409,0.1465,0.1377,0.1387,845772000
2002-07-22,0.1381,0.1420,0.1266,0.1323,1290744000
2002-07-23,0.1331,0.1339,0.1179,0.1224,1409652000
2002-07-24,0.1208,0.1322,0.1207,0.1302,1175100000
2002-07-25,0.1252,0.1256,0.1110,0.1152,1796448000
2002-07-26,0.1186,0.1214,0.1094,0.1126,1221900000
2002-07-29,0.1172,0.1178,0.1120,0.1157,1227720000
2002-07-30,0.1152,0.1299,0.1148,0.1241,1818012000
2002-07-31,0.0905,0.0923,0.0837,0.0847,2147483647
2002-08-01,0.0854,0.0854,0.0765,0.0766,1725708000
2002-08-02,0.0790,0.0796,0.0696,0.0715,1795260000
2002-08-05,0.0705,0.0706,0.0650,0.0658,1330716000
2002-08-06,0.0689,0.0719,0.0678,0.0693,1168800000
2002-08-07,0.0723,0.0730,0.0650,0.0677,892980000
2002-08-08,0.0683,0.0733,0.0666,0.0721,755424000
2002-08-09,0.0702,0.0727,0.0689,0.0704,581304000
2002-08-12,0.0696,0.0731,0.0678,0.0704,592800000
2002-08-13,0.0709,0.0743,0.0689,0.0689,654420000
2002-08-14,0.0702,0.0742,0.0696,0.0736,632688000
2002-08-15,0.0764,0.0803,0.0756,0.0787,1140120000
2002-08-16,0.0745,0.0846,0.0722,0.0818,1657428000
2002-08-19,0.0853,0.1029,0.0852,0.0968,2147483647
2002-08-20,0.0976,0.0995,0.0913,0.0925,1429488000
2002-08-21,0.0967,0.0986,0.0922,0.0974,1194876000
2002-08-22,0.0945,0.0983,0.0935,0.0941,1358496000
2002-08-23,0.0914,0.0921,0.0874,0.0879,919932000
2002-08-26,0.0896,0.0902,0.0845,0.0886,698568000
2002-08-27,0.0901,0.0906,0.0830,0.0836,686712000
2002-08-28,0.0831,0.0833,0.0781,0.0784,700356000
2002-08-29,0.0774,0.0830,0.0768,0.0794,815520000
2002-08-30,0.0786,0.0819,0.0758,0.0774,1065888000
2002-09-03,0.0736,0.0754,0.0713,0.0725,847284000
2002-09-04,0.0728,0.0747,0.0689,0.0721,930552000
2002-09-05,0.0714,0.0717,0.0689,0.0693,714312000
2002-09-06,0.0722,0.0729,0.0698,0.0709,746460000
2002-09-09,0.0703,0.0730,0.0682,0.0708,578040000
2002-09-10,0.0704,0.0846,0.0703,0.0809,2147483647
2002-09-11,0.0834,0.0911,0.0834,0.0849,1657536000
2002-09-12,0.0828,0.0873,0.0813,0.0822,1294932000
2002-09-13,0.0813,0.0852,0.0804,0.0809,796872000
2002-09-16,0.0797,0.0800,0.0738,0.0758,925464000
2002-09-17,0.0791,0.0810,0.0742,0.0746,884052000
2002-09-18,0.0735,0.0749,0.0703,0.0725,811692000
2002-09-19,0.0709,0.0735,0.0697,0.0701,618492000
2002-09-20,0.0706,0.0721,0.0689,0.0705,687312000
2002-09-23,0.0693,0.0700,0.0670,0.0674,521676000
2002-09-24,0.0667,0.0712,0.0654,0.0680,624444000
2002-09-25,0.0719,0.0731,0.0691,0.0717,896616000
2002-09-26,0.0731,0.0738,0.0668,0.0679,739560000
2002-09-27,0.0677,0.0695,0.0654,0.0655,650688000
2002-09-30,0.0653,0.0683,0.0639,0.0655,584124000
2002-10-01,0.0660,0.0696,0.0637,0.0690,888360000
2002-10-02,0.0696,0.0731,0.0689,0.0689,749100000
2002-10-03,0.0681,0.0693,0.0654,0.0656,590568000
2002-10-04,0.0654,0.0675,0.0612,0.0623,529788000
2002-10-07,0.0614,0.0627,0.0588,0.0592,493068000
2002-10-08,0.0612,0.0614,0.0551,0.0575,714252000
2002-10-09,0.0566,0.0604,0.0554,0.0564,573132000
2002-10-10,0.0559,0.0611,0.0559,0.0593,538032000
2002-10-11,0.0616,0.0685,0.0612,0.0674,994140000
2002-10-14,0.0654,0.0674,0.0641,0.0654,611484000
2002-10-15,0.0727,0.0753,0.0712,0.0722,852768000
2002-10-16,0.0673,0.0680,0.0650,0.0662,578124000
2002-10-17,0.0719,0.0746,0.0702,0.0712,585792000
2002-10-18,0.0709,0.0727,0.0682,0.0719,498372000
2002-10-21,0.0709,0.0810,0.0693,0.0784,930624000
2002-10-22,0.0748,0.0857,0.0748,0.0810,1272168000
2002-10-23,0.0823,0.0855,0.0811,0.0843,925428000
2002-10-24,0.0860,0.0869,0.0789,0.0800,1055172000
2002-10-25,0.0804,0.0853,0.0793,0.0849,745956000
2002-10-28,0.0888,0.0895,0.0849,0.0854,1070544000
2002-10-29,0.0856,0.0862,0.0774,0.0817,772728000
2002-10-30,0.0843,0.0888,0.0839,0.0860,1139496000
2002-10-31,0.0866,0.0917,0.0864,0.0911,1255476000
2002-11-01,0.0897,0.1092,0.0895,0.1079,2128836000
2002-11-04,0.1144,0.1264,0.1141,0.1197,2147483647
2002-11-05,0.1194,0.1214,0.1098,0.1149,2034540000
2002-11-06,0.1188,0.1240,0.1142,0.1238,1646016000
2002-11-07,0.1206,0.1206,0.1107,0.1113,1660560000
2002-11-08,0.0941,0.0998,0.0843,0.0870,2147483647
2002-11-11,0.0828,0.0840,0.0782,0.0802,1378452000
2002-11-12,0.0821,0.0903,0.0814,0.0876,1381188000
2002-11-13,0.0852,0.0926,0.0836,0.0901,1802112000
2002-11-14,0.0960,0.0979,0.0931,0.0960,1138728000
2002-11-15,0.1010,0.1064,0.0999,0.1031,2054328000
2002-11-18,0.1113,0.1117,0.1066,0.1069,1982472000
2002-11-19,0.1063,0.1139,0.1052,0.1084,1971948000
2002-11-20,0.1117,0.1148,0.1103,0.1139,1292796000
2002-11-21,0.1185,0.1292,0.1182,0.1235,2053920000
2002-11-22,0.1160,0.1227,0.1148,0.1203,1251900000
2002-11-25,0.1259,0.1277,0.1210,0.1247,1230084000
2002-11-26,0.1253,0.1277,0.1209,0.1213,1084332000
2002-11-27,0.1264,0.1328,0.1248,0.1307,1088556000
2002-11-29,0.1341,0.1361,0.1301,0.1311,519396000
2002-12-02,0.1380,0.1398,0.1295,0.1301,1167504000
2002-12-03,0.1276,0.1279,0.1213,0.1215,1046220000
2002-12-04,0.1129,0.1148,0.1066,0.1071,2147483647
2002-12-05,0.1139,0.1146,0.1054,0.1080,1594872000
2002-12-06,0.1033,0.1102,0.1016,0.1081,1159224000
2002-12-09,0.1046,0.1063,0.0986,0.0995,969792000
2002-12-10,0.1020,0.1098,0.1008,0.1078,1389888000
2002-12-11,0.1071,0.1102,0.1035,0.1072,1364208000
2002-12-12,0.1112,0.1125,0.1052,0.1054,1302552000
2002-12-13,0.1035,0.1036,0.1006,0.1013,707724000
2002-12-16,0.1048,0.1079,0.1022,0.1073,1056972000
2002-12-17,0.1092,0.1129,0.1063,0.1071,1077744000
2002-12-18,0.1033,0.1039,0.0987,0.0989,1126836000
2002-12-19,0.0972,0.1023,0.0958,0.0968,1100604000
2002-12-20,0.0999,0.1009,0.0933,0.0981,804576000
2002-12-23,0.0979,0.1012,0.0976,0.0988,498648000
2002-12-24,0.0993,0.1013,0.0963,0.0968,300336000
2002-12-26,0.0984,0.0999,0.0943,0.0950,719760000
2002-12-27,0.0976,0.0979,0.0906,0.0914,702528000
2002-12-30,0.0918,0.0928,0.0862,0.0882,784740000
2002-12-31,0.0873,0.0903,0.0856,0.0881,825396000
2003-01-02,0.0918,0.0953,0.0888,0.0942,1302540000
2003-01-03,0.0945,0.0976,0.0926,0.0942,1037496000
2003-01-06,0.0965,0.1034,0.0964,0.1019,1033428000
2003-01-07,0.1038,0.1062,0.1004,0.1015,1498272000
2003-01-08,0.0989,0.1019,0.0908,0.0914,1852524000
2003-01-09,0.0943,0.0953,0.0921,0.0931,1436076000
2003-01-10,0.0918,0.0960,0.0906,0.0947,924492000
2003-01-13,0.0983,0.0991,0.0934,0.0939,849120000
2003-01-14,0.0942,0.0955,0.0918,0.0946,868524000
2003-01-15,0.0947,0.0954,0.0917,0.0917,904584000
2003-01-16,0.0903,0.0914,0.0843,0.0855,2039976000
2003-01-17,0.0832,0.0843,0.0812,0.0823,1058832000
2003-01-21,0.0838,0.0856,0.0800,0.0802,967356000
2003-01-22,0.0800,0.0823,0.0797,0.0803,550992000
2003-01-23,0.0824,0.0838,0.0803,0.0825,918456000
2003-01-24,0.0818,0.0822,0.0764,0.0778,897108000
2003-01-27,0.0761,0.0801,0.0748,0.0767,889116000
2003-01-28,0.0742,0.0793,0.0717,0.0778,1785480000
2003-01-29,0.0757,0.0809,0.0732,0.0794,1022040000
2003-01-30,0.0826,0.0833,0.0769,0.0777,743064000
2003-01-31,0.0755,0.0811,0.0748,0.0790,949656000
2003-02-03,0.0795,0.0820,0.0788,0.0805,755556000
2003-02-04,0.0800,0.0804,0.0758,0.0769,627720000
2003-02-05,0.0786,0.0807,0.0773,0.0776,581508000
2003-02-06,0.0830,0.0831,0.0769,0.0782,1226184000
2003-02-07,0.0797,0.0801,0.0745,0.0747,915156000
2003-02-10,0.0746,0.0761,0.0714,0.0756,982632000
2003-02-11,0.0762,0.0784,0.0738,0.0742,850716000
2003-02-12,0.0742,0.0774,0.0736,0.0746,641400000
2003-02-13,0.0759,0.0763,0.0738,0.0755,889164000
2003-02-14,0.0859,0.0922,0.0838,0.0921,2147483647
2003-02-18,0.0957,0.0993,0.0945,0.0974,1740516000
2003-02-19,0.0968,0.0989,0.0957,0.0983,1141212000
2003-02-20,0.0987,0.1013,0.0980,0.0983,978132000
2003-02-21,0.0983,0.0986,0.0949,0.0984,913260000
2003-02-24,0.0976,0.1032,0.0970,0.0996,1137012000
2003-02-25,0.0964,0.0995,0.0949,0.0990,1239204000
2003-02-26,0.0977,0.0993,0.0940,0.0942,746892000
2003-02-27,0.0951,0.0966,0.0936,0.0962,675312000
2003-02-28,0.0932,0.0968,0.0905,0.0966,1653336000
2003-03-03,0.0977,0.0995,0.0937,0.0950,702036000
2003-03-04,0.0952,0.0962,0.0933,0.0942,538392000
2003-03-05,0.0933,0.0963,0.0931,0.0957,522156000
2003-03-06,0.0950,0.0959,0.0937,0.0941,548064000
2003-03-07,0.0927,0.0959,0.0918,0.0956,581148000
2003-03-10,0.0946,0.0950,0.0927,0.0929,344796000
2003-03-11,0.0936,0.0951,0.0926,0.0936,417144000
2003-03-12,0.0944,0.0964,0.0935,0.0962,493920000
2003-03-13,0.0990,0.1064,0.0986,0.1058,1362732000
2003-03-14,0.1061,0.1071,0.1019,0.1027,1094220000
2003-03-17,0.1010,0.1107,0.1008,0.1087,1307808000
2003-03-18,0.1083,0.1095,0.1056,0.1078,932280000
2003-03-19,0.1081,0.1091,0.1045,0.1084,712992000
2003-03-20,0.1082,0.1116,0.1055,0.1094,780060000
2003-03-21,0.1132,0.1135,0.1035,0.1084,1681800000
2003-03-24,0.1039,0.1071,0.1033,0.1043,839016000
2003-03-25,0.1046,0.1089,0.1042,0.1073,672828000
2003-03-26,0.1097,0.1121,0.1088,0.1103,1107840000
2003-03-27,0.1088,0.1111,0.1068,0.1071,1392732000
2003-03-28,0.1071,0.1075,0.1011,0.1028,1290684000
2003-03-31,0.0996,0.1009,0.0981,0.0986,680508000
2003-04-01,0.1006,0.1026,0.0984,0.1015,533808000
2003-04-02,0.1049,0.1070,0.1035,0.1052,771900000
2003-04-03,0.1071,0.1071,0.1044,0.1066,702780000
2003-04-04,0.1069,0.1071,0.1020,0.1025,513840000
2003-04-07,0.1090,0.1102,0.1025,0.1035,671256000
2003-04-08,0.1045,0.1050,0.1019,0.1025,475032000
2003-04-09,0.1029,0.1057,0.1019,0.1020,694260000
2003-04-10,0.1034,0.1035,0.1015,0.1025,364104000
2003-04-11,0.1037,0.1045,0.1004,0.1014,374184000
2003-04-14,0.0999,0.1035,0.0996,0.1032,445776000
2003-04-15,0.1025,0.1039,0.0999,0.1026,490212000
2003-04-16,0.1050,0.1052,0.1018,0.1026,671988000
2003-04-17,0.1034,0.1048,0.1012,0.1045,520740000
2003-04-21,0.1046,0.1074,0.1036,0.1071,597144000
2003-04-22,0.1066,0.1086,0.1048,0.1085,787392000
2003-04-23,0.1084,0.1116,0.1075,0.1110,606204000
2003-04-24,0.1110,0.1110,0.1062,0.1077,660912000
2003-04-25,0.1071,0.1089,0.1027,0.1037,884652000
2003-04-28,0.1049,0.1087,0.1037,0.1068,674988000
2003-04-29,0.1093,0.1116,0.1084,0.1101,670344000
2003-04-30,0.1095,0.1125,0.1090,0.1092,466620000
2003-05-01,0.1089,0.1114,0.1083,0.1103,733368000
2003-05-02,0.1118,0.1224,0.1112,0.1217,1691088000
2003-05-05,0.1228,0.1304,0.1207,0.1247,1576164000
2003-05-06,0.1240,0.1280,0.1219,0.1248,1143864000
2003-05-07,0.1230,0.1259,0.1207,0.1228,897372000
2003-05-08,0.1213,0.1278,0.1198,0.1229,1957452000
2003-05-09,0.1441,0.1648,0.1400,0.1635,2147483647
2003-05-12,0.1639,0.1676,0.1576,0.1589,2147483647
2003-05-13,0.1535,0.1584,0.1527,0.1560,1824108000
2003-05-14,0.1565,0.1584,0.1538,0.1558,965580000
2003-05-15,0.1581,0.1615,0.1573,0.1612,1105656000
2003-05-16,0.1592,0.1655,0.1589,0.1627,1028916000
2003-05-19,0.1605,0.1621,0.1516,0.1522,1220484000
2003-05-20,0.1537,0.1557,0.1530,0.1546,884124000
2003-05-21,0.1547,0.1601,0.1538,0.1600,905472000
2003-05-22,0.1602,0.1620,0.1565,0.1605,888816000
2003-05-23,0.1607,0.1638,0.1590,0.1597,867612000
2003-05-27,0.1580,0.1745,0.1550,0.1739,1677408000
2003-05-28,0.1733,0.1752,0.1691,0.1734,1235556000
2003-05-29,0.1733,0.1912,0.1729,0.1853,2147483647
2003-05-30,0.2028,0.2038,0.1978,0.2003,2142312000
2003-06-02,0.2055,0.2057,0.1879,0.1892,1566144000
2003-06-03,0.1870,0.1988,0.1847,0.1931,1596804000
2003-06-04,0.1925,0.1978,0.1895,0.1977,1175604000
2003-06-05,0.1951,0.2040,0.1925,0.2033,1204404000
2003-06-06,0.2113,0.2124,0.1956,0.1971,1378836000
2003-06-09,0.1959,0.2010,0.1918,0.1948,720588000
2003-06-10,0.1948,0.1977,0.1926,0.1976,563304000
2003-06-11,0.1964,0.1995,0.1928,0.1977,943836000
2003-06-12,0.1991,0.2013,0.1941,0.1948,1046688000
2003-06-13,0.1863,0.1917,0.1783,0.1796,1826808000
2003-06-16,0.1817,0.1857,0.1697,0.1834,1904868000
2003-06-17,0.1876,0.1890,0.1821,0.1878,999852000
2003-06-18,0.1860,0.1987,0.1844,0.1950,1122072000
2003-06-19,0.1958,0.1969,0.1821,0.1831,1190532000
2003-06-20,0.1845,0.1852,0.1783,0.1812,937848000
2003-06-23,0.1811,0.1820,0.1712,0.1748,734784000
2003-06-24,0.1738,0.1775,0.1688,0.1744,1008816000
2003-06-25,0.1749,0.1820,0.1742,0.1755,1060620000
2003-06-26,0.1761,0.1781,0.1706,0.1758,960540000
2003-06-27,0.1778,0.1794,0.1718,0.1726,709104000
2003-06-30,0.1749,0.1784,0.1729,0.1753,544128000
2003-07-01,0.1731,0.1827,0.1715,0.1825,977016000
2003-07-02,0.1842,0.1866,0.1794,0.1820,846828000
2003-07-03,0.1778,0.1846,0.1774,0.1799,420912000
2003-07-07,0.1824,0.1927,0.1823,0.1917,832200000
2003-07-08,0.1864,0.1921,0.1860,0.1895,602856000
2003-07-09,0.1895,0.1970,0.1891,0.1939,755352000
2003-07-10,0.1879,0.1903,0.1827,0.1860,644568000
2003-07-11,0.1882,0.1893,0.1853,0.1869,495000000
2003-07-14,0.1917,0.1929,0.1846,0.1855,694344000
2003-07-15,0.1882,0.1891,0.1777,0.1794,1143456000
2003-07-16,0.1828,0.1837,0.1729,0.1772,880476000
2003-07-17,0.1719,0.1741,0.1661,0.1684,853764000
2003-07-18,0.1651,0.1656,0.1566,0.1627,1280832000
2003-07-21,0.1636,0.1641,0.1564,0.1602,985140000
2003-07-22,0.1648,0.1660,0.1620,0.1629,582444000
2003-07-23,0.1627,0.1661,0.1579,0.1651,605328000
2003-07-24,0.1680,0.1693,0.1573,0.1586,1116828000
2003-07-25,0.1589,0.1621,0.1530,0.1612,1002084000
2003-07-28,0.1625,0.1628,0.1555,0.1562,703752000
2003-07-29,0.1420,0.1543,0.1405,0.1459,2147483647
2003-07-30,0.1454,0.1471,0.1434,0.1443,788724000
2003-07-31,0.1477,0.1498,0.1446,0.1461,897600000
2003-08-01,0.1462,0.1521,0.1447,0.1509,767556000
2003-08-04,0.1508,0.1593,0.1498,0.1566,1428852000
2003-08-05,0.1606,0.1643,0.1548,0.1561,1063488000
2003-08-06,0.1540,0.1561,0.1460,0.1498,1025868000
2003-08-07,0.1494,0.1515,0.1457,0.1477,1040340000
2003-08-08,0.1266,0.1272,0.1168,0.1186,2147483647
2003-08-11,0.1205,0.1266,0.1197,0.1250,1675752000
2003-08-12,0.1266,0.1279,0.1246,0.1276,764160000
2003-08-13,0.1281,0.1305,0.1249,0.1284,693552000
2003-08-14,0.1241,0.1260,0.1226,0.1240,1527696000
2003-08-15,0.1232,0.1244,0.1224,0.1236,217716000
2003-08-18,0.1256,0.1273,0.1234,0.1273,717684000
2003-08-19,0.1301,0.1377,0.1300,0.1370,1403976000
2003-08-20,0.1351,0.1376,0.1321,0.1351,870348000
2003-08-21,0.1386,0.1400,0.1362,0.1387,644748000
2003-08-22,0.1471,0.1491,0.1397,0.1397,1002396000
2003-08-25,0.1424,0.1424,0.1377,0.1390,434028000
2003-08-26,0.1372,0.1393,0.1330,0.1367,768984000
2003-08-27,0.1377,0.1423,0.1362,0.1409,567816000
2003-08-28,0.1423,0.1430,0.1356,0.1372,828312000
2003-08-29,0.1370,0.1397,0.1364,0.1390,532884000
2003-09-02,0.1415,0.1427,0.1371,0.1378,711456000
2003-09-03,0.1399,0.1403,0.1345,0.1351,849972000
2003-09-04,0.1357,0.1397,0.1347,0.1364,740064000
2003-09-05,0.1367,0.1462,0.1351,0.1429,1198740000
2003-09-08,0.1452,0.1512,0.1435,0.1495,1508712000
2003-09-09,0.1454,0.1643,0.1434,0.1587,2147483647
2003-09-10,0.1542,0.1583,0.1466,0.1478,1380624000
2003-09-11,0.1498,0.1542,0.1400,0.1459,2147483647
2003-09-12,0.1447,0.1513,0.1431,0.1481,1162404000
2003-09-15,0.1493,0.1501,0.1451,0.1456,596028000
2003-09-16,0.1459,0.1506,0.1459,0.1501,620736000
2003-09-17,0.1511,0.1548,0.1498,0.1519,902784000
2003-09-18,0.1511,0.1531,0.1494,0.1530,603492000
2003-09-19,0.1548,0.1558,0.1504,0.1518,648096000
2003-09-22,0.1488,0.1491,0.1446,0.1459,735504000
2003-09-23,0.1461,0.1481,0.1442,0.1472,628932000
2003-09-24,0.1441,0.1454,0.1358,0.1361,1600668000
2003-09-25,0.1371,0.1396,0.1335,0.1341,736776000
2003-09-26,0.1338,0.1341,0.1273,0.1290,895908000
2003-09-29,0.1225,0.1269,0.1201,0.1221,1944996000
2003-09-30,0.1210,0.1263,0.1205,0.1222,1020888000
2003-10-01,0.1226,0.1247,0.1221,0.1232,877224000
2003-10-02,0.1224,0.1269,0.1221,0.1251,857628000
2003-10-03,0.1286,0.1316,0.1263,0.1284,862812000
2003-10-06,0.1286,0.1299,0.1263,0.1274,377028000
2003-10-07,0.1274,0.1286,0.1257,0.1286,510588000
2003-10-08,0.1286,0.1297,0.1233,0.1240,739440000
2003-10-09,0.1259,0.1307,0.1248,0.1258,852408000
2003-10-10,0.1278,0.1289,0.1263,0.1280,413976000
2003-10-13,0.1295,0.1320,0.1285,0.1293,434904000
2003-10-14,0.1279,0.1321,0.1272,0.1317,623556000
2003-10-15,0.1332,0.1357,0.1292,0.1300,703488000
2003-10-16,0.1302,0.1321,0.1282,0.1316,446088000
2003-10-17,0.1309,0.1334,0.1273,0.1275,459696000
2003-10-20,0.1276,0.1305,0.1268,0.1303,467388000
2003-10-21,0.1327,0.1368,0.1309,0.1343,758724000
2003-10-22,0.1322,0.1353,0.1313,0.1320,620952000
2003-10-23,0.1301,0.1339,0.1299,0.1314,451524000
2003-10-24,0.1301,0.1321,0.1289,0.1309,447084000
2003-10-27,0.1316,0.1332,0.1307,0.1316,254460000
2003-10-28,0.1334,0.1407,0.1328,0.1399,956064000
2003-10-29,0.1358,0.1416,0.1357,0.1399,494004000
2003-10-30,0.1435,0.1436,0.1371,0.1373,581256000
2003-10-31,0.1385,0.1397,0.1332,0.1350,598152000
2003-11-03,0.1346,0.1404,0.1340,0.1378,773724000
2003-11-04,0.1408,0.1412,0.1374,0.1383,700896000
2003-11-05,0.1354,0.1402,0.1332,0.1388,882024000
2003-11-06,0.1409,0.1416,0.1365,0.1390,1175280000
2003-11-07,0.1658,0.1688,0.1622,0.1664,2147483647
2003-11-10,0.1670,0.1693,0.1650,0.1660,1210056000
2003-11-11,0.1622,0.1651,0.1589,0.1618,799140000
2003-11-12,0.1613,0.1645,0.1605,0.1640,617664000
2003-11-13,0.1640,0.1664,0.1631,0.1641,580332000
2003-11-14,0.1645,0.1645,0.1539,0.1544,888420000
2003-11-17,0.1514,0.1546,0.1500,0.1527,599880000
2003-11-18,0.1565,0.1584,0.1500,0.1505,991428000
2003-11-19,0.1516,0.1553,0.1511,0.1547,567552000
2003-11-20,0.1523,0.1556,0.1500,0.1506,738852000
2003-11-21,0.1524,0.1527,0.1483,0.1512,543240000
2003-11-24,0.1527,0.1607,0.1516,0.1603,940644000
2003-11-25,0.1610,0.1645,0.1592,0.1631,822804000
2003-11-26,0.1658,0.1663,0.1602,0.1632,430032000
2003-11-28,0.1631,0.1636,0.1611,0.1625,206136000
2003-12-01,0.1643,0.1660,0.1624,0.1648,526980000
2003-12-02,0.1638,0.1674,0.1631,0.1641,574740000
2003-12-03,0.1645,0.1699,0.1620,0.1624,710028000
2003-12-04,0.1629,0.1658,0.1577,0.1615,521952000
2003-12-05,0.1577,0.1622,0.1550,0.1563,559848000
2003-12-08,0.1564,0.1591,0.1550,0.1575,340980000
2003-12-09,0.1572,0.1587,0.1492,0.1493,598128000
2003-12-10,0.1493,0.1534,0.1492,0.1526,568656000
2003-12-11,0.1527,0.1622,0.1522,0.1603,694872000
2003-12-12,0.1625,0.1635,0.1569,0.1595,700692000
2003-12-15,0.1641,0.1644,0.1558,0.1563,622752000
2003-12-16,0.1553,0.1594,0.1526,0.1584,601728000
2003-12-17,0.1571,0.1576,0.1527,0.1553,499116000
2003-12-18,0.1556,0.1605,0.1555,0.1589,436728000
2003-12-19,0.1628,0.1653,0.1595,0.1612,916956000
2003-12-22,0.1589,0.1618,0.1573,0.1615,371184000
2003-12-23,0.1609,0.1697,0.1608,0.1680,722760000
2003-12-24,0.1685,0.1685,0.1664,0.1668,210852000
2003-12-26,0.1681,0.1750,0.1674,0.1740,363960000
2003-12-29,0.1773,0.1820,0.1765,0.1814,756624000
2003-12-30,0.1794,0.1852,0.1793,0.1817,550884000
2003-12-31,0.1817,0.1825,0.1746,0.1775,497268000
2004-01-02,0.1804,0.1828,0.1766,0.1766,436416000
2004-01-05,0.1793,0.1836,0.1777,0.1824,575292000
2004-01-06,0.1818,0.1923,0.1810,0.1898,1093344000
2004-01-07,0.1876,0.1924,0.1863,0.1915,673032000
2004-01-08,0.1938,0.1948,0.1903,0.1922,433752000
2004-01-09,0.1909,0.1973,0.1893,0.1949,766584000
2004-01-12,0.1956,0.1977,0.1938,0.1971,541980000
2004-01-13,0.1961,0.1980,0.1849,0.1869,865800000
2004-01-14,0.1882,0.1905,0.1838,0.1856,544872000
2004-01-15,0.1841,0.1874,0.1809,0.1859,609204000
2004-01-16,0.1882,0.1903,0.1860,0.1887,451728000
2004-01-20,0.1910,0.1943,0.1889,0.1940,487764000
2004-01-21,0.1925,0.1931,0.1847,0.1850,494460000
2004-01-22,0.1856,0.1890,0.1785,0.1807,605724000
2004-01-23,0.1798,0.1834,0.1763,0.1767,482472000
2004-01-26,0.1778,0.1844,0.1765,0.1837,393684000
2004-01-27,0.1800,0.1829,0.1718,0.1732,934104000
2004-01-28,0.1752,0.1781,0.1718,0.1727,615204000
2004-01-29,0.1733,0.1741,0.1618,0.1677,929700000
2004-01-30,0.1673,0.1741,0.1663,0.1703,466464000
2004-02-02,0.1716,0.1764,0.1699,0.1730,560844000
2004-02-03,0.1726,0.1755,0.1701,0.1724,418032000
2004-02-04,0.1700,0.1713,0.1675,0.1677,436800000
2004-02-05,0.1687,0.1722,0.1676,0.1703,331980000
2004-02-06,0.1725,0.1766,0.1716,0.1742,471132000
2004-02-09,0.1749,0.1783,0.1729,0.1729,373992000
2004-02-10,0.1734,0.1794,0.1734,0.1793,509700000
2004-02-11,0.1816,0.1862,0.1810,0.1856,737808000
2004-02-12,0.1846,0.1856,0.1772,0.1800,974892000
2004-02-13,0.1756,0.1828,0.1737,0.1783,1747500000
2004-02-17,0.1791,0.1808,0.1765,0.1803,575976000
2004-02-18,0.1805,0.1817,0.1791,0.1803,320244000
2004-02-19,0.1825,0.1857,0.1798,0.1802,631032000
2004-02-20,0.1799,0.1852,0.1789,0.1847,618120000
2004-02-23,0.1844,0.1847,0.1759,0.1783,853332000
2004-02-24,0.1752,0.1775,0.1693,0.1712,708384000
2004-02-25,0.1715,0.1755,0.1703,0.1722,652512000
2004-02-26,0.1747,0.1750,0.1712,0.1733,344976000
2004-02-27,0.1737,0.1739,0.1677,0.1703,595548000
2004-03-01,0.1698,0.1731,0.1696,0.1728,506628000
2004-03-02,0.1729,0.1742,0.1689,0.1696,813348000
2004-03-03,0.1691,0.1691,0.1646,0.1674,552492000
2004-03-04,0.1690,0.1713,0.1677,0.1710,413352000
2004-03-05,0.1672,0.1737,0.1666,0.1698,354888000
2004-03-08,0.1698,0.1722,0.1626,0.1639,465168000
2004-03-09,0.1653,0.1654,0.1600,0.1628,371232000
2004-03-10,0.1628,0.1656,0.1592,0.1604,481692000
2004-03-11,0.1583,0.1639,0.1583,0.1592,526872000
2004-03-12,0.1608,0.1645,0.1596,0.1625,377952000
2004-03-15,0.1614,0.1622,0.1579,0.1589,421224000
2004-03-16,0.1605,0.1664,0.1598,0.1657,597504000
2004-03-17,0.1684,0.1713,0.1677,0.1697,524592000
2004-03-18,0.1688,0.1737,0.1684,0.1716,528048000
2004-03-19,0.1711,0.1725,0.1687,0.1697,452964000
2004-03-22,0.1671,0.1697,0.1645,0.1684,576708000
2004-03-23,0.1706,0.1725,0.1671,0.1690,576036000
2004-03-24,0.1687,0.1794,0.1684,0.1766,787344000
2004-03-25,0.1786,0.1878,0.1783,0.1869,997128000
2004-03-26,0.1863,0.1892,0.1838,0.1863,551604000
2004-03-29,0.1887,0.1969,0.1886,0.1944,985764000
2004-03-30,0.1931,0.2011,0.1929,0.2002,724956000
2004-03-31,0.2012,0.2042,0.2001,0.2020,604752000
2004-04-01,0.2042,0.2064,0.1934,0.1984,1319508000
2004-04-02,0.2028,0.2041,0.1967,0.2013,649740000
2004-04-05,0.2002,0.2093,0.2002,0.2085,576744000
2004-04-06,0.2043,0.2058,0.1990,0.2000,624096000
2004-04-07,0.2012,0.2016,0.1954,0.1990,447864000
2004-04-08,0.2034,0.2066,0.2019,0.2046,447096000
2004-04-12,0.2062,0.2072,0.1996,0.2008,443784000
2004-04-13,0.2026,0.2028,0.1951,0.1961,442704000
2004-04-14,0.1951,0.2008,0.1929,0.1971,512016000
2004-04-15,0.1944,0.1953,0.1860,0.1868,828084000
2004-04-16,0.1852,0.1861,0.1803,0.1807,654864000
2004-04-19,0.1807,0.1817,0.1772,0.1804,522804000
2004-04-20,0.1809,0.1829,0.1727,0.1728,513804000
2004-04-21,0.1733,0.1791,0.1717,0.1730,688812000
2004-04-22,0.1721,0.1769,0.1678,0.1740,695520000
2004-04-23,0.1762,0.1808,0.1756,0.1778,443928000
2004-04-26,0.1782,0.1790,0.1704,0.1709,429912000
2004-04-27,0.1723,0.1775,0.1688,0.1694,494568000
2004-04-28,0.1695,0.1721,0.1674,0.1687,468768000
2004-04-29,0.1678,0.1689,0.1618,0.1641,645048000
2004-04-30,0.1639,0.1641,0.1564,0.1570,512928000
2004-05-03,0.1587,0.1603,0.1523,0.1550,610668000
2004-05-04,0.1573,0.1669,0.1569,0.1649,772380000
2004-05-05,0.1651,0.1677,0.1637,0.1663,464280000
2004-05-06,0.1645,0.1690,0.1611,0.1677,711348000
2004-05-07,0.1726,0.1758,0.1680,0.1690,956772000
2004-05-10,0.1647,0.1662,0.1588,0.1624,669072000
2004-05-11,0.1645,0.1680,0.1638,0.1664,399936000
2004-05-12,0.1656,0.1657,0.1583,0.1641,482328000
2004-05-13,0.1627,0.1676,0.1622,0.1646,347952000
2004-05-14,0.1653,0.1682,0.1638,0.1646,459000000
2004-05-17,0.1622,0.1644,0.1596,0.1620,308340000
2004-05-18,0.1635,0.1665,0.1628,0.1646,204420000
2004-05-19,0.1683,0.1706,0.1634,0.1642,498276000
2004-05-20,0.1639,0.1667,0.1610,0.1618,421488000
2004-05-21,0.1638,0.1640,0.1600,0.1622,282096000
2004-05-24,0.1619,0.1635,0.1598,0.1617,301620000
2004-05-25,0.1624,0.1695,0.1591,0.1687,681264000
2004-05-26,0.1683,0.1745,0.1677,0.1722,524568000
2004-05-27,0.1750,0.1776,0.1725,0.1727,556548000
2004-05-28,0.1745,0.1804,0.1735,0.1794,637980000
2004-06-01,0.1768,0.1811,0.1762,0.1793,318420000
2004-06-02,0.1844,0.1845,0.1778,0.1779,643800000
2004-06-03,0.1780,0.1784,0.1688,0.1693,700824000
2004-06-04,0.1728,0.1732,0.1675,0.1677,649608000
2004-06-07,0.1703,0.1736,0.1683,0.1717,571956000
2004-06-08,0.1706,0.1710,0.1661,0.1687,615000000
2004-06-09,0.1697,0.1699,0.1602,0.1608,498336000
2004-06-10,0.1634,0.1637,0.1577,0.1592,564516000
2004-06-14,0.1583,0.1583,0.1530,0.1542,424752000
2004-06-15,0.1569,0.1589,0.1550,0.1565,394584000
2004-06-16,0.1560,0.1570,0.1534,0.1540,252576000
2004-06-17,0.1533,0.1568,0.1502,0.1510,482376000
2004-06-18,0.1516,0.1554,0.1492,0.1512,534336000
2004-06-21,0.1514,0.1538,0.1475,0.1485,266568000
2004-06-22,0.1492,0.1534,0.1484,0.1527,430308000
2004-06-23,0.1523,0.1560,0.1519,0.1553,264660000
2004-06-24,0.1595,0.1600,0.1528,0.1540,590652000
2004-06-25,0.1548,0.1568,0.1532,0.1550,329124000
2004-06-28,0.1572,0.1577,0.1530,0.1537,299376000
2004-06-29,0.1546,0.1592,0.1540,0.1589,363852000
2004-06-30,0.1583,0.1591,0.1547,0.1566,329268000
2004-07-01,0.1584,0.1586,0.1492,0.1495,505620000
2004-07-02,0.1510,0.1511,0.1462,0.1474,294948000
2004-07-06,0.1456,0.1472,0.1371,0.1387,575388000
2004-07-07,0.1405,0.1434,0.1387,0.1394,344136000
2004-07-08,0.1381,0.1404,0.1349,0.1351,430056000
2004-07-09,0.1351,0.1351,0.1268,0.1293,1114500000
2004-07-12,0.1257,0.1293,0.1247,0.1263,676044000
2004-07-13,0.1279,0.1301,0.1247,0.1261,567108000
2004-07-14,0.1217,0.1250,0.1181,0.1205,901608000
2004-07-15,0.1217,0.1231,0.1189,0.1197,611352000
2004-07-16,0.1232,0.1235,0.1162,0.1162,464700000
2004-07-19,0.1178,0.1188,0.1149,0.1175,461088000
2004-07-20,0.1174,0.1203,0.1162,0.1198,341544000
2004-07-21,0.1217,0.1218,0.1122,0.1126,613416000
2004-07-22,0.1132,0.1156,0.1102,0.1149,521460000
2004-07-23,0.1157,0.1159,0.1111,0.1119,371496000
2004-07-26,0.1133,0.1143,0.1077,0.1087,503208000
2004-07-27,0.1076,0.1126,0.1059,0.1123,789888000
2004-07-28,0.1121,0.1125,0.1064,0.1095,505116000
2004-07-29,0.1105,0.1195,0.1105,0.1167,747360000
2004-07-30,0.1152,0.1201,0.1150,0.1180,403956000
2004-08-02,0.1181,0.1200,0.1161,0.1195,420984000
2004-08-03,0.1201,0.1201,0.1124,0.1133,741540000
2004-08-04,0.1133,0.1156,0.1120,0.1146,507816000
2004-08-05,0.1152,0.1163,0.1094,0.1114,859920000
2004-08-06,0.0773,0.0781,0.0712,0.0722,2147483647
2004-08-09,0.0742,0.0771,0.0728,0.0754,1579212000
2004-08-10,0.0799,0.0821,0.0783,0.0813,2051916000
2004-08-11,0.0797,0.0803,0.0784,0.0790,963816000
2004-08-12,0.0792,0.0794,0.0770,0.0771,654384000
2004-08-13,0.0788,0.0809,0.0783,0.0804,815700000
2004-08-16,0.0794,0.0816,0.0790,0.0796,531732000
2004-08-17,0.0813,0.0844,0.0806,0.0839,744912000
2004-08-18,0.0843,0.0895,0.0836,0.0895,872424000
2004-08-19,0.0886,0.0906,0.0878,0.0892,724404000
2004-08-20,0.0888,0.0958,0.0885,0.0945,1199040000
2004-08-23,0.0966,0.0976,0.0955,0.0966,800028000
2004-08-24,0.0984,0.0984,0.0911,0.0930,939420000
2004-08-25,0.0950,0.0976,0.0933,0.0970,721308000
2004-08-26,0.0966,0.0978,0.0960,0.0972,612720000
2004-08-27,0.0973,0.1004,0.0972,0.0990,565128000
2004-08-30,0.0989,0.0992,0.0956,0.0957,628056000
2004-08-31,0.0961,0.0966,0.0924,0.0953,587064000
2004-09-01,0.0941,0.0986,0.0929,0.0972,591744000
2004-09-02,0.0977,0.1019,0.0967,0.1012,770088000
2004-09-03,0.0981,0.1001,0.0973,0.0981,715056000
2004-09-07,0.0988,0.1008,0.0950,0.0963,727332000
2004-09-08,0.0963,0.0972,0.0940,0.0943,834984000
2004-09-09,0.0966,0.1054,0.0961,0.1037,1299324000
2004-09-10,0.1019,0.1082,0.1016,0.1077,1039344000
2004-09-13,0.1075,0.1119,0.1074,0.1097,967752000
2004-09-14,0.1087,0.1110,0.1079,0.1102,683556000
2004-09-15,0.1069,0.1071,0.1027,0.1041,1163904000
2004-09-16,0.1058,0.1090,0.1055,0.1080,810024000
2004-09-17,0.1088,0.1130,0.1079,0.1124,1003800000
2004-09-20,0.1102,0.1155,0.1088,0.1123,794628000
2004-09-21,0.1148,0.1162,0.1134,0.1152,503904000
2004-09-22,0.1123,0.1149,0.1094,0.1099,625920000
2004-09-23,0.1112,0.1115,0.1080,0.1109,578664000
2004-09-24,0.1114,0.1115,0.1059,0.1075,476316000
2004-09-27,0.1067,0.1079,0.1037,0.1056,406020000
2004-09-28,0.1049,0.1081,0.1039,0.1071,474840000
2004-09-29,0.1071,0.1128,0.1057,0.1097,537228000
2004-09-30,0.1110,0.1136,0.1089,0.1111,619680000
2004-10-01,0.1116,0.1163,0.1111,0.1157,590412000
2004-10-04,0.1171,0.1205,0.1165,0.1190,673932000
2004-10-05,0.1170,0.1191,0.1152,0.1163,633180000
2004-10-06,0.1161,0.1173,0.1134,0.1168,498504000
2004-10-07,0.1189,0.1216,0.1169,0.1175,798072000
2004-10-08,0.1162,0.1167,0.1100,0.1110,693420000
2004-10-11,0.1112,0.1134,0.1092,0.1112,373848000
2004-10-12,0.1074,0.1104,0.1057,0.1096,827232000
2004-10-13,0.1129,0.1143,0.1080,0.1089,672816000
2004-10-14,0.1087,0.1099,0.1048,0.1056,513264000
2004-10-15,0.1058,0.1060,0.1001,0.1027,1280484000
2004-10-18,0.1021,0.1056,0.1012,0.1045,573972000
2004-10-19,0.1069,0.1080,0.1031,0.1038,618480000
2004-10-20,0.1035,0.1055,0.1029,0.1051,540204000
2004-10-21,0.1058,0.1088,0.1053,0.1074,1013964000
2004-10-22,0.1084,0.1087,0.1013,0.1016,686460000
2004-10-25,0.1009,0.1043,0.1006,0.1021,529164000
2004-10-26,0.1122,0.1162,0.1084,0.1109,2147483647
2004-10-27,0.1102,0.1160,0.1089,0.1139,1074036000
2004-10-28,0.1126,0.1148,0.1116,0.1127,561552000
2004-10-29,0.1116,0.1132,0.1097,0.1107,742860000
2004-11-01,0.1122,0.1132,0.1108,0.1131,653892000
2004-11-02,0.1124,0.1171,0.1119,0.1147,1095756000
2004-11-03,0.1191,0.1198,0.1152,0.1158,910356000
2004-11-04,0.1156,0.1194,0.1142,0.1179,995544000
2004-11-05,0.1356,0.1436,0.1335,0.1350,2147483647
2004-11-08,0.1335,0.1383,0.1329,0.1364,718620000
2004-11-09,0.1344,0.1376,0.1343,0.1356,615936000
2004-11-10,0.1354,0.1369,0.1348,0.1356,645912000
2004-11-11,0.1364,0.1383,0.1355,0.1383,507000000
2004-11-12,0.1404,0.1408,0.1371,0.1385,647076000
2004-11-15,0.1371,0.1416,0.1363,0.1406,536472000
2004-11-16,0.1410,0.1426,0.1375,0.1401,472728000
2004-11-17,0.1418,0.1462,0.1410,0.1425,602772000
2004-11-18,0.1436,0.1455,0.1407,0.1443,532524000
2004-11-19,0.1553,0.1571,0.1439,0.1451,2126052000
2004-11-22,0.1454,0.1492,0.1442,0.1492,733788000
2004-11-23,0.1480,0.1514,0.1468,0.1498,676896000
2004-11-24,0.1497,0.1529,0.1493,0.1504,428580000
2004-11-26,0.1511,0.1534,0.1498,0.1520,350760000
2004-11-29,0.1531,0.1542,0.1477,0.1490,704388000
2004-11-30,0.1496,0.1498,0.1455,0.1464,576540000
2004-12-01,0.1475,0.1501,0.1466,0.1501,514572000
2004-12-02,0.1486,0.1532,0.1475,0.1521,758652000
2004-12-03,0.1557,0.1607,0.1552,0.1586,1347312000
2004-12-06,0.1596,0.1675,0.1566,0.1662,970500000
2004-12-07,0.1759,0.1910,0.1725,0.1746,2147483647
2004-12-08,0.1772,0.1798,0.1752,0.1766,872724000
2004-12-09,0.1730,0.1768,0.1701,0.1750,869964000
2004-12-10,0.1791,0.1803,0.1773,0.1784,652848000
2004-12-13,0.1757,0.1780,0.1726,0.1735,738024000
2004-12-14,0.1736,0.1772,0.1733,0.1770,512988000
2004-12-15,0.1787,0.1791,0.1760,0.1786,432768000
2004-12-16,0.1843,0.1902,0.1807,0.1810,1524036000
2004-12-17,0.1843,0.1851,0.1744,0.1765,1214244000
2004-12-20,0.1785,0.1813,0.1736,0.1746,898728000
2004-12-21,0.1746,0.1771,0.1703,0.1759,899400000
2004-12-22,0.1794,0.1802,0.1757,0.1761,421824000
2004-12-23,0.1751,0.1785,0.1742,0.1765,366972000
2004-12-27,0.1790,0.1798,0.1741,0.1750,308208000
2004-12-28,0.1754,0.1768,0.1734,0.1741,291612000
2004-12-29,0.1736,0.1778,0.1731,0.1756,294732000
2004-12-30,0.1757,0.1772,0.1742,0.1749,259812000
2004-12-31,0.1775,0.1812,0.1768,0.1803,575964000
2005-01-03,0.1866,0.1892,0.1797,0.1804,1066716000
2005-01-04,0.1817,0.1821,0.1692,0.1719,790224000
2005-01-05,0.1701,0.1756,0.1692,0.1736,724812000
2005-01-06,0.1766,0.1787,0.1706,0.1719,563568000
2005-01-07,0.1723,0.1736,0.1661,0.1686,763092000
2005-01-10,0.1687,0.1706,0.1680,0.1690,579552000
2005-01-11,0.1674,0.1683,0.1612,0.1638,1093380000
2005-01-12,0.1654,0.1658,0.1584,0.1624,1057800000
2005-01-13,0.1628,0.1684,0.1592,0.1641,898764000
2005-01-14,0.1671,0.1675,0.1630,0.1646,573912000
2005-01-18,0.1628,0.1676,0.1624,0.1672,464556000
2005-01-19,0.1680,0.1684,0.1627,0.1634,336492000
2005-01-20,0.1601,0.1677,0.1601,0.1638,640080000
2005-01-21,0.1640,0.1673,0.1635,0.1641,596352000
2005-01-24,0.1636,0.1655,0.1566,0.1575,463704000
2005-01-25,0.1583,0.1625,0.1573,0.1602,439704000
2005-01-26,0.1607,0.1645,0.1581,0.1623,429120000
2005-01-27,0.1626,0.1761,0.1616,0.1753,1002912000
2005-01-28,0.1760,0.1767,0.1713,0.1751,671052000
2005-01-31,0.1765,0.1787,0.1729,0.1754,562968000
2005-02-01,0.1752,0.1794,0.1742,0.1787,507180000
2005-02-02,0.1857,0.1901,0.1804,0.1886,2035404000
2005-02-03,0.1866,0.1879,0.1840,0.1866,690120000
2005-02-04,0.1867,0.1979,0.1866,0.1974,806448000
2005-02-07,0.1972,0.2013,0.1932,0.1950,521628000
2005-02-08,0.1938,0.2000,0.1931,0.1969,455772000
2005-02-09,0.1974,0.1980,0.1890,0.1900,783756000
2005-02-10,0.1910,0.1954,0.1903,0.1944,602376000
2005-02-11,0.1932,0.2016,0.1925,0.2001,556512000
2005-02-14,0.1968,0.2008,0.1951,0.1959,432900000
2005-02-15,0.1972,0.2039,0.1969,0.1977,748500000
2005-02-16,0.1970,0.1999,0.1935,0.1970,466464000
2005-02-17,0.1997,0.1997,0.1937,0.1952,1017408000
2005-02-18,0.2102,0.2166,0.2044,0.2163,2147483647
2005-02-22,0.2149,0.2241,0.2130,0.2191,1420800000
2005-02-23,0.2156,0.2182,0.2085,0.2120,1107840000
2005-02-24,0.2091,0.2179,0.2091,0.2176,695496000
2005-02-25,0.2179,0.2218,0.2155,0.2207,525132000
2005-02-28,0.2196,0.2219,0.2177,0.2218,758064000
2005-03-01,0.2228,0.2265,0.2191,0.2213,737148000
2005-03-02,0.2189,0.2201,0.2135,0.2148,947460000
2005-03-03,0.2143,0.2156,0.2088,0.2119,761292000
2005-03-04,0.2125,0.2143,0.2092,0.2110,593124000
2005-03-07,0.2119,0.2176,0.2104,0.2131,511176000
2005-03-08,0.2126,0.2130,0.2010,0.2023,1332384000
2005-03-09,0.2010,0.2048,0.1964,0.1970,910140000
2005-03-10,0.1977,0.1994,0.1938,0.1970,689280000
2005-03-11,0.1987,0.1990,0.1908,0.1925,732180000
2005-03-14,0.1965,0.1988,0.1951,0.1980,572148000
2005-03-15,0.1990,0.2009,0.1938,0.1940,378108000
2005-03-16,0.1932,0.1963,0.1906,0.1907,535356000
2005-03-17,0.1913,0.1920,0.1883,0.1888,442584000
2005-03-18,0.1891,0.1895,0.1815,0.1850,639012000
2005-03-21,0.1837,0.1918,0.1837,0.1913,654456000
2005-03-22,0.1915,0.1932,0.1872,0.1879,622992000
2005-03-23,0.1876,0.1932,0.1873,0.1919,728784000
2005-03-24,0.1925,0.1977,0.1922,0.1923,865356000
2005-03-28,0.1936,0.1951,0.1883,0.1902,511188000
2005-03-29,0.1899,0.1921,0.1851,0.1860,587400000
2005-03-30,0.1860,0.1886,0.1796,0.1860,858708000
2005-03-31,0.1849,0.1862,0.1810,0.1818,518316000
2005-04-01,0.1840,0.1851,0.1790,0.1801,510756000
2005-04-04,0.1791,0.1796,0.1750,0.1790,421428000
2005-04-05,0.1791,0.1828,0.1748,0.1759,430128000
2005-04-06,0.1791,0.1821,0.1779,0.1785,567468000
2005-04-07,0.1790,0.1837,0.1764,0.1818,506352000
2005-04-08,0.1826,0.1866,0.1791,0.1794,621540000
2005-04-11,0.1807,0.1814,0.1754,0.1759,328380000
2005-04-12,0.1754,0.1784,0.1715,0.1781,512232000
2005-04-13,0.1783,0.1788,0.1695,0.1706,498408000
2005-04-14,0.1710,0.1726,0.1687,0.1693,352080000
2005-04-15,0.1671,0.1684,0.1618,0.1634,630156000
2005-04-18,0.1624,0.1659,0.1615,0.1622,473100000
2005-04-19,0.1649,0.1691,0.1641,0.1679,365460000
2005-04-20,0.1707,0.1718,0.1626,0.1628,564672000
2005-04-21,0.1661,0.1724,0.1646,0.1719,538152000
2005-04-22,0.1707,0.1719,0.1682,0.1702,336276000
2005-04-25,0.1716,0.1742,0.1708,0.1729,318168000
2005-04-26,0.1729,0.1765,0.1686,0.1721,353148000
2005-04-27,0.1676,0.1682,0.1621,0.1655,609348000
2005-04-28,0.1650,0.1683,0.1634,0.1661,372948000
2005-04-29,0.1668,0.1690,0.1601,0.1678,478356000
2005-05-02,0.1698,0.1717,0.1647,0.1672,334908000
2005-05-03,0.1674,0.1704,0.1656,0.1663,439512000
2005-05-04,0.1671,0.1728,0.1665,0.1716,468816000
2005-05-05,0.1726,0.1771,0.1716,0.1749,619272000
2005-05-06,0.1770,0.1774,0.1729,0.1773,355728000
2005-05-09,0.1781,0.1818,0.1770,0.1806,745332000
2005-05-10,0.1783,0.1784,0.1716,0.1736,735120000
2005-05-11,0.1745,0.1752,0.1703,0.1706,555420000
2005-05-12,0.1706,0.1767,0.1705,0.1744,835584000
2005-05-13,0.1902,0.1949,0.1821,0.1938,2147483647
2005-05-16,0.1915,0.1958,0.1915,0.1945,664104000
2005-05-17,0.1934,0.1976,0.1932,0.1967,639804000
2005-05-18,0.1962,0.1986,0.1941,0.1981,550056000
2005-05-19,0.1986,0.1994,0.1955,0.1977,452880000
2005-05-20,0.1975,0.2013,0.1952,0.2013,517008000
2005-05-23,0.2026,0.2080,0.2020,0.2059,703668000
2005-05-24,0.2049,0.2096,0.2039,0.2088,522192000
2005-05-25,0.2090,0.2094,0.2042,0.2062,535272000
2005-05-26,0.2080,0.2136,0.2076,0.2120,788784000
2005-05-27,0.2124,0.2126,0.2084,0.2106,322740000
2005-05-31,0.2097,0.2114,0.2039,0.2074,763176000
2005-06-01,0.2060,0.2131,0.2036,0.2093,796632000
2005-06-02,0.2085,0.2171,0.2085,0.2171,684348000
2005-06-03,0.2163,0.2183,0.2143,0.2166,559620000
2005-06-06,0.2127,0.2169,0.2125,0.2145,512892000
2005-06-07,0.2130,0.2166,0.2085,0.2093,974136000
2005-06-08,0.2102,0.2127,0.2056,0.2078,618720000
2005-06-09,0.2062,0.2166,0.2060,0.2166,619908000
2005-06-10,0.2163,0.2166,0.2127,0.2141,465096000
2005-06-13,0.2143,0.2249,0.2137,0.2189,1409916000
2005-06-14,0.2186,0.2225,0.1990,0.2059,2147483647
2005-06-15,0.2046,0.2062,0.1972,0.2053,1669788000
2005-06-16,0.2052,0.2078,0.1986,0.2064,489240000
2005-06-17,0.2089,0.2093,0.2054,0.2059,456348000
2005-06-20,0.2059,0.2104,0.2026,0.2091,606060000
2005-06-21,0.2104,0.2120,0.2085,0.2111,428172000
2005-06-22,0.2133,0.2147,0.2082,0.2108,700668000
2005-06-23,0.2104,0.2167,0.2097,0.2141,836976000
2005-06-24,0.2137,0.2138,0.2062,0.2073,475632000
2005-06-27,0.2060,0.2077,0.2038,0.2056,354588000
2005-06-28,0.2064,0.2083,0.2042,0.2069,262308000
2005-06-29,0.2068,0.2074,0.2033,0.2050,283572000
2005-06-30,0.2064,0.2083,0.2029,0.2045,593232000
2005-07-01,0.2038,0.2057,0.2013,0.2054,315168000
2005-07-05,0.2055,0.2094,0.2042,0.2086,388440000
2005-07-06,0.2093,0.2151,0.2069,0.2142,703632000
2005-07-07,0.2108,0.2143,0.2101,0.2127,465900000
2005-07-08,0.2140,0.2160,0.2112,0.2153,408132000
2005-07-11,0.2173,0.2208,0.2163,0.2186,399492000
2005-07-12,0.2184,0.2190,0.2129,0.2173,564252000
2005-07-13,0.2186,0.2189,0.2140,0.2176,594780000
2005-07-14,0.2199,0.2242,0.2077,0.2080,1871496000
2005-07-15,0.2073,0.2080,0.2022,0.2058,1223352000
2005-07-18,0.2052,0.2052,0.1986,0.2006,1044900000
2005-07-19,0.2019,0.2039,0.2003,0.2034,517896000
2005-07-20,0.2010,0.2073,0.1983,0.2065,526500000
2005-07-21,0.2038,0.2047,0.1987,0.2029,594528000
2005-07-22,0.2039,0.2068,0.1962,0.1977,699264000
2005-07-25,0.1954,0.2049,0.1945,0.1988,974952000
2005-07-26,0.1980,0.2032,0.1972,0.2029,759492000
2005-07-27,0.2032,0.2080,0.1998,0.2071,807828000
2005-07-28,0.2067,0.2097,0.2039,0.2087,411240000
2005-07-29,0.2078,0.2101,0.2054,0.2071,351660000
2005-08-01,0.2083,0.2111,0.2069,0.2102,389040000
2005-08-02,0.2104,0.2137,0.2101,0.2130,422652000
2005-08-03,0.2122,0.2150,0.2111,0.2130,518256000
2005-08-04,0.2114,0.2124,0.2104,0.2108,356424000
2005-08-05,0.2099,0.2166,0.2091,0.2162,684096000
2005-08-08,0.2176,0.2217,0.2154,0.2169,725544000
2005-08-09,0.2173,0.2178,0.2140,0.2164,291900000
2005-08-10,0.2181,0.2184,0.2110,0.2132,440556000
2005-08-11,0.2132,0.2166,0.2111,0.2162,701556000
2005-08-12,0.2289,0.2312,0.2211,0.2292,2147483647
2005-08-15,0.2300,0.2374,0.2270,0.2350,882804000
2005-08-16,0.2328,0.2349,0.2293,0.2310,637488000
2005-08-17,0.2300,0.2339,0.2299,0.2310,607572000
2005-08-18,0.2293,0.2304,0.2241,0.2251,822732000
2005-08-19,0.2254,0.2261,0.2228,0.2235,422232000
2005-08-22,0.2231,0.2267,0.2190,0.2216,547224000
2005-08-23,0.2214,0.2242,0.2206,0.2231,254460000
2005-08-24,0.2216,0.2280,0.2205,0.2232,514620000
2005-08-25,0.2242,0.2260,0.2223,0.2248,296484000
2005-08-26,0.2250,0.2250,0.2192,0.2213,323436000
2005-08-29,0.2192,0.2219,0.2175,0.2217,343392000
2005-08-30,0.2213,0.2302,0.2210,0.2296,948852000
2005-08-31,0.2291,0.2377,0.2284,0.2348,906804000
2005-09-01,0.2341,0.2370,0.2329,0.2349,556884000
2005-09-02,0.2353,0.2353,0.2303,0.2310,469800000
2005-09-06,0.2319,0.2342,0.2283,0.2329,423096000
2005-09-07,0.2326,0.2410,0.2320,0.2404,588012000
2005-09-08,0.2389,0.2462,0.2389,0.2432,646116000
2005-09-09,0.2458,0.2469,0.2418,0.2463,454236000
2005-09-12,0.2466,0.2473,0.2426,0.2455,556584000
2005-09-13,0.2443,0.2541,0.2443,0.2529,854724000
2005-09-14,0.2510,0.2544,0.2487,0.2499,503448000
2005-09-15,0.2537,0.2571,0.2521,0.2543,759756000
2005-09-16,0.2564,0.2578,0.2524,0.2544,519828000
2005-09-19,0.2541,0.2550,0.2495,0.2508,428316000
2005-09-20,0.2528,0.2586,0.2524,0.2557,522192000
2005-09-21,0.2547,0.2598,0.2513,0.2535,625656000
2005-09-22,0.2541,0.2541,0.2422,0.2467,739152000
2005-09-23,0.2462,0.2525,0.2441,0.2503,314640000
2005-09-26,0.2522,0.2541,0.2477,0.2524,406776000
2005-09-27,0.2534,0.2557,0.2513,0.2532,404160000
2005-09-28,0.2540,0.2554,0.2511,0.2547,353556000
2005-09-29,0.2548,0.2602,0.2528,0.2600,513372000
2005-09-30,0.2602,0.2647,0.2596,0.2623,458832000
2005-10-03,0.2638,0.2714,0.2632,0.2695,549888000
2005-10-04,0.2688,0.2751,0.2654,0.2660,514476000
2005-10-05,0.2663,0.2663,0.2556,0.2572,599184000
2005-10-06,0.2569,0.2609,0.2485,0.2563,685512000
2005-10-07,0.2567,0.2593,0.2510,0.2530,551952000
2005-10-10,0.2543,0.2547,0.2465,0.2466,459216000
2005-10-11,0.2475,0.2496,0.2407,0.2435,540048000
2005-10-12,0.2428,0.2502,0.2425,0.2464,657660000
2005-10-13,0.2459,0.2463,0.2357,0.2451,509304000
2005-10-14,0.2469,0.2499,0.2411,0.2451,311256000
2005-10-17,0.2453,0.2499,0.2453,0.2475,243912000
2005-10-18,0.2484,0.2489,0.2418,0.2434,299832000
2005-10-19,0.2403,0.2417,0.2335,0.2414,635952000
2005-10-20,0.2417,0.2481,0.2407,0.2430,359520000
2005-10-21,0.2472,0.2479,0.2427,0.2444,298368000
2005-10-24,0.2466,0.2511,0.2443,0.2511,291012000
2005-10-25,0.2494,0.2534,0.2483,0.2527,334680000
2005-10-26,0.2528,0.2533,0.2454,0.2458,415344000
2005-10-27,0.2463,0.2470,0.2399,0.2407,227784000
2005-10-28,0.2413,0.2485,0.2353,0.2481,464640000
2005-10-31,0.2491,0.2585,0.2491,0.2567,432420000
2005-11-01,0.2548,0.2587,0.2516,0.2536,400488000
2005-11-02,0.2537,0.2686,0.2525,0.2683,523668000
2005-11-03,0.2701,0.2717,0.2630,0.2652,465072000
2005-11-04,0.2653,0.2659,0.2579,0.2606,570276000
2005-11-07,0.2620,0.2629,0.2584,0.2595,370824000
2005-11-08,0.2605,0.2607,0.2535,0.2547,538968000
2005-11-09,0.2552,0.2678,0.2523,0.2662,818880000
2005-11-10,0.2754,0.2814,0.2513,0.2563,2147483647
2005-11-11,0.2585,0.2635,0.2574,0.2605,545928000
2005-11-14,0.2606,0.2678,0.2566,0.2660,493668000
2005-11-15,0.2676,0.2701,0.2658,0.2666,496200000
2005-11-16,0.2667,0.2684,0.2605,0.2657,455280000
2005-11-17,0.2679,0.2777,0.2648,0.2775,703260000
2005-11-18,0.2784,0.2807,0.2715,0.2769,465768000
2005-11-21,0.2772,0.2823,0.2754,0.2818,454704000
2005-11-22,0.2833,0.2921,0.2811,0.2893,731700000
2005-11-23,0.2896,0.2927,0.2870,0.2885,411948000
2005-11-25,0.2899,0.2918,0.2879,0.2913,116676000
2005-11-28,0.2921,0.2946,0.2847,0.2899,424524000
2005-11-29,0.2727,0.2805,0.2703,0.2715,1043136000
2005-11-30,0.2696,0.2780,0.2695,0.2766,575448000
2005-12-01,0.2789,0.2812,0.2759,0.2799,562032000
2005-12-02,0.2812,0.2819,0.2763,0.2800,334476000
2005-12-05,0.2806,0.2806,0.2739,0.2748,387708000
2005-12-06,0.2753,0.2797,0.2749,0.2759,375252000
2005-12-07,0.2770,0.2787,0.2717,0.2764,352668000
2005-12-08,0.2750,0.2785,0.2710,0.2742,386664000
2005-12-09,0.2750,0.2785,0.2712,0.2781,262896000
2005-12-12,0.2789,0.2828,0.2784,0.2821,281136000
2005-12-13,0.2827,0.2883,0.2806,0.2858,443412000
2005-12-14,0.2837,0.2851,0.2798,0.2831,287472000
2005-12-15,0.2829,0.2851,0.2766,0.2795,332724000
2005-12-16,0.2805,0.2832,0.2779,0.2820,1065600000
2005-12-19,0.2834,0.2847,0.2766,0.2773,292296000
2005-12-20,0.2770,0.2812,0.2735,0.2772,304356000
2005-12-21,0.2766,0.2808,0.2741,0.2766,289380000
2005-12-22,0.2764,0.2854,0.2763,0.2851,318336000
2005-12-23,0.2858,0.2877,0.2839,0.2873,214536000
2005-12-27,0.2870,0.2922,0.2860,0.2890,367968000
2005-12-28,0.2890,0.2926,0.2872,0.2917,264420000
2005-12-29,0.2916,0.2925,0.2840,0.2852,310464000
2005-12-30,0.2836,0.2837,0.2786,0.2798,229608000
2006-01-03,0.2813,0.2946,0.2805,0.2925,472812000
2006-01-04,0.2947,0.3011,0.2916,0.3007,510072000
2006-01-05,0.3007,0.3080,0.3002,0.3075,646092000
2006-01-06,0.3110,0.3137,0.2988,0.3125,623388000
2006-01-09,0.3124,0.3229,0.3117,0.3212,560484000
2006-01-10,0.3197,0.3213,0.3157,0.3213,339660000
2006-01-11,0.3216,0.3348,0.3211,0.3330,626304000
2006-01-12,0.3329,0.3380,0.3258,0.3282,495504000
2006-01-13,0.3274,0.3301,0.3207,0.3253,421296000
2006-01-17,0.3198,0.3252,0.3166,0.3251,329232000
2006-01-18,0.3154,0.3278,0.3122,0.3268,459948000
2006-01-19,0.3311,0.3494,0.3305,0.3449,914760000
2006-01-20,0.3454,0.3494,0.3352,0.3353,461604000
2006-01-23,0.3379,0.3400,0.3333,0.3372,334884000
2006-01-24,0.3379,0.3459,0.3370,0.3388,388896000
2006-01-25,0.3405,0.3428,0.3318,0.3359,400236000
2006-01-26,0.3408,0.3476,0.3386,0.3473,448836000
2006-01-27,0.3520,0.3578,0.3489,0.3539,385044000
2006-01-30,0.3558,0.3558,0.3483,0.3499,315780000
2006-01-31,0.3483,0.3501,0.3414,0.3441,384456000
2006-02-01,0.3379,0.3457,0.3366,0.3443,450852000
2006-02-02,0.3473,0.3476,0.3333,0.3338,473736000
2006-02-03,0.3318,0.3410,0.3306,0.3369,504252000
2006-02-06,0.3366,0.3467,0.3345,0.3463,363468000
2006-02-07,0.3467,0.3470,0.3339,0.3340,399408000
2006-02-08,0.3356,0.3437,0.3340,0.3437,393072000
2006-02-09,0.3456,0.3501,0.3357,0.3379,437100000
2006-02-10,0.3383,0.3406,0.3281,0.3359,414996000
2006-02-13,0.3346,0.3395,0.3326,0.3371,280740000
2006-02-14,0.3371,0.3389,0.3333,0.3377,342348000
2006-02-15,0.3379,0.3451,0.3362,0.3442,493296000
2006-02-16,0.3507,0.3620,0.3483,0.3612,1305888000
2006-02-17,0.3874,0.3881,0.3612,0.3633,2147483647
2006-02-21,0.3620,0.3631,0.3524,0.3555,684060000
2006-02-22,0.3505,0.3577,0.3421,0.3549,939756000
2006-02-23,0.3535,0.3562,0.3485,0.3495,385128000
2006-02-24,0.3510,0.3552,0.3476,0.3494,416412000
2006-02-27,0.3520,0.3658,0.3484,0.3636,666468000
2006-02-28,0.3615,0.3650,0.3571,0.3607,563316000
2006-03-01,0.3607,0.3765,0.3597,0.3744,703932000
2006-03-02,0.3740,0.3802,0.3701,0.3749,545460000
2006-03-03,0.3721,0.3827,0.3708,0.3762,595800000
2006-03-06,0.3838,0.3861,0.3736,0.3754,529020000
2006-03-07,0.3773,0.3784,0.3616,0.3690,606204000
2006-03-08,0.3691,0.3710,0.3540,0.3672,670800000
2006-03-09,0.3720,0.3778,0.3688,0.3691,536700000
2006-03-10,0.3685,0.3734,0.3594,0.3626,521580000
2006-03-13,0.3676,0.3688,0.3636,0.3670,372132000
2006-03-14,0.3675,0.3787,0.3659,0.3772,627792000
2006-03-15,0.3772,0.3838,0.3765,0.3832,510600000
2006-03-16,0.3840,0.3844,0.3689,0.3702,568416000
2006-03-17,0.3688,0.3742,0.3630,0.3732,618588000
2006-03-20,0.3766,0.3766,0.3700,0.3704,293772000
2006-03-21,0.3785,0.3956,0.3785,0.3887,1235472000
2006-03-22,0.3786,0.3806,0.3690,0.3775,1158576000
2006-03-23,0.3794,0.3861,0.3745,0.3845,661992000
2006-03-24,0.3858,0.3982,0.3849,0.3975,687936000
2006-03-27,0.3979,0.4086,0.3965,0.4083,651444000
2006-03-28,0.4063,0.4200,0.4056,0.4145,795204000
2006-03-29,0.4155,0.4376,0.4128,0.4368,987096000
2006-03-30,0.4355,0.4422,0.4294,0.4398,1063308000
2006-03-31,0.4404,0.4456,0.4355,0.4382,835560000
2006-04-03,0.4415,0.4492,0.4350,0.4431,968916000
2006-04-04,0.4445,0.4645,0.4432,0.4638,1200612000
2006-04-05,0.4624,0.4699,0.4531,0.4676,1112976000
2006-04-06,0.4663,0.4720,0.4599,0.4685,789312000
2006-04-07,0.4659,0.4706,0.4581,0.4673,341335980
2006-04-10,0.4668,0.4689,0.4556,0.4591,634228020
2006-04-11,0.4591,0.4607,0.4452,0.4480,702072000
2006-04-12,0.4518,0.4685,0.4484,0.4660,598308000
2006-04-13,0.4561,0.4613,0.4512,0.4530,738360000
2006-04-17,0.4510,0.4656,0.4506,0.4542,443868000
2006-04-18,0.4454,0.4463,0.4314,0.4435,1165488000
2006-04-19,0.4425,0.4512,0.4347,0.4463,517476000
2006-04-20,0.4420,0.4536,0.4350,0.4457,552684000
2006-04-21,0.4489,0.4489,0.4244,0.4296,770016000
2006-04-24,0.4324,0.4471,0.4247,0.4428,676848000
2006-04-25,0.4392,0.4435,0.4301,0.4425,719764020
2006-04-26,0.4455,0.4509,0.4347,0.4394,330528000
2006-04-27,0.4362,0.4506,0.4282,0.4464,462964020
2006-04-28,0.4461,0.4529,0.4429,0.4472,284736000
2006-05-01,0.4515,0.4816,0.4503,0.4729,902472000
2006-05-02,0.4766,0.4821,0.4642,0.4723,539700000
2006-05-03,0.4689,0.4806,0.4665,0.4754,378112020
2006-05-04,0.4660,0.4775,0.4636,0.4723,511128000
2006-05-05,0.4748,0.4804,0.4682,0.4787,338184000
2006-05-08,0.4775,0.4879,0.4722,0.4766,503620020
2006-05-09,0.4760,0.4784,0.4614,0.4621,561648000
2006-05-10,0.4565,0.4619,0.4472,0.4518,753264000
2006-05-11,0.4564,0.4607,0.4322,0.4357,1201108020
2006-05-12,0.4259,0.4275,0.3939,0.4030,1568172000
2006-05-15,0.4021,0.4123,0.3987,0.4088,553380000
2006-05-16,0.4111,0.4112,0.3955,0.3981,497532000
2006-05-17,0.3967,0.3990,0.3750,0.3820,841072020
2006-05-18,0.3851,0.3887,0.3643,0.3647,686728020
2006-05-19,0.3681,0.3811,0.3644,0.3724,932808000
2006-05-22,0.3704,0.3711,0.3572,0.3673,734884020
2006-05-23,0.3750,0.3837,0.3618,0.3633,532312020
2006-05-24,0.3665,0.3789,0.3583,0.3681,579520020
2006-05-25,0.3750,0.3805,0.3641,0.3661,423664020
2006-05-26,0.3675,0.3699,0.3630,0.3669,294640020
2006-05-30,0.3675,0.3676,0.3514,0.3516,448788000
2006-05-31,0.3563,0.3597,0.3496,0.3517,598420020
2006-06-01,0.3557,0.3701,0.3502,0.3701,537124020
2006-06-02,0.3760,0.3779,0.3610,0.3647,673708020
2006-06-05,0.3627,0.3695,0.3483,0.3494,581052000
2006-06-06,0.3538,0.3542,0.3306,0.3401,824128020
2006-06-07,0.3437,0.3444,0.3313,0.3340,565380000
2006-06-08,0.3301,0.3344,0.3147,0.3278,730572000
2006-06-09,0.3321,0.3378,0.3240,0.3300,433824000
2006-06-12,0.3225,0.3254,0.3069,0.3087,463228020
2006-06-13,0.3085,0.3148,0.3010,0.3040,532548000
2006-06-14,0.3058,0.3137,0.3026,0.3128,480492000
2006-06-15,0.3243,0.3413,0.3217,0.3402,837336000
2006-06-16,0.3379,0.3388,0.3283,0.3315,503448000
2006-06-19,0.3352,0.3369,0.3208,0.3216,388044000
2006-06-20,0.3127,0.3237,0.3115,0.3165,535816020
2006-06-21,0.3151,0.3251,0.3151,0.3200,441172020
2006-06-22,0.3235,0.3245,0.3085,0.3107,532336020
2006-06-23,0.3101,0.3173,0.3072,0.3108,335200020
2006-06-26,0.3104,0.3137,0.3064,0.3079,281736000
2006-06-27,0.3098,0.3101,0.2940,0.2981,608512020
2006-06-28,0.3004,0.3196,0.2926,0.3147,833376000
2006-06-29,0.3061,0.3289,0.3050,0.3289,687664020
2006-06-30,0.3321,0.3373,0.3234,0.3258,468240000
2006-07-03,0.3333,0.3336,0.3283,0.3306,174696000
2006-07-05,0.3254,0.3283,0.3157,0.3157,459708000
2006-07-06,0.3157,0.3188,0.3027,0.3059,470632020
2006-07-07,0.3081,0.3087,0.2931,0.2965,541228020
2006-07-10,0.2971,0.2994,0.2810,0.2836,449920020
2006-07-11,0.2827,0.2942,0.2785,0.2931,600580020
2006-07-12,0.2920,0.2954,0.2787,0.2790,461032020
2006-07-13,0.2747,0.2816,0.2704,0.2718,540580020
2006-07-14,0.2769,0.2784,0.2628,0.2704,572148000
2006-07-17,0.2692,0.2756,0.2678,0.2726,502804020
2006-07-18,0.2819,0.2903,0.2718,0.2874,979332000
2006-07-19,0.2862,0.3036,0.2841,0.3000,1055548020
2006-07-20,0.3053,0.3107,0.2935,0.2940,505600020
2006-07-21,0.2841,0.2853,0.2698,0.2720,633916020
2006-07-24,0.2820,0.3062,0.2805,0.2994,983176020
2006-07-25,0.3030,0.3131,0.2986,0.3099,574104000
2006-07-26,0.3099,0.3136,0.3007,0.3099,495316020
2006-07-27,0.3139,0.3268,0.3087,0.3144,694336020
2006-07-28,0.3225,0.3476,0.3206,0.3470,815296020
2006-07-31,0.3433,0.3468,0.3379,0.3388,594760020
2006-08-01,0.3347,0.3353,0.3191,0.3252,600964020
2006-08-02,0.3324,0.3519,0.3317,0.3502,756772020
2006-08-03,0.3489,0.3817,0.3441,0.3722,890568000
2006-08-04,0.3820,0.3826,0.3577,0.3672,818232000
2006-08-07,0.3607,0.3675,0.3558,0.3629,436144020
2006-08-08,0.3658,0.3803,0.3649,0.3725,619804020
2006-08-09,0.3799,0.3903,0.3696,0.3724,584704020
2006-08-10,0.3682,0.3719,0.3620,0.3698,1072140000
2006-08-11,0.3428,0.3675,0.3416,0.3581,1603272000
2006-08-14,0.3625,0.3662,0.3543,0.3563,809412000
2006-08-15,0.3655,0.3926,0.3620,0.3906,902172000
2006-08-16,0.3927,0.4203,0.3826,0.4186,1029244020
2006-08-17,0.4134,0.4242,0.4079,0.4120,814224000
2006-08-18,0.4125,0.4209,0.3981,0.4187,665896020
2006-08-21,0.4125,0.4132,0.4024,0.4033,500220000
2006-08-22,0.4021,0.4138,0.4018,0.4027,473928000
2006-08-23,0.4057,0.4099,0.3935,0.4024,485412000
2006-08-24,0.4034,0.4086,0.3970,0.4065,260800020
2006-08-25,0.4034,0.4125,0.3995,0.4053,238312020
2006-08-28,0.4120,0.4311,0.4112,0.4192,764560020
2006-08-29,0.4232,0.4402,0.4201,0.4382,727960020
2006-08-30,0.4405,0.4518,0.4396,0.4472,681564000
2006-08-31,0.4461,0.4481,0.4359,0.4455,511276020
2006-09-01,0.4389,0.4425,0.4252,0.4269,605740020
2006-09-05,0.4282,0.4379,0.4220,0.4362,549352020
2006-09-06,0.4285,0.4291,0.4132,0.4143,493572000
2006-09-07,0.4076,0.4319,0.4031,0.4226,742836000
2006-09-08,0.4293,0.4311,0.4146,0.4239,447976020
2006-09-11,0.4145,0.4354,0.4097,0.4305,598264020
2006-09-12,0.4285,0.4446,0.4275,0.4418,498432000
2006-09-13,0.4429,0.4512,0.4415,0.4454,476284020
2006-09-14,0.4432,0.4515,0.4379,0.4437,428812020
2006-09-15,0.4452,0.4546,0.4431,0.4524,649764000
2006-09-18,0.4536,0.4703,0.4523,0.4696,793896000
2006-09-19,0.4665,0.4699,0.4535,0.4573,708052020
2006-09-20,0.4633,0.4746,0.4624,0.4740,511884000
2006-09-21,0.4735,0.4783,0.4657,0.4702,539104020
2006-09-22,0.4687,0.4717,0.4510,0.4562,653332020
2006-09-25,0.4630,0.4746,0.4506,0.4726,684484020
2006-09-26,0.4722,0.4734,0.4567,0.4627,516120000
2006-09-27,0.4613,0.4760,0.4568,0.4613,578140020
2006-09-28,0.4432,0.4544,0.4413,0.4526,647344020
2006-09-29,0.4556,0.4591,0.4504,0.4529,373888020
2006-10-02,0.4507,0.4536,0.4377,0.4414,647440020
2006-10-03,0.4331,0.4365,0.4235,0.4331,907692000
2006-10-04,0.4337,0.4758,0.4325,0.4757,1460380020
2006-10-05,0.4738,0.4786,0.4610,0.4622,662680020
2006-10-06,0.4630,0.4783,0.4616,0.4734,593608020
2006-10-09,0.4722,0.5101,0.4709,0.5038,932304000
2006-10-10,0.5012,0.5032,0.4867,0.4924,624648000
2006-10-11,0.4898,0.5038,0.4823,0.4951,481944000
2006-10-12,0.4979,0.5074,0.4899,0.4971,414720000
2006-10-13,0.4954,0.5198,0.4873,0.5168,584188020
2006-10-16,0.5185,0.5269,0.5067,0.5159,478968000
2006-10-17,0.5075,0.5110,0.4913,0.4962,526504020
2006-10-18,0.5036,0.5089,0.4795,0.4830,822748020
2006-10-19,0.4812,0.4959,0.4774,0.4922,473040000
2006-10-20,0.4960,0.4963,0.4795,0.4865,359476020
2006-10-23,0.4855,0.4973,0.4821,0.4833,280248000
2006-10-24,0.4842,0.5029,0.4829,0.4974,519288000
2006-10-25,0.5022,0.5096,0.4937,0.5020,389436000
2006-10-26,0.5032,0.5196,0.5032,0.5179,366688020
2006-10-27,0.5179,0.5294,0.4898,0.4956,566988000
2006-10-30,0.4989,0.5104,0.4936,0.5015,479592000
2006-10-31,0.5126,0.5337,0.5100,0.5337,996172020
2006-11-01,0.5266,0.5315,0.4852,0.4925,1176540000
2006-11-02,0.4948,0.5055,0.4824,0.4891,862944000
2006-11-03,0.4947,0.4995,0.4867,0.4989,548068020
2006-11-06,0.5003,0.5210,0.4940,0.5141,739600020
2006-11-07,0.5179,0.5274,0.5150,0.5219,553252020
2006-11-08,0.5182,0.5360,0.5170,0.5295,648324000
2006-11-09,0.5403,0.5540,0.5355,0.5401,1207756020
2006-11-10,0.5355,0.5381,0.5138,0.5271,1317192000
2006-11-13,0.5281,0.5525,0.5280,0.5510,852280020
2006-11-14,0.5490,0.5576,0.5372,0.5565,628528020
2006-11-15,0.5548,0.5625,0.5442,0.5473,491892000
2006-11-16,0.5496,0.5563,0.5449,0.5543,457180020
2006-11-17,0.5505,0.5574,0.5471,0.5559,361608000
2006-11-20,0.5490,0.5641,0.5449,0.5611,608632020
2006-11-21,0.5628,0.5637,0.5485,0.5524,387384000
2006-11-22,0.5543,0.5625,0.5514,0.5618,240256020
2006-11-24,0.5591,0.5672,0.5540,0.5660,144336000
2006-11-27,0.5626,0.5701,0.5366,0.5404,585292020
2006-11-28,0.5386,0.5554,0.5302,0.5505,480964020
2006-11-29,0.5556,0.5654,0.5534,0.5586,579792000
2006-11-30,0.5586,0.5707,0.5519,0.5661,583632000
2006-12-01,0.5598,0.5606,0.5390,0.5439,785008020
2006-12-04,0.5510,0.5730,0.5490,0.5660,621568020
2006-12-05,0.5600,0.5634,0.5539,0.5602,663352020
2006-12-06,0.5620,0.5620,0.5517,0.5594,478240020
2006-12-07,0.5594,0.5625,0.5410,0.5459,486892020
2006-12-08,0.5419,0.5516,0.5341,0.5441,564856020
2006-12-11,0.5442,0.5600,0.5430,0.5534,515484000
2006-12-12,0.5493,0.5511,0.5404,0.5478,568116000
2006-12-13,0.5522,0.5586,0.5522,0.5542,491952000
2006-12-14,0.5586,0.5710,0.5582,0.5640,715380000
2006-12-15,0.5677,0.5739,0.5641,0.5739,746092020
2006-12-18,0.5745,0.5908,0.5742,0.5839,688356000
2006-12-19,0.5763,0.5954,0.5756,0.5923,545620020
2006-12-20,0.5892,0.5963,0.5851,0.5856,306592020
2006-12-21,0.5888,0.5905,0.5739,0.5805,367920000
2006-12-22,0.5796,0.5816,0.5640,0.5667,370168020
2006-12-26,0.5698,0.5748,0.5643,0.5666,228192000
2006-12-27,0.5690,0.5761,0.5690,0.5741,264952020
2006-12-28,0.5747,0.5753,0.5673,0.5700,213912000
2006-12-29,0.5700,0.5819,0.5658,0.5664,386092020
2007-01-03,0.5673,0.5742,0.5325,0.5522,1154820000
2007-01-04,0.5502,0.5522,0.5361,0.5496,797296020
2007-01-05,0.5366,0.5387,0.5115,0.5152,1243344000
2007-01-08,0.5170,0.5289,0.5081,0.5190,657268020
2007-01-09,0.5198,0.5233,0.5083,0.5089,764164020
2007-01-10,0.5035,0.5387,0.4959,0.5340,1108744020
2007-01-11,0.5340,0.5381,0.5233,0.5320,924504000
2007-01-12,0.5240,0.5413,0.5216,0.5392,698188020
2007-01-16,0.5433,0.5436,0.5340,0.5401,711864000
2007-01-17,0.5326,0.5358,0.5268,0.5288,707932020
2007-01-18,0.5242,0.5242,0.4784,0.4850,1501636020
2007-01-19,0.4798,0.4980,0.4764,0.4879,942604020
2007-01-22,0.4925,0.5005,0.4861,0.4879,730644000
2007-01-23,0.4856,0.4959,0.4766,0.4881,630352020
2007-01-24,0.4943,0.5098,0.4920,0.5032,685720020
2007-01-25,0.5078,0.5096,0.4832,0.4856,616284000
2007-01-26,0.4898,0.4945,0.4729,0.4816,829584000
2007-01-29,0.4794,0.4798,0.4578,0.4619,1258284000
2007-01-30,0.4650,0.4738,0.4608,0.4708,636172020
2007-01-31,0.4685,0.4735,0.4627,0.4691,467976000
2007-02-01,0.4647,0.4775,0.4637,0.4751,650896020
2007-02-02,0.4777,0.4898,0.4737,0.4875,586588020
2007-02-05,0.4898,0.4995,0.4890,0.4954,579904020
2007-02-06,0.5066,0.5194,0.4991,0.5130,775384020
2007-02-07,0.5171,0.5343,0.5141,0.5331,761056020
2007-02-08,0.5250,0.5337,0.5204,0.5262,726276000
2007-02-09,0.5288,0.5332,0.4977,0.4997,937956000
2007-02-12,0.5034,0.5216,0.4980,0.5107,789360000
2007-02-13,0.5190,0.5245,0.5138,0.5204,849732000
2007-02-14,0.5250,0.5280,0.5123,0.5135,1081848000
2007-02-15,0.5132,0.5191,0.5083,0.5165,488680020
2007-02-16,0.5144,0.5150,0.4992,0.5008,915060000
2007-02-20,0.5015,0.5080,0.4980,0.5052,625576020
2007-02-21,0.5011,0.5064,0.4927,0.4977,655332000
2007-02-22,0.5055,0.5136,0.4997,0.5009,655452000
2007-02-23,0.5057,0.5060,0.4995,0.4997,403048020
2007-02-26,0.5011,0.5049,0.4913,0.4920,494068020
2007-02-27,0.4867,0.4982,0.4764,0.4772,714628020
2007-02-28,0.4758,0.4847,0.4700,0.4744,780048000
2007-03-01,0.4642,0.4774,0.4581,0.4686,837228000
2007-03-02,0.4645,0.4702,0.4547,0.4556,682728000
2007-03-05,0.4477,0.4565,0.4386,0.4402,663556020
2007-03-06,0.4498,0.4712,0.4480,0.4662,805972020
2007-03-07,0.4639,0.4660,0.4510,0.4530,811656000
2007-03-08,0.4625,0.4769,0.4622,0.4717,770620020
2007-03-09,0.4783,0.4836,0.4616,0.4669,555304020
2007-03-12,0.4616,0.4709,0.4610,0.4642,428008020
2007-03-13,0.4594,0.4622,0.4443,0.4446,617068020
2007-03-14,0.4458,0.4484,0.4291,0.4425,971608020
2007-03-15,0.4414,0.4454,0.4313,0.4380,655752000
2007-03-16,0.4383,0.4391,0.4308,0.4339,525648000
2007-03-19,0.4362,0.4431,0.4347,0.4360,461508000
2007-03-20,0.4347,0.4446,0.4322,0.4339,656488020
2007-03-21,0.4515,0.4659,0.4429,0.4587,1268376000
2007-03-22,0.4591,0.4715,0.4570,0.4688,810952020
2007-03-23,0.4653,0.4735,0.4602,0.4636,524640000
2007-03-26,0.4639,0.4683,0.4561,0.4645,447336000
2007-03-27,0.4634,0.4643,0.4553,0.4558,469020000
2007-03-28,0.4520,0.4558,0.4463,0.4471,459504000
2007-03-29,0.4538,0.4544,0.4321,0.4392,719016000
2007-03-30,0.4452,0.4484,0.4382,0.4405,581244000
2007-04-02,0.4394,0.4431,0.4328,0.4400,400828020
2007-04-03,0.4400,0.4449,0.4342,0.4383,473724000
2007-04-04,0.4377,0.4412,0.4362,0.4374,361692000
2007-04-05,0.4392,0.4734,0.4392,0.4729,1332900000
2007-04-09,0.4729,0.4783,0.4634,0.4643,640948020
2007-04-10,0.4637,0.4691,0.4587,0.4596,794220000
2007-04-11,0.4605,0.4651,0.4498,0.4513,810148020
2007-04-12,0.4489,0.4656,0.4460,0.4642,743640000
2007-04-13,0.4627,0.4689,0.4570,0.4680,638692020
2007-04-16,0.4668,0.4703,0.4596,0.4656,671836020
2007-04-17,0.4774,0.4882,0.4677,0.4700,1059108000
2007-04-18,0.4692,0.4800,0.4668,0.4758,683800020
2007-04-19,0.4720,0.4852,0.4706,0.4824,568056000
2007-04-20,0.4894,0.4898,0.4816,0.4881,590052000
2007-04-23,0.4858,0.4867,0.4787,0.4801,595272000
2007-04-24,0.4882,0.5026,0.4850,0.4982,1028088000
2007-04-25,0.4974,0.5095,0.4951,0.5067,509640000
2007-04-26,0.5067,0.5168,0.5022,0.5130,500068020
2007-04-27,0.5113,0.5170,0.4980,0.5061,554056020
2007-04-30,0.5130,0.5194,0.5032,0.5034,563388000
2007-05-01,0.5126,0.5159,0.5046,0.5087,544552020
2007-05-02,0.5113,0.5135,0.5002,0.5028,659656020
2007-05-03,0.5075,0.5156,0.5066,0.5123,500248020
2007-05-04,0.5150,0.5185,0.5101,0.5159,405244020
2007-05-07,0.5234,0.5292,0.5051,0.5057,557100000
2007-05-08,0.5026,0.5107,0.4928,0.5095,737100000
2007-05-09,0.5058,0.5147,0.5000,0.5118,417868020
2007-05-10,0.5139,0.5207,0.4979,0.5023,802584000
2007-05-11,0.5294,0.5430,0.5213,0.5378,1530628020
2007-05-14,0.5357,0.5407,0.5274,0.5325,731568000
2007-05-15,0.5340,0.5372,0.5265,0.5277,621360000
2007-05-16,0.5282,0.5344,0.5181,0.5344,523104000
2007-05-17,0.5329,0.5357,0.5225,0.5256,443664000
2007-05-18,0.5295,0.5375,0.5251,0.5360,604264020
2007-05-21,0.5344,0.5510,0.5318,0.5377,645768000
2007-05-22,0.5381,0.5455,0.5294,0.5406,401736000
2007-05-23,0.5409,0.5441,0.5246,0.5262,448248000
2007-05-24,0.5286,0.5302,0.5051,0.5072,607800000
2007-05-25,0.5109,0.5178,0.5093,0.5152,308976000
2007-05-29,0.5130,0.5224,0.5115,0.5207,316240020
2007-05-30,0.5145,0.5219,0.5081,0.5219,331648020
2007-05-31,0.5257,0.5334,0.5233,0.5301,481572000
2007-06-01,0.5361,0.5441,0.5329,0.5338,429084000
2007-06-04,0.5289,0.5398,0.5268,0.5367,322000020
2007-06-05,0.5383,0.5536,0.5374,0.5527,698584020
2007-06-06,0.5488,0.5657,0.5465,0.5568,950736000
2007-06-07,0.5542,0.5625,0.5507,0.5508,791860020
2007-06-08,0.5462,0.5602,0.5395,0.5594,533268000
2007-06-11,0.5594,0.5647,0.5563,0.5614,434632020
2007-06-12,0.5585,0.5663,0.5553,0.5556,526768020
2007-06-13,0.5617,0.5690,0.5545,0.5689,587232000
2007-06-14,0.5663,0.5811,0.5655,0.5790,508548000
2007-06-15,0.5856,0.6099,0.5854,0.6053,1081996020
2007-06-18,0.6114,0.6136,0.6007,0.6056,685660020
2007-06-19,0.6018,0.6108,0.5977,0.6094,491952000
2007-06-20,0.6122,0.6153,0.6059,0.6100,822792000
2007-06-21,0.6218,0.6632,0.6171,0.6578,1297324020
2007-06-22,0.6581,0.6714,0.6482,0.6676,882616020
2007-06-25,0.6489,0.6648,0.6430,0.6500,819700020
2007-06-26,0.6483,0.6501,0.6183,0.6198,868480020
2007-06-27,0.6198,0.6373,0.6168,0.6365,613140000
2007-06-28,0.6384,0.6495,0.6321,0.6426,597532020
2007-06-29,0.6469,0.6471,0.6319,0.6322,516568020
2007-07-02,0.6413,0.6588,0.6393,0.6586,563848020
2007-07-03,0.6581,0.6648,0.6527,0.6596,238768020
2007-07-05,0.6598,0.6688,0.6566,0.6667,373288020
2007-07-06,0.6658,0.6725,0.6645,0.6699,282720000
2007-07-09,0.6723,0.6925,0.6722,0.6893,536784000
2007-07-10,0.6858,0.7002,0.6785,0.6961,552652020
2007-07-11,0.6959,0.7007,0.6834,0.6930,582612000
2007-07-12,0.6979,0.7071,0.6930,0.7064,438732000
2007-07-13,0.7043,0.7127,0.7013,0.7020,372628020
2007-07-16,0.7026,0.7176,0.7025,0.7147,541708020
2007-07-17,0.7176,0.7320,0.7111,0.7117,643812000
2007-07-18,0.7014,0.7036,0.6849,0.6987,550656000
2007-07-19,0.7086,0.7121,0.6929,0.6979,407376000
2007-07-20,0.7025,0.7049,0.6869,0.6902,505648020
2007-07-23,0.6878,0.7114,0.6863,0.6971,360472020
2007-07-24,0.6944,0.7002,0.6745,0.6787,457560000
2007-07-25,0.6789,0.6886,0.6599,0.6756,437196000
2007-07-26,0.6684,0.6884,0.6593,0.6789,710268000
2007-07-27,0.6803,0.7085,0.6769,0.6772,615480000
2007-07-30,0.6797,0.6973,0.6795,0.6962,538156020
2007-07-31,0.7238,0.7336,0.6994,0.7003,711492000
2007-08-01,0.6902,0.7072,0.6627,0.6951,705828000
2007-08-02,0.7031,0.7037,0.6827,0.6921,468604020
2007-08-03,0.6898,0.6948,0.6508,0.6511,623412000
2007-08-06,0.6566,0.6615,0.6382,0.6566,524724000
2007-08-07,0.6537,0.6778,0.6479,0.6670,565764000
2007-08-08,0.6790,0.7186,0.6739,0.6977,660744000
2007-08-09,0.7025,0.7254,0.6864,0.7060,1251832020
2007-08-10,0.6482,0.6778,0.6335,0.6733,1141012020
2007-08-13,0.6786,0.6832,0.6520,0.6659,700408020
2007-08-14,0.6705,0.7025,0.6685,0.6918,1092172020
2007-08-15,0.6881,0.6979,0.6616,0.6625,695140020
2007-08-16,0.6560,0.6607,0.6198,0.6515,780028020
2007-08-17,0.6696,0.6906,0.6488,0.6899,728712000
2007-08-20,0.6904,0.6979,0.6788,0.6872,519684000
2007-08-21,0.6913,0.7299,0.6811,0.7244,715336020
2007-08-22,0.7427,0.7452,0.7277,0.7409,566152020
2007-08-23,0.7444,0.7531,0.7314,0.7346,667984020
2007-08-24,0.7325,0.7398,0.7271,0.7385,361644000
2007-08-27,0.7385,0.7629,0.7351,0.7551,635944020
2007-08-28,0.7553,0.7606,0.7074,0.7091,560020020
2007-08-29,0.7239,0.7502,0.7224,0.7493,538560000
2007-08-30,0.7421,0.7636,0.7418,0.7450,465660000
2007-08-31,0.7606,0.7859,0.7565,0.7830,720832020
2007-09-04,0.7865,0.8105,0.7743,0.8072,683268000
2007-09-05,0.8037,0.8265,0.8004,0.8011,656272020
2007-09-06,0.8110,0.8183,0.8012,0.8046,425496000
2007-09-07,0.7822,0.7903,0.7602,0.7752,602304000
2007-09-10,0.7920,0.8058,0.7709,0.7773,872112000
2007-09-11,0.7886,0.7998,0.7785,0.7939,270282680
2007-09-12,0.8024,0.8063,0.7548,0.7626,554452000
2007-09-13,0.7771,0.7780,0.7574,0.7629,452864000
2007-09-14,0.7553,0.7562,0.7381,0.7404,487308000
2007-09-17,0.7415,0.7493,0.7307,0.7388,374828000
2007-09-18,0.7466,0.8150,0.7454,0.8035,844740000
2007-09-19,0.8108,0.8265,0.7810,0.7888,521360000
2007-09-20,0.7893,0.7978,0.7755,0.7842,324172000
2007-09-21,0.7920,0.8035,0.7842,0.7918,457532000
2007-09-24,0.7966,0.8242,0.7909,0.8120,456360000
2007-09-25,0.8049,0.8258,0.8049,0.8223,360748000
2007-09-26,0.8265,0.8437,0.8244,0.8418,518032000
2007-09-27,0.8499,0.8540,0.8354,0.8444,378280000
2007-09-28,0.8494,0.8524,0.8301,0.8320,404292000
2007-10-01,0.8414,0.8712,0.8382,0.8671,398200000
2007-10-02,0.8650,0.8666,0.8462,0.8588,284960000
2007-10-03,0.8391,0.8437,0.8088,0.8223,467196000
2007-10-04,0.8214,0.8308,0.7978,0.8260,378976000
2007-10-05,0.8391,0.8524,0.8301,0.8478,344840000
2007-10-08,0.8538,0.8630,0.8437,0.8616,252484000
2007-10-09,0.8616,0.8655,0.8338,0.8465,403008000
2007-10-10,0.8522,0.8522,0.8269,0.8474,389136000
2007-10-11,0.8372,0.8501,0.8005,0.8097,529104000
2007-10-12,0.8187,0.8294,0.8060,0.8294,409952000
2007-10-15,0.8322,0.8462,0.8283,0.8354,355900000
2007-10-16,0.8345,0.8579,0.8315,0.8430,276360000
2007-10-17,0.8758,0.9103,0.8749,0.9077,717944000
2007-10-18,0.9047,0.9107,0.8820,0.9070,340620000
2007-10-19,0.9050,0.9054,0.8581,0.8584,505768000
2007-10-22,0.8529,0.9008,0.8460,0.8990,537656000
2007-10-23,0.9107,0.9107,0.8788,0.9034,294292000
2007-10-24,0.8839,0.8839,0.8299,0.8728,565500000
2007-10-25,0.8460,0.8540,0.7711,0.7966,806192000
2007-10-26,0.8219,0.8274,0.7782,0.7897,616580000
2007-10-29,0.7626,0.7748,0.7475,0.7711,813896000
2007-10-30,0.7773,0.8157,0.7645,0.7994,525212000
2007-10-31,0.8042,0.8127,0.7792,0.8122,455188000
2007-11-01,0.7996,0.8285,0.7886,0.8122,587236000
2007-11-02,0.8235,0.8494,0.8120,0.8434,491844000
2007-11-05,0.8363,0.8636,0.8311,0.8434,436636000
2007-11-06,0.8515,0.8770,0.8476,0.8701,554620000
2007-11-07,0.8696,0.8731,0.8219,0.8288,546768000
2007-11-08,0.8207,0.8356,0.7532,0.7768,996824000
2007-11-09,0.7932,0.7989,0.7496,0.7659,871056000
2007-11-12,0.7656,0.7711,0.6894,0.6894,715732000
2007-11-13,0.7007,0.7509,0.6894,0.7502,726696000
2007-11-14,0.7693,0.7766,0.7346,0.7385,666720000
2007-11-15,0.7338,0.7406,0.7117,0.7287,496436000
2007-11-16,0.7346,0.7470,0.7287,0.7450,423592000
2007-11-19,0.7344,0.7381,0.6908,0.6947,568412000
2007-11-20,0.7078,0.7089,0.6683,0.6894,622628000
2007-11-21,0.6749,0.6984,0.6729,0.6821,648452000
2007-11-23,0.6869,0.6968,0.6782,0.6938,141976000
2007-11-26,0.6933,0.7075,0.6763,0.6777,385896000
2007-11-27,0.6873,0.7089,0.6821,0.7069,458856000
2007-11-28,0.7291,0.7642,0.7257,0.7541,574548000
2007-11-29,0.7530,0.7828,0.7497,0.7603,489084000
2007-11-30,0.7851,0.7851,0.7218,0.7241,652656000
2007-12-03,0.7346,0.7482,0.7234,0.7346,490688000
2007-12-04,0.7378,0.7404,0.7197,0.7339,371712000
2007-12-05,0.7619,0.7863,0.7525,0.7721,666704000
2007-12-06,0.7702,0.7902,0.7633,0.7877,371152000
2007-12-07,0.7909,0.7918,0.7698,0.7778,320292000
2007-12-10,0.7803,0.7955,0.7780,0.7863,336360000
2007-12-11,0.8030,0.8177,0.7854,0.7872,582436000
2007-12-12,0.8205,0.8285,0.7985,0.8143,617504000
2007-12-13,0.8044,0.8097,0.7686,0.7920,500364000
2007-12-14,0.7884,0.8138,0.7831,0.8051,354016000
2007-12-17,0.7966,0.8042,0.7622,0.7640,507408000
2007-12-18,0.7757,0.7920,0.7679,0.7835,396896000
2007-12-19,0.7808,0.7982,0.7776,0.7909,253536000
2007-12-20,0.8035,0.8092,0.7867,0.8074,279940000
2007-12-21,0.8170,0.8242,0.7998,0.8072,433408000
2007-12-24,0.8131,0.8253,0.8072,0.8214,104008000
2007-12-26,0.8230,0.8324,0.8150,0.8324,215340000
2007-12-27,0.8311,0.8356,0.8046,0.8067,241368000
2007-12-28,0.8053,0.8150,0.7918,0.7987,262064000
2007-12-31,0.7923,0.8067,0.7808,0.7810,276236000
2008-01-02,0.7833,0.7863,0.7475,0.7578,483964000
2008-01-03,0.7622,0.7773,0.7491,0.7518,475308000
2008-01-04,0.7294,0.7330,0.6841,0.6887,736092000
2008-01-07,0.6933,0.6990,0.6049,0.6175,1006800000
2008-01-08,0.6210,0.6724,0.6065,0.6306,1106956000
2008-01-09,0.6391,0.6635,0.6297,0.6632,741036000
2008-01-10,0.6451,0.6598,0.6366,0.6495,554432000
2008-01-11,0.6341,0.6474,0.6164,0.6210,572612000
2008-01-14,0.6302,0.6632,0.6201,0.6623,539188000
2008-01-15,0.6371,0.6446,0.6029,0.6136,725692000
2008-01-16,0.5751,0.5822,0.5317,0.5443,1464472000
2008-01-17,0.5528,0.5675,0.5335,0.5349,1133900000
2008-01-18,0.5365,0.5732,0.5170,0.5703,920428000
2008-01-22,0.5158,0.5551,0.5126,0.5436,709092000
2008-01-23,0.5198,0.5680,0.5147,0.5517,929880000
2008-01-24,0.5625,0.5941,0.5572,0.5939,597092000
2008-01-25,0.6166,0.6304,0.5700,0.5728,688012000
2008-01-28,0.5707,0.5765,0.5538,0.5659,577608000
2008-01-29,0.5760,0.5856,0.5611,0.5833,414484000
2008-01-30,0.5739,0.5870,0.5618,0.5783,530476000
2008-01-31,0.5657,0.5751,0.5471,0.5645,588708000
2008-02-01,0.5634,0.6198,0.5585,0.6166,593104000
2008-02-04,0.6299,0.6334,0.5941,0.5973,565128000
2008-02-05,0.5854,0.5856,0.5597,0.5599,494928000
2008-02-06,0.5659,0.5815,0.5478,0.5581,557380000
2008-02-07,0.5420,0.5794,0.5303,0.5636,664128000
2008-02-08,0.5583,0.5781,0.5510,0.5737,393932000
2008-02-11,0.5785,0.5879,0.5716,0.5755,503732000
2008-02-12,0.5843,0.6052,0.5810,0.5969,609688000
2008-02-13,0.6015,0.6221,0.5951,0.6203,742312000
2008-02-14,0.6022,0.6026,0.5177,0.5191,2147483647
2008-02-15,0.5170,0.5310,0.5030,0.5113,817364000
2008-02-19,0.5211,0.5216,0.4993,0.5037,558608000
2008-02-20,0.4890,0.5074,0.4869,0.5000,759016000
2008-02-21,0.5051,0.5076,0.4858,0.4888,644272000
2008-02-22,0.4927,0.5133,0.4890,0.5124,723052000
2008-02-25,0.5119,0.5179,0.4986,0.5122,671784000
2008-02-26,0.5092,0.5243,0.5014,0.5165,565420000
2008-02-27,0.5140,0.5287,0.5108,0.5246,537816000
2008-02-28,0.5200,0.5209,0.5048,0.5048,503608000
2008-02-29,0.4981,0.5032,0.4890,0.4911,540576000
2008-03-03,0.4904,0.4938,0.4789,0.4853,449028000
2008-03-04,0.4821,0.4830,0.4617,0.4805,778888000
2008-03-05,0.4851,0.4975,0.4800,0.4860,644656000
2008-03-06,0.4800,0.4832,0.4548,0.4555,1075284000
2008-03-07,0.4472,0.4665,0.4362,0.4488,767500000
2008-03-10,0.4433,0.4488,0.4224,0.4231,776100000
2008-03-11,0.4362,0.4415,0.4187,0.4371,857940000
2008-03-12,0.4412,0.4451,0.4215,0.4252,743320000
2008-03-13,0.4185,0.4587,0.4160,0.4523,1220528000
2008-03-14,0.4546,0.4550,0.4174,0.4206,1154972000
2008-03-17,0.4022,0.4242,0.3974,0.4100,800952000
2008-03-18,0.4197,0.4362,0.4077,0.4355,1075256000
2008-03-19,0.4254,0.4314,0.4054,0.4054,880476000
2008-03-20,0.4102,0.4261,0.4029,0.4252,633460000
2008-03-24,0.4346,0.4624,0.4330,0.4598,887440000
2008-03-25,0.4619,0.4752,0.4575,0.4665,735388000
2008-03-26,0.4603,0.4635,0.4465,0.4516,721652000
2008-03-27,0.4447,0.4573,0.4378,0.4451,601308000
2008-03-28,0.4532,0.4635,0.4486,0.4518,561788000
2008-03-31,0.4566,0.4651,0.4486,0.4543,569992000
2008-04-01,0.4679,0.4832,0.4612,0.4821,676872000
2008-04-02,0.4835,0.4835,0.4637,0.4674,616536000
2008-04-03,0.4635,0.4642,0.4451,0.4587,841984000
2008-04-04,0.4495,0.4518,0.4300,0.4311,1535528000
2008-04-07,0.4417,0.4481,0.4380,0.4415,729496000
2008-04-08,0.4362,0.4532,0.4362,0.4389,639476000
2008-04-09,0.4440,0.4523,0.4399,0.4477,675232000
2008-04-10,0.4525,0.4709,0.4428,0.4564,1092184000
2008-04-11,0.4477,0.4504,0.4226,0.4254,1106280000
2008-04-14,0.4238,0.4247,0.4086,0.4112,780004000
2008-04-15,0.4132,0.4176,0.4043,0.4160,439916000
2008-04-16,0.4321,0.4380,0.4242,0.4325,646836000
2008-04-17,0.4125,0.4282,0.4123,0.4265,596968000
2008-04-18,0.4392,0.4435,0.4307,0.4366,573540000
2008-04-21,0.4334,0.4591,0.4332,0.4562,679892000
2008-04-22,0.4500,0.4527,0.4380,0.4477,587668000
2008-04-23,0.4539,0.4743,0.4479,0.4692,1020496000
2008-04-24,0.4729,0.4743,0.4511,0.4580,655764000
2008-04-25,0.4624,0.4637,0.4479,0.4626,552208000
2008-04-28,0.4605,0.4674,0.4525,0.4543,535700000
2008-04-29,0.4495,0.4695,0.4493,0.4637,573408000
2008-04-30,0.4690,0.4768,0.4660,0.4718,1068320000
2008-05-01,0.4775,0.4947,0.4752,0.4936,1014624000
2008-05-02,0.5051,0.5170,0.4994,0.5170,1131016000
2008-05-05,0.5147,0.5158,0.5030,0.5041,943392000
2008-05-06,0.5028,0.5184,0.4950,0.5172,729036000
2008-05-07,0.5209,0.5255,0.5009,0.5053,715632000
2008-05-08,0.5092,0.5108,0.4823,0.5039,1360000000
2008-05-09,0.5051,0.5379,0.5044,0.5172,2030352000
2008-05-12,0.5239,0.5239,0.4975,0.5025,1006652000
2008-05-13,0.5051,0.5051,0.4885,0.4922,854108000
2008-05-14,0.4984,0.5198,0.4922,0.5067,751148000
2008-05-15,0.5055,0.5482,0.5032,0.5459,1165464000
2008-05-16,0.5544,0.5615,0.5425,0.5604,1091556000
2008-05-19,0.5611,0.5810,0.5448,0.5487,1158532000
2008-05-20,0.5338,0.5400,0.5282,0.5344,771404000
2008-05-21,0.5361,0.5565,0.5289,0.5301,1066660000
2008-05-22,0.5377,0.5473,0.5292,0.5429,693108000
2008-05-23,0.5420,0.5464,0.5227,0.5305,802672000
2008-05-27,0.5315,0.5370,0.5214,0.5363,832856000
2008-05-28,0.5503,0.5524,0.5351,0.5413,751736000
2008-05-29,0.5416,0.5425,0.5301,0.5400,693460000
2008-05-30,0.5556,0.5689,0.5537,0.5670,830244000
2008-06-02,0.5670,0.5737,0.5608,0.5693,734660000
2008-06-03,0.5716,0.5721,0.5434,0.5501,840696000
2008-06-04,0.5390,0.5576,0.5349,0.5565,831724000
2008-06-05,0.5748,0.5820,0.5641,0.5705,827860000
2008-06-06,0.5636,0.5643,0.5491,0.5524,784876000
2008-06-09,0.5491,0.5567,0.5328,0.5439,637916000
2008-06-10,0.5292,0.5299,0.5083,0.5117,1225208000
2008-06-11,0.5115,0.5241,0.4872,0.4878,999428000
2008-06-12,0.4989,0.5085,0.4867,0.4908,825992000
2008-06-13,0.4915,0.4973,0.4748,0.4892,705748000
2008-06-16,0.4839,0.4885,0.4787,0.4826,630496000
2008-06-17,0.4894,0.4897,0.4697,0.4709,687912000
2008-06-18,0.4653,0.4821,0.4495,0.4571,1065272000
2008-06-19,0.4580,0.4660,0.4449,0.4559,784928000
2008-06-20,0.4521,0.4587,0.4456,0.4536,741008000
2008-06-23,0.4575,0.4575,0.4403,0.4442,776616000
2008-06-24,0.4419,0.4695,0.4417,0.4589,1078928000
2008-06-25,0.4660,0.4695,0.4541,0.4614,900976000
2008-06-26,0.4477,0.4511,0.4377,0.4378,845532000
2008-06-27,0.4392,0.4451,0.4295,0.4426,584140000
2008-06-30,0.4376,0.4415,0.4268,0.4298,653940000
2008-07-01,0.4259,0.4309,0.4169,0.4304,881464000
2008-07-02,0.4284,0.4311,0.4132,0.4139,763196000
2008-07-03,0.2980,0.3014,0.2847,0.2867,2147483647
2008-07-07,0.2916,0.2929,0.2700,0.2778,2147483647
2008-07-08,0.2789,0.2865,0.2709,0.2762,1805288000
2008-07-09,0.2769,0.2810,0.2712,0.2714,1413168000
2008-07-10,0.2720,0.2759,0.2656,0.2707,1056992000
2008-07-11,0.2640,0.2746,0.2599,0.2679,807760000
2008-07-14,0.2640,0.2720,0.2539,0.2557,882316000
2008-07-15,0.2525,0.2638,0.2456,0.2585,1122484000
2008-07-16,0.2583,0.2668,0.2523,0.2599,1034392000
2008-07-17,0.2638,0.2640,0.2507,0.2608,862080000
2008-07-18,0.2594,0.2670,0.2516,0.2654,899720000
2008-07-21,0.2693,0.2734,0.2647,0.2670,571636000
2008-07-22,0.2652,0.2656,0.2562,0.2613,555924000
2008-07-23,0.2631,0.2718,0.2619,0.2691,594876000
2008-07-24,0.2663,0.2688,0.2525,0.2532,705628000
2008-07-25,0.2557,0.2663,0.2505,0.2654,1039600000
2008-07-28,0.2619,0.2734,0.2608,0.2647,734808000
2008-07-29,0.2652,0.2741,0.2622,0.2675,764636000
2008-07-30,0.2727,0.2732,0.2576,0.2635,588492000
2008-07-31,0.2629,0.2684,0.2599,0.2626,487236000
2008-08-01,0.2557,0.2567,0.2456,0.2489,881060000
2008-08-04,0.2463,0.2502,0.2422,0.2429,522052000
2008-08-05,0.2475,0.2569,0.2447,0.2569,685844000
2008-08-06,0.2576,0.2661,0.2493,0.2638,814864000
2008-08-07,0.2615,0.2732,0.2567,0.2596,819232000
2008-08-08,0.2617,0.2640,0.2516,0.2525,853764000
2008-08-11,0.2544,0.2640,0.2534,0.2578,1196436000
2008-08-12,0.2599,0.2606,0.2505,0.2541,1410868000
2008-08-13,0.2743,0.2856,0.2677,0.2815,2095260000
2008-08-14,0.2794,0.3097,0.2794,0.2984,1635304000
2008-08-15,0.3013,0.3072,0.2955,0.2975,777652000
2008-08-18,0.2996,0.3062,0.2964,0.3035,893968000
2008-08-19,0.2973,0.3099,0.2973,0.3081,1014140000
2008-08-20,0.3127,0.3242,0.3104,0.3232,1143692000
2008-08-21,0.3175,0.3200,0.3062,0.3127,1021560000
2008-08-22,0.3150,0.3186,0.3058,0.3124,459264000
2008-08-25,0.3106,0.3180,0.3069,0.3079,471600000
2008-08-26,0.3095,0.3097,0.2973,0.3005,613112000
2008-08-27,0.2936,0.3065,0.2909,0.3028,454620000
2008-08-28,0.3033,0.3065,0.2987,0.3017,365192000
2008-08-29,0.2975,0.2984,0.2893,0.2902,516004000
2008-09-02,0.2950,0.2975,0.2789,0.2828,693928000
2008-09-03,0.2789,0.2801,0.2652,0.2677,714856000
2008-09-04,0.2647,0.2675,0.2624,0.2640,716128000
2008-09-05,0.2617,0.2686,0.2615,0.2679,791100000
2008-09-08,0.2704,0.2704,0.2525,0.2569,1314840000
2008-09-09,0.2560,0.2716,0.2472,0.2482,1098296000
2008-09-10,0.2512,0.2562,0.2468,0.2484,644284000
2008-09-11,0.2342,0.2415,0.2287,0.2365,1066976000
2008-09-12,0.2344,0.2360,0.2206,0.2339,1209200000
2008-09-15,0.2257,0.2291,0.2107,0.2135,863984000
2008-09-16,0.2059,0.2218,0.2020,0.2202,1240840000
2008-09-17,0.2151,0.2346,0.2130,0.2296,1392580000
2008-09-18,0.2323,0.2622,0.2319,0.2500,1611060000
2008-09-19,0.2619,0.2640,0.2501,0.2619,1107344000
2008-09-22,0.2599,0.2675,0.2551,0.2564,700072000
2008-09-23,0.2544,0.2638,0.2482,0.2491,821468000
2008-09-24,0.2459,0.2633,0.2445,0.2583,866036000
2008-09-25,0.2583,0.2695,0.2539,0.2633,588328000
2008-09-26,0.2569,0.2702,0.2521,0.2684,646852000
2008-09-29,0.2613,0.2645,0.2296,0.2319,975240000
2008-09-30,0.2355,0.2482,0.2330,0.2459,659044000
2008-10-01,0.2422,0.2466,0.2346,0.2390,557208000
2008-10-02,0.2406,0.2406,0.2130,0.2142,787728000
2008-10-03,0.2176,0.2238,0.2059,0.2073,915828000
2008-10-06,0.1974,0.1979,0.1678,0.1802,1677440000
2008-10-07,0.1772,0.1871,0.1648,0.1662,1059984000
2008-10-08,0.1602,0.1795,0.1586,0.1697,1219456000
2008-10-09,0.1759,0.1784,0.1570,0.1589,909636000
2008-10-10,0.1451,0.1683,0.1442,0.1563,1200252000
2008-10-13,0.1697,0.1850,0.1676,0.1848,916536000
2008-10-14,0.1917,0.1928,0.1756,0.1807,1209012000
2008-10-15,0.1795,0.1804,0.1612,0.1612,854064000
2008-10-16,0.1680,0.1777,0.1584,0.1768,1019820000
2008-10-17,0.1717,0.1857,0.1685,0.1756,839416000
2008-10-20,0.1816,0.1830,0.1747,0.1791,595764000
2008-10-21,0.1756,0.1775,0.1644,0.1653,659116000
2008-10-22,0.1630,0.1699,0.1547,0.1591,600996000
2008-10-23,0.1586,0.1625,0.1437,0.1501,832192000
2008-10-24,0.1377,0.1596,0.1371,0.1517,798336000
2008-10-27,0.1508,0.1694,0.1460,0.1600,698936000
2008-10-28,0.1685,0.1843,0.1655,0.1841,849920000
2008-10-29,0.1830,0.2020,0.1821,0.1901,977284000
2008-10-30,0.2009,0.2020,0.1860,0.1981,657176000
2008-10-31,0.1919,0.2050,0.1915,0.2011,608672000
2008-11-03,0.2055,0.2091,0.1905,0.1938,723924000
2008-11-04,0.2004,0.2062,0.1951,0.2062,619560000
2008-11-05,0.1986,0.2043,0.1954,0.1954,787620000
2008-11-06,0.1839,0.1908,0.1745,0.1749,797936000
2008-11-07,0.1993,0.2082,0.1860,0.2002,1132068000
2008-11-10,0.2078,0.2089,0.1830,0.1873,576396000
2008-11-11,0.1846,0.1860,0.1771,0.1791,576484000
2008-11-12,0.1736,0.1777,0.1664,0.1685,646092000
2008-11-13,0.1607,0.1825,0.1575,0.1823,797228000
2008-11-14,0.1749,0.1759,0.1639,0.1646,741024000
2008-11-17,0.1630,0.1674,0.1596,0.1612,388224000
2008-11-18,0.1644,0.1653,0.1506,0.1559,564488000
2008-11-19,0.1545,0.1584,0.1423,0.1430,500220000
2008-11-20,0.1419,0.1490,0.1338,0.1354,847036000
2008-11-21,0.1398,0.1465,0.1320,0.1465,599064000
2008-11-24,0.1554,0.1579,0.1469,0.1561,600308000
2008-11-25,0.1630,0.1633,0.1559,0.1605,528256000
2008-11-26,0.1577,0.1752,0.1568,0.1747,600792000
2008-11-28,0.1714,0.1745,0.1692,0.1715,175248000
2008-12-01,0.1646,0.1662,0.1566,0.1568,547112000
2008-12-02,0.1598,0.1675,0.1577,0.1655,479988000
2008-12-03,0.1591,0.1742,0.1577,0.1740,584632000
2008-12-04,0.1706,0.1791,0.1586,0.1625,466292000
2008-12-05,0.1575,0.1697,0.1547,0.1690,438484000
2008-12-08,0.1722,0.1756,0.1596,0.1635,707992000
2008-12-09,0.1614,0.1857,0.1596,0.1793,829760000
2008-12-10,0.1827,0.2009,0.1798,0.1963,961124000
2008-12-11,0.1951,0.2020,0.1857,0.1880,582700000
2008-12-12,0.1825,0.1986,0.1788,0.1974,679268000
2008-12-15,0.1986,0.1997,0.1848,0.1910,476996000
2008-12-16,0.1928,0.2043,0.1910,0.2039,521940000
2008-12-17,0.2002,0.2169,0.1974,0.2140,674180000
2008-12-18,0.2126,0.2133,0.1917,0.1942,550808000
2008-12-19,0.2023,0.2043,0.1949,0.1956,593120000
2008-12-22,0.1986,0.1990,0.1770,0.1841,522464000
2008-12-23,0.1853,0.1892,0.1788,0.1816,377452000
2008-12-24,0.1779,0.1823,0.1736,0.1772,146616000
2008-12-26,0.1772,0.1795,0.1676,0.1724,226156000
2008-12-29,0.1747,0.1780,0.1635,0.1779,460168000
2008-12-30,0.1802,0.1869,0.1761,0.1841,409860000
2008-12-31,0.1818,0.1899,0.1786,0.1853,441580000
2009-01-02,0.1853,0.2013,0.1846,0.2000,497124000
2009-01-05,0.1977,0.2082,0.1963,0.2036,705736000
2009-01-06,0.2096,0.2165,0.2050,0.2106,657904000
2009-01-07,0.2057,0.2057,0.1907,0.1979,870096000
2009-01-08,0.1954,0.1954,0.1809,0.1928,1014496000
2009-01-09,0.1928,0.1928,0.1816,0.1821,761352000
2009-01-12,0.1821,0.1830,0.1722,0.1747,645532000
2009-01-13,0.1739,0.1823,0.1655,0.1756,1824424000
2009-01-14,0.1694,0.1715,0.1653,0.1678,974908000
2009-01-15,0.1687,0.1765,0.1653,0.1738,998204000
2009-01-16,0.1786,0.1850,0.1729,0.1834,831324000
2009-01-20,0.1830,0.1837,0.1641,0.1655,705788000
2009-01-21,0.1687,0.1747,0.1625,0.1736,648472000
2009-01-22,0.1683,0.1749,0.1641,0.1703,547656000
2009-01-23,0.1655,0.1823,0.1653,0.1770,633616000
2009-01-26,0.1761,0.1883,0.1749,0.1830,581748000
2009-01-27,0.1860,0.1951,0.1853,0.1938,725300000
2009-01-28,0.2006,0.2050,0.1942,0.2018,723752000
2009-01-29,0.1956,0.1974,0.1892,0.1901,413128000
2009-01-30,0.1892,0.1938,0.1802,0.1825,506760000
2009-02-02,0.1798,0.1944,0.1788,0.1924,577992000
2009-02-03,0.1928,0.1963,0.1876,0.1947,396948000
2009-02-04,0.1951,0.2101,0.1951,0.2002,779232000
2009-02-05,0.1949,0.2172,0.1928,0.2149,919192000
2009-02-06,0.2156,0.2280,0.2119,0.2266,1157880000
2009-02-09,0.2257,0.2289,0.2174,0.2236,716128000
2009-02-10,0.2236,0.2264,0.2098,0.2140,1129664000
2009-02-11,0.1969,0.2041,0.1804,0.1871,1983400000
2009-02-12,0.1830,0.1922,0.1804,0.1910,1024020000
2009-02-13,0.1866,0.1931,0.1853,0.1908,764304000
2009-02-17,0.1830,0.1880,0.1791,0.1798,779576000
2009-02-18,0.1798,0.1905,0.1795,0.1846,646252000
2009-02-19,0.1887,0.1899,0.1703,0.1703,743988000
2009-02-20,0.1680,0.1775,0.1664,0.1747,770056000
2009-02-23,0.1777,0.1786,0.1655,0.1667,679548000
2009-02-24,0.1676,0.1818,0.1674,0.1816,659524000
2009-02-25,0.1811,0.1892,0.1749,0.1837,702360000
2009-02-26,0.1901,0.1961,0.1873,0.1896,1117556000
2009-02-27,0.1848,0.1944,0.1834,0.1901,755444000
2009-03-02,0.1825,0.1894,0.1733,0.1740,700064000
2009-03-03,0.1772,0.1878,0.1715,0.1809,1041372000
2009-03-04,0.1857,0.1997,0.1841,0.1942,1108668000
2009-03-05,0.1915,0.1993,0.1887,0.1896,955252000
2009-03-06,0.1896,0.1995,0.1871,0.1926,974756000
2009-03-09,0.1912,0.2057,0.1901,0.1905,682768000
2009-03-10,0.1974,0.2114,0.1956,0.2078,1254800000
2009-03-11,0.2078,0.2720,0.2043,0.2135,864916000
2009-03-12,0.2128,0.2284,0.2101,0.2261,1604604000
2009-03-13,0.2231,0.2282,0.2192,0.2250,1195156000
2009-03-16,0.2273,0.2275,0.2144,0.2163,699344000
2009-03-17,0.2169,0.2275,0.2142,0.2270,1005384000
2009-03-18,0.2236,0.2408,0.2234,0.2342,1359560000
2009-03-19,0.2358,0.2358,0.2298,0.2314,822648000
2009-03-20,0.2349,0.2351,0.2128,0.2188,1093672000
2009-03-23,0.2257,0.2351,0.2206,0.2346,816048000
2009-03-24,0.2289,0.2309,0.2235,0.2236,1114868000
2009-03-25,0.2314,0.2388,0.2194,0.2282,1243852000
2009-03-26,0.2319,0.2429,0.2293,0.2424,1333664000
2009-03-27,0.2399,0.2458,0.2365,0.2401,731892000
2009-03-30,0.2309,0.2339,0.2215,0.2248,780052000
2009-03-31,0.2282,0.2319,0.2248,0.2264,805272000
2009-04-01,0.2236,0.2342,0.2151,0.2321,887920000
2009-04-02,0.2408,0.2472,0.2374,0.2429,1002860000
2009-04-03,0.2431,0.2604,0.2390,0.2599,1003208000
2009-04-06,0.2555,0.2629,0.2521,0.2606,887288000
2009-04-07,0.2555,0.2583,0.2500,0.2516,607804000
2009-04-08,0.2544,0.2626,0.2523,0.2619,731652000
2009-04-09,0.2686,0.2773,0.2665,0.2764,904412000
2009-04-13,0.2730,0.2732,0.2615,0.2675,767628000
2009-04-14,0.2638,0.2755,0.2626,0.2691,711960000
2009-04-15,0.2596,0.2626,0.2505,0.2615,1045368000
2009-04-16,0.2663,0.2714,0.2562,0.2681,1038772000
2009-04-17,0.2681,0.2725,0.2617,0.2700,695764000
2009-04-20,0.2596,0.2619,0.2523,0.2537,590660000
2009-04-21,0.2502,0.2635,0.2466,0.2530,932184000
2009-04-22,0.2507,0.2711,0.2466,0.2606,916404000
2009-04-23,0.2631,0.2654,0.2484,0.2564,753952000
2009-04-24,0.2590,0.2642,0.2528,0.2624,759508000
2009-04-27,0.2590,0.2663,0.2514,0.2530,787024000
2009-04-28,0.2498,0.2590,0.2475,0.2537,634392000
2009-04-29,0.2548,0.2559,0.2468,0.2498,859668000
2009-04-30,0.2546,0.2709,0.2525,0.2635,1110276000
2009-05-01,0.2629,0.2741,0.2626,0.2679,840548000
2009-05-04,0.2725,0.2844,0.2688,0.2824,927704000
2009-05-05,0.2762,0.2780,0.2652,0.2709,837076000
2009-05-06,0.2739,0.2764,0.2601,0.2654,935088000
2009-05-07,0.2714,0.2714,0.2429,0.2463,1289196000
2009-05-08,0.2411,0.2411,0.2091,0.2124,2147483647
2009-05-11,0.2089,0.2218,0.2071,0.2165,1038596000
2009-05-12,0.2213,0.2213,0.2020,0.2062,1201384000
2009-05-13,0.2048,0.2059,0.1912,0.1928,1305608000
2009-05-14,0.1926,0.1997,0.1912,0.1956,1017864000
2009-05-15,0.1970,0.2075,0.1947,0.2006,780308000
2009-05-18,0.2057,0.2142,0.2052,0.2128,938320000
2009-05-19,0.2142,0.2195,0.2107,0.2169,859768000
2009-05-20,0.2208,0.2353,0.2199,0.2234,1309436000
2009-05-21,0.2206,0.2250,0.2158,0.2220,965600000
2009-05-22,0.2220,0.2287,0.2178,0.2254,718260000
2009-05-26,0.2234,0.2394,0.2211,0.2376,865540000
2009-05-27,0.2365,0.2452,0.2342,0.2381,814152000
2009-05-28,0.2417,0.2433,0.2309,0.2413,995288000
2009-05-29,0.2415,0.2420,0.2312,0.2394,834232000
2009-06-01,0.2422,0.2525,0.2413,0.2512,1022764000
2009-06-02,0.2512,0.2567,0.2445,0.2491,907984000
2009-06-03,0.2459,0.2468,0.2353,0.2413,735688000
2009-06-04,0.2420,0.2505,0.2417,0.2500,673180000
2009-06-05,0.2546,0.2546,0.2456,0.2486,559992000
2009-06-08,0.2468,0.2507,0.2411,0.2472,473948000
2009-06-09,0.2507,0.2635,0.2489,0.2608,725032000
2009-06-10,0.2622,0.2707,0.2564,0.2691,833320000
2009-06-11,0.2696,0.2801,0.2640,0.2656,835156000
2009-06-12,0.2617,0.2652,0.2557,0.2642,595000000
2009-06-15,0.2594,0.2629,0.2553,0.2599,445164000
2009-06-16,0.2599,0.2631,0.2491,0.2528,594912000
2009-06-17,0.2567,0.2615,0.2468,0.2590,799016000
2009-06-18,0.2580,0.2629,0.2510,0.2539,566376000
2009-06-19,0.2564,0.2630,0.2532,0.2567,747564000
2009-06-22,0.2576,0.2576,0.2413,0.2422,574864000
2009-06-23,0.2445,0.2450,0.2315,0.2411,589764000
2009-06-24,0.2440,0.2548,0.2440,0.2491,515096000
2009-06-25,0.2468,0.2626,0.2443,0.2622,870444000
2009-06-26,0.2610,0.2665,0.2587,0.2656,513956000
2009-06-29,0.2663,0.2704,0.2628,0.2656,510056000
2009-06-30,0.2647,0.2684,0.2544,0.2592,589844000
2009-07-01,0.2608,0.2638,0.2560,0.2603,696420000
2009-07-02,0.2518,0.2551,0.2468,0.2502,552312000
2009-07-06,0.2500,0.2502,0.2381,0.2422,752456000
2009-07-07,0.2431,0.2445,0.2309,0.2316,1072996000
2009-07-08,0.2330,0.2337,0.2229,0.2321,1205860000
2009-07-09,0.2360,0.2411,0.2353,0.2371,714564000
2009-07-10,0.2371,0.2397,0.2321,0.2381,520008000
2009-07-13,0.2429,0.2429,0.2284,0.2408,556012000
2009-07-14,0.2427,0.2468,0.2399,0.2459,452568000
2009-07-15,0.2548,0.2610,0.2525,0.2560,1022808000
2009-07-16,0.2587,0.2702,0.2574,0.2693,952076000
2009-07-17,0.2693,0.2780,0.2665,0.2771,850356000
2009-07-20,0.2794,0.2835,0.2757,0.2805,782756000
2009-07-21,0.2798,0.2810,0.2684,0.2748,941296000
2009-07-22,0.2693,0.2842,0.2675,0.2817,600908000
2009-07-23,0.2821,0.2994,0.2792,0.2984,1046120000
2009-07-24,0.2893,0.2984,0.2874,0.2975,650592000
2009-07-27,0.2948,0.3033,0.2920,0.2989,677484000
2009-07-28,0.2968,0.3026,0.2943,0.2994,563180000
2009-07-29,0.2959,0.2978,0.2904,0.2934,373972000
2009-07-30,0.2984,0.3023,0.2932,0.2957,468444000
2009-07-31,0.2957,0.3010,0.2888,0.2968,541560000
2009-08-03,0.3040,0.3083,0.2982,0.3049,471900000
2009-08-04,0.2996,0.3122,0.2991,0.3069,695380000
2009-08-05,0.3051,0.3099,0.3014,0.3076,610768000
2009-08-06,0.3088,0.3143,0.2994,0.3012,957588000
2009-08-07,0.3175,0.3267,0.3104,0.3147,1401872000
2009-08-10,0.3170,0.3216,0.3026,0.3044,693312000
2009-08-11,0.3023,0.3069,0.2957,0.2973,481884000
2009-08-12,0.2975,0.3115,0.2973,0.3083,634940000
2009-08-13,0.3106,0.3186,0.3051,0.3175,564028000
2009-08-14,0.3170,0.3175,0.3040,0.3081,427148000
2009-08-17,0.2987,0.2996,0.2920,0.2952,465032000
2009-08-18,0.2952,0.3095,0.2950,0.3060,636200000
2009-08-19,0.3014,0.3044,0.2984,0.3026,552996000
2009-08-20,0.3012,0.3159,0.3005,0.3145,819840000
2009-08-21,0.3170,0.3203,0.3106,0.3198,607324000
2009-08-24,0.3180,0.3214,0.3090,0.3108,461456000
2009-08-25,0.3124,0.3168,0.3072,0.3136,444088000
2009-08-26,0.3129,0.3180,0.3118,0.3173,434308000
2009-08-27,0.3186,0.3230,0.3152,0.3216,551072000
2009-08-28,0.3304,0.3450,0.3299,0.3382,883992000
2009-08-31,0.3343,0.3359,0.3290,0.3333,431796000
2009-09-01,0.3331,0.3425,0.3203,0.3221,736856000
2009-09-02,0.3225,0.3299,0.3207,0.3267,404656000
2009-09-03,0.3267,0.3349,0.3258,0.3345,534020000
2009-09-04,0.3331,0.3492,0.3331,0.3469,513048000
2009-09-08,0.3494,0.3565,0.3467,0.3565,549712000
2009-09-09,0.3558,0.3671,0.3508,0.3664,571684000
2009-09-10,0.3675,0.3786,0.3634,0.3781,607952000
2009-09-11,0.3772,0.3786,0.3719,0.3746,712732000
2009-09-14,0.3692,0.3721,0.3652,0.3685,490516000
2009-09-15,0.3719,0.3806,0.3685,0.3760,546136000
2009-09-16,0.3751,0.3758,0.3604,0.3659,707064000
2009-09-17,0.3650,0.3650,0.3436,0.3499,923096000
2009-09-18,0.3533,0.3558,0.3467,0.3494,604740000
2009-09-21,0.3453,0.3538,0.3423,0.3478,588776000
2009-09-22,0.3503,0.3524,0.3457,0.3485,361388000
2009-09-23,0.3506,0.3535,0.3425,0.3430,478936000
2009-09-24,0.3487,0.3487,0.3372,0.3384,552876000
2009-09-25,0.3366,0.3382,0.3304,0.3329,377556000
2009-09-28,0.3340,0.3489,0.3340,0.3405,467708000
2009-09-29,0.3425,0.3467,0.3336,0.3343,470928000
2009-09-30,0.3411,0.3492,0.3336,0.3450,875956000
2009-10-01,0.3439,0.3439,0.3203,0.3205,999960000
2009-10-02,0.3173,0.3248,0.3154,0.3180,612476000
2009-10-05,0.3214,0.3225,0.3108,0.3164,754276000
2009-10-06,0.3203,0.3271,0.3180,0.3216,761272000
2009-10-07,0.3193,0.3228,0.3157,0.3191,459608000
2009-10-08,0.3209,0.3219,0.3097,0.3212,1241524000
2009-10-09,0.3193,0.3258,0.3189,0.3253,618540000
2009-10-12,0.3198,0.3278,0.3196,0.3216,499008000
2009-10-13,0.3235,0.3271,0.3175,0.3205,602124000
2009-10-14,0.3329,0.3329,0.3184,0.3200,1101948000
2009-10-15,0.3196,0.3225,0.3085,0.3106,1092196000
2009-10-16,0.3067,0.3076,0.2980,0.3035,1018832000
2009-10-19,0.3060,0.3170,0.3035,0.3145,695588000
2009-10-20,0.3198,0.3221,0.3122,0.3147,660180000
2009-10-21,0.3136,0.3184,0.3056,0.3072,503956000
2009-10-22,0.3056,0.3108,0.3003,0.3092,379328000
2009-10-23,0.3134,0.3134,0.3001,0.3019,429528000
2009-10-26,0.3042,0.3088,0.2964,0.2980,481652000
2009-10-27,0.2966,0.3010,0.2849,0.2879,591836000
2009-10-28,0.2815,0.2878,0.2746,0.2759,773632000
2009-10-29,0.2803,0.2895,0.2778,0.2881,637100000
2009-10-30,0.2867,0.2878,0.2732,0.2746,604144000
2009-11-02,0.2741,0.2831,0.2693,0.2771,593136000
2009-11-03,0.2681,0.2771,0.2654,0.2757,876472000
2009-11-04,0.2778,0.2808,0.2739,0.2750,916840000
2009-11-05,0.2782,0.2844,0.2773,0.2817,955156000
2009-11-06,0.2994,0.3083,0.2957,0.3021,1641112000
2009-11-09,0.3062,0.3134,0.3060,0.3090,818124000
2009-11-10,0.3102,0.3102,0.2975,0.3014,781472000
2009-11-11,0.3065,0.3173,0.3060,0.3099,871512000
2009-11-12,0.3127,0.3180,0.3081,0.3090,505864000
2009-11-13,0.3088,0.3129,0.3074,0.3113,388524000
2009-11-16,0.3141,0.3193,0.3124,0.3157,402820000
2009-11-17,0.3158,0.3158,0.3092,0.3152,350124000
2009-11-18,0.3122,0.3134,0.3051,0.3104,455516000
2009-11-19,0.3037,0.3037,0.2925,0.2980,833840000
2009-11-20,0.2911,0.2975,0.2904,0.2961,426748000
2009-11-23,0.3005,0.3060,0.2971,0.2984,390924000
2009-11-24,0.2971,0.2991,0.2918,0.2966,418504000
2009-11-25,0.3001,0.3042,0.2979,0.3001,441760000
2009-11-27,0.2893,0.2971,0.2877,0.2936,279932000
2009-11-30,0.2948,0.3001,0.2916,0.2998,509836000
2009-12-01,0.3014,0.3092,0.2998,0.3058,461936000
2009-12-02,0.3065,0.3157,0.3046,0.3150,602292000
2009-12-03,0.3186,0.3244,0.3170,0.3175,660036000
2009-12-04,0.3235,0.3287,0.3184,0.3274,824564000
2009-12-07,0.3639,0.3776,0.3467,0.3694,2147483647
2009-12-08,0.3634,0.3650,0.3494,0.3515,1075512000
2009-12-09,0.3551,0.3628,0.3517,0.3602,671588000
2009-12-10,0.3627,0.3650,0.3526,0.3538,417012000
2009-12-11,0.3568,0.3572,0.3483,0.3492,416744000
2009-12-14,0.3542,0.3609,0.3503,0.3597,405488000
2009-12-15,0.3572,0.3652,0.3563,0.3593,446152000
2009-12-16,0.3721,0.3923,0.3701,0.3882,1683400000
2009-12-17,0.3894,0.4013,0.3806,0.3864,1016132000
2009-12-18,0.3896,0.3910,0.3815,0.3861,812828000
2009-12-21,0.3884,0.4015,0.3880,0.3999,427792000
2009-12-22,0.3999,0.4146,0.3995,0.4105,793044000
2009-12-23,0.4144,0.4174,0.4091,0.4162,442196000
2009-12-24,0.4174,0.4181,0.4137,0.4153,136812000
2009-12-28,0.4146,0.4183,0.4045,0.4086,465760000
2009-12-29,0.4073,0.4148,0.4063,0.4137,475848000
2009-12-30,0.4176,0.4311,0.4146,0.4286,704008000
2009-12-31,0.4295,0.4350,0.4284,0.4288,700340000
2010-01-04,0.4249,0.4275,0.4158,0.4245,800204000
2010-01-05,0.4249,0.4353,0.4229,0.4307,728648000
2010-01-06,0.4304,0.4344,0.4263,0.4334,649168000
2010-01-07,0.4311,0.4330,0.4217,0.4249,547792000
2010-01-08,0.4215,0.4289,0.4190,0.4259,478168000
2010-01-11,0.4282,0.4300,0.4139,0.4199,556612000
2010-01-12,0.4137,0.4153,0.3969,0.4057,627432000
2010-01-13,0.4084,0.4125,0.3926,0.4112,508868000
2010-01-14,0.4061,0.4091,0.3978,0.4047,608524000
2010-01-15,0.4018,0.4052,0.3875,0.3928,818192000
2010-01-19,0.3898,0.4027,0.3887,0.4001,545328000
2010-01-20,0.3951,0.4001,0.3898,0.3984,719728000
2010-01-21,0.3983,0.4054,0.3877,0.3914,608632000
2010-01-22,0.3868,0.3939,0.3756,0.3779,1067916000
2010-01-25,0.3841,0.3916,0.3813,0.3843,643676000
2010-01-26,0.3825,0.3850,0.3719,0.3721,714636000
2010-01-27,0.3719,0.3836,0.3678,0.3822,812504000
2010-01-28,0.3852,0.3866,0.3641,0.3694,687764000
2010-01-29,0.3735,0.3776,0.3478,0.3533,774700000
2010-02-01,0.3547,0.3811,0.3517,0.3804,949832000
2010-02-02,0.3790,0.3891,0.3779,0.3843,849812000
2010-02-03,0.3809,0.3891,0.3790,0.3875,562296000
2010-02-04,0.3841,0.3841,0.3609,0.3650,783480000
2010-02-05,0.3646,0.3733,0.3581,0.3724,604856000
2010-02-08,0.3712,0.3806,0.3644,0.3717,445160000
2010-02-09,0.3776,0.3795,0.3650,0.3687,930144000
2010-02-10,0.3710,0.3793,0.3685,0.3758,535828000
2010-02-11,0.3818,0.3972,0.3790,0.3930,695980000
2010-02-12,0.3903,0.4063,0.3858,0.3983,780212000
2010-02-16,0.4036,0.4073,0.3988,0.4057,457024000
2010-02-17,0.4107,0.4109,0.3977,0.4096,876560000
2010-02-18,0.3871,0.3891,0.3721,0.3827,1515508000
2010-02-19,0.3811,0.3852,0.3788,0.3806,510548000
2010-02-22,0.3822,0.3880,0.3788,0.3813,458084000
2010-02-23,0.3825,0.3841,0.3682,0.3721,489764000
2010-02-24,0.3754,0.3836,0.3742,0.3799,445868000
2010-02-25,0.3712,0.3774,0.3618,0.3765,576972000
2010-02-26,0.3747,0.3774,0.3696,0.3719,393396000
2010-03-01,0.3721,0.3887,0.3692,0.3868,555868000
2010-03-02,0.3903,0.3951,0.3838,0.3866,538648000
2010-03-03,0.3889,0.3910,0.3786,0.3818,399300000
2010-03-04,0.3834,0.3864,0.3776,0.3825,557396000
2010-03-05,0.3797,0.3969,0.3797,0.3942,632832000
2010-03-08,0.3944,0.3956,0.3868,0.3884,439312000
2010-03-09,0.3923,0.4068,0.3921,0.4029,830832000
2010-03-10,0.4018,0.4082,0.4015,0.4038,418520000
2010-03-11,0.4006,0.4020,0.3930,0.3946,540660000
2010-03-12,0.3990,0.4001,0.3939,0.3960,520352000
2010-03-15,0.3956,0.3995,0.3903,0.3939,358904000
2010-03-16,0.3937,0.4100,0.3935,0.4076,664988000
2010-03-17,0.4100,0.4210,0.4100,0.4155,651168000
2010-03-18,0.4162,0.4162,0.3972,0.4008,740964000
2010-03-19,0.4068,0.4079,0.3910,0.3960,584612000
2010-03-22,0.3910,0.4040,0.3910,0.4024,435336000
2010-03-23,0.4053,0.4128,0.4027,0.4107,493612000
2010-03-24,0.4073,0.4084,0.3961,0.3969,436252000
2010-03-25,0.4027,0.4052,0.3972,0.3981,495184000
2010-03-26,0.4015,0.4057,0.3948,0.3981,344676000
2010-03-29,0.4006,0.4040,0.3951,0.4031,394456000
2010-03-30,0.4077,0.4098,0.3978,0.4047,324104000
2010-03-31,0.4031,0.4050,0.3974,0.3995,389840000
2010-04-01,0.4013,0.4059,0.3912,0.3953,339664000
2010-04-05,0.3978,0.4020,0.3974,0.4013,413636000
2010-04-06,0.3962,0.3972,0.3845,0.3914,809260000
2010-04-07,0.3889,0.4006,0.3857,0.3939,817468000
2010-04-08,0.3914,0.3943,0.3855,0.3875,1037600000
2010-04-09,0.3866,0.3914,0.3845,0.3900,817572000
2010-04-12,0.3905,0.3988,0.3898,0.3972,546460000
2010-04-13,0.3988,0.4068,0.3972,0.4054,648696000
2010-04-14,0.4141,0.4162,0.4040,0.4105,900720000
2010-04-15,0.4119,0.4160,0.4077,0.4135,957596000
2010-04-16,0.3967,0.3983,0.3829,0.3916,1917736000
2010-04-19,0.3887,0.3910,0.3767,0.3898,1094492000
2010-04-20,0.3926,0.3967,0.3861,0.3912,678188000
2010-04-21,0.3933,0.3937,0.3765,0.3811,895908000
2010-04-22,0.3749,0.3838,0.3696,0.3827,656932000
2010-04-23,0.3815,0.3825,0.3708,0.3774,752916000
2010-04-26,0.3779,0.3857,0.3772,0.3811,491092000
2010-04-27,0.3783,0.3822,0.3692,0.3703,606704000
2010-04-28,0.3701,0.3763,0.3634,0.3710,672164000
2010-04-29,0.3721,0.3827,0.3666,0.3822,987128000
2010-04-30,0.3776,0.3783,0.3604,0.3607,1068048000
2010-05-03,0.3625,0.3646,0.3512,0.3568,1078972000
2010-05-04,0.3512,0.3519,0.3336,0.3386,1311376000
2010-05-05,0.3317,0.3414,0.3287,0.3329,1330840000
2010-05-06,0.3306,0.3375,0.2994,0.3260,1002888000
2010-05-07,0.3290,0.3290,0.3090,0.3205,1153712000
2010-05-10,0.3398,0.3439,0.3306,0.3343,979156000
2010-05-11,0.3310,0.3372,0.3281,0.3306,829124000
2010-05-12,0.3329,0.3388,0.3308,0.3370,901236000
2010-05-13,0.3356,0.3510,0.3331,0.3363,1252000000
2010-05-14,0.3136,0.3145,0.2893,0.2975,2147483647
2010-05-17,0.2980,0.3019,0.2888,0.2982,856060000
2010-05-18,0.3007,0.3026,0.2867,0.2883,674112000
2010-05-19,0.2870,0.2934,0.2849,0.2929,826520000
2010-05-20,0.2844,0.2929,0.2757,0.2860,1129136000
2010-05-21,0.2778,0.3002,0.2778,0.2922,1069600000
2010-05-24,0.2913,0.2948,0.2828,0.2838,664564000
2010-05-25,0.2748,0.2927,0.2720,0.2913,966652000
2010-05-26,0.3030,0.3088,0.2918,0.2927,995028000
2010-05-27,0.3001,0.3099,0.2994,0.3099,713560000
2010-05-28,0.3095,0.3095,0.2971,0.3017,545116000
2010-06-01,0.2975,0.3010,0.2886,0.2888,527492000
2010-06-02,0.2893,0.2924,0.2873,0.2920,649088000
2010-06-03,0.2860,0.2922,0.2851,0.2916,586360000
2010-06-04,0.2831,0.2881,0.2762,0.2777,671456000
2010-06-07,0.2789,0.2808,0.2629,0.2641,577248000
2010-06-08,0.2627,0.2629,0.2500,0.2567,967636000
2010-06-09,0.2580,0.2649,0.2495,0.2505,697152000
2010-06-10,0.2555,0.2617,0.2548,0.2606,611768000
2010-06-11,0.2578,0.2676,0.2571,0.2665,442104000
2010-06-14,0.2704,0.2709,0.2601,0.2608,375080000
2010-06-15,0.2638,0.2750,0.2633,0.2737,528632000
2010-06-16,0.2718,0.2743,0.2665,0.2702,366480000
2010-06-17,0.2796,0.2812,0.2700,0.2805,859068000
2010-06-18,0.2821,0.2858,0.2801,0.2824,932832000
2010-06-21,0.2883,0.2890,0.2732,0.2757,579836000
2010-06-22,0.2792,0.2826,0.2640,0.2654,818164000
2010-06-23,0.2679,0.2711,0.2603,0.2684,614060000
2010-06-24,0.2668,0.2681,0.2541,0.2551,725028000
2010-06-25,0.2569,0.2571,0.2502,0.2544,507220000
2010-06-28,0.2562,0.2585,0.2502,0.2548,372008000
2010-06-29,0.2493,0.2495,0.2390,0.2406,660808000
2010-06-30,0.2411,0.2436,0.2344,0.2344,623072000
2010-07-01,0.2351,0.2399,0.2280,0.2383,737008000
2010-07-02,0.2392,0.2397,0.2273,0.2353,737096000
2010-07-06,0.2344,0.2420,0.2307,0.2328,712020000
2010-07-07,0.2337,0.2454,0.2332,0.2440,608412000
2010-07-08,0.2456,0.2459,0.2337,0.2367,783272000
2010-07-09,0.2378,0.2392,0.2346,0.2376,571516000
2010-07-12,0.2376,0.2450,0.2374,0.2420,565396000
2010-07-13,0.2459,0.2523,0.2445,0.2507,723316000
2010-07-14,0.2617,0.2635,0.2495,0.2532,1355664000
2010-07-15,0.2534,0.2537,0.2431,0.2461,953088000
2010-07-16,0.2461,0.2468,0.2298,0.2307,1288604000
2010-07-19,0.2339,0.2411,0.2323,0.2401,798440000
2010-07-20,0.2339,0.2475,0.2319,0.2461,1160988000
2010-07-21,0.2484,0.2486,0.2358,0.2381,624940000
2010-07-22,0.2406,0.2445,0.2392,0.2420,462612000
2010-07-23,0.2417,0.2420,0.2355,0.2378,817604000
2010-07-26,0.2371,0.2431,0.2335,0.2422,683548000
2010-07-27,0.2429,0.2433,0.2371,0.2401,683472000
2010-07-28,0.2362,0.2404,0.2319,0.2326,1320808000
2010-07-29,0.2158,0.2204,0.2082,0.2096,2147483647
2010-07-30,0.2080,0.2146,0.2048,0.2110,984288000
2010-08-02,0.2146,0.2156,0.2098,0.2107,917020000
2010-08-03,0.2091,0.2094,0.2036,0.2052,955444000
2010-08-04,0.2071,0.2146,0.2062,0.2140,855496000
2010-08-05,0.2146,0.2172,0.2107,0.2167,800504000
2010-08-06,0.2158,0.2215,0.2140,0.2192,739904000
2010-08-09,0.2215,0.2218,0.2159,0.2213,466456000
2010-08-10,0.2176,0.2181,0.2112,0.2122,772560000
2010-08-11,0.2078,0.2078,0.2032,0.2039,796148000
2010-08-12,0.2002,0.2103,0.1986,0.2057,1343584000
2010-08-13,0.2124,0.2186,0.2119,0.2156,1797392000
2010-08-16,0.2126,0.2169,0.2073,0.2101,814008000
2010-08-17,0.2121,0.2167,0.2101,0.2128,481224000
2010-08-18,0.2121,0.2158,0.2107,0.2140,352920000
2010-08-19,0.2163,0.2275,0.2151,0.2268,1615100000
2010-08-20,0.2252,0.2344,0.2250,0.2289,1305308000
2010-08-23,0.2296,0.2353,0.2248,0.2254,748620000
2010-08-24,0.2181,0.2254,0.2176,0.2231,641332000
2010-08-25,0.2206,0.2296,0.2195,0.2277,757532000
2010-08-26,0.2307,0.2332,0.2250,0.2250,657596000
2010-08-27,0.2264,0.2342,0.2206,0.2323,1060416000
2010-08-30,0.2296,0.2314,0.2213,0.2213,602804000
2010-08-31,0.2181,0.2250,0.2135,0.2141,931488000
2010-09-01,0.2174,0.2202,0.2145,0.2158,851440000
2010-09-02,0.2165,0.2204,0.2144,0.2197,596292000
2010-09-03,0.2250,0.2280,0.2222,0.2273,566484000
2010-09-07,0.2266,0.2346,0.2261,0.2293,899820000
2010-09-08,0.2298,0.2385,0.2273,0.2369,1224156000
2010-09-09,0.2399,0.2401,0.2307,0.2337,697748000
2010-09-10,0.2353,0.2360,0.2291,0.2312,609292000
2010-09-13,0.2353,0.2472,0.2352,0.2443,1015792000
2010-09-14,0.2422,0.2452,0.2399,0.2420,698536000
2010-09-15,0.2397,0.2427,0.2365,0.2424,555572000
2010-09-16,0.2392,0.2447,0.2392,0.2425,365280000
2010-09-17,0.2450,0.2452,0.2415,0.2422,416884000
2010-09-20,0.2422,0.2468,0.2399,0.2459,443168000
2010-09-21,0.2445,0.2633,0.2445,0.2592,1779624000
2010-09-22,0.2583,0.2638,0.2567,0.2615,999996000
2010-09-23,0.2645,0.2750,0.2622,0.2668,1240872000
2010-09-24,0.2727,0.2824,0.2707,0.2815,1086976000
2010-09-27,0.2835,0.2838,0.2718,0.2754,999504000
2010-09-28,0.2757,0.2787,0.2700,0.2748,723192000
2010-09-29,0.2723,0.2808,0.2697,0.2727,974904000
2010-09-30,0.2762,0.2793,0.2658,0.2682,787632000
2010-10-01,0.2720,0.2725,0.2585,0.2606,999120000
2010-10-04,0.2580,0.2624,0.2528,0.2580,749500000
2010-10-05,0.2635,0.2640,0.2592,0.2599,753588000
2010-10-06,0.2599,0.2610,0.2450,0.2475,1057604000
2010-10-07,0.2486,0.2489,0.2383,0.2456,761488000
2010-10-08,0.2447,0.2514,0.2413,0.2493,706932000
2010-10-11,0.2505,0.2525,0.2470,0.2482,442680000
2010-10-12,0.2461,0.2541,0.2440,0.2529,605208000
2010-10-13,0.2571,0.2640,0.2544,0.2603,968732000
2010-10-14,0.2606,0.2610,0.2551,0.2562,599172000
2010-10-15,0.2603,0.2633,0.2562,0.2592,639940000
2010-10-18,0.2594,0.2619,0.2548,0.2608,448156000
2010-10-19,0.2551,0.2610,0.2530,0.2591,866136000
2010-10-20,0.2594,0.2663,0.2548,0.2592,763532000
2010-10-21,0.2594,0.2599,0.2507,0.2546,1014428000
2010-10-22,0.2562,0.2730,0.2534,0.2709,1322676000
2010-10-25,0.2730,0.2754,0.2704,0.2734,673136000
2010-10-26,0.2702,0.2766,0.2679,0.2725,675248000
2010-10-27,0.2700,0.2773,0.2693,0.2764,496796000
2010-10-28,0.2801,0.2810,0.2741,0.2766,704448000
2010-10-29,0.2762,0.2789,0.2732,0.2760,554664000
2010-11-01,0.2778,0.2821,0.2741,0.2764,473920000
2010-11-02,0.2776,0.2867,0.2759,0.2820,581036000
2010-11-03,0.2840,0.2860,0.2766,0.2842,671748000
2010-11-04,0.2870,0.2899,0.2842,0.2847,700016000
2010-11-05,0.2867,0.2920,0.2854,0.2894,735116000
2010-11-08,0.2893,0.2932,0.2870,0.2906,605156000
2010-11-09,0.2906,0.2929,0.2874,0.2890,633964000
2010-11-10,0.2911,0.2925,0.2870,0.2925,521016000
2010-11-11,0.2856,0.2943,0.2817,0.2895,1089980000
2010-11-12,0.3005,0.3141,0.2991,0.3044,2142560000
2010-11-15,0.3040,0.3102,0.3001,0.3008,733548000
2010-11-16,0.2957,0.2998,0.2913,0.2918,739356000
2010-11-17,0.2916,0.3001,0.2888,0.2966,551764000
2010-11-18,0.3005,0.3088,0.3005,0.3058,993120000
2010-11-19,0.3051,0.3168,0.3046,0.3157,716484000
2010-11-22,0.3136,0.3177,0.3108,0.3159,462668000
2010-11-23,0.3122,0.3154,0.3062,0.3085,457832000
2010-11-24,0.3118,0.3173,0.3115,0.3161,397784000
2010-11-26,0.3159,0.3177,0.3122,0.3122,143104000
2010-11-29,0.3108,0.3168,0.3095,0.3157,468192000
2010-11-30,0.3108,0.3141,0.3067,0.3124,720936000
2010-12-01,0.3186,0.3282,0.3182,0.3262,626536000
2010-12-02,0.3262,0.3322,0.3260,0.3301,529316000
2010-12-03,0.3285,0.3395,0.3278,0.3395,606044000
2010-12-06,0.3407,0.3414,0.3317,0.3332,438424000
2010-12-07,0.3409,0.3519,0.3402,0.3439,1026812000
2010-12-08,0.3434,0.3506,0.3409,0.3469,613252000
2010-12-09,0.3386,0.3434,0.3338,0.3412,942408000
2010-12-10,0.3411,0.3464,0.3402,0.3432,451900000
2010-12-13,0.3446,0.3453,0.3336,0.3345,609108000
2010-12-14,0.3409,0.3471,0.3345,0.3350,755160000
2010-12-15,0.3356,0.3398,0.3271,0.3276,624176000
2010-12-16,0.3310,0.3329,0.3271,0.3280,631872000
2010-12-17,0.3283,0.3317,0.3244,0.3299,593156000
2010-12-20,0.3310,0.3326,0.3283,0.3285,344088000
2010-12-21,0.3317,0.3414,0.3315,0.3414,466952000
2010-12-22,0.3407,0.3455,0.3375,0.3450,477988000
2010-12-23,0.3450,0.3450,0.3411,0.3425,273784000
2010-12-27,0.3416,0.3469,0.3354,0.3444,255500000
2010-12-28,0.3444,0.3467,0.3409,0.3430,194260000
2010-12-29,0.3428,0.3455,0.3398,0.3430,177660000
2010-12-30,0.3425,0.3462,0.3414,0.3441,174488000
2010-12-31,0.3444,0.3540,0.3439,0.3535,391252000
2011-01-03,0.3563,0.3666,0.3558,0.3632,817448000
2011-01-04,0.3639,0.3655,0.3540,0.3620,651384000
2011-01-05,0.3687,0.3903,0.3650,0.3898,1428216000
2011-01-06,0.3999,0.4440,0.3988,0.4438,2147483647
2011-01-07,0.4388,0.4575,0.4288,0.4562,2147483647
2011-01-10,0.4479,0.4745,0.4445,0.4736,1750348000
2011-01-11,0.4800,0.4846,0.4562,0.4663,2147483647
2011-01-12,0.4665,0.5365,0.4649,0.5361,2147483647
2011-01-13,0.5303,0.5473,0.5138,0.5370,2147483647
2011-01-14,0.5278,0.5505,0.5246,0.5416,1595352000
2011-01-18,0.5342,0.5379,0.5158,0.5288,1813348000
2011-01-19,0.5292,0.5418,0.5133,0.5145,1197896000
2011-01-20,0.5094,0.5179,0.5002,0.5149,1111408000
2011-01-21,0.5204,0.5278,0.5092,0.5101,739244000
2011-01-24,0.5335,0.5751,0.5276,0.5677,2056900000
2011-01-25,0.5652,0.5712,0.5466,0.5503,1086856000
2011-01-26,0.5560,0.5739,0.5521,0.5634,1074660000
2011-01-27,0.5714,0.5728,0.5510,0.5618,657396000
2011-01-28,0.5631,0.5726,0.5326,0.5455,1094796000
2011-01-31,0.5464,0.5567,0.5374,0.5491,750160000
2011-02-01,0.5540,0.5659,0.5503,0.5618,654104000
2011-02-02,0.5585,0.6008,0.5585,0.5872,1606616000
2011-02-03,0.5882,0.5882,0.5636,0.5761,1030776000
2011-02-04,0.5843,0.5939,0.5820,0.5893,872900000
2011-02-07,0.5813,0.5838,0.5627,0.5648,934236000
2011-02-08,0.5654,0.5690,0.5455,0.5480,1076584000
2011-02-09,0.5501,0.5556,0.5248,0.5347,1277520000
2011-02-10,0.5228,0.5328,0.5188,0.5239,1042352000
2011-02-11,0.5220,0.5558,0.5136,0.5388,1359276000
2011-02-14,0.5452,0.5625,0.5285,0.5305,1287828000
2011-02-15,0.5315,0.5333,0.5154,0.5177,886980000
2011-02-16,0.5246,0.5443,0.5227,0.5367,1318364000
2011-02-17,0.5216,0.5971,0.5191,0.5895,2147483647
2011-02-18,0.5863,0.5957,0.5792,0.5884,1394412000
2011-02-22,0.5691,0.5707,0.5310,0.5328,1396648000
2011-02-23,0.5328,0.5379,0.5000,0.5076,1491604000
2011-02-24,0.5101,0.5289,0.5064,0.5200,1246120000
2011-02-25,0.5340,0.5395,0.5266,0.5308,775652000
2011-02-28,0.5395,0.5397,0.5083,0.5202,903696000
2011-03-01,0.5211,0.5278,0.4970,0.4970,988448000
2011-03-02,0.4963,0.5057,0.4649,0.4764,1718140000
2011-03-03,0.4874,0.4901,0.4647,0.4791,1593704000
2011-03-04,0.4796,0.4844,0.4713,0.4765,959760000
2011-03-07,0.4800,0.4816,0.4580,0.4699,1019140000
2011-03-08,0.4750,0.4775,0.4389,0.4488,1947184000
2011-03-09,0.4474,0.4518,0.4355,0.4394,1318976000
2011-03-10,0.4293,0.4325,0.4109,0.4114,1722736000
2011-03-11,0.4147,0.4259,0.4054,0.4144,1486832000
2011-03-14,0.4176,0.4282,0.4109,0.4178,1003360000
2011-03-15,0.3974,0.4123,0.3905,0.4054,1256280000
2011-03-16,0.4018,0.4213,0.3972,0.4024,1476520000
2011-03-17,0.4132,0.4139,0.3949,0.4100,1238516000
2011-03-18,0.4164,0.4178,0.4040,0.4045,886960000
2011-03-21,0.4132,0.4174,0.4036,0.4077,751832000
2011-03-22,0.4066,0.4105,0.3988,0.4005,718332000
2011-03-23,0.3999,0.4100,0.3912,0.4089,782396000
2011-03-24,0.4176,0.4465,0.4167,0.4415,1780592000
2011-03-25,0.4454,0.4464,0.4270,0.4277,1196392000
2011-03-28,0.4378,0.4509,0.4339,0.4435,1204284000
2011-03-29,0.4435,0.4451,0.4341,0.4401,715764000
2011-03-30,0.4435,0.4454,0.4181,0.4236,1176320000
2011-03-31,0.4242,0.4288,0.4160,0.4238,655112000
2011-04-01,0.4293,0.4298,0.4121,0.4178,850072000
2011-04-04,0.4178,0.4190,0.3999,0.4029,924328000
2011-04-05,0.4089,0.4121,0.4027,0.4036,821076000
2011-04-06,0.4066,0.4070,0.3974,0.4008,856984000
2011-04-07,0.4018,0.4181,0.4001,0.4155,1021208000
2011-04-08,0.4187,0.4187,0.4018,0.4029,746552000
2011-04-11,0.4045,0.4066,0.3933,0.3976,546208000
2011-04-12,0.3937,0.4015,0.3864,0.3988,840756000
2011-04-13,0.4029,0.4102,0.3978,0.4077,749588000
2011-04-14,0.4040,0.4252,0.4018,0.4249,1254704000
2011-04-15,0.4217,0.4348,0.4197,0.4295,969720000
2011-04-18,0.4194,0.4222,0.4086,0.4153,743584000
2011-04-19,0.4155,0.4171,0.4024,0.4137,659860000
2011-04-20,0.4288,0.4350,0.4194,0.4263,650516000
2011-04-21,0.4309,0.4335,0.4242,0.4252,421300000
2011-04-25,0.4270,0.4389,0.4268,0.4318,619612000
2011-04-26,0.4355,0.4475,0.4311,0.4431,676000000
2011-04-27,0.4454,0.4454,0.4339,0.4431,450004000
2011-04-28,0.4431,0.4568,0.4380,0.4479,684000000
2011-04-29,0.4509,0.4692,0.4502,0.4591,836000000
2011-05-02,0.4688,0.4690,0.4507,0.4529,613824000
2011-05-03,0.4477,0.4490,0.4259,0.4314,808000000
2011-05-04,0.4327,0.4376,0.4201,0.4282,639356000
2011-05-05,0.4247,0.4334,0.4190,0.4284,544000000
2011-05-06,0.4373,0.4477,0.4339,0.4435,841080000
2011-05-09,0.4449,0.4557,0.4438,0.4534,706328000
2011-05-10,0.4571,0.4575,0.4495,0.4541,690976000
2011-05-11,0.4564,0.4610,0.4500,0.4562,616000000
2011-05-12,0.4546,0.4711,0.4534,0.4706,1224000000
2011-05-13,0.4408,0.4419,0.4160,0.4192,2025192000
2011-05-16,0.4181,0.4190,0.4061,0.4064,728188000
2011-05-17,0.4050,0.4052,0.3930,0.4047,1420364000
2011-05-18,0.4063,0.4176,0.4050,0.4141,658844000
2011-05-19,0.4174,0.4176,0.4020,0.4082,650884000
2011-05-20,0.4073,0.4162,0.4054,0.4153,575820000
2011-05-23,0.4093,0.4178,0.4040,0.4148,588000000
2011-05-24,0.4169,0.4332,0.4158,0.4165,720372000
2011-05-25,0.4144,0.4242,0.4102,0.4215,545312000
2011-05-26,0.4215,0.4357,0.4203,0.4321,706436000
2011-05-27,0.4339,0.4484,0.4334,0.4477,658824000
2011-05-31,0.4564,0.4603,0.4454,0.4601,1200716000
2011-06-01,0.4580,0.4587,0.4385,0.4394,762208000
2011-06-02,0.4401,0.4433,0.4321,0.4372,607592000
2011-06-03,0.4323,0.4362,0.4217,0.4238,549300000
2011-06-06,0.4222,0.4270,0.4144,0.4148,435988000
2011-06-07,0.4181,0.4203,0.4128,0.4146,433956000
2011-06-08,0.4125,0.4151,0.4001,0.4034,569288000
2011-06-09,0.4031,0.4040,0.3843,0.3988,741632000
2011-06-10,0.3995,0.4019,0.3898,0.3930,493548000
2011-06-13,0.3930,0.3981,0.3875,0.3902,574760000
2011-06-14,0.3937,0.4022,0.3919,0.3935,534576000
2011-06-15,0.3882,0.3905,0.3770,0.3850,935916000
2011-06-16,0.3852,0.3911,0.3662,0.3717,1024908000
2011-06-17,0.3760,0.3763,0.3515,0.3628,1467884000
2011-06-20,0.3597,0.3673,0.3558,0.3586,745960000
2011-06-21,0.3600,0.3692,0.3565,0.3664,704276000
2011-06-22,0.3639,0.3687,0.3607,0.3613,651720000
2011-06-23,0.3568,0.3746,0.3535,0.3721,744024000
2011-06-24,0.3703,0.3735,0.3591,0.3613,529052000
2011-06-27,0.3613,0.3636,0.3411,0.3538,1142152000
2011-06-28,0.3538,0.3600,0.3512,0.3558,692200000
2011-06-29,0.3581,0.3650,0.3457,0.3613,960544000
2011-06-30,0.3623,0.3698,0.3568,0.3658,652300000
2011-07-01,0.3659,0.3721,0.3586,0.3706,540804000
2011-07-05,0.3703,0.3737,0.3613,0.3646,535296000
2011-07-06,0.3643,0.3650,0.3554,0.3597,529580000
2011-07-07,0.3616,0.3634,0.3547,0.3610,986136000
2011-07-08,0.3561,0.3586,0.3512,0.3542,619516000
2011-07-11,0.3476,0.3489,0.3409,0.3418,714388000
2011-07-12,0.3402,0.3434,0.3315,0.3372,867604000
2011-07-13,0.3418,0.3441,0.3333,0.3366,634368000
2011-07-14,0.3379,0.3400,0.3216,0.3232,1088996000
2011-07-15,0.3251,0.3271,0.3170,0.3237,827736000
2011-07-18,0.3212,0.3230,0.3127,0.3167,818200000
2011-07-19,0.3177,0.3271,0.3177,0.3265,602224000
2011-07-20,0.3276,0.3294,0.3214,0.3223,662956000
2011-07-21,0.3228,0.3398,0.3180,0.3375,1143420000
2011-07-22,0.3405,0.3455,0.3361,0.3444,737192000
2011-07-25,0.3391,0.3405,0.3340,0.3388,566920000
2011-07-26,0.3292,0.3375,0.3258,0.3306,698276000
2011-07-27,0.3260,0.3276,0.3173,0.3181,652212000
2011-07-28,0.3170,0.3242,0.3120,0.3175,648176000
2011-07-29,0.3143,0.3205,0.3127,0.3175,677656000
2011-08-01,0.3248,0.3354,0.3221,0.3345,1019620000
2011-08-02,0.3322,0.3531,0.3310,0.3310,1356432000
2011-08-03,0.3317,0.3411,0.3285,0.3400,765236000
2011-08-04,0.3338,0.3338,0.3076,0.3076,979732000
2011-08-05,0.3147,0.3186,0.2893,0.2973,1270588000
2011-08-08,0.2828,0.2929,0.2720,0.2739,1084180000
2011-08-09,0.2792,0.2973,0.2755,0.2968,1329832000
2011-08-10,0.2881,0.2964,0.2817,0.2833,1140052000
2011-08-11,0.2833,0.3120,0.2833,0.3079,1078792000
2011-08-12,0.3407,0.3411,0.2909,0.2957,2147483647
2011-08-15,0.2987,0.3076,0.2971,0.3069,864152000
2011-08-16,0.3035,0.3076,0.2927,0.2982,716868000
2011-08-17,0.2991,0.3042,0.2902,0.2941,553328000
2011-08-18,0.2808,0.2835,0.2709,0.2741,802564000
2011-08-19,0.2695,0.2845,0.2675,0.2693,761332000
2011-08-22,0.2768,0.2801,0.2710,0.2741,611876000
2011-08-23,0.2808,0.3040,0.2803,0.3037,938312000
2011-08-24,0.3030,0.3040,0.2916,0.2994,687500000
2011-08-25,0.2934,0.2987,0.2860,0.2865,690968000
2011-08-26,0.2854,0.3017,0.2803,0.2987,732660000
2011-08-29,0.3072,0.3079,0.3001,0.3067,601528000
2011-08-30,0.3046,0.3166,0.3026,0.3141,684760000
2011-08-31,0.3164,0.3196,0.3030,0.3056,705808000
2011-09-01,0.3097,0.3164,0.3046,0.3049,762312000
2011-09-02,0.2980,0.3021,0.2943,0.2966,471356000
2011-09-06,0.2870,0.3033,0.2842,0.3026,696248000
2011-09-07,0.3271,0.3361,0.3182,0.3271,1606620000
2011-09-08,0.3239,0.3317,0.3203,0.3255,880164000
2011-09-09,0.3228,0.3315,0.3159,0.3186,869828000
2011-09-12,0.3248,0.3290,0.3143,0.3262,916480000
2011-09-13,0.3290,0.3352,0.3239,0.3336,853836000
2011-09-14,0.3423,0.3551,0.3421,0.3508,1547192000
2011-09-15,0.3586,0.3604,0.3526,0.3557,752908000
2011-09-16,0.3565,0.3696,0.3531,0.3549,1391588000
2011-09-19,0.3490,0.3515,0.3386,0.3476,968204000
2011-09-20,0.3519,0.3533,0.3370,0.3386,792436000
2011-09-21,0.3405,0.3463,0.3320,0.3321,715252000
2011-09-22,0.3191,0.3196,0.3042,0.3102,1314632000
2011-09-23,0.3083,0.3255,0.3065,0.3166,1011440000
2011-09-26,0.3205,0.3214,0.3030,0.3173,972124000
2011-09-27,0.3253,0.3281,0.3152,0.3177,781388000
2011-09-28,0.3184,0.3265,0.3030,0.3081,1236532000
2011-09-29,0.3136,0.3189,0.2927,0.3005,866416000
2011-09-30,0.2957,0.2973,0.2867,0.2872,677784000
2011-10-03,0.2835,0.2925,0.2711,0.2711,949896000
2011-10-04,0.2644,0.2961,0.2633,0.2961,1361548000
2011-10-05,0.2955,0.3095,0.2895,0.3067,856708000
2011-10-06,0.3083,0.3198,0.3079,0.3189,773192000
2011-10-07,0.3203,0.3297,0.3136,0.3248,806976000
2011-10-10,0.3304,0.3393,0.3297,0.3393,534376000
2011-10-11,0.3366,0.3421,0.3345,0.3356,816080000
2011-10-12,0.3421,0.3423,0.3352,0.3354,612064000
2011-10-13,0.3338,0.3556,0.3329,0.3549,854832000
2011-10-14,0.3611,0.3648,0.3522,0.3609,702452000
2011-10-17,0.3568,0.3568,0.3411,0.3430,611780000
2011-10-18,0.3411,0.3563,0.3391,0.3554,590916000
2011-10-19,0.3558,0.3620,0.3472,0.3483,557568000
2011-10-20,0.3388,0.3402,0.3177,0.3308,990308000
2011-10-21,0.3349,0.3405,0.3269,0.3324,628428000
2011-10-24,0.3338,0.3501,0.3331,0.3448,535256000
2011-10-25,0.3400,0.3428,0.3310,0.3317,577996000
2011-10-26,0.3382,0.3400,0.3260,0.3356,503116000
2011-10-27,0.3480,0.3535,0.3402,0.3501,577732000
2011-10-28,0.3471,0.3613,0.3462,0.3581,490156000
2011-10-31,0.3467,0.3487,0.3398,0.3398,519984000
2011-11-01,0.3274,0.3283,0.3196,0.3228,790824000
2011-11-02,0.3260,0.3276,0.3106,0.3172,961608000
2011-11-03,0.3207,0.3370,0.3122,0.3363,749372000
2011-11-04,0.3333,0.3414,0.3281,0.3402,654840000
2011-11-07,0.3377,0.3434,0.3306,0.3384,613536000
2011-11-08,0.3428,0.3483,0.3372,0.3462,549728000
2011-11-09,0.3382,0.3425,0.3274,0.3287,532244000
2011-11-10,0.3368,0.3402,0.3239,0.3322,990484000
2011-11-11,0.3416,0.3467,0.3230,0.3439,1751560000
2011-11-14,0.3439,0.3473,0.3363,0.3372,500292000
2011-11-15,0.3340,0.3440,0.3331,0.3416,505660000
2011-11-16,0.3352,0.3441,0.3336,0.3347,512420000
2011-11-17,0.3340,0.3349,0.3168,0.3228,657504000
2011-11-18,0.3246,0.3246,0.3162,0.3198,501352000
2011-11-21,0.3147,0.3391,0.3099,0.3359,1330788000
2011-11-22,0.3395,0.3480,0.3376,0.3462,1287480000
2011-11-23,0.3425,0.3450,0.3313,0.3315,825340000
2011-11-25,0.3271,0.3347,0.3214,0.3223,406620000
2011-11-28,0.3329,0.3455,0.3329,0.3405,690616000
2011-11-29,0.3400,0.3467,0.3368,0.3423,623440000
2011-11-30,0.3526,0.3597,0.3496,0.3588,730324000
2011-12-01,0.3558,0.3641,0.3542,0.3632,529760000
2011-12-02,0.3671,0.3685,0.3574,0.3609,546464000
2011-12-05,0.3669,0.3673,0.3524,0.3554,644696000
2011-12-06,0.3574,0.3581,0.3467,0.3503,573832000
2011-12-07,0.3480,0.3508,0.3409,0.3483,510016000
2011-12-08,0.3448,0.3506,0.3361,0.3372,491488000
2011-12-09,0.3347,0.3448,0.3300,0.3421,555840000
2011-12-12,0.3347,0.3361,0.3274,0.3336,573208000
2011-12-13,0.3379,0.3421,0.3223,0.3244,516596000
2011-12-14,0.3216,0.3235,0.3083,0.3118,636020000
2011-12-15,0.3170,0.3191,0.3083,0.3090,435148000
2011-12-16,0.3115,0.3175,0.3088,0.3102,619116000
2011-12-19,0.3115,0.3152,0.3010,0.3020,463276000
2011-12-20,0.3090,0.3203,0.3090,0.3191,445208000
2011-12-21,0.3173,0.3207,0.3088,0.3150,548424000
2011-12-22,0.3159,0.3294,0.3159,0.3284,576560000
2011-12-23,0.3301,0.3306,0.3225,0.3253,248948000
2011-12-27,0.3239,0.3278,0.3219,0.3228,195712000
2011-12-28,0.3228,0.3234,0.3145,0.3147,233960000
2011-12-29,0.3180,0.3214,0.3134,0.3207,211112000
2011-12-30,0.3196,0.3230,0.3177,0.3182,186956000
2012-01-03,0.3283,0.3306,0.3216,0.3223,468044000
2012-01-04,0.3223,0.3274,0.3196,0.3260,347372000
2012-01-05,0.3244,0.3393,0.3230,0.3377,563548000
2012-01-06,0.3375,0.3377,0.3299,0.3338,533252000
2012-01-09,0.3340,0.3402,0.3315,0.3338,508244000
2012-01-10,0.3388,0.3391,0.3301,0.3324,546328000
2012-01-11,0.3294,0.3324,0.3244,0.3258,484272000
2012-01-12,0.3265,0.3267,0.3166,0.3237,652364000
2012-01-13,0.3214,0.3221,0.3136,0.3152,504300000
2012-01-17,0.3200,0.3200,0.3099,0.3104,627176000
2012-01-18,0.3164,0.3235,0.3146,0.3209,632676000
2012-01-19,0.3237,0.3299,0.3203,0.3294,608312000
2012-01-20,0.3290,0.3329,0.3253,0.3265,546272000
2012-01-23,0.3267,0.3356,0.3225,0.3354,562792000
2012-01-24,0.3331,0.3444,0.3329,0.3430,730920000
2012-01-25,0.3338,0.3418,0.3242,0.3409,1274152000
2012-01-26,0.3460,0.3499,0.3359,0.3377,799672000
2012-01-27,0.3356,0.3441,0.3329,0.3423,449996000
2012-01-30,0.3363,0.3414,0.3313,0.3398,399076000
2012-01-31,0.3407,0.3409,0.3331,0.3391,357900000
2012-02-01,0.3430,0.3467,0.3382,0.3428,428020000
2012-02-02,0.3446,0.3570,0.3411,0.3555,696236000
2012-02-03,0.3609,0.3662,0.3602,0.3632,495232000
2012-02-06,0.3613,0.3618,0.3572,0.3603,278868000
2012-02-07,0.3609,0.3634,0.3549,0.3613,410296000
2012-02-08,0.3613,0.3815,0.3595,0.3744,847612000
2012-02-09,0.3790,0.3811,0.3735,0.3742,561944000
2012-02-10,0.3705,0.3719,0.3630,0.3649,440268000
2012-02-13,0.3742,0.3756,0.3632,0.3708,610668000
2012-02-14,0.3708,0.3760,0.3675,0.3728,453756000
2012-02-15,0.3763,0.3880,0.3703,0.3712,1110856000
2012-02-16,0.3457,0.3806,0.3444,0.3776,1888588000
2012-02-17,0.3778,0.3804,0.3604,0.3639,1020360000
2012-02-21,0.3636,0.3747,0.3630,0.3656,518176000
2012-02-22,0.3639,0.3728,0.3627,0.3632,492432000
2012-02-23,0.3638,0.3673,0.3581,0.3652,323968000
2012-02-24,0.3664,0.3669,0.3609,0.3625,366668000
2012-02-27,0.3579,0.3595,0.3500,0.3551,745268000
2012-02-28,0.3551,0.3593,0.3483,0.3519,699884000
2012-02-29,0.3531,0.3591,0.3476,0.3478,689196000
2012-03-01,0.3492,0.3542,0.3478,0.3501,449944000
2012-03-02,0.3489,0.3581,0.3489,0.3531,684076000
2012-03-05,0.3506,0.3512,0.3386,0.3411,514848000
2012-03-06,0.3372,0.3400,0.3320,0.3379,471400000
2012-03-07,0.3398,0.3414,0.3352,0.3400,441984000
2012-03-08,0.3409,0.3446,0.3391,0.3410,430852000
2012-03-09,0.3421,0.3446,0.3384,0.3402,367836000
2012-03-12,0.3416,0.3439,0.3340,0.3348,299948000
2012-03-13,0.3363,0.3414,0.3347,0.3395,553288000
2012-03-14,0.3395,0.3401,0.3287,0.3298,735708000
2012-03-15,0.3308,0.3366,0.3297,0.3347,382380000
2012-03-16,0.3349,0.3366,0.3331,0.3352,428340000
2012-03-19,0.3370,0.3386,0.3345,0.3361,405400000
2012-03-20,0.3343,0.3343,0.3276,0.3306,449616000
2012-03-21,0.3306,0.3349,0.3269,0.3320,467840000
2012-03-22,0.3294,0.3343,0.3285,0.3315,425372000
2012-03-23,0.3306,0.3349,0.3283,0.3339,315456000
2012-03-26,0.3372,0.3395,0.3340,0.3379,288600000
2012-03-27,0.3393,0.3444,0.3386,0.3402,419968000
2012-03-28,0.3446,0.3526,0.3421,0.3480,892448000
2012-03-29,0.3476,0.3524,0.3432,0.3496,372700000
2012-03-30,0.3526,0.3556,0.3476,0.3534,527240000
2012-04-02,0.3526,0.3556,0.3469,0.3519,407776000
2012-04-03,0.3545,0.3549,0.3444,0.3462,430476000
2012-04-04,0.3409,0.3453,0.3343,0.3363,495896000
2012-04-05,0.3368,0.3409,0.3347,0.3359,369424000
2012-04-09,0.3306,0.3326,0.3251,0.3315,365504000
2012-04-10,0.3301,0.3347,0.3235,0.3251,470360000
2012-04-11,0.3294,0.3363,0.3283,0.3292,372960000
2012-04-12,0.3297,0.3388,0.3283,0.3370,384868000
2012-04-13,0.3340,0.3357,0.3248,0.3251,311324000
2012-04-16,0.3274,0.3283,0.3159,0.3212,463468000
2012-04-17,0.3221,0.3260,0.3207,0.3219,460696000
2012-04-18,0.3198,0.3214,0.3145,0.3184,400764000
2012-04-19,0.3143,0.3262,0.3120,0.3135,667188000
2012-04-20,0.3154,0.3164,0.3067,0.3074,509592000
2012-04-23,0.3021,0.3050,0.2964,0.3037,706244000
2012-04-24,0.3046,0.3072,0.2927,0.2943,730440000
2012-04-25,0.2987,0.3026,0.2932,0.3003,727112000
2012-04-26,0.3001,0.3030,0.2980,0.3005,539208000
2012-04-27,0.3001,0.3018,0.2948,0.2980,475356000
2012-04-30,0.2964,0.3001,0.2943,0.2984,262268000
2012-05-01,0.2968,0.3069,0.2968,0.3037,408680000
2012-05-02,0.3026,0.3037,0.2934,0.2950,684008000
2012-05-03,0.2957,0.2974,0.2881,0.2899,419536000
2012-05-04,0.2881,0.2897,0.2815,0.2815,545092000
2012-05-07,0.2865,0.2913,0.2840,0.2863,604440000
2012-05-08,0.2838,0.2879,0.2787,0.2860,462312000
2012-05-09,0.2810,0.2895,0.2782,0.2872,520608000
2012-05-10,0.2899,0.2904,0.2805,0.2851,597092000
2012-05-11,0.3088,0.3141,0.3021,0.3033,1435140000
2012-05-14,0.3007,0.3060,0.2945,0.3014,437472000
2012-05-15,0.3014,0.3081,0.2971,0.2984,599940000
2012-05-16,0.2989,0.3023,0.2916,0.2924,470484000
2012-05-17,0.2936,0.2964,0.2904,0.2904,335364000
2012-05-18,0.2911,0.2925,0.2759,0.2773,567288000
2012-05-21,0.2778,0.2835,0.2758,0.2821,416260000
2012-05-22,0.2819,0.2824,0.2746,0.2787,410140000
2012-05-23,0.2757,0.2860,0.2715,0.2856,496000000
2012-05-24,0.2872,0.2877,0.2759,0.2780,520420000
2012-05-25,0.2778,0.2870,0.2778,0.2847,391752000
2012-05-29,0.2893,0.2939,0.2881,0.2920,310000000
2012-05-30,0.2888,0.2909,0.2835,0.2886,379792000
2012-05-31,0.2886,0.2897,0.2817,0.2854,358192000
2012-06-01,0.2794,0.2821,0.2746,0.2750,440984000
2012-06-04,0.2764,0.2780,0.2670,0.2693,432856000
2012-06-05,0.2679,0.2778,0.2679,0.2770,365224000
2012-06-06,0.2792,0.2851,0.2771,0.2844,368968000
2012-06-07,0.2886,0.2902,0.2727,0.2730,526780000
2012-06-08,0.2739,0.2792,0.2734,0.2782,370308000
2012-06-11,0.2872,0.2922,0.2808,0.2815,839080000
2012-06-12,0.2847,0.2899,0.2842,0.2872,496128000
2012-06-13,0.2870,0.2877,0.2782,0.2796,494276000
2012-06-14,0.2792,0.2815,0.2734,0.2762,589884000
2012-06-15,0.2782,0.2824,0.2757,0.2821,385288000
2012-06-18,0.2801,0.2870,0.2778,0.2847,304424000
2012-06-19,0.2964,0.3083,0.2950,0.3038,960476000
2012-06-20,0.3069,0.3145,0.3051,0.3088,972720000
2012-06-21,0.3085,0.3085,0.2941,0.2947,516376000
2012-06-22,0.2984,0.3019,0.2943,0.2983,865360000
2012-06-25,0.2987,0.2996,0.2879,0.2890,494616000
2012-06-26,0.2906,0.2943,0.2865,0.2922,437152000
2012-06-27,0.2925,0.3037,0.2925,0.3017,506064000
2012-06-28,0.2989,0.3058,0.2964,0.3040,545896000
2012-06-29,0.3111,0.3180,0.3108,0.3173,616508000
2012-07-02,0.3189,0.3191,0.3063,0.3087,581684000
2012-07-03,0.3088,0.3175,0.3085,0.3168,219284000
2012-07-05,0.3147,0.3161,0.3088,0.3136,280076000
2012-07-06,0.3113,0.3122,0.3042,0.3076,382760000
2012-07-09,0.3058,0.3072,0.3010,0.3035,306336000
2012-07-10,0.3003,0.3092,0.2920,0.2943,512028000
2012-07-11,0.2952,0.2989,0.2881,0.2895,485216000
2012-07-12,0.2863,0.2867,0.2820,0.2847,472160000
2012-07-13,0.2849,0.2896,0.2831,0.2882,324260000
2012-07-16,0.2865,0.2916,0.2838,0.2891,334460000
2012-07-17,0.2902,0.2918,0.2792,0.2840,447476000
2012-07-18,0.2833,0.3040,0.2819,0.2998,616008000
2012-07-19,0.3019,0.3067,0.2998,0.3027,403036000
2012-07-20,0.3010,0.3030,0.2909,0.2940,451000000
2012-07-23,0.2863,0.3000,0.2831,0.2980,451584000
2012-07-24,0.2984,0.3003,0.2912,0.2948,351164000
2012-07-25,0.2939,0.3035,0.2925,0.3005,415044000
2012-07-26,0.3062,0.3095,0.2996,0.3019,338440000
2012-07-27,0.3030,0.3104,0.3007,0.3093,376516000
2012-07-30,0.3095,0.3134,0.3035,0.3060,363552000
2012-07-31,0.3060,0.3152,0.3056,0.3108,387788000
2012-08-01,0.3127,0.3157,0.3060,0.3074,335912000
2012-08-02,0.3058,0.3131,0.3007,0.3085,367912000
2012-08-03,0.3134,0.3182,0.3060,0.3150,326548000
2012-08-06,0.3180,0.3232,0.3175,0.3216,360324000
2012-08-07,0.3255,0.3283,0.3230,0.3248,407340000
2012-08-08,0.3246,0.3301,0.3237,0.3267,517064000
2012-08-09,0.3271,0.3384,0.3267,0.3377,822300000
2012-08-10,0.3467,0.3494,0.3313,0.3357,1278744000
2012-08-13,0.3361,0.3402,0.3347,0.3400,447244000
2012-08-14,0.3411,0.3416,0.3336,0.3349,388828000
2012-08-15,0.3361,0.3388,0.3307,0.3324,594404000
2012-08-16,0.3354,0.3403,0.3343,0.3393,371008000
2012-08-17,0.3393,0.3393,0.3333,0.3363,309864000
2012-08-20,0.3352,0.3368,0.3313,0.3363,314392000
2012-08-21,0.3375,0.3395,0.3320,0.3354,340248000
2012-08-22,0.3333,0.3375,0.3322,0.3361,313556000
2012-08-23,0.3354,0.3356,0.3271,0.3284,379040000
2012-08-24,0.3283,0.3368,0.3278,0.3352,347724000
2012-08-27,0.3349,0.3359,0.3292,0.3294,340944000
2012-08-28,0.3269,0.3313,0.3262,0.3281,310764000
2012-08-29,0.3278,0.3308,0.3271,0.3287,250412000
2012-08-30,0.3281,0.3292,0.3209,0.3225,307488000
2012-08-31,0.3248,0.3271,0.3189,0.3221,485064000
2012-09-04,0.3168,0.3180,0.3019,0.3048,694452000
2012-09-05,0.3060,0.3104,0.3026,0.3058,480256000
2012-09-06,0.3081,0.3235,0.3079,0.3152,657296000
2012-09-07,0.3072,0.3097,0.2973,0.3076,781064000
2012-09-10,0.3069,0.3113,0.3042,0.3049,371108000
2012-09-11,0.3046,0.3134,0.3035,0.3085,382808000
2012-09-12,0.3111,0.3136,0.3081,0.3120,322608000
2012-09-13,0.3147,0.3159,0.3081,0.3139,433836000
2012-09-14,0.3138,0.3232,0.3138,0.3177,339468000
2012-09-17,0.3184,0.3184,0.3056,0.3090,493348000
2012-09-18,0.3056,0.3147,0.3052,0.3111,359952000
2012-09-19,0.3118,0.3191,0.3081,0.3147,451936000
2012-09-20,0.3141,0.3157,0.3099,0.3124,320596000
2012-09-21,0.3129,0.3157,0.3118,0.3137,340136000
2012-09-24,0.3088,0.3141,0.3082,0.3136,357832000
2012-09-25,0.3177,0.3191,0.3074,0.3079,481544000
2012-09-26,0.3067,0.3068,0.2989,0.3026,436812000
2012-09-27,0.3033,0.3053,0.3007,0.3048,558888000
2012-09-28,0.3035,0.3106,0.2995,0.3062,485508000
2012-10-01,0.3076,0.3095,0.3001,0.3011,504236000
2012-10-02,0.3033,0.3033,0.2989,0.3023,295492000
2012-10-03,0.3030,0.3040,0.2978,0.2992,430872000
2012-10-04,0.3001,0.3145,0.2984,0.3127,502608000
2012-10-05,0.3136,0.3168,0.3042,0.3053,483068000
2012-10-08,0.3042,0.3056,0.3001,0.3023,240596000
2012-10-09,0.3019,0.3028,0.2950,0.2959,366360000
2012-10-10,0.2945,0.2959,0.2897,0.2909,326568000
2012-10-11,0.2936,0.2945,0.2902,0.2925,320516000
2012-10-12,0.2904,0.2927,0.2881,0.2899,260696000
2012-10-15,0.2904,0.2939,0.2870,0.2936,249580000
2012-10-16,0.2961,0.3030,0.2934,0.3021,367696000
2012-10-17,0.2984,0.3012,0.2955,0.2998,391752000
2012-10-18,0.2991,0.2991,0.2940,0.2952,254772000
2012-10-19,0.2909,0.2929,0.2763,0.2779,709412000
2012-10-22,0.2792,0.2808,0.2725,0.2748,480840000
2012-10-23,0.2723,0.2849,0.2716,0.2831,573948000
2012-10-24,0.2849,0.2860,0.2766,0.2794,332916000
2012-10-25,0.2817,0.2847,0.2785,0.2796,307356000
2012-10-26,0.2801,0.2817,0.2766,0.2766,389376000
2012-10-31,0.2778,0.2801,0.2743,0.2749,347112000
2012-11-01,0.2764,0.2883,0.2762,0.2881,473220000
2012-11-02,0.2911,0.2916,0.2849,0.2867,256700000
2012-11-05,0.2860,0.3001,0.2860,0.2989,444840000
2012-11-06,0.2996,0.2996,0.2936,0.2987,350804000
2012-11-07,0.2964,0.2982,0.2881,0.2895,324620000
2012-11-08,0.2927,0.3003,0.2904,0.2911,839024000
2012-11-09,0.2927,0.2960,0.2789,0.2798,846280000
2012-11-12,0.2803,0.2815,0.2709,0.2735,643624000
2012-11-13,0.2723,0.2785,0.2714,0.2716,492120000
2012-11-14,0.2732,0.2759,0.2647,0.2649,619300000
2012-11-15,0.2665,0.2734,0.2642,0.2661,466688000
2012-11-16,0.2661,0.2670,0.2560,0.2613,624552000
2012-11-19,0.2661,0.2695,0.2629,0.2686,404092000
2012-11-20,0.2676,0.2687,0.2627,0.2655,336976000
2012-11-21,0.2655,0.2738,0.2653,0.2731,422312000
2012-11-23,0.2743,0.2782,0.2728,0.2750,276932000
2012-11-26,0.2754,0.2805,0.2750,0.2797,364600000
2012-11-27,0.2787,0.2851,0.2764,0.2809,451404000
2012-11-28,0.2798,0.2847,0.2764,0.2833,398332000
2012-11-29,0.2838,0.2851,0.2773,0.2782,488688000
2012-11-30,0.2780,0.2801,0.2750,0.2766,460504000
2012-12-03,0.2801,0.2801,0.2708,0.2715,391380000
2012-12-04,0.2720,0.2801,0.2704,0.2795,528068000
2012-12-05,0.2773,0.2791,0.2724,0.2764,633024000
2012-12-06,0.2757,0.2787,0.2746,0.2768,412896000
2012-12-07,0.2771,0.2784,0.2731,0.2762,338288000
2012-12-10,0.2764,0.2877,0.2757,0.2856,513644000
2012-12-11,0.2865,0.2960,0.2858,0.2923,816724000
2012-12-12,0.2932,0.2948,0.2881,0.2893,399404000
2012-12-13,0.2888,0.2951,0.2868,0.2895,377556000
2012-12-14,0.2907,0.2939,0.2886,0.2909,338660000
2012-12-17,0.2902,0.2918,0.2854,0.2896,445232000
2012-12-18,0.2898,0.2935,0.2888,0.2902,416436000
2012-12-19,0.2923,0.2958,0.2911,0.2923,458544000
2012-12-20,0.2935,0.2937,0.2888,0.2921,334332000
2012-12-21,0.2881,0.2881,0.2821,0.2854,462172000
2012-12-24,0.2851,0.2861,0.2821,0.2831,127376000
2012-12-26,0.2824,0.2870,0.2817,0.2828,196740000
2012-12-27,0.2833,0.2838,0.2777,0.2810,299804000
2012-12-28,0.2784,0.2840,0.2780,0.2796,220600000
2012-12-31,0.2787,0.2844,0.2780,0.2833,326460000
2013-01-02,0.2902,0.2942,0.2891,0.2939,478836000
2013-01-03,0.2939,0.2974,0.2907,0.2942,298888000
2013-01-04,0.2946,0.3048,0.2937,0.3039,524968000
2013-01-07,0.3036,0.3046,0.2930,0.2951,610732000
2013-01-08,0.2958,0.2967,0.2865,0.2886,466424000
2013-01-09,0.2909,0.2923,0.2803,0.2821,695020000
2013-01-10,0.2847,0.2861,0.2810,0.2826,506368000
2013-01-11,0.2838,0.2840,0.2794,0.2821,513172000
2013-01-14,0.2840,0.2840,0.2787,0.2819,305684000
2013-01-15,0.2805,0.2805,0.2752,0.2768,375888000
2013-01-16,0.2764,0.2817,0.2764,0.2794,337376000
2013-01-17,0.2803,0.2842,0.2796,0.2831,580736000
2013-01-18,0.2831,0.2831,0.2777,0.2812,397088000
2013-01-22,0.2810,0.2835,0.2784,0.2798,308224000
2013-01-23,0.2808,0.2810,0.2773,0.2803,421808000
2013-01-24,0.2794,0.2828,0.2780,0.2817,396980000
2013-01-25,0.2821,0.2870,0.2808,0.2868,393920000
2013-01-28,0.2881,0.2932,0.2875,0.2914,422492000
2013-01-29,0.2902,0.2909,0.2840,0.2851,388872000
2013-01-30,0.2854,0.2893,0.2836,0.2847,287592000
2013-01-31,0.2847,0.2879,0.2814,0.2833,470544000
2013-02-01,0.2856,0.2868,0.2833,0.2858,288816000
2013-02-04,0.2842,0.2900,0.2808,0.2810,511744000
2013-02-05,0.2824,0.2891,0.2814,0.2875,367296000
2013-02-06,0.2805,0.2875,0.2789,0.2851,530688000
2013-02-07,0.2842,0.2865,0.2812,0.2840,440000000
2013-02-08,0.2858,0.2881,0.2840,0.2858,307232000
2013-02-11,0.2881,0.2920,0.2854,0.2891,408308000
2013-02-12,0.2864,0.2903,0.2861,0.2872,277804000
2013-02-13,0.2875,0.2927,0.2849,0.2858,856396000
2013-02-14,0.2819,0.2944,0.2784,0.2942,882096000
2013-02-15,0.2935,0.2955,0.2877,0.2942,733860000
2013-02-19,0.2944,0.2946,0.2884,0.2901,433552000
2013-02-20,0.2911,0.2958,0.2851,0.2861,713012000
2013-02-21,0.2856,0.2888,0.2833,0.2840,580408000
2013-02-22,0.2858,0.2895,0.2842,0.2893,370148000
2013-02-25,0.2900,0.2923,0.2838,0.2842,644444000
2013-02-26,0.2848,0.2891,0.2838,0.2876,487504000
2013-02-27,0.2876,0.2950,0.2869,0.2929,476980000
2013-02-28,0.2920,0.2987,0.2908,0.2943,591392000
2013-03-01,0.2922,0.2964,0.2895,0.2955,389396000
2013-03-04,0.2934,0.2970,0.2911,0.2942,353680000
2013-03-05,0.2959,0.2980,0.2944,0.2976,366168000
2013-03-06,0.2994,0.3022,0.2959,0.2973,342928000
2013-03-07,0.2990,0.3020,0.2949,0.2966,314824000
2013-03-08,0.2973,0.2994,0.2959,0.2980,246464000
2013-03-11,0.2950,0.2964,0.2927,0.2951,299748000
2013-03-12,0.2948,0.2971,0.2920,0.2962,310856000
2013-03-13,0.2962,0.3012,0.2934,0.2962,485840000
2013-03-14,0.2980,0.2990,0.2945,0.2964,383304000
2013-03-15,0.2964,0.2964,0.2927,0.2938,355776000
2013-03-18,0.2920,0.2945,0.2897,0.2918,298312000
2013-03-19,0.2920,0.2934,0.2878,0.2899,355480000
2013-03-20,0.2927,0.2943,0.2900,0.2934,340588000
2013-03-21,0.2918,0.2922,0.2883,0.2887,339032000
2013-03-22,0.2897,0.2913,0.2885,0.2901,232476000
2013-03-25,0.2918,0.2920,0.2864,0.2885,362076000
2013-03-26,0.2892,0.2908,0.2880,0.2906,232540000
2013-03-27,0.2894,0.2957,0.2887,0.2941,254944000
2013-03-28,0.2934,0.2985,0.2913,0.2983,349276000
2013-04-01,0.2976,0.2976,0.2864,0.2885,442828000
2013-04-02,0.2887,0.2894,0.2836,0.2854,371524000
2013-04-03,0.2850,0.2866,0.2799,0.2819,353156000
2013-04-04,0.2811,0.2857,0.2801,0.2847,294676000
2013-04-05,0.2806,0.2897,0.2799,0.2897,551352000
2013-04-08,0.2899,0.2899,0.2835,0.2890,326660000
2013-04-09,0.2892,0.2957,0.2871,0.2936,380584000
2013-04-10,0.2938,0.2987,0.2931,0.2983,384688000
2013-04-11,0.2941,0.2987,0.2859,0.2969,969220000
2013-04-12,0.2983,0.3076,0.2957,0.3043,770548000
2013-04-15,0.3034,0.3043,0.2962,0.2980,430420000
2013-04-16,0.3008,0.3034,0.2992,0.3013,468844000
2013-04-17,0.2990,0.3017,0.2955,0.2972,532948000
2013-04-18,0.2980,0.2999,0.2915,0.2915,402548000
2013-04-19,0.2913,0.2930,0.2876,0.2922,303028000
2013-04-22,0.2920,0.2952,0.2897,0.2927,245568000
2013-04-23,0.2952,0.3034,0.2948,0.3004,376948000
2013-04-24,0.3013,0.3131,0.3011,0.3106,556556000
2013-04-25,0.3122,0.3138,0.3094,0.3131,353224000
2013-04-26,0.3127,0.3131,0.3100,0.3117,324332000
2013-04-29,0.3122,0.3166,0.3108,0.3155,269712000
2013-04-30,0.3162,0.3201,0.3141,0.3201,276712000
2013-05-01,0.3201,0.3222,0.3162,0.3173,341316000
2013-05-02,0.3171,0.3220,0.3152,0.3210,323480000
2013-05-03,0.3231,0.3248,0.3213,0.3224,293864000
2013-05-06,0.3224,0.3242,0.3196,0.3215,217116000
2013-05-07,0.3215,0.3222,0.3143,0.3173,448068000
2013-05-08,0.3178,0.3250,0.3166,0.3231,334032000
2013-05-09,0.3173,0.3248,0.3169,0.3234,566800000
2013-05-10,0.3301,0.3394,0.3301,0.3380,861136000
2013-05-13,0.3357,0.3371,0.3296,0.3310,289812000
2013-05-14,0.3350,0.3387,0.3316,0.3359,454140000
2013-05-15,0.3343,0.3429,0.3343,0.3416,313172000
2013-05-16,0.3413,0.3448,0.3389,0.3401,308368000
2013-05-17,0.3417,0.3480,0.3392,0.3457,312116000
2013-05-20,0.3443,0.3463,0.3431,0.3450,236380000
2013-05-21,0.3470,0.3500,0.3429,0.3486,357784000
2013-05-22,0.3500,0.3500,0.3350,0.3364,480404000
2013-05-23,0.3325,0.3429,0.3315,0.3418,393884000
2013-05-24,0.3399,0.3427,0.3360,0.3397,283304000
2013-05-28,0.3423,0.3432,0.3362,0.3395,279300000
2013-05-29,0.3374,0.3395,0.3360,0.3374,335052000
2013-05-30,0.3369,0.3452,0.3360,0.3418,284504000
2013-05-31,0.3399,0.3449,0.3381,0.3381,577508000
2013-06-03,0.3385,0.3411,0.3306,0.3376,444468000
2013-06-04,0.3397,0.3458,0.3360,0.3381,363676000
2013-06-05,0.3376,0.3402,0.3299,0.3308,464520000
2013-06-06,0.3308,0.3355,0.3306,0.3329,341044000
2013-06-07,0.3353,0.3397,0.3339,0.3375,274584000
2013-06-10,0.3367,0.3395,0.3348,0.3374,224148000
2013-06-11,0.3329,0.3376,0.3311,0.3311,296336000
2013-06-12,0.3327,0.3354,0.3264,0.3283,312588000
2013-06-13,0.3271,0.3374,0.3269,0.3357,236256000
2013-06-14,0.3369,0.3374,0.3329,0.3353,236012000
2013-06-17,0.3378,0.3416,0.3360,0.3385,255336000
2013-06-18,0.3402,0.3439,0.3336,0.3364,486772000
2013-06-19,0.3395,0.3617,0.3383,0.3467,1159588000
2013-06-20,0.3439,0.3444,0.3349,0.3374,628696000
2013-06-21,0.3392,0.3404,0.3313,0.3368,714228000
2013-06-24,0.3320,0.3362,0.3250,0.3299,580772000
2013-06-25,0.3334,0.3341,0.3287,0.3322,457360000
2013-06-26,0.3360,0.3363,0.3290,0.3304,579752000
2013-06-27,0.3313,0.3318,0.3238,0.3273,808036000
2013-06-28,0.3273,0.3313,0.3231,0.3280,431536000
2013-07-01,0.3304,0.3311,0.3274,0.3294,199524000
2013-07-02,0.3276,0.3341,0.3262,0.3292,256392000
2013-07-03,0.3264,0.3341,0.3264,0.3301,140388000
2013-07-05,0.3311,0.3334,0.3288,0.3327,184684000
2013-07-08,0.3336,0.3353,0.3292,0.3310,262084000
2013-07-09,0.3318,0.3347,0.3308,0.3327,157364000
2013-07-10,0.3327,0.3381,0.3318,0.3371,208468000
2013-07-11,0.3390,0.3423,0.3383,0.3418,239832000
2013-07-12,0.3411,0.3453,0.3399,0.3420,216360000
2013-07-15,0.3427,0.3427,0.3360,0.3413,201332000
2013-07-16,0.3427,0.3451,0.3410,0.3432,162560000
2013-07-17,0.3432,0.3444,0.3404,0.3413,166100000
2013-07-18,0.3409,0.3420,0.3355,0.3399,344488000
2013-07-19,0.3378,0.3395,0.3292,0.3327,480532000
2013-07-22,0.3353,0.3383,0.3311,0.3325,292384000
2013-07-23,0.3367,0.3367,0.3304,0.3320,246792000
2013-07-24,0.3350,0.3360,0.3315,0.3320,284252000
2013-07-25,0.3318,0.3375,0.3294,0.3332,243320000
2013-07-26,0.3292,0.3338,0.3292,0.3318,227360000
2013-07-29,0.3311,0.3353,0.3301,0.3311,179540000
2013-07-30,0.3322,0.3411,0.3320,0.3367,266076000
2013-07-31,0.3350,0.3406,0.3348,0.3373,270160000
2013-08-01,0.3385,0.3427,0.3346,0.3420,277648000
2013-08-02,0.3413,0.3456,0.3390,0.3449,209628000
2013-08-05,0.3439,0.3477,0.3422,0.3465,185188000
2013-08-06,0.3467,0.3474,0.3406,0.3413,206608000
2013-08-07,0.3395,0.3446,0.3392,0.3411,244380000
2013-08-08,0.3430,0.3450,0.3390,0.3434,345696000
2013-08-09,0.3299,0.3437,0.3297,0.3385,906224000
2013-08-12,0.3248,0.3406,0.3063,0.3357,257568000
2013-08-13,0.3362,0.3383,0.3341,0.3369,197468000
2013-08-14,0.3362,0.3533,0.3360,0.3512,828508000
2013-08-15,0.3474,0.3563,0.3460,0.3534,723616000
2013-08-16,0.3528,0.3598,0.3521,0.3549,660456000
2013-08-19,0.3528,0.3540,0.3491,0.3493,393432000
2013-08-20,0.3492,0.3534,0.3487,0.3510,234192000
2013-08-21,0.3489,0.3534,0.3480,0.3494,261540000
2013-08-22,0.3492,0.3546,0.3492,0.3513,129016000
2013-08-23,0.3517,0.3546,0.3506,0.3513,245120000
2013-08-26,0.3515,0.3529,0.3506,0.3521,300152000
2013-08-27,0.3487,0.3510,0.3463,0.3476,277464000
2013-08-28,0.3482,0.3508,0.3461,0.3475,318824000
2013-08-29,0.3463,0.3501,0.3454,0.3468,276216000
2013-08-30,0.3471,0.3480,0.3447,0.3463,378120000
2013-09-03,0.3473,0.3515,0.3445,0.3466,284680000
2013-09-04,0.3466,0.3520,0.3461,0.3499,222080000
2013-09-05,0.3485,0.3522,0.3482,0.3508,174904000
2013-09-06,0.3510,0.3529,0.3467,0.3494,226756000
2013-09-09,0.3522,0.3553,0.3513,0.3552,246408000
2013-09-10,0.3579,0.3630,0.3562,0.3628,292132000
2013-09-11,0.3623,0.3698,0.3598,0.3689,396164000
2013-09-12,0.3670,0.3734,0.3670,0.3687,303808000
2013-09-13,0.3698,0.3726,0.3672,0.3710,159696000
2013-09-16,0.3741,0.3766,0.3698,0.3712,231412000
2013-09-17,0.3726,0.3755,0.3710,0.3724,168608000
2013-09-18,0.3726,0.3766,0.3708,0.3757,268168000
2013-09-19,0.3773,0.3780,0.3724,0.3739,227572000
2013-09-20,0.3750,0.3773,0.3701,0.3709,356036000
2013-09-23,0.3705,0.3736,0.3651,0.3672,271244000
2013-09-24,0.3675,0.3701,0.3654,0.3687,229732000
2013-09-25,0.3680,0.3719,0.3663,0.3692,233156000
2013-09-26,0.3701,0.3708,0.3658,0.3680,148816000
2013-09-27,0.3651,0.3682,0.3637,0.3658,151920000
2013-09-30,0.3621,0.3680,0.3600,0.3654,226640000
2013-10-01,0.3658,0.3676,0.3631,0.3651,226976000
2013-10-02,0.3614,0.3663,0.3614,0.3649,162036000
2013-10-03,0.3651,0.3685,0.3594,0.3611,436768000
2013-10-04,0.3607,0.3691,0.3597,0.3661,246228000
2013-10-07,0.3647,0.3687,0.3628,0.3661,169952000
2013-10-08,0.3651,0.3703,0.3602,0.3630,290712000
2013-10-09,0.3654,0.3656,0.3555,0.3574,275860000
2013-10-10,0.3600,0.3623,0.3574,0.3613,223484000
2013-10-11,0.3557,0.3602,0.3546,0.3583,213704000
2013-10-14,0.3574,0.3637,0.3574,0.3637,166628000
2013-10-15,0.3637,0.3658,0.3616,0.3618,208820000
2013-10-16,0.3640,0.3677,0.3635,0.3663,210072000
2013-10-17,0.3635,0.3680,0.3635,0.3670,213324000
2013-10-18,0.3663,0.3724,0.3649,0.3712,255068000
2013-10-21,0.3757,0.3759,0.3710,0.3722,195008000
2013-10-22,0.3722,0.3724,0.3670,0.3703,179452000
2013-10-23,0.3696,0.3696,0.3628,0.3640,252216000
2013-10-24,0.3649,0.3672,0.3608,0.3613,236436000
2013-10-25,0.3633,0.3635,0.3567,0.3579,330492000
2013-10-28,0.3574,0.3590,0.3522,0.3571,394024000
2013-10-29,0.3567,0.3583,0.3534,0.3576,387952000
2013-10-30,0.3588,0.3604,0.3543,0.3574,204032000
2013-10-31,0.3579,0.3604,0.3560,0.3567,293368000
2013-11-01,0.3586,0.3600,0.3557,0.3582,206136000
2013-11-04,0.3595,0.3595,0.3473,0.3480,410264000
2013-11-05,0.3459,0.3490,0.3421,0.3475,422368000
2013-11-06,0.3475,0.3501,0.3440,0.3499,198044000
2013-11-07,0.3487,0.3496,0.3409,0.3415,553076000
2013-11-08,0.3522,0.3665,0.3507,0.3654,734532000
2013-11-11,0.3640,0.3694,0.3633,0.3684,297624000
2013-11-12,0.3701,0.3722,0.3649,0.3690,316032000
2013-11-13,0.3682,0.3792,0.3675,0.3792,332792000
2013-11-14,0.3780,0.3831,0.3778,0.3809,307980000
2013-11-15,0.3823,0.3827,0.3759,0.3797,450332000
2013-11-18,0.3715,0.3748,0.3696,0.3705,316948000
2013-11-19,0.3688,0.3721,0.3641,0.3645,206716000
2013-11-20,0.3648,0.3657,0.3584,0.3591,204776000
2013-11-21,0.3596,0.3627,0.3579,0.3619,213568000
2013-11-22,0.3624,0.3624,0.3577,0.3584,158668000
2013-11-25,0.3584,0.3667,0.3584,0.3662,248208000
2013-11-26,0.3702,0.3732,0.3677,0.3693,753176000
2013-11-27,0.3690,0.3717,0.3667,0.3707,181272000
2013-11-29,0.3707,0.3716,0.3660,0.3683,116964000
2013-12-02,0.3669,0.3745,0.3662,0.3719,373872000
2013-12-03,0.3730,0.3767,0.3693,0.3716,290560000
2013-12-04,0.3707,0.3775,0.3696,0.3768,493176000
2013-12-05,0.3775,0.3775,0.3702,0.3707,271812000
2013-12-06,0.3752,0.3752,0.3643,0.3653,281000000
2013-12-09,0.3653,0.3664,0.3584,0.3590,385220000
2013-12-10,0.3591,0.3690,0.3586,0.3674,524268000
2013-12-11,0.3681,0.3686,0.3631,0.3638,414156000
2013-12-12,0.3627,0.3645,0.3560,0.3568,258724000
2013-12-13,0.3575,0.3601,0.3542,0.3546,184588000
2013-12-16,0.3549,0.3582,0.3546,0.3551,237620000
2013-12-17,0.3549,0.3577,0.3518,0.3568,274104000
2013-12-18,0.3575,0.3624,0.3530,0.3617,426232000
2013-12-19,0.3612,0.3636,0.3589,0.3631,258544000
2013-12-20,0.3638,0.3707,0.3629,0.3703,382080000
2013-12-23,0.3726,0.3756,0.3695,0.3726,168568000
2013-12-24,0.3747,0.3747,0.3697,0.3735,79600000
2013-12-26,0.3749,0.3760,0.3690,0.3700,168920000
2013-12-27,0.3719,0.3728,0.3697,0.3721,210976000
2013-12-30,0.3723,0.3773,0.3719,0.3771,248180000
2013-12-31,0.3778,0.3801,0.3754,0.3782,235776000
2014-01-02,0.3759,0.3773,0.3712,0.3745,260092000
2014-01-03,0.3752,0.3759,0.3688,0.3700,259332000
2014-01-06,0.3738,0.3778,0.3702,0.3749,409492000
2014-01-07,0.3787,0.3825,0.3760,0.3811,333288000
2014-01-08,0.3825,0.3882,0.3811,0.3863,308192000
2014-01-09,0.3804,0.3811,0.3707,0.3719,292172000
2014-01-10,0.3730,0.3756,0.3681,0.3714,218492000
2014-01-13,0.3714,0.3736,0.3619,0.3627,243332000
2014-01-14,0.3645,0.3747,0.3629,0.3740,241828000
2014-01-15,0.3756,0.3793,0.3740,0.3780,175044000
2014-01-16,0.3780,0.3799,0.3764,0.3792,220652000
2014-01-17,0.3792,0.3837,0.3752,0.3775,340400000
2014-01-21,0.3780,0.3813,0.3749,0.3789,246076000
2014-01-22,0.3797,0.3801,0.3740,0.3785,337940000
2014-01-23,0.3773,0.3813,0.3742,0.3771,185028000
2014-01-24,0.3740,0.3754,0.3674,0.3674,246696000
2014-01-27,0.3674,0.3726,0.3629,0.3650,233812000
2014-01-28,0.3643,0.3688,0.3629,0.3686,167996000
2014-01-29,0.3671,0.3693,0.3648,0.3650,162944000
2014-01-30,0.3671,0.3719,0.3660,0.3712,202896000
2014-01-31,0.3660,0.3728,0.3657,0.3707,335348000
2014-02-03,0.3733,0.3738,0.3643,0.3657,431728000
2014-02-04,0.3655,0.3686,0.3636,0.3679,280692000
2014-02-05,0.3653,0.3664,0.3617,0.3645,214676000
2014-02-06,0.3650,0.3702,0.3645,0.3693,168380000
2014-02-07,0.3702,0.3752,0.3669,0.3747,157248000
2014-02-10,0.3742,0.3808,0.3739,0.3759,324372000
2014-02-11,0.3780,0.3846,0.3761,0.3837,235384000
2014-02-12,0.3849,0.4002,0.3849,0.3974,744528000
2014-02-13,0.4073,0.4122,0.4002,0.4099,902836000
2014-02-14,0.4061,0.4238,0.4059,0.4229,817536000
2014-02-18,0.4231,0.4245,0.4191,0.4226,428988000
2014-02-19,0.4226,0.4321,0.4207,0.4283,450340000
2014-02-20,0.4292,0.4442,0.4285,0.4434,398088000
2014-02-21,0.4427,0.4484,0.4373,0.4401,451052000
2014-02-24,0.4392,0.4498,0.4351,0.4465,403112000
2014-02-25,0.4459,0.4478,0.4397,0.4445,242184000
2014-02-26,0.4435,0.4502,0.4423,0.4438,360884000
2014-02-27,0.4438,0.4483,0.4376,0.4388,388848000
2014-02-28,0.4364,0.4407,0.4296,0.4359,321692000
2014-03-03,0.4262,0.4338,0.4224,0.4338,375948000
2014-03-04,0.4359,0.4411,0.4352,0.4383,260344000
2014-03-05,0.4378,0.4423,0.4359,0.4421,241472000
2014-03-06,0.4428,0.4452,0.4352,0.4359,290144000
2014-03-07,0.4378,0.4385,0.4320,0.4355,268452000
2014-03-10,0.4340,0.4359,0.4272,0.4291,300888000
2014-03-11,0.4312,0.4371,0.4298,0.4333,297220000
2014-03-12,0.4312,0.4371,0.4295,0.4345,239428000
2014-03-13,0.4355,0.4371,0.4186,0.4207,385172000
2014-03-14,0.4165,0.4264,0.4165,0.4226,460048000
2014-03-17,0.4238,0.4269,0.4222,0.4226,299656000
2014-03-18,0.4243,0.4355,0.4224,0.4326,293904000
2014-03-19,0.4359,0.4485,0.4347,0.4401,366168000
2014-03-20,0.4378,0.4442,0.4359,0.4404,191800000
2014-03-21,0.4442,0.4478,0.4374,0.4397,566116000
2014-03-24,0.4400,0.4435,0.4312,0.4376,306096000
2014-03-25,0.4423,0.4428,0.4343,0.4376,304424000
2014-03-26,0.4416,0.4499,0.4238,0.4276,557756000
2014-03-27,0.4267,0.4302,0.4171,0.4219,540728000
2014-03-28,0.4212,0.4272,0.4200,0.4245,398820000
2014-03-31,0.4253,0.4291,0.4223,0.4248,273404000
2014-04-01,0.4383,0.4476,0.4331,0.4423,656272000
2014-04-02,0.4423,0.4433,0.4376,0.4395,239948000
2014-04-03,0.4404,0.4550,0.4402,0.4442,599548000
2014-04-04,0.4466,0.4492,0.4285,0.4305,368032000
2014-04-07,0.4307,0.4402,0.4283,0.4319,428576000
2014-04-08,0.4319,0.4485,0.4312,0.4473,470692000
2014-04-09,0.4494,0.4532,0.4433,0.4468,421968000
2014-04-10,0.4449,0.4511,0.4345,0.4359,372748000
2014-04-11,0.4326,0.4392,0.4241,0.4298,353112000
2014-04-14,0.4326,0.4362,0.4298,0.4345,290184000
2014-04-15,0.4350,0.4400,0.4307,0.4376,304636000
2014-04-16,0.4397,0.4402,0.4330,0.4385,235136000
2014-04-17,0.4369,0.4442,0.4359,0.4402,153532000
2014-04-21,0.4404,0.4449,0.4376,0.4438,117004000
2014-04-22,0.4445,0.4504,0.4421,0.4476,255120000
2014-04-23,0.4483,0.4540,0.4476,0.4528,261580000
2014-04-24,0.4559,0.4615,0.4559,0.4568,391492000
2014-04-25,0.4559,0.4601,0.4433,0.4442,313600000
2014-04-28,0.4478,0.4502,0.4369,0.4423,226788000
2014-04-29,0.4440,0.4449,0.4383,0.4433,171300000
2014-04-30,0.4426,0.4430,0.4371,0.4381,305740000
2014-05-01,0.4447,0.4457,0.4369,0.4404,198104000
2014-05-02,0.4426,0.4426,0.4345,0.4371,156376000
2014-05-05,0.4366,0.4452,0.4362,0.4419,239260000
2014-05-06,0.4461,0.4499,0.4317,0.4328,416188000
2014-05-07,0.4328,0.4369,0.4286,0.4334,293900000
2014-05-08,0.4317,0.4457,0.4295,0.4388,432728000
2014-05-09,0.4255,0.4295,0.4200,0.4281,539532000
2014-05-12,0.4291,0.4416,0.4288,0.4407,299856000
2014-05-13,0.4347,0.4419,0.4321,0.4336,221104000
2014-05-14,0.4338,0.4355,0.4291,0.4293,214320000
2014-05-15,0.4283,0.4307,0.4226,0.4269,325896000
2014-05-16,0.4236,0.4291,0.4236,0.4260,283960000
2014-05-19,0.4305,0.4421,0.4286,0.4397,360076000
2014-05-20,0.4399,0.4411,0.4325,0.4346,256200000
2014-05-21,0.4363,0.4400,0.4319,0.4346,216712000
2014-05-22,0.4337,0.4389,0.4337,0.4365,130364000
2014-05-23,0.4389,0.4427,0.4363,0.4406,182656000
2014-05-27,0.4432,0.4484,0.4418,0.4484,209680000
2014-05-28,0.4501,0.4551,0.4458,0.4523,224676000
2014-05-29,0.4520,0.4558,0.4506,0.4515,171884000
2014-05-30,0.4515,0.4539,0.4492,0.4527,239128000
2014-06-02,0.4542,0.4570,0.4475,0.4513,181500000
2014-06-03,0.4523,0.4527,0.4434,0.4494,243212000
2014-06-04,0.4482,0.4532,0.4480,0.4499,161236000
2014-06-05,0.4506,0.4532,0.4480,0.4518,188696000
2014-06-06,0.4539,0.4575,0.4523,0.4534,161052000
2014-06-09,0.4530,0.4582,0.4499,0.4539,247456000
2014-06-10,0.4523,0.4585,0.4504,0.4563,217608000
2014-06-11,0.4546,0.4633,0.4546,0.4623,266228000
2014-06-12,0.4623,0.4673,0.4582,0.4651,337148000
2014-06-13,0.4699,0.4701,0.4611,0.4656,227852000
2014-06-16,0.4635,0.4673,0.4601,0.4642,198620000
2014-06-17,0.4646,0.4692,0.4623,0.4673,157608000
2014-06-18,0.4661,0.4689,0.4618,0.4668,215536000
2014-06-19,0.4582,0.4606,0.4527,0.4560,474592000
2014-06-20,0.4573,0.4588,0.4475,0.4511,353148000
2014-06-23,0.4451,0.4461,0.4399,0.4458,414200000
2014-06-24,0.4451,0.4487,0.4370,0.4389,275780000
2014-06-25,0.4401,0.4437,0.4361,0.4434,215420000
2014-06-26,0.4434,0.4437,0.4361,0.4375,256908000
2014-06-27,0.4370,0.4406,0.4344,0.4380,302820000
2014-06-30,0.4363,0.4430,0.4363,0.4418,180512000
2014-07-01,0.4413,0.4493,0.4399,0.4468,321180000
2014-07-02,0.4451,0.4470,0.4425,0.4452,179284000
2014-07-03,0.4411,0.4504,0.4411,0.4492,136892000
2014-07-07,0.4499,0.4501,0.4449,0.4456,127496000
2014-07-08,0.4444,0.4463,0.4377,0.4420,221940000
2014-07-09,0.4458,0.4573,0.4425,0.4554,387668000
2014-07-10,0.4468,0.4549,0.4432,0.4529,266308000
2014-07-11,0.4534,0.4554,0.4518,0.4539,191188000
2014-07-14,0.4558,0.4608,0.4542,0.4596,272636000
2014-07-15,0.4604,0.4627,0.4573,0.4616,395440000
2014-07-16,0.4635,0.4670,0.4585,0.4611,319728000
2014-07-17,0.4558,0.4646,0.4558,0.4599,324832000
2014-07-18,0.4504,0.4539,0.4387,0.4394,567816000
2014-07-21,0.4377,0.4451,0.4377,0.4420,243364000
2014-07-22,0.4453,0.4477,0.4392,0.4401,298816000
2014-07-23,0.4403,0.4406,0.4303,0.4308,297352000
2014-07-24,0.4332,0.4344,0.4284,0.4315,254576000
2014-07-25,0.4301,0.4311,0.4232,0.4239,266132000
2014-07-28,0.4258,0.4258,0.4150,0.4222,330352000
2014-07-29,0.4225,0.4294,0.4222,0.4237,217972000
2014-07-30,0.4263,0.4320,0.4251,0.4308,246184000
2014-07-31,0.4256,0.4289,0.4162,0.4170,401880000
2014-08-01,0.4170,0.4239,0.4156,0.4215,219884000
2014-08-04,0.4210,0.4246,0.4184,0.4206,241724000
2014-08-05,0.4194,0.4270,0.4158,0.4208,298136000
2014-08-06,0.4179,0.4256,0.4148,0.4203,223456000
2014-08-07,0.4239,0.4277,0.4132,0.4160,407696000
2014-08-08,0.4341,0.4551,0.4341,0.4527,894348000
2014-08-11,0.4532,0.4551,0.4492,0.4504,344624000
2014-08-12,0.4501,0.4527,0.4453,0.4504,296152000
2014-08-13,0.4511,0.4568,0.4482,0.4530,256596000
2014-08-14,0.4546,0.4546,0.4461,0.4480,255992000
2014-08-15,0.4494,0.4562,0.4451,0.4537,369796000
2014-08-18,0.4556,0.4604,0.4511,0.4599,284076000
2014-08-19,0.4600,0.4660,0.4583,0.4636,248260000
2014-08-20,0.4619,0.4641,0.4596,0.4607,221468000
2014-08-21,0.4595,0.4619,0.4557,0.4564,272796000
2014-08-22,0.4559,0.4605,0.4530,0.4566,251224000
2014-08-25,0.4585,0.4617,0.4564,0.4574,153380000
2014-08-26,0.4585,0.4664,0.4569,0.4656,269636000
2014-08-27,0.4626,0.4661,0.4595,0.4602,182972000
2014-08-28,0.4593,0.4650,0.4578,0.4641,179704000
2014-08-29,0.4657,0.4664,0.4607,0.4655,207932000
2014-09-02,0.4667,0.4667,0.4623,0.4666,192636000
2014-09-03,0.4691,0.4727,0.4660,0.4711,259456000
2014-09-04,0.4703,0.4822,0.4700,0.4794,491832000
2014-09-05,0.4789,0.4810,0.4748,0.4779,253792000
2014-09-08,0.4775,0.4784,0.4717,0.4736,319288000
2014-09-09,0.4715,0.4746,0.4672,0.4676,198588000
2014-09-10,0.4703,0.4711,0.4649,0.4693,172376000
2014-09-11,0.4660,0.4676,0.4595,0.4645,250720000
2014-09-12,0.4674,0.4674,0.4570,0.4576,262536000
2014-09-15,0.4590,0.4597,0.4495,0.4514,294152000
2014-09-16,0.4502,0.4605,0.4487,0.4580,219936000
2014-09-17,0.4569,0.4626,0.4547,0.4583,173584000
2014-09-18,0.4612,0.4657,0.4597,0.4653,219604000
2014-09-19,0.4667,0.4672,0.4559,0.4566,601316000
2014-09-22,0.4660,0.4660,0.4516,0.4521,221464000
2014-09-23,0.4497,0.4552,0.4480,0.4502,196144000
2014-09-24,0.4499,0.4542,0.4495,0.4528,159496800
2014-09-25,0.4523,0.4535,0.4420,0.4430,297002360
2014-09-26,0.4444,0.4473,0.4425,0.4438,241188080
2014-09-29,0.4404,0.4463,0.4361,0.4431,208543400
2014-09-30,0.4413,0.4447,0.4363,0.4416,277205200
2014-10-01,0.4423,0.4454,0.4361,0.4372,351004840
2014-10-02,0.4365,0.4387,0.4253,0.4353,288994440
2014-10-03,0.4380,0.4440,0.4363,0.4363,239138960
2014-10-06,0.4380,0.4416,0.4308,0.4337,199031080
2014-10-07,0.4317,0.4359,0.4285,0.4290,301897560
2014-10-08,0.4286,0.4392,0.4253,0.4370,260171360
2014-10-09,0.4351,0.4355,0.4250,0.4286,306999280
2014-10-10,0.4253,0.4267,0.4030,0.4031,691376880
2014-10-13,0.4059,0.4140,0.4014,0.4017,397629200
2014-10-14,0.4073,0.4224,0.4049,0.4110,376619520
2014-10-15,0.4052,0.4195,0.4024,0.4174,404439120
2014-10-16,0.4100,0.4224,0.4090,0.4176,351117760
2014-10-17,0.4227,0.4276,0.4152,0.4169,290740760
2014-10-20,0.4169,0.4242,0.4140,0.4205,200336160
2014-10-21,0.4236,0.4389,0.4224,0.4384,351130880
2014-10-22,0.4377,0.4392,0.4282,0.4282,239516840
2014-10-23,0.4356,0.4408,0.4325,0.4376,214699760
2014-10-24,0.4404,0.4449,0.4376,0.4423,210166080
2014-10-27,0.4420,0.4442,0.4372,0.4425,145111280
2014-10-28,0.4413,0.4536,0.4408,0.4530,192578120
2014-10-29,0.4511,0.4538,0.4461,0.4501,168340160
2014-10-30,0.4490,0.4509,0.4416,0.4473,170258040
2014-10-31,0.4576,0.4679,0.4552,0.4676,256330640
2014-11-03,0.4784,0.4801,0.4731,0.4755,308794040
2014-11-04,0.4787,0.4834,0.4708,0.4818,360195440
2014-11-05,0.4846,0.4848,0.4782,0.4818,335650280
2014-11-06,0.4827,0.4846,0.4753,0.4839,394088040
2014-11-07,0.4894,0.4951,0.4688,0.4736,450798480
2014-11-10,0.4731,0.4822,0.4720,0.4791,293388960
2014-11-11,0.4763,0.4789,0.4692,0.4734,213010800
2014-11-12,0.4717,0.4729,0.4638,0.4702,204582760
2014-11-13,0.4720,0.4726,0.4641,0.4679,225329560
2014-11-14,0.4684,0.4736,0.4637,0.4735,160247240
2014-11-17,0.4715,0.4765,0.4684,0.4714,158731800
2014-11-18,0.4717,0.4839,0.4705,0.4827,207772480
2014-11-19,0.4831,0.4845,0.4759,0.4809,240301680
2014-11-20,0.4776,0.4893,0.4761,0.4889,220969040
2014-11-21,0.4932,0.4939,0.4874,0.4916,198977640
2014-11-24,0.4927,0.4968,0.4908,0.4946,136005000
2014-11-25,0.4937,0.4980,0.4927,0.4944,190240840
2014-11-26,0.4915,0.5033,0.4913,0.5027,219265360
2014-11-28,0.5045,0.5069,0.5000,0.5040,124831240
2014-12-01,0.5018,0.5047,0.4939,0.4946,190060280
2014-12-02,0.4941,0.4975,0.4896,0.4953,245951920
2014-12-03,0.4978,0.5083,0.4963,0.5081,284457040
2014-12-04,0.5074,0.5093,0.5002,0.5035,186631080
2014-12-05,0.5038,0.5090,0.5035,0.5064,165681120
2014-12-08,0.5057,0.5107,0.4958,0.4999,227068400
2014-12-09,0.4968,0.4994,0.4893,0.4982,239447520
2014-12-10,0.4968,0.4987,0.4866,0.4872,204714240
2014-12-11,0.4901,0.4934,0.4860,0.4869,135652080
2014-12-12,0.4804,0.4848,0.4713,0.4718,324146480
2014-12-15,0.4773,0.4860,0.4689,0.4704,254696720
2014-12-16,0.4699,0.4773,0.4648,0.4649,185309040
2014-12-17,0.4744,0.4848,0.4591,0.4841,345597400
2014-12-18,0.4901,0.4958,0.4814,0.4860,226157560
2014-12-19,0.4893,0.4927,0.4848,0.4908,325529200
2014-12-22,0.4903,0.4994,0.4886,0.4994,148974280
2014-12-23,0.5033,0.5057,0.4957,0.4963,109279320
2014-12-24,0.4975,0.4981,0.4939,0.4944,45645120
2014-12-26,0.4944,0.4975,0.4932,0.4949,52644000
2014-12-29,0.4934,0.4975,0.4910,0.4941,83325120
2014-12-30,0.4908,0.4932,0.4889,0.4896,112120400
2014-12-31,0.4903,0.4929,0.4804,0.4819,166318320
2015-01-02,0.4838,0.4874,0.4761,0.4838,113680480
2015-01-05,0.4838,0.4853,0.4735,0.4756,197951960
2015-01-06,0.4764,0.4768,0.4607,0.4612,197764840
2015-01-07,0.4646,0.4687,0.4586,0.4599,321807440
2015-01-08,0.4653,0.4802,0.4651,0.4773,283781360
2015-01-09,0.4790,0.4828,0.4724,0.4792,208188000
2015-01-12,0.4804,0.4806,0.4689,0.4732,190732280
2015-01-13,0.4768,0.4865,0.4693,0.4724,236718400
2015-01-14,0.4675,0.4759,0.4663,0.4744,155261240
2015-01-15,0.4778,0.4807,0.4708,0.4711,188950280
2015-01-16,0.4704,0.4802,0.4689,0.4797,181512000
2015-01-20,0.4831,0.4857,0.4752,0.4812,140308760
2015-01-21,0.4785,0.4891,0.4752,0.4879,144779760
2015-01-22,0.4889,0.4976,0.4838,0.4963,159712400
2015-01-23,0.4968,0.4986,0.4927,0.4978,120415560
2015-01-26,0.4956,0.4980,0.4925,0.4955,133240320
2015-01-27,0.4879,0.4884,0.4708,0.4718,357948840
2015-01-28,0.4776,0.4795,0.4639,0.4641,272728560
2015-01-29,0.4643,0.4780,0.4622,0.4754,235341240
2015-01-30,0.4720,0.4775,0.4607,0.4616,298198720
2015-02-02,0.4643,0.4735,0.4552,0.4716,259605960
2015-02-03,0.4749,0.4838,0.4725,0.4833,183466800
2015-02-04,0.4819,0.4899,0.4803,0.4845,181514880
2015-02-05,0.4850,0.4927,0.4845,0.4923,140447800
2015-02-06,0.4920,0.4978,0.4881,0.4903,210522920
2015-02-09,0.4874,0.4913,0.4843,0.4898,273967720
2015-02-10,0.4903,0.5038,0.4881,0.5035,226204520
2015-02-11,0.5047,0.5047,0.4968,0.5002,320831120
2015-02-12,0.5288,0.5408,0.5256,0.5360,676903520
2015-02-13,0.5348,0.5369,0.5266,0.5362,310085960
2015-02-17,0.5352,0.5405,0.5319,0.5378,203338640
2015-02-18,0.5372,0.5381,0.5307,0.5316,170959880
2015-02-19,0.5384,0.5393,0.5307,0.5330,169430400
2015-02-20,0.5326,0.5372,0.5288,0.5368,157752800
2015-02-23,0.5367,0.5367,0.5300,0.5326,125036720
2015-02-24,0.5346,0.5382,0.5298,0.5382,149332720
2015-02-25,0.5361,0.5385,0.5316,0.5341,123821040
2015-02-26,0.5346,0.5386,0.5313,0.5356,152863880
2015-02-27,0.5341,0.5354,0.5303,0.5322,157490920
2015-03-02,0.5308,0.5481,0.5301,0.5451,301511240
2015-03-03,0.5411,0.5438,0.5334,0.5351,160345520
2015-03-04,0.5332,0.5424,0.5310,0.5411,226839880
2015-03-05,0.5411,0.5525,0.5397,0.5515,323057000
2015-03-06,0.5484,0.5510,0.5434,0.5440,257392280
2015-03-09,0.5443,0.5496,0.5431,0.5455,222387720
2015-03-10,0.5479,0.5585,0.5469,0.5548,527210680
2015-03-11,0.5549,0.5621,0.5504,0.5520,262118600
2015-03-12,0.5467,0.5508,0.5366,0.5469,406970400
2015-03-13,0.5443,0.5491,0.5368,0.5477,359287520
2015-03-16,0.5520,0.5575,0.5484,0.5542,236954560
2015-03-17,0.5530,0.5612,0.5491,0.5609,299942240
2015-03-18,0.5609,0.5638,0.5467,0.5518,413843360
2015-03-19,0.5537,0.5621,0.5496,0.5601,310754360
2015-03-20,0.5648,0.5695,0.5595,0.5662,462084760
2015-03-23,0.5493,0.5566,0.5477,0.5479,426011080
2015-03-24,0.5462,0.5501,0.5380,0.5404,330481000
2015-03-25,0.5402,0.5402,0.5059,0.5076,542553600
2015-03-26,0.4972,0.5080,0.4936,0.5058,311919880
2015-03-27,0.5088,0.5177,0.5006,0.5158,318286080
2015-03-30,0.5182,0.5206,0.5115,0.5180,253250240
2015-03-31,0.5165,0.5170,0.5045,0.5048,357277680
2015-04-01,0.5069,0.5086,0.4982,0.5069,330768920
2015-04-02,0.5098,0.5112,0.5037,0.5081,192203440
2015-04-06,0.5059,0.5245,0.5006,0.5227,515863360
2015-04-07,0.5228,0.5332,0.5199,0.5274,413962760
2015-04-08,0.5279,0.5332,0.5228,0.5313,366431440
2015-04-09,0.5272,0.5452,0.5269,0.5434,379433080
2015-04-10,0.5440,0.5493,0.5421,0.5491,258728760
2015-04-13,0.5479,0.5510,0.5416,0.5440,236724240
2015-04-14,0.5419,0.5440,0.5342,0.5395,220274080
2015-04-15,0.5409,0.5499,0.5382,0.5460,243558400
2015-04-16,0.5428,0.5474,0.5387,0.5426,155282320
2015-04-17,0.5313,0.5409,0.5310,0.5356,293636680
2015-04-20,0.5380,0.5414,0.5320,0.5329,231625840
2015-04-21,0.5395,0.5395,0.5296,0.5321,230454600
2015-04-22,0.5354,0.5390,0.5272,0.5382,207419240
2015-04-23,0.5284,0.5411,0.5223,0.5361,259378760
2015-04-24,0.5358,0.5361,0.5255,0.5315,240958880
2015-04-27,0.5332,0.5450,0.5286,0.5356,248454240
2015-04-28,0.5346,0.5401,0.5296,0.5381,234484240
2015-04-29,0.5344,0.5397,0.5320,0.5341,195156760
2015-04-30,0.5315,0.5381,0.5303,0.5355,218843320
2015-05-01,0.5399,0.5506,0.5375,0.5489,256967400
2015-05-04,0.5484,0.5520,0.5438,0.5455,200720960
2015-05-05,0.5436,0.5443,0.5291,0.5315,292927800
2015-05-06,0.5344,0.5395,0.5262,0.5332,316484440
2015-05-07,0.5310,0.5443,0.5293,0.5426,534563080
2015-05-08,0.5069,0.5269,0.4943,0.5024,1146551120
2015-05-11,0.4955,0.5028,0.4917,0.4977,544145760
2015-05-12,0.4941,0.5066,0.4939,0.5025,388799760
2015-05-13,0.5062,0.5100,0.5006,0.5054,308522800
2015-05-14,0.5069,0.5163,0.5057,0.5136,293051200
2015-05-15,0.5158,0.5182,0.5107,0.5139,215824760
2015-05-18,0.5127,0.5163,0.5103,0.5132,324971680
2015-05-19,0.5138,0.5155,0.5090,0.5100,253808880
2015-05-20,0.5102,0.5163,0.5095,0.5100,196823240
2015-05-21,0.5102,0.5124,0.5058,0.5063,239690000
2015-05-22,0.5075,0.5094,0.5044,0.5056,212611280
2015-05-26,0.5032,0.5066,0.4987,0.5024,259731080
2015-05-27,0.5058,0.5317,0.5041,0.5294,432330840
2015-05-28,0.5294,0.5384,0.5284,0.5366,327657240
2015-05-29,0.5366,0.5400,0.5357,0.5364,335169760
2015-06-01,0.5398,0.5478,0.5364,0.5424,372660160
2015-06-02,0.5390,0.5420,0.5313,0.5317,224303280
2015-06-03,0.5332,0.5373,0.5250,0.5260,250787680
2015-06-04,0.5228,0.5371,0.5228,0.5354,323710600
2015-06-05,0.5337,0.5420,0.5281,0.5395,313320040
2015-06-08,0.5378,0.5415,0.5211,0.5272,342812040
2015-06-09,0.5277,0.5337,0.5267,0.5298,256888880
2015-06-10,0.5235,0.5269,0.5175,0.5204,529461040
2015-06-11,0.5204,0.5296,0.5204,0.5260,283051840
2015-06-12,0.5226,0.5257,0.5104,0.5117,323726560
2015-06-15,0.5090,0.5130,0.5051,0.5107,306546920
2015-06-16,0.5097,0.5177,0.5046,0.5170,256890120
2015-06-17,0.5167,0.5260,0.5155,0.5230,233545920
2015-06-18,0.5274,0.5352,0.5260,0.5318,299403600
2015-06-19,0.5318,0.5361,0.5252,0.5301,355657080
2015-06-22,0.5310,0.5340,0.5199,0.5278,514237160
2015-06-23,0.5289,0.5330,0.5102,0.5143,414065080
2015-06-24,0.5136,0.5163,0.5068,0.5092,253368160
2015-06-25,0.5092,0.5163,0.5092,0.5131,350461920
2015-06-26,0.5090,0.5131,0.5005,0.5027,421294920
2015-06-29,0.4969,0.5020,0.4869,0.4877,391723840
2015-06-30,0.4906,0.4928,0.4840,0.4874,315914280
2015-07-01,0.4995,0.5066,0.4901,0.4944,302920040
2015-07-02,0.4942,0.4981,0.4918,0.4949,145764600
2015-07-06,0.4908,0.4976,0.4851,0.4889,214776520
2015-07-07,0.4860,0.4879,0.4644,0.4797,594253080
2015-07-08,0.4770,0.4799,0.4724,0.4763,332491480
2015-07-09,0.4838,0.4860,0.4675,0.4705,357589800
2015-07-10,0.4765,0.4831,0.4753,0.4787,216708680
2015-07-13,0.4835,0.4845,0.4786,0.4818,212471640
2015-07-14,0.4826,0.4831,0.4758,0.4821,249217160
2015-07-15,0.4809,0.4840,0.4743,0.4787,265733920
2015-07-16,0.4816,0.4894,0.4799,0.4894,282891640
2015-07-17,0.4877,0.4881,0.4801,0.4865,220372320
2015-07-20,0.4865,0.4884,0.4763,0.4775,188410360
2015-07-21,0.4765,0.4865,0.4765,0.4797,149720400
2015-07-22,0.4763,0.4763,0.4646,0.4703,356472760
2015-07-23,0.4714,0.4833,0.4705,0.4763,169914880
2015-07-24,0.4797,0.4801,0.4688,0.4707,188843960
2015-07-27,0.4666,0.4734,0.4627,0.4680,192420800
2015-07-28,0.4692,0.4814,0.4644,0.4782,198309320
2015-07-29,0.4772,0.4879,0.4753,0.4840,232681320
2015-07-30,0.4828,0.4901,0.4828,0.4852,190179160
2015-07-31,0.4872,0.4874,0.4806,0.4835,218368440
2015-08-03,0.4874,0.4923,0.4811,0.4918,397131120
2015-08-04,0.4901,0.4952,0.4881,0.4937,260100560
2015-08-05,0.5058,0.5063,0.4977,0.4988,234251520
2015-08-06,0.4976,0.5012,0.4874,0.4957,655675600
2015-08-07,0.5444,0.5664,0.5303,0.5570,1405246840
2015-08-10,0.5531,0.5805,0.5497,0.5764,662305440
2015-08-11,0.5679,0.5790,0.5679,0.5735,435008360
2015-08-12,0.5643,0.5790,0.5643,0.5749,384080480
2015-08-13,0.5756,0.5769,0.5686,0.5701,276885840
2015-08-14,0.5696,0.5739,0.5662,0.5706,214650440
2015-08-17,0.5696,0.5696,0.5599,0.5669,273878920
2015-08-18,0.5652,0.5691,0.5574,0.5618,287082200
2015-08-19,0.5610,0.5672,0.5535,0.5596,249273680
2015-08-20,0.5533,0.5559,0.5367,0.5394,426933160
2015-08-21,0.5355,0.5445,0.5221,0.5226,382665560
2015-08-24,0.4934,0.5313,0.4868,0.5041,682282920
2015-08-25,0.5262,0.5282,0.4936,0.4936,622684400
2015-08-26,0.5097,0.5313,0.5058,0.5309,614977560
2015-08-27,0.5365,0.5511,0.5333,0.5508,463763320
2015-08-28,0.5506,0.5567,0.5468,0.5533,320945280
2015-08-31,0.5508,0.5545,0.5449,0.5472,219352400
2015-09-01,0.5313,0.5403,0.5209,0.5248,353408800
2015-09-02,0.5386,0.5408,0.5301,0.5406,344042600
2015-09-03,0.5486,0.5513,0.5411,0.5421,262557520
2015-09-04,0.5328,0.5413,0.5292,0.5294,288009800
2015-09-08,0.5423,0.5542,0.5402,0.5520,238448720
2015-09-09,0.5537,0.5584,0.5399,0.5411,289393960
2015-09-10,0.5379,0.5564,0.5354,0.5496,357075840
2015-09-11,0.5435,0.5550,0.5412,0.5513,301584320
2015-09-14,0.5540,0.5557,0.5494,0.5523,192465440
2015-09-15,0.5525,0.5613,0.5508,0.5584,327976480
2015-09-16,0.5574,0.5654,0.5531,0.5623,173507360
2015-09-17,0.5720,0.5771,0.5662,0.5674,268710760
2015-09-18,0.5596,0.5717,0.5562,0.5669,326410200
2015-09-21,0.5676,0.5739,0.5647,0.5727,281864640
2015-09-22,0.5603,0.5642,0.5541,0.5571,228356920
2015-09-23,0.5576,0.5632,0.5554,0.5598,161633960
2015-09-24,0.5564,0.5764,0.5477,0.5705,382441240
2015-09-25,0.5776,0.5859,0.5691,0.5747,369690720
2015-09-28,0.5747,0.5782,0.5635,0.5671,387923760
2015-09-29,0.5732,0.5781,0.5652,0.5771,380734920
2015-09-30,0.5825,0.6007,0.5791,0.5997,548519320
2015-10-01,0.6000,0.6017,0.5713,0.5883,489297080
2015-10-02,0.5851,0.6036,0.5791,0.6036,386145560
2015-10-05,0.6075,0.6263,0.6044,0.6187,482022840
2015-10-06,0.6122,0.6294,0.6097,0.6268,454421040
2015-10-07,0.6282,0.6397,0.6180,0.6333,310151960
2015-10-08,0.6307,0.6387,0.6199,0.6370,460069640
2015-10-09,0.6336,0.6397,0.6226,0.6345,423248400
2015-10-12,0.6353,0.6450,0.6305,0.6414,227589080
2015-10-13,0.6362,0.6464,0.6341,0.6426,298442840
2015-10-14,0.6433,0.6763,0.6426,0.6659,612190240
2015-10-15,0.6672,0.6813,0.6603,0.6676,526046040
2015-10-16,0.6698,0.6844,0.6681,0.6781,448395880
2015-10-19,0.6803,0.6833,0.6691,0.6769,294711200
2015-10-20,0.6740,0.6791,0.6689,0.6759,264824560
2015-10-21,0.6801,0.6842,0.6659,0.6672,386681960
2015-10-22,0.6750,0.6934,0.6740,0.6913,306883640
2015-10-23,0.6973,0.7005,0.6869,0.6959,381774280
2015-10-26,0.6964,0.6981,0.6864,0.6927,247437400
2015-10-27,0.6893,0.6966,0.6888,0.6922,208267120
2015-10-28,0.6966,0.6978,0.6864,0.6978,217034080
2015-10-29,0.6866,0.6937,0.6725,0.6737,327167080
2015-10-30,0.6810,0.6954,0.6759,0.6905,301158600
2015-11-02,0.6927,0.6993,0.6886,0.6986,190087880
2015-11-03,0.6944,0.6983,0.6859,0.6937,376769200
2015-11-04,0.6917,0.6969,0.6791,0.6823,442262840
2015-11-05,0.6857,0.6875,0.6725,0.6745,478798960
2015-11-06,0.7412,0.7774,0.7258,0.7679,1172271080
2015-11-09,0.7604,0.7667,0.7538,0.7645,492569000
2015-11-10,0.7545,0.7587,0.7339,0.7499,552259880
2015-11-11,0.7504,0.7558,0.7399,0.7426,620126280
2015-11-12,0.7409,0.7477,0.7368,0.7399,291080680
2015-11-13,0.7407,0.7438,0.7217,0.7253,292940040
2015-11-16,0.7348,0.7404,0.7290,0.7399,344280320
2015-11-17,0.7419,0.7463,0.7369,0.7399,257046520
2015-11-18,0.7429,0.7590,0.7347,0.7581,350214320
2015-11-19,0.7608,0.7678,0.7546,0.7603,254072120
2015-11-20,0.7659,0.7713,0.7612,0.7669,239743480
2015-11-23,0.7732,0.7732,0.7526,0.7554,242550040
2015-11-24,0.7554,0.7681,0.7520,0.7615,195427680
2015-11-25,0.7600,0.7691,0.7578,0.7605,138299040
2015-11-27,0.7620,0.7693,0.7581,0.7669,87008080
2015-11-30,0.7676,0.7783,0.7669,0.7749,327243200
2015-12-01,0.7818,0.8008,0.7810,0.8001,409497320
2015-12-02,0.8013,0.8096,0.7923,0.7940,294240160
2015-12-03,0.8003,0.8086,0.7884,0.7923,246656200
2015-12-04,0.7923,0.8260,0.7923,0.8245,458756960
2015-12-07,0.8243,0.8243,0.8064,0.8089,333587160
2015-12-08,0.7989,0.8233,0.7937,0.8199,314489320
2015-12-09,0.8196,0.8245,0.7908,0.7991,372674840
2015-12-10,0.8016,0.8101,0.7989,0.8057,236596920
2015-12-11,0.7976,0.8033,0.7920,0.7937,227321520
2015-12-14,0.7945,0.8001,0.7862,0.7957,276345800
2015-12-15,0.8047,0.8111,0.8003,0.8055,307294160
2015-12-16,0.8072,0.8130,0.8001,0.8104,236354960
2015-12-17,0.8116,0.8199,0.7976,0.7981,254161760
2015-12-18,0.7925,0.8006,0.7842,0.7852,395896960
2015-12-21,0.7937,0.8045,0.7867,0.8036,284214920
2015-12-22,0.8062,0.8126,0.7996,0.8045,130010760
2015-12-23,0.8057,0.8107,0.8042,0.8075,122525560
2015-12-24,0.8052,0.8123,0.8040,0.8104,52449240
2015-12-28,0.8018,0.8096,0.7906,0.8096,142028120
2015-12-29,0.8101,0.8253,0.8079,0.8228,203660480
2015-12-30,0.8221,0.8292,0.8155,0.8157,180342800
2015-12-31,0.8145,0.8182,0.8052,0.8052,148528080
2016-01-04,0.7889,0.7959,0.7827,0.7908,358076280
2016-01-05,0.8057,0.8169,0.7940,0.8035,490272560
2016-01-06,0.7903,0.7940,0.7612,0.7703,449344160
2016-01-07,0.7510,0.7562,0.7300,0.7397,645303000
2016-01-08,0.7493,0.7500,0.7223,0.7239,398471280
2016-01-11,0.7246,0.7302,0.7121,0.7251,409403800
2016-01-12,0.7380,0.7481,0.7322,0.7373,469355720
2016-01-13,0.7429,0.7478,0.7141,0.7148,481670480
2016-01-14,0.7002,0.7085,0.6797,0.7004,600234560
2016-01-15,0.6723,0.6804,0.6508,0.6623,841452120
2016-01-19,0.6760,0.6950,0.6649,0.6677,457141480
2016-01-20,0.6550,0.6799,0.6462,0.6713,481178280
2016-01-21,0.6787,0.6897,0.6647,0.6792,481456880
2016-01-22,0.6921,0.6997,0.6906,0.6950,258012480
2016-01-25,0.6948,0.7027,0.6927,0.6943,270728120
2016-01-26,0.6958,0.7041,0.6886,0.7011,227967280
2016-01-27,0.7002,0.7022,0.6795,0.6928,231701120
2016-01-28,0.6985,0.7009,0.6718,0.6853,276778040
2016-01-29,0.6911,0.7169,0.6884,0.7156,310504880
2016-02-01,0.7148,0.7195,0.7087,0.7158,289883960
2016-02-02,0.7085,0.7121,0.6806,0.6855,341908400
2016-02-03,0.6909,0.6950,0.6731,0.6889,326774040
2016-02-04,0.6899,0.7048,0.6823,0.6892,348138000
2016-02-05,0.6845,0.6921,0.6437,0.6457,600427400
2016-02-08,0.6359,0.6391,0.6071,0.6161,608852800
2016-02-09,0.6088,0.6486,0.6059,0.6227,425372560
2016-02-10,0.6266,0.6447,0.6178,0.6213,335799200
2016-02-11,0.6054,0.6244,0.6054,0.6181,340145400
2016-02-12,0.6279,0.6298,0.6046,0.6286,340814680
2016-02-16,0.6376,0.6604,0.6357,0.6594,485351800
2016-02-17,0.6677,0.6821,0.6650,0.6757,771466640
2016-02-18,0.7312,0.7567,0.7305,0.7339,1068659560
2016-02-19,0.7300,0.7503,0.7244,0.7437,525629280
2016-02-22,0.7544,0.7786,0.7529,0.7700,449667880
2016-02-23,0.7639,0.7793,0.7603,0.7720,369378000
2016-02-24,0.7688,0.7785,0.7476,0.7774,336853440
2016-02-25,0.7803,0.7830,0.7652,0.7791,349614680
2016-02-26,0.7827,0.7846,0.7661,0.7740,361962920
2016-02-29,0.7751,0.7851,0.7685,0.7689,323344720
2016-03-01,0.7709,0.8030,0.7697,0.8030,348700480
2016-03-02,0.7986,0.8106,0.7971,0.8077,233837320
2016-03-03,0.8067,0.8101,0.7898,0.8006,302003520
2016-03-04,0.8067,0.8074,0.7920,0.7981,175305360
2016-03-07,0.7937,0.7991,0.7826,0.7930,240219800
2016-03-08,0.7849,0.7895,0.7759,0.7785,265760440
2016-03-09,0.7854,0.7865,0.7680,0.7780,222789480
2016-03-10,0.7827,0.7871,0.7611,0.7768,286085480
2016-03-11,0.7883,0.7903,0.7790,0.7900,277399440
2016-03-14,0.7864,0.7952,0.7827,0.7920,190314720
2016-03-15,0.7878,0.7930,0.7741,0.7881,226216800
2016-03-16,0.7822,0.8143,0.7785,0.8116,363642720
2016-03-17,0.8087,0.8126,0.7938,0.8047,353678360
2016-03-18,0.8143,0.8398,0.8092,0.8290,545512080
2016-03-21,0.8217,0.8317,0.8128,0.8315,337781560
2016-03-22,0.8288,0.8358,0.8197,0.8300,242010640
2016-03-23,0.8337,0.8503,0.8300,0.8442,429006840
2016-03-24,0.8366,0.8469,0.8339,0.8454,244954160
2016-03-28,0.8440,0.8577,0.8430,0.8540,265388000
2016-03-29,0.8503,0.8697,0.8484,0.8678,261810640
2016-03-30,0.8709,0.8888,0.8705,0.8768,376698960
2016-03-31,0.8808,0.8827,0.8668,0.8736,379882080
2016-04-01,0.8682,0.8869,0.8616,0.8864,348292760
2016-04-04,0.8937,0.8984,0.8744,0.8778,393942040
2016-04-05,0.8700,0.8847,0.8665,0.8766,339568600
2016-04-06,0.8656,0.8783,0.8491,0.8778,453375160
2016-04-07,0.8722,0.8800,0.8651,0.8687,378105760
2016-04-08,0.8759,0.8815,0.8657,0.8744,255934920
2016-04-11,0.8795,0.8942,0.8768,0.8798,387523920
2016-04-12,0.8827,0.8839,0.8616,0.8788,292763080
2016-04-13,0.8827,0.9011,0.8827,0.9009,350714440
2016-04-14,0.8984,0.9072,0.8947,0.9033,416565240
2016-04-15,0.9031,0.9185,0.9002,0.9104,436970920
2016-04-18,0.9087,0.9087,0.8977,0.9065,307321760
2016-04-19,0.9099,0.9116,0.8847,0.8903,309151080
2016-04-20,0.8888,0.8991,0.8879,0.8937,200177360
2016-04-21,0.8940,0.8982,0.8888,0.8928,178279560
2016-04-22,0.8957,0.9018,0.8863,0.8893,223541560
2016-04-25,0.8896,0.8987,0.8871,0.8937,191990600
2016-04-26,0.8991,0.9094,0.8906,0.8945,214534560
2016-04-27,0.8923,0.9153,0.8906,0.9148,352394320
2016-04-28,0.9092,0.9146,0.8854,0.8876,381222040
2016-04-29,0.8839,0.8859,0.8616,0.8712,321902480
2016-05-02,0.8795,0.8881,0.8754,0.8827,256076800
2016-05-03,0.8727,0.8763,0.8646,0.8722,224023400
2016-05-04,0.8616,0.8624,0.8435,0.8523,525762600
2016-05-05,0.8594,0.8675,0.8511,0.8575,246884520
2016-05-06,0.8560,0.8686,0.8543,0.8663,183240000
2016-05-09,0.8685,0.8722,0.8580,0.8651,333336440
2016-05-10,0.8705,0.8832,0.8621,0.8817,269677160
2016-05-11,0.8844,0.8940,0.8795,0.8842,328177640
2016-05-12,0.8906,0.8945,0.8565,0.8722,670541320
2016-05-13,0.9609,1.0053,0.9563,1.0048,2110256160
2016-05-16,0.9972,1.0495,0.9940,1.0345,973030280
2016-05-17,1.0298,1.0441,1.0166,1.0367,628390480
2016-05-18,1.0298,1.0752,1.0298,1.0632,541071880
2016-05-19,1.0590,1.0754,1.0575,1.0678,398879240
2016-05-20,1.0745,1.0914,1.0727,1.0870,391083600
2016-05-23,1.0916,1.0958,1.0821,1.0887,413635080
2016-05-24,1.0919,1.1185,1.0890,1.1150,415788840
2016-05-25,1.1185,1.1232,1.1015,1.1104,458776440
2016-05-26,1.1123,1.1303,1.1091,1.1222,309963240
2016-05-27,1.1234,1.1300,1.1197,1.1283,277415560
2016-05-31,1.1332,1.1508,1.1325,1.1485,412525240
2016-06-01,1.1431,1.1617,1.1396,1.1507,387130680
2016-06-02,1.1568,1.1686,1.1455,1.1588,329208080
2016-06-03,1.1475,1.1490,1.1224,1.1426,461074560
2016-06-06,1.1455,1.1544,1.1308,1.1367,322513640
2016-06-07,1.1436,1.1499,1.1384,1.1389,193400680
2016-06-08,1.1391,1.1433,1.1259,1.1352,234617240
2016-06-09,1.1313,1.1664,1.1288,1.1647,472166680
2016-06-10,1.1509,1.1613,1.1342,1.1357,400023680
2016-06-13,1.1369,1.1725,1.1369,1.1502,475586960
2016-06-14,1.1475,1.1578,1.1346,1.1524,298345560
2016-06-15,1.1620,1.1743,1.1492,1.1642,301034720
2016-06-16,1.1556,1.1708,1.1443,1.1689,246457120
2016-06-17,1.1704,1.1706,1.1438,1.1485,471001920
2016-06-20,1.1669,1.1841,1.1662,1.1691,293769200
2016-06-21,1.1740,1.1772,1.1603,1.1620,212506440
2016-06-22,1.1645,1.1721,1.1590,1.1610,202620640
2016-06-23,1.1721,1.1932,1.1713,1.1920,297879760
2016-06-24,1.1431,1.1642,1.1136,1.1241,1017684440
2016-06-27,1.1148,1.1234,1.0956,1.1121,450339480
2016-06-28,1.1332,1.1345,1.1128,1.1283,381919200
2016-06-29,1.1381,1.1556,1.1352,1.1468,318930560
2016-06-30,1.1487,1.1627,1.1394,1.1556,430939000
2016-07-01,1.1492,1.1642,1.1431,1.1470,218487920
2016-07-05,1.1406,1.1659,1.1315,1.1640,371082440
2016-07-06,1.1558,1.1781,1.1499,1.1713,273103760
2016-07-07,1.1792,1.2060,1.1738,1.2018,395399680
2016-07-08,1.2146,1.2559,1.2099,1.2500,481930920
2016-07-11,1.2679,1.2881,1.2665,1.2788,448777480
2016-07-12,1.2930,1.3097,1.2768,1.2979,436761800
2016-07-13,1.3004,1.3078,1.2955,1.2974,324605200
2016-07-14,1.3043,1.3225,1.2935,1.3107,316891320
2016-07-15,1.2940,1.3013,1.2744,1.2955,428614280
2016-07-18,1.3115,1.3134,1.2972,1.3021,252993520
2016-07-19,1.3014,1.3208,1.2989,1.3156,382650000
2016-07-20,1.3201,1.3398,1.3146,1.3328,296460080
2016-07-21,1.3299,1.3341,1.3038,1.3083,361307880
2016-07-22,1.3129,1.3439,1.3033,1.3439,315766600
2016-07-25,1.3520,1.3719,1.3461,1.3687,312528440
2016-07-26,1.3808,1.3992,1.3788,1.3921,514509560
2016-07-27,1.4041,1.4066,1.3697,1.3781,446675440
2016-07-28,1.3813,1.3913,1.3769,1.3810,221917360
2016-07-29,1.3862,1.4073,1.3614,1.4036,409586560
2016-08-01,1.4095,1.4147,1.3854,1.3945,301118800
2016-08-02,1.4012,1.4019,1.3643,1.3776,282748800
2016-08-03,1.3759,1.3840,1.3682,1.3813,299828360
2016-08-04,1.3879,1.4132,1.3852,1.4068,272712120
2016-08-05,1.4231,1.4314,1.4162,1.4307,371589400
2016-08-08,1.4503,1.4538,1.4287,1.4439,305064120
2016-08-09,1.4511,1.4616,1.4439,1.4476,372342360
2016-08-10,1.4604,1.4626,1.4337,1.4383,375738120
2016-08-11,1.4459,1.4737,1.4430,1.4675,681062240
2016-08-12,1.5216,1.5580,1.4904,1.5497,1425745680
2016-08-15,1.5514,1.5609,1.5273,1.5482,573304680
2016-08-16,1.5460,1.5484,1.5342,1.5388,287653800
2016-08-17,1.5388,1.5423,1.4910,1.5032,595212160
2016-08-18,1.5010,1.5290,1.4951,1.5265,331683800
2016-08-19,1.5258,1.5420,1.5192,1.5305,291559120
2016-08-22,1.5351,1.5391,1.5170,1.5369,244747320
2016-08-23,1.5525,1.5594,1.5449,1.5493,339762320
2016-08-24,1.5547,1.5554,1.5183,1.5254,298449760
2016-08-25,1.5259,1.5266,1.4963,1.5153,406031320
2016-08-26,1.5192,1.5362,1.5072,1.5276,300024960
2016-08-29,1.5338,1.5399,1.5240,1.5266,274651160
2016-08-30,1.5247,1.5328,1.5136,1.5178,285544880
2016-08-31,1.5207,1.5249,1.5062,1.5106,388545680
2016-09-01,1.5119,1.5609,1.5106,1.5552,428492200
2016-09-02,1.5584,1.5601,1.5224,1.5399,323149680
2016-09-06,1.5453,1.5545,1.5374,1.5545,306812800
2016-09-07,1.5495,1.5571,1.5227,1.5316,397988000
2016-09-08,1.5301,1.5451,1.5126,1.5426,315808760
2016-09-09,1.5256,1.5343,1.4530,1.4658,697758640
2016-09-12,1.4463,1.4989,1.4115,1.4961,598260960
2016-09-13,1.4924,1.5096,1.4660,1.4744,471767320
2016-09-14,1.4779,1.4924,1.4656,1.4875,319373040
2016-09-15,1.4899,1.5456,1.4865,1.5439,515391960
2016-09-16,1.5493,1.5577,1.5298,1.5476,902445960
2016-09-19,1.5638,1.6072,1.5567,1.5680,417128280
2016-09-20,1.5860,1.5860,1.5451,1.5537,331113280
2016-09-21,1.5584,1.6003,1.5581,1.5973,336213480
2016-09-22,1.6067,1.6116,1.5921,1.6012,308731480
2016-09-23,1.6032,1.6079,1.5924,1.5995,276133760
2016-09-26,1.5813,1.5909,1.5646,1.5845,230041400
2016-09-27,1.5783,1.6411,1.5776,1.6387,402750760
2016-09-28,1.6411,1.6458,1.6237,1.6446,319788040
2016-09-29,1.6419,1.6650,1.6266,1.6599,336685440
2016-09-30,1.6690,1.7039,1.6591,1.6874,429932160
2016-10-03,1.6874,1.7118,1.6828,1.6857,242594120
2016-10-04,1.6882,1.7165,1.6695,1.6820,281625800
2016-10-05,1.6963,1.7135,1.6751,1.6803,305440360
2016-10-06,1.6601,1.6704,1.6318,1.6584,360212680
2016-10-07,1.6695,1.6739,1.6416,1.6463,286260080
2016-10-10,1.6549,1.6638,1.6370,1.6525,287874720
2016-10-11,1.6471,1.6495,1.6160,1.6286,388539040
2016-10-12,1.6219,1.6446,1.6084,1.6360,419921000
2016-10-13,1.6168,1.6205,1.5687,1.6094,390116400
2016-10-14,1.6291,1.6402,1.6155,1.6251,330634040
2016-10-17,1.6249,1.6402,1.6136,1.6158,195326400
2016-10-18,1.6382,1.6498,1.6315,1.6404,269370960
2016-10-19,1.6293,1.6446,1.6209,1.6370,199058480
2016-10-20,1.6562,1.6734,1.6328,1.6680,312082880
2016-10-21,1.6621,1.6663,1.6475,1.6633,279506160
2016-10-24,1.6746,1.7433,1.6744,1.7414,339837840
2016-10-25,1.7384,1.7805,1.7300,1.7699,397461280
2016-10-26,1.7552,1.7965,1.7534,1.7771,333791240
2016-10-27,1.7906,1.7941,1.7334,1.7406,388664880
2016-10-28,1.7490,1.7756,1.7345,1.7377,290854960
2016-10-31,1.7433,1.7639,1.7424,1.7525,252388720
2016-11-01,1.7589,1.7685,1.6818,1.7005,473225160
2016-11-02,1.7135,1.7367,1.6903,1.6934,295849240
2016-11-03,1.7012,1.7027,1.6411,1.6736,309663720
2016-11-04,1.6626,1.6926,1.6395,1.6640,328779600
2016-11-07,1.7128,1.7662,1.7116,1.7552,487580960
2016-11-08,1.7618,1.7675,1.7362,1.7525,429884280
2016-11-09,1.7049,1.7461,1.6924,1.7229,456530160
2016-11-10,1.7606,1.7608,1.6441,1.6690,869281560
2016-11-11,1.9581,2.1861,1.9332,2.1664,2147483647
2016-11-14,2.1694,2.1719,2.0593,2.0598,1348796520
2016-11-15,2.0758,2.1536,2.0669,2.1226,626090320
2016-11-16,2.1509,2.2794,2.1264,2.2566,987985760
2016-11-17,2.2733,2.3344,2.2324,2.2753,832989760
2016-11-18,2.3205,2.3231,2.2608,2.2992,576059960
2016-11-21,2.3172,2.3236,2.2755,2.2898,436434720
2016-11-22,2.2977,2.3085,2.2750,2.3063,330369280
2016-11-23,2.3115,2.3492,2.2880,2.3176,443234280
2016-11-25,2.3053,2.3455,2.3038,2.3223,195563120
2016-11-28,2.3152,2.3366,2.3085,2.3211,278734800
2016-11-29,2.3184,2.3292,2.2821,2.2999,444567480
2016-11-30,2.2740,2.3223,2.2715,2.2740,440501800
2016-12-01,2.2715,2.2733,2.0907,2.1615,1035522960
2016-12-02,2.1423,2.1901,2.0994,2.1815,478292000
2016-12-05,2.2195,2.2841,2.1951,2.2661,602285000
2016-12-06,2.2742,2.3117,2.2585,2.3033,498795000
2016-12-07,2.2898,2.3504,2.2715,2.3448,480803720
2016-12-08,2.3477,2.3830,2.2950,2.3056,381544080
2016-12-09,2.3233,2.3250,2.2372,2.2646,382311960
2016-12-12,2.2160,2.2185,2.1591,2.2096,601332000
2016-12-13,2.2220,2.2762,2.2210,2.2486,387794960
2016-12-14,2.2824,2.3951,2.2585,2.3788,983981520
2016-12-15,2.3899,2.4649,2.3825,2.4346,746546120
2016-12-16,2.4622,2.4836,2.4103,2.4765,1089527320
2016-12-19,2.4590,2.5268,2.4417,2.5066,744657240
2016-12-20,2.5793,2.6176,2.5680,2.5939,848057320
2016-12-21,2.6055,2.6131,2.5579,2.6102,576134440
2016-12-22,2.6346,2.6851,2.6274,2.6417,718610360
2016-12-23,2.6237,2.7089,2.6210,2.7076,647693240
2016-12-27,2.7638,2.8945,2.7431,2.8935,1194273680
2016-12-28,2.9498,2.9579,2.6807,2.6945,2147483647
2016-12-29,2.5872,2.7498,2.5354,2.7483,2147483647
2016-12-30,2.7463,2.7604,2.6217,2.6326,1212930360
2017-01-03,2.5749,2.6235,2.4511,2.5159,1501995040
2017-01-04,2.5502,2.6020,2.5041,2.5746,1199220240
2017-01-05,2.5781,2.6099,2.4923,2.5093,984295280
2017-01-06,2.5367,2.5712,2.4960,2.5428,822856640
2017-01-09,2.5527,2.6637,2.5527,2.6459,916249000
2017-01-10,2.6590,2.6930,2.6052,2.6259,880918760
2017-01-11,2.6143,2.6193,2.5687,2.5936,525663520
2017-01-12,2.5707,2.5823,2.5063,2.5512,625616560
2017-01-13,2.5552,2.5897,2.5418,2.5510,457821720
2017-01-17,2.5404,2.5453,2.4804,2.4937,580610360
2017-01-18,2.4723,2.5460,2.4444,2.5391,654424600
2017-01-19,2.5421,2.6257,2.5399,2.5936,644871120
2017-01-20,2.6163,2.6341,2.5433,2.5653,492022280
2017-01-23,2.5601,2.6119,2.5576,2.5919,369905560
2017-01-24,2.6020,2.6533,2.5872,2.6472,428050840
2017-01-25,2.6896,2.6957,2.6226,2.6585,523379960
2017-01-26,2.6612,2.7118,2.6316,2.7044,458798800
2017-01-27,2.7113,2.7596,2.6846,2.7567,471997160
2017-01-30,2.7357,2.7379,2.6615,2.7135,496003360
2017-01-31,2.6871,2.7142,2.6686,2.6928,362754600
2017-02-01,2.7273,2.8146,2.7096,2.8104,590003280
2017-02-02,2.7944,2.8546,2.7638,2.8459,483241600
2017-02-03,2.8474,2.8585,2.8092,2.8210,372745320
2017-02-06,2.8117,2.8937,2.8117,2.8933,506768200
2017-02-07,2.9276,2.9823,2.9078,2.9382,746222680
2017-02-08,2.9202,2.9426,2.8704,2.9254,449579480
2017-02-09,2.9315,2.9365,2.8511,2.8704,842567120
2017-02-10,2.9579,2.9769,2.7771,2.8023,1651093640
2017-02-13,2.7966,2.8112,2.6686,2.6730,1180722840
2017-02-14,2.6634,2.7167,2.6215,2.6829,850631480
2017-02-15,2.6859,2.7081,2.6578,2.6883,373020480
2017-02-16,2.6980,2.6992,2.6060,2.6452,647175440
2017-02-17,2.6316,2.6491,2.5845,2.6447,563738600
2017-02-21,2.6693,2.7433,2.6691,2.7394,551951320
2017-02-22,2.7515,2.7609,2.7162,2.7352,433770240
2017-02-23,2.6053,2.6273,2.4616,2.4816,1592888520
2017-02-24,2.3971,2.5189,2.3633,2.5055,1029903880
2017-02-27,2.5238,2.5935,2.5080,2.5784,715400760
2017-02-28,2.5880,2.5979,2.4886,2.5060,625358720
2017-03-01,2.5631,2.5774,2.4969,2.5384,504805560
2017-03-02,2.5255,2.5396,2.4421,2.4448,754331120
2017-03-03,2.4342,2.4391,2.3761,2.4307,865456960
2017-03-06,2.3944,2.4226,2.3502,2.4119,883566760
2017-03-07,2.4119,2.4579,2.3991,2.4384,603400280
2017-03-08,2.4868,2.5016,2.4317,2.4339,638712880
2017-03-09,2.4179,2.4559,2.4053,2.4334,478058840
2017-03-10,2.4599,2.4717,2.4295,2.4478,499740520
2017-03-13,2.4581,2.5250,2.4574,2.5152,774136080
2017-03-14,2.5280,2.5374,2.4811,2.5134,522016600
2017-03-15,2.5250,2.5433,2.4774,2.5325,615034080
2017-03-16,2.5431,2.5641,2.5290,2.5636,523099800
2017-03-17,2.5811,2.6206,2.5636,2.6194,1119686760
2017-03-20,2.6369,2.7068,2.6209,2.7029,748566080
2017-03-21,2.6856,2.7154,2.6074,2.6154,913484120
2017-03-22,2.6043,2.6735,2.6004,2.6688,616764240
2017-03-23,2.6609,2.6808,2.6349,2.6446,533941680
2017-03-24,2.6910,2.6989,2.6280,2.6540,439501840
2017-03-27,2.6073,2.6770,2.5578,2.6732,506644000
2017-03-28,2.6745,2.6890,2.6490,2.6594,432444360
2017-03-29,2.6668,2.6791,2.6485,2.6507,349991640
2017-03-30,2.6579,2.7164,2.6522,2.7016,525533960
2017-03-31,2.6920,2.7137,2.6770,2.6900,440806600
2017-04-03,2.6905,2.7078,2.6527,2.6764,445232520
2017-04-04,2.5534,2.5786,2.4779,2.4887,1271280160
2017-04-05,2.4699,2.5280,2.4571,2.4702,747049280
2017-04-06,2.4754,2.5004,2.4302,2.4883,635120160
2017-04-07,2.4947,2.5122,2.4626,2.4776,425155560
2017-04-10,2.4784,2.4850,2.4102,2.4144,756330560
2017-04-11,2.3843,2.4423,2.3793,2.4231,618149880
2017-04-12,2.4231,2.4374,2.3979,2.4031,414091840
2017-04-13,2.3789,2.4006,2.3581,2.3581,506893800
2017-04-17,2.3710,2.4507,2.3658,2.4505,497292200
2017-04-18,2.4361,2.4581,2.4102,2.4520,370117760
2017-04-19,2.4695,2.4937,2.4549,2.4616,380826360
2017-04-20,2.4762,2.5052,2.4549,2.5006,404014320
2017-04-21,2.4902,2.5137,2.4784,2.5110,341895600
2017-04-24,2.5426,2.5554,2.5216,2.5423,371464680
2017-04-25,2.5569,2.6011,2.5354,2.5865,388438880
2017-04-26,2.6001,2.6026,2.5668,2.5688,327005800
2017-04-27,2.5762,2.6172,2.5581,2.6088,319698600
2017-04-28,2.6018,2.6088,2.5700,2.5757,348246280
2017-05-01,2.5865,2.6386,2.5794,2.6335,307733320
2017-05-02,2.6065,2.6077,2.5327,2.5554,629973080
2017-05-03,2.5485,2.5841,2.5337,2.5744,336905320
2017-05-04,2.5806,2.5917,2.5567,2.5646,209787680
2017-05-05,2.5530,2.5720,2.5374,2.5648,228429440
2017-05-08,2.5767,2.5781,2.5265,2.5379,365239600
2017-05-09,2.5436,2.5912,2.5352,2.5421,847671680
2017-05-10,2.8224,3.0083,2.8157,2.9952,2129097360
2017-05-11,2.9646,3.2209,2.9612,3.1239,1939792320
2017-05-12,3.1271,3.2005,3.1061,3.1582,962618360
2017-05-15,3.1995,3.3192,3.1950,3.3168,1087541920
2017-05-16,3.3679,3.3941,3.2934,3.3785,1120698840
2017-05-17,3.3116,3.3303,3.1498,3.1540,1271366320
2017-05-18,3.1980,3.2950,3.1375,3.2861,1156030280
2017-05-19,3.3873,3.4168,3.3427,3.3620,1018370840
2017-05-22,3.4057,3.4480,3.3948,3.4336,836609000
2017-05-23,3.4534,3.4556,3.3548,3.3874,681249880
2017-05-24,3.4846,3.4873,3.4134,3.4255,817379800
2017-05-25,3.4608,3.4616,3.3728,3.4178,608228040
2017-05-26,3.4097,3.5914,3.3894,3.5063,779139880
2017-05-30,3.5523,3.6164,3.5362,3.5812,989651920
2017-05-31,3.6262,3.6339,3.5115,3.5684,887315760
2017-06-01,3.5842,3.5852,3.5231,3.5686,503338680
2017-06-02,3.5657,3.5919,3.5449,3.5508,487457360
2017-06-05,3.5345,3.6717,3.5229,3.6588,817377680
2017-06-06,3.6542,3.7004,3.6289,3.6423,758727560
2017-06-07,3.6668,3.7051,3.6512,3.6863,612611720
2017-06-08,3.7936,3.9552,3.7523,3.9538,1161744200
2017-06-09,4.0724,4.1654,3.5288,3.6982,2147483647
2017-06-12,3.6062,3.7501,3.5130,3.7073,1697531200
2017-06-13,3.8168,3.8260,3.6005,3.7426,1672503200
2017-06-14,3.7456,3.8084,3.6710,3.7506,1184641440
2017-06-15,3.6329,3.7970,3.6215,3.7666,963824480
2017-06-16,3.7763,3.8242,3.7140,3.7481,924958000
2017-06-19,3.7923,3.8942,3.7886,3.8890,778177560
2017-06-20,3.9313,3.9983,3.8791,3.8833,1095443440
2017-06-21,3.9110,3.9458,3.8489,3.9421,682651160
2017-06-22,3.9503,3.9636,3.8910,3.9149,469132960
2017-06-23,3.9226,3.9384,3.7876,3.8027,1088588080
2017-06-26,3.8356,3.8712,3.6668,3.7612,1063959840
2017-06-27,3.7436,3.7523,3.6178,3.6235,999492520
2017-06-28,3.6912,3.7560,3.6030,3.7513,994947160
2017-06-29,3.7229,3.7258,3.5617,3.6260,1064425240
2017-06-30,3.6433,3.6569,3.5474,3.5736,731061040
2017-07-03,3.5857,3.6006,3.4257,3.4443,709072840
2017-07-05,3.5078,3.5652,3.4888,3.5362,820189520
2017-07-06,3.5071,3.5938,3.4549,3.5469,746285280
2017-07-07,3.6037,3.6462,3.5807,3.6279,654972080
2017-07-10,3.7016,3.8069,3.6755,3.7995,958490760
2017-07-11,3.8032,3.8611,3.7612,3.8534,757955320
2017-07-12,3.9132,4.0294,3.8702,4.0173,1145208520
2017-07-13,4.0294,4.1110,3.9243,3.9708,1369133320
2017-07-14,3.9871,4.0791,3.9802,4.0776,941948320
2017-07-17,4.1117,4.1406,3.9985,4.0603,930790360
2017-07-18,3.9992,4.1172,3.9874,4.1026,776639480
2017-07-19,4.1117,4.1382,4.0692,4.0813,687045600
2017-07-20,4.1018,4.1409,4.0520,4.1406,699595560
2017-07-21,4.1201,4.1851,4.1058,4.1555,648330280
2017-07-24,4.1626,4.1723,4.0966,4.1073,652522080
2017-07-25,4.0843,4.1018,4.0438,4.0875,496555840
2017-07-26,4.1451,4.2006,4.0999,4.1347,640404520
2017-07-27,4.1597,4.1713,3.8949,3.9983,782855160
2017-07-28,3.9624,4.0882,3.9374,4.0638,513349480
2017-07-31,4.0774,4.1135,3.9706,4.0173,559672080
2017-08-01,4.0078,4.0680,3.9800,4.0662,431383120
2017-08-02,4.0974,4.1013,3.9866,4.0638,478443280
2017-08-03,4.0633,4.1191,4.0462,4.1154,442421640
2017-08-04,4.1382,4.2042,4.1154,4.1335,589094120
2017-08-07,4.1626,4.2610,4.1530,4.2605,717411200
2017-08-08,4.2986,4.3152,4.1706,4.2099,755334160
2017-08-09,4.1636,4.2571,4.1448,4.2546,530784920
2017-08-10,4.2558,4.2682,4.0623,4.0724,1328087960
2017-08-11,3.8845,3.9305,3.7800,3.8554,1497194360
2017-08-14,3.9471,4.1666,3.9355,4.1629,1279021640
2017-08-15,4.1681,4.1943,4.0934,4.1278,764530520
2017-08-16,4.1429,4.1664,4.0502,4.0826,596631440
2017-08-17,4.0741,4.0912,3.9894,3.9916,525442600
2017-08-18,4.0460,4.0630,3.9463,3.9923,601204280
2017-08-21,4.0168,4.0282,3.8902,3.9342,623670680
2017-08-22,3.9708,4.0277,3.9515,4.0217,450456120
2017-08-23,3.9883,4.1133,3.9797,4.1022,579519840
2017-08-24,4.1343,4.1388,4.0606,4.0871,469700040
2017-08-25,4.1113,4.1214,4.0465,4.0529,357200880
2017-08-28,4.0720,4.0848,4.0163,4.0816,389495720
2017-08-29,4.0227,4.0967,4.0146,4.0749,324094280
2017-08-30,4.0947,4.1103,4.0643,4.0992,384401560
2017-08-31,4.1195,4.1962,4.1120,4.1922,612684200
2017-09-01,4.2048,4.2531,4.1962,4.2174,445431480
2017-09-05,4.1660,4.1710,4.0468,4.1049,696695680
2017-09-06,4.1378,4.1516,4.0675,4.1024,397671320
2017-09-07,4.1192,4.1539,4.0811,4.1214,352868080
2017-09-08,4.1098,4.1247,4.0257,4.0499,498856880
2017-09-11,4.0957,4.1920,4.0903,4.1813,567443120
2017-09-12,4.2061,4.2061,4.1311,4.1964,411488120
2017-09-13,4.1712,4.2442,4.1388,4.2152,580958920
2017-09-14,4.1761,4.2694,4.1516,4.1912,513713480
2017-09-15,4.2768,4.4562,4.2716,4.4562,1364790560
2017-09-18,4.5807,4.7306,4.5737,4.6403,1684460640
2017-09-19,4.5898,4.6972,4.5677,4.6353,874279760
2017-09-20,4.6390,4.6865,4.5576,4.5980,724919640
2017-09-21,4.4941,4.5203,4.3943,4.4723,1075599760
2017-09-22,4.4609,4.5106,4.4188,4.4287,491230840
2017-09-25,4.3978,4.3990,4.2100,4.2308,874579040
2017-09-26,4.3656,4.4208,4.2147,4.2546,1125620440
2017-09-27,4.3451,4.3612,4.2741,4.3478,713718680
2017-09-28,4.3550,4.3590,4.2991,4.3466,435242600
2017-09-29,4.4307,4.4468,4.3854,4.4230,619091720
2017-10-02,4.4733,4.5025,4.3793,4.4287,503478400
2017-10-03,4.4349,4.4678,4.3936,4.4379,390330720
2017-10-04,4.4441,4.4973,4.4075,4.4750,427848800
2017-10-05,4.4995,4.5030,4.4426,4.4725,437364200
2017-10-06,4.4448,4.4990,4.4287,4.4856,318798280
2017-10-09,4.5225,4.6200,4.5037,4.5868,563490880
2017-10-10,4.7363,4.7739,4.6331,4.6744,974876080
2017-10-11,4.6910,4.7256,4.6450,4.7242,529509360
2017-10-12,4.7276,4.7773,4.6992,4.7264,528292600
2017-10-13,4.7887,4.8246,4.7417,4.8145,628729320
2017-10-16,4.8444,4.9000,4.7811,4.8971,576638320
2017-10-17,4.8763,4.9211,4.8580,4.8926,478594680
2017-10-18,4.9016,4.9023,4.7830,4.8884,567316280
2017-10-19,4.8107,4.8988,4.7615,4.8939,570770120
2017-10-20,4.9110,4.9382,4.8627,4.8716,451618480
2017-10-23,4.8934,4.9199,4.8444,4.8647,428695040
2017-10-24,4.8738,4.9174,4.8479,4.9157,407245280
2017-10-25,4.8761,4.9290,4.7298,4.7915,828161200
2017-10-26,4.8192,4.8533,4.7952,4.8417,322742520
2017-10-27,4.8939,4.9946,4.8679,4.9943,572193400
2017-10-30,4.9943,5.0990,4.9785,5.0433,504056680
2017-10-31,5.0752,5.1435,5.0695,5.1168,411908280
2017-11-01,5.1796,5.1950,5.0621,5.1265,502577840
2017-11-02,5.0968,5.1415,5.0386,5.0953,342309520
2017-11-03,5.1265,5.1633,5.0805,5.1633,353640960
2017-11-06,5.1265,5.1952,5.1141,5.1866,389944640
2017-11-07,5.2093,5.2675,5.1971,5.2460,427701680
2017-11-08,5.2415,5.2452,5.1274,5.1749,516443720
2017-11-09,5.0787,5.1049,4.9575,5.0799,937285080
2017-11-10,5.2719,5.4102,5.2361,5.3476,1253254960
2017-11-13,5.3476,5.3731,5.2455,5.2608,582376520
2017-11-14,5.2700,5.3145,5.2262,5.2991,529292760
2017-11-15,5.2440,5.2452,5.1413,5.1952,501949240
2017-11-16,5.2695,5.2996,5.2267,5.2356,441767320
2017-11-17,5.2927,5.3281,5.2143,5.2294,515662720
2017-11-20,5.2450,5.3088,5.2081,5.2967,396100440
2017-11-21,5.3365,5.3570,5.3046,5.3454,399174320
2017-11-22,5.3727,5.3727,5.2887,5.3214,356639920
2017-11-24,5.3378,5.3727,5.3132,5.3717,180752000
2017-11-27,5.3803,5.3816,5.2986,5.3019,422894560
2017-11-28,5.3071,5.3165,5.1558,5.2169,512752160
2017-11-29,5.1996,5.2024,4.7346,4.8631,1396789640
2017-11-30,4.9320,5.0181,4.8688,4.9693,823767960
2017-12-01,4.9347,4.9550,4.7653,4.8943,811549920
2017-12-04,4.9530,4.9592,4.5680,4.6215,1240844920
2017-12-05,4.5160,4.7710,4.4709,4.6482,981487760
2017-12-06,4.5977,4.7076,4.5764,4.6859,467030400
2017-12-07,4.7527,4.7933,4.7071,4.7534,542599520
2017-12-08,4.8035,4.8225,4.7326,4.7411,466874240
2017-12-11,4.7552,4.8225,4.7393,4.8196,372749640
2017-12-12,4.7760,4.7993,4.7015,4.7250,455017800
2017-12-13,4.7661,4.7673,4.6022,4.6096,554279680
2017-12-14,4.6032,4.6878,4.5705,4.6168,438162240
2017-12-15,4.6609,4.7631,4.5957,4.7428,670035120
2017-12-18,4.7834,4.9027,4.7537,4.8998,477702320
2017-12-19,4.8904,4.8956,4.8270,4.8555,373099720
2017-12-20,4.8948,4.9040,4.8168,4.8725,288818240
2017-12-21,4.8760,4.9010,4.8416,4.8500,300905040
2017-12-22,4.8131,4.8441,4.7351,4.8347,466274840
2017-12-26,4.7792,4.8961,4.7492,4.8884,355081320
2017-12-27,4.8750,4.9510,4.8604,4.8817,329488920
2017-12-28,4.9055,4.9364,4.8812,4.8874,240249920
2017-12-29,4.9136,4.9136,4.7908,4.7908,279964640
2018-01-02,4.8473,4.9394,4.8156,4.9357,355616680
2018-01-03,5.0533,5.2910,5.0446,5.2605,914703640
2018-01-04,5.3420,5.3987,5.2660,5.2882,583268800
2018-01-05,5.3031,5.3704,5.2261,5.3331,580124120
2018-01-08,5.4568,5.5707,5.4118,5.4965,881216880
2018-01-09,5.5019,5.5415,5.4133,5.4950,496999800
2018-01-10,5.4024,5.5415,5.3479,5.5381,582665040
2018-01-11,5.5707,5.6022,5.5264,5.5480,406030680
2018-01-12,5.5361,5.5705,5.4801,5.5207,359916080
2018-01-16,5.5472,5.6329,5.3650,5.4497,702347480
2018-01-17,5.4643,5.5737,5.3702,5.5638,538408880
2018-01-18,5.5445,5.6113,5.5133,5.5569,408633640
2018-01-19,5.6472,5.7215,5.6203,5.6973,609379440
2018-01-22,5.7052,5.7876,5.6475,5.7859,550942440
2018-01-23,5.8394,5.9379,5.8208,5.9151,475228200
2018-01-24,5.9183,5.9543,5.7824,5.8381,579972360
2018-01-25,5.8926,5.9359,5.8369,5.8517,409883640
2018-01-26,5.8956,6.0248,5.8827,6.0246,516354160
2018-01-29,6.0100,6.1429,5.9572,6.1117,455114120
2018-01-30,5.9696,6.1011,5.9028,6.0095,570833760
2018-01-31,6.0850,6.1716,6.0523,6.0857,478577760
2018-02-01,5.9055,6.1130,5.8941,5.9545,519222880
2018-02-02,5.8678,5.8919,5.7235,5.7817,718462200
2018-02-05,5.6203,5.7745,5.0756,5.2910,1165205600
2018-02-06,5.0607,5.5881,5.0508,5.5851,1114801240
2018-02-07,5.6841,5.8176,5.6128,5.6648,802932640
2018-02-08,5.7906,5.8238,5.3853,5.3855,1143999040
2018-02-09,5.8988,5.9146,5.3855,5.7460,1674603080
2018-02-12,5.8271,5.8302,5.5715,5.6458,1093173680
2018-02-13,5.6094,5.8059,5.5769,5.7596,625524760
2018-02-14,5.7193,6.0063,5.7081,5.9773,744989960
2018-02-15,6.0606,6.1493,5.9798,6.1031,698900600
2018-02-16,6.0758,6.1897,6.0280,6.0372,637657040
2018-02-20,6.0597,6.2360,6.0560,6.1669,686238480
2018-02-21,6.2315,6.2384,5.9758,5.9795,892293760
2018-02-22,6.0134,6.0853,5.9334,5.9991,534365320
2018-02-23,6.0590,6.0927,6.0082,6.0927,415300400
2018-02-26,6.1390,6.1435,6.0464,6.1088,469313760
2018-02-27,6.0821,6.1665,6.0729,6.0959,455435960
2018-02-28,6.1068,6.1465,5.9837,5.9953,523115120
2018-03-01,5.9931,6.0471,5.6516,5.7528,1040118880
2018-03-02,5.6450,5.8665,5.4961,5.8601,913427400
2018-03-05,5.8098,5.8777,5.6862,5.8380,620776520
2018-03-06,5.9235,6.0186,5.8804,5.9993,636809720
2018-03-07,5.8963,6.0437,5.8950,5.9914,581209040
2018-03-08,6.0189,6.0189,5.9307,5.9750,411910440
2018-03-09,6.0226,6.0907,6.0065,6.0778,505525920
2018-03-12,6.1192,6.2679,6.1111,6.1876,605061640
2018-03-13,6.2305,6.3050,6.0954,6.1368,619772360
2018-03-14,6.1799,6.2072,6.0999,6.1623,505494440
2018-03-15,6.1760,6.2584,6.1351,6.1772,401953480
2018-03-16,6.1935,6.2245,6.1559,6.2054,399457280
2018-03-19,6.1485,6.1774,5.8715,5.9706,713773520
2018-03-20,5.9735,6.2220,5.9735,6.1831,554696360
2018-03-21,6.1767,6.2431,6.1274,6.1579,438688640
2018-03-22,6.0944,6.1410,5.9542,5.9916,551196760
2018-03-23,6.0053,6.0119,5.7605,5.7716,735618440
2018-03-26,5.8963,6.0580,5.8442,6.0568,611425600
2018-03-27,6.1378,6.1935,5.4465,5.5871,1409000480
2018-03-28,5.5526,5.6829,5.3760,5.4838,945905920
2018-03-29,5.5520,5.8343,5.4677,5.7374,916627680
2018-04-02,5.6668,5.8133,5.3884,5.4763,922092600
2018-04-03,5.6436,5.7067,5.4838,5.5829,667430360
2018-04-04,5.3267,5.6153,5.3017,5.6049,789166440
2018-04-05,5.6634,5.6765,5.4129,5.4845,701238920
2018-04-06,5.3817,5.4900,5.2787,5.3079,662988800
2018-04-09,5.3710,5.4991,5.3165,5.3366,499524800
2018-04-10,5.5673,5.6733,5.5100,5.6463,764752280
2018-04-11,5.6314,5.6727,5.5722,5.6049,460242280
2018-04-12,5.6981,5.8299,5.6538,5.8120,593918000
2018-04-13,5.8757,5.8841,5.6869,5.7352,503035680
2018-04-16,5.7420,5.7684,5.6406,5.7350,350791040
2018-04-17,5.7872,5.9062,5.7315,5.8849,447225520
2018-04-18,5.8343,5.9272,5.7667,5.8559,391362320
2018-04-19,5.7413,5.7749,5.6188,5.6743,471997320
2018-04-20,5.6656,5.7501,5.6349,5.6661,386198640
2018-04-23,5.6839,5.7352,5.5204,5.5464,427508920
2018-04-24,5.5722,5.6683,5.4146,5.4800,414595760
2018-04-25,5.4503,5.4893,5.2100,5.3676,588493720
2018-04-26,5.5296,5.5878,5.4634,5.5796,375822960
2018-04-27,5.6857,5.7055,5.5648,5.6071,400849800
2018-04-30,5.6235,5.6733,5.5524,5.5717,327842680
2018-05-01,5.5635,5.6299,5.5048,5.6272,253789080
2018-05-02,5.6237,5.6683,5.5804,5.6066,268247400
2018-05-03,5.6386,5.7984,5.5933,5.7721,443145600
2018-05-04,5.7434,5.9257,5.7261,5.9225,400661520
2018-05-07,6.0274,6.2181,6.0174,6.1608,687615120
2018-05-08,6.1611,6.2062,6.1120,6.2035,506614960
2018-05-09,6.2235,6.3390,6.1963,6.3367,596759200
2018-05-10,6.3898,6.4537,6.3719,6.4445,994081160
2018-05-11,6.2624,6.4361,6.2069,6.3058,1214456240
2018-05-14,6.3439,6.4039,6.3025,6.3263,523139080
2018-05-15,6.2627,6.2654,5.9830,6.0835,963528400
2018-05-16,6.0449,6.1569,6.0080,6.0947,553828240
2018-05-17,6.0965,6.2307,6.0803,6.1368,519784200
2018-05-18,6.1888,6.2523,6.0880,6.0930,483717680
2018-05-21,6.1906,6.1943,5.9579,6.0508,640624800
2018-05-22,6.0642,6.0895,5.9520,6.0127,518265480
2018-05-23,5.9563,6.1376,5.9556,6.1363,442957040
2018-05-24,6.1326,6.1824,6.0793,6.1400,437371800
2018-05-25,6.1527,6.1958,6.1170,6.1794,292111280
2018-05-29,6.1613,6.2305,6.1155,6.1623,352683320
2018-05-30,6.1961,6.2801,6.1713,6.2714,390994560
2018-05-31,6.2394,6.3262,6.2288,6.2516,493868360
2018-06-01,6.2965,6.3924,6.2878,6.3862,421969920
2018-06-04,6.4204,6.5875,6.3882,6.5654,642025640
2018-06-05,6.5686,6.6085,6.5238,6.5709,391712040
2018-06-06,6.4806,6.5761,6.4643,6.5729,371354240
2018-06-07,6.5691,6.5810,6.4266,6.5171,369448640
2018-06-08,6.4442,6.5443,6.4254,6.5017,360457720
2018-06-11,6.4891,6.5307,6.4477,6.4606,265370120
2018-06-12,6.4871,6.5213,6.4368,6.5091,319159400
2018-06-13,6.5106,6.5857,6.4955,6.5047,338206360
2018-06-14,6.5498,6.6732,6.5349,6.6165,430016440
2018-06-15,6.5592,6.6306,6.5282,6.5756,432259520
2018-06-18,6.5315,6.5890,6.5042,6.5714,356266960
2018-06-19,6.4680,6.5354,6.3217,6.4494,594932960
2018-06-20,6.4906,6.5555,6.4521,6.5024,369779760
2018-06-21,6.5344,6.5528,6.3659,6.3735,359516240
2018-06-22,6.3944,6.4078,6.2055,6.2208,434158160
2018-06-25,6.1143,6.1180,5.8388,5.9276,665817240
2018-06-26,6.0411,6.0895,5.9472,5.9987,478885480
2018-06-27,6.0424,6.1088,5.8379,5.8433,453892120
2018-06-28,5.8334,5.9826,5.8257,5.9707,338011880
2018-06-29,6.0359,6.0486,5.8713,5.8726,392299080
2018-07-02,5.8029,6.0086,5.7824,6.0049,353589600
2018-07-03,6.0396,6.0456,5.8626,5.8711,222733000
2018-07-05,5.9263,6.0220,5.8874,6.0171,306217920
2018-07-06,5.9925,6.1394,5.9712,6.1311,296352880
2018-07-09,6.2055,6.2151,6.0999,6.1787,303880880
2018-07-10,6.1911,6.2999,6.1507,6.2779,360015600
2018-07-11,6.1849,6.2196,6.1254,6.1361,367506400
2018-07-12,6.1814,6.2759,6.1715,6.2278,345506920
2018-07-13,6.2464,6.2464,6.1383,6.1804,247163120
2018-07-16,6.1527,6.2057,6.1403,6.1527,197037040
2018-07-17,6.1033,6.3039,6.0778,6.2888,362135800
2018-07-18,6.2813,6.2952,6.1884,6.2394,277641640
2018-07-19,6.2206,6.2813,6.2055,6.2476,235751320
2018-07-20,6.2451,6.2841,6.2084,6.2194,222486440
2018-07-23,6.1928,6.1946,6.0307,6.1827,301584840
2018-07-24,6.2308,6.3175,6.1477,6.1653,354621800
2018-07-25,6.1747,6.2563,6.1167,6.2436,320182040
2018-07-26,6.2236,6.3542,6.2067,6.3173,325125120
2018-07-27,6.3540,6.3609,6.1933,6.2474,295421400
2018-07-30,6.2615,6.2674,6.0168,6.0518,340341560
2018-07-31,6.0414,6.1447,6.0025,6.0699,283987840
2018-08-01,6.1014,6.1566,6.0457,6.1098,283555560
2018-08-02,6.0384,6.2166,5.9794,6.2127,269667560
2018-08-03,6.2372,6.2731,6.2203,6.2494,214288080
2018-08-06,6.2367,6.3007,6.1900,6.2972,207506600
2018-08-07,6.3460,6.3882,6.3193,6.3696,258130400
2018-08-08,6.3708,6.4511,6.3359,6.4060,262098480
2018-08-09,6.4239,6.4266,6.3497,6.3574,204278480
2018-08-10,6.2754,6.3485,6.2642,6.3160,256626720
2018-08-13,6.3247,6.4700,6.3230,6.3490,375206320
2018-08-14,6.4546,6.4948,6.3713,6.4806,466219440
2018-08-15,6.5015,6.5354,6.3436,6.4224,591135760
2018-08-16,6.4923,6.4948,6.3215,6.3817,801259040
2018-08-17,6.2702,6.2709,6.0419,6.0689,1143187760
2018-08-20,6.0282,6.2766,5.9177,6.1437,854386200
2018-08-21,6.1601,6.2841,6.1403,6.2796,673988400
2018-08-22,6.2469,6.5200,6.2434,6.5151,749856880
2018-08-23,6.4764,6.6802,6.4626,6.6147,720684560
2018-08-24,6.6232,6.7627,6.6187,6.7481,531510480
2018-08-27,6.7779,6.9137,6.7463,6.8393,505777480
2018-08-28,6.8334,6.8562,6.6814,6.8017,475383800
2018-08-29,6.7939,6.9323,6.7731,6.9073,420109640
2018-08-30,6.8760,6.9873,6.8534,6.8904,346609200
2018-08-31,6.8703,6.9745,6.8604,6.9616,306590000
2018-09-04,6.9484,7.0742,6.9199,7.0365,391721080
2018-09-05,7.0189,7.0543,6.8244,6.9055,393156760
2018-09-06,6.8892,6.8916,6.7312,6.7641,322795560
2018-09-07,6.6719,6.8686,6.6270,6.7428,295418720
2018-09-10,6.7654,6.8438,6.7215,6.8140,220138280
2018-09-11,6.7676,6.8554,6.7468,6.7661,243112720
2018-09-12,6.7262,6.7458,6.4963,6.6520,419090360
2018-09-13,6.7180,6.8207,6.7007,6.7299,305535480
2018-09-14,6.8204,6.9224,6.7835,6.8562,386935200
2018-09-17,6.8307,6.8797,6.7748,6.7942,205527560
2018-09-18,6.7981,6.9011,6.7153,6.7220,299520920
2018-09-19,6.7034,6.7636,6.6533,6.7458,224858600
2018-09-20,6.6235,6.6659,6.5503,6.6044,430582760
2018-09-21,6.6163,6.6620,6.5010,6.5342,435126280
2018-09-24,6.5032,6.5935,6.4159,6.5900,293913040
2018-09-25,6.6563,6.6823,6.5704,6.6572,280389840
2018-09-26,6.6622,6.7026,6.6044,6.6203,268547520
2018-09-27,6.6555,6.6768,6.6007,6.6322,214428680
2018-09-28,6.7644,6.9922,6.7364,6.9700,709396560
2018-10-01,7.0479,7.2438,7.0092,7.1769,622058120
2018-10-02,7.1493,7.2612,7.0831,7.1054,383964720
2018-10-03,7.1759,7.1833,7.0075,7.1116,320550760
2018-10-04,7.0754,7.0997,6.8500,6.9271,391219560
2018-10-05,6.9023,6.9645,6.6357,6.6932,426634440
2018-10-08,6.6099,6.7255,6.4506,6.5918,408610600
2018-10-09,6.5712,6.6659,6.5181,6.5861,273499720
2018-10-10,6.4799,6.5258,6.0915,6.0937,684938160
2018-10-11,6.0064,6.1401,5.8103,5.8318,725437160
2018-10-12,6.0892,6.1893,5.9439,6.1148,608236680
2018-10-15,6.1014,6.1014,5.8370,5.8380,449761280
2018-10-16,5.9509,6.1084,5.9015,6.0972,408711800
2018-10-17,6.1595,6.1977,5.9794,6.0285,329668040
2018-10-18,6.0979,6.1364,5.8804,5.9409,524021920
2018-10-19,5.9963,6.0159,5.6475,5.6840,613609960
2018-10-22,5.7363,5.8365,5.6319,5.7348,368843640
2018-10-23,5.4672,5.5605,5.3750,5.4828,626437800
2018-10-24,5.4444,5.4910,4.9320,4.9459,884287960
2018-10-25,4.8482,5.2023,4.8038,5.1550,951721600
2018-10-26,4.9186,5.0806,4.7899,4.9181,664785120
2018-10-29,5.0595,5.0629,4.3655,4.6038,758017640
2018-10-30,4.6269,5.0448,4.6038,5.0349,807190720
2018-10-31,5.1998,5.2728,5.0600,5.2291,745772160
2018-11-01,5.2656,5.4191,5.1388,5.4097,566528320
2018-11-02,5.4003,5.5062,5.2138,5.3306,452960080
2018-11-05,5.3174,5.3407,5.0915,5.2524,379330400
2018-11-06,5.2445,5.3288,5.1977,5.2348,299010360
2018-11-07,5.3015,5.3923,5.2378,5.3025,483812040
2018-11-08,5.2433,5.2440,5.0555,5.1091,511352920
2018-11-09,5.0200,5.1917,4.9863,5.1011,413241960
2018-11-12,5.0096,5.0317,4.6792,4.7011,617117880
2018-11-13,4.7990,5.0649,4.7928,4.9434,644711000
2018-11-14,5.1168,5.1311,4.7827,4.8908,526578840
2018-11-15,4.8849,5.0920,4.8489,5.0198,840708640
2018-11-16,4.0507,4.2328,4.0083,4.0783,1963519080
2018-11-19,4.0128,4.0135,3.5872,3.5889,1697820200
2018-11-20,3.3250,3.8260,3.3064,3.6976,1692033120
2018-11-21,3.8350,3.8518,3.5619,3.5892,1025494000
2018-11-23,3.5545,3.7102,3.5415,3.5964,411968440
2018-11-26,3.7177,3.8064,3.6351,3.7960,814832240
2018-11-27,3.7700,3.8942,3.7340,3.8129,738060240
2018-11-28,3.9307,3.9753,3.7979,3.9701,804525480
2018-11-29,3.9684,4.0056,3.8727,3.9029,549173600
2018-11-30,3.9126,4.0641,3.8622,4.0535,729564560
2018-12-03,4.2809,4.3325,4.1505,4.2174,890804360
2018-12-04,4.1728,4.1777,3.8816,3.8967,812111480
2018-12-06,3.7561,3.9310,3.7405,3.9260,692309640
2018-12-07,3.9302,3.9404,3.6116,3.6611,681677960
2018-12-10,3.6162,3.7913,3.6125,3.7665,629473400
2018-12-11,3.8583,3.8665,3.5964,3.6755,671913280
2018-12-12,3.6812,3.7893,3.5919,3.6931,654135920
2018-12-13,3.7400,3.8042,3.6569,3.6928,471384960
2018-12-14,3.6512,3.7350,3.6088,3.6323,471821240
2018-12-17,3.6023,3.6745,3.5031,3.5611,662867320
2018-12-18,3.6050,3.7286,3.5778,3.6445,564370040
2018-12-19,3.6108,3.6644,3.3838,3.4354,745365880
2018-12-20,3.4270,3.5170,3.2910,3.3508,749587880
2018-12-21,3.3774,3.4103,3.1861,3.2137,863741000
2018-12-24,3.1373,3.2238,3.0879,3.1519,463839120
2018-12-26,3.1980,3.3022,3.0869,3.3012,695099360
2018-12-27,3.2489,3.2834,3.1048,3.2533,637043200
2018-12-28,3.2739,3.4076,3.2320,3.3149,628492760
2018-12-31,3.3583,3.3908,3.2804,3.3111,465140120
2019-01-02,3.2402,3.4347,3.2256,3.3786,508753600
2019-01-03,3.3183,3.3523,3.1671,3.1745,705551440
2019-01-04,3.2476,3.4161,3.2169,3.3779,585619320
2019-01-07,3.4352,3.5936,3.3838,3.5567,709159200
2019-01-08,3.6383,3.6405,3.3955,3.4681,786017160
2019-01-09,3.5195,3.5837,3.4689,3.5363,617259000
2019-01-10,3.5170,3.6108,3.4565,3.6021,523156240
2019-01-11,3.5797,3.7142,3.5520,3.6914,874762640
2019-01-14,3.6390,3.7566,3.6155,3.7313,730169960
2019-01-15,3.7640,3.8035,3.6988,3.7172,617010040
2019-01-16,3.7444,3.7774,3.6860,3.6916,470103680
2019-01-17,3.6586,3.8030,3.6313,3.7630,493436200
2019-01-18,3.8129,3.9183,3.7613,3.8923,651336920
2019-01-22,3.8620,3.8737,3.6596,3.6899,661551040
2019-01-23,3.7452,3.8340,3.6715,3.7028,591021800
2019-01-24,3.7873,3.9324,3.7826,3.9148,708970440
2019-01-25,3.8553,3.9902,3.7526,3.9721,1155221880
2019-01-28,3.3868,3.5130,3.2491,3.4230,2147483647
2019-01-29,3.3769,3.4252,3.2494,3.2640,1153933880
2019-01-30,3.3402,3.4220,3.2605,3.4076,974229560
2019-01-31,3.4044,3.6011,3.3826,3.5654,842853520
2019-02-01,3.5840,3.6408,3.5363,3.5897,625047000
2019-02-04,3.6055,3.7372,3.5835,3.7000,528600720
2019-02-05,3.7119,3.7558,3.6782,3.7191,542425000
2019-02-06,3.7524,3.8593,3.7469,3.7948,702465880
2019-02-07,3.7484,3.7506,3.6135,3.6564,637120000
2019-02-08,3.5892,3.6857,3.5748,3.6750,461605480
2019-02-11,3.6308,3.6852,3.5840,3.6323,495180600
2019-02-12,3.6708,3.7650,3.6564,3.7494,591060520
2019-02-13,3.7789,3.8650,3.7653,3.7918,605372080
2019-02-14,3.7908,3.8609,3.7477,3.8327,827262960
2019-02-15,4.0416,4.0644,3.8796,3.9024,1516749360
2019-02-19,3.8918,3.9657,3.8727,3.8851,551892640
2019-02-20,3.9143,3.9997,3.9032,3.9324,540989480
2019-02-21,3.9451,3.9696,3.8489,3.8635,448546720
2019-02-22,3.9153,3.9672,3.9017,3.9483,401741240
2019-02-25,4.0319,4.0994,3.9272,3.9359,656019240
2019-02-26,3.9312,3.9873,3.8630,3.8965,488462840
2019-02-27,3.8821,3.9086,3.7975,3.8546,500255240
2019-02-28,3.8484,3.8707,3.8077,3.8300,324942600
2019-03-01,3.8799,3.9266,3.8216,3.8844,357187120
2019-03-04,3.9229,3.9457,3.8360,3.8926,409990000
2019-03-05,3.8769,3.9243,3.8226,3.8861,362924760
2019-03-06,3.8772,3.8856,3.7724,3.7751,403525960
2019-03-07,3.7515,3.7612,3.6597,3.7059,450105320
2019-03-08,3.6165,3.7508,3.5951,3.7401,422414840
2019-03-11,3.7637,4.0237,3.7165,4.0008,859726000
2019-03-12,4.0286,4.0815,3.9524,4.0351,579574720
2019-03-13,4.0726,4.2158,4.0651,4.1865,768900720
2019-03-14,4.1957,4.2076,4.1029,4.1106,519385200
2019-03-15,4.1538,4.2588,4.1503,4.2161,661459280
2019-03-18,4.2476,4.3015,4.1676,4.1947,486993160
2019-03-19,4.2893,4.4070,4.2724,4.3626,854972400
2019-03-20,4.3916,4.4450,4.2953,4.3300,719148600
2019-03-21,4.3531,4.5932,4.3482,4.5669,824310680
2019-03-22,4.5396,4.5883,4.3931,4.4070,747643480
2019-03-25,4.3663,4.4306,4.2484,4.3147,525212040
2019-03-26,4.4564,4.5125,4.3349,4.3914,703507120
2019-03-27,4.4169,4.4634,4.3127,4.3822,474371760
2019-03-28,4.4083,4.4666,4.3477,4.4008,480264080
2019-03-29,4.4676,4.4825,4.4172,4.4582,456895160
2019-04-01,4.5500,4.5560,4.4784,4.5257,483824480
2019-04-02,4.5498,4.5880,4.5068,4.5436,440919840
2019-04-03,4.5932,4.7422,4.5883,4.6831,788778720
2019-04-04,4.6677,4.7166,4.6114,4.6742,457376760
2019-04-05,4.7174,4.7583,4.6809,4.7410,481745960
2019-04-08,4.7104,4.7869,4.6863,4.7618,424193920
2019-04-09,4.7283,4.7395,4.6568,4.6990,439972800
2019-04-10,4.6983,4.7953,4.6938,4.7695,444772280
2019-04-11,4.7720,4.8035,4.7062,4.7556,374601480
2019-04-12,4.7943,4.7983,4.7089,4.7176,471706560
2019-04-15,4.7099,4.7149,4.5461,4.5858,440093800
2019-04-16,4.6250,4.6918,4.5923,4.6729,394963640
2019-04-17,4.7079,4.7288,4.6277,4.6501,351002720
2019-04-18,4.6568,4.6908,4.5977,4.6255,380988160
2019-04-22,4.6019,4.6950,4.5704,4.6794,279935520
2019-04-23,4.6925,4.7653,4.6829,4.7340,346855240
2019-04-24,4.7444,4.7871,4.6836,4.7464,318204800
2019-04-25,4.7062,4.7285,4.5610,4.6406,499297480
2019-04-26,4.4867,4.4911,4.3027,4.4217,868989160
2019-04-29,4.4296,4.4803,4.3574,4.4525,391919320
2019-04-30,4.4202,4.5195,4.4011,4.4939,362921600
2019-05-01,4.5463,4.5885,4.4805,4.4808,354281240
2019-05-02,4.4904,4.5900,4.4471,4.5483,394685400
2019-05-03,4.5567,4.5667,4.4822,4.5438,336823480
2019-05-06,4.3574,4.4775,4.3201,4.4654,422177800
2019-05-07,4.4169,4.4169,4.2499,4.2980,555218320
2019-05-08,4.2705,4.3983,4.2585,4.3181,419166160
2019-05-09,4.2491,4.2588,4.1066,4.2255,660246560
2019-05-10,4.1947,4.2603,4.0718,4.1915,569498040
2019-05-13,4.0594,4.0825,3.9181,3.9340,656912760
2019-05-14,3.9738,4.0584,3.9350,4.0232,524878880
2019-05-15,3.9676,3.9986,3.9082,3.9621,502320040
2019-05-16,3.9566,4.0198,3.9142,3.9772,781088160
2019-05-17,3.9353,4.0646,3.8469,3.8864,1022067920
2019-05-20,3.7876,3.8427,3.7429,3.7677,572065360
2019-05-21,3.8285,3.8658,3.7898,3.8499,361849880
2019-05-22,3.8111,3.8372,3.7679,3.7789,325869600
2019-05-23,3.7165,3.7165,3.5979,3.6577,591844360
2019-05-24,3.6766,3.7118,3.5971,3.6038,357585280
2019-05-28,3.6214,3.6542,3.5566,3.5586,428354080
2019-05-29,3.5110,3.5460,3.4496,3.4844,559801480
2019-05-30,3.4877,3.5235,3.4196,3.4578,394299600
2019-05-31,3.4089,3.4414,3.3654,3.3671,389719680
2019-06-03,3.3783,3.4171,3.2960,3.3253,478643200
2019-06-04,3.3895,3.5597,3.3673,3.5545,641835400
2019-06-05,3.6283,3.6338,3.4755,3.5118,511615400
2019-06-06,3.5160,3.5985,3.5135,3.5739,408138480
2019-06-07,3.5799,3.6510,3.5607,3.6167,348857520
2019-06-10,3.6728,3.7581,3.6728,3.6895,402780880
2019-06-11,3.7494,3.7872,3.7076,3.7472,383870040
2019-06-12,3.7037,3.7099,3.6189,3.6341,358891920
2019-06-13,3.6562,3.7037,3.6385,3.6853,308081080
2019-06-14,3.5921,3.6164,3.5504,3.5953,394426240
2019-06-17,3.5935,3.6420,3.5707,3.6050,276041480
2019-06-18,3.6664,3.8555,3.6554,3.8001,581918000
2019-06-19,3.8354,3.8468,3.7801,3.8061,331643960
2019-06-20,3.8968,3.9107,3.8160,3.8304,350167280
2019-06-21,3.8155,3.8647,3.7658,3.7723,434426880
2019-06-24,3.7936,3.8242,3.7464,3.7946,282948720
2019-06-25,3.7996,3.8747,3.7626,3.7653,311866440
2019-06-26,3.8928,4.0198,3.8799,3.9587,584073000
2019-06-27,4.0445,4.0765,4.0084,4.0574,445441520
2019-06-28,4.1014,4.1106,4.0355,4.0822,397666360
2019-07-01,4.2895,4.3238,4.0929,4.1305,711533080
2019-07-02,4.1138,4.1349,4.0193,4.0325,400227520
2019-07-03,4.0559,4.0616,3.9856,4.0454,246634240
2019-07-05,3.9870,3.9915,3.9194,3.9828,396553880
2019-07-08,3.9232,3.9420,3.8777,3.9077,329786760
2019-07-09,3.8655,3.9383,3.8528,3.9102,342860480
2019-07-10,3.9537,4.0360,3.9398,3.9786,452075960
2019-07-11,4.0517,4.1740,4.0144,4.1332,682558560
2019-07-12,4.1610,4.2373,4.1610,4.1662,506392640
2019-07-15,4.1874,4.2034,4.1295,4.1578,289839720
2019-07-16,4.1429,4.1802,4.0975,4.1531,341443920
2019-07-17,4.1548,4.2254,4.1256,4.2184,348204280
2019-07-18,4.2288,4.2930,4.1722,4.2301,443178960
2019-07-19,4.2684,4.2749,4.1809,4.1869,344895800
2019-07-22,4.2083,4.2714,4.2008,4.2585,315939920
2019-07-23,4.2977,4.3683,4.2821,4.3663,428176560
2019-07-24,4.4096,4.4466,4.3335,4.4409,366237480
2019-07-25,4.3994,4.4121,4.2863,4.3097,392698120
2019-07-26,4.3368,4.3984,4.3368,4.3517,274159880
2019-07-29,4.3445,4.3616,4.2572,4.3455,248161960
2019-07-30,4.2990,4.3733,4.2846,4.3611,197770440
2019-07-31,4.3296,4.3304,4.1516,4.1938,359415640
2019-08-01,4.2043,4.2948,4.0472,4.0994,421212560
2019-08-02,4.0067,4.0760,3.9592,4.0067,428349280
2019-08-05,3.8230,3.8242,3.7012,3.7482,589157440
2019-08-06,3.8230,3.8685,3.7392,3.7869,361270680
2019-08-07,3.7260,3.8371,3.7086,3.8252,372561800
2019-08-08,3.8829,3.9351,3.8255,3.9338,309298880
2019-08-09,3.8928,3.8963,3.7820,3.8324,341816720
2019-08-12,3.7802,3.8324,3.7427,3.7646,279200480
2019-08-13,3.7631,3.9249,3.7240,3.8789,360512440
2019-08-14,3.7908,3.8018,3.6865,3.7303,419881320
2019-08-15,3.7492,3.7690,3.6637,3.6979,554462040
2019-08-16,3.9609,4.0154,3.8995,3.9662,1015385120
2019-08-19,4.0795,4.2610,4.0633,4.2450,816322440
2019-08-20,4.2396,4.2401,4.1516,4.1727,463521600
2019-08-21,4.2388,4.3114,4.2172,4.2562,427910920
2019-08-22,4.2659,4.3084,4.2233,4.2624,303756720
2019-08-23,4.1859,4.2403,4.0179,4.0377,569497320
2019-08-26,4.1165,4.1406,4.0743,4.1126,318594160
2019-08-27,4.1508,4.1536,3.9925,4.0218,291549560
2019-08-28,3.9955,4.0641,3.9562,4.0114,255828120
2019-08-29,4.1030,4.1876,4.0995,4.1552,358373040
2019-08-30,4.2015,4.2512,4.1497,4.1679,290908480
2019-09-03,4.0950,4.1281,4.0620,4.0848,296510800
2019-09-04,4.1455,4.2065,4.1455,4.1990,228120360
2019-09-05,4.3011,4.4784,4.2995,4.4722,696485000
2019-09-06,4.4488,4.5058,4.4070,4.4451,374706080
2019-09-09,4.4762,4.5777,4.4747,4.4911,417525320
2019-09-10,4.4583,4.5844,4.4486,4.5578,352812200
2019-09-11,4.5725,4.6347,4.5434,4.5864,361511280
2019-09-12,4.6329,4.6877,4.5769,4.5849,327841000
2019-09-13,4.5182,4.5553,4.4831,4.5269,324591480
2019-09-16,4.4518,4.5185,4.4413,4.4839,231831840
2019-09-17,4.4906,4.5094,4.4441,4.5053,228473120
2019-09-18,4.4983,4.5140,4.3916,4.4782,264037680
2019-09-19,4.4841,4.5026,4.3918,4.4025,256342760
2019-09-20,4.4015,4.4252,4.2866,4.2968,357251800
2019-09-23,4.2970,4.3958,4.2933,4.3503,255825880
2019-09-24,4.3816,4.4112,4.2572,4.2928,321241800
2019-09-25,4.2923,4.4543,4.2475,4.4346,313106880
2019-09-26,4.4249,4.4336,4.3615,4.4125,237825920
2019-09-27,4.3707,4.4214,4.2129,4.2736,365958960
2019-09-30,4.2995,4.3413,4.2682,4.3311,193199080
2019-10-01,4.3543,4.5035,4.3246,4.3294,367566000
2019-10-02,4.3075,4.3194,4.2331,4.3055,295661760
2019-10-03,4.3100,4.5175,4.2796,4.5113,462730600
2019-10-04,4.5135,4.5570,4.4483,4.5277,267960200
2019-10-07,4.5926,4.6862,4.5839,4.5864,488313560
2019-10-08,4.4946,4.4946,4.3916,4.4097,449342640
2019-10-09,4.4866,4.5458,4.4578,4.4963,307883280
2019-10-10,4.4941,4.6051,4.4889,4.5541,327515560
2019-10-11,4.6382,4.7111,4.6192,4.6277,450866720
2019-10-14,4.6190,4.6620,4.5878,4.6411,210335760
2019-10-15,4.7315,4.9586,4.7175,4.8860,667985320
2019-10-16,4.8519,4.9569,4.8208,4.8322,432753120
2019-10-17,4.8768,4.9219,4.7797,4.8342,264316960
2019-10-18,4.8347,4.8673,4.6653,4.7397,301921560
2019-10-21,4.8011,4.8905,4.7822,4.8770,261868440
2019-10-22,4.9340,5.0392,4.8594,4.8671,337369120
2019-10-23,4.7850,4.8683,4.7531,4.8541,285770000
2019-10-24,4.8954,4.9318,4.8613,4.8982,239037320
2019-10-25,4.9788,5.1102,4.9711,5.0893,423091520
2019-10-28,5.1330,5.1977,5.1036,5.1452,330791640
2019-10-29,5.1313,5.1378,5.0295,5.0489,211236800
2019-10-30,5.0758,5.0815,4.9828,5.0509,205961520
2019-10-31,5.0300,5.0509,4.9218,5.0017,209732600
2019-11-01,4.9663,5.0731,4.9413,5.0407,283638240
2019-11-04,5.1219,5.2500,5.0987,5.2376,376716200
2019-11-05,5.2373,5.2634,5.1674,5.2154,300868480
2019-11-06,5.1913,5.2169,5.0786,5.1661,269013400
2019-11-07,5.2526,5.2674,5.1390,5.1838,280339920
2019-11-08,5.1669,5.2015,5.1293,5.1699,189407480
2019-11-11,5.1691,5.2030,5.0828,5.1798,243789440
2019-11-12,5.2181,5.2714,5.1831,5.2154,283838840
2019-11-13,5.1841,5.2117,5.1231,5.1895,302364960
2019-11-14,5.1985,5.2221,5.1384,5.2199,527006840
2019-11-15,5.2176,5.2694,4.9922,5.0805,1054216360
2019-11-18,5.0731,5.3085,5.0701,5.2818,575318520
2019-11-19,5.2508,5.2744,5.1169,5.1751,415380240
2019-11-20,5.1522,5.3383,5.1396,5.2545,473017520
2019-11-21,5.2500,5.3057,5.2079,5.2296,288389200
2019-11-22,5.2522,5.2988,5.2236,5.2473,224098800
2019-11-25,5.3754,5.5090,5.3625,5.5040,507347440
2019-11-26,5.4864,5.4911,5.3928,5.3993,385680920
2019-11-27,5.4448,5.4792,5.4077,5.4341,216428720
2019-11-29,5.4032,5.4316,5.3729,5.3968,141556960
2019-12-02,5.3898,5.4032,5.1951,5.2103,373869680
2019-12-03,5.0265,5.1747,4.9892,5.1707,474146120
2019-12-04,5.2543,5.2767,5.1859,5.2145,273618360
2019-12-05,5.2364,5.2521,5.1669,5.1976,185137760
2019-12-06,5.2668,5.3158,5.2568,5.2830,232418280
2019-12-09,5.2601,5.3378,5.2514,5.2830,215132800
2019-12-10,5.3131,5.3798,5.2603,5.3280,256689120
2019-12-11,5.3385,5.4172,5.3360,5.4117,234009880
2019-12-12,5.3828,5.5975,5.3739,5.5793,406083360
2019-12-13,5.5823,5.7015,5.5233,5.5773,454967320
2019-12-16,5.6248,5.6787,5.5967,5.6062,321307360
2019-12-17,5.6248,5.7070,5.6154,5.6844,323263920
2019-12-18,5.7192,5.7752,5.7108,5.7147,344278760
2019-12-19,5.7493,5.8763,5.7444,5.8629,453106960
2019-12-20,5.9294,5.9856,5.9101,5.9602,603384280
2019-12-23,5.9889,6.0210,5.9358,5.9466,355392600
2019-12-24,5.9311,5.9588,5.8968,5.9416,138863880
2019-12-26,5.9451,5.9839,5.9261,5.9558,183218040
2019-12-27,5.9710,5.9844,5.8716,5.8980,254810040
2019-12-30,5.8761,5.8813,5.7533,5.7847,258247120
2019-12-31,5.7493,5.8682,5.7302,5.8589,231211320
2020-01-02,5.9448,5.9737,5.8943,5.9737,237678760
2020-01-03,5.8539,5.9219,5.8290,5.8781,205772320
2020-01-06,5.7847,5.9080,5.7586,5.9027,255325160
2020-01-07,5.9311,6.0200,5.8860,5.9742,319205760
2020-01-08,5.9700,6.0267,5.9298,5.9854,277240680
2020-01-09,6.0718,6.1236,5.9972,6.0511,250317000
2020-01-10,6.1584,6.1888,6.0693,6.0835,316462400
2020-01-13,6.1667,6.2993,6.1440,6.2742,309566720
2020-01-14,6.2314,6.2568,6.1440,6.1572,359579320
2020-01-15,6.1699,6.1923,6.0887,6.1146,263105440
2020-01-16,6.1682,6.2043,6.1446,6.1983,284191640
2020-01-17,6.2175,6.2249,6.1594,6.2070,253790560
2020-01-21,6.1703,6.2073,6.1395,6.1736,212850400
2020-01-22,6.2190,6.3143,6.2000,6.2262,239238680
2020-01-23,6.2678,6.3046,6.1789,6.2961,244514440
2020-01-24,6.4117,6.4615,6.1826,6.2369,373513560
2020-01-27,5.9321,6.0320,5.7825,5.9809,470534160
2020-01-28,6.0469,6.2068,5.9937,6.1744,310976040
2020-01-29,6.1599,6.1960,6.0740,6.1139,259451160
2020-01-30,6.0160,6.1340,5.9610,6.1206,290503600
2020-01-31,6.0748,6.0867,5.8452,5.8870,370419720
2020-02-03,5.8689,6.0036,5.8626,5.9841,255928200
2020-02-04,6.1261,6.1726,6.0760,6.1535,271543560
2020-02-05,6.2745,6.2847,6.1604,6.2439,208220080
2020-02-06,6.2782,6.3308,6.1970,6.3306,218282040
2020-02-07,6.2907,6.3128,6.2392,6.2645,189752120
2020-02-10,6.2872,6.5486,6.2822,6.5479,529607760
2020-02-11,6.6562,6.7852,6.5942,6.6704,638556880
2020-02-12,6.7232,6.7926,6.6843,6.7862,374644720
2020-02-13,6.7282,6.8096,6.7008,6.7423,528015360
2020-02-14,7.1527,7.3447,7.1213,7.2157,1041923720
2020-02-18,7.1124,7.4029,7.0929,7.3845,621881000
2020-02-19,7.5070,7.8536,7.5069,7.8359,694331240
2020-02-20,7.7878,7.8763,7.3790,7.6865,810050360
2020-02-21,7.5742,7.5994,7.2374,7.3223,769293240
2020-02-24,6.7277,7.0185,6.6731,6.8046,856914920
2020-02-25,6.8799,6.9418,6.4231,6.5250,1055497680
2020-02-26,6.5252,6.8586,6.5237,6.6644,749661440
2020-02-27,6.3510,6.6524,6.2012,6.2937,906414920
2020-02-28,6.0409,6.7885,6.0243,6.7289,1134675280
2020-03-02,6.8991,6.9163,6.5029,6.8874,890745560
2020-03-03,6.9431,7.0030,6.5393,6.6248,652793120
2020-03-04,6.7322,7.0982,6.6574,7.0887,597407360
2020-03-05,6.8891,7.0561,6.7646,6.8092,540327480
2020-03-06,6.6116,6.6871,6.4282,6.6285,515412280
2020-03-09,5.9772,6.4631,5.9344,6.1153,604757280
2020-03-10,6.3918,6.5049,6.1290,6.5049,580648720
2020-03-11,6.3648,6.3933,6.0438,6.1409,497473520
2020-03-12,5.6174,5.8830,5.3768,5.3895,816541400
2020-03-13,5.7430,6.0051,5.4717,6.0006,634837720
2020-03-16,5.2923,5.6334,4.8336,4.8934,720506120
2020-03-17,5.0058,5.5028,4.7589,5.4134,817331240
2020-03-18,4.9855,5.2308,4.5017,5.0534,869095400
2020-03-19,5.0319,5.3999,4.8184,5.3063,765513880
2020-03-20,5.4565,5.7385,5.1109,5.1264,804634160
2020-03-23,5.1254,5.3937,4.9462,5.2993,643874640
2020-03-24,5.7056,6.2951,5.6820,6.2084,1101643800
2020-03-25,6.3236,6.5234,6.0709,6.1197,789669720
2020-03-26,6.3270,6.5333,6.2289,6.4093,697587680
2020-03-27,6.2289,6.5557,6.1960,6.2969,638829760
2020-03-30,6.3624,6.6265,6.3183,6.6173,602250120
2020-03-31,6.6574,6.8617,6.4220,6.5677,946731840
2020-04-01,6.3696,6.5161,6.0116,6.0562,653190880
2020-04-02,6.0854,6.3784,6.0373,6.3652,665126320
2020-04-03,6.3275,6.3691,5.9396,6.0771,663213840
2020-04-06,6.3594,6.7242,6.3019,6.6873,717614680
2020-04-07,6.9091,6.9327,6.4108,6.4539,781169680
2020-04-08,6.5630,6.6761,6.4930,6.6512,539983600
2020-04-09,6.7770,6.7999,6.4885,6.5515,526247800
2020-04-13,6.4917,6.7322,6.4033,6.7234,398407280
2020-04-14,6.8518,7.1089,6.8241,7.0748,530946680
2020-04-15,6.9066,7.0802,6.8612,6.9973,366148840
2020-04-16,7.1527,7.4497,7.1395,7.3426,745620400
2020-04-17,7.4248,7.4462,7.1493,7.2833,539121960
2020-04-20,7.1567,7.3127,7.1076,7.1520,446398480
2020-04-21,7.0339,7.0952,6.6552,6.7150,735159840
2020-04-22,6.9073,7.1724,6.8617,7.1296,468512440
2020-04-23,7.1717,7.3037,7.0511,7.0762,417676000
2020-04-24,7.0660,7.2173,6.9913,7.2153,352645480
2020-04-27,7.3498,7.5619,7.3252,7.4019,474690080
2020-04-28,7.5494,7.5793,7.2539,7.2594,433220360
2020-04-29,7.3942,7.4891,7.3189,7.4363,379161880
2020-04-30,7.3823,7.4363,7.2683,7.2823,375917720
2020-05-01,7.0847,7.1981,6.9973,7.0456,342097800
2020-05-04,6.9983,7.2713,6.9983,7.2575,317555200
2020-05-05,7.3618,7.4814,7.2576,7.3187,368895640
2020-05-06,7.3982,7.5245,7.3603,7.4196,323465560
2020-05-07,7.5589,7.6593,7.5076,7.5960,373730520
2020-05-08,7.6677,7.7923,7.6339,7.7861,339907120
2020-05-11,7.7811,8.0851,7.7525,8.0382,466458680
2020-05-12,8.0960,8.1449,7.7664,7.7761,493059280
2020-05-13,7.8907,8.0512,7.5691,7.7537,625850080
2020-05-14,7.8151,8.0088,7.6615,8.0034,602312360
2020-05-15,7.8631,8.4718,7.8474,8.4620,981756440
2020-05-18,8.7309,8.8864,8.6512,8.7207,776403440
2020-05-19,8.7605,9.0568,8.7331,8.7757,717321960
2020-05-20,8.9606,9.0124,8.8587,8.9397,587536200
2020-05-21,9.0209,9.0218,8.7080,8.7456,761069640
2020-05-22,8.7954,9.0623,8.6838,8.9957,1038765000
2020-05-26,9.1258,9.1507,8.6427,8.6883,770779040
2020-05-27,8.5958,8.6036,7.9697,8.4964,1175892240
2020-05-28,8.3838,8.7309,8.3509,8.4583,736128160
2020-05-29,8.5256,8.8455,8.4563,8.8455,745919760
2020-06-01,8.8034,8.8109,8.6601,8.7765,390511000
2020-06-02,8.7665,8.8074,8.6287,8.7954,389909840
2020-06-03,8.7924,8.8363,8.6706,8.7399,364157720
2020-06-04,8.7025,8.9171,8.6521,8.7409,422882800
2020-06-05,8.7688,8.9707,8.6825,8.8939,481746040
2020-06-08,8.8513,8.8636,8.6603,8.7792,386180280
2020-06-09,8.7743,9.0831,8.7256,9.0195,468488840
2020-06-10,9.1409,9.4722,9.1267,9.3393,625531760
2020-06-11,9.1232,9.2342,8.7603,8.7705,576478960
2020-06-12,9.1357,9.1604,8.6779,8.9064,570908160
2020-06-15,8.7895,9.1554,8.7182,9.1469,400002160
2020-06-16,9.1980,9.2396,8.8129,9.0420,533826440
2020-06-17,9.0871,9.2718,9.0437,9.2090,408305640
2020-06-18,9.2000,9.2553,9.0878,9.1910,245848560
2020-06-19,9.2155,9.4174,9.2003,9.2342,524160520
2020-06-22,9.2728,9.5034,9.2462,9.4989,395927320
2020-06-23,9.5231,9.6143,9.3800,9.4224,375107400
2020-06-24,9.4485,9.5284,9.1178,9.2085,447008400
2020-06-25,9.3406,9.4772,9.1554,9.4622,376072000
2020-06-26,9.4722,9.4722,9.0983,9.1282,592085760
2020-06-29,9.1429,9.1776,8.8740,9.1731,338819520
2020-06-30,9.2867,9.4984,9.2394,9.4700,366346800
2020-07-01,9.4929,9.5477,9.3855,9.5021,329487200
2020-07-02,9.6108,9.7090,9.5502,9.5841,364075680
2020-07-06,9.7132,9.8798,9.6841,9.8105,316155240
2020-07-07,9.9172,10.0405,9.8219,9.8429,357801560
2020-07-08,9.9645,10.1951,9.9363,10.1861,377493840
2020-07-09,10.3499,10.5391,10.2036,10.4783,494708720
2020-07-10,10.5578,10.6241,10.3484,10.4486,497674760
2020-07-13,10.5640,10.7607,9.9957,10.0228,457077280
2020-07-14,10.0455,10.3723,9.7569,10.3466,542694240
2020-07-15,10.3838,10.4025,10.0263,10.1973,403984920
2020-07-16,9.9857,10.1769,9.8665,10.1051,344964720
2020-07-17,10.1956,10.2185,10.0582,10.1717,266284920
2020-07-20,10.2442,10.5004,10.1270,10.4800,284850880
2020-07-21,10.4822,10.5290,10.2567,10.2983,277666840
2020-07-22,10.3372,10.5715,10.2614,10.4082,367291240
2020-07-23,10.4371,10.5161,10.0019,10.1001,411661280
2020-07-24,9.8461,10.3344,9.7484,10.1647,473292000
2020-07-27,10.2023,10.4112,10.1879,10.3910,283125160
2020-07-28,10.3439,10.3516,10.1794,10.1856,267520360
2020-07-29,10.3604,10.4855,10.3167,10.4349,282796680
2020-07-30,10.3446,10.5920,10.2651,10.5829,303525600
2020-07-31,10.5323,10.7350,10.4025,10.5837,386286000
2020-08-03,10.7011,11.0663,10.6839,10.9780,410881800
2020-08-04,11.0177,11.1949,10.8741,11.1949,310335600
2020-08-05,11.2111,11.3384,11.1336,11.2537,249426520
2020-08-06,11.3165,11.3248,11.1460,11.3023,244315680
2020-08-07,11.2794,11.4711,11.0052,11.1667,342515960
2020-08-10,11.3011,11.3749,10.8247,11.1323,427795920
2020-08-11,11.0414,11.1042,10.7642,10.8183,350706680
2020-08-12,10.9586,11.4335,10.9262,11.4068,463259960
2020-08-13,11.5122,11.6875,11.3225,11.4095,371638480
2020-08-14,11.4963,11.6705,11.4070,11.5302,366436160
2020-08-17,11.8166,12.3734,11.7826,12.3009,616714320
2020-08-18,12.4136,12.4594,12.0509,12.2249,499299680
2020-08-19,12.2605,12.2790,12.0626,12.1030,556079120
2020-08-20,11.9400,12.3388,11.8440,12.1055,916531080
2020-08-21,12.1661,12.7712,12.1595,12.6464,999869520
2020-08-24,12.8461,12.8747,12.4709,12.6830,488414720
2020-08-25,12.5938,12.7239,12.5370,12.7127,285624680
2020-08-26,12.7618,12.8308,12.6407,12.7356,319878320
2020-08-27,12.7441,12.8124,12.5297,12.5913,314278840
2020-08-28,12.6378,13.1095,12.6055,13.1093,537158520
2020-08-31,13.1442,13.5353,12.9996,13.3354,495115560
2020-09-01,13.4445,13.9568,13.4011,13.7846,507824400
2020-09-02,14.6650,14.6879,13.8633,14.3087,866281880
2020-09-03,13.7922,13.8479,12.8448,12.9812,923525080
2020-09-04,12.7500,13.1403,11.6739,12.5892,1463682840
2020-09-08,11.7036,12.5169,11.6734,11.8816,788499560
2020-09-09,12.3673,12.7755,12.1995,12.6815,731637840
2020-09-10,12.9550,13.0308,12.1349,12.2793,698684440
2020-09-11,12.4526,12.6191,11.8644,12.1324,636926880
2020-09-14,13.0465,13.2799,12.5978,12.8383,1195675440
2020-09-15,13.2450,13.2637,12.7939,12.9567,723851920
2020-09-16,12.9231,13.0582,12.4808,12.4815,554844720
2020-09-17,12.1002,12.5566,12.0030,12.4306,790074960
2020-09-18,12.5605,12.5992,11.9571,12.1571,695298760
2020-09-21,11.8936,12.4895,11.8731,12.4842,717395640
2020-09-22,12.5418,12.6146,12.1235,12.6044,643874920
2020-09-23,12.5423,12.6934,12.0474,12.0918,643520400
2020-09-24,12.0404,12.5364,11.9823,12.3154,731240320
2020-09-25,12.4147,12.8495,12.2135,12.8398,588016280
2020-09-28,13.0059,13.0173,12.7164,13.0006,570858440
2020-09-29,12.9034,13.4073,12.8991,13.1909,618985920
2020-09-30,13.1228,13.5866,13.1156,13.4948,685831320
2020-10-01,13.7217,13.7264,13.4253,13.5786,522422920
2020-10-02,13.1901,13.4838,13.0166,13.0278,552495880
2020-10-05,13.2011,13.6083,13.1879,13.6065,476911080
2020-10-06,13.7935,14.1047,13.6290,13.7003,779235000
2020-10-07,13.9628,14.0820,13.8269,13.9272,415228040
2020-10-08,14.0379,14.0474,13.7217,13.8023,375267840
2020-10-09,13.7307,13.7878,13.6247,13.7265,346890920
2020-10-12,13.9526,14.3092,13.8758,14.1885,433303440
2020-10-13,14.2588,14.3107,13.9817,14.2107,343751240
2020-10-14,14.2528,14.3049,13.9232,14.0581,268662280
2020-10-15,13.7743,13.9688,13.7314,13.9332,262917120
2020-10-16,13.9997,14.0843,13.7561,13.7751,242639600
2020-10-19,13.8662,13.9466,13.3714,13.4622,291908800
2020-10-20,13.5477,13.7634,13.4714,13.6095,229212040
2020-10-21,13.5891,13.7551,13.4420,13.4891,219597320
2020-10-22,13.4868,13.5759,13.1969,13.3258,289380480
2020-10-23,13.4145,13.5574,13.2562,13.5544,233484280
2020-10-26,13.3916,13.6567,13.0041,13.1066,336011040
2020-10-27,13.2709,13.4066,13.1567,13.3614,249310840
2020-10-28,13.1632,13.2250,12.5757,12.5937,373022320
2020-10-29,12.8046,13.1580,12.7164,12.9897,320081840
2020-10-30,12.8161,12.9023,12.2676,12.5009,417396000
2020-11-02,12.6244,12.8028,12.3623,12.5476,299652640
2020-11-03,12.6750,13.0704,12.5695,12.9852,272901080
2020-11-04,13.3539,13.7910,13.3017,13.7579,410229280
2020-11-05,14.1252,14.3012,13.9541,14.1227,317074400
2020-11-06,14.0725,14.5503,13.8584,14.5236,383349280
2020-11-09,14.5141,14.6528,13.5749,13.5948,582977880
2020-11-10,13.5706,13.5706,12.5949,12.7363,638987600
2020-11-11,13.0193,13.3994,12.9141,13.3826,404743440
2020-11-12,13.4434,13.7297,13.2809,13.4213,366635000
2020-11-13,13.5913,13.6327,13.0248,13.2619,346762320
2020-11-16,13.1378,13.6135,13.1213,13.4796,413774800
2020-11-17,13.5168,13.5604,13.2688,13.3869,312027960
2020-11-18,13.4297,13.5699,13.1502,13.3933,510925320
2020-11-19,13.1779,13.4519,13.0655,13.4048,565934200
2020-11-20,13.4185,13.4589,13.0305,13.0532,336861920
2020-11-23,13.1364,13.3472,12.9812,13.1053,359791560
2020-11-24,13.1078,13.1273,12.8510,12.9236,342755320
2020-11-25,12.9981,13.2344,12.9857,13.1998,259916400
2020-11-27,13.3397,13.3721,13.1358,13.2263,167275200
2020-11-30,13.2300,13.3771,12.9381,13.3662,286952000
2020-12-01,13.4567,13.4931,13.1934,13.3547,296495160
2020-12-02,13.3153,13.6374,13.1994,13.5088,283361200
2020-12-03,13.5557,13.6280,13.2978,13.3647,199520640
2020-12-04,13.4170,13.5283,13.3574,13.5265,202243400
2020-12-07,13.5694,13.6991,13.4684,13.5749,223243240
2020-12-08,13.5532,13.5669,13.2504,13.3188,271920880
2020-12-09,13.2694,13.3826,12.8381,12.9005,401301200
2020-12-10,12.8389,13.0382,12.8193,12.9419,207764720
2020-12-11,12.9369,12.9895,12.7930,12.9828,209265640
2020-12-14,13.0573,13.3574,13.0469,13.2776,270157880
2020-12-15,13.4083,13.4325,13.1559,13.3292,193485920
2020-12-16,13.3911,13.4058,13.1816,13.2115,223114680
2020-12-17,13.3355,13.3482,13.1477,13.3100,231383880
2020-12-18,13.3477,13.3736,13.0399,13.2410,342064640
2020-12-21,13.0442,13.3387,12.9372,13.3011,302332160
2020-12-22,13.2881,13.3060,13.0233,13.2472,186314880
2020-12-23,13.2250,13.2439,12.9746,12.9788,177896920
2020-12-24,13.0068,13.1018,12.9085,12.9634,97883520
2020-12-28,13.0319,13.0319,12.7333,12.8698,212565640
2020-12-29,12.8948,13.0419,12.8122,12.9130,169639240
2020-12-30,12.9599,13.1828,12.8666,13.1150,225397160
2020-12-31,13.1058,13.1204,12.8848,13.0245,192424400
2021-01-04,13.0736,13.6206,12.9322,13.0828,560641800
2021-01-05,13.0691,13.4121,13.0564,13.3734,314443600
2021-01-06,13.1916,13.2140,12.5566,12.5850,580423000
2021-01-07,12.9372,13.3465,12.8564,13.3128,456532200
2021-01-08,13.3312,13.3896,13.0115,13.2457,292528600
2021-01-11,13.3874,13.9283,13.3312,13.5896,519028800
2021-01-12,13.7203,13.7223,13.3138,13.4532,287122960
2021-01-13,13.4584,13.5931,13.3537,13.5001,208687760
2021-01-14,13.5432,13.5679,13.1497,13.1694,283120280
2021-01-15,13.1971,13.2941,12.8184,12.8294,277781280
2021-01-19,12.9858,13.0634,12.8140,12.9948,221702920
2021-01-20,13.0811,13.3991,13.0262,13.3345,255763040
2021-01-21,13.3872,13.9666,13.2220,13.8351,338339600
2021-01-22,13.7079,13.8094,13.5954,13.6804,246818560
2021-01-25,13.7495,13.7962,13.2055,13.6213,247829920
2021-01-26,13.5487,13.6128,13.3562,13.4038,163980400
2021-01-27,13.1991,13.2018,12.7638,12.8875,371272840
2021-01-28,12.9658,13.3085,12.9302,13.0205,226839920
2021-01-29,13.0444,13.3036,12.8813,12.9594,271552040
2021-02-01,13.0228,13.2397,12.8726,13.2060,213194720
2021-02-02,13.3674,13.5403,13.2544,13.5250,218153680
2021-02-03,13.6041,13.8992,13.4849,13.4988,245409280
2021-02-04,13.4993,13.6415,13.3067,13.6323,201338480
2021-02-05,13.6929,13.7051,13.5141,13.5592,169153640
2021-02-08,13.6951,14.4399,13.6951,14.4050,433775560
2021-02-09,14.3071,14.5491,14.1892,14.2299,287560120
2021-02-10,14.4294,14.8701,14.3078,14.7297,481910480
2021-02-11,14.9452,15.2365,14.8901,15.2151,445301880
2021-02-12,15.0148,15.2554,14.7404,14.9263,374757480
2021-02-16,15.0290,15.3365,14.9150,15.2944,321959520
2021-02-17,15.1355,15.1879,14.7454,14.8711,275698680
2021-02-18,14.6945,14.8385,14.5409,14.7943,234080800
2021-02-19,14.9894,15.1415,14.8120,14.8916,271724120
2021-02-22,14.7402,15.0979,14.2915,14.3222,325885560
2021-02-23,14.0423,14.2054,13.3582,14.1089,391779320
2021-02-24,14.0897,14.4728,13.7238,14.4651,448319080
2021-02-25,14.0126,14.3411,13.1853,13.2764,824436040
2021-02-26,13.7203,13.8221,13.3297,13.6824,500930400
2021-03-01,13.8425,13.8924,13.5215,13.8094,353183000
2021-03-02,13.8675,13.8879,13.3647,13.3749,264114120
2021-03-03,13.3948,13.4200,12.7688,12.7748,375278640
2021-03-04,12.7708,12.9446,12.0555,12.3413,573345160
2021-03-05,12.5206,12.5206,11.6519,12.4324,542838840
2021-03-08,12.4209,12.4421,11.5394,11.5661,543111680
2021-03-09,12.1057,12.5913,12.0349,12.4950,521825520
2021-03-10,12.8146,12.9538,12.4323,12.4431,384376560
2021-03-11,12.9238,13.0199,12.7088,12.9672,299914280
2021-03-12,12.6227,12.8627,12.5646,12.8300,243963960
2021-03-15,12.8388,13.1801,12.7413,13.1646,221002440
2021-03-16,13.3295,13.4852,13.0902,13.2644,270845360
2021-03-17,13.0134,13.4261,12.9633,13.3143,242549680
2021-03-18,13.1100,13.1574,12.6913,12.6968,294188080
2021-03-19,12.7242,12.8954,12.5870,12.8198,299206960
2021-03-22,12.8867,13.3674,12.8807,13.1596,297803080
2021-03-23,13.2275,13.3175,12.9949,13.0443,221108800
2021-03-24,13.1247,13.1325,12.6112,12.6175,244246120
2021-03-25,12.4742,12.6891,12.2472,12.5099,295144560
2021-03-26,12.5291,12.8303,12.3485,12.8133,363968960
2021-03-29,12.7943,13.0361,12.6743,12.9221,273519880
2021-03-30,12.8160,12.9490,12.6793,12.8457,198297560
2021-03-31,12.9892,13.4433,12.9563,13.3213,314777520
2021-04-01,13.5448,13.8420,13.4840,13.7838,308274600
2021-04-05,13.8395,13.9856,13.7053,13.9592,254342840
2021-04-06,13.9714,14.0257,13.7458,13.8335,191745960
2021-04-07,13.8527,14.2147,13.6838,14.1149,251284360
2021-04-08,14.2240,14.4423,14.2202,14.2881,244414920
2021-04-09,14.1853,14.3789,14.1464,14.3709,195170880
2021-04-12,14.2609,15.3215,14.1107,15.1783,869322000
2021-04-13,15.2007,15.6683,15.0952,15.6478,676211880
2021-04-14,15.5934,15.6887,15.1967,15.2461,385501920
2021-04-15,15.6309,16.1814,15.5999,16.1046,598480680
2021-04-16,16.0207,16.1331,15.8332,15.8803,335207560
2021-04-19,15.5051,15.7756,15.2022,15.3307,404418080
2021-04-20,15.2923,15.4657,14.9328,15.1406,334133040
2021-04-21,15.0882,15.3315,15.0717,15.3295,216777040
2021-04-22,15.3439,15.4074,14.7536,14.8202,277786280
2021-04-23,14.9042,15.3039,14.8701,15.2344,227772200
2021-04-26,15.1544,15.4477,15.0944,15.4467,195404600
2021-04-27,15.5470,15.6388,15.3235,15.3507,164573000
2021-04-28,15.3335,15.5009,15.1848,15.2459,209416200
2021-04-29,15.3689,15.4053,15.0410,15.2938,173196480
2021-04-30,15.1438,15.3340,14.9667,14.9792,201910080
2021-05-03,15.0944,15.2159,14.7576,14.8068,203911840
2021-05-04,14.6077,14.6079,13.9819,14.3223,405324800
2021-05-05,14.6793,14.7836,14.3584,14.4293,292023040
2021-05-06,14.4660,14.5418,14.1894,14.4937,193380920
2021-05-07,14.7783,14.9405,14.6421,14.7823,229327320
2021-05-10,14.7574,14.7761,14.2212,14.2369,264326200
2021-05-11,13.7971,14.3257,13.7222,14.2773,285030680
2021-05-12,13.9812,14.2314,13.6816,13.7307,303409320
2021-05-13,14.0054,14.0523,13.4318,13.6376,285727480
2021-05-14,13.8619,14.2992,13.7207,14.2142,257754960
2021-05-17,14.1284,14.1406,13.8255,14.1369,216206600
2021-05-18,14.2382,14.3751,13.9757,13.9874,183664920
2021-05-19,13.5391,14.0511,13.5159,14.0373,340228120
2021-05-20,14.2736,14.6541,14.2417,14.5830,321591920
2021-05-21,15.1331,15.1912,14.8393,14.9615,672992000
2021-05-24,15.1818,15.7132,15.1453,15.5805,552272440
2021-05-25,15.7341,15.7865,15.4512,15.6161,435406880
2021-05-26,15.7025,15.7618,15.5548,15.6683,338418360
2021-05-27,15.6680,15.7182,15.4288,15.4567,575908120
2021-05-28,15.4697,16.2446,15.4697,16.2117,644535600
2021-06-01,16.2371,16.3550,15.8711,16.2316,472803000
2021-06-02,16.2194,16.8847,16.2027,16.7444,590168040
2021-06-03,16.6670,17.2241,16.5495,16.9355,576072280
2021-06-04,17.0779,17.6253,17.0610,17.5427,613749880
2021-06-07,17.5356,17.7765,17.1580,17.5834,574736440
2021-06-08,17.4918,17.5860,17.2161,17.4217,323846760
2021-06-09,17.4844,17.5435,17.2249,17.3272,377706240
2021-06-10,17.3189,17.4607,17.1452,17.3938,286376600
2021-06-11,17.4482,17.9071,17.4125,17.7933,411500120
2021-06-14,17.8739,18.0072,17.6311,17.9865,321374280
2021-06-15,17.8829,17.9840,17.6962,17.7566,240039640
2021-06-16,17.7589,17.9225,17.5529,17.7784,303788440
2021-06-17,17.7427,18.8013,17.7245,18.6238,809654880
2021-06-18,18.7504,19.3403,18.5507,18.6054,968854280
2021-06-21,18.4022,18.5033,17.7907,18.3943,670103760
2021-06-22,18.4384,18.9298,18.3530,18.8529,576922480
2021-06-23,18.9737,19.1185,18.8739,19.0231,332357040
2021-06-24,19.1933,19.3852,19.0541,19.1711,319378960
2021-06-25,19.2460,19.3109,18.8605,18.9969,278365920
2021-06-28,19.3266,20.0428,19.2844,19.9492,492963920
2021-06-29,19.8469,20.0628,19.6217,19.9909,364872040
2021-06-30,19.9633,20.1264,19.8282,19.9667,326566160
2021-07-01,20.0890,20.4194,19.9832,20.1758,480134960
2021-07-02,20.4035,20.4685,20.2514,20.4503,343396680
2021-07-06,20.7004,20.8047,20.3138,20.6614,444769200
2021-07-07,20.8162,20.8376,20.2956,20.3353,409999120
2021-07-08,19.8209,20.0970,19.6655,19.8671,502491400
2021-07-09,19.9268,20.0442,19.7189,20.0144,296622680
2021-07-12,20.2038,20.4960,20.1516,20.4758,321984760
2021-07-13,20.3640,20.4246,20.0780,20.2137,290706320
2021-07-14,20.3213,20.3812,19.7174,19.8060,380099200
2021-07-15,19.7763,19.8115,18.8247,18.9323,550564520
2021-07-16,18.9964,19.1228,18.0406,18.1285,684785320
2021-07-19,17.8832,19.0079,17.8335,18.7461,749058760
2021-07-20,18.6965,18.8043,18.1315,18.5787,433661880
2021-07-21,18.8482,19.4920,18.7084,19.3752,371017360
2021-07-22,19.6068,19.8514,19.2415,19.5589,323825950
2021-07-23,19.6212,19.6647,19.2155,19.5230,195671980
2021-07-26,19.2764,19.4072,18.8801,19.2595,202437450
2021-07-27,19.2305,19.5869,18.7074,19.1736,246731570
2021-07-28,19.2846,19.6108,18.9610,19.4681,202191150
2021-07-29,19.4841,19.8175,19.2934,19.6268,190780880
2021-07-30,19.3832,19.5949,19.2285,19.4641,183497460
2021-08-02,19.6647,19.9253,19.3263,19.7146,215795960
2021-08-03,19.7047,20.1858,19.1856,19.7795,301810740
2021-08-04,19.9542,20.2816,19.7925,20.2377,231309400
2021-08-05,20.4633,20.6959,20.3056,20.6000,211435370
2021-08-06,20.4873,20.5332,20.1738,20.3295,178496610
2021-08-09,20.4094,20.4713,20.1069,20.2587,146443100
2021-08-10,20.2856,20.3934,19.7990,19.9003,179237780
2021-08-11,20.0071,20.0131,19.3952,19.6637,185924840
2021-08-12,19.8344,19.9931,19.5849,19.8694,151861550
2021-08-13,19.8694,20.1776,19.8155,20.1519,183062860
2021-08-16,20.0989,20.2507,19.4182,19.9143,211152800
2021-08-17,19.6498,19.7346,19.2325,19.4232,201312670
2021-08-18,19.4651,19.5985,18.9660,19.0059,258851630
2021-08-19,19.4591,20.4583,18.7284,19.7626,765735220
2021-08-20,19.9552,20.8277,19.8973,20.7787,665539300
2021-08-23,20.9335,21.9576,20.9125,21.9187,554027400
2021-08-24,21.7141,21.9197,21.4964,21.7540,295428880
2021-08-25,21.6981,22.4298,21.6831,22.1732,346018780
2021-08-26,22.1603,22.3000,21.7510,22.0285,236667270
2021-08-27,22.1443,22.6813,22.1273,22.5955,303243340
2021-08-30,22.7891,23.0017,22.5106,22.6474,262353440
2021-08-31,22.6584,22.6584,22.0843,22.3489,257879580
2021-09-01,22.4488,22.6604,22.3205,22.4048,199457460
2021-09-02,22.4817,22.5566,22.2586,22.3599,187303790
2021-09-03,22.2890,22.9489,22.1642,22.8062,280831980
2021-09-07,22.7962,22.8621,22.4861,22.6255,190860950
2021-09-08,22.4767,22.5735,21.9416,22.3030,251903740
2021-09-09,22.2760,22.5017,22.0953,22.1412,193960370
2021-09-10,22.3123,22.5895,22.2341,22.4418,245869740
2021-09-13,22.6474,22.9270,21.8228,22.1163,293774110
2021-09-14,22.2391,22.3739,22.0504,22.2061,198379340
2021-09-15,22.2730,22.3309,21.9306,22.3050,164100690
2021-09-16,22.1477,22.2411,21.8917,22.2061,154275960
2021-09-17,22.2640,22.2850,21.7948,21.8647,286226830
2021-09-20,21.1119,21.3984,20.6287,21.0790,346588460
2021-09-21,21.3820,21.3905,20.9162,21.2117,203061150
2021-09-22,21.3311,21.9246,21.1618,21.9056,261672480
2021-09-23,22.1043,22.4982,21.8547,22.4458,246508400
2021-09-24,22.0344,22.1133,21.8258,22.0454,216224910
2021-09-27,21.6754,21.7639,21.2906,21.6251,240909070
2021-09-28,21.1793,21.3845,20.6177,20.6656,339820510
2021-09-29,20.9057,20.9831,20.4340,20.4839,217571680
2021-09-30,20.7349,21.0320,20.6546,20.6826,220430300
2021-10-01,20.7165,20.8254,20.1704,20.7086,237856630
2021-10-04,20.4709,20.5087,19.5235,19.7002,343511640
2021-10-05,19.9178,20.6147,19.8220,20.4180,277843910
2021-10-06,20.0876,20.6866,20.0476,20.6666,284883580
2021-10-07,21.0580,21.2876,20.9382,21.0410,255656970
2021-10-08,21.0670,21.1718,20.7415,20.7974,150377010
2021-10-11,20.5418,21.0290,20.4779,20.6616,162547070
2021-10-12,20.7939,21.0231,20.4949,20.6377,161177440
2021-10-13,20.8843,20.9562,20.6796,20.9052,174109690
2021-10-14,21.2537,21.7199,21.0880,21.7109,234218160
2021-10-15,21.7748,21.8956,21.6271,21.8268,223852440
2021-10-18,21.7139,22.2551,21.6091,22.1862,186262390
2021-10-19,22.2401,22.3429,22.0015,22.2541,159335620
2021-10-20,22.2685,22.3968,21.9466,22.0674,144828010
2021-10-21,22.0614,22.6744,22.0474,22.6554,186502570
2021-10-22,22.7862,23.0927,22.5246,22.6894,247196400
2021-10-25,22.9360,23.3173,22.7333,23.1287,227909580
2021-10-26,23.9503,25.2183,23.8854,24.6772,481899870
2021-10-27,24.4345,25.0496,24.2429,24.4116,242571050
2021-10-28,24.8379,24.9098,24.4835,24.9008,229778090
2021-10-29,24.9602,25.6676,24.9597,25.5258,291570200
2021-11-01,25.6077,25.8523,25.1863,25.7854,260395370
2021-11-02,25.7804,26.6350,25.7584,26.3584,287448230
2021-11-03,26.6270,26.7408,26.1927,26.5551,238262540
2021-11-04,27.1851,31.3144,27.0743,29.7530,1150530130
2021-11-05,30.1383,31.3494,29.3626,29.7040,849344060
2021-11-08,30.1004,31.0499,29.8588,30.7543,495851680
2021-11-09,32.2300,32.2579,29.9157,30.6076,642168530
2021-11-10,29.3087,30.8003,28.7316,29.4115,635001100
2021-11-11,30.4189,30.5407,29.7290,30.3410,329266790
2021-11-12,29.9616,30.6305,29.5822,30.3410,410261290
2021-11-15,30.5027,30.5946,29.1999,29.9766,382386250
2021-11-16,29.7110,30.3410,29.6580,30.1543,261445370
2021-11-17,30.3690,30.4598,28.7536,29.2138,389975870
2021-11-18,32.3148,32.7072,31.2705,31.6239,779693190
2021-11-19,32.1910,33.0347,31.8536,32.9318,526001140
2021-11-22,33.4630,34.5911,31.8486,31.9045,724247240
2021-11-23,31.4842,32.3078,30.8302,31.6948,530377460
2021-11-24,31.4103,32.8020,30.8781,32.6213,435162260
2021-11-26,32.5474,32.6573,31.2995,31.4522,275357540
2021-11-29,32.3138,33.3581,31.9844,33.3222,445894430
2021-11-30,33.1155,33.2992,31.8126,32.6233,618222700
2021-12-01,33.1701,33.2399,31.3334,31.3883,481868310
2021-12-02,31.1676,32.4298,30.9789,32.0783,469729840
2021-12-03,31.9525,32.0813,30.0853,30.6474,535932580
2021-12-06,29.8356,30.1961,27.9964,29.9924,658439400
2021-12-07,30.9110,32.4008,30.6055,32.3788,593053480
2021-12-08,31.9515,32.2420,31.3743,31.7787,473675430
2021-12-09,31.6869,32.1572,30.3828,30.4447,485573260
2021-12-10,31.1037,31.2585,29.8167,30.1532,483617600
2021-12-13,30.2041,30.2490,28.0742,28.1192,590207440
2021-12-14,27.6579,28.6354,27.2095,28.2949,658159680
2021-12-15,28.3578,30.4547,27.7967,30.4138,692787660
2021-12-16,31.1057,31.1137,28.0513,28.3448,703682550
2021-12-17,27.9434,28.8790,27.7188,27.7597,711589090
2021-12-20,27.2644,28.1022,27.1047,27.6778,456188490
2021-12-21,28.3319,29.0768,27.3603,29.0318,515695280
2021-12-22,28.8481,29.5111,28.4068,29.3563,392715380
2021-12-23,29.7108,30.0144,29.3873,29.5960,343021740
2021-12-27,29.6160,31.0403,29.5960,30.8990,401588690
2021-12-28,31.2655,31.2835,29.9672,30.2770,415094040
2021-12-29,30.2275,30.5026,29.3224,29.9564,341062540
2021-12-30,29.7827,30.4118,29.4961,29.5421,306797220
2021-12-31,29.6299,29.9854,29.2870,29.3673,263477920
2022-01-03,29.7707,30.6654,29.7408,30.0763,390738570
2022-01-04,30.2320,30.4228,28.3069,29.2465,522648650
2022-01-05,28.9060,29.3723,27.4921,27.5630,493223860
2022-01-06,27.5990,28.3958,27.0248,28.1362,451705470
2022-01-07,28.0992,28.3798,27.0168,27.2065,407852970
2022-01-10,26.5415,27.4282,25.6058,27.3593,592050880
2022-01-11,27.2819,28.0233,26.7991,27.7757,402765080
2022-01-12,28.0248,28.5525,27.5670,27.9574,380390060
2022-01-13,28.3369,28.4377,26.4586,26.5355,535201800
2022-01-14,26.2609,27.1565,26.1711,26.9020,395832350
2022-01-18,26.2210,26.5984,25.7317,25.8645,422675380
2022-01-19,26.0403,26.5038,25.0148,25.0298,483604080
2022-01-20,25.2664,25.5411,24.0422,24.1141,426995410
2022-01-21,23.4721,24.7861,23.2285,23.3393,714517270
2022-01-24,22.2968,23.3453,20.8570,23.3373,906590290
2022-01-25,22.5125,22.9089,21.9673,22.2908,651633900
2022-01-26,23.2055,24.0213,22.2669,22.7382,752958280
2022-01-27,23.5330,23.9594,21.6428,21.9114,569783510
2022-01-28,21.9795,22.8241,21.2644,22.8061,540901970
2022-01-31,23.1476,24.4726,23.0178,24.4496,561217590
2022-02-01,25.0667,25.1077,23.8545,24.6014,511307670
2022-02-02,25.7557,25.7787,24.5165,25.2045,536106560
2022-02-03,24.4217,25.0398,23.7447,23.9124,394034890
2022-02-04,23.9364,24.5984,23.5969,24.2829,354828500
2022-02-07,24.3358,25.1446,24.1661,24.6913,374007160
2022-02-08,24.3228,25.1925,23.9444,25.0707,408046430
2022-02-09,25.5839,26.6853,25.3153,26.6653,519868860
2022-02-10,25.9564,26.8850,25.5620,25.7856,508020130
2022-02-11,25.8775,26.1132,23.7377,23.9134,599804060
2022-02-14,23.8985,24.8381,23.7197,24.2310,438032970
2022-02-15,24.9119,26.5056,24.7472,26.4557,695321850
2022-02-16,26.2200,26.5425,25.5141,26.4716,684537970
2022-02-17,25.5919,25.7467,24.1291,24.4706,803486110
2022-02-18,24.6309,24.9489,23.0657,23.6069,761254910
2022-02-22,23.0008,24.0283,22.9658,23.3553,629195660
2022-02-23,23.7667,24.1191,22.2679,22.3538,561937520
2022-02-24,20.9838,23.7647,20.8590,23.7127,730381860
2022-02-25,23.6858,24.1810,23.3463,24.1211,526215890
2022-02-28,23.9564,24.6284,23.6718,24.3488,468941660
2022-03-01,24.2549,24.3408,23.0976,23.4421,407679980
2022-03-02,23.7246,24.3768,23.3841,24.1880,382891720
2022-03-03,24.2295,24.2939,23.4380,23.6827,362908340
2022-03-04,23.3531,23.6487,22.4523,22.9057,430717810
2022-03-07,22.7869,23.0026,21.3018,21.3238,446418200
2022-03-08,21.2809,22.3435,20.6227,21.4856,552564050
2022-03-09,22.3574,23.1893,22.2176,22.9836,489078840
2022-03-10,22.5013,22.7579,21.8531,22.6281,421623520
2022-03-11,22.9916,23.1144,22.0169,22.0708,365732920
2022-03-14,21.8401,22.2326,21.1311,21.3018,383607580
2022-03-15,21.4896,23.0076,21.2939,22.9427,488741030
2022-03-16,23.4690,24.5645,23.1414,24.4637,666195530
2022-03-17,24.0882,24.8092,23.8744,24.7333,466770210
2022-03-18,24.7663,26.5339,24.5915,26.4181,728064520
2022-03-21,26.4720,27.1161,25.9327,26.6987,588079710
2022-03-22,26.6917,27.2020,26.0376,26.4890,544918390
2022-03-23,26.0915,26.5764,25.5412,25.6002,497578970
2022-03-24,26.1315,28.2826,25.8728,28.1128,873720570
2022-03-25,27.8492,28.3206,27.2350,27.6554,577769440
2022-03-28,27.7189,28.2127,27.1701,28.1817,423167250
2022-03-29,28.6566,28.9078,27.9431,28.6182,487164140
2022-03-30,28.2666,28.4579,27.4667,27.6534,454346540
2022-03-31,27.7453,28.2107,27.2340,27.2500,520707240
2022-04-01,27.3389,27.4597,26.2323,26.6767,514572930
2022-04-04,26.6927,27.5216,26.5779,27.3239,394120160
2022-04-05,27.2180,27.2829,25.7859,25.8968,430930870
2022-04-06,24.9011,25.2666,23.9713,24.3748,702480590
2022-04-07,24.4087,24.6894,23.4470,24.1760,550459460
2022-04-08,23.8854,23.8914,23.0316,23.0885,521955800
2022-04-11,22.1847,22.2905,21.6314,21.8881,571508190
2022-04-12,22.5072,22.6950,21.2539,21.4756,659657830
2022-04-13,21.6993,22.4703,21.4267,22.1737,514897730
2022-04-14,22.4753,22.7469,21.1351,21.2299,569096850
2022-04-18,21.1720,22.0588,21.0512,21.7542,512442640
2022-04-19,21.6913,22.3435,21.2859,22.1687,511135590
2022-04-20,22.4874,22.6404,21.1720,21.4536,466971260
2022-04-21,21.6805,22.3624,19.9736,20.1564,652698000
2022-04-22,20.2762,20.4590,19.4743,19.4892,621606900
2022-04-25,19.1767,19.9187,19.0708,19.8757,639420650
2022-04-26,19.6920,19.7619,18.6454,18.7632,644960170
2022-04-27,18.5734,19.1417,18.2659,18.3907,495047610
2022-04-28,18.9420,20.0105,18.4652,19.7559,561642330
2022-04-29,19.3764,20.1019,18.4926,18.5225,495167100
2022-05-02,18.5160,19.5482,18.3667,19.5072,566384540
2022-05-03,19.3744,19.7988,19.1077,19.5761,468116680
2022-05-04,19.8967,20.3731,18.7262,20.3072,646305030
2022-05-05,19.8408,19.8987,18.4756,18.8191,623961690
2022-05-06,18.7113,19.4862,17.9663,18.6503,632326540
2022-05-09,18.0102,18.2309,16.8048,16.9276,639809770
2022-05-10,17.6656,18.1740,17.0025,17.5718,759265610
2022-05-11,17.3241,17.7296,16.5461,16.6080,668625830
2022-05-12,16.1977,16.7658,15.5464,16.1536,708342700
2022-05-13,16.7658,17.9048,16.5706,17.6826,662626620
2022-05-16,17.4859,17.7645,17.0834,17.2412,516696080
2022-05-17,18.0501,18.3467,17.6107,18.1530,581072630
2022-05-18,17.6816,18.0941,16.8417,16.9156,538278280
2022-05-19,16.9146,17.6637,16.7120,17.1014,619244730
2022-05-20,17.3091,17.3870,15.7342,16.6720,734826190
2022-05-23,16.2525,16.8927,16.1577,16.8757,628883420
2022-05-24,16.4882,16.5751,15.7592,16.1327,567506920
2022-05-25,15.9989,17.0884,15.9789,16.9526,720832030
2022-05-26,16.0148,18.0681,16.0008,17.8274,987784300
2022-05-27,18.1620,18.8561,18.0761,18.7862,738379350
2022-05-31,18.9549,19.1747,18.3258,18.6473,660529020
2022-06-01,18.6993,19.0280,18.0981,18.2958,542822140
2022-06-02,18.2679,19.5931,18.1740,19.5661,637418380
2022-06-03,19.0563,19.3068,18.4971,18.6953,571046360
2022-06-06,19.1137,19.3115,18.5397,18.7612,415425670
2022-06-07,18.4476,18.9749,18.1640,18.9010,379426180
2022-06-08,18.7782,19.1588,18.5145,18.6274,362095160
2022-06-09,18.4606,18.9121,18.0210,18.0280,393054120
2022-06-10,17.5805,17.6774,16.8503,16.9552,462854570
2022-06-13,15.9823,16.2940,15.5887,15.6297,598537190
2022-06-14,15.7136,16.0482,15.3950,15.8185,463411120
2022-06-15,16.0772,16.8493,15.9084,16.5087,560980520
2022-06-16,15.8425,15.9247,15.3840,15.5837,542217740
2022-06-17,15.6307,15.9773,15.3110,15.8624,630333970
2022-06-21,16.4563,16.9892,16.3889,16.5477,481968990
2022-06-22,16.2081,16.6436,16.1621,16.3419,430368910
2022-06-23,16.5002,16.5667,15.8355,16.2071,457893950
2022-06-24,16.4818,17.1210,16.2920,17.1071,458896720
2022-06-27,17.2929,17.3108,16.6071,16.8503,419586010
2022-06-28,16.8813,17.1830,15.9274,15.9643,457908950
2022-06-29,15.7965,15.8025,15.1532,15.5248,480643770
2022-06-30,15.3440,15.5498,14.8456,15.1422,682463570
2022-07-01,14.8825,15.0463,14.3761,14.5069,577610080
2022-07-05,14.1593,14.9544,14.0395,14.9475,643524640
2022-07-06,14.9934,15.3020,14.7726,15.1133,528121680
2022-07-07,15.4384,15.9274,15.3720,15.8405,491913050
2022-07-08,15.4129,16.0193,15.3720,15.8205,467277550
2022-07-11,15.5088,15.5098,15.0214,15.1352,423253000
2022-07-12,15.2511,15.4139,14.8605,15.0653,452766030
2022-07-13,14.5739,15.3580,14.4490,15.1472,519451580
2022-07-14,15.0913,15.4559,14.7117,15.3550,453472930
2022-07-15,15.6417,15.7645,15.4279,15.7446,383046880
2022-07-18,16.2840,16.8783,15.9843,16.0832,667202550
2022-07-19,16.4678,17.0911,16.1541,16.9732,697851430
2022-07-20,16.9283,17.9127,16.7824,17.7873,751202780
2022-07-21,17.8652,18.1239,17.5252,18.0300,554878550
2022-07-22,17.8732,17.9471,17.1175,17.2998,533149360
2022-07-25,17.0002,17.1051,16.6306,17.0052,480747510
2022-07-26,16.8703,16.9003,16.4598,16.5147,389117320
2022-07-27,17.0132,17.9162,16.8943,17.7703,566956610
2022-07-28,17.9551,18.1199,17.4207,17.9641,469437150
2022-07-29,17.7933,18.2238,17.6724,18.1429,434228070
2022-08-01,18.1619,18.8252,17.9701,18.4206,474402450
2022-08-02,18.1020,18.9166,18.0720,18.5055,486480680
2022-08-03,18.1639,18.9470,18.1169,18.8721,416150590
2022-08-04,18.8282,19.2527,18.7393,19.1937,407165260
2022-08-05,18.7892,19.2077,18.6454,18.9680,386020760
2022-08-08,17.4826,18.2188,17.2229,17.7733,979505890
2022-08-09,17.2329,17.4279,16.7055,17.0671,666127020
2022-08-10,17.6784,18.0980,17.2979,18.0770,595774290
2022-08-11,18.1109,18.6863,17.8562,17.9222,508513690
2022-08-12,18.1399,18.6973,17.9331,18.6883,474224090
2022-08-15,18.6803,19.1428,18.5924,19.0110,456643640
2022-08-16,18.8986,19.1208,18.4805,18.8581,450157520
2022-08-17,18.5025,18.6673,18.1249,18.3147,444277050
2022-08-18,18.2808,18.8441,18.1629,18.7522,414242710
2022-08-19,18.3856,18.4995,17.7503,17.8293,439829300
2022-08-22,17.4707,17.5386,16.9472,17.0152,408431720
2022-08-23,16.9697,17.4457,16.9512,17.1620,368032280
2022-08-24,16.9932,17.3867,16.8763,17.2030,522660710
2022-08-25,16.8254,17.9272,16.8144,17.8932,768466500
2022-08-26,17.8373,17.9042,16.2190,16.2420,765280990
2022-08-29,16.0023,16.3199,15.7496,15.7835,493712950
2022-08-30,15.9423,16.0213,15.1652,15.4509,527937860
2022-08-31,15.3670,15.5228,14.9420,15.0773,547606040
2022-09-01,14.1933,14.3641,13.2555,13.9216,1173764590
2022-09-02,14.0844,14.1553,13.5760,13.6319,743157460
2022-09-06,13.7158,13.7638,13.3362,13.4501,533269580
2022-09-07,13.5520,13.8267,13.3351,13.7028,511578200
2022-09-08,13.4480,13.9966,13.3581,13.9786,619931980
2022-09-09,14.1455,14.4622,14.1145,14.3753,485808750
2022-09-12,14.3573,14.5351,14.1864,14.4932,481937420
2022-09-13,13.7908,13.9107,13.0883,13.1203,712013200
2022-09-14,13.2432,13.2792,12.9025,13.1173,581889330
2022-09-15,13.0046,13.2222,12.7796,12.9185,520028960
2022-09-16,12.7311,13.2012,12.6067,13.1872,668386580
2022-09-19,13.0014,13.4520,12.9994,13.3711,567115050
2022-09-20,13.2037,13.4718,13.0464,13.1653,523039290
2022-09-21,13.2022,14.0196,13.0993,13.2502,804750430
2022-09-22,13.0594,13.1383,12.4179,12.5508,756710890
2022-09-23,12.4099,12.6007,12.2470,12.5058,655631250
2022-09-26,12.4808,12.6487,12.2041,12.2180,541769960
2022-09-27,12.4968,12.7256,12.2480,12.4029,551264680
2022-09-28,12.3999,12.8126,12.3438,12.7256,539671390
2022-09-29,12.4379,12.4898,11.9363,12.2100,531287820
2022-09-30,12.0772,12.6227,12.0652,12.1291,563627930
2022-10-03,12.3369,12.6677,12.0951,12.5018,543223280
2022-10-04,12.8685,13.2092,12.8685,13.1563,580113800
2022-10-05,12.9002,13.3101,12.6107,13.1982,503583070
2022-10-06,13.2092,13.6449,13.0923,13.1193,635284490
2022-10-07,12.4948,12.6597,12.0122,12.0662,670629010
2022-10-10,12.0272,12.1144,11.3988,11.6605,694484170
2022-10-11,11.5516,11.8364,11.2738,11.5766,664421670
2022-10-12,11.5696,11.7254,11.3358,11.4906,488686140
2022-10-13,10.9621,12.0682,10.8042,11.9503,848623080
2022-10-14,12.0472,12.1011,11.1949,11.2179,708079520
2022-10-17,11.5086,11.9383,11.5076,11.8783,576116840
2022-10-18,12.3339,12.4818,11.6085,11.9573,656814730
2022-10-19,11.8693,12.3399,11.8244,12.0412,522011830
2022-10-20,12.1031,12.7586,12.0951,12.1841,647740760
2022-10-21,12.0883,12.4878,11.8773,12.4558,606485040
2022-10-24,12.4978,12.6996,12.0542,12.5887,515611130
2022-10-25,12.6832,13.2892,12.6537,13.2502,499895990
2022-10-26,12.8585,13.3771,12.6976,12.8855,526353220
2022-10-27,13.6189,13.8267,13.1113,13.1653,578727670
2022-10-28,13.0933,13.8387,13.0504,13.8227,519647460
2022-10-31,13.7668,13.8267,13.2862,13.4860,485211630
2022-11-01,13.7997,13.9137,13.5080,13.5320,426383770
2022-11-02,13.8387,14.1984,13.2005,13.2082,670647340
2022-11-03,13.0324,13.7698,12.9454,13.4101,498905220
2022-11-04,13.9746,14.2174,13.6858,14.1445,611026190
2022-11-07,14.2164,14.4003,13.9426,14.2894,408874700
2022-11-08,14.7889,14.8789,14.2044,14.5901,594152600
2022-11-09,14.1500,14.1994,13.7478,13.7648,453179330
2022-11-10,14.7879,15.7602,14.5351,15.7372,696558340
2022-11-11,15.7946,16.3756,15.4694,16.3137,653705960
2022-11-14,16.2048,16.5265,15.9090,16.2817,524603380
2022-11-15,16.7079,16.9842,16.3687,16.6524,543197950
2022-11-16,16.1483,16.3487,15.8601,15.8970,594281190
2022-11-17,15.7022,16.2527,15.5223,15.6642,710430740
2022-11-18,15.9530,15.9890,15.1077,15.3964,490191220
2022-11-21,15.1347,15.4644,15.0677,15.3045,403926490
2022-11-22,15.3155,16.0445,15.1093,16.0249,471114110
2022-11-23,16.0849,16.5135,16.0349,16.5055,427240930
2022-11-25,16.3047,16.4736,16.1588,16.2567,167783570
2022-11-28,16.0129,16.3437,15.7122,15.8141,303087470
2022-11-29,15.8141,15.9190,15.5074,15.6263,296901190
2022-11-30,15.6879,16.9202,15.5880,16.9132,556346650
2022-12-01,16.9892,17.2550,16.6254,17.1251,469447110
2022-12-02,16.6494,16.9228,16.4355,16.8662,370846950
2022-12-05,16.6694,16.9852,16.4625,16.6004,350096270
2022-12-06,16.5204,16.5634,15.8098,15.9778,351884330
2022-12-07,15.7629,16.1766,15.6579,16.1107,371618740
2022-12-08,16.2636,17.1691,15.9498,17.1591,513088520
2022-12-09,17.1501,17.5728,16.9652,16.9912,461852010
2022-12-12,17.0271,17.5279,16.7873,17.5249,454800740
2022-12-13,18.5203,18.7791,17.7008,18.0615,655519210
2022-12-14,17.9766,18.2414,17.4099,17.6638,494800110
2022-12-15,17.1361,17.3100,16.6903,16.9422,477763620
2022-12-16,16.8544,17.0311,16.4005,16.5614,477666220
2022-12-19,16.5624,16.5994,16.1357,16.2446,353512010
2022-12-20,16.0547,16.3006,15.8428,16.0757,402227890
2022-12-21,16.1047,16.6174,16.0927,16.4915,324402570
2022-12-22,16.0842,16.1287,14.8734,15.3301,564423260
2022-12-23,15.1872,15.3301,14.8744,15.1972,349325630
2022-12-27,15.0653,15.0913,14.0479,14.1128,462436790
2022-12-28,13.9189,14.2538,13.8760,14.0279,350248620
2022-12-29,14.3937,14.6745,14.2188,14.5946,354196810
2022-12-30,14.3257,14.6205,14.2248,14.6055,310489830
2023-01-03,14.8424,14.9873,14.0878,14.3067,400798380
2023-01-04,14.5586,14.8444,14.2328,14.7405,430391020
2023-01-05,14.4826,14.5556,14.1398,14.2567,388474710
2023-01-06,14.4656,15.0013,14.0259,14.8504,404406390
2023-01-09,15.2752,16.0467,15.1322,15.6190,503359510
2023-01-10,15.4980,15.9528,15.4631,15.8998,383255850
2023-01-11,15.8303,16.0187,15.5540,15.9917,352468840
2023-01-12,16.0907,16.6274,15.4830,16.5014,550165340
2023-01-13,16.2686,16.9122,16.1556,16.8892,447287060
2023-01-17,16.8892,17.7177,16.8892,17.6918,509437300
2023-01-18,17.6568,17.8627,17.2720,17.3669,438115130
2023-01-19,17.0261,17.1871,16.7213,16.7553,451419950
2023-01-20,17.0012,17.8457,16.8153,17.8287,561534560
2023-01-23,18.0536,19.2339,17.8072,19.1819,651798500
2023-01-24,18.8161,19.4837,18.8091,19.2539,487373570
2023-01-25,18.9016,19.3588,18.5693,19.3118,447592940
2023-01-26,19.6896,20.1543,19.2668,19.7905,485117590
2023-01-27,19.4507,20.6161,19.3938,20.3532,540974830
2023-01-30,19.9385,20.1284,19.1389,19.1509,486657410
2023-01-31,19.1584,19.6756,18.9390,19.5257,488465670
2023-02-01,19.6796,21.1797,19.5997,20.9309,655256290
2023-02-02,20.9879,21.9363,20.6880,21.6964,558925710
2023-02-03,20.9879,21.7324,20.7770,21.0878,428359750
2023-02-06,20.7940,21.5575,20.7740,21.0768,451257340
2023-02-07,21.3696,22.2461,21.1378,22.1602,661011170
2023-02-08,22.3741,22.8648,21.9953,22.1922,556735770
2023-02-09,22.5929,23.0067,22.1072,22.3241,520932240
2023-02-10,21.6775,22.0649,20.7990,21.2527,548553960
2023-02-13,21.5255,22.0352,20.9499,21.7754,473372710
2023-02-14,21.5655,23.0355,21.3536,22.9577,671517000
2023-02-15,22.5360,22.8418,22.0932,22.7508,420009520
2023-02-16,22.1202,22.5370,21.9141,21.9893,408746920
2023-02-17,21.6185,21.7274,20.9629,21.3756,465887640
2023-02-21,20.9879,21.4814,20.6061,20.6431,408128560
2023-02-22,20.6950,21.0918,20.4092,20.7420,433950600
2023-02-23,23.4264,23.8742,23.0117,23.6503,1114937920
2023-02-24,23.2116,23.4604,22.9337,23.2725,588385340
2023-02-27,23.6563,23.8661,23.4404,23.4874,438306780
2023-02-28,23.3585,23.8112,23.1926,23.2026,443814530
2023-03-01,23.1786,23.2421,22.4950,22.6849,455135260
2023-03-02,22.4750,23.3669,22.4190,23.3005,388363540
2023-03-03,23.3065,23.8862,23.1166,23.8762,409229080
2023-03-06,23.8772,24.2340,23.4734,23.5404,435296460
2023-03-07,23.5904,24.1152,23.2315,23.2785,513254060
2023-03-08,23.4774,24.1902,23.4140,24.1712,510057320
2023-03-09,24.1652,24.4441,23.3733,23.4265,499412380
2023-03-10,23.3995,23.6174,22.7168,22.9557,473751690
2023-03-13,22.7427,23.2885,22.2879,22.9567,421137280
2023-03-14,23.4864,24.2091,23.4505,24.0532,471540650
2023-03-15,23.7513,24.2761,23.3505,24.2181,517691940
2023-03-16,24.0172,25.5776,23.8843,25.5306,579305230
2023-03-17,25.9714,26.3883,25.6576,25.7145,846117970
2023-03-20,25.6046,26.0134,25.1196,25.8895,431536000
2023-03-21,26.1694,26.3813,25.3707,26.1883,545174710
2023-03-22,26.4143,27.5778,26.2263,26.4572,792571170
2023-03-23,27.1045,27.4878,26.6791,27.1799,562603520
2023-03-24,27.0200,27.1559,26.3443,26.7681,451603670
2023-03-27,26.8261,26.9890,26.3543,26.5202,360177370
2023-03-28,26.4362,26.5022,25.8395,26.3993,354785620
2023-03-29,26.8141,27.0670,26.5862,26.9730,391210700
2023-03-30,27.2179,27.4878,27.0910,27.3719,356357980
2023-03-31,27.1290,27.8230,27.0940,27.7657,431977670
2023-04-03,27.4978,27.9886,27.3249,27.9536,395317230
2023-04-04,27.9546,27.9886,27.2959,27.4418,366420200
2023-04-05,26.8181,26.9870,26.3843,26.8701,503257370
2023-04-06,26.5732,27.0690,26.4163,27.0260,397654340
2023-04-10,26.8121,27.6098,26.6582,27.5678,379772300
2023-04-11,27.7122,27.7787,27.1150,27.1579,302328270
2023-04-12,27.3589,27.4568,26.4367,26.4842,443481230
2023-04-13,26.7231,26.8760,26.3183,26.4522,352190410
2023-04-14,26.4932,26.8721,26.2093,26.7471,393365070
2023-04-17,26.5547,26.9950,26.4224,26.9910,313489820
2023-04-18,27.5223,28.0986,27.3459,27.6557,602717530
2023-04-19,27.3499,27.9886,27.2209,27.9196,351373420
2023-04-20,27.6597,28.0186,26.9890,27.0930,424129560
2023-04-21,26.9410,27.1719,26.7111,27.1080,342535830
2023-04-24,27.0020,27.3549,26.6602,27.0310,326789460
2023-04-25,27.0670,27.2359,26.2143,26.2303,367749220
2023-04-26,26.9910,27.3189,26.6942,26.9450,404493910
2023-04-27,27.3519,27.4838,26.6142,27.2149,374265230
2023-04-28,27.2139,27.7467,27.0605,27.7377,291079790
2023-05-01,27.8287,29.0466,27.7687,28.8982,566214840
2023-05-02,28.6683,28.8243,28.0716,28.1985,396957860
2023-05-03,27.8287,28.3555,27.4608,27.7907,381003410
2023-05-04,27.6398,27.8477,27.2289,27.5508,319323410
2023-05-05,27.8142,28.7433,27.7197,28.6683,353729870
2023-05-08,28.5104,29.2081,28.3385,29.1391,343683210
2023-05-09,28.8872,28.9612,28.4384,28.5594,302417820
2023-05-10,28.9932,29.1012,28.4497,28.8733,368462090
2023-05-11,28.8842,28.9382,28.2345,28.5664,321196020
2023-05-12,28.5174,28.7683,28.0346,28.3285,273757380
2023-05-15,28.4969,28.9572,28.1405,28.9412,293032750
2023-05-16,28.8293,29.8578,28.8203,29.2011,447695060
2023-05-17,29.5720,30.1867,29.4180,30.1657,425310330
2023-05-18,30.3976,31.8151,30.3077,31.6651,738921250
2023-05-19,31.5232,31.5672,30.9034,31.2513,467435080
2023-05-22,30.8884,31.5072,30.6675,31.1633,369676900
2023-05-23,30.9874,31.2753,30.6185,30.6755,354653800
2023-05-24,30.1977,30.5945,29.7939,30.5256,552055070
2023-05-25,38.5073,39.4639,36.6201,37.9646,1538709430
2023-05-26,37.8746,39.1541,37.5347,38.9302,714396760
2023-05-30,40.5785,41.9209,39.9327,40.0947,914236980
2023-05-31,39.4719,40.2786,37.8066,37.8186,998826810
2023-06-01,38.4733,40.0337,38.3244,39.7538,623659270
2023-06-02,40.0807,40.4835,39.0421,39.3110,480632880
2023-06-05,38.8932,39.5489,38.6913,39.1551,394086370
2023-06-06,38.8142,39.1441,38.1325,38.6383,379923990
2023-06-07,38.9033,39.4871,37.3448,37.4638,508028690
2023-06-08,37.7127,38.8523,37.4937,38.4984,415591640
2023-06-09,39.0253,39.6991,38.5554,38.7584,424461930
2023-06-12,39.1882,39.5181,38.6064,39.4702,384365040
2023-06-13,40.1739,41.0887,39.7281,41.0097,607669860
2023-06-14,40.8117,42.9871,40.5398,42.9841,729345770
2023-06-15,42.5892,43.2760,42.1344,42.6402,566715480
2023-06-16,43.4370,43.7079,42.6477,42.6792,655709410
2023-06-20,42.9851,43.9768,42.6612,43.7949,447962680
2023-06-21,43.4879,43.6019,42.0674,43.0321,547460910
2023-06-22,42.2403,43.4125,42.2213,43.0121,408102510
2023-06-23,42.4513,42.7962,42.0024,42.1963,356017540
2023-06-26,42.4483,42.7512,40.0880,40.6198,589991010
2023-06-27,40.7868,41.9274,40.4359,41.8634,447894250
2023-06-28,40.6478,41.8324,40.5058,41.1047,579913240
2023-06-29,41.5455,41.5875,40.5878,40.8098,373745780
2023-06-30,41.6675,42.5372,41.4885,42.2893,495192950
2023-07-03,42.5042,42.8851,42.1893,42.4003,198209190
2023-07-05,42.1224,43.1640,42.0724,42.3043,322008680
2023-07-06,41.8314,42.1663,41.3336,42.0904,302558570
2023-07-07,42.3093,43.2010,42.1673,42.4902,354530830
2023-07-10,42.6442,42.7982,41.6365,42.1673,346818520
2023-07-11,42.4683,42.7452,42.0544,42.3923,297607520
2023-07-12,43.0201,43.9218,42.7644,43.8888,474943340
2023-07-13,44.5046,46.1411,44.4786,45.9632,469794000
2023-07-14,46.5688,48.0736,45.0465,45.4554,767747220
2023-07-17,46.2751,46.4820,45.2488,46.4471,504890600
2023-07-18,46.6870,47.8816,45.7203,47.4797,565673640
2023-07-19,47.4498,47.8037,46.7280,47.0629,420695000
2023-07-20,46.4930,47.0729,45.0485,45.5063,531835370
2023-07-21,45.7743,45.8522,44.0868,44.2957,790848660
2023-07-24,44.7176,45.0955,44.0268,44.5986,366493320
2023-07-25,44.9275,46.1686,44.9095,45.6653,337042310
2023-07-26,46.0072,46.0392,44.6166,45.4384,361406460
2023-07-27,46.5050,47.3808,45.7363,45.8862,452511070
2023-07-28,46.6540,47.0129,46.3671,46.7360,325341300
2023-07-31,46.7400,47.1159,46.4921,46.7150,249805600
2023-08-01,46.4456,46.8859,46.0132,46.4930,233627460
2023-08-02,45.8172,45.8262,43.3740,44.2557,525871150
2023-08-03,43.7869,45.1045,43.7869,44.5016,321301690
2023-08-04,44.9715,45.6283,44.3797,44.6666,360145920
2023-08-07,45.0975,45.5263,44.5501,45.4029,320524640
2023-08-08,44.8395,45.2284,44.0428,44.6506,350762730
2023-08-09,44.2607,44.2987,42.1214,42.5412,578933490
2023-08-10,42.1473,43.5609,41.8224,42.3753,488842510
2023-08-11,41.7385,42.0054,40.6268,40.8427,530308820
2023-08-14,40.4739,43.7869,40.2989,43.7399,675357980
2023-08-15,44.5466,45.2544,43.6969,43.9268,671850480
2023-08-16,44.5066,44.6616,43.3930,43.4730,522380240
2023-08-17,43.9568,44.0488,42.9881,43.3305,448649300
2023-08-18,42.6222,43.5649,41.6475,43.2860,580159380
2023-08-21,44.4806,47.0509,44.2087,46.9529,686182400
2023-08-22,48.1206,48.1725,45.3195,45.6543,749388270
2023-08-23,45.8522,47.1858,45.1944,47.1019,652758430
2023-08-24,50.2009,50.2509,47.1448,47.1488,1143329560
2023-08-25,46.9979,47.7907,45.0105,46.0042,920346250
2023-08-28,46.4681,46.9659,44.8745,46.8209,682686520
2023-08-29,46.6520,49.0663,46.3771,48.7694,695980370
2023-08-30,49.0293,49.9120,48.4105,49.2492,720211400
2023-08-31,49.3652,49.7291,48.9433,49.3402,519854490
2023-09-01,49.7471,49.7851,48.1272,48.4944,463830300
2023-09-05,48.2085,48.8362,47.8456,48.5334,372489670
2023-09-06,48.4306,48.5386,46.5700,47.0509,467162870
2023-09-07,45.5152,46.3340,45.1423,46.2311,431906930
2023-09-08,45.9321,46.5960,45.2613,45.5622,454315330
2023-09-11,46.1381,46.1531,44.3025,45.1683,465793400
2023-09-12,44.7284,45.6632,44.5214,44.8603,342748700
2023-09-13,44.5904,45.9201,44.4934,45.4752,390902780
2023-09-14,45.9401,45.9771,45.1213,45.5712,357145790
2023-09-15,45.3312,45.5892,43.7986,43.8906,504876860
2023-09-18,42.7388,44.2325,41.9910,43.9565,485302420
2023-09-19,43.8236,43.9565,42.9928,43.5106,368252420
2023-09-20,43.5906,43.8936,42.2139,42.2299,359361980
2023-09-21,41.5741,42.0909,40.9712,41.0082,446089330
2023-09-22,41.5631,42.1059,41.2221,41.6010,470774320
2023-09-25,41.5821,42.5269,41.1681,42.2129,412500360
2023-09-26,41.9920,42.8108,41.6460,41.9020,400207480
2023-09-27,42.3209,42.8628,41.6201,42.4589,443787330
2023-09-28,42.4509,43.4370,42.1059,43.0797,419871890
2023-09-29,43.8176,44.1345,43.2976,43.4896,397154270
2023-10-02,44.0205,45.1653,43.8516,44.7724,428487220
2023-10-03,44.7984,45.1203,43.2367,43.5076,468338170
2023-10-04,43.7326,44.1335,43.2827,44.0315,360253700
2023-10-05,44.0405,44.8903,43.8786,44.6784,392075450
2023-10-06,44.1835,45.7792,44.0165,45.7522,429967630
2023-10-09,44.8324,45.5952,44.3585,45.2633,407996770
2023-10-10,45.3003,46.2490,45.0783,45.7881,359561940
2023-10-11,46.1861,46.8489,46.0401,46.7959,374730080
2023-10-12,46.7669,47.5988,46.3200,46.9349,479754090
2023-10-13,46.9499,47.1059,45.2703,45.4512,473036770
2023-10-16,45.0533,46.2151,44.9023,46.0851,371044710
2023-10-17,43.9905,44.7444,42.4709,43.9285,807618410
2023-10-18,42.5818,43.2097,41.8160,42.1869,623088450
2023-10-19,42.8018,43.2877,41.8730,42.0919,489663240
2023-10-20,41.8810,42.4609,41.0692,41.3781,470813950
2023-10-23,41.2201,43.2387,40.9362,42.9658,472936920
2023-10-24,43.0677,43.6876,42.6818,43.6536,383674210
2023-10-25,43.3887,43.6406,41.5461,41.7700,384750310
2023-10-26,41.8440,42.2465,39.8716,40.3173,531544580
2023-10-27,41.1212,41.1971,40.0064,40.4913,411900650
2023-10-30,41.0782,42.2729,40.4723,41.1521,383236960
2023-10-31,40.4413,40.8702,39.2216,40.7712,513771810
2023-11-01,40.8752,42.3719,40.8602,42.3159,432561920
2023-11-02,43.3187,43.8746,42.8848,43.4966,399625800
2023-11-03,44.0105,45.2992,43.7136,44.9953,416552350
2023-11-06,45.2748,45.9251,44.8893,45.7412,400085000
2023-11-07,45.7092,46.2081,45.1478,45.9451,341400660
2023-11-08,46.0901,46.8569,45.9581,46.5640,344379480
2023-11-09,47.4568,48.2196,46.7399,46.9399,533955090
2023-11-10,47.4898,48.4616,47.2728,48.3246,413299260
2023-11-13,48.3096,49.1054,48.0887,48.6095,382420460
2023-11-14,49.6693,49.8233,49.0295,49.6453,413448690
2023-11-15,49.9243,49.9493,48.1896,48.8775,471239850
2023-11-16,48.6685,49.5140,48.3196,49.4694,338027680
2023-11-17,49.5133,49.7063,48.9965,49.2874,319787280
2023-11-20,49.3014,50.5371,49.1704,50.3982,409007810
2023-11-21,50.1152,50.5061,49.2114,49.9333,501227400
2023-11-22,49.8413,50.3241,47.6797,48.7055,900642330
2023-11-24,48.4596,48.9105,47.7347,47.7657,293673630
2023-11-27,47.7897,48.5196,47.6417,48.2316,393868730
2023-11-28,48.2256,48.3125,47.4628,47.8107,389487160
2023-11-29,48.3686,48.7515,47.8497,48.1296,360438670
2023-11-30,48.0137,48.0997,46.4120,46.7599,520421110
2023-12-01,46.5150,47.1898,46.1771,46.7549,358215390
2023-12-04,46.0671,46.0671,45.0003,45.5002,428814490
2023-12-05,45.4601,46.5940,45.2651,46.5600,362188780
2023-12-06,47.2084,47.3809,45.4061,45.4971,366910460
2023-12-07,45.6941,46.6230,45.5981,46.5900,341684900
2023-12-08,46.5890,47.7347,46.5440,47.4999,351333420
2023-12-11,47.4849,47.5249,45.8241,46.6210,501075570
2023-12-12,46.0400,47.6598,46.0400,47.6508,369949420
2023-12-13,47.6228,48.5877,47.6018,48.0818,436067520
2023-12-14,48.3837,48.6637,47.4159,48.3438,381605580
2023-12-15,48.1878,49.3976,48.1138,48.8837,479249690
2023-12-18,49.3936,50.4265,49.1436,50.0705,408888120
2023-12-19,49.4176,49.6936,48.8887,49.5976,463132480
2023-12-20,49.6486,49.9925,48.0918,48.1048,393954110
2023-12-21,48.8047,49.0887,48.4127,48.9837,299150860
2023-12-22,49.1886,49.3766,48.4607,48.8237,252506760
2023-12-26,48.9617,49.5936,48.9537,49.2726,242754190
2023-12-27,49.5046,49.6736,49.0787,49.4106,232063870
2023-12-28,49.6366,49.8775,49.4056,49.5156,244414030
2023-12-29,49.8066,49.9905,48.7447,49.5156,389293300
2024-01-02,49.2376,49.2886,47.5888,48.1618,408384920
2024-01-03,47.4789,48.1779,47.3139,47.5629,318157300
2024-01-04,47.7608,48.4937,47.5019,47.9918,305880480
2024-01-05,48.4557,49.5406,48.2998,49.0907,410804550
2024-01-08,49.5056,52.2682,49.4726,52.2462,629657770
2024-01-09,52.3942,54.3180,51.6833,53.1331,765314270
2024-01-10,53.6091,54.5929,53.4821,54.3430,529657650
2024-01-11,54.9919,55.3388,53.5531,54.8149,593749240
2024-01-12,54.6129,54.9629,54.3231,54.7029,352993600
2024-01-16,55.0109,56.8276,54.8929,56.3747,442170400
2024-01-17,56.3397,56.4634,54.7329,56.0458,472526440
2024-01-18,57.2526,57.5926,56.0997,57.0996,486118760
2024-01-19,57.9815,59.4923,57.2176,59.4833,537065110
2024-01-22,60.0412,60.3232,59.0624,59.6463,446472180
2024-01-23,59.5623,59.9023,58.5774,59.8653,291144970
2024-01-24,60.2962,62.8409,59.9303,61.3541,557434670
2024-01-25,62.3419,62.7109,60.8421,61.6090,473081170
2024-01-26,60.9521,61.7750,60.5652,61.0231,388563040
2024-01-29,61.2241,62.4809,60.8991,62.4569,338990820
2024-01-30,62.8919,63.4848,62.2520,62.7659,395959450
2024-01-31,61.4321,62.2610,60.6922,61.5190,450685320
2024-02-01,62.0920,63.1828,61.6420,63.0189,360015770
2024-02-02,63.9657,66.5914,63.6818,66.1515,472162430
2024-02-05,68.2162,69.4880,67.1963,69.3230,669199000
2024-02-06,69.6210,69.7450,66.2914,68.2142,677542450
2024-02-07,68.3102,70.2109,67.5913,70.0899,484858350
2024-02-08,70.0649,70.7849,69.4460,69.6320,411068080
2024-02-09,70.5239,72.1757,70.2029,72.1237,432186060
2024-02-12,72.5906,74.6014,71.2408,72.2387,610147970
2024-02-13,70.3909,73.4405,69.6110,72.1187,597751270
2024-02-14,73.1925,74.2264,71.9287,73.8905,501669820
2024-02-15,73.8595,73.9654,72.3906,72.6486,414981660
2024-02-16,74.0904,74.3924,72.4916,72.6036,495326620
2024-02-20,71.9377,71.9467,67.7252,69.4430,695588780
2024-02-21,67.9972,68.8791,66.2394,67.4633,581351300
2024-02-22,75.0153,78.5648,74.2104,78.5279,850753300
2024-02-23,80.7796,82.3834,77.5600,78.8068,819930740
2024-02-26,79.6897,80.6356,78.4949,79.0818,498951320
2024-02-27,79.3707,79.4697,77.1520,78.6908,389381770
2024-02-28,77.6100,78.9228,77.1150,77.6530,379453010
2024-02-29,79.0838,79.9797,78.3399,79.1018,483397520
2024-03-01,79.9897,82.2894,79.4248,82.2684,473571080
2024-03-04,84.1191,87.6837,83.7082,85.2260,605270990
2024-03-05,85.2629,86.0899,83.4101,85.9569,514491990
2024-03-06,88.0147,89.7166,87.0228,88.6927,574863540
2024-03-07,90.1505,92.7593,89.5946,92.6613,586628880
2024-03-08,95.1300,97.3919,86.4988,87.5208,1119148610
2024-03-11,86.4219,88.7897,84.1590,85.7669,666115100
2024-03-12,88.0417,91.9524,86.1430,91.9054,654374800
2024-03-13,91.0475,91.4964,88.4277,90.8805,627266260
2024-03-14,89.5696,90.6385,86.5928,87.9367,597110810
2024-03-15,86.9228,89.5386,86.2499,87.8292,631635830
2024-03-18,90.3805,92.3974,87.0778,88.4477,645602200
2024-03-19,86.6928,90.5365,85.0030,89.3906,666158760
2024-03-20,89.7896,90.4025,88.2157,90.3645,469388370
2024-03-21,92.2924,92.6403,90.3975,91.4274,478255770
2024-03-22,91.1335,94.7702,90.8265,94.2812,582370130
2024-03-25,93.9332,96.7580,93.5023,94.9941,546844400
2024-03-26,95.8431,96.3670,92.4944,92.5533,505269610
2024-03-27,93.1043,93.2323,89.1156,90.2425,582061350
2024-03-28,89.9926,91.2924,89.1856,90.3485,435212270
2024-04-01,90.2915,92.2174,89.1966,90.3555,448117330
2024-04-02,88.4407,90.0865,87.6128,89.4446,431379350
2024-04-03,88.4767,90.3665,88.3927,88.9566,367591260
2024-04-04,90.3985,90.6265,85.8729,85.8979,431018170
2024-04-05,86.8588,88.4737,85.9189,88.0007,397617990
2024-04-08,88.6927,88.8227,86.7248,87.1258,279075320
2024-04-09,87.4348,87.6278,83.0151,85.3469,499779740
2024-04-10,83.9191,87.3928,83.7021,87.0318,428907700
2024-04-11,87.4128,90.7315,86.9188,90.6085,427376920
2024-04-12,89.6916,90.1675,87.5228,88.1787,421609160
2024-04-15,89.0906,90.6055,85.9219,85.9939,438439960
2024-04-16,86.4254,88.1107,86.0568,87.4078,368178930
2024-04-17,88.3327,88.7677,83.9431,84.0281,490922310
2024-04-18,84.9630,86.1829,82.3952,84.6640,443842720
2024-04-19,83.1431,84.3170,75.5997,76.1937,870081930
2024-04-22,78.0975,80.0664,76.3937,79.5114,594585320
2024-04-23,80.7623,82.7622,80.2574,82.4162,430047180
2024-04-24,83.9431,84.0750,79.1765,79.6704,501985350
2024-04-25,78.8615,83.3161,78.2165,82.6252,415768230
2024-04-26,83.8111,88.3236,83.3801,87.7277,546664850
2024-04-29,87.5878,87.9847,85.2589,87.7497,385884050
2024-04-30,87.2328,88.8117,86.2929,86.3949,348441050
2024-05-01,85.0700,85.9929,81.2478,83.0341,553531080
2024-05-02,84.4420,86.2299,83.1931,85.8099,363157950
2024-05-03,87.7817,89.2736,87.0328,88.7817,396131370
2024-05-06,89.3826,92.2124,89.0476,92.1324,370183340
2024-05-07,91.0905,91.7734,82.3182,90.5465,436262200
2024-05-08,89.4751,91.1865,89.4126,90.4045,322386020
2024-05-09,90.5215,91.0645,88.2237,88.7397,375424630
2024-05-10,90.2970,91.3934,89.2196,89.8706,332367890
2024-05-13,90.4705,90.9905,88.5217,90.3915,287268600
2024-05-14,89.5916,91.6434,88.9266,91.3484,294770650
2024-05-15,92.4644,94.8542,91.5914,94.6222,411683830
2024-05-16,94.9022,95.8111,94.0952,94.3512,320855810
2024-05-17,94.3612,94.7322,91.7984,92.4714,346462030
2024-05-20,93.7422,95.1921,93.4323,94.7722,315890530
2024-05-21,93.5913,95.3921,93.1723,95.3781,323110950
2024-05-22,95.4511,96.0121,93.2413,94.9421,545479500
2024-05-23,102.0196,106.3112,101.5116,103.7904,829304970
2024-05-24,104.4404,106.4662,102.9915,106.4602,429493670
2024-05-28,110.2349,114.9295,109.8739,113.8916,636066820
2024-05-29,113.0407,115.4824,110.8918,114.8155,547136740
2024-05-30,114.6405,115.8094,109.6539,110.4909,475803120
2024-05-31,112.5107,112.7077,106.9312,109.6239,606022570
2024-06-03,113.6116,114.9905,111.9937,114.9905,428183230
2024-06-04,115.7064,116.5904,114.0356,116.4274,395377950
2024-06-05,118.3612,122.4389,117.4583,122.4299,512092670
2024-06-06,124.0377,125.5766,118.3102,120.9880,655351140
2024-06-07,119.7601,121.6819,118.0122,120.8780,401361050
2024-06-10,120.3600,123.0900,117.0003,121.7799,308134791
2024-06-11,121.7700,122.8700,118.7400,120.9100,220851006
2024-06-12,123.0600,126.8800,122.5700,125.2000,295017733
2024-06-13,129.3900,129.8000,127.1600,129.6100,255595871
2024-06-14,129.9600,132.8400,128.3200,131.8800,306998763
2024-06-17,132.9900,133.7300,129.5800,130.9800,283561605
2024-06-18,131.1400,136.3300,130.6900,135.5800,289167796
2024-06-20,139.8000,140.7600,129.5200,130.7800,511574620
2024-06-21,127.1200,130.6300,124.3000,126.5700,650520339
2024-06-24,123.2400,124.4600,118.0400,118.1100,464368615
2024-06-25,121.2000,126.5000,119.3200,126.0900,414180592
2024-06-26,126.1300,128.1200,122.6000,126.4000,352726348
2024-06-27,124.1000,126.4100,122.9200,123.9900,249312431
2024-06-28,124.5800,127.7100,122.7500,123.5400,307573075
2024-07-01,123.4700,124.8400,118.8300,124.3000,278261862
2024-07-02,121.1300,123.4100,121.0300,122.6700,215115914
2024-07-03,121.6600,128.2800,121.3600,128.2800,215092591
2024-07-05,127.3800,128.8500,125.6800,125.8300,211496224
2024-07-08,127.4900,130.7700,127.0400,128.2000,232099828
2024-07-09,130.3500,133.8200,128.6500,131.3800,280745707
2024-07-10,134.0300,135.1000,132.4200,134.9100,235970128
2024-07-11,135.7500,136.1500,127.0500,127.4000,369430268
2024-07-12,128.2600,131.9200,127.2200,129.2400,248061656
2024-07-15,130.5600,131.3900,127.1800,128.4400,203273915
2024-07-16,128.4400,129.0400,124.5800,126.3600,208957902
2024-07-17,121.3500,121.8500,116.7200,117.9900,386394246
2024-07-18,121.8500,122.4000,116.5600,121.0900,317108308
2024-07-19,120.3500,121.6000,117.3700,117.9300,213141947
2024-07-22,120.3500,124.0700,119.8600,123.5400,252932622
2024-07-23,122.7800,124.6900,122.1000,122.5900,168199314
2024-07-24,119.1700,119.9500,113.4400,114.2500,317416943
2024-07-25,113.0400,116.6300,106.3000,112.2800,455377876
2024-07-26,116.1900,116.2000,111.5800,113.0600,292017507
2024-07-29,113.6900,116.2800,111.3000,111.5900,243157687
2024-07-30,111.5200,111.9900,102.5400,103.7300,464737833
2024-07-31,112.9000,118.3400,110.8800,117.0200,458447863
2024-08-01,117.5300,120.1600,106.8104,109.2100,517789985
2024-08-02,103.7600,108.7200,101.3700,107.2700,476037965
2024-08-05,92.0600,103.4100,90.6900,100.4500,551032636
2024-08-06,103.8400,107.7100,100.5500,104.2500,393073388
2024-08-07,107.8100,108.8000,98.6900,98.9100,399117481
