Date,Open,High,Low,Close,Volume
1986-08-14,0.2053,0.2125,0.2053,0.2053,2080000
1986-08-15,0.2053,0.2053,0.2015,0.2015,2166400
1986-08-18,0.2015,0.2015,0.1943,0.1943,1414400
1986-08-19,0.1978,0.2015,0.1978,0.1978,1030400
1986-08-20,0.1978,0.2087,0.1978,0.1978,342400
1986-08-21,0.2053,0.2159,0.2053,0.2053,441600
1986-08-22,0.2053,0.2125,0.2053,0.2053,867200
1986-08-25,0.2053,0.2053,0.1978,0.1978,313600
1986-08-26,0.1978,0.2053,0.1978,0.1978,396800
1986-08-27,0.1978,0.2015,0.1978,0.1978,1270400
1986-08-28,0.1978,0.2015,0.1889,0.1889,777600
1986-08-29,0.1889,0.2015,0.1889,0.1889,774400
1986-09-02,0.2053,0.2125,0.2053,0.2053,534400
1986-09-03,0.2053,0.2159,0.2053,0.2053,201600
1986-09-04,0.2303,0.2375,0.2303,0.2303,902400
1986-09-05,0.2303,0.2375,0.2266,0.2266,1068800
1986-09-08,0.2266,0.2341,0.2231,0.2231,246400
1986-09-09,0.2303,0.2413,0.2303,0.2303,249600
1986-09-10,0.2413,0.2519,0.2413,0.2413,467200
1986-09-11,0.2231,0.2231,0.2125,0.2125,899200
1986-09-12,0.2159,0.2231,0.2159,0.2159,643200
1986-09-15,0.2375,0.2465,0.2375,0.2375,499200
1986-09-16,0.2465,0.2591,0.2465,0.2465,627200
1986-09-17,0.2663,0.2735,0.2663,0.2663,678400
1986-09-18,0.2663,0.2753,0.2663,0.2663,176000
1986-09-19,0.2663,0.2753,0.2663,0.2663,512000
1986-09-22,0.2663,0.2663,0.2554,0.2554,390400
1986-09-23,0.2554,0.2591,0.2465,0.2465,899200
1986-09-24,0.2519,0.2629,0.2519,0.2519,656000
1986-09-25,0.2519,0.2591,0.2447,0.2447,828800
1986-09-26,0.2447,0.2554,0.2447,0.2447,384000
1986-09-29,0.2465,0.2554,0.2465,0.2465,236800
1986-09-30,0.2465,0.2629,0.2465,0.2465,96000
1986-10-01,0.2465,0.2629,0.2465,0.2465,185600
1986-10-02,0.2465,0.2629,0.2465,0.2465,112000
1986-10-03,0.2465,0.2591,0.2465,0.2465,22400
1986-10-06,0.2519,0.2629,0.2519,0.2519,64000
1986-10-07,0.2519,0.2629,0.2519,0.2519,99200
1986-10-08,0.2519,0.2629,0.2519,0.2519,102400
1986-10-09,0.2519,0.2629,0.2519,0.2519,396800
1986-10-10,0.2519,0.2629,0.2519,0.2519,112000
1986-10-13,0.2554,0.2629,0.2554,0.2554,227200
1986-10-14,0.2554,0.2663,0.2554,0.2554,240000
1986-10-15,0.2554,0.2663,0.2554,0.2554,176000
1986-10-16,0.2554,0.2554,0.2554,0.2554,0
1986-10-17,0.2554,0.2663,0.2554,0.2554,41600
1986-10-20,0.2554,0.2663,0.2554,0.2554,22400
1986-10-21,0.2629,0.2701,0.2629,0.2629,163200
1986-10-22,0.2663,0.2735,0.2663,0.2663,550400
1986-10-23,0.2701,0.2753,0.2701,0.2701,371200
1986-10-24,0.2917,0.2989,0.2917,0.2917,825600
1986-10-27,0.2951,0.3023,0.2951,0.2951,364800
1986-10-28,0.2951,0.3023,0.2951,0.2951,902400
1986-10-29,0.3239,0.3311,0.3239,0.3239,5833600
1986-10-30,0.3418,0.3455,0.3418,0.3418,1075200
1986-10-31,0.3418,0.3418,0.3346,0.3346,995200
1986-11-03,0.3328,0.3328,0.3239,0.3239,694400
1986-11-04,0.3239,0.3239,0.3167,0.3167,1001600
1986-11-05,0.3167,0.3239,0.3130,0.3130,547200
1986-11-06,0.3205,0.3277,0.3205,0.3205,1164800
1986-11-07,0.3239,0.3328,0.3239,0.3239,547200
1986-11-10,0.3311,0.3383,0.3311,0.3311,1264000
1986-11-11,0.3311,0.3328,0.3311,0.3311,438400
1986-11-12,0.3311,0.3383,0.3311,0.3311,220800
1986-11-13,0.3311,0.3328,0.3277,0.3277,275200
1986-11-14,0.3311,0.3383,0.3311,0.3311,224000
1986-11-17,0.3311,0.3328,0.3277,0.3277,342400
1986-11-18,0.3277,0.3311,0.3205,0.3205,531200
1986-11-19,0.3205,0.3277,0.3205,0.3205,182400
1986-11-20,0.3205,0.3277,0.3205,0.3205,227200
1986-11-21,0.3205,0.3277,0.3205,0.3205,44800
1986-11-24,0.3205,0.3277,0.3205,0.3205,128000
1986-11-25,0.3205,0.3277,0.3205,0.3205,259200
1986-11-26,0.3400,0.3455,0.3400,0.3400,832000
1986-11-28,0.3527,0.3599,0.3527,0.3527,259200
1986-12-01,0.3527,0.3599,0.3492,0.3492,342400
1986-12-02,0.3564,0.3616,0.3564,0.3564,454400
1986-12-03,0.3564,0.3599,0.3527,0.3527,211200
1986-12-04,0.3564,0.3616,0.3564,0.3564,742400
1986-12-05,0.3616,0.3706,0.3616,0.3616,816000
1986-12-08,0.3815,0.3887,0.3815,0.3815,1360000
1986-12-09,0.3743,0.3743,0.3671,0.3671,2281600
1986-12-10,0.3671,0.3743,0.3671,0.3671,1596800
1986-12-11,0.3455,0.3455,0.3418,0.3418,3667200
1986-12-12,0.3455,0.3564,0.3455,0.3455,246400
1986-12-15,0.3455,0.3527,0.3418,0.3418,140800
1986-12-16,0.3418,0.3418,0.3383,0.3383,2102400
1986-12-17,0.3383,0.3383,0.3328,0.3328,1558400
1986-12-18,0.3383,0.3418,0.3383,0.3383,483200
1986-12-19,0.3383,0.3455,0.3383,0.3383,310400
1986-12-22,0.3383,0.3492,0.3383,0.3383,899200
1986-12-23,0.3527,0.3599,0.3527,0.3527,1859200
1986-12-24,0.3616,0.3706,0.3616,0.3616,768000
1986-12-26,0.3671,0.3743,0.3671,0.3671,32000
1986-12-29,0.3616,0.3616,0.3564,0.3564,1174400
1986-12-30,0.3599,0.3671,0.3599,0.3599,272000
1986-12-31,0.3671,0.3780,0.3671,0.3671,1760000
1987-01-02,0.3743,0.3815,0.3743,0.3743,332800
1987-01-05,0.3852,0.3904,0.3852,0.3852,371200
1987-01-06,0.3887,0.3993,0.3887,0.3887,1552000
1987-01-07,0.3904,0.3993,0.3904,0.3904,1184000
1987-01-08,0.4068,0.4103,0.4068,0.4068,1017600
1987-01-09,0.4068,0.4175,0.4068,0.4068,956800
1987-01-12,0.4247,0.4319,0.4247,0.4247,1628800
1987-01-13,0.4319,0.4391,0.4319,0.4319,1136000
1987-01-14,0.4428,0.4463,0.4428,0.4428,1273600
1987-01-15,0.4463,0.4535,0.4463,0.4463,2300800
1987-01-16,0.4480,0.4569,0.4480,0.4480,2528000
1987-01-19,0.4679,0.4751,0.4679,0.4679,3760000
1987-01-20,0.5004,0.5111,0.5004,0.5004,3558400
1987-01-21,0.5004,0.5056,0.4967,0.4967,1001600
1987-01-22,0.4967,0.5039,0.4895,0.4895,1209600
1987-01-23,0.5255,0.5327,0.5255,0.5255,2998400
1987-01-26,0.5220,0.5220,0.5111,0.5111,1984000
1987-01-27,0.5183,0.5255,0.5183,0.5183,752000
1987-01-28,0.5183,0.5255,0.5183,0.5183,268800
1987-01-29,0.5056,0.5056,0.4967,0.4967,518400
1987-01-30,0.4967,0.4967,0.4895,0.4895,720000
1987-02-02,0.4967,0.5004,0.4967,0.4967,640000
1987-02-03,0.4967,0.5183,0.4967,0.5111,4179200
1987-02-04,0.5111,0.5183,0.5111,0.5183,2246400
1987-02-05,0.5183,0.5327,0.5145,0.5327,2032000
1987-02-06,0.5327,0.5327,0.5255,0.5327,1177600
1987-02-09,0.5327,0.5433,0.5327,0.5327,1158400
1987-02-10,0.5344,0.5471,0.5344,0.5399,1280000
1987-02-11,0.5399,0.5830,0.5344,0.5830,2412800
1987-02-12,0.5868,0.6156,0.5868,0.6156,1875200
1987-02-13,0.6156,0.6444,0.6046,0.6444,1203200
1987-02-17,0.6444,0.6585,0.6406,0.6550,1043200
1987-02-18,0.6550,0.6732,0.6478,0.6622,1142400
1987-02-19,0.6622,0.6732,0.6190,0.6372,1718400
1987-02-20,0.6334,0.6334,0.5686,0.5796,4707200
1987-02-23,0.5796,0.6118,0.5758,0.5974,3795200
1987-02-24,0.6084,0.6406,0.6084,0.6334,2064000
1987-02-25,0.6334,0.6550,0.6334,0.6406,1993600
1987-02-26,0.6406,0.6496,0.6406,0.6406,940800
1987-02-27,0.6406,0.6550,0.6406,0.6550,176000
1987-03-02,0.6550,0.6585,0.6444,0.6585,1689600
1987-03-03,0.6585,0.7342,0.6550,0.7342,9555200
1987-03-04,0.7630,0.8099,0.7630,0.7918,5190400
1987-03-05,0.7918,0.8387,0.7846,0.7990,4598400
1987-03-06,0.7990,0.8134,0.7883,0.7918,457600
1987-03-09,0.7918,0.8134,0.7918,0.8134,1353600
1987-03-10,0.8134,0.8206,0.7918,0.8206,1004800
1987-03-11,0.8206,0.8566,0.8062,0.8511,9001600
1987-03-12,0.8511,0.8998,0.8494,0.8854,6500800
1987-03-13,0.8854,0.9645,0.8062,0.9645,6492800
1987-03-16,0.9645,1.0149,0.9573,1.0077,5433600
1987-03-17,1.0077,1.0221,0.9070,0.9645,6216000
1987-03-18,0.9645,0.9789,0.9213,0.9251,15830400
1987-03-19,0.9285,0.9501,0.9285,0.9357,9203200
1987-03-20,0.9357,0.9501,0.8926,0.8998,3155200
1987-03-23,0.8998,0.9357,0.8134,0.8206,4195200
1987-03-24,0.8206,0.8638,0.8206,0.8494,6064000
1987-03-25,0.8494,0.8926,0.8422,0.8638,3779200
1987-03-26,0.8854,0.9357,0.8854,0.9213,4828800
1987-03-27,0.9213,0.9645,0.9142,0.9501,3683200
1987-03-30,0.9501,0.9501,0.8782,0.9070,4614400
1987-03-31,0.9213,1.0149,0.9213,0.9933,6038400
1987-04-01,0.9933,1.0869,0.9213,1.0365,7161600
1987-04-02,1.0797,1.1805,1.0797,1.1517,12108800
1987-04-03,1.1517,1.1877,1.1373,1.1373,14505600
1987-04-06,1.1517,1.2237,1.1517,1.2021,9660800
1987-04-07,1.2093,1.2597,1.2093,1.2165,6822400
1987-04-08,1.2165,1.2381,1.1949,1.2165,2486400
1987-04-09,1.2165,1.2309,1.1373,1.1589,3577600
1987-04-10,1.1589,1.1661,1.1301,1.1373,3724800
1987-04-13,1.1373,1.1517,1.0941,1.1229,1363200
1987-04-14,1.0978,1.0978,1.0221,1.0365,5552000
1987-04-15,1.0365,1.0653,1.0005,1.0653,4128000
1987-04-16,1.0725,1.2381,1.0725,1.1661,7075200
1987-04-20,1.1661,1.1805,1.1085,1.1085,1107200
1987-04-21,1.1085,1.1661,1.1085,1.1661,1648000
1987-04-22,1.1661,1.2093,1.1661,1.2093,2880000
1987-04-23,1.2093,1.2093,1.1949,1.1949,1024000
1987-04-24,1.1949,1.2093,1.1661,1.1949,748800
1987-04-27,1.1949,1.2093,1.1661,1.1949,3913600
1987-04-28,1.1949,1.3388,1.1949,1.3172,13129600
1987-04-29,1.3388,1.4252,1.3388,1.3964,4294400
1987-04-30,1.3964,1.4396,1.3892,1.3964,7305600
1987-05-01,1.3964,1.4108,1.3820,1.4036,5907200
1987-05-04,1.4036,1.4108,1.3820,1.3930,1094400
1987-05-05,1.3930,1.5548,1.3820,1.5548,5740800
1987-05-06,1.5548,1.6124,1.5332,1.5332,3500800
1987-05-07,1.5332,1.5692,1.5332,1.5548,2294400
1987-05-08,1.5548,1.5836,1.5404,1.5548,1081600
1987-05-11,1.5548,1.5836,1.5116,1.5188,2195200
1987-05-12,1.5188,1.5404,1.4756,1.4828,2736000
1987-05-13,1.4972,1.5476,1.4972,1.5116,2979200
1987-05-14,1.5188,1.5404,1.5188,1.5260,1376000
1987-05-15,1.5260,1.5404,1.4684,1.4684,1699200
1987-05-18,1.4684,1.4828,1.3388,1.4684,7731200
1987-05-19,1.4684,1.4684,1.3532,1.3532,2598400
1987-05-20,1.3532,1.3820,1.3100,1.3604,2400000
1987-05-21,1.3676,1.4108,1.3676,1.3981,4025600
1987-05-22,1.3981,1.4252,1.3676,1.3964,1795200
1987-05-26,1.3964,1.4108,1.3892,1.3892,678400
1987-05-27,1.3892,1.4108,1.3820,1.3892,2249600
1987-05-28,1.3892,1.4108,1.3532,1.3892,2275200
1987-05-29,1.3892,1.3964,1.3748,1.3820,4432000
1987-06-01,1.3820,1.3964,1.3676,1.3676,931200
1987-06-02,1.3676,1.4180,1.3676,1.3676,1142400
1987-06-03,1.3676,1.3820,1.2813,1.2813,3289600
1987-06-04,1.2813,1.3100,1.1517,1.2237,5968000
1987-06-05,1.2237,1.2381,1.1157,1.1517,11216000
1987-06-08,1.0941,1.0941,0.9501,0.9933,13366400
1987-06-09,1.0365,1.1157,1.0365,1.1013,17593600
1987-06-10,1.1013,1.1373,1.0005,1.0509,9334400
1987-06-11,1.0509,1.0653,0.9501,0.9501,15100800
1987-06-12,0.9501,1.0221,0.8998,0.9717,21081600
1987-06-15,0.9717,0.9789,0.8062,0.9070,15987200
1987-06-16,0.9142,1.0509,0.9142,1.0509,17817600
1987-06-17,1.0509,1.1229,1.0509,1.0941,12185600
1987-06-18,1.0941,1.0941,1.0365,1.0797,4102400
1987-06-19,1.0797,1.0941,1.0509,1.0653,2713600
1987-06-22,1.0653,1.0941,1.0653,1.0653,905600
1987-06-23,1.0653,1.0941,1.0653,1.0653,2617600
1987-06-24,1.0653,1.0797,1.0509,1.0509,2732800
1987-06-25,1.0509,1.0797,0.9717,0.9752,2937600
1987-06-26,0.9752,1.0365,0.9285,1.0365,3638400
1987-06-29,1.0365,1.0365,1.0005,1.0077,1744000
1987-06-30,1.0077,1.0365,1.0005,1.0005,3459200
1987-07-01,1.0005,1.0221,0.9861,1.0077,1020800
1987-07-02,1.0077,1.0221,0.9789,1.0221,1120000
1987-07-06,1.0221,1.0221,0.9645,0.9645,2192000
1987-07-07,0.9645,0.9789,0.8638,0.8710,6492800
1987-07-08,0.8710,0.9861,0.8638,0.9645,5427200
1987-07-09,0.9645,1.0077,0.9429,0.9933,4000000
1987-07-10,0.9933,1.0221,0.9573,0.9573,3449600
1987-07-13,0.9573,0.9645,0.9070,0.9357,5945600
1987-07-14,0.9501,1.0653,0.9501,1.0365,6492800
1987-07-15,1.0221,1.0221,0.9789,0.9933,7180800
1987-07-16,0.9861,0.9861,0.9501,0.9645,4828800
1987-07-17,0.9645,0.9933,0.9645,0.9645,1328000
1987-07-20,0.9645,0.9789,0.9357,0.9501,822400
1987-07-21,0.9501,0.9717,0.9357,0.9573,3161600
1987-07-22,0.9573,0.9573,0.9357,0.9357,1680000
1987-07-23,0.9357,0.9501,0.8854,0.9142,4620800
1987-07-24,0.9142,0.9357,0.8998,0.9285,1312000
1987-07-27,0.9285,1.0005,0.9285,1.0005,2185600
1987-07-28,1.0005,1.0077,0.9501,0.9611,1267200
1987-07-29,0.9611,0.9789,0.8926,0.9213,4390400
1987-07-30,0.9213,0.9429,0.8926,0.9429,3257600
1987-07-31,0.9429,0.9645,0.9213,0.9501,6019200
1987-08-03,0.9501,0.9645,0.9213,0.9213,1561600
1987-08-04,0.9213,0.9213,0.8638,0.9142,3472000
1987-08-05,0.9142,0.9357,0.8926,0.9357,6953600
1987-08-06,0.9357,1.0005,0.9142,0.9789,9267200
1987-08-07,1.0005,1.0509,1.0005,1.0509,13011200
1987-08-10,1.0509,1.0941,1.0365,1.0653,2016000
1987-08-11,1.0725,1.1301,1.0725,1.1157,5430400
1987-08-12,1.1157,1.1229,1.0653,1.0653,3040000
1987-08-13,1.0653,1.0941,1.0653,1.0653,3945600
1987-08-14,1.0653,1.0869,1.0365,1.0437,1945600
1987-08-17,1.0437,1.0653,1.0365,1.0653,48000
1987-08-18,1.0653,1.0653,0.9789,1.0077,2425600
1987-08-19,1.0077,1.0187,0.9789,1.0149,4595200
1987-08-20,1.0221,1.0653,1.0221,1.0653,2064000
1987-08-21,1.0653,1.0653,1.0293,1.0293,454400
1987-08-24,1.0293,1.0509,1.0077,1.0149,1932800
1987-08-25,1.0149,1.0797,1.0077,1.0691,4352000
1987-08-26,1.0691,1.0797,1.0221,1.0221,1897600
1987-08-27,1.0221,1.0293,1.0077,1.0221,3030400
1987-08-28,1.0149,1.0149,0.9573,0.9717,3494400
1987-08-31,0.9645,0.9645,0.9142,0.9285,5763200
1987-09-01,0.9285,1.0077,0.9142,0.9645,4880000
1987-09-02,0.9645,0.9789,0.9357,0.9573,2054400
1987-09-03,0.9645,0.9789,0.9645,0.9645,2089600
1987-09-04,0.9645,0.9933,0.9645,0.9717,2588800
1987-09-08,0.9717,0.9789,0.9213,0.9357,3609600
1987-09-09,0.9357,0.9933,0.9357,0.9663,1328000
1987-09-10,0.9663,1.0509,0.9645,1.0509,4070400
1987-09-11,1.0509,1.0797,1.0365,1.0365,3440000
1987-09-14,1.0365,1.0581,1.0149,1.0149,2768000
1987-09-15,1.0149,1.0221,0.9645,0.9861,2006400
1987-09-16,0.9861,1.0221,0.9789,1.0005,3628800
1987-09-17,1.0005,1.1085,0.9933,1.0797,8064000
1987-09-18,1.0797,1.1229,1.0797,1.0941,6044800
1987-09-21,1.0725,1.0725,1.0149,1.0509,4339200
1987-09-22,1.0509,1.0797,1.0221,1.0725,1411200
1987-09-23,1.0725,1.0869,1.0509,1.0725,1123200
1987-09-24,1.0725,1.0725,1.0509,1.0653,342400
1987-09-25,1.0653,1.0941,1.0509,1.0941,1168000
1987-09-28,1.0941,1.1373,1.0797,1.1301,6729600
1987-09-29,1.1301,1.1445,1.1229,1.1445,4099200
1987-09-30,1.1445,1.1445,1.0941,1.1085,2524800
1987-10-01,1.1085,1.1805,1.0941,1.1661,4857600
1987-10-02,1.1661,1.2956,1.1517,1.2813,9689600
1987-10-05,1.2813,1.3100,1.2597,1.2956,3977600
1987-10-06,1.2956,1.3100,1.2237,1.2309,5289600
1987-10-07,1.2309,1.2525,1.1661,1.1805,3347200
1987-10-08,1.1805,1.1805,1.1229,1.1229,3385600
1987-10-09,1.1229,1.1661,1.1229,1.1229,2185600
1987-10-12,1.1229,1.1661,1.0509,1.1013,3462400
1987-10-13,1.1013,1.1445,1.0941,1.1013,2374400
1987-10-14,1.1013,1.1373,1.1013,1.1229,1062400
1987-10-15,1.1229,1.1805,1.0941,1.1373,3385600
1987-10-16,1.1373,1.1554,1.0365,1.0941,7404800
1987-10-19,1.0653,1.0653,0.8638,0.8638,7331200
1987-10-20,0.8638,0.8638,0.6406,0.7630,8611200
1987-10-21,0.8062,0.8638,0.8062,0.8134,10083200
1987-10-22,0.7918,0.7918,0.6982,0.7198,5942400
1987-10-23,0.7126,0.7126,0.5902,0.6190,4265600
1987-10-26,0.5902,0.5902,0.4607,0.4751,3868800
1987-10-27,0.4751,0.5471,0.4031,0.4247,7616000
1987-10-28,0.4247,0.4895,0.3743,0.4247,6966400
1987-10-29,0.4247,0.5902,0.4175,0.5614,9286400
1987-10-30,0.6478,0.7270,0.6478,0.6478,13737600
1987-11-02,0.6478,0.7198,0.6334,0.7198,5712000
1987-11-03,0.7198,0.7198,0.6478,0.6766,7952000
1987-11-04,0.6766,0.7198,0.6478,0.6766,5254400
1987-11-05,0.6838,0.7198,0.6838,0.6910,3091200
1987-11-06,0.6910,0.6982,0.6334,0.6406,3484800
1987-11-09,0.6406,0.6622,0.5902,0.6622,3139200
1987-11-10,0.6478,0.6478,0.6190,0.6478,2105600
1987-11-11,0.6622,0.6910,0.6622,0.6622,1843200
1987-11-12,0.6838,0.7486,0.6838,0.7198,2377600
1987-11-13,0.7198,0.7198,0.6622,0.6766,1996800
1987-11-16,0.6766,0.7198,0.6766,0.6766,1408000
1987-11-17,0.6766,0.6838,0.6334,0.6622,1974400
1987-11-18,0.6622,0.6766,0.6334,0.6766,2844800
1987-11-19,0.6766,0.6766,0.6406,0.6406,3043200
1987-11-20,0.6406,0.6478,0.6046,0.6334,4105600
1987-11-23,0.6334,0.6910,0.6190,0.6694,988800
1987-11-24,0.6910,0.7342,0.6910,0.7054,2512000
1987-11-25,0.7198,0.7918,0.7198,0.7630,6156800
1987-11-27,0.7630,0.7702,0.7342,0.7486,1721600
1987-11-30,0.7414,0.7414,0.6766,0.6982,4956800
1987-12-01,0.6982,0.7198,0.6910,0.6982,5785600
1987-12-02,0.6982,0.7198,0.6910,0.7198,1209600
1987-12-03,0.7198,0.7342,0.6982,0.6982,2896000
1987-12-04,0.6982,0.6982,0.6622,0.6910,2896000
1987-12-07,0.6910,0.6910,0.6694,0.6766,2544000
1987-12-08,0.6766,0.7198,0.6766,0.7054,992000
1987-12-09,0.7054,0.7630,0.7054,0.7630,752000
1987-12-10,0.7630,0.8062,0.7054,0.7846,3932800
1987-12-11,0.7846,0.8278,0.7702,0.7918,4665600
1987-12-14,0.7918,0.8638,0.7846,0.8494,3100800
1987-12-15,0.8494,0.8566,0.8350,0.8494,2377600
1987-12-16,0.8494,0.8638,0.8134,0.8494,2080000
1987-12-17,0.8494,0.8782,0.8134,0.8134,2457600
1987-12-18,0.8134,0.8350,0.8062,0.8206,1724800
1987-12-21,0.8206,0.8494,0.8134,0.8278,4441600
1987-12-22,0.8206,0.8206,0.7702,0.8062,5136000
1987-12-23,0.8062,0.8062,0.7774,0.7846,873600
1987-12-24,0.7846,0.7990,0.7774,0.7774,1926400
1987-12-28,0.7774,0.7918,0.7630,0.7774,1616000
1987-12-29,0.7774,0.8278,0.7774,0.7990,4073600
1987-12-30,0.8134,0.8494,0.8134,0.8350,2131200
1987-12-31,0.8350,0.8494,0.8206,0.8494,1430400
1988-01-04,0.8494,0.8782,0.8350,0.8566,1833600
1988-01-05,0.8638,0.9070,0.8638,0.8888,5766400
1988-01-06,0.8799,0.8799,0.8206,0.8350,8137600
1988-01-07,0.8350,0.8350,0.7774,0.8350,4720000
1988-01-08,0.8350,0.8350,0.7270,0.7702,4825600
1988-01-11,0.7702,0.7702,0.7054,0.7486,6640000
1988-01-12,0.7486,0.8350,0.7126,0.8278,11932800
1988-01-13,0.8278,0.8350,0.7774,0.8278,4620800
1988-01-14,0.8278,0.8566,0.7846,0.8134,2630400
1988-01-15,0.8134,0.8494,0.8062,0.8494,9046400
1988-01-18,0.8422,0.8422,0.8171,0.8223,3481600
1988-01-19,0.8223,0.8350,0.8062,0.8134,4950400
1988-01-20,0.8062,0.8062,0.6910,0.7161,8576000
1988-01-21,0.7161,0.7414,0.6838,0.7198,7145600
1988-01-22,0.7198,0.7414,0.7054,0.7342,4380800
1988-01-25,0.7342,0.7630,0.7198,0.7630,1254400
1988-01-26,0.7558,0.7558,0.7359,0.7414,1603200
1988-01-27,0.7414,0.7702,0.7414,0.7414,2723200
1988-01-28,0.7414,0.7558,0.7414,0.7558,256000
1988-01-29,0.7558,0.7702,0.7486,0.7630,2684800
1988-02-01,0.7630,0.7702,0.7486,0.7558,5568000
1988-02-02,0.7486,0.7486,0.7342,0.7486,3139200
1988-02-03,0.7414,0.7414,0.6910,0.7054,6550400
1988-02-04,0.7054,0.7054,0.6838,0.6910,2576000
1988-02-05,0.6910,0.7126,0.6838,0.7020,1993600
1988-02-08,0.7020,0.7054,0.6766,0.6910,4406400
1988-02-09,0.6910,0.7414,0.6766,0.7414,7705600
1988-02-10,0.7414,0.7630,0.7342,0.7630,3580800
1988-02-11,0.7630,0.7630,0.7198,0.7342,2406400
1988-02-12,0.7342,0.7486,0.7342,0.7486,1510400
1988-02-16,0.7486,0.7630,0.7342,0.7486,1734400
1988-02-17,0.7486,0.7630,0.7414,0.7414,2012800
1988-02-18,0.7414,0.7918,0.7414,0.7774,7484800
1988-02-19,0.7846,0.8278,0.7846,0.8206,2499200
1988-02-22,0.8206,0.8566,0.7990,0.8422,2652800
1988-02-23,0.8422,0.8638,0.8422,0.8566,4892800
1988-02-24,0.8566,0.8854,0.8422,0.8638,4835200
1988-02-25,0.8675,0.8854,0.8675,0.8710,5779200
1988-02-26,0.8710,0.8782,0.8062,0.8278,7846400
1988-02-29,0.8278,0.8566,0.8134,0.8350,2236800
1988-03-01,0.8494,0.8710,0.8494,0.8638,3811200
1988-03-02,0.8494,0.9142,0.8494,0.8926,3280000
1988-03-03,0.8998,0.9429,0.8926,0.9285,6262400
1988-03-04,0.9142,0.9357,0.8926,0.9213,2304000
1988-03-07,0.9213,0.9285,0.9142,0.9213,4032000
1988-03-08,0.9142,0.9429,0.9142,0.9429,3785600
1988-03-09,0.9285,0.9573,0.9285,0.9501,2268800
1988-03-10,0.9429,0.9573,0.8926,0.8926,4115200
1988-03-11,0.8926,0.9142,0.8638,0.8854,2396800
1988-03-14,0.8926,0.9285,0.8854,0.9213,1574400
1988-03-15,0.9213,0.9213,0.8926,0.9213,1836800
1988-03-16,0.9213,0.9357,0.8926,0.8963,3513600
1988-03-17,0.9070,0.9176,0.8350,0.8566,5500800
1988-03-18,0.8638,0.8782,0.8566,0.8638,4214400
1988-03-21,0.8710,0.9357,0.8566,0.9357,9932800
1988-03-22,0.9645,0.9789,0.9357,0.9573,6684800
1988-03-23,0.9285,0.9429,0.9213,0.9357,7286400
1988-03-24,0.9285,0.9429,0.9142,0.9429,5923200
1988-03-25,0.9429,0.9429,0.9070,0.9070,4505600
1988-03-28,0.8638,0.9213,0.8638,0.9070,2281600
1988-03-29,0.9501,0.9501,0.9142,0.9213,1500800
1988-03-30,0.9070,0.9142,0.8782,0.8998,1881600
1988-03-31,0.8782,0.8926,0.8638,0.8926,1363200
1988-04-04,0.8566,0.8710,0.8494,0.8566,2521600
1988-04-05,0.8638,0.8782,0.8566,0.8638,2246400
1988-04-06,0.8566,0.9357,0.8566,0.9142,3379200
1988-04-07,0.9501,0.9501,0.9070,0.9142,4393600
1988-04-08,0.9285,0.9717,0.9142,0.9645,3123200
1988-04-11,0.9717,1.0005,0.9717,0.9861,2294400
1988-04-12,0.9789,0.9933,0.9717,0.9861,787200
1988-04-13,0.9789,0.9861,0.9501,0.9573,963200
1988-04-14,0.9285,0.9357,0.9070,0.9142,2291200
1988-04-15,0.9070,0.9501,0.8710,0.9501,4902400
1988-04-18,0.9357,0.9717,0.9357,0.9717,1964800
1988-04-19,0.9717,0.9861,0.9645,0.9752,4579200
1988-04-20,0.9645,0.9789,0.9573,0.9645,1241600
1988-04-21,0.9789,0.9861,0.9645,0.9645,1251200
1988-04-22,0.9789,0.9789,0.9645,0.9789,537600
1988-04-25,0.9645,0.9899,0.9645,0.9861,6214400
1988-04-26,0.9933,1.0509,0.9789,1.0077,5875200
1988-04-27,1.0149,1.0293,1.0077,1.0221,2448000
1988-04-28,1.0293,1.0509,1.0077,1.0293,3827200
1988-04-29,1.0221,1.0365,1.0005,1.0077,3232000
1988-05-02,1.0221,1.0437,1.0005,1.0437,2403200
1988-05-03,1.0437,1.0653,1.0293,1.0509,7027200
1988-05-04,1.0509,1.0581,1.0437,1.0581,3494400
1988-05-05,1.0509,1.0653,1.0437,1.0437,5356800
1988-05-06,1.0437,1.0581,1.0437,1.0437,2499200
1988-05-09,1.0509,1.0509,1.0077,1.0077,1779200
1988-05-10,1.0221,1.0293,1.0077,1.0149,2224000
1988-05-11,1.0005,1.0077,0.9861,1.0077,1926400
1988-05-12,1.0077,1.0149,0.9861,0.9933,1033600
1988-05-13,0.9933,1.0077,0.9573,0.9717,1507200
1988-05-16,0.9717,1.0005,0.9717,1.0005,1436800
1988-05-17,1.0293,1.0293,0.9861,0.9861,822400
1988-05-18,0.9789,0.9933,0.9573,0.9645,4288000
1988-05-19,0.9501,0.9501,0.8926,0.9357,8150400
1988-05-20,0.9429,0.9429,0.9213,0.9285,2105600
1988-05-23,0.9357,0.9357,0.9070,0.9251,4681600
1988-05-24,0.9285,0.9645,0.9285,0.9573,1027200
1988-05-25,0.9429,0.9573,0.9429,0.9429,4409600
1988-05-26,0.9429,0.9789,0.9429,0.9789,3904000
1988-05-27,0.9717,0.9789,0.9645,0.9717,2393600
1988-05-31,0.9645,1.0149,0.9645,1.0149,3148800
1988-06-01,1.0365,1.0581,1.0149,1.0509,3996800
1988-06-02,1.0509,1.0544,1.0365,1.0544,1923200
1988-06-03,1.0581,1.1157,1.0581,1.0941,5401600
1988-06-06,1.1229,1.1301,1.0869,1.0978,2489600
1988-06-07,1.0941,1.1229,1.0941,1.1013,3468800
1988-06-08,1.1085,1.1589,1.1013,1.1445,10598400
1988-06-09,1.1373,1.1445,1.1085,1.1229,3616000
1988-06-10,1.1229,1.1373,1.1085,1.1301,2819200
1988-06-13,1.1373,1.1373,1.1229,1.1301,2777600
1988-06-14,1.1301,1.1517,1.1157,1.1229,1443200
1988-06-15,1.0941,1.1085,1.0869,1.0869,2982400
1988-06-16,1.0869,1.1013,1.0869,1.0941,1443200
1988-06-17,1.0869,1.1013,1.0869,1.0869,1907200
1988-06-20,1.1013,1.1373,1.0797,1.1229,4326400
1988-06-21,1.1373,1.1445,1.1229,1.1301,2780800
1988-06-22,1.1373,1.1589,1.1373,1.1373,2860800
1988-06-23,1.1517,1.1589,1.1373,1.1445,883200
1988-06-24,1.1589,1.1589,1.1445,1.1445,438400
1988-06-27,1.1445,1.1517,1.1229,1.1229,681600
1988-06-28,1.1229,1.1445,1.1229,1.1373,2211200
1988-06-29,1.1445,1.1517,1.1373,1.1445,2419200
1988-06-30,1.1445,1.1589,1.1445,1.1589,1763200
1988-07-01,1.1517,1.1733,1.1445,1.1733,4096000
1988-07-05,1.1661,1.1733,1.1479,1.1589,1286400
1988-07-06,1.1805,1.1877,1.1733,1.1733,1564800
1988-07-07,1.1733,1.2597,1.1733,1.2525,4435200
1988-07-08,1.2597,1.3100,1.2453,1.2453,5164800
1988-07-11,1.2597,1.2669,1.2453,1.2490,1916800
1988-07-12,1.2453,1.2597,1.2021,1.2021,1884800
1988-07-13,1.2237,1.2237,1.1949,1.2237,2899200
1988-07-14,1.2237,1.2669,1.2165,1.2597,2713600
1988-07-15,1.2597,1.2741,1.2597,1.2597,873600
1988-07-18,1.2764,1.2764,1.2403,1.2548,860800
1988-07-19,1.2403,1.2403,1.2115,1.2403,2169600
1988-07-20,1.2259,1.2403,1.1682,1.1899,3561600
1988-07-21,1.1826,1.2043,1.1538,1.1754,880000
1988-07-22,1.1610,1.1971,1.1538,1.1899,3040000
1988-07-25,1.1971,1.2403,1.1826,1.2403,2483200
1988-07-26,1.2259,1.2513,1.2115,1.2403,2598400
1988-07-27,1.2476,1.2548,1.1971,1.1971,1049600
1988-07-28,1.1971,1.2187,1.1826,1.1971,3280000
1988-07-29,1.2115,1.2115,1.1899,1.1971,649600
1988-08-01,1.2043,1.2187,1.1971,1.2043,2012800
1988-08-02,1.2115,1.2187,1.1899,1.1971,1267200
1988-08-03,1.1971,1.2187,1.1971,1.2077,1024000
1988-08-04,1.1971,1.2259,1.1899,1.1899,3036800
1988-08-05,1.1971,1.1971,1.1394,1.1682,2832000
1988-08-08,1.1538,1.1826,1.1538,1.1754,2646400
1988-08-09,1.1826,1.1826,1.1322,1.1394,3148800
1988-08-10,1.1322,1.1466,1.0817,1.0961,3996800
1988-08-11,1.0961,1.1105,1.0817,1.1033,7468800
1988-08-12,1.1033,1.1033,1.0889,1.0961,2524800
1988-08-15,1.1033,1.1033,1.0673,1.0745,3145600
1988-08-16,1.0601,1.1105,1.0384,1.0961,10611200
1988-08-17,1.1033,1.1105,1.0673,1.0817,1484800
1988-08-18,1.0745,1.0745,1.0240,1.0384,4646400
1988-08-19,1.0384,1.0384,1.0096,1.0096,2889600
1988-08-22,1.0096,1.0240,1.0024,1.0133,6870400
1988-08-23,1.0168,1.0384,1.0168,1.0240,3020800
1988-08-24,1.0312,1.0673,1.0240,1.0456,2406400
1988-08-25,1.0384,1.0673,1.0240,1.0673,2454400
1988-08-26,1.0673,1.0889,1.0528,1.0817,652800
1988-08-29,1.0817,1.1250,1.0817,1.1250,1571200
1988-08-30,1.1177,1.1466,1.1105,1.1359,3526400
1988-08-31,1.1322,1.1466,1.1105,1.1250,2672000
1988-09-01,1.0961,1.1033,1.0673,1.0852,1516800
1988-09-02,1.0961,1.1177,1.0889,1.1033,2617600
1988-09-06,1.1033,1.1250,1.1033,1.1177,1459200
1988-09-07,1.1033,1.1250,1.0745,1.0745,2230400
1988-09-08,1.0889,1.1105,1.0601,1.0889,5206400
1988-09-09,1.0924,1.1466,1.0817,1.1428,5756800
1988-09-12,1.1322,1.1538,1.1322,1.1466,3948800
1988-09-13,1.1322,1.1466,1.1250,1.1322,2115200
1988-09-14,1.1466,1.1682,1.1466,1.1682,1100800
1988-09-15,1.1466,1.1826,1.1466,1.1610,2121600
1988-09-16,1.1538,1.1682,1.1394,1.1682,1676800
1988-09-19,1.1538,1.1682,1.1394,1.1610,1123200
1988-09-20,1.1682,1.2403,1.1538,1.2259,5484800
1988-09-21,1.2403,1.2764,1.2259,1.2620,6361600
1988-09-22,1.2548,1.2692,1.2403,1.2548,8476800
1988-09-23,1.2499,1.2499,1.2354,1.2354,2572800
1988-09-26,1.2499,1.2499,1.2138,1.2138,1123200
1988-09-27,1.2138,1.2282,1.2065,1.2138,2121600
1988-09-28,1.2065,1.2210,1.1993,1.1993,441600
1988-09-29,1.2138,1.2571,1.2065,1.2499,3798400
1988-09-30,1.2499,1.2932,1.2499,1.2571,1731200
1988-10-03,1.2427,1.2643,1.2354,1.2643,1846400
1988-10-04,1.2643,1.3366,1.2571,1.3005,7209600
1988-10-05,1.2932,1.3221,1.2932,1.2932,5411200
1988-10-06,1.2932,1.3294,1.2932,1.3149,5686400
1988-10-07,1.3221,1.3221,1.2571,1.2788,6409600
1988-10-10,1.2788,1.2860,1.2571,1.2716,7628800
1988-10-11,1.2716,1.2860,1.2716,1.2860,3673600
1988-10-12,1.2860,1.2860,1.2427,1.2716,3900800
1988-10-13,1.2499,1.2788,1.2499,1.2753,5747200
1988-10-14,1.2932,1.3438,1.2788,1.3221,13926400
1988-10-17,1.3294,1.3294,1.3077,1.3221,3497600
1988-10-18,1.3149,1.3294,1.3149,1.3294,6387200
1988-10-19,1.3438,1.3727,1.3438,1.3655,7216000
1988-10-20,1.3727,1.4305,1.3727,1.4233,7910400
1988-10-21,1.4161,1.4233,1.3944,1.4161,4768000
1988-10-24,1.4161,1.4233,1.3944,1.4088,4278400
1988-10-25,1.3872,1.3944,1.3438,1.3510,5452800
1988-10-26,1.3583,1.3583,1.3221,1.3221,4192000
1988-10-27,1.3221,1.3366,1.2282,1.2716,13388800
1988-10-28,1.2571,1.2788,1.2571,1.2571,6851200
1988-10-31,1.2716,1.2716,1.2354,1.2389,1404800
1988-11-01,1.2571,1.2932,1.2571,1.2932,2528000
1988-11-02,1.2788,1.3005,1.2499,1.2499,3222400
1988-11-03,1.2499,1.2716,1.2499,1.2571,2745600
1988-11-04,1.2571,1.2860,1.2499,1.2643,2972800
1988-11-07,1.2427,1.2716,1.2427,1.2427,2451200
1988-11-08,1.2716,1.2932,1.2571,1.2788,1545600
1988-11-09,1.2643,1.2932,1.2643,1.2788,2390400
1988-11-10,1.3005,1.3149,1.2860,1.3077,1737600
1988-11-11,1.3005,1.3005,1.2499,1.2716,1488000
1988-11-14,1.2716,1.2860,1.2427,1.2427,3171200
1988-11-15,1.2571,1.2571,1.2427,1.2571,1174400
1988-11-16,1.2499,1.2499,1.2138,1.2210,2707200
1988-11-17,1.2210,1.2354,1.2210,1.2282,4268800
1988-11-18,1.2282,1.2643,1.2282,1.2499,3036800
1988-11-21,1.2499,1.2643,1.2427,1.2427,5273600
1988-11-22,1.2427,1.2571,1.2354,1.2571,2044800
1988-11-23,1.2571,1.3149,1.2282,1.2860,1094400
1988-11-25,1.2860,1.3149,1.2716,1.2860,457600
1988-11-28,1.3149,1.3149,1.2427,1.2427,2433600
1988-11-29,1.2427,1.2571,1.1993,1.2427,3267200
1988-11-30,1.2571,1.3149,1.2427,1.2860,10164800
1988-12-01,1.3294,1.3513,1.3005,1.3149,3718400
1988-12-02,1.2935,1.4016,1.2935,1.3727,4886400
1988-12-05,1.4016,1.4450,1.3727,1.4016,3664000
1988-12-06,1.4305,1.4305,1.3872,1.3872,1371200
1988-12-07,1.4161,1.4161,1.3872,1.3872,1859200
1988-12-08,1.4016,1.4016,1.2716,1.3005,3745600
1988-12-09,1.2860,1.3005,1.2427,1.2571,5617600
1988-12-12,1.2571,1.2860,1.2282,1.2282,1876800
1988-12-13,1.2282,1.2427,1.2138,1.2282,2926400
1988-12-14,1.2427,1.2860,1.2282,1.2571,2598400
1988-12-15,1.2860,1.3149,1.2716,1.2716,1593600
1988-12-16,1.2860,1.2860,1.2716,1.2716,513600
1988-12-19,1.2785,1.3727,1.2785,1.3727,3246400
1988-12-20,1.3872,1.4450,1.3727,1.4016,6488000
1988-12-21,1.3872,1.4161,1.3652,1.3652,2681600
1988-12-22,1.3652,1.3727,1.3005,1.3438,7636800
1988-12-23,1.3583,1.3872,1.3438,1.3727,952000
1988-12-27,1.3941,1.4305,1.3872,1.4230,2035200
1988-12-28,1.4305,1.4739,1.4161,1.4739,3659200
1988-12-29,1.4739,1.4739,1.4305,1.4305,1808000
1988-12-30,1.4450,1.4450,1.4161,1.4161,2304000
1989-01-03,1.4450,1.4450,1.4161,1.4161,2438400
1989-01-04,1.4305,1.5028,1.4305,1.4739,1969600
1989-01-05,1.4907,1.4907,1.4328,1.4473,1324800
1989-01-06,1.4617,1.4617,1.4183,1.4183,796800
1989-01-09,1.4473,1.4473,1.4038,1.4183,3827200
1989-01-10,1.4183,1.4183,1.3749,1.3963,4464000
1989-01-11,1.4183,1.4328,1.3963,1.4038,588800
1989-01-12,1.4328,1.4328,1.3749,1.3749,3241600
1989-01-13,1.3824,1.3894,1.3460,1.3535,1916800
1989-01-16,1.3749,1.3749,1.3604,1.3674,956800
1989-01-17,1.3749,1.3749,1.2881,1.2881,5160000
1989-01-18,1.3170,1.3245,1.2736,1.3025,6088000
1989-01-19,1.3315,1.3315,1.2881,1.3025,3017600
1989-01-20,1.3025,1.3025,1.2591,1.2736,5430400
1989-01-23,1.2881,1.3170,1.2736,1.2736,5550400
1989-01-24,1.3025,1.3170,1.2736,1.3170,6924800
1989-01-25,1.3315,1.4542,1.3170,1.4473,9936000
1989-01-26,1.4183,1.4762,1.4038,1.4617,8862400
1989-01-27,1.4328,1.4762,1.3749,1.3749,10470400
1989-01-30,1.3894,1.4038,1.3315,1.3384,4638400
1989-01-31,1.3460,1.3604,1.3170,1.3384,4128000
1989-02-01,1.3460,1.3460,1.3025,1.3315,4788800
1989-02-02,1.3315,1.4038,1.3025,1.3894,11820800
1989-02-03,1.3894,1.4328,1.3749,1.4183,4744000
1989-02-06,1.4253,1.4328,1.4038,1.4183,3750400
1989-02-07,1.4038,1.4617,1.3604,1.3749,9116800
1989-02-08,1.3894,1.3894,1.2591,1.2736,15059200
1989-02-09,1.2736,1.3460,1.2591,1.3170,25422400
1989-02-10,1.3025,1.3170,1.2736,1.2881,3779200
1989-02-13,1.2956,1.3315,1.2736,1.3170,6505600
1989-02-14,1.3170,1.3170,1.2377,1.2446,14089600
1989-02-15,1.2446,1.3315,1.2446,1.2805,11505600
1989-02-16,1.2881,1.3749,1.2736,1.3245,12766400
1989-02-17,1.3170,1.3170,1.2591,1.2591,5844800
1989-02-21,1.2736,1.2736,1.1433,1.2012,20729600
1989-02-22,1.2012,1.2012,1.1289,1.1578,16776000
1989-02-23,1.1433,1.2012,1.1433,1.2012,13152000
1989-02-24,1.2012,1.2012,1.1433,1.1648,5641600
1989-02-27,1.1578,1.1723,1.1433,1.1578,4384000
1989-02-28,1.1723,1.2012,1.1578,1.1723,9006400
1989-03-01,1.1723,1.2012,1.1578,1.1868,3180800
1989-03-02,1.1868,1.2012,1.1723,1.1868,4379200
1989-03-03,1.1723,1.1868,1.1433,1.1723,9132800
1989-03-06,1.1723,1.2446,1.1578,1.2446,7587200
1989-03-07,1.2446,1.2446,1.1868,1.1868,5116800
1989-03-08,1.1868,1.1868,1.1144,1.1358,11241600
1989-03-09,1.1289,1.1433,1.0710,1.0999,12281600
1989-03-10,1.1144,1.1433,1.0999,1.1433,9843200
1989-03-13,1.1433,1.1433,1.1289,1.1289,2569600
1989-03-14,1.1723,1.2446,1.1433,1.2157,15872000
1989-03-15,1.2302,1.2591,1.2157,1.2446,6673600
1989-03-16,1.2591,1.2881,1.2446,1.2591,6928000
1989-03-17,1.2302,1.2736,1.2157,1.2302,4545600
1989-03-20,1.2157,1.2446,1.1868,1.2157,4465600
1989-03-21,1.2302,1.2736,1.2157,1.2446,9827200
1989-03-22,1.2476,1.2476,1.2041,1.2041,4368000
1989-03-23,1.2186,1.2186,1.1896,1.2186,4286400
1989-03-27,1.2041,1.2331,1.2041,1.2186,5425600
1989-03-28,1.2331,1.2476,1.2186,1.2407,3057600
1989-03-29,1.2331,1.2912,1.2331,1.2476,1315200
1989-03-30,1.2331,1.2622,1.2186,1.2622,2112000
1989-03-31,1.2622,1.2767,1.2476,1.2476,862400
1989-04-03,1.2622,1.3057,1.2622,1.2912,5612800
1989-04-04,1.2767,1.3057,1.2622,1.2767,2814400
1989-04-05,1.2622,1.2767,1.2622,1.2697,2032000
1989-04-06,1.2622,1.2767,1.2476,1.2476,2449600
1989-04-07,1.2622,1.3202,1.2476,1.3057,5147200
1989-04-10,1.3057,1.3492,1.2912,1.2912,2624000
1989-04-11,1.3202,1.3637,1.2912,1.3637,5772800
1989-04-12,1.3637,1.3927,1.3637,1.3782,6100800
1989-04-13,1.3492,1.3637,1.3202,1.3417,1969600
1989-04-14,1.3492,1.3927,1.3492,1.3858,2336000
1989-04-17,1.3782,1.3927,1.3637,1.3637,3884800
1989-04-18,1.3927,1.4072,1.3782,1.3782,3416000
1989-04-19,1.3782,1.3927,1.3637,1.3637,862400
1989-04-20,1.3782,1.3927,1.3347,1.3637,2622400
1989-04-21,1.3637,1.3782,1.3492,1.3637,352000
1989-04-24,1.3492,1.3637,1.3347,1.3492,1577600
1989-04-25,1.3492,1.3927,1.3492,1.3637,1393600
1989-04-26,1.3782,1.3927,1.3782,1.3782,4344000
1989-04-27,1.3782,1.4362,1.3782,1.4287,9513600
1989-04-28,1.4362,1.5668,1.4217,1.5523,15704000
1989-05-01,1.5378,1.5378,1.4798,1.5088,7022400
1989-05-02,1.5088,1.5088,1.4508,1.4508,4417600
1989-05-03,1.4943,1.5233,1.4798,1.4798,11881600
1989-05-04,1.4943,1.5088,1.4798,1.4943,2627200
1989-05-05,1.5233,1.5523,1.4508,1.4508,7070400
1989-05-08,1.4798,1.4798,1.4362,1.4577,6720000
1989-05-09,1.4508,1.5233,1.4508,1.5088,7302400
1989-05-10,1.5233,1.5378,1.4798,1.4943,3030400
1989-05-11,1.4943,1.5088,1.4798,1.5018,1873600
1989-05-12,1.5233,1.5668,1.5233,1.5523,9732800
1989-05-15,1.5523,1.6103,1.5233,1.5813,3942400
1989-05-16,1.5958,1.5958,1.5523,1.5668,5299200
1989-05-17,1.5813,1.5958,1.5668,1.5958,3632000
1989-05-18,1.5813,1.6103,1.5813,1.6103,5164800
1989-05-19,1.5958,1.6829,1.5958,1.6684,10502400
1989-05-22,1.6829,1.7409,1.6684,1.6829,6259200
1989-05-23,1.6974,1.6974,1.6539,1.6608,2851200
1989-05-24,1.6684,1.6684,1.6103,1.6539,2264000
1989-05-25,1.6539,1.7049,1.6394,1.6829,3945600
1989-05-26,1.6684,1.6829,1.6539,1.6684,2716800
1989-05-30,1.6829,1.6974,1.6394,1.6394,923200
1989-05-31,1.6394,1.6608,1.6394,1.6394,3256000
1989-06-01,1.6394,1.6684,1.6394,1.6539,2062400
1989-06-02,1.6394,1.7119,1.6394,1.6974,4756800
1989-06-05,1.6684,1.6974,1.5958,1.6103,8513600
1989-06-06,1.5958,1.6248,1.5378,1.5813,6960000
1989-06-07,1.5813,1.6103,1.5378,1.5958,3257600
1989-06-08,1.6103,1.6394,1.6103,1.6248,5251200
1989-06-09,1.6103,1.6394,1.5958,1.6248,2880000
1989-06-12,1.6394,1.7119,1.6248,1.7119,1960000
1989-06-13,1.6684,1.7119,1.6539,1.6974,5812800
1989-06-14,1.6858,1.7218,1.6712,1.7003,6100800
1989-06-15,1.6858,1.7293,1.6276,1.6346,9305600
1989-06-16,1.6276,1.6276,1.5840,1.5840,3449600
1989-06-19,1.5986,1.6131,1.5259,1.5550,4376000
1989-06-20,1.5404,1.5695,1.5404,1.5550,1569600
1989-06-21,1.5550,1.5550,1.5114,1.5404,3196800
1989-06-22,1.5259,1.5695,1.5259,1.5550,1952000
1989-06-23,1.5474,1.6276,1.5474,1.6276,1705600
1989-06-26,1.6276,1.6567,1.5986,1.6131,1345600
1989-06-27,1.6131,1.6422,1.6131,1.6131,811200
1989-06-28,1.6276,1.6422,1.5840,1.5986,3366400
1989-06-29,1.5986,1.6055,1.5114,1.5404,5001600
1989-06-30,1.5404,1.5550,1.4823,1.5404,3307200
1989-07-03,1.5404,1.5695,1.5259,1.5404,201600
1989-07-05,1.5404,1.5550,1.5259,1.5474,473600
1989-07-06,1.2858,1.4242,1.2858,1.4242,19089600
1989-07-07,1.4096,1.4242,1.3951,1.4242,5228800
1989-07-10,1.4242,1.4532,1.4096,1.4532,1492800
1989-07-11,1.4387,1.4678,1.4387,1.4387,4155200
1989-07-12,1.4387,1.4387,1.3660,1.3951,5310400
1989-07-13,1.3806,1.4242,1.3660,1.4096,6707200
1989-07-14,1.4096,1.4387,1.4096,1.4387,22305600
1989-07-17,1.3951,1.4387,1.3806,1.4387,23249600
1989-07-18,1.4242,1.4387,1.3806,1.3806,10064000
1989-07-19,1.3951,1.4311,1.3806,1.4096,4696000
1989-07-20,1.4096,1.4242,1.4096,1.4242,3681600
1989-07-21,1.4096,1.4242,1.3951,1.4096,4438400
1989-07-24,1.4096,1.4532,1.3951,1.4242,3268800
1989-07-25,1.4387,1.4387,1.3806,1.3881,9230400
1989-07-26,1.3951,1.3951,1.3370,1.3660,6798400
1989-07-27,1.3806,1.4021,1.3660,1.3806,9422400
1989-07-28,1.3806,1.3951,1.3370,1.3660,4224000
1989-07-31,1.3370,1.3515,1.2858,1.3224,6198400
1989-08-01,1.3224,1.3515,1.3079,1.3370,11627200
1989-08-02,1.3370,1.3515,1.2934,1.3224,11377600
1989-08-03,1.3079,1.3370,1.2934,1.3079,4664000
1989-08-04,1.3079,1.4678,1.2788,1.4242,8841600
1989-08-07,1.4387,1.5114,1.4242,1.5114,8296000
1989-08-08,1.5114,1.5404,1.4968,1.4968,6600000
1989-08-09,1.4968,1.5114,1.4532,1.4678,4216000
1989-08-10,1.4532,1.4823,1.4387,1.4532,4046400
1989-08-11,1.4678,1.4968,1.3806,1.3806,5132800
1989-08-14,1.3806,1.3881,1.3660,1.3730,2470400
1989-08-15,1.3660,1.3806,1.3515,1.3591,2508800
1989-08-16,1.3806,1.3806,1.3370,1.3515,5065600
1989-08-17,1.3515,1.3515,1.2858,1.3224,6449600
1989-08-18,1.3224,1.3515,1.2934,1.3370,1809600
1989-08-21,1.3515,1.3515,1.3009,1.3079,2993600
1989-08-22,1.2934,1.3806,1.2934,1.3660,3014400
1989-08-23,1.3806,1.4678,1.3660,1.4242,3025600
1989-08-24,1.4387,1.4823,1.4242,1.4823,5048000
1989-08-25,1.4968,1.5114,1.4823,1.5114,5800000
1989-08-28,1.4968,1.5114,1.4823,1.4968,1142400
1989-08-29,1.4968,1.5114,1.4387,1.4678,4470400
1989-08-30,1.4823,1.4893,1.4532,1.4823,2857600
1989-08-31,1.4823,1.4823,1.4678,1.4678,1436800
1989-09-01,1.4678,1.4753,1.4532,1.4532,2329600
1989-09-05,1.4532,1.4678,1.4387,1.4387,2590400
1989-09-06,1.4387,1.4532,1.4096,1.4242,1787200
1989-09-07,1.4242,1.4678,1.3660,1.3806,2102400
1989-09-08,1.3806,1.3951,1.3224,1.3439,6912000
1989-09-11,1.3439,1.3515,1.3224,1.3370,6937600
1989-09-12,1.3515,1.3515,1.2643,1.2934,11150400
1989-09-13,1.2934,1.3515,1.2643,1.2788,10566400
1989-09-14,1.2934,1.2934,1.1917,1.2062,22121600
1989-09-15,1.2062,1.2352,1.1917,1.1917,7356800
1989-09-18,1.1917,1.2207,1.1335,1.1917,8011200
1989-09-19,1.2383,1.2529,1.1218,1.1725,19616000
1989-09-20,1.1655,1.1800,1.0781,1.1509,23268800
1989-09-21,1.1363,1.1509,0.8887,0.9102,61012800
1989-09-22,0.9178,0.9761,0.8595,0.9615,43875200
1989-09-25,0.9469,1.0052,0.9469,0.9837,17827200
1989-09-26,0.9907,1.0128,0.9761,1.0052,15361600
1989-09-27,0.9907,1.0344,0.9615,1.0052,16492800
1989-09-28,1.0198,1.0926,1.0052,1.0781,8662400
1989-09-29,1.0781,1.0926,1.0052,1.0344,9731200
1989-10-02,1.0198,1.0489,1.0198,1.0344,10532800
1989-10-03,1.0344,1.0344,0.9178,0.9324,12892800
1989-10-04,0.9615,0.9615,0.9178,0.9394,4204800
1989-10-05,0.9469,0.9761,0.9178,0.9178,8942400
1989-10-06,0.9178,0.9469,0.8887,0.9032,7108800
1989-10-09,0.9178,1.0052,0.9032,1.0052,5129600
1989-10-10,0.9907,1.0198,0.9761,0.9907,3649600
1989-10-11,0.9837,1.0052,0.9761,0.9761,3262400
1989-10-12,0.9761,1.0198,0.9761,1.0198,4252800
1989-10-13,1.0198,1.0344,0.9102,0.9324,6014400
1989-10-16,0.8450,0.9469,0.8158,0.9324,9096000
1989-10-17,0.9178,0.9469,0.9032,0.9178,8411200
1989-10-18,0.9178,0.9324,0.8887,0.9324,1672000
1989-10-19,0.9324,0.9907,0.9178,0.9761,18332800
1989-10-20,0.9907,0.9907,0.9615,0.9761,1865600
1989-10-23,0.9761,1.0198,0.9761,0.9907,3488000
1989-10-24,0.9907,0.9907,0.9324,0.9907,5691200
1989-10-25,1.0052,1.0052,0.9615,0.9761,1073600
1989-10-26,0.9761,0.9761,0.9394,0.9761,1865600
1989-10-27,0.9469,0.9615,0.9324,0.9469,1064000
1989-10-30,0.9469,0.9761,0.9469,0.9469,652800
1989-10-31,0.9615,0.9761,0.9469,0.9761,1387200
1989-11-01,0.9761,0.9761,0.9469,0.9615,753600
1989-11-02,0.9615,0.9761,0.9324,0.9469,3608000
1989-11-03,0.9469,0.9615,0.9324,0.9324,1584000
1989-11-06,0.9324,0.9469,0.9178,0.9324,2478400
1989-11-07,0.9178,0.9469,0.9178,0.9324,3064000
1989-11-08,0.9469,0.9615,0.9324,0.9615,1627200
1989-11-09,0.9469,0.9907,0.9469,0.9907,3926400
1989-11-10,0.9761,1.0344,0.9761,1.0268,6723200
1989-11-13,1.0344,1.0781,1.0198,1.0635,4609600
1989-11-14,1.0635,1.0781,1.0344,1.0344,2851200
1989-11-15,1.0344,1.1002,1.0344,1.0926,5728000
1989-11-16,1.0926,1.1218,1.0781,1.1072,3088000
1989-11-17,1.1072,1.1072,1.0781,1.1002,2139200
1989-11-20,1.0926,1.1072,1.0781,1.1072,889600
1989-11-21,1.0926,1.1218,1.0781,1.0926,3052800
1989-11-22,1.0781,1.1072,1.0781,1.1072,886400
1989-11-24,1.1218,1.1218,1.0926,1.1218,822400
1989-11-27,1.1072,1.1218,1.1072,1.1072,2280000
1989-11-28,1.1218,1.1655,1.1072,1.1655,4017600
1989-11-29,1.1363,1.1655,1.1218,1.1509,796800
1989-11-30,1.1218,1.1509,1.1072,1.1218,1256000
1989-12-01,1.1072,1.1218,1.0781,1.0926,1003200
1989-12-04,1.0926,1.1363,1.0926,1.1363,624000
1989-12-05,1.1218,1.1509,1.1218,1.1218,1643200
1989-12-06,1.1218,1.1509,1.1218,1.1509,2251200
1989-12-07,1.1363,1.1509,1.1363,1.1509,449600
1989-12-08,1.1363,1.1509,1.1072,1.1072,1443200
1989-12-11,1.1072,1.1218,1.0781,1.1002,2862400
1989-12-12,1.1072,1.1072,1.0781,1.0926,2321600
1989-12-13,1.0781,1.0926,1.0489,1.0635,2350400
1989-12-14,1.0419,1.0635,0.9469,0.9615,10451200
1989-12-15,0.9615,1.0052,0.9615,0.9907,5385600
1989-12-18,0.9761,1.0344,0.9761,1.0052,3614400
1989-12-19,0.9907,1.0635,0.9907,1.0344,2304000
1989-12-20,1.0344,1.0489,1.0198,1.0344,3422400
1989-12-21,1.0344,1.0344,1.0198,1.0344,667200
1989-12-22,1.0344,1.1363,1.0198,1.1072,3721600
1989-12-26,1.1218,1.1509,1.0926,1.1218,1689600
1989-12-27,1.1218,1.1655,1.1218,1.1363,2780800
1989-12-28,1.1363,1.1509,1.1218,1.1363,2491200
1989-12-29,1.1800,1.1946,1.1509,1.1800,9726400
1990-01-02,1.1800,1.1946,1.1363,1.1800,7166400
1990-01-03,1.1946,1.2675,1.1800,1.2383,13518400
1990-01-04,1.2529,1.2966,1.2529,1.2966,11859200
1990-01-05,1.2820,1.3403,1.2820,1.3257,6608000
1990-01-08,1.3140,1.3432,1.3140,1.3432,4347200
1990-01-09,1.3286,1.3578,1.2994,1.3140,3297600
1990-01-10,1.2994,1.3286,1.2556,1.2702,6772800
1990-01-11,1.2702,1.3578,1.2702,1.3432,7412800
1990-01-12,1.2994,1.3140,1.2556,1.3140,5752000
1990-01-15,1.2848,1.3140,1.2702,1.2848,3160000
1990-01-16,1.2702,1.3578,1.2556,1.3432,7684800
1990-01-17,1.3578,1.4016,1.3286,1.3286,8540800
1990-01-18,1.3432,1.3870,1.3140,1.3870,5457600
1990-01-19,1.3870,1.3870,1.3286,1.3286,3422400
1990-01-22,1.3286,1.3578,1.2994,1.3432,5110400
1990-01-23,1.3724,1.4308,1.3432,1.4016,7195200
1990-01-24,1.3724,1.4308,1.3432,1.4308,9172800
1990-01-25,1.4454,1.4746,1.3724,1.3870,9836800
1990-01-26,1.3724,1.4016,1.3578,1.4016,5252800
1990-01-29,1.3870,1.4162,1.3870,1.4016,7270400
1990-01-30,1.4016,1.4086,1.3432,1.3724,4406400
1990-01-31,1.3724,1.4016,1.3724,1.3724,5393600
1990-02-01,1.3870,1.3870,1.3578,1.3870,2827200
1990-02-02,1.3724,1.4308,1.3724,1.4162,10040000
1990-02-05,1.4308,1.4454,1.3870,1.4162,4262400
1990-02-06,1.4162,1.4308,1.3870,1.4016,5193600
1990-02-07,1.3870,1.4454,1.3870,1.4378,10596800
1990-02-08,1.4308,1.5546,1.4308,1.5184,8934400
1990-02-09,1.5330,1.5622,1.5184,1.5476,4427200
1990-02-12,1.5622,1.5990,1.5476,1.5698,8836800
1990-02-13,1.5622,1.5768,1.5476,1.5698,3670400
1990-02-14,1.5768,1.5914,1.5622,1.5768,6926400
1990-02-15,1.5768,1.6790,1.5768,1.6644,8483200
1990-02-16,1.6644,1.6936,1.6352,1.6422,3675200
1990-02-20,1.6060,1.6206,1.5622,1.6060,6524800
1990-02-21,1.5914,1.6352,1.5768,1.6060,3953600
1990-02-22,1.6060,1.6352,1.5914,1.6060,11128000
1990-02-23,1.5914,1.6866,1.5914,1.6352,2558400
1990-02-26,1.6498,1.6936,1.6498,1.6644,6777600
1990-02-27,1.6644,1.7228,1.6574,1.7158,7385600
1990-02-28,1.7082,1.7958,1.7082,1.7666,8995200
1990-03-01,1.7812,1.8396,1.7666,1.7812,12600000
1990-03-02,1.7812,1.8104,1.7666,1.7742,5787200
1990-03-05,1.7812,1.9126,1.7666,1.8980,28340800
1990-03-06,1.9272,2.1316,1.9272,2.1246,32380800
1990-03-07,2.1462,2.1608,2.0662,2.1462,23526400
1990-03-08,2.1462,2.3214,2.1462,2.2630,22838400
1990-03-09,2.2338,2.2484,2.1608,2.2046,10107200
1990-03-12,2.1900,2.2922,2.1754,2.2776,7825600
1990-03-13,2.2776,2.3506,2.2776,2.3430,11720000
1990-03-14,2.4528,2.5112,2.3360,2.3652,21238400
1990-03-15,2.4674,2.4820,2.4090,2.4382,17438400
1990-03-16,2.4528,2.6280,2.4528,2.5842,11728000
1990-03-19,2.5842,2.6502,2.5258,2.6502,9176000
1990-03-20,2.6718,2.7156,2.4236,2.4528,15164800
1990-03-21,2.4090,2.4966,2.3360,2.3360,7761600
1990-03-22,2.3360,2.3944,2.2630,2.3068,19056000
1990-03-23,2.3214,2.3506,2.2046,2.2192,6848000
1990-03-26,2.2519,2.3396,2.2372,2.2881,10035200
1990-03-27,2.2665,2.3835,2.2519,2.3542,8875200
1990-03-28,2.3688,2.3688,2.2519,2.2957,5820800
1990-03-29,2.2957,2.3250,2.2226,2.2519,3291200
1990-03-30,2.2226,2.2519,2.1934,2.2226,4448000
1990-04-02,2.1641,2.2665,2.1641,2.2589,3099200
1990-04-03,2.2811,2.3104,2.2665,2.3104,5363200
1990-04-04,2.3104,2.3396,2.2519,2.2811,3846400
1990-04-05,2.3250,2.3250,2.1495,2.1641,7177600
1990-04-06,2.1641,2.1934,2.1349,2.1349,5953600
1990-04-09,2.1349,2.1934,2.1349,2.1495,8300800
1990-04-10,2.2226,2.2665,2.2080,2.2519,12521600
1990-04-11,2.2665,2.3250,2.2519,2.3104,13171200
1990-04-12,2.3250,2.3396,2.3104,2.3250,3593600
1990-04-16,2.3396,2.3688,2.2665,2.2957,6881600
1990-04-17,2.2519,2.2665,2.1788,2.2665,5950400
1990-04-18,2.2519,2.2811,2.2226,2.2519,4112000
1990-04-19,2.2226,2.2448,2.2080,2.2226,3276800
1990-04-20,2.2226,2.2665,2.2226,2.2372,4734400
1990-04-23,2.2372,2.2372,2.1934,2.1934,6542400
1990-04-24,2.2372,2.2519,2.1934,2.2004,4638400
1990-04-25,2.2080,2.2226,2.1495,2.1788,3728000
1990-04-26,2.1934,2.2811,2.1641,2.2811,4220800
1990-04-27,2.2665,2.3104,2.1934,2.2226,4416000
1990-04-30,2.2080,2.2665,2.1934,2.2372,2752000
1990-05-01,2.2811,2.4127,2.2372,2.3981,9633600
1990-05-02,2.3981,2.4566,2.3835,2.4273,6836800
1990-05-03,2.4566,2.5004,2.3981,2.3981,4600000
1990-05-04,2.4127,2.4273,2.3104,2.3981,4478400
1990-05-07,2.4273,2.5443,2.3981,2.5081,5865600
1990-05-08,2.5004,2.5151,2.4566,2.5004,3217600
1990-05-09,2.4712,2.5297,2.4420,2.5151,5572800
1990-05-10,2.5297,2.6028,2.5151,2.6028,5080000
1990-05-11,2.6174,2.6321,2.5736,2.6028,4092800
1990-05-14,2.6321,2.6905,2.6028,2.6391,6352000
1990-05-15,2.6321,2.7198,2.6174,2.7198,5870400
1990-05-16,2.7198,2.7198,2.6613,2.6905,4627200
1990-05-17,2.6759,2.7052,2.5882,2.6028,5484800
1990-05-18,2.6028,2.7198,2.6028,2.6613,5270400
1990-05-21,2.6759,2.8221,2.6613,2.8221,7792000
1990-05-22,2.8368,2.8806,2.7490,2.8075,7628800
1990-05-23,2.7929,2.9391,2.7637,2.8660,6401600
1990-05-24,2.8806,2.9684,2.8806,2.9537,7440000
1990-05-25,1.9887,2.1641,1.9448,2.0618,136024000
1990-05-29,2.0986,2.2519,2.0910,2.2156,51142400
1990-05-30,2.2519,2.2665,2.0472,2.0694,59740800
1990-05-31,2.0325,2.1495,2.0179,2.0834,17299200
1990-06-01,2.1056,2.1056,2.0179,2.0325,11667200
1990-06-04,2.0179,2.0325,1.9009,1.9448,24585600
1990-06-05,1.9302,1.9448,1.7693,1.8863,50510400
1990-06-06,1.9009,2.0033,1.8717,1.9740,20966400
1990-06-07,2.0033,2.1203,1.9740,2.0910,18080000
1990-06-08,2.1056,2.1349,2.0325,2.0910,10648000
1990-06-11,2.0618,2.1203,2.0325,2.0910,4667200
1990-06-12,2.1056,2.1641,2.0764,2.1495,8614400
1990-06-13,2.1788,2.2080,2.1349,2.2004,13296000
1990-06-14,2.1788,2.2811,2.1788,2.2296,13904000
1990-06-15,2.2519,2.2957,2.2226,2.2296,8643200
1990-06-18,2.2226,2.2372,2.1203,2.1495,5798400
1990-06-19,2.1203,2.2226,2.1203,2.2226,10905600
1990-06-20,2.2226,2.2811,2.1495,2.1641,11633600
1990-06-21,2.1934,2.2226,2.1788,2.2080,6465600
1990-06-22,2.2372,2.2372,2.1495,2.1495,4595200
1990-06-25,2.1788,2.1934,2.1056,2.1495,5200000
1990-06-26,2.1788,2.2080,1.9594,2.0472,26705600
1990-06-27,2.0325,2.1788,2.0325,2.1641,12064000
1990-06-28,2.1641,2.1934,2.1495,2.1788,5385600
1990-06-29,2.1788,2.2080,2.1349,2.1495,4811200
1990-07-02,2.1675,2.2408,2.1529,2.2261,5528000
1990-07-03,2.1822,2.2261,2.1822,2.2261,2977600
1990-07-05,2.2115,2.2115,2.1675,2.1968,3516800
1990-07-06,2.1968,2.2554,2.1675,2.2408,5486400
1990-07-09,2.2554,2.2701,2.2261,2.2701,5945600
1990-07-10,2.2701,2.2847,2.2115,2.2701,7196800
1990-07-11,2.2701,2.2701,2.2261,2.2408,7744000
1990-07-12,2.2408,2.2408,2.1675,2.1968,15267200
1990-07-13,2.1968,2.2625,2.1822,2.2261,7649600
1990-07-16,2.2261,2.2701,2.2115,2.2554,2820800
1990-07-17,2.2408,2.2554,2.1675,2.1968,8315200
1990-07-18,2.1968,2.2115,2.1675,2.2115,2916800
1990-07-19,2.1383,2.1529,2.0650,2.1529,11728000
1990-07-20,2.1529,2.1968,2.0943,2.1090,6705600
1990-07-23,2.0797,2.0943,1.9772,2.0504,9668800
1990-07-24,2.0504,2.1822,2.0357,2.1675,8937600
1990-07-25,2.1675,2.2115,2.1383,2.1529,3676800
1990-07-26,2.1675,2.1675,2.1236,2.1383,1241600
1990-07-27,2.1236,2.1529,2.0943,2.1160,2857600
1990-07-30,2.1090,2.1236,2.0357,2.1090,3448000
1990-07-31,2.1236,2.1383,2.0504,2.0574,2955200
1990-08-01,2.0504,2.0797,2.0211,2.0797,2699200
1990-08-02,2.0064,2.0357,1.9772,1.9772,11560000
1990-08-03,2.0064,2.0064,1.8014,1.8893,12521600
1990-08-06,1.8161,1.8161,1.7428,1.7575,11208000
1990-08-07,1.7721,1.8014,1.6989,1.7135,9112000
1990-08-08,1.7428,1.7721,1.7282,1.7575,9124800
1990-08-09,1.7575,1.7575,1.7282,1.7575,3900800
1990-08-10,1.7575,1.7575,1.6696,1.7135,4249600
1990-08-13,1.6989,1.7135,1.5964,1.7135,8880000
1990-08-14,1.7135,1.7428,1.6842,1.7135,2582400
1990-08-15,1.7282,1.7428,1.7135,1.7282,3664000
1990-08-16,1.7428,1.7428,1.6842,1.6989,6065600
1990-08-17,1.6696,1.6842,1.5671,1.5964,3908800
1990-08-20,1.6257,1.6403,1.5085,1.5231,4801600
1990-08-21,1.4939,1.5085,1.4353,1.4939,9096000
1990-08-22,1.5231,1.5524,1.4792,1.4939,3736000
1990-08-23,1.4353,1.4939,1.4206,1.4353,6910400
1990-08-24,1.4646,1.5231,1.4646,1.5231,2273600
1990-08-27,1.5524,1.6550,1.5524,1.6403,3681600
1990-08-28,1.6403,1.6550,1.5964,1.5964,2787200
1990-08-29,1.5964,1.6110,1.4939,1.4939,4971200
1990-08-30,1.4939,1.5085,1.3620,1.4130,9241600
1990-08-31,1.4206,1.4792,1.4060,1.4646,3827200
1990-09-04,1.4499,1.6550,1.4353,1.6473,19956800
1990-09-05,1.6626,1.7135,1.6333,1.6696,15217600
1990-09-06,1.6842,1.7135,1.6403,1.6842,4756800
1990-09-07,1.6696,1.6989,1.5671,1.5964,7979200
1990-09-10,1.6110,1.6550,1.6110,1.6110,2376000
1990-09-11,1.6110,1.6110,1.5524,1.6040,4529600
1990-09-12,1.6257,1.6696,1.5964,1.6550,4712000
1990-09-13,1.6696,1.6842,1.6110,1.6550,9131200
1990-09-14,1.6586,1.6586,1.5119,1.5782,21646400
1990-09-17,1.5412,1.5853,1.5119,1.5412,7846400
1990-09-18,1.5559,1.5559,1.4238,1.4678,6248000
1990-09-19,1.4825,1.4972,1.3651,1.4091,13428800
1990-09-20,1.3798,1.3944,1.3210,1.3210,6780800
1990-09-21,1.3210,1.3651,1.2623,1.2917,12035200
1990-09-24,1.2846,1.2917,1.2330,1.2770,7323200
1990-09-25,1.3064,1.3357,1.2183,1.2183,10028800
1990-09-26,1.2183,1.2623,1.1449,1.1889,11947200
1990-09-27,1.2036,1.2183,1.0862,1.0862,7548800
1990-09-28,1.0862,1.1596,1.0422,1.1155,10865600
1990-10-01,1.1889,1.3210,1.1743,1.3064,9323200
1990-10-02,1.3651,1.3651,1.1596,1.2036,17289600
1990-10-03,1.1889,1.2623,1.1672,1.2330,13401600
1990-10-04,1.1889,1.2330,1.1743,1.2183,5993600
1990-10-05,1.1596,1.2183,1.1302,1.1520,4977600
1990-10-08,1.1596,1.1889,1.0862,1.1449,4654400
1990-10-09,1.0862,1.1449,1.0862,1.1009,3537600
1990-10-10,1.0862,1.1302,1.0715,1.0791,4428800
1990-10-11,1.0862,1.0862,0.9981,1.0422,9680000
1990-10-12,1.0568,1.1155,1.0422,1.1009,8072000
1990-10-15,1.1596,1.1596,1.0715,1.1302,4824000
1990-10-16,1.1596,1.1743,1.1155,1.1302,5184000
1990-10-17,1.1155,1.2623,1.1155,1.2477,9688000
1990-10-18,1.2917,1.4678,1.2770,1.4385,17508800
1990-10-19,1.4385,1.4678,1.3651,1.4091,9006400
1990-10-22,1.3944,1.5119,1.3798,1.5042,8486400
1990-10-23,1.4825,1.5706,1.4825,1.5042,6233600
1990-10-24,1.4825,1.5119,1.4091,1.4608,9208000
1990-10-25,1.4678,1.4972,1.3651,1.4238,5232000
1990-10-26,1.3798,1.4091,1.3651,1.3651,3246400
1990-10-29,1.3798,1.4238,1.3064,1.3210,4748800
1990-10-30,1.3210,1.3651,1.2770,1.3574,6532800
1990-10-31,1.3944,1.4532,1.3798,1.4091,13627200
1990-11-01,1.4238,1.4385,1.3944,1.4162,4966400
1990-11-02,1.4238,1.4749,1.3944,1.4678,6011200
1990-11-05,1.4678,1.5265,1.4678,1.5042,6249600
1990-11-06,1.4972,1.5119,1.4532,1.4532,3563200
1990-11-07,1.4532,1.4678,1.4091,1.4238,3576000
1990-11-08,1.4091,1.4972,1.4091,1.4385,2278400
1990-11-09,1.4972,1.5265,1.4532,1.5265,5356800
1990-11-12,1.5265,1.6586,1.5265,1.6440,11201600
1990-11-13,1.6586,1.6733,1.6146,1.6586,7996800
1990-11-14,1.6440,1.7174,1.6440,1.7174,6553600
1990-11-15,1.6880,1.7614,1.6733,1.7391,14166400
1990-11-16,1.7320,1.7467,1.4972,1.5265,32057600
1990-11-19,1.5559,1.6440,1.5559,1.6146,8169600
1990-11-20,1.6440,1.6440,1.5336,1.5336,6027200
1990-11-21,1.5412,1.5559,1.4825,1.5119,9216000
1990-11-23,1.5119,1.5119,1.4825,1.4972,1633600
1990-11-26,1.4532,1.4972,1.4385,1.4972,5721600
1990-11-27,1.5119,1.5999,1.4825,1.5853,8230400
1990-11-28,1.5999,1.6440,1.5489,1.5489,10689600
1990-11-29,1.5412,1.5853,1.4825,1.5119,21448000
1990-11-30,1.4972,1.6293,1.3798,1.4825,44136000
1990-12-03,1.4972,1.5489,1.4825,1.5265,13870400
1990-12-04,1.5265,1.6146,1.5119,1.5923,9105600
1990-12-05,1.5853,1.6440,1.5853,1.6440,6390400
1990-12-06,1.7097,1.7320,1.5706,1.5853,15078400
1990-12-07,1.5706,1.6733,1.5559,1.6146,8876800
1990-12-10,1.6293,1.6586,1.6146,1.6586,3001600
1990-12-11,1.6440,1.7027,1.6440,1.6586,10657600
1990-12-12,1.6586,1.6880,1.6146,1.6586,9366400
1990-12-13,1.6586,1.7320,1.6586,1.7027,6172800
1990-12-14,1.6880,1.7027,1.6293,1.6293,4627200
1990-12-17,1.6293,1.6586,1.6146,1.6586,1545600
1990-12-18,1.6880,1.6956,1.6146,1.6293,4187200
1990-12-19,1.6586,1.6880,1.6146,1.6586,4852800
1990-12-20,1.6293,1.7320,1.6293,1.7250,8161600
1990-12-21,1.7467,1.7614,1.7027,1.7543,7364800
1990-12-24,1.7320,1.8348,1.6586,1.7978,6315200
1990-12-26,1.8054,1.8054,1.7761,1.7761,2814400
1990-12-27,1.7614,1.8201,1.6880,1.7320,3652800
1990-12-28,1.7097,1.7174,1.6880,1.7174,2401600
1990-12-31,1.6880,1.7174,1.6586,1.7097,3907200
1991-01-02,1.7027,1.7467,1.6880,1.6880,2820800
1991-01-03,1.7027,1.7320,1.5706,1.5853,8272000
1991-01-04,1.5706,1.6733,1.5706,1.6440,8638400
1991-01-07,1.6440,1.6956,1.6146,1.6440,8603200
1991-01-08,1.7027,1.8054,1.6880,1.7908,21158400
1991-01-09,1.8089,1.8972,1.7501,1.8236,18656000
1991-01-10,1.8236,1.9413,1.8089,1.8825,14212800
1991-01-11,1.8530,1.8678,1.7942,1.8236,7315200
1991-01-14,1.7648,1.8383,1.7354,1.8013,6844800
1991-01-15,1.7942,1.8754,1.7795,1.8678,5691200
1991-01-16,1.8678,1.9707,1.8601,1.9413,16371200
1991-01-17,2.0589,2.0736,1.9413,1.9707,12003200
1991-01-18,1.9413,2.0589,1.9413,2.0295,7107200
1991-01-21,2.0001,2.0884,2.0001,2.0660,9112000
1991-01-22,2.0589,2.1178,2.0295,2.0884,7409600
1991-01-23,2.0589,2.2060,2.0589,2.1913,12198400
1991-01-24,2.1766,2.1913,2.1031,2.1107,6710400
1991-01-25,2.1031,2.1325,2.1031,2.1178,4521600
1991-01-28,2.1178,2.1178,1.9854,1.9854,21025600
1991-01-29,2.0001,2.1178,1.9854,2.1107,13462400
1991-01-30,2.1325,2.2501,2.1031,2.2501,11124800
1991-01-31,2.2501,2.2648,2.2060,2.2354,8172800
1991-02-01,2.2501,2.3384,2.2354,2.3090,6692800
1991-02-04,2.2942,2.3460,2.2648,2.2942,9073600
1991-02-05,2.2942,2.3090,2.2501,2.2795,10364800
1991-02-06,2.2648,2.3825,2.2501,2.3678,15499200
1991-02-07,2.3531,2.4266,2.2942,2.3237,12995200
1991-02-08,2.3090,2.5001,2.3090,2.4413,9745600
1991-02-11,2.4413,2.5443,2.4413,2.5148,7228800
1991-02-12,2.5148,2.6031,2.5148,2.5737,9712000
1991-02-13,2.5737,2.6178,2.5737,2.6031,10633600
1991-02-14,2.6325,2.6472,2.4854,2.4854,11720000
1991-02-15,2.5148,2.5443,2.4707,2.4854,12092800
1991-02-19,2.4707,2.5590,2.4707,2.5590,11443200
1991-02-20,2.5590,2.6178,2.5148,2.5443,5851200
1991-02-21,2.5590,2.7502,2.5590,2.6766,14864000
1991-02-22,2.6913,2.9560,2.6619,2.7943,17361600
1991-02-25,2.8237,2.9119,2.8090,2.8678,10960000
1991-02-26,2.8384,2.8825,2.7796,2.8013,9097600
1991-02-27,2.7796,2.8825,2.7796,2.8531,5673600
1991-02-28,2.8825,2.9266,2.8237,2.8307,8204800
1991-03-01,2.8090,2.8237,2.7354,2.7502,11494400
1991-03-04,2.7796,2.7796,2.6619,2.7354,8420800
1991-03-05,2.8090,2.9413,2.7943,2.9266,11432000
1991-03-06,2.9266,3.0590,2.9266,2.9560,11977600
1991-03-07,2.9708,3.1325,2.9266,3.1178,19363200
1991-03-08,3.1178,3.1472,3.0296,3.0296,8672000
1991-03-11,3.0002,3.0002,2.8237,2.8307,14185600
1991-03-12,2.7943,2.8678,2.7719,2.7796,9489600
1991-03-13,2.7943,2.8825,2.7649,2.8531,8075200
1991-03-14,2.8755,2.8825,2.6913,2.7207,7222400
1991-03-15,2.7354,2.7502,2.6472,2.6837,6667200
1991-03-18,2.6619,2.7719,2.6619,2.7649,6238400
1991-03-19,2.7207,2.8825,2.6913,2.8090,11987200
1991-03-20,2.8972,3.0884,2.8237,3.0519,19545600
1991-03-21,3.1031,3.1914,2.9413,3.0002,16484800
1991-03-22,2.9754,3.1227,2.9606,3.0343,12779200
1991-03-25,3.0490,3.1079,3.0196,3.0343,3846400
1991-03-26,3.0490,3.2552,3.0343,3.2405,10123200
1991-03-27,3.2552,3.2552,3.1521,3.1816,6507200
1991-03-28,3.1963,3.2110,3.1521,3.1816,3528000
1991-04-01,3.1669,3.2700,3.1521,3.2110,5113600
1991-04-02,3.2552,3.3436,3.2405,3.3359,10884800
1991-04-03,3.3583,3.5204,3.3583,3.4832,14084800
1991-04-04,3.4762,3.5498,3.4467,3.5056,5558400
1991-04-05,3.5056,3.5351,3.4173,3.4762,4398400
1991-04-08,3.4614,3.5498,3.4467,3.5351,2926400
1991-04-09,3.5204,3.5498,3.4025,3.4173,4124800
1991-04-10,3.4173,3.5056,3.3289,3.3878,10892800
1991-04-11,3.4025,3.5498,3.4025,3.5204,9336000
1991-04-12,3.5645,3.6824,3.5351,3.6529,7521600
1991-04-15,3.6382,3.6677,3.5351,3.5940,6619200
1991-04-16,3.5645,3.5793,3.5204,3.5645,3523200
1991-04-17,3.6235,3.7118,3.6235,3.6382,8025600
1991-04-18,3.6382,3.6382,3.4320,3.4320,7531200
1991-04-19,3.4173,3.4173,3.2994,3.3583,11214400
1991-04-22,3.3141,3.3289,3.1963,3.2770,10123200
1991-04-23,3.3141,3.3436,3.2258,3.2847,8691200
1991-04-24,3.2847,3.2994,3.1816,3.2700,4331200
1991-04-25,3.2110,3.2994,3.1521,3.2405,6526400
1991-04-26,3.1963,3.2405,3.1521,3.1669,7046400
1991-04-29,3.2258,3.2700,3.1079,3.1227,7830400
1991-04-30,3.0785,3.1227,2.9901,3.0490,11105600
1991-05-01,2.9606,3.0637,2.8575,3.0343,14427200
1991-05-02,3.0343,3.1374,3.0343,3.0932,14188800
1991-05-03,3.0932,3.1669,3.0932,3.1227,7452800
1991-05-06,3.0932,3.1227,3.0196,3.0785,4102400
1991-05-07,3.0932,3.1374,3.0637,3.0637,3595200
1991-05-08,3.0490,3.0785,3.0048,3.0490,2441600
1991-05-09,3.0637,3.2405,3.0490,3.2040,4963200
1991-05-10,3.2110,3.2552,3.0932,3.0932,7040000
1991-05-13,3.1227,3.1374,3.0785,3.1297,5795200
1991-05-14,3.0932,3.1374,3.0196,3.0272,3648000
1991-05-15,2.9459,2.9754,2.7986,2.8646,11305600
1991-05-16,2.8870,2.9312,2.6808,2.7468,33603200
1991-05-17,2.6955,2.7986,2.6660,2.7839,17516800
1991-05-20,2.8133,2.8133,2.6071,2.6148,13164800
1991-05-21,2.6660,2.7692,2.6366,2.7250,15624000
1991-05-22,2.7544,2.8210,2.6660,2.8133,8430400
1991-05-23,2.7986,2.8281,2.7692,2.8281,6504000
1991-05-24,2.8428,2.9459,2.8133,2.9017,7099200
1991-05-28,2.9312,2.9901,2.9017,2.9606,3348800
1991-05-29,3.0196,3.1451,2.9754,3.0490,10072000
1991-05-30,3.0490,3.0637,2.9606,2.9978,7224000
1991-05-31,2.9901,3.0196,2.9312,2.9754,5657600
1991-06-03,2.9901,3.1079,2.9459,3.0861,4536000
1991-06-04,3.0785,3.1374,3.0490,3.1079,3580800
1991-06-05,3.0785,3.1079,2.9754,2.9901,2940800
1991-06-06,2.9901,3.0196,2.8723,2.8799,4934400
1991-06-07,2.8428,2.8870,2.8133,2.8428,4952000
1991-06-10,2.8281,2.8428,2.7692,2.7986,2729600
1991-06-11,2.7839,2.8723,2.7839,2.8281,3033600
1991-06-12,2.8133,2.8428,2.7839,2.7915,2302400
1991-06-13,2.7986,2.9017,2.7839,2.8723,5868800
1991-06-14,2.9606,3.1079,2.9606,3.0932,12208000
1991-06-17,3.1227,3.2405,3.0932,3.1745,8145600
1991-06-18,3.1816,3.1963,3.0637,3.1297,8961600
1991-06-19,3.0932,3.1227,3.0343,3.0785,7819200
1991-06-20,2.9459,3.0637,2.9312,3.0048,17020800
1991-06-21,3.0048,3.0343,2.9606,2.9683,5787200
1991-06-24,2.9459,2.9606,2.8281,2.8281,9188800
1991-06-25,2.8723,2.8870,2.7032,2.7326,11344000
1991-06-26,2.7149,2.7444,2.6411,2.7444,8590400
1991-06-27,2.7515,2.7739,2.6559,2.6559,5931200
1991-06-28,2.6264,2.6559,2.4788,2.5526,13489600
1991-07-01,2.6116,2.7297,2.5821,2.7001,13692800
1991-07-02,2.6854,2.7149,2.6116,2.6264,6585600
1991-07-03,2.5969,2.6116,2.5526,2.5673,3491200
1991-07-05,2.5526,2.6264,2.5378,2.5898,2552000
1991-07-08,2.5673,2.7739,2.5378,2.7592,7761600
1991-07-09,2.7739,2.8772,2.7592,2.8400,11268800
1991-07-10,2.8624,2.8920,2.7887,2.8329,6708800
1991-07-11,2.8329,2.8477,2.7739,2.8105,6337600
1991-07-12,2.8400,2.8624,2.7739,2.8624,4345600
1991-07-15,2.8624,2.8920,2.8329,2.8624,2115200
1991-07-16,2.9215,2.9215,2.8034,2.8034,4233600
1991-07-17,2.8034,2.8182,2.7149,2.7149,4284800
1991-07-18,2.7297,2.8920,2.7297,2.8624,9169600
1991-07-19,2.8920,2.9805,2.8920,2.9510,7841600
1991-07-22,2.9805,3.0248,2.9362,2.9510,6640000
1991-07-23,2.9510,2.9805,2.8477,2.8772,5078400
1991-07-24,2.8624,2.9067,2.8034,2.8624,7033600
1991-07-25,2.8624,2.9805,2.8329,2.9510,5272000
1991-07-26,2.9952,3.0395,2.8920,2.9067,4484800
1991-07-29,2.9215,2.9215,2.8554,2.8920,4248000
1991-07-30,2.9215,3.0543,2.8990,3.0395,6675200
1991-07-31,3.0690,3.1723,3.0543,3.1575,11228800
1991-08-01,3.1575,3.2608,3.1575,3.2313,9705600
1991-08-02,3.2608,3.2903,3.1800,3.2166,10979200
1991-08-05,3.1575,3.1871,3.1280,3.1280,6307200
1991-08-06,3.1280,3.2461,3.1133,3.2166,4654400
1991-08-07,3.2313,3.3051,3.2313,3.2980,10126400
1991-08-08,3.3051,3.4084,3.2903,3.3865,7688000
1991-08-09,3.3936,3.4526,3.3641,3.4084,5080000
1991-08-12,3.4161,3.4526,3.3789,3.4231,3592000
1991-08-13,3.4674,3.5264,3.4526,3.4674,8385600
1991-08-14,3.4969,3.5707,3.4969,3.5412,8089600
1991-08-15,3.5559,3.5559,3.4231,3.4231,7384000
1991-08-16,3.3936,3.4084,3.0619,3.0985,32387200
1991-08-19,2.9215,3.0985,2.9067,2.9657,17624000
1991-08-20,2.9952,3.1133,2.8182,2.8772,23100800
1991-08-21,3.0100,3.0543,2.8920,3.0395,22249600
1991-08-22,3.0543,3.1133,2.9510,3.0761,14275200
1991-08-23,3.0395,3.1280,3.0248,3.0690,9331200
1991-08-26,3.0543,3.1280,3.0543,3.0985,7347200
1991-08-27,3.1133,3.1133,3.0029,3.0395,16974400
1991-08-28,3.0543,3.0690,2.9952,3.0395,9057600
1991-08-29,3.0248,3.0690,2.9952,3.0100,9236800
1991-08-30,3.0248,3.0248,2.9510,3.0029,4576000
1991-09-03,3.0248,3.0248,2.9510,2.9581,8420800
1991-09-04,2.9510,2.9805,2.7444,2.8105,14188800
1991-09-05,2.8182,2.8624,2.6854,2.7149,17748800
1991-09-06,2.7592,2.7887,2.6706,2.7444,11454400
1991-09-09,2.7297,2.7739,2.7001,2.7668,3651200
1991-09-10,2.7739,2.7739,2.6559,2.6854,5529600
1991-09-11,2.7001,2.7001,2.5526,2.6411,12673600
1991-09-12,2.6706,2.6854,2.5821,2.6264,12169600
1991-09-13,2.5969,2.6411,2.4641,2.4936,16520000
1991-09-16,2.4717,2.5673,2.4346,2.5449,10107200
1991-09-17,2.5378,2.6116,2.5083,2.5969,11758400
1991-09-18,2.6116,2.7149,2.5969,2.6411,12432000
1991-09-19,2.7739,3.0543,2.7149,3.0395,43020800
1991-09-20,3.0838,3.2903,3.0838,3.1871,20544000
1991-09-23,3.0985,3.1575,2.9657,3.0838,10152000
1991-09-24,3.0690,3.0985,2.9952,3.0619,7313600
1991-09-25,3.0590,3.0738,2.9999,3.0442,4774400
1991-09-26,3.0590,3.0886,3.0294,3.0294,4427200
1991-09-27,3.0294,3.0738,2.9703,2.9703,4512000
1991-09-30,2.9703,3.0442,2.9556,3.0294,5950400
1991-10-01,3.0294,3.2287,3.0294,3.1849,11526400
1991-10-02,3.1920,3.1991,3.1329,3.1400,4833600
1991-10-03,3.1033,3.1477,3.0886,3.1181,7075200
1991-10-04,3.1181,3.1554,3.0886,3.1181,3827200
1991-10-07,3.0886,3.1181,3.0294,3.0590,4900800
1991-10-08,3.0442,3.0738,3.0147,3.0738,1966400
1991-10-09,3.0442,3.0738,3.0294,3.0294,1622400
1991-10-10,3.0442,3.0738,2.9556,2.9556,7260800
1991-10-11,2.9851,2.9851,2.8373,2.8964,8640000
1991-10-14,2.8817,2.9556,2.8669,2.9408,3961600
1991-10-15,2.9408,3.0442,2.9260,3.0218,5587200
1991-10-16,3.0294,3.2068,2.9999,3.1991,9288000
1991-10-17,3.1920,3.2955,3.1329,3.1920,8854400
1991-10-18,3.1772,3.2955,3.1772,3.2955,8161600
1991-10-21,3.2511,3.2878,3.1920,3.2363,3992000
1991-10-22,3.2363,3.2659,3.2068,3.2216,2907200
1991-10-23,3.2363,3.2511,3.1033,3.1624,7822400
1991-10-24,3.1181,3.1624,3.0147,3.0294,8136000
1991-10-25,2.9999,3.0294,2.9260,2.9331,7140800
1991-10-28,2.9556,3.0294,2.9331,3.0147,4305600
1991-10-29,3.0442,3.1477,3.0147,3.0886,10956800
1991-10-30,3.1033,3.2659,3.1033,3.2216,6683200
1991-10-31,3.2068,3.2363,3.1329,3.1329,3020800
1991-11-01,3.0738,3.0886,2.9999,3.0294,7998400
1991-11-04,2.9703,2.9999,2.9260,2.9703,5924800
1991-11-05,2.9999,3.0886,2.9851,3.0147,4640000
1991-11-06,3.0442,3.0886,2.9851,3.0590,3995200
1991-11-07,3.0738,3.1477,3.0590,3.1181,3798400
1991-11-08,3.1920,3.2068,3.1624,3.1920,6006400
1991-11-11,3.1624,3.2511,3.1624,3.2216,1907200
1991-11-12,3.2363,3.2511,3.1920,3.2216,4444800
1991-11-13,3.1920,3.3546,3.1624,3.3250,10472000
1991-11-14,3.3327,3.4285,3.3102,3.4137,9828800
1991-11-15,3.4137,3.4285,3.1329,3.1329,10568000
1991-11-18,3.1329,3.2511,3.0590,3.1991,10948800
1991-11-19,3.1477,3.1624,3.0294,3.1258,15992000
1991-11-20,3.1624,3.1920,2.8521,2.9408,24123200
1991-11-21,2.9556,3.0147,2.8964,2.9556,12494400
1991-11-22,2.9556,2.9851,2.7634,2.8521,13694400
1991-11-25,2.8669,2.9408,2.8226,2.8817,6073600
1991-11-26,2.8964,2.9408,2.7782,2.9112,5918400
1991-11-27,2.9112,2.9112,2.8226,2.8669,4222400
1991-11-29,2.8669,2.8669,2.8226,2.8373,1238400
1991-12-02,2.7930,2.9851,2.7930,2.9851,5796800
1991-12-03,2.9851,3.0590,2.8817,2.9112,7926400
1991-12-04,3.0147,3.0442,2.9260,2.9703,5702400
1991-12-05,2.9999,3.0590,2.9556,3.0147,5497600
1991-12-06,2.9703,3.0294,2.9112,2.9556,6905600
1991-12-09,2.9851,3.1033,2.9556,3.0294,6796800
1991-12-10,3.0294,3.0886,2.9851,2.9851,3892800
1991-12-11,3.0442,3.0590,2.9408,2.9851,4147200
1991-12-12,2.9851,3.1329,2.9703,3.1033,5873600
1991-12-13,3.1181,3.1624,3.1181,3.1624,9147200
1991-12-16,3.1624,3.3250,3.1329,3.2807,8062400
1991-12-17,3.2955,3.2955,3.2068,3.2216,6382400
1991-12-18,3.2363,3.4137,3.2068,3.3398,9510400
1991-12-19,3.2659,3.3546,3.2659,3.3250,4897600
1991-12-20,3.3546,3.3841,3.2216,3.2511,5472000
1991-12-23,3.2511,3.5319,3.2511,3.5242,10180800
1991-12-24,3.5171,3.6058,3.4876,3.5467,13220800
1991-12-26,3.5615,3.7240,3.5319,3.6945,7128000
1991-12-27,3.7388,3.7683,3.5910,3.7092,12185600
1991-12-30,3.7831,3.9309,3.7388,3.9013,8304000
1991-12-31,3.9161,4.0048,3.8718,3.8718,14126400
1992-01-02,3.8275,4.0196,3.7831,4.0048,12774400
1992-01-03,4.0048,4.0048,3.8718,3.9013,16043200
1992-01-06,3.8866,3.9309,3.8127,3.9309,9374400
1992-01-07,3.8866,4.0491,3.8570,3.8570,13521600
1992-01-08,3.8422,4.0343,3.8275,3.8866,14401600
1992-01-09,3.6104,3.7435,3.5660,3.7287,43704000
1992-01-10,3.6991,3.7216,3.5364,3.6033,14809600
1992-01-13,3.5808,3.5956,3.4772,3.5364,13131200
1992-01-14,3.5364,3.8027,3.5068,3.7879,19137600
1992-01-15,3.8471,3.8619,3.7287,3.7879,8449600
1992-01-16,3.7879,3.7879,3.6104,3.6843,6227200
1992-01-17,3.7139,3.8323,3.6991,3.7808,12505600
1992-01-20,3.8027,3.8027,3.6991,3.6991,6361600
1992-01-21,3.6843,3.6991,3.5808,3.6252,9180800
1992-01-22,3.6400,3.7435,3.6400,3.7435,3256000
1992-01-23,3.7583,3.8175,3.7139,3.7435,5484800
1992-01-24,3.7287,3.8323,3.7287,3.7731,4144000
1992-01-27,3.8175,3.8246,3.7731,3.7731,2414400
1992-01-28,3.7879,3.8915,3.7731,3.8027,9104000
1992-01-29,3.7879,3.8323,3.7435,3.7435,3976000
1992-01-30,3.7435,3.7731,3.6767,3.7287,3203200
1992-01-31,3.7879,3.7879,3.6104,3.6329,5577600
1992-02-03,3.6252,3.6991,3.5956,3.6548,2438400
1992-02-04,3.6695,3.7583,3.6252,3.7435,5740800
1992-02-05,3.7435,3.8175,3.6991,3.8027,8662400
1992-02-06,3.8027,3.8471,3.7435,3.7583,3368000
1992-02-07,3.7435,3.7731,3.5808,3.7139,7395200
1992-02-10,3.6695,3.7583,3.6033,3.6252,3585600
1992-02-11,3.6400,3.6400,3.4476,3.4695,9313600
1992-02-12,3.4624,3.6252,3.4032,3.6175,11160000
1992-02-13,3.6104,3.6104,3.4476,3.4772,6296000
1992-02-14,3.4328,3.4920,3.4180,3.4328,5275200
1992-02-18,3.4624,3.5068,3.3144,3.3588,7302400
1992-02-19,3.3807,3.4624,3.2848,3.3073,16516800
1992-02-20,3.2996,3.4103,3.2996,3.3736,5720000
1992-02-21,3.3588,3.3884,3.2404,3.2996,8640000
1992-02-24,3.2996,3.3736,3.2552,3.3440,5731200
1992-02-25,3.3440,3.3588,3.2552,3.3215,5008000
1992-02-26,3.3588,3.5068,3.3440,3.4772,5212800
1992-02-27,3.4476,3.5068,3.2257,3.2552,16169600
1992-02-28,3.2996,3.3884,3.2848,3.3440,10368000
1992-03-02,3.3292,3.3588,3.2848,3.3588,4931200
1992-03-03,3.3884,3.4772,3.3144,3.3144,10595200
1992-03-04,3.2700,3.3144,3.1665,3.2109,25260800
1992-03-05,3.1665,3.2700,3.0481,3.1073,21838400
1992-03-06,3.1073,3.1221,2.9297,2.9889,21825600
1992-03-09,2.9889,3.0629,2.9889,3.0185,11440000
1992-03-10,3.0629,3.1073,3.0185,3.0481,8332800
1992-03-11,2.9889,3.0185,2.9445,2.9889,8366400
1992-03-12,3.0185,3.0629,2.9593,3.0629,5892800
1992-03-13,3.0777,3.1073,3.0629,3.0777,2828800
1992-03-16,3.1073,3.1517,3.0629,3.1073,4294400
1992-03-17,3.2032,3.3440,3.1961,3.3144,20252800
1992-03-18,3.3144,3.3292,3.2109,3.2552,8326400
1992-03-19,3.1665,3.3144,3.1073,3.3144,20489600
1992-03-20,3.3144,3.3144,3.2257,3.2404,5920000
1992-03-23,3.2451,3.2967,3.2007,3.2825,2801600
1992-03-24,3.3044,3.3192,3.1710,3.2078,10275200
1992-03-25,3.2007,3.2896,3.2007,3.2599,3523200
1992-03-26,3.2896,3.2896,3.2303,3.2451,5241600
1992-03-27,3.2155,3.2599,3.0821,3.1562,7934400
1992-03-30,3.1266,3.2155,3.0970,3.1414,7043200
1992-03-31,3.1562,3.1562,3.0300,3.0377,7040000
1992-04-01,3.0080,3.0229,2.9043,2.9488,16076800
1992-04-02,2.9784,2.9932,2.8450,2.8599,12094400
1992-04-03,2.8450,2.8747,2.7710,2.8379,7433600
1992-04-06,2.8450,2.9043,2.7710,2.8747,7113600
1992-04-07,2.8747,2.8747,2.5191,2.5487,44185600
1992-04-08,2.5783,2.5931,2.3264,2.4527,35868800
1992-04-09,2.4598,2.5635,2.4450,2.5339,27092800
1992-04-10,2.5783,2.6080,2.3412,2.3638,21086400
1992-04-13,2.3857,2.5487,2.3709,2.5042,10636800
1992-04-14,2.5635,2.6672,2.5339,2.5558,11635200
1992-04-15,2.5783,2.6080,2.5042,2.5339,12468800
1992-04-16,2.5339,2.5339,2.4450,2.4746,8296000
1992-04-20,2.4746,2.4894,2.3264,2.4153,15836800
1992-04-21,2.4301,2.4598,2.3857,2.3857,6969600
1992-04-22,2.4153,2.4746,2.3709,2.4598,6780800
1992-04-23,2.4746,2.4894,2.3264,2.4005,11084800
1992-04-24,2.4005,2.4005,2.3264,2.3561,8081600
1992-04-27,2.3561,2.3561,2.2227,2.2523,12577600
1992-04-28,2.2671,2.3412,2.2523,2.3116,8851200
1992-04-29,2.3412,2.4894,2.3264,2.4746,9684800
1992-04-30,2.4746,2.6376,2.4746,2.6228,12385600
1992-05-01,2.6228,2.6820,2.5191,2.5783,14264000
1992-05-04,2.5931,2.6969,2.5783,2.6672,7067200
1992-05-05,2.6820,2.8302,2.6524,2.8154,16585600
1992-05-06,2.8450,2.8747,2.7858,2.8450,7251200
1992-05-07,2.8302,2.8599,2.7413,2.7929,11592000
1992-05-08,2.8006,2.8006,2.7561,2.7710,4363200
1992-05-11,2.8006,2.8006,2.7265,2.7710,7224000
1992-05-12,2.7858,2.8006,2.6820,2.7040,6262400
1992-05-13,2.7117,2.7117,2.6376,2.6969,13123200
1992-05-14,2.6820,2.7117,2.6228,2.6743,15998400
1992-05-15,2.6524,2.6969,2.6376,2.6820,2728000
1992-05-18,2.6820,2.8154,2.6820,2.7265,9041600
1992-05-19,2.7265,2.7265,2.6376,2.6969,3771200
1992-05-20,2.7194,2.7710,2.6820,2.7710,6444800
1992-05-21,2.7413,2.7561,2.6524,2.6524,12148800
1992-05-22,2.6524,2.6672,2.6080,2.6524,3420800
1992-05-26,2.6376,2.6820,2.5783,2.6672,4276800
1992-05-27,2.6820,2.6969,2.6080,2.6524,6716800
1992-05-28,2.6672,2.7040,2.6008,2.6672,7516800
1992-05-29,2.6820,2.7561,2.6672,2.6969,7603200
1992-06-01,2.6820,2.8450,2.6524,2.8302,8315200
1992-06-02,2.8450,2.9191,2.8302,2.8747,11156800
1992-06-03,2.8599,2.8895,2.8302,2.8895,3684800
1992-06-04,2.8450,2.8747,2.7561,2.7787,5331200
1992-06-05,2.7858,2.7858,2.7117,2.7490,4150400
1992-06-08,2.7561,2.7561,2.6969,2.6969,4468800
1992-06-09,2.7040,2.7040,2.6080,2.6672,5971200
1992-06-10,2.6672,2.7117,2.6228,2.6305,5312000
1992-06-11,2.6376,2.6820,2.6080,2.6376,6923200
1992-06-12,2.6820,2.6820,2.5339,2.5783,10177600
1992-06-15,2.5635,2.6524,2.4598,2.5042,17232000
1992-06-16,2.5042,2.5783,2.4823,2.5339,9387200
1992-06-17,2.6376,2.7858,2.5783,2.7265,33166400
1992-06-18,2.7561,2.7858,2.6672,2.6820,8772800
1992-06-19,2.7117,2.7117,2.5783,2.6080,14187200
1992-06-22,2.6080,2.7265,2.5783,2.7265,5376000
1992-06-23,2.7313,2.7758,2.6719,2.7164,10689600
1992-06-24,2.7087,2.7164,2.5977,2.6274,7763200
1992-06-25,2.6125,2.6274,2.5235,2.5531,7592000
1992-06-26,2.4938,2.5383,2.4789,2.5086,7044800
1992-06-29,2.5531,2.6719,2.5383,2.6571,6888000
1992-06-30,2.6790,2.7313,2.6351,2.7016,12339200
1992-07-01,2.6867,2.7906,2.6867,2.7313,8179200
1992-07-02,2.7461,2.7610,2.6274,2.6571,8996800
1992-07-06,2.6422,2.6571,2.5977,2.6493,10750400
1992-07-07,2.6493,2.6867,2.5383,2.5383,14611200
1992-07-08,2.5383,2.5977,2.4938,2.5828,15089600
1992-07-09,2.5828,2.6571,2.5680,2.6351,9080000
1992-07-10,2.6274,2.6422,2.5531,2.6125,10577600
1992-07-13,2.6125,2.7164,2.5900,2.7016,8752000
1992-07-14,2.7016,2.7164,2.6571,2.6648,4844800
1992-07-15,2.6719,2.6867,2.5977,2.5977,13582400
1992-07-16,2.5531,2.6422,2.5383,2.6274,10931200
1992-07-17,2.6274,2.6274,2.5531,2.5680,9296000
1992-07-20,2.5383,2.5383,2.4195,2.5009,19161600
1992-07-21,2.5235,2.5531,2.3750,2.3899,29612800
1992-07-22,2.3602,2.4047,2.3008,2.3156,19401600
1992-07-23,2.3008,2.3305,2.1820,2.2491,25521600
1992-07-24,2.2414,2.3305,2.1375,2.1524,16163200
1992-07-27,2.1524,2.1820,2.1227,2.1524,7652800
1992-07-28,2.1672,2.2711,2.1672,2.2414,14283200
1992-07-29,2.2860,2.3156,2.2414,2.2860,9846400
1992-07-30,2.2711,2.3305,2.2563,2.3008,8800000
1992-07-31,2.3305,2.3305,2.1820,2.2563,11228800
1992-08-03,2.2266,2.2711,2.1969,2.2634,11302400
1992-08-04,2.2563,2.2711,2.2266,2.2563,15241600
1992-08-05,2.2563,2.2711,2.1672,2.1820,12414400
1992-08-06,2.1375,2.1524,2.0633,2.1375,22044800
1992-08-07,2.1375,2.1672,2.0930,2.1304,11768000
1992-08-10,2.1078,2.1524,2.0930,2.1227,5902400
1992-08-11,2.1524,2.1524,2.0781,2.0853,15720000
1992-08-12,2.1078,2.1227,2.0781,2.1078,8782400
1992-08-13,2.1227,2.1820,2.1227,2.1743,5278400
1992-08-14,2.1672,2.2414,2.1672,2.2337,4672000
1992-08-17,2.2414,2.2860,2.1969,2.2711,14035200
1992-08-18,2.2711,2.2711,2.2266,2.2266,4606400
1992-08-19,2.2266,2.2563,2.1969,2.2414,13411200
1992-08-20,2.2266,2.2563,2.1672,2.1969,6860800
1992-08-21,2.2266,2.2266,2.1672,2.1820,3910400
1992-08-24,2.1524,2.1672,2.1227,2.1375,6300800
1992-08-25,2.1078,2.1375,2.0930,2.1304,6036800
1992-08-26,2.0336,2.0485,1.8852,1.9071,35732800
1992-08-27,1.9594,1.9891,1.9149,1.9742,19083200
1992-08-28,1.9742,2.0039,1.9445,1.9594,6614400
1992-08-31,1.9445,1.9742,1.9000,1.9297,9176000
1992-09-01,1.9297,2.0781,1.9149,2.0556,12753600
1992-09-02,2.0781,2.1375,2.0039,2.1304,16035200
1992-09-03,2.1524,2.1672,2.0781,2.1078,12294400
1992-09-04,2.0930,2.1078,2.0336,2.0633,3475200
1992-09-08,2.0633,2.0633,1.9891,2.0039,5211200
1992-09-09,2.0039,2.0039,1.9297,1.9665,9776000
1992-09-10,1.9742,1.9891,1.9149,1.9742,17332800
1992-09-11,1.9742,1.9742,1.8703,1.9226,12038400
1992-09-14,1.9594,1.9742,1.8852,1.9594,9820800
1992-09-15,1.9297,2.0781,1.8852,2.0039,23350400
1992-09-16,1.8703,2.0485,1.8406,1.9445,31704000
1992-09-17,1.9297,1.9742,1.8852,1.9297,11251200
1992-09-18,1.9297,1.9594,1.9149,1.9445,5936000
1992-09-21,1.9149,1.9445,1.9000,1.9368,11414400
1992-09-22,1.9297,1.9594,1.8852,1.9071,5603200
1992-09-23,1.8852,1.9000,1.6993,1.7516,44267200
1992-09-24,1.7415,1.7564,1.6968,1.7415,31158400
1992-09-25,1.7564,1.7564,1.6671,1.6819,11201600
1992-09-28,1.6671,1.7117,1.6671,1.6671,4992000
1992-09-29,1.6968,1.6968,1.5778,1.6373,20166400
1992-09-30,1.6522,1.6968,1.6075,1.6742,7907200
1992-10-01,1.6819,1.7117,1.6373,1.6522,7609600
1992-10-02,1.6522,1.6819,1.5926,1.6004,12192000
1992-10-05,1.5926,1.6819,1.5629,1.6742,14660800
1992-10-06,1.6968,1.6968,1.6373,1.6522,6745600
1992-10-07,1.6522,1.6522,1.5926,1.6004,10272000
1992-10-08,1.6224,1.6224,1.5480,1.6004,5028800
1992-10-09,1.5926,1.6075,1.5331,1.5629,5291200
1992-10-12,1.5480,1.6075,1.5480,1.6075,12924800
1992-10-13,1.5629,1.5926,1.5033,1.5480,9000000
1992-10-14,1.5480,1.6224,1.5182,1.6075,8184000
1992-10-15,1.6075,1.6075,1.5629,1.6004,7476800
1992-10-16,1.6224,1.8010,1.5778,1.7040,21963200
1992-10-19,1.7117,1.9052,1.6968,1.8683,24496000
1992-10-20,1.9052,1.9052,1.7861,1.8159,9889600
1992-10-21,1.8010,1.8903,1.8010,1.8230,8054400
1992-10-22,1.8159,1.8308,1.6671,1.8159,25438400
1992-10-23,1.8159,1.8457,1.7712,1.8159,9176000
1992-10-26,1.8159,1.9945,1.7861,1.9874,18145600
1992-10-27,1.9945,2.0541,1.9499,2.0017,14422400
1992-10-28,1.9945,2.1285,1.9796,2.0767,13939200
1992-10-29,2.0838,2.1064,1.9945,2.0987,12668800
1992-10-30,2.0838,2.1434,2.0094,2.1207,12608000
1992-11-02,2.0987,2.1207,2.0541,2.0838,6494400
1992-11-03,2.1136,2.1136,1.9796,2.0094,10296000
1992-11-04,1.9945,2.0987,1.9350,2.0689,15520000
1992-11-05,2.0689,2.2922,2.0094,2.2773,26206400
1992-11-06,2.2773,2.2922,2.1434,2.2327,19107200
1992-11-09,2.2327,2.2327,2.1582,2.1880,7761600
1992-11-10,2.0987,2.2476,2.0987,2.1731,12339200
1992-11-11,2.1285,2.1731,2.0094,2.0243,20529600
1992-11-12,2.0541,2.0987,1.9945,2.0017,10408000
1992-11-13,1.9945,2.0541,1.9576,2.0469,9144000
1992-11-16,2.0689,2.0987,2.0171,2.0767,5772800
1992-11-17,1.9945,2.0094,1.8754,1.9201,19996800
1992-11-18,1.9201,1.9796,1.8754,1.9499,10601600
1992-11-19,1.9796,1.9945,1.9499,1.9796,5979200
1992-11-20,1.9796,1.9796,1.8754,1.8903,9508800
1992-11-23,1.9052,1.9647,1.8606,1.9201,7600000
1992-11-24,1.9201,2.0243,1.9052,1.9874,9526400
1992-11-25,1.9945,2.0243,1.9945,2.0243,4939200
1992-11-27,2.0243,2.0243,1.9350,1.9647,4166400
1992-11-30,1.9647,2.0392,1.9499,2.0243,6032000
1992-12-01,2.0392,2.0838,2.0243,2.0392,8142400
1992-12-02,2.0689,2.0689,2.0243,2.0689,4518400
1992-12-03,2.0689,2.1136,2.0243,2.0838,8873600
1992-12-04,1.9796,2.0541,1.9350,1.9719,17780800
1992-12-07,1.9647,2.0469,1.9647,2.0243,5208000
1992-12-08,2.0094,2.0392,1.9647,2.0243,5752000
1992-12-09,2.0243,2.0243,1.9499,1.9796,4219200
1992-12-10,1.9350,1.9499,1.8903,1.9052,6912000
1992-12-11,1.9052,1.9350,1.8159,1.8308,9139200
1992-12-14,1.8159,1.8457,1.7712,1.8010,9112000
1992-12-15,1.7861,1.8159,1.7266,1.8010,5865600
1992-12-16,1.8010,1.8159,1.7564,1.7564,5358400
1992-12-17,1.7712,1.8457,1.7266,1.8230,8300800
1992-12-18,1.8308,1.8457,1.7861,1.8159,3798400
1992-12-21,1.8159,1.8754,1.8010,1.8457,4576000
1992-12-22,1.8308,1.8754,1.8159,1.8528,3598400
1992-12-23,1.8308,1.8606,1.8308,1.8457,4563200
1992-12-24,1.8606,1.8606,1.8308,1.8385,1561600
1992-12-28,1.8159,1.8457,1.7861,1.8010,2457600
1992-12-29,1.8010,1.8385,1.7712,1.7861,3387200
1992-12-30,1.8010,1.8903,1.7861,1.8754,6808000
1992-12-31,1.8903,1.9201,1.8754,1.8754,4347200
1993-01-04,1.9052,1.9796,1.8606,1.9796,8888000
1993-01-05,1.9647,2.0243,1.9350,2.0094,7502400
1993-01-06,2.0243,2.0541,1.9350,1.9945,13830400
1993-01-07,1.9647,1.9945,1.9499,1.9499,6716800
1993-01-08,1.9499,1.9945,1.9499,1.9796,9043200
1993-01-11,1.9647,2.0243,1.9499,2.0243,4737600
1993-01-12,1.9945,2.0392,1.9350,1.9647,8137600
1993-01-13,2.1731,2.3964,2.1285,2.3964,73060800
1993-01-14,2.3964,2.4559,2.3071,2.3071,36984000
1993-01-15,2.2773,2.4262,2.2624,2.3815,24395200
1993-01-18,2.3517,2.3964,2.3220,2.3220,8908800
1993-01-19,2.3416,2.3565,2.2670,2.3565,19310400
1993-01-20,2.3565,2.5355,2.3267,2.5057,18731200
1993-01-21,2.5057,2.7294,2.5057,2.6321,26838400
1993-01-22,2.6399,2.6995,2.5951,2.6321,10870400
1993-01-25,2.6399,2.6399,2.5504,2.5653,9750400
1993-01-26,2.5802,2.6399,2.5653,2.5802,5976000
1993-01-27,2.5951,2.5951,2.4311,2.4687,13096000
1993-01-28,2.4609,2.5057,2.4311,2.4907,7868800
1993-01-29,2.5206,2.5206,2.4460,2.4758,4990400
1993-02-01,2.4609,2.6250,2.4162,2.5951,8670400
1993-02-02,2.6250,2.7294,2.6101,2.7073,11491200
1993-02-03,2.7294,2.7294,2.5653,2.5802,11788800
1993-02-04,2.6101,2.6548,2.5802,2.6101,6441600
1993-02-05,2.6101,2.6399,2.4758,2.4830,9843200
1993-02-08,2.4609,2.5504,2.4609,2.4985,6315200
1993-02-09,2.5057,2.5057,2.4609,2.4758,2131200
1993-02-10,2.4758,2.5057,2.3863,2.4460,6713600
1993-02-11,2.4758,2.5355,2.4609,2.4985,3332800
1993-02-12,2.5057,2.5057,2.4162,2.4233,4668800
1993-02-16,2.3714,2.4162,2.3416,2.4090,11275200
1993-02-17,2.4609,2.4758,2.4162,2.4609,10768000
1993-02-18,2.4907,2.5355,2.4162,2.5206,11017600
1993-02-19,2.5504,2.6250,2.5206,2.6101,8609600
1993-02-22,2.6101,2.6101,2.4609,2.5128,8766400
1993-02-23,2.5355,2.5355,2.4311,2.4311,6059200
1993-02-24,2.4311,2.5653,2.4013,2.5355,8977600
1993-02-25,2.5355,2.6548,2.5206,2.6548,13163200
1993-02-26,2.6548,2.7145,2.5951,2.6620,14088000
1993-03-01,2.6995,2.7145,2.5355,2.5653,6612800
1993-03-02,2.5057,2.6399,2.4907,2.6250,9382400
1993-03-03,2.6399,2.7294,2.6101,2.6697,11833600
1993-03-04,2.6995,2.6995,2.5355,2.6250,10683200
1993-03-05,2.5951,2.6995,2.5951,2.6697,12636800
1993-03-08,2.6697,2.7741,2.6697,2.7670,9841600
1993-03-09,2.7741,2.8039,2.6846,2.6995,8081600
1993-03-10,2.6846,2.7592,2.6697,2.7294,6457600
1993-03-11,2.7145,2.7294,2.6399,2.6697,4448000
1993-03-12,2.6476,2.7443,2.6250,2.7294,6542400
1993-03-15,2.7443,2.7890,2.7145,2.7741,4398400
1993-03-16,2.7890,2.8039,2.6846,2.7443,13131200
1993-03-17,2.7592,2.7741,2.5951,2.6101,16121600
1993-03-18,2.6250,2.6846,2.5653,2.5880,7395200
1993-03-19,2.5802,2.6101,2.5355,2.6101,8912000
1993-03-22,2.5802,2.6101,2.5206,2.5802,7721600
1993-03-23,2.5355,2.6399,2.5355,2.6023,6651200
1993-03-24,2.6101,2.6250,2.5355,2.5725,4387200
1993-03-25,2.5802,2.6399,2.5653,2.6321,3052800
1993-03-26,2.6608,2.6608,2.6010,2.6608,2918400
1993-03-29,2.6608,2.7056,2.6159,2.6458,5401600
1993-03-30,2.6309,2.6309,2.5711,2.5860,2608000
1993-03-31,2.6010,2.6159,2.5561,2.5711,2915200
1993-04-01,2.5711,2.6010,2.5412,2.5412,1971200
1993-04-02,2.5113,2.5412,2.4216,2.4365,6643200
1993-04-05,2.4216,2.4365,2.3768,2.3917,6344000
1993-04-06,2.4216,2.4288,2.2422,2.2572,8904000
1993-04-07,2.2422,2.4216,2.2123,2.4144,11926400
1993-04-08,2.4216,2.4963,2.4066,2.4963,10356800
1993-04-12,2.4963,2.5412,2.4288,2.5412,10347200
1993-04-13,2.5711,2.6757,2.5561,2.6010,17801600
1993-04-14,2.6010,2.6907,2.5860,2.6757,8078400
1993-04-15,2.6757,2.7206,2.6458,2.6608,7184000
1993-04-16,2.6608,2.6757,2.6309,2.6458,5030400
1993-04-19,2.6608,2.6907,2.6159,2.6309,7080000
1993-04-20,2.6159,2.6458,2.5783,2.6159,6880000
1993-04-21,2.6608,2.8102,2.6309,2.7803,11470400
1993-04-22,2.7803,2.9597,2.7803,2.8629,22411200
1993-04-23,2.8401,2.8700,2.8102,2.8174,10193600
1993-04-26,2.8102,2.8551,2.6757,2.7056,10947200
1993-04-27,2.7056,3.0123,2.7056,2.9968,27652800
1993-04-28,3.0195,3.3035,3.0195,3.2886,34280000
1993-04-29,3.2138,3.4680,3.1839,3.4231,36372800
1993-04-30,3.4231,3.4530,3.3484,3.4231,26129600
1993-05-03,3.4082,3.5648,3.4082,3.5427,17595200
1993-05-04,3.5427,3.7968,3.5278,3.7299,21390400
1993-05-05,3.6103,3.6772,3.5726,3.6473,34750400
1993-05-06,3.6473,3.7071,3.5278,3.5427,19702400
1993-05-07,3.5427,3.6174,3.4979,3.5875,14156800
1993-05-10,3.5875,3.6174,3.5726,3.5726,7246400
1993-05-11,3.5726,3.5875,3.5278,3.5577,7828800
1993-05-12,3.5577,3.5726,3.4979,3.5427,6036800
1993-05-13,3.4979,3.5278,3.4680,3.4751,11220800
1993-05-14,3.4680,3.6623,3.4680,3.6545,10094400
1993-05-17,3.6623,3.8118,3.6473,3.7819,13086400
1993-05-18,3.8118,3.9314,3.7819,3.8716,16313600
1993-05-19,3.8865,4.1406,3.8267,4.0958,19832000
1993-05-20,4.1257,4.1556,3.9762,4.0061,11476800
1993-05-21,3.9463,3.9762,3.9164,3.9164,8777600
1993-05-24,3.9015,3.9613,3.8566,3.8937,6611200
1993-05-25,3.9015,4.1257,3.8716,4.1185,12836800
1993-05-26,4.1257,4.2303,4.0659,4.2303,10644800
1993-05-27,4.2303,4.2752,4.0360,4.0432,12513600
1993-05-28,4.0210,4.0360,3.8865,3.9463,7840000
1993-06-01,3.9314,4.0808,3.8566,4.0360,16003200
1993-06-02,4.0659,4.0659,3.9314,3.9391,7012800
1993-06-03,3.9314,3.9463,3.8417,3.8865,15556800
1993-06-04,3.8566,3.9762,3.8267,3.9015,13878400
1993-06-07,3.9314,3.9762,3.7520,3.7819,10984000
1993-06-08,3.7221,3.8716,3.6623,3.8638,21470400
1993-06-09,3.8417,4.2154,3.8417,4.1107,37563200
1993-06-10,4.0808,4.1257,4.0061,4.0360,11603200
1993-06-11,4.0958,4.2004,4.0360,4.1556,8873600
1993-06-14,4.2602,4.3947,4.1855,4.3350,24041600
1993-06-15,4.3798,4.4246,4.2901,4.3051,20964800
1993-06-16,4.2453,4.2602,3.9463,4.1257,38678400
1993-06-17,4.0061,4.1705,3.8566,4.1484,50609600
1993-06-18,4.1705,4.1705,3.9164,3.9236,18529600
1993-06-21,3.9164,3.9314,3.8118,3.8339,18872000
1993-06-22,3.8716,3.8716,3.6772,3.6772,18076800
1993-06-23,3.6681,3.8328,3.6681,3.7879,17027200
1993-06-24,3.7579,3.9076,3.7579,3.9076,10155200
1993-06-25,3.9076,4.0124,3.8927,3.9525,11900800
1993-06-28,3.9975,4.0274,3.8777,3.9376,8816000
1993-06-29,3.9376,3.9525,3.7429,3.7729,8958400
1993-06-30,3.8028,3.8028,3.6831,3.6980,11644800
1993-07-01,3.6681,3.7579,3.5333,3.5782,23516800
1993-07-02,3.5932,3.5932,3.5034,3.5405,12180800
1993-07-06,3.3986,3.4285,3.3237,3.3387,28729600
1993-07-07,3.3237,3.3237,3.2489,3.3010,12449600
1993-07-08,3.2938,3.3986,3.2938,3.3986,13584000
1993-07-09,3.4285,3.5782,3.4136,3.5561,14848000
1993-07-12,3.5633,3.6082,3.4734,3.5184,8803200
1993-07-13,3.5184,3.5333,3.4884,3.4962,6457600
1993-07-14,3.4884,3.5184,3.4435,3.4884,7259200
1993-07-15,3.4734,3.4734,3.3686,3.3686,9596800
1993-07-16,3.3387,3.3387,3.1740,3.2411,11676800
1993-07-19,3.2339,3.2489,3.0542,3.1141,16475200
1993-07-20,3.1441,3.2489,3.0992,3.1740,8721600
1993-07-21,3.1890,3.1968,3.1141,3.1513,6233600
1993-07-22,3.1441,3.2938,3.1441,3.1740,7790400
1993-07-23,3.1740,3.2189,3.1291,3.2040,7339200
1993-07-26,3.2040,3.3237,3.2040,3.3088,6969600
1993-07-27,3.3088,3.3088,3.1291,3.1291,16166400
1993-07-28,3.1291,3.2040,3.0914,3.1291,9148800
1993-07-29,3.0692,3.1441,3.0093,3.0393,8982400
1993-07-30,2.9943,3.1141,2.8446,2.9644,26449600
1993-08-02,2.9644,3.0842,2.9644,2.9794,21081600
1993-08-03,2.9943,3.0542,2.9794,3.0542,6172800
1993-08-04,3.0243,3.1590,3.0093,3.1513,7323200
1993-08-05,3.1740,3.2339,3.1740,3.2111,6929600
1993-08-06,3.2189,3.2638,3.1890,3.2267,8004800
1993-08-09,3.2489,3.2489,3.2040,3.2267,3243200
1993-08-10,3.2189,3.2638,3.1890,3.2267,5950400
1993-08-11,3.2339,3.4734,3.1740,3.4435,7763200
1993-08-12,3.5333,3.5788,3.2938,3.3537,10441600
1993-08-13,3.3537,3.3537,3.1441,3.2339,7503200
1993-08-16,3.2040,3.2638,3.0842,3.2195,7204800
1993-08-17,2.9943,3.1141,2.9644,3.0542,10196000
1993-08-18,3.0842,3.1441,3.0542,3.0842,6364000
1993-08-19,3.0842,3.1141,2.7847,2.8303,13971200
1993-08-20,2.4853,2.6051,2.4254,2.5751,35443200
1993-08-23,2.5751,2.6949,2.5153,2.6506,5992800
1993-08-24,2.6350,2.6650,2.5452,2.5751,10741600
1993-08-25,2.5751,2.5751,2.3655,2.4111,19772000
1993-08-26,2.3955,2.4853,2.3056,2.4254,12074400
1993-08-27,2.4254,2.5452,2.3955,2.4853,14788000
1993-08-30,2.5153,2.5452,2.4554,2.5308,4836800
1993-08-31,2.5153,2.5751,2.4853,2.5452,4336800
1993-09-01,2.5153,2.5452,2.4853,2.5009,3276000
1993-09-02,2.5153,2.5751,2.4554,2.5452,4504800
1993-09-03,2.5452,2.5452,2.3955,2.3955,2657600
1993-09-07,2.3955,2.4554,2.3056,2.3356,3369600
1993-09-08,2.3356,2.3955,2.2757,2.3955,6212000
1993-09-09,2.3955,2.4554,2.2158,2.2757,8712000
1993-09-10,2.3356,2.3655,2.2757,2.3356,3314400
1993-09-13,2.3512,2.3655,2.2458,2.2757,4124000
1993-09-14,2.2158,2.2458,2.1559,2.2158,7130400
1993-09-15,2.2458,2.2458,2.0661,2.1260,9977600
1993-09-16,2.1260,2.1559,2.0062,2.0661,7200800
1993-09-17,2.0062,2.0661,1.9463,1.9763,13140800
1993-09-20,2.0062,2.0661,1.9763,2.0517,7372800
1993-09-21,2.1260,2.2458,2.0960,2.2458,16110400
1993-09-22,2.3356,2.4254,2.3056,2.4254,23664800
1993-09-23,2.2158,2.2458,2.0362,2.1559,36452000
1993-09-24,2.1260,2.2613,2.1260,2.1859,17995200
1993-09-27,2.2458,2.2458,2.1559,2.2158,6971200
1993-09-28,2.2158,2.2458,2.1559,2.2458,6044800
1993-09-29,2.2458,2.3512,2.2158,2.2314,5494400
1993-09-30,2.2458,2.2757,2.1859,2.1859,4272000
1993-10-01,2.2518,2.2518,2.1617,2.2518,5522400
1993-10-04,2.2518,2.2518,2.1917,2.2217,3192800
1993-10-05,2.2518,2.2518,2.1617,2.1917,5771200
1993-10-06,2.1917,2.2373,2.1617,2.1773,6713600
1993-10-07,2.1917,2.3718,2.1617,2.3418,9178400
1993-10-08,2.3718,2.3718,2.2217,2.3118,4687200
1993-10-11,2.3118,2.3418,2.2818,2.3118,3565600
1993-10-12,2.3118,2.5520,2.2818,2.5220,18871200
1993-10-13,2.5220,2.5820,2.4919,2.5376,9043200
1993-10-14,2.5820,2.6120,2.4919,2.5220,5694400
1993-10-15,2.5520,2.7021,2.4919,2.6721,14768800
1993-10-18,2.7021,2.7922,2.6721,2.7321,10432800
1993-10-19,2.7621,2.7621,2.5220,2.5820,11640800
1993-10-20,2.5520,2.7021,2.5520,2.6120,6745600
1993-10-21,2.6120,2.7621,2.5220,2.7321,9153600
1993-10-22,2.7621,2.7922,2.6721,2.6721,8262400
1993-10-25,2.6721,2.7321,2.5820,2.5820,9672800
1993-10-26,2.6120,2.6721,2.4919,2.5220,6409600
1993-10-27,2.5220,2.6721,2.4919,2.5820,7220800
1993-10-28,2.5820,2.7021,2.5220,2.5376,8307200
1993-10-29,2.5520,2.6120,2.5220,2.6120,3216800
1993-11-01,2.6120,2.6120,2.5520,2.5820,2652000
1993-11-02,2.5676,2.6120,2.5220,2.5520,5083200
1993-11-03,2.6120,2.6120,2.4019,2.4175,10042400
1993-11-04,2.3718,2.4619,2.3418,2.3718,7324800
1993-11-05,2.3418,2.4019,2.2818,2.2974,10615200
1993-11-08,2.2818,2.4619,2.2818,2.4319,10843200
1993-11-09,2.4919,2.4919,2.3718,2.4319,4113600
1993-11-10,2.4319,2.4619,2.3574,2.4619,1641600
1993-11-11,2.4475,2.4619,2.4019,2.4019,2428800
1993-11-12,2.4019,2.4619,2.3418,2.3875,1885600
1993-11-15,2.4019,2.4019,2.2818,2.2974,3492800
1993-11-16,2.3418,2.4319,2.2818,2.3718,2984000
1993-11-17,2.4619,2.5520,2.4319,2.4919,14538400
1993-11-18,2.5220,2.5820,2.4619,2.5075,9265600
1993-11-19,2.5220,2.5220,2.4319,2.4619,7524800
1993-11-22,2.4319,2.4619,2.4019,2.4619,6114400
1993-11-23,2.4919,2.6721,2.4619,2.6577,11596800
1993-11-24,2.6421,2.7922,2.6421,2.7321,9462400
1993-11-26,2.7922,2.8522,2.7321,2.8078,2511200
1993-11-29,2.8522,2.9579,2.8222,2.8522,14829600
1993-11-30,2.9123,2.9123,2.7621,2.7778,5111200
1993-12-01,2.8222,3.0023,2.7621,2.9723,10449600
1993-12-02,3.0023,3.0023,2.8222,2.8522,7501600
1993-12-03,2.8522,2.9423,2.8522,2.8822,11940000
1993-12-06,2.8222,2.8522,2.7621,2.7778,10272000
1993-12-07,2.7621,2.8222,2.7321,2.7778,5062400
1993-12-08,2.7621,2.7621,2.6721,2.7321,2840000
1993-12-09,2.7621,2.7621,2.6120,2.6120,6858400
1993-12-10,2.6120,2.6721,2.5820,2.6577,2917600
1993-12-13,2.6721,2.7021,2.6421,2.6877,2458400
1993-12-14,2.6721,2.7021,2.5820,2.5820,4831200
1993-12-15,2.5820,2.6421,2.5220,2.5676,4699200
1993-12-16,2.5820,2.5820,2.4919,2.5520,3192800
1993-12-17,2.5520,2.6120,2.5220,2.5520,9122400
1993-12-20,2.5820,2.5820,2.4619,2.4919,5486400
1993-12-21,2.5220,2.5220,2.4019,2.4019,6343200
1993-12-22,2.4019,2.5520,2.3718,2.5376,7777600
1993-12-23,2.5520,2.6120,2.5220,2.5676,5076800
1993-12-27,2.5820,2.6120,2.5220,2.5820,5124800
1993-12-28,2.5820,2.6421,2.5520,2.6421,4172000
1993-12-29,2.6421,2.7621,2.6120,2.7021,10654400
1993-12-30,2.7321,2.7321,2.6421,2.6721,2316000
1993-12-31,2.6421,2.7021,2.6421,2.6721,2448000
1994-01-03,2.6721,2.7021,2.5220,2.5520,5958400
1994-01-04,2.5220,2.6721,2.4619,2.5976,10268800
1994-01-05,2.6120,2.7321,2.5820,2.7021,9286400
1994-01-06,3.1224,3.3026,3.0924,3.1825,53042400
1994-01-07,3.2425,3.2425,3.1224,3.1525,18649600
1994-01-10,3.1825,3.2125,3.0924,3.1380,10963200
1994-01-11,3.1224,3.1825,3.0924,3.1525,6868000
1994-01-12,3.1825,3.1825,3.1224,3.1825,3484000
1994-01-13,3.1525,3.1525,3.0624,3.1525,6128000
1994-01-14,3.0924,3.2125,3.0924,3.1525,5520800
1994-01-17,3.1825,3.3326,3.1224,3.3326,6403200
1994-01-18,3.3026,3.3326,3.2125,3.2581,6764000
1994-01-19,3.2125,3.2725,3.1825,3.2581,6357600
1994-01-20,3.2725,3.3326,3.2425,3.3026,6118400
1994-01-21,3.3383,3.5489,3.3083,3.4887,16071200
1994-01-24,3.3985,3.4586,3.3383,3.3383,5409600
1994-01-25,3.3985,3.3985,3.3083,3.3985,6672000
1994-01-26,3.3684,3.5188,3.3684,3.4887,7815200
1994-01-27,3.4586,3.6391,3.4286,3.6391,8866400
1994-01-28,3.6090,3.7293,3.6090,3.7293,10072000
1994-01-31,3.6692,3.7293,3.6090,3.6391,6334400
1994-02-01,3.6692,3.6692,3.4887,3.4887,3730400
1994-02-02,3.5489,3.5789,3.4586,3.5344,5402400
1994-02-03,3.5188,3.5789,3.4586,3.5044,4523200
1994-02-04,3.4887,3.5188,3.2782,3.2782,8410400
1994-02-07,3.2180,3.4286,3.1880,3.3684,7844000
1994-02-08,3.4286,3.4286,3.3083,3.3083,4542400
1994-02-09,3.3383,3.5489,3.3083,3.5489,9037600
1994-02-10,3.5489,3.6391,3.4887,3.5188,13988000
1994-02-11,3.5188,3.6090,3.3985,3.4743,4248800
1994-02-14,3.4887,3.6391,3.4286,3.6090,6972000
1994-02-15,3.5789,3.6692,3.5789,3.6547,7276000
1994-02-16,3.6992,3.8496,3.6692,3.7895,10459200
1994-02-17,3.7594,3.8496,3.6391,3.6692,9142400
1994-02-18,3.6992,3.6992,3.5489,3.6391,5934400
1994-02-22,3.6090,3.6992,3.6090,3.6391,3065600
1994-02-23,3.6992,3.6992,3.6090,3.6391,3355200
1994-02-24,3.6090,3.6391,3.4586,3.4743,5453600
1994-02-25,3.4887,3.5789,3.4586,3.4743,3967200
1994-02-28,3.4887,3.5789,3.4887,3.5188,4103200
1994-03-01,3.5789,3.5789,3.3985,3.4586,2804800
1994-03-02,3.3083,3.4586,3.2782,3.4586,7798400
1994-03-03,3.4586,3.4586,3.3383,3.3684,6996800
1994-03-04,3.3684,3.3985,3.3684,3.3985,7072800
1994-03-07,3.4286,3.6391,3.3985,3.5946,11708000
1994-03-08,3.6090,3.6090,3.5188,3.5789,2051200
1994-03-09,3.5789,3.7594,3.4887,3.7450,9007200
1994-03-10,3.7293,3.9098,3.7293,3.8953,12028800
1994-03-11,3.8797,4.0301,3.8496,3.9856,8363200
1994-03-14,3.9699,4.1203,3.9699,4.0601,6288800
1994-03-15,4.0902,4.1504,3.9098,3.9098,9357600
1994-03-16,3.6992,3.7450,3.4286,3.5489,41492800
1994-03-17,3.5789,3.7594,3.5489,3.7149,20859200
1994-03-18,3.6692,3.6692,3.5489,3.5489,26243200
1994-03-21,3.5789,3.5789,3.4586,3.4887,9746400
1994-03-22,3.4887,3.5188,3.3383,3.3985,12169600
1994-03-23,3.3985,3.3985,3.3239,3.3239,11006400
1994-03-24,3.3684,3.3684,3.1579,3.2036,8050400
1994-03-25,3.1880,3.2481,3.1278,3.1579,6764800
1994-03-28,3.1342,3.1944,2.9533,2.9690,12571200
1994-03-29,2.9835,3.0136,2.8328,2.9690,10259200
1994-03-30,2.9835,3.0438,2.9232,2.9533,6580000
1994-03-31,2.9232,2.9835,2.8629,2.9232,8630400
1994-04-04,2.7725,2.9232,2.6821,2.8629,8761600
1994-04-05,2.9232,3.1643,2.8629,3.1643,15402400
1994-04-06,3.1643,3.2246,3.0136,3.0896,12184000
1994-04-07,3.1040,3.1342,2.9232,2.9835,7844800
1994-04-08,3.0136,3.0136,2.8931,2.9087,4650400
1994-04-11,2.8931,3.0136,2.8328,2.9835,7973600
1994-04-12,2.9835,2.9835,2.8629,2.8629,4130400
1994-04-13,2.8629,2.9533,2.5917,2.6375,15388000
1994-04-14,2.6520,3.0136,2.5917,2.8931,20061600
1994-04-15,2.8931,2.9835,2.8485,2.9304,8074400
1994-04-18,2.9533,3.0136,2.8328,2.8931,4592000
1994-04-19,2.9992,3.0136,2.8328,2.9835,5179200
1994-04-20,2.9835,3.0438,2.8931,2.9389,6119200
1994-04-21,2.9533,3.1342,2.9533,3.1040,9828000
1994-04-22,3.0739,3.1040,2.9835,3.0136,3364000
1994-04-25,3.0438,3.1342,2.9835,3.1342,3393600
1994-04-26,3.1342,3.2246,2.9232,2.9835,16772800
1994-04-28,3.0136,3.2402,2.9533,3.0739,19778400
1994-04-29,3.0739,3.2848,3.0293,3.2246,9333600
1994-05-02,3.1944,3.3451,3.1944,3.3150,7197600
1994-05-03,3.3451,3.3608,3.2246,3.2547,3544800
1994-05-04,3.2848,3.3451,3.2402,3.2704,5287200
1994-05-05,3.2848,3.2848,3.1643,3.1643,2974400
1994-05-06,3.1643,3.1643,3.0739,3.1197,4092800
1994-05-09,3.0136,3.1342,2.8931,2.9533,7220800
1994-05-10,3.0136,3.0136,2.8629,2.8931,9684000
1994-05-11,2.9533,2.9533,2.8629,2.9160,5496800
1994-05-12,2.9835,3.0739,2.8931,2.9533,9148000
1994-05-13,2.9533,2.9835,2.8629,2.9232,2535200
1994-05-16,2.8931,3.0438,2.8931,2.9835,6400000
1994-05-17,2.9835,3.1040,2.9232,3.0739,5804800
1994-05-18,3.0438,3.2547,3.0438,3.2246,5761600
1994-05-19,3.2402,3.3753,3.1944,3.3451,15336800
1994-05-20,3.3451,3.5862,3.2246,3.4657,30105600
1994-05-23,3.4657,3.5561,3.3451,3.5416,14432800
1994-05-24,3.5259,3.5717,3.4054,3.5259,7314400
1994-05-25,3.4958,3.5561,3.4657,3.5115,5556000
1994-05-26,3.4657,3.4958,3.4054,3.4355,4282400
1994-05-27,3.4355,3.4355,3.3150,3.3150,4760800
1994-05-31,3.2547,3.4958,3.2246,3.4657,6680800
1994-06-01,3.4355,3.6163,3.4054,3.6163,10603200
1994-06-02,3.5862,3.6465,3.5561,3.5790,8664000
1994-06-03,3.5561,3.5862,3.4054,3.4657,3830400
1994-06-06,3.4657,3.4958,3.3753,3.4657,2215200
1994-06-07,3.4054,3.4958,3.4054,3.4054,1953600
1994-06-08,3.4054,3.4355,3.2547,3.3150,4437600
1994-06-09,3.3150,3.3150,3.1944,3.2704,2774400
1994-06-10,3.2704,3.3451,3.2547,3.2547,1188000
1994-06-13,3.2547,3.3150,3.2246,3.2547,1165600
1994-06-14,3.2848,3.3753,3.2547,3.3451,2275200
1994-06-15,3.3150,3.4054,3.2848,3.3451,6633600
1994-06-16,3.3451,3.4054,3.3150,3.3306,1487200
1994-06-17,3.3451,3.3451,3.1342,3.1342,3872000
1994-06-20,3.1342,3.1643,3.0438,3.0739,3338400
1994-06-21,3.0136,3.0739,2.9533,3.0739,6738400
1994-06-22,3.0739,3.2848,3.0739,3.2547,8328800
1994-06-23,3.2547,3.2848,3.0438,3.0594,8521600
1994-06-24,3.0739,3.1944,3.0438,3.0739,12239200
1994-06-27,3.0739,3.1342,3.0438,3.1197,7109600
1994-06-28,3.1040,3.2848,3.1040,3.2547,5538400
1994-06-29,3.2848,3.3753,3.2402,3.2402,9230400
1994-06-30,3.2607,3.3513,3.2607,3.2909,5566400
1994-07-01,3.2909,3.3814,3.1858,3.3670,3787200
1994-07-05,3.3211,3.4116,3.3211,3.3513,2952800
1994-07-06,3.3513,3.3814,3.2909,3.3211,1780800
1994-07-07,3.3211,3.3814,3.2607,3.3670,2262400
1994-07-08,3.3211,3.4116,3.2909,3.3814,3933600
1994-07-11,3.3814,3.4418,3.3513,3.4116,3677600
1994-07-12,3.3814,3.6532,3.3814,3.6532,9429600
1994-07-13,3.6230,3.8343,3.5928,3.7896,22821600
1994-07-14,3.6532,3.8343,3.5928,3.7292,27867200
1994-07-15,3.7437,3.7437,3.6230,3.7437,10880800
1994-07-18,3.7437,3.7437,3.6532,3.6834,4676800
1994-07-19,3.6532,3.7135,3.5626,3.5928,3432800
1994-07-20,3.6230,3.6834,3.4720,3.5626,5419200
1994-07-21,3.5324,3.7739,3.5324,3.7365,8348800
1994-07-22,3.7739,3.7739,3.6532,3.7667,11210400
1994-07-25,3.7437,3.8343,3.6532,3.7292,5683200
1994-07-26,3.7739,3.7896,3.6230,3.6532,3135200
1994-07-27,3.6230,3.6689,3.5626,3.6230,3427200
1994-07-28,3.6532,3.7292,3.5928,3.6085,7059200
1994-07-29,3.5928,3.7739,3.5928,3.7437,8298400
1994-08-01,3.7135,3.7437,3.6532,3.6689,1532800
1994-08-02,3.7135,3.7437,3.6532,3.6991,2756000
1994-08-03,3.6834,3.6834,3.5626,3.5928,2706400
1994-08-04,3.5626,3.6230,3.5022,3.5553,2724800
1994-08-05,3.5022,3.5324,3.4720,3.5324,1532800
1994-08-08,3.5022,3.7739,3.5022,3.7594,5030400
1994-08-09,3.7437,3.8645,3.5928,3.6387,8957600
1994-08-10,3.6834,4.0457,3.6532,4.0082,17223200
1994-08-11,3.9249,4.0457,3.9249,3.9708,7116000
1994-08-12,3.9551,4.1664,3.9551,4.0614,5604800
1994-08-15,4.0457,4.0758,3.9249,3.9551,4937600
1994-08-16,3.9853,3.9853,3.7135,3.8645,10200000
1994-08-17,3.9249,4.0758,3.8947,4.0614,8190400
1994-08-18,4.0155,4.0457,3.8645,3.8947,6926400
1994-08-19,3.9249,3.9249,3.8343,3.8947,5040800
1994-08-22,3.8947,3.9249,3.8343,3.8645,2994400
1994-08-23,3.8343,3.8645,3.8041,3.8198,5725600
1994-08-24,3.8041,3.8645,3.7739,3.7969,5187200
1994-08-25,3.7739,3.9551,3.7739,3.9249,5271200
1994-08-26,3.9551,4.0155,3.7739,3.8198,8500800
1994-08-29,3.8343,3.8645,3.8041,3.8343,3247200
1994-08-30,3.8041,3.8645,3.7739,3.8041,3626400
1994-08-31,3.8645,3.9249,3.7437,3.8343,5075200
1994-09-01,3.8041,3.8041,3.6230,3.6532,6848000
1994-09-02,3.7135,3.7437,3.6532,3.6532,2843200
1994-09-06,3.6387,3.6834,3.5928,3.6230,4720800
1994-09-07,3.6532,3.7437,3.6230,3.6387,5868800
1994-09-08,3.6834,3.8343,3.6532,3.7292,5736000
1994-09-09,3.6834,3.6834,3.5928,3.6834,4224000
1994-09-12,3.7135,3.7437,3.6532,3.7437,3720800
1994-09-13,3.7739,4.0384,3.7437,3.9708,15420800
1994-09-14,3.9551,4.0155,3.8947,3.9249,2914400
1994-09-15,3.9249,4.1664,3.9249,4.1664,7977600
1994-09-16,4.1664,4.2872,4.1060,4.1966,13886400
1994-09-19,4.2268,4.2570,4.1362,4.2268,7008800
1994-09-20,4.2268,4.4683,4.1664,4.3174,14783200
1994-09-21,4.3174,4.3476,4.1362,4.1966,7720000
1994-09-22,4.1664,4.2268,3.9853,4.1217,9255200
1994-09-23,4.1060,4.1664,3.9249,3.9249,7404000
1994-09-26,3.9249,3.9853,3.8416,3.8947,3578400
1994-09-27,3.9249,3.9551,3.8041,3.8198,5655200
1994-09-28,3.8343,4.1664,3.8343,4.0758,9863200
1994-09-29,4.0518,4.0820,3.9308,4.0070,2916000
1994-09-30,4.0518,4.0820,3.9308,3.9308,3067200
1994-10-03,3.9611,3.9611,3.8401,3.8861,3216800
1994-10-04,3.8703,4.1280,3.8703,4.0820,13334400
1994-10-05,4.0215,4.3239,3.9006,4.3239,13249600
1994-10-06,4.2937,4.3239,4.0820,4.0820,5556800
1994-10-07,4.1122,4.3541,4.1122,4.2791,10828000
1994-10-10,4.2937,4.3844,4.2332,4.2634,7398400
1994-10-11,4.2634,4.5356,4.2634,4.4146,10965600
1994-10-12,4.3541,4.5356,4.3239,4.4751,8620000
1994-10-13,4.5658,4.6565,4.5053,4.5356,10391200
1994-10-14,4.5053,4.5658,4.3541,4.4146,5764000
1994-10-17,4.4001,4.4146,4.3541,4.3844,2104800
1994-10-18,4.4146,4.4146,4.3239,4.3541,1467200
1994-10-19,4.3396,4.5356,4.3239,4.4908,5612800
1994-10-20,4.4448,4.5053,4.3541,4.4146,4868800
1994-10-21,4.3844,4.4146,4.3239,4.3396,1845600
1994-10-24,4.3541,4.3844,4.2332,4.2332,2157600
1994-10-25,4.2187,4.2634,4.1727,4.2634,2958400
1994-10-26,4.2332,4.4146,4.2332,4.3844,4146400
1994-10-27,4.4146,4.5356,4.3541,4.3699,5527200
1994-10-28,4.3844,4.4146,4.2937,4.2937,6617600
1994-10-31,4.3094,4.4146,4.2634,4.4001,3962400
1994-11-01,4.3541,4.4448,4.3239,4.4001,2613600
1994-11-02,4.4448,4.5356,4.2634,4.2634,6039200
1994-11-03,4.2937,4.2937,4.1727,4.2029,4726400
1994-11-04,4.2029,4.2332,4.0820,4.1727,9909600
1994-11-07,4.1727,4.2029,4.0820,4.1122,4753600
1994-11-08,4.1122,4.2937,4.1122,4.2791,7199200
1994-11-09,4.2937,4.3844,4.1727,4.2029,3720800
1994-11-10,4.1727,4.2332,4.0518,4.1122,3292800
1994-11-11,4.0518,4.0820,3.9611,3.9913,2225600
1994-11-14,4.1425,4.2029,4.1122,4.1884,1899200
1994-11-15,4.1884,4.2937,4.1425,4.2489,7555200
1994-11-16,4.2332,4.3541,4.2029,4.2634,4427200
1994-11-17,4.3541,4.4448,4.1425,4.1727,8984000
1994-11-18,4.2029,4.2634,4.1582,4.1884,5031200
1994-11-21,4.2029,4.2332,4.0215,4.0215,3991200
1994-11-22,3.9913,4.0215,3.7796,3.8099,11637600
1994-11-23,3.8256,3.9006,3.7494,3.8401,7152800
1994-11-25,3.8401,3.9611,3.8401,3.9006,2803200
1994-11-28,3.9006,4.0820,3.9006,4.0820,6644000
1994-11-29,4.0820,4.1122,4.0518,4.0820,5742400
1994-11-30,4.0675,4.1727,3.9913,3.9913,4591200
1994-12-01,3.9913,3.9913,3.8703,3.9308,3224800
1994-12-02,3.9611,4.1122,3.9308,4.0977,7030400
1994-12-05,4.1122,4.2332,4.0820,4.1122,5901600
1994-12-06,4.1122,4.2029,3.9683,3.9913,3805600
1994-12-07,3.9611,4.0215,3.9006,3.9308,3891200
1994-12-08,3.9611,4.0518,3.8099,3.8703,7109600
1994-12-09,3.8703,3.9006,3.7192,3.8256,6268000
1994-12-12,3.9006,3.9611,3.8099,3.8703,3781600
1994-12-13,3.8703,3.9611,3.8401,3.8401,4389600
1994-12-14,3.8703,3.9611,3.8703,3.8861,5049600
1994-12-15,3.9006,4.0518,3.9006,3.9768,5338400
1994-12-16,3.9913,4.0820,3.9006,4.0518,4687200
1994-12-19,4.0675,4.2029,3.9006,3.9465,7555200
1994-12-20,4.0215,4.0215,3.5075,3.7651,27632800
1994-12-21,3.7796,3.8099,3.5680,3.6284,21304000
1994-12-22,3.5982,3.7192,3.5680,3.6284,10572000
1994-12-23,3.6587,3.6587,3.5982,3.5982,4944800
1994-12-27,3.6284,3.6284,3.4543,3.5535,7655200
1994-12-28,3.5680,3.6284,3.4470,3.4773,9890400
1994-12-29,3.4773,3.6284,3.4470,3.6284,5133600
1994-12-30,3.6284,3.8256,3.5982,3.5982,7644800
1995-01-03,3.6284,3.6889,3.5680,3.5982,6311200
1995-01-04,3.5837,3.6587,3.3116,3.5075,15775200
1995-01-05,3.7494,3.8401,3.5982,3.6139,25738400
1995-01-06,3.6587,3.7349,3.5377,3.6889,7888800
1995-01-09,3.7192,3.7796,3.6587,3.7349,5432000
1995-01-10,3.7494,3.8099,3.6889,3.8026,7388000
1995-01-11,3.8099,3.8401,3.7192,3.7494,3709600
1995-01-12,3.7553,3.8462,3.7553,3.8232,2497600
1995-01-13,3.8462,3.8462,3.7250,3.7553,2968000
1995-01-16,3.7856,3.8159,3.7250,3.7250,3592800
1995-01-17,3.7250,3.9976,3.7250,3.9225,17280800
1995-01-18,3.9673,4.0582,3.9068,3.9140,10196800
1995-01-19,3.8462,3.9225,3.7553,3.7856,5085600
1995-01-20,3.7553,3.7856,3.6039,3.6342,11177600
1995-01-23,3.6342,3.6948,3.5433,3.6875,7396000
1995-01-24,3.7553,3.7711,3.6645,3.6645,3125600
1995-01-25,3.6645,3.7250,3.5433,3.6342,13884000
1995-01-26,3.6342,3.6645,3.5736,3.6499,5008800
1995-01-27,3.6645,3.6802,3.5894,3.6499,3288800
1995-01-30,3.6645,3.6948,3.4828,3.4828,5348000
1995-01-31,3.5433,3.6039,3.4525,3.5058,6424800
1995-02-01,3.5433,3.6039,3.4828,3.4985,6148000
1995-02-02,3.5288,3.6342,3.5131,3.6197,4609600
1995-02-03,3.6645,3.6948,3.4828,3.5288,5249600
1995-02-06,3.5131,3.6039,3.4525,3.5591,5584800
1995-02-07,3.5591,3.5736,3.4755,3.4985,3236800
1995-02-08,3.4828,3.6039,3.4828,3.5736,3356000
1995-02-09,3.5591,3.6645,3.4525,3.5131,7534400
1995-02-10,3.5131,3.9225,3.5131,3.9068,17648000
1995-02-13,3.8765,3.9673,3.7553,3.8159,6169600
1995-02-14,3.8462,3.9673,3.8159,3.8765,4912800
1995-02-15,3.9068,3.9673,3.8159,3.9370,6548800
1995-02-16,3.9673,4.2096,3.9673,4.2096,20340800
1995-02-17,4.1793,4.1793,4.1188,4.1490,12722400
1995-02-21,4.1188,4.3610,4.1188,4.3465,17552000
1995-02-22,4.3307,4.3913,4.2399,4.3913,7975200
1995-02-23,4.3610,4.3913,4.2399,4.3162,7945600
1995-02-24,4.3005,4.3077,4.1188,4.1490,5149600
1995-02-27,4.1188,4.2096,4.0885,4.1490,3096000
1995-02-28,4.1188,4.3307,4.1188,4.3307,9036800
1995-03-01,4.3005,4.4216,4.2702,4.2774,10280000
1995-03-02,4.2859,4.3005,4.1490,4.2399,5300000
1995-03-03,4.2702,4.3307,4.2096,4.3307,8049600
1995-03-06,4.2702,4.4216,4.2096,4.3610,4016800
1995-03-07,4.3610,4.4519,4.2096,4.2702,5526400
1995-03-08,4.3307,4.4519,4.3307,4.4216,7195200
1995-03-09,4.4216,4.5427,4.3647,4.5125,5577600
1995-03-10,4.4519,4.5427,4.3913,4.4216,5394400
1995-03-13,4.3610,4.4216,4.3307,4.3307,4333600
1995-03-14,4.3610,4.5427,4.3005,4.4822,10568000
1995-03-15,4.4822,4.5427,4.3913,4.5125,4636000
1995-03-16,4.4519,4.6033,4.4519,4.5282,8729600
1995-03-17,4.5730,4.6033,4.4822,4.5888,5152000
1995-03-20,4.5427,4.6033,4.4822,4.5125,5719200
1995-03-21,4.4822,4.5427,4.3610,4.3610,6430400
1995-03-22,4.3610,4.6033,4.3610,4.5427,10256000
1995-03-23,4.5730,4.7547,4.5730,4.6942,13239200
1995-03-24,5.4816,6.1176,5.3907,6.0873,45504000
1995-03-27,6.0267,6.0570,5.6936,5.7239,23573600
1995-03-28,5.9358,6.3901,5.9358,6.0873,48444000
1995-03-29,6.1781,6.1805,5.7844,5.8450,20971200
1995-03-30,5.9056,6.0873,5.7541,6.0873,24256000
1995-03-31,5.9722,6.2147,5.8812,6.0025,13678400
1995-04-03,5.9722,6.0328,5.8509,5.9115,6315200
1995-04-04,5.9115,5.9418,5.7903,5.8509,3904800
1995-04-05,5.8206,6.2147,5.7296,6.1541,14613600
1995-04-06,6.1844,6.2147,5.8206,5.8509,10881600
1995-04-07,5.8812,5.9115,5.6241,5.8509,13385600
1995-04-10,5.8812,6.1844,5.8509,6.1541,15804000
1995-04-11,6.1541,6.5178,6.1237,6.4427,22697600
1995-04-12,6.4875,6.6088,6.4572,6.5033,10963200
1995-04-13,6.5178,6.5482,6.3966,6.4875,6923200
1995-04-17,6.4875,6.5482,6.1844,6.1844,7842400
1995-04-18,6.2753,6.2753,6.0328,6.0631,14107200
1995-04-19,6.1237,6.1237,5.8206,6.0631,8584800
1995-04-20,6.0934,6.1541,6.0025,6.1541,9952000
1995-04-21,6.1237,6.4875,6.0631,6.3359,12240800
1995-04-24,6.2753,6.4875,6.2450,6.4875,5488000
1995-04-25,6.4572,6.8513,6.3966,6.8064,16940800
1995-04-26,6.7907,6.8210,6.6245,6.6997,7135200
1995-04-27,6.6694,6.9726,6.6694,6.8513,13384800
1995-04-28,6.8513,7.0938,6.8513,7.0635,8979200
1995-05-01,7.0332,7.1241,6.9726,7.0332,8620800
1995-05-02,6.9726,7.0029,6.6694,6.6997,9386400
1995-05-03,6.6694,6.7907,6.5482,6.6997,8519200
1995-05-04,6.6997,6.8816,6.5482,6.6391,11449600
1995-05-05,6.6391,6.7300,6.4269,6.5178,7533600
1995-05-08,6.5482,6.7300,6.4572,6.6852,5561600
1995-05-09,6.6694,6.7907,6.4875,6.6088,9516000
1995-05-10,6.6088,6.6391,6.3966,6.5178,9828800
1995-05-11,6.5178,6.7604,6.4875,6.7300,9860800
1995-05-12,6.6694,6.8234,6.6391,6.8040,10642400
1995-05-15,6.8513,6.9726,6.7907,6.8816,9297600
1995-05-16,6.7604,6.8816,6.6997,6.6997,6111200
1995-05-17,6.6997,6.9423,6.5639,6.9119,10340000
1995-05-18,6.8816,6.8816,6.6391,6.6391,10738400
1995-05-19,6.6088,6.6391,6.4875,6.5482,8454400
1995-05-22,6.5785,6.6997,6.4269,6.4875,5842400
1995-05-23,6.5178,6.9580,6.5178,6.8816,10228800
1995-05-24,6.9726,7.0029,6.6391,6.6464,10044800
1995-05-25,6.6391,6.7604,6.5178,6.6997,7685600
1995-05-26,6.6694,6.6767,6.5482,6.6318,4001600
1995-05-30,6.5482,6.5785,6.3966,6.4572,9770400
1995-05-31,6.4269,6.4572,6.2450,6.3056,10809600
1995-06-01,6.3056,6.5178,6.3056,6.3590,7789600
1995-06-02,6.3056,6.4572,6.2450,6.3056,7388000
1995-06-05,6.4875,6.6694,6.3966,6.6088,14614400
1995-06-06,6.6694,6.7155,6.6088,6.6088,7297600
1995-06-07,6.6391,6.6391,6.4875,6.4875,3535200
1995-06-08,6.5482,6.9119,6.5178,6.8513,8523200
1995-06-09,6.8513,7.0332,6.8210,7.0029,6249600
1995-06-12,7.0029,7.0938,6.8210,6.9277,9449600
1995-06-13,7.0029,7.0635,6.8889,7.0635,11145600
1995-06-14,7.0332,7.0938,7.0029,7.0635,4611200
1995-06-15,7.0332,7.3970,7.0332,7.2454,11632800
1995-06-16,7.2454,7.2757,7.0938,7.2454,7749600
1995-06-19,7.2454,7.6092,7.2454,7.5486,10096000
1995-06-20,7.5486,7.8978,7.5182,7.8214,13187200
1995-06-21,7.8214,7.8214,7.6698,7.6856,12409600
1995-06-22,7.7608,8.0639,7.6698,7.9427,13988000
1995-06-23,7.4879,7.4879,7.2151,7.4273,53564800
1995-06-26,7.3970,7.4576,7.0938,7.1545,12982400
1995-06-27,7.1241,7.1241,6.7604,6.7907,14684000
1995-06-28,6.8210,7.0490,6.6391,6.8513,21410400
1995-06-29,6.8816,7.1241,6.8513,7.0793,12230400
1995-06-30,7.0938,7.1545,7.0029,7.0332,5694400
1995-07-03,7.0938,7.0938,7.0332,7.0635,1215200
1995-07-05,7.0998,7.3122,7.0392,7.1605,10592800
1995-07-06,7.2212,7.2515,7.0998,7.1460,4496000
1995-07-07,7.1302,7.1909,6.9785,7.0695,10011200
1995-07-10,7.0695,7.1678,6.9481,6.9481,6740000
1995-07-11,6.9481,7.0392,6.7661,6.7661,7158400
1995-07-12,6.8875,6.9785,6.7964,6.9336,9552800
1995-07-13,6.9785,7.1605,6.9178,7.1071,11291200
1995-07-14,7.0088,7.2819,7.0088,7.2515,6820800
1995-07-17,7.2212,7.6156,7.2212,7.5853,14440800
1995-07-18,7.5707,7.5707,7.2515,7.3887,14680000
1995-07-19,7.2515,7.2515,6.5234,6.9178,15918400
1995-07-20,6.9481,7.1302,6.7661,7.1156,7691200
1995-07-21,7.0998,7.4943,7.0695,7.2977,11143200
1995-07-24,7.3426,7.5550,7.3122,7.4943,5992800
1995-07-25,7.5550,7.6460,7.4336,7.5853,7892000
1995-07-26,7.6314,7.7977,7.5853,7.7067,7134400
1995-07-27,7.7674,8.0101,7.7370,7.9348,6971200
1995-07-28,7.9494,7.9494,7.5246,7.5550,7696800
1995-07-31,7.5550,7.6156,7.4033,7.4943,4540800
1995-08-01,7.4943,7.5246,7.2515,7.3729,8651200
1995-08-02,7.4033,7.4336,7.0695,7.1156,5901600
1995-08-03,6.8875,7.0392,6.7964,6.8122,12203200
1995-08-04,6.8571,6.9785,6.8268,6.9178,5932000
1995-08-07,6.9785,7.0246,6.9178,6.9481,5425600
1995-08-08,6.9639,7.2819,6.9481,7.1909,9177600
1995-08-09,7.3584,7.3729,7.1302,7.1678,9682400
1995-08-10,7.2515,7.2819,7.1302,7.1302,4096000
1995-08-11,7.1909,7.2212,7.0392,7.0998,2027200
1995-08-14,7.0695,7.2819,7.0695,7.1605,5692000
1995-08-15,7.1605,7.1909,7.0392,7.1909,7190400
1995-08-16,7.3122,7.7067,7.2515,7.6763,13251200
1995-08-17,7.6460,7.7977,7.4943,7.6156,8064800
1995-08-18,7.6618,7.6763,7.3122,7.3729,7472000
1995-08-21,7.4033,7.4639,7.0695,7.0998,7615200
1995-08-22,7.1302,7.4494,7.0695,7.4190,8278400
1995-08-23,7.4336,7.5853,7.3280,7.5550,11792800
1995-08-24,7.5550,7.5853,7.3729,7.4797,7223200
1995-08-25,7.4639,7.4943,7.1302,7.1460,10764000
1995-08-28,7.1605,7.1605,6.5513,6.7357,22676800
1995-08-29,6.7661,6.8875,6.4627,6.5840,17738400
1995-08-30,6.6144,6.6144,6.0076,6.0233,55896800
1995-08-31,6.0682,6.4020,6.0682,6.1896,33911200
1995-09-01,6.2199,6.2806,6.0379,6.0537,11852800
1995-09-05,6.0986,6.1896,5.9469,6.1896,20939200
1995-09-06,6.2503,6.5234,6.1896,6.3110,17825600
1995-09-07,6.3110,6.4020,6.1896,6.1896,9607200
1995-09-08,6.2503,6.2503,5.8862,6.0682,20090400
1995-09-11,6.0682,6.1896,5.9469,5.9469,9710400
1995-09-12,6.0379,6.0682,5.7952,5.9930,13057600
1995-09-13,5.9930,6.1289,5.9165,6.0840,6974400
1995-09-14,6.0986,6.1289,5.7952,5.8255,7331200
1995-09-15,5.7199,6.0076,5.4918,5.9323,40211200
1995-09-18,6.0076,6.1593,5.9627,6.1593,11419200
1995-09-19,6.1593,6.6447,6.0986,6.5537,34483200
1995-09-20,6.6144,6.6447,6.4323,6.5537,13954400
1995-09-21,6.5088,6.5537,6.1896,6.3267,16404000
1995-09-22,6.2661,6.4930,6.1896,6.3413,6614400
1995-09-25,6.3413,6.4020,6.2199,6.2806,5159200
1995-09-26,6.3110,6.4627,6.1896,6.2503,9782400
1995-09-27,6.2806,6.2806,6.0682,6.1896,16009600
1995-09-28,6.1896,6.4930,6.1896,6.3874,10404800
1995-09-29,6.4020,6.4627,6.2503,6.2806,7828800
1995-10-02,6.3267,6.4020,6.1896,6.2806,7085600
1995-10-03,6.2503,6.3571,6.2199,6.3413,7904000
1995-10-04,6.2868,6.3330,6.0135,6.1653,10877600
1995-10-05,6.1653,6.3476,6.1350,6.3476,6768000
1995-10-06,6.3172,6.4083,6.1350,6.1653,8015200
1995-10-09,6.1046,6.1046,5.8616,5.9382,13076800
1995-10-10,5.7705,5.7863,5.4668,5.5275,20320800
1995-10-11,5.7098,5.7098,5.4668,5.6794,14142400
1995-10-12,5.7098,6.1653,5.6490,6.1508,16601600
1995-10-13,6.1957,6.2261,5.9831,5.9831,7453600
1995-10-16,5.9224,5.9831,5.7863,5.8009,7012000
1995-10-17,5.8774,6.1957,5.8313,6.1046,12191200
1995-10-18,6.1811,6.3937,6.1653,6.3172,11813600
1995-10-19,6.2868,6.4690,6.2564,6.4083,7924000
1995-10-20,6.4690,6.4994,6.3476,6.3634,7356000
1995-10-23,6.2868,6.4241,6.2419,6.3172,8231200
1995-10-24,6.4083,6.7120,6.3779,6.6513,12287200
1995-10-25,6.6513,6.8942,6.5905,6.8639,10484000
1995-10-26,6.8493,6.8797,6.2868,6.5298,11108000
1995-10-27,6.4994,6.6816,6.4083,6.5905,6588800
1995-10-30,6.6209,7.1226,6.5905,7.0765,14852000
1995-10-31,7.1068,7.1834,6.9246,6.9246,6984800
1995-11-01,6.9246,7.0157,6.8639,6.9404,6284800
1995-11-02,6.9246,7.4105,6.9246,7.3802,19736000
1995-11-03,7.5017,7.7446,7.2587,7.7446,12407200
1995-11-06,7.6839,7.7446,7.5624,7.5624,7920800
1995-11-07,7.4409,7.5624,7.1980,7.3960,9344000
1995-11-08,7.4409,7.5017,7.2441,7.3498,7471200
1995-11-09,7.3960,7.5928,7.3352,7.4871,10459200
1995-11-10,7.4713,8.4432,7.4105,8.1091,26337600
1995-11-13,8.0180,8.2913,7.4713,7.6231,20784000
1995-11-14,7.4567,8.1395,7.3802,7.3802,30665600
1995-11-15,7.5017,7.7750,7.3049,7.6997,25357600
1995-11-16,7.6535,7.9876,7.6389,7.7446,17186400
1995-11-17,7.6389,7.7604,7.3802,7.5017,17299200
1995-11-20,7.5782,7.6231,7.1372,7.1676,12960800
1995-11-21,7.1372,7.3194,6.8797,7.0619,16832800
1995-11-22,7.1834,7.4409,7.1676,7.4105,12387200
1995-11-24,7.4263,7.5320,7.4263,7.5017,1593600
1995-11-27,7.8357,8.1091,7.7373,7.8965,18155200
1995-11-28,7.8965,8.5039,7.8357,8.3521,20864000
1995-11-29,8.3521,8.4286,8.1395,8.3071,13920800
1995-11-30,8.3217,8.5343,8.1395,8.2160,13681600
1995-12-01,8.2913,8.3071,8.0483,8.1395,6965600
1995-12-04,8.2002,8.5647,8.0787,8.4735,11694400
1995-12-05,8.5197,8.8684,8.5039,8.7627,16420800
1995-12-06,8.7930,9.0202,8.3375,8.5647,14357600
1995-12-07,8.6254,8.6861,8.2002,8.3217,13200000
1995-12-08,8.3824,8.7469,8.2306,8.7469,14559200
1995-12-11,8.7930,8.8684,8.5343,8.7469,12775200
1995-12-12,8.7323,8.7627,8.5950,8.6861,6988800
1995-12-13,8.7165,8.9898,8.7092,8.7469,11942400
1995-12-14,8.7772,8.7772,7.9730,8.0338,19576800
1995-12-15,8.0180,8.0338,7.4640,7.5624,23587200
1995-12-18,7.5928,7.5928,6.9246,6.9550,22541600
1995-12-19,7.0315,7.8357,7.0157,7.7446,30795200
1995-12-20,7.8054,8.0034,7.5624,7.7143,16561600
1995-12-21,7.7446,7.9730,7.6839,7.8965,8092000
1995-12-22,7.8357,7.8965,7.6997,7.7750,4990400
1995-12-26,7.7446,7.8661,7.6839,7.8054,3197600
1995-12-27,7.8357,7.9123,7.7446,7.8054,3848000
1995-12-28,7.7446,7.7750,7.4409,7.4409,11456800
1995-12-29,7.4409,7.5928,7.1068,7.5320,16416000
1996-01-02,7.5320,7.7896,7.4409,7.7896,9114400
1996-01-03,7.7446,7.8054,7.3036,7.3352,12487200
1996-01-04,7.5320,7.7902,7.4409,7.7902,33856000
1996-01-05,7.7446,7.8054,7.3043,7.3346,175513600
1996-01-08,5.2846,5.3380,5.0112,5.0878,10344800
1996-01-09,5.0270,5.0270,4.6164,4.6164,37637600
1996-01-10,5.2846,5.3377,5.0112,5.0872,33356800
1996-01-11,5.0264,5.0264,4.6164,4.6164,16643200
1996-01-12,4.5860,4.7379,4.4646,4.6772,12908800
1996-01-15,4.8740,4.9505,4.3734,4.4573,27067200
1996-01-16,4.5557,4.6310,4.1608,4.4196,23683200
1996-01-17,4.8812,4.9572,4.3794,4.4630,24606400
1996-01-18,4.5619,4.6379,4.1665,4.4250,16428800
1996-01-19,4.3490,4.6531,4.2425,4.3490,22993600
1996-01-22,4.5473,4.8356,4.5010,4.7139,17264000
1996-01-23,4.7748,5.0789,4.7589,4.8052,23891200
1996-01-24,4.5467,4.8356,4.5010,4.7139,14643200
1996-01-25,4.7748,5.0789,4.7596,4.8052,11569600
1996-01-26,4.8964,4.9420,4.6835,4.9420,9492800
1996-01-29,4.8198,4.8198,4.6373,4.6835,5736000
1996-01-30,4.7139,4.7139,4.5010,4.5619,15309600
1996-01-31,4.8204,4.8204,4.6379,4.6835,45617600
1996-02-01,4.7139,4.7139,4.5010,4.5619,77716800
1996-02-02,4.6075,4.6227,4.0753,4.1361,24069600
1996-02-05,4.4402,4.5315,4.3794,4.4250,13207200
1996-02-06,4.4402,4.5010,4.3338,4.4402,11555200
1996-02-07,4.4402,4.4554,4.3034,4.3338,13124000
1996-02-08,4.4402,4.7748,4.4250,4.7139,20600000
1996-02-09,4.7596,4.9572,4.6379,4.7139,16832800
1996-02-12,4.7139,4.7443,4.5619,4.6075,11719200
1996-02-13,4.5771,4.6835,4.5010,4.5315,11503200
1996-02-14,4.5467,4.6227,4.4706,4.5087,12188000
1996-02-15,4.3794,4.4421,4.3186,4.3566,10988000
1996-02-16,4.3794,4.4098,4.2577,4.2882,13884000
1996-02-20,4.2577,4.5315,4.2121,4.5010,24030400
1996-02-21,4.5315,4.6379,4.5163,4.5771,11043200
1996-02-22,4.6379,4.6987,4.3186,4.4858,21591200
1996-02-23,4.4706,4.5315,4.4402,4.4706,12652800
1996-02-26,4.3490,4.3946,4.2882,4.3034,16670400
1996-02-27,4.3338,4.3338,4.1665,4.1665,17640800
1996-02-28,4.2273,4.2882,4.0905,4.1057,17519200
1996-02-29,4.0144,4.1513,3.9992,4.0753,10164000
1996-03-01,4.1057,4.1215,3.9390,3.9682,12670400
1996-03-04,4.0144,4.0449,3.8928,3.9390,10704800
1996-03-05,3.9232,4.0607,3.9074,3.9840,10992000
1996-03-06,4.0144,4.0449,3.8928,3.9384,15966400
1996-03-07,3.9232,4.0601,3.9080,3.9840,8998400
1996-03-08,3.9840,3.9992,3.8624,3.8624,13577600
1996-03-11,3.9074,4.0290,3.9074,4.0144,7607200
1996-03-12,3.9840,4.0144,3.8782,3.9232,8865600
1996-03-13,3.9080,4.0297,3.9080,4.0144,12311200
1996-03-14,3.9840,4.0144,3.8776,3.9232,8879200
1996-03-15,3.9840,4.2577,3.9536,4.2425,6444800
1996-03-18,4.2432,4.2432,4.1057,4.1507,5214400
1996-03-19,4.1361,4.2577,4.1215,4.2273,8709600
1996-03-20,4.2425,4.2425,4.1057,4.1513,7516800
1996-03-21,4.1817,4.2577,4.1209,4.2273,7402400
1996-03-22,4.2425,4.2730,4.1361,4.1513,62454400
1996-03-25,3.8466,3.8624,3.7566,3.8089,18634400
1996-03-26,3.8016,3.9536,3.7857,3.9390,11412800
1996-03-27,3.8472,3.8624,3.7559,3.8168,9277600
1996-03-28,3.8016,3.9536,3.7864,3.9384,7866400
1996-03-29,3.9536,3.9840,3.8320,3.8928,11843200
1996-04-01,3.9536,4.0449,3.8928,3.9999,5804800
1996-04-02,3.9596,4.0510,3.8987,4.0053,6419200
1996-04-03,4.0510,4.0967,3.9901,4.0358,5512800
1996-04-04,4.0206,4.0967,3.9901,4.0815,4952800
1996-04-08,3.8987,4.1424,3.8524,4.0961,10244800
1996-04-09,3.8987,4.1424,3.8530,4.0967,6968000
1996-04-10,4.1576,4.2033,4.0815,4.1272,3517600
1996-04-11,4.1424,4.1424,4.0053,4.0053,3676800
1996-04-12,4.0053,4.0358,3.8683,3.9901,6572800
1996-04-15,4.2788,4.3251,4.2496,4.2496,8009600
1996-04-16,4.2795,4.3251,4.2490,4.2490,6756000
1996-04-17,4.3251,4.3556,4.2642,4.3099,3960000
1996-04-18,4.3099,4.3251,4.2033,4.2185,6952800
1996-04-19,4.2642,4.3861,4.2490,4.3556,4994400
1996-04-22,4.3861,4.6602,4.3251,4.6066,15781600
1996-04-23,4.3861,4.6602,4.3251,4.6145,11268000
1996-04-24,4.5993,4.6754,4.4774,4.6450,19908000
1996-04-25,4.6450,4.9495,4.6297,4.8734,31319200
1996-04-26,4.9039,5.2998,4.8277,5.2389,13120000
1996-04-29,5.1475,5.1926,5.0562,5.0866,10756000
1996-04-30,5.1475,5.1932,5.0562,5.0866,19838400
1996-05-01,5.0714,5.3303,5.0105,5.2389,13349600
1996-05-02,5.1634,5.1780,5.0257,5.0415,15406400
1996-05-03,5.1780,5.2846,5.1475,5.1932,16702400
1996-05-06,5.1024,5.1171,4.9039,4.9343,11628000
1996-05-07,5.0257,5.1171,4.6906,4.9648,33203200
1996-05-08,5.1018,5.1171,4.9039,4.9343,29684800
1996-05-09,5.0257,5.1171,4.6906,4.9648,7848800
1996-05-10,5.0562,5.1018,4.7211,4.8886,5256000
1996-05-13,4.9039,5.1171,4.8734,5.0562,10390400
1996-05-14,5.1024,5.2694,5.0562,5.1780,14715200
1996-05-15,4.9039,5.1171,4.8734,5.0562,10385600
1996-05-16,5.1018,5.2694,5.0562,5.1780,12931200
1996-05-17,5.1323,5.2998,5.1171,5.1932,10161600
1996-05-20,5.3461,5.4070,5.2243,5.2535,5804000
1996-05-21,5.2694,5.2694,5.1024,5.1171,6096000
1996-05-22,5.3455,5.4064,5.2237,5.2541,4905600
1996-05-23,5.2694,5.2694,5.1018,5.1171,5247200
1996-05-24,5.0866,5.1780,5.0257,5.1018,8288000
1996-05-28,4.9039,4.9039,4.5993,4.6151,16876000
1996-05-29,4.6151,4.6906,4.4324,4.5384,11019200
1996-05-30,4.9039,4.9039,4.5993,4.6145,11524000
1996-05-31,4.6145,4.6906,4.4317,4.5384,8928800
1996-06-03,4.5079,4.5542,4.3861,4.4007,8892000
1996-06-04,4.5079,4.5536,4.3861,4.4013,8717600
1996-06-05,4.4470,4.4774,4.3251,4.3708,10564000
1996-06-06,4.3708,4.5384,4.3404,4.4774,11274400
1996-06-07,4.4774,4.5079,4.2490,4.2795,14816800
1996-06-10,4.3398,4.5688,4.3251,4.4470,16660800
1996-06-11,4.5079,4.5542,4.4324,4.4470,10683200
1996-06-12,4.5079,4.5536,4.4317,4.4470,7607200
1996-06-13,4.5079,4.5688,4.3708,4.3861,13545600
1996-06-14,4.3556,4.5536,4.2642,4.5384,9552000
1996-06-17,4.2947,4.3556,4.1570,4.1728,8468800
1996-06-18,4.2947,4.3556,4.1576,4.1728,8958400
1996-06-19,4.1881,4.3556,4.1728,4.1881,7618400
1996-06-20,4.2185,4.4165,4.1881,4.3861,12151200
1996-06-21,4.3861,4.4317,4.1881,4.4013,13801600
1996-06-24,4.3556,4.3714,4.2033,4.2338,7544000
1996-06-25,4.3556,4.3708,4.2033,4.2338,7737600
1996-06-26,4.2338,4.2795,4.1119,4.1272,24068800
1996-06-27,4.2033,4.2947,4.0967,4.2338,7972800
1996-06-28,4.2795,4.3099,4.1728,4.3099,5859200
1996-07-01,4.3714,4.4324,4.3105,4.4007,5490400
1996-07-02,4.3714,4.4616,4.3714,4.3934,4272000
1996-07-03,4.3769,4.4379,4.3159,4.4074,6472000
1996-07-05,4.3769,4.3921,4.2701,4.3006,2642400
1996-07-08,4.2701,4.3458,4.2555,4.2555,5810400
1996-07-09,4.2848,4.3006,4.2238,4.2555,7054400
1996-07-10,4.2701,4.3464,4.2549,4.2549,7583200
1996-07-11,4.2854,4.3006,4.2244,4.2549,13965600
1996-07-12,4.2244,4.2549,4.1176,4.1329,6708000
1996-07-15,3.9346,3.9651,3.6601,3.6674,9891200
1996-07-16,3.6296,3.7516,3.4771,3.6747,15749600
1996-07-17,3.9346,3.9651,3.6601,3.6754,11099200
1996-07-18,3.6296,3.7516,3.4771,3.6754,14577600
1996-07-19,3.8279,3.9651,3.7516,3.8431,7928000
1996-07-22,3.9651,3.9956,3.8736,3.9798,3684800
1996-07-23,4.0115,4.0566,3.8126,3.9041,7219200
1996-07-24,3.9651,3.9956,3.8736,3.9804,18756800
1996-07-25,3.9651,4.0566,3.8126,3.9041,9675200
1996-07-26,3.7516,3.7516,3.6144,3.7059,9187200
1996-07-29,3.8285,3.8736,3.7211,3.7211,5681600
1996-07-30,3.7516,3.7821,3.6137,3.7065,7336800
1996-07-31,3.8279,3.8736,3.7211,3.7211,6652000
1996-08-01,3.7516,3.7821,3.6144,3.7059,4343200
1996-08-02,3.8126,3.8736,3.7516,3.7675,7012800
1996-08-05,3.7968,3.8126,3.7211,3.7516,3353600
1996-08-06,3.7675,4.0408,3.7211,4.0408,7827200
1996-08-07,3.7974,3.8126,3.7211,3.7516,6827200
1996-08-08,3.7669,4.0414,3.7211,4.0414,5006400
1996-08-09,4.0566,4.1024,3.8584,4.0566,2749600
1996-08-12,3.9956,4.0261,3.9188,3.9798,3659200
1996-08-13,3.9798,4.0115,3.9041,3.9041,4657600
1996-08-14,3.9956,4.0261,3.9194,3.9804,4835200
1996-08-15,3.9804,4.0109,3.9041,3.9041,3428800
1996-08-16,3.9346,3.9956,3.9041,3.9651,1737600
1996-08-19,3.9346,3.9956,3.9188,3.9346,2592800
1996-08-20,3.9505,4.1945,3.9505,4.1628,6291200
1996-08-21,3.9346,3.9956,3.9194,3.9346,17182400
1996-08-22,3.9499,4.1939,3.9499,4.1634,9200800
1996-08-23,4.1329,4.5599,4.0566,4.5446,3904000
1996-08-26,4.3616,4.3775,4.2701,4.2848,2936800
1996-08-27,4.3006,4.3921,4.2555,4.3775,3308000
1996-08-28,4.3616,4.3769,4.2701,4.2854,18147200
1996-08-29,4.3006,4.3921,4.2549,4.3769,6544000
1996-08-30,4.4074,4.6209,4.3464,4.5751,6338400
1996-09-03,4.1786,4.3616,4.1786,4.3006,6437600
1996-09-04,4.1786,4.3616,4.1786,4.3006,4982400
1996-09-05,4.2854,4.3006,4.1634,4.1939,8351200
1996-09-06,4.1329,4.1329,3.9956,4.0719,4768000
1996-09-09,4.1335,4.2091,4.1176,4.1408,5467200
1996-09-10,4.1329,4.2091,4.1176,4.1481,4884800
1996-09-11,4.1481,4.2091,4.0261,4.0261,5420000
1996-09-12,4.0261,4.1176,3.9956,4.0566,3806400
1996-09-13,4.0566,4.1024,3.9804,4.0109,13542400
1996-09-16,3.9346,4.1018,3.9041,4.0115,13938400
1996-09-17,3.9346,4.1024,3.9041,4.0109,10749600
1996-09-18,4.0261,4.1329,3.9346,4.1176,22113600
1996-09-19,4.1176,4.2549,4.0719,4.0719,20101600
1996-09-20,4.0566,4.4226,4.0414,4.4074,23103200
1996-09-23,4.6056,4.7276,4.5605,4.5898,11303200
1996-09-24,4.6056,4.7276,4.5599,4.5904,13443200
1996-09-25,4.5446,4.6209,4.4379,4.4989,22736000
1996-09-26,4.4836,4.4989,4.1481,4.2701,34128800
1996-09-27,4.6971,4.7581,4.5141,4.7124,9220000
1996-09-30,4.6118,4.6424,4.5507,4.5507,5514400
1996-10-01,4.6118,4.6424,4.5507,4.5507,8110400
1996-10-02,4.5959,4.6570,4.4591,4.5055,7996000
1996-10-03,4.5660,4.6271,4.5202,4.5813,3924000
1996-10-04,4.5965,4.6576,4.4591,4.5049,9608000
1996-10-07,4.2294,4.2612,4.0779,4.1305,8655200
1996-10-08,4.1842,4.3834,4.1073,4.3369,13790400
1996-10-09,4.2300,4.2606,4.0773,4.1231,11224800
1996-10-10,4.1842,4.3828,4.1079,4.3369,6735200
1996-10-11,4.3828,4.5049,4.3675,4.4286,6987200
1996-10-14,4.5202,4.5959,4.5055,4.5959,6652800
1996-10-15,4.6277,4.6570,4.5055,4.5202,8420000
1996-10-16,4.5202,4.5965,4.5049,4.5965,11666400
1996-10-17,4.6271,4.6576,4.5049,4.5202,6475200
1996-10-18,4.5355,4.5813,4.4438,4.5202,3542400
1996-10-21,4.4286,4.6118,4.3675,4.3675,4098400
1996-10-22,4.3675,4.4127,4.1537,4.2148,10912800
1996-10-23,4.4286,4.6118,4.3675,4.3675,5388800
1996-10-24,4.3675,4.4133,4.1537,4.2148,5434400
1996-10-25,4.1690,4.2759,4.1384,4.2453,3328000
1996-10-28,4.1684,4.2294,4.1073,4.1231,2557600
1996-10-29,4.1842,4.2001,3.9704,4.0010,5767200
1996-10-30,4.1690,4.2300,4.1079,4.1231,5993600
1996-10-31,4.1842,4.1995,3.9704,4.0010,13182400
1996-11-01,4.0315,4.2148,4.0010,4.1537,11614400
1996-11-04,4.2148,4.2148,4.1073,4.1231,2515200
1996-11-05,4.2148,4.2148,4.1079,4.1231,4952800
1996-11-06,4.1384,4.1537,4.0163,4.0621,10140800
1996-11-07,4.0468,4.2300,4.0163,4.2148,7133600
1996-11-08,4.2148,4.3675,4.1842,4.2759,5752000
1996-11-11,4.2905,4.5666,4.2759,4.5055,13075200
1996-11-12,4.2911,4.5660,4.2759,4.5049,31832800
1996-11-13,4.5813,4.9325,4.5355,4.7645,22049600
1996-11-14,4.7798,4.9936,4.7798,4.9020,12971200
1996-11-15,4.9020,5.0547,4.9020,5.0089,25739200
1996-11-18,5.2227,5.3900,5.0394,5.0699,17768000
1996-11-19,5.2227,5.3906,5.0394,5.0699,8841600
1996-11-20,5.0089,5.0852,4.9172,5.0699,8136800
1996-11-21,5.0547,5.1158,4.8714,4.9325,5715200
1996-11-22,4.9172,4.9478,4.8256,4.8714,9350400
1996-11-25,4.7951,4.9172,4.7340,4.8256,5056800
1996-11-26,4.7951,4.9172,4.7340,4.8256,9159200
1996-11-27,4.8256,4.9783,4.7951,4.8256,7591200
1996-11-29,4.8110,4.8403,4.8110,4.8256,1774400
1996-12-02,4.8256,5.2996,4.7645,5.2996,18624000
1996-12-03,5.3607,5.3754,5.1005,5.1457,11695200
1996-12-04,5.1164,5.2385,5.1005,5.1775,4271200
1996-12-05,5.1310,5.1921,5.1310,5.1310,4440800
1996-12-06,4.9172,5.0846,4.8867,4.9478,11951200
1996-12-09,4.9783,5.1005,4.9624,5.0235,5236800
1996-12-10,5.0699,5.1310,4.9331,4.9331,7822400
1996-12-11,4.7951,4.9172,4.7951,4.8867,8084800
1996-12-12,4.9624,4.9783,4.7951,4.7951,4644000
1996-12-13,4.7340,4.8403,4.7034,4.7951,5424800
1996-12-16,4.8403,4.8867,4.7645,4.7645,5973600
1996-12-17,4.7034,4.9014,4.7034,4.8867,7688000
1996-12-18,4.9331,5.0394,4.8403,4.9942,7268800
1996-12-19,5.0089,5.1921,4.9478,5.1005,8404000
1996-12-20,5.1164,5.1775,4.9624,4.9783,3803200
1996-12-23,4.9783,5.0089,4.7792,4.8110,5130400
1996-12-24,4.7951,4.8256,4.7340,4.7645,2452000
1996-12-26,4.7951,4.7951,4.6118,4.6570,5224000
1996-12-27,4.6118,4.6424,4.5349,4.5349,4256800
1996-12-30,4.5349,4.6424,4.5349,4.5813,4024000
1996-12-31,4.5813,4.7034,4.4897,4.5666,6066400
1997-01-02,4.5972,4.7193,4.5507,4.7193,7555200
1997-01-03,4.7499,4.8562,4.6729,4.7804,8307200
1997-01-06,4.7804,4.9637,4.7193,4.9478,9135200
1997-01-07,4.8867,5.1921,4.8562,5.1469,15312000
1997-01-08,5.2532,5.3912,5.1616,5.1616,20921600
1997-01-09,5.1616,5.1921,4.9783,5.0553,10584800
1997-01-10,4.9172,4.9942,4.6424,4.7951,29267200
1997-01-13,4.8415,4.8867,4.8110,4.8110,3499200
1997-01-14,4.8624,4.8624,4.7095,4.7706,8948000
1997-01-15,4.7254,4.7706,4.5566,4.5566,11230400
1997-01-16,4.6177,4.6336,4.4648,4.5872,13397600
1997-01-17,4.5566,4.6789,4.5260,4.5725,10340800
1997-01-20,4.6336,4.7095,4.6031,4.6336,7468800
1997-01-21,4.6483,4.6948,4.5260,4.5419,8404000
1997-01-22,4.5419,4.6642,4.3278,4.6483,11017600
1997-01-23,4.6789,4.6789,4.4648,4.4648,11024000
1997-01-24,4.5113,4.5872,4.3584,4.4037,8070400
1997-01-27,4.4196,4.4342,4.2667,4.3584,6606400
1997-01-28,4.4648,4.6031,4.3584,4.4648,15104800
1997-01-29,4.4954,4.5113,4.3731,4.4196,6321600
1997-01-30,4.4807,4.6031,4.4196,4.5725,8008000
1997-01-31,4.5872,4.6789,4.5419,4.6336,9170400
1997-02-03,4.6483,4.6789,4.5566,4.6031,5179200
1997-02-04,4.5725,4.6177,4.4342,4.4648,8233600
1997-02-05,4.4954,4.4954,4.2361,4.2508,7451200
1997-02-06,4.3278,4.3731,4.2361,4.3278,5673600
1997-02-07,4.3731,4.5113,4.3278,4.4648,8639200
1997-02-10,4.6031,4.7254,4.5419,4.6177,13027200
1997-02-11,4.6642,4.7095,4.4648,4.4807,17097600
1997-02-12,4.4807,4.7706,4.4037,4.7401,10115200
1997-02-13,4.7401,4.8477,4.7095,4.8171,8935200
1997-02-14,4.8012,4.8318,4.5725,4.5872,4157600
1997-02-18,4.6177,4.8783,4.5872,4.8624,13092000
1997-02-19,4.8171,4.9235,4.7095,4.8477,7557600
1997-02-20,4.8477,4.8477,4.7095,4.8171,5615200
1997-02-21,4.8171,4.8171,4.4807,4.5113,8736000
1997-02-24,4.4807,4.4807,4.3425,4.4648,9970400
1997-02-25,4.4648,4.6789,4.4648,4.6336,8947200
1997-02-26,4.6642,4.6789,4.5260,4.5419,7501600
1997-02-27,4.5419,4.5725,4.3425,4.3425,6339200
1997-02-28,4.3425,4.5725,4.3425,4.4648,8727200
1997-03-03,4.4807,4.5260,4.4037,4.4954,4220000
1997-03-04,4.5566,4.6177,4.4648,4.4807,3930400
1997-03-05,4.5113,4.5725,4.4196,4.4648,5776000
1997-03-06,4.4501,4.5113,4.3278,4.3278,4587200
1997-03-07,4.4037,4.4196,4.0526,4.1284,14759200
1997-03-10,4.1443,4.3278,3.9914,4.3278,12310400
1997-03-11,4.3119,4.3119,4.1284,4.1749,7284000
1997-03-12,4.2508,4.2508,4.0367,4.0673,13480000
1997-03-13,4.0367,4.0979,3.9755,4.0673,8441600
1997-03-14,4.1138,4.1896,4.0673,4.0673,7661600
1997-03-17,4.0979,4.2813,4.0367,4.2508,10441600
1997-03-18,4.3119,4.3425,4.1284,4.2667,9860800
1997-03-19,4.7560,4.8171,4.6789,4.7254,56603200
1997-03-20,4.7706,4.9700,4.6483,4.9541,29006400
1997-03-21,4.9089,5.0764,4.8624,5.0459,16352000
1997-03-24,4.9847,5.0618,4.9089,5.0153,9760000
1997-03-25,5.0006,5.1376,5.0006,5.0764,15416000
1997-03-26,5.0764,5.3370,5.0618,5.2294,14589600
1997-03-27,5.2357,5.2516,4.9908,5.0373,13728000
1997-03-31,5.0214,5.0520,4.8989,4.9148,14427200
1997-04-01,4.8071,4.9601,4.8071,4.8842,7922400
1997-04-02,4.8683,5.0214,4.8377,5.0067,9355200
1997-04-03,4.9908,5.2051,4.9761,5.1439,10696800
1997-04-04,5.1292,5.3276,5.0826,5.2663,18067200
1997-04-07,5.3435,5.5113,5.2822,5.3129,16325600
1997-04-08,5.2969,5.3741,5.1745,5.3435,10210400
1997-04-09,5.3582,5.3741,5.1904,5.2663,6904000
1997-04-10,5.2663,5.2969,5.1292,5.1439,6891200
1997-04-11,5.0373,5.1132,4.9908,5.0520,4852000
1997-04-14,5.0520,5.2210,5.0520,5.1745,9820000
1997-04-15,5.1904,5.2516,5.0985,5.1439,11544000
1997-04-16,5.1439,5.1598,4.9908,5.0826,7524000
1997-04-17,5.0826,5.2357,5.0214,5.0826,8196800
1997-04-18,5.0985,5.1745,4.9148,4.9295,15396000
1997-04-21,4.9454,5.0373,4.8842,4.8842,7554400
1997-04-22,4.8842,4.8989,4.5621,4.8683,13208800
1997-04-23,4.8683,5.0826,4.8536,4.9295,9067200
1997-04-24,4.9454,5.0520,4.9295,4.9761,7268800
1997-04-25,4.9761,4.9761,4.6393,4.6393,8506400
1997-04-28,4.6540,4.9148,4.5168,4.7311,19846400
1997-04-29,4.7458,4.8683,4.7005,4.7152,14372800
1997-04-30,4.6846,4.8071,4.6540,4.7924,8090400
1997-05-01,5.0373,5.2051,4.9908,5.1132,35820000
1997-05-02,5.1439,5.3888,5.0985,5.3888,28628800
1997-05-05,5.4353,5.7256,5.3888,5.6950,77996800
1997-05-06,5.6337,5.7721,5.4966,5.5578,30527200
1997-05-07,5.5113,5.7256,5.4660,5.6803,15923200
1997-05-08,5.6190,5.7109,5.3276,5.3888,23970400
1997-05-09,5.4194,5.4807,5.1439,5.2969,22896000
1997-05-12,5.3582,5.4807,5.3276,5.3741,9987200
1997-05-13,5.3888,5.3888,5.3129,5.3582,11094400
1997-05-14,5.3582,5.3741,5.2357,5.2663,6970400
1997-05-15,5.2663,5.4353,5.2357,5.4353,8871200
1997-05-16,5.2051,5.5884,5.1904,5.4807,15148000
1997-05-19,5.4500,5.4807,5.3582,5.4047,4754400
1997-05-20,5.3888,5.4047,5.2969,5.3741,5420800
1997-05-21,5.3888,5.6644,5.3741,5.6337,13360000
1997-05-22,5.6497,5.6950,5.5419,5.6644,7712000
1997-05-23,5.6644,5.6950,5.6031,5.6803,6040000
1997-05-27,5.6644,5.9865,5.6031,5.9865,11692000
1997-05-28,5.9705,6.0012,5.7562,5.8481,10544800
1997-05-29,5.8481,5.8640,5.5113,5.5725,9897600
1997-05-30,5.2663,5.6337,5.2663,5.4660,13027200
1997-06-02,5.4966,5.5419,5.4194,5.5419,7982400
1997-06-03,5.4047,5.4353,4.9601,4.9601,18226400
1997-06-04,5.0214,5.1745,4.9761,5.0679,10855200
1997-06-05,5.0679,5.2663,5.0520,5.2051,6131200
1997-06-06,5.2210,5.3276,5.1745,5.2822,6547200
1997-06-09,5.3129,5.3741,5.0826,5.0826,7568000
1997-06-10,5.0985,5.1745,5.0214,5.0826,6964000
1997-06-11,5.0679,5.1904,5.0214,5.1132,6870400
1997-06-12,5.1132,5.1598,5.0373,5.0826,7674400
1997-06-13,5.0826,5.1439,5.0067,5.0520,13410400
1997-06-16,5.0520,5.1439,5.0067,5.0679,10028000
1997-06-17,5.0679,5.2969,5.0520,5.0985,25666400
1997-06-18,5.0679,5.1598,4.8989,4.9295,13576000
1997-06-19,4.4703,4.4703,4.3478,4.4090,92036000
1997-06-20,4.4703,4.5009,4.3478,4.3943,23633600
1997-06-23,4.4396,4.4396,4.3637,4.3784,12973600
1997-06-24,4.4703,4.4703,4.3331,4.3478,13927200
1997-06-25,4.3478,4.4249,4.2718,4.3331,19012800
1997-06-26,4.3478,4.3784,4.3172,4.3172,6218400
1997-06-27,4.3331,4.3784,4.2865,4.3331,7273600
1997-06-30,4.3478,4.3478,4.2718,4.3025,9099200
1997-07-01,4.2865,4.3025,4.2253,4.2559,10788800
1997-07-02,4.2618,4.4458,4.1698,4.4458,17463200
1997-07-03,4.4617,4.5684,4.4617,4.5537,10907200
1997-07-07,4.5991,4.7070,4.5537,4.6150,10909600
1997-07-08,4.6297,4.7376,4.5991,4.7217,6553600
1997-07-09,4.7376,4.7524,4.6297,4.6604,8542400
1997-07-10,4.5843,4.5991,4.5377,4.5537,16503200
1997-07-11,4.5843,4.5843,4.3538,4.4151,21226400
1997-07-14,4.4924,4.6763,4.4617,4.6457,18138400
1997-07-15,4.6457,4.6604,4.5684,4.5843,7839200
1997-07-16,4.6457,4.6457,4.5537,4.5991,13170400
1997-07-17,4.5843,4.5991,4.5071,4.5684,7616800
1997-07-18,4.5377,4.5843,4.5230,4.5684,8857600
1997-07-21,4.5537,4.5537,4.5230,4.5377,3713600
1997-07-22,4.5537,4.6150,4.5377,4.6150,9199200
1997-07-23,4.6457,4.6457,4.5377,4.5377,11248000
1997-07-24,4.5377,4.5684,4.5377,4.5537,7465600
1997-07-25,4.6457,4.7217,4.5684,4.7070,7769600
1997-07-28,4.7217,4.7990,4.6910,4.7376,5736800
1997-07-29,4.6604,4.7070,4.5537,4.5991,4959200
1997-07-30,4.6604,4.7070,4.5377,4.6297,6549600
1997-07-31,4.5610,4.6150,4.5230,4.5843,5476800
1997-08-01,4.5991,4.6604,4.5377,4.6297,6844000
1997-08-04,4.6297,4.6604,4.5991,4.6604,7805600
1997-08-05,4.6763,4.8603,4.6604,4.8137,9441600
1997-08-06,4.8603,5.0590,4.7376,4.9363,22436800
1997-08-07,5.0590,5.0749,4.8750,4.8909,11870400
1997-08-08,4.8137,4.9363,4.7376,4.7524,8237600
1997-08-11,4.7683,5.0283,4.7217,4.9363,9248800
1997-08-12,4.9670,4.9976,4.8603,4.8750,7332800
1997-08-13,4.9523,5.0590,4.8603,5.0136,13158400
1997-08-14,5.0443,5.2123,5.0136,5.1976,11544000
1997-08-15,5.1816,5.1816,4.9670,4.9670,9603200
1997-08-18,4.9670,5.1056,4.9057,5.0896,6206400
1997-08-19,5.0896,5.1056,4.8603,5.0590,13548800
1997-08-20,5.0749,5.3962,4.9976,5.3349,15033600
1997-08-21,5.2736,5.2736,4.9523,5.0896,18451200
1997-08-22,4.9523,5.2895,4.9216,5.2895,10832800
1997-08-25,5.2895,5.3043,5.1362,5.2429,8069600
1997-08-26,5.1816,5.1976,4.9976,5.0136,13752800
1997-08-27,5.0896,5.0896,4.6457,4.6763,24663200
1997-08-28,4.6763,4.9670,4.6604,4.9057,14046400
1997-08-29,4.8909,4.8909,4.7683,4.8296,6202400
1997-09-02,4.8909,5.0136,4.8750,4.9829,5904000
1997-09-03,4.9829,5.0896,4.9670,5.0443,5786400
1997-09-04,5.0283,5.0896,4.9670,5.0283,6225600
1997-09-05,5.0283,5.1816,4.9670,5.1203,9245600
1997-09-08,5.1203,5.1362,5.0283,5.0749,3404000
1997-09-09,5.0283,5.0749,4.9976,5.0590,7548000
1997-09-10,5.0283,5.0590,4.9670,5.0283,6201600
1997-09-11,5.3656,5.5189,5.3349,5.4735,38915200
1997-09-12,5.4735,5.6268,5.4269,5.5495,18688800
1997-09-15,5.5495,5.6415,5.5042,5.5655,10371200
1997-09-16,5.5495,5.5961,5.3815,5.5348,14139200
1997-09-17,5.5189,5.5189,5.4269,5.4735,10848000
1997-09-18,5.4735,5.6575,5.4576,5.6109,11329600
1997-09-19,5.7642,6.1787,5.7642,6.1014,53201600
1997-09-22,6.3013,6.5000,6.2547,6.3933,37351200
1997-09-23,6.3933,6.5160,6.1627,6.3467,17479200
1997-09-24,6.3626,6.3933,6.2241,6.2547,9432800
1997-09-25,6.2241,6.2854,6.1787,6.2400,5926400
1997-09-26,6.2707,6.3160,6.0560,6.1174,9526400
1997-09-29,6.1542,6.1848,6.0768,6.1542,5675200
1997-09-30,6.1542,6.2610,6.1075,6.1848,8863200
1997-10-01,6.1996,6.2769,6.0314,6.1235,7108800
1997-10-02,6.1382,6.2303,6.0928,6.1689,5793600
1997-10-03,6.1996,6.2303,6.0461,6.0768,7913600
1997-10-06,6.0768,6.3690,6.0621,6.2155,12128800
1997-10-07,6.2610,6.3530,6.2303,6.2769,7437600
1997-10-08,6.2769,6.2917,6.1996,6.2917,5524000
1997-10-09,6.2462,6.3530,6.1996,6.3223,5972000
1997-10-10,6.3223,6.3223,6.1542,6.1848,10496800
1997-10-13,6.1689,6.4144,6.1689,6.3690,7782400
1997-10-14,6.3997,6.4758,6.2610,6.3837,11423200
1997-10-15,6.3383,6.3383,6.2610,6.3076,8856800
1997-10-16,6.2917,6.3383,6.0768,6.1075,9935200
1997-10-17,6.0461,6.0461,5.6938,5.8779,20144000
1997-10-20,5.9234,6.1848,5.9086,6.1848,19004000
1997-10-21,6.1848,6.2462,6.0928,6.1382,7841600
1997-10-22,6.1382,6.1542,6.0314,6.0314,5284800
1997-10-23,5.8927,6.0461,5.8620,6.0154,12029600
1997-10-24,6.0461,6.1382,5.9847,6.0621,11607200
1997-10-27,5.9541,6.0154,5.4176,5.6778,17360800
1997-10-28,5.4483,5.9700,5.4016,5.9541,19151200
1997-10-29,6.0321,6.1552,5.9706,6.0321,15544800
1997-10-30,5.9250,6.0629,5.8943,5.9250,10932800
1997-10-31,6.0174,6.0321,5.8327,5.8782,3795200
1997-11-03,5.9250,6.0321,5.8635,6.0174,3996800
1997-11-04,5.9706,6.0629,5.9398,5.9706,6144000
1997-11-05,5.9558,6.0174,5.8782,5.9250,15754400
1997-11-06,5.8943,5.9780,5.8782,5.8943,8541600
1997-11-07,5.7859,5.8856,5.7551,5.8782,6181600
1997-11-10,5.8782,5.9558,5.7859,5.7933,7820000
1997-11-11,5.8019,5.8475,5.6936,5.8019,4821600
1997-11-12,5.6936,5.7711,5.5705,5.5705,3735200
1997-11-13,5.6320,5.6788,5.4942,5.6320,7707200
1997-11-14,5.6173,5.9706,5.6013,5.9706,8695200
1997-11-17,6.0321,6.0481,5.9250,6.0014,4490400
1997-11-18,5.9090,5.9472,5.1704,5.1864,44504800
1997-11-19,5.1556,5.3551,4.9857,5.2935,17504800
1997-11-20,5.2935,5.3858,5.1864,5.2480,8124000
1997-11-21,5.2627,5.3711,5.0473,5.2861,9267200
1997-11-24,5.2935,5.2935,5.0165,5.0707,6014400
1997-11-25,5.1248,5.3243,5.0633,5.2086,5048800
1997-11-26,5.2627,5.3095,5.1088,5.1396,2074400
1997-11-28,5.1556,5.2172,5.0941,5.1704,1525600
1997-12-01,5.2320,5.3403,5.1248,5.2701,5520800
1997-12-02,5.2480,5.2861,5.1088,5.1248,4308800
1997-12-03,5.1248,5.2480,5.0239,5.1864,5239200
1997-12-04,5.2012,5.2627,5.1162,5.1248,2852800
1997-12-05,5.0473,5.1396,4.9857,5.0473,6219200
1997-12-08,5.0325,5.2553,5.0017,5.2320,8631200
1997-12-09,5.2012,5.2935,5.0941,5.1248,8460800
1997-12-10,5.0941,5.2393,4.9242,5.0017,11936000
1997-12-11,4.9710,4.9710,4.7395,4.8085,12793600
1997-12-12,4.5549,4.6164,4.1240,4.3394,27641600
1997-12-15,4.3702,4.4785,4.1240,4.4625,16588000
1997-12-16,4.4625,4.6324,4.2163,4.2705,13145600
1997-12-17,4.2939,4.3862,4.1400,4.3087,14448800
1997-12-18,4.3087,4.3554,4.2089,4.2631,8961600
1997-12-19,4.3862,4.5857,4.2016,4.5401,27788000
1997-12-22,4.5401,4.6324,4.4010,4.5783,17584000
1997-12-23,4.5857,4.6472,4.3862,4.4699,6749600
1997-12-24,4.4933,4.6164,4.4933,4.5623,2867200
1997-12-26,4.5549,4.6472,4.5549,4.6472,871200
1997-12-29,4.6780,4.7629,4.6632,4.7248,5199200
1997-12-30,4.7220,4.9772,4.6998,4.9537,8182400
1997-12-31,4.9463,5.1620,4.8847,5.0844,13396000
1998-01-02,5.0388,5.0388,4.8687,4.9919,6380800
1998-01-05,4.9463,5.1312,4.9463,5.0610,8916800
1998-01-06,5.0388,5.3617,5.0388,5.2311,12635200
1998-01-07,5.2237,5.2385,5.1004,5.1534,18653600
1998-01-08,5.1312,5.2693,5.1152,5.2002,8851200
1998-01-09,5.1768,5.2002,5.0536,5.0844,6635200
1998-01-12,4.9772,5.1620,4.9463,5.0228,8977600
1998-01-13,5.0228,5.0536,4.8847,4.9611,9136000
1998-01-14,4.9611,4.9611,4.7762,4.7923,6960800
1998-01-15,4.7454,4.9303,4.7146,4.8379,5855200
1998-01-16,4.8453,4.8687,4.7528,4.8379,4971200
1998-01-20,4.8231,4.9155,4.8231,4.8847,4168000
1998-01-21,4.8071,4.8995,4.8071,4.8145,3800000
1998-01-22,4.7762,4.8379,4.6838,4.7454,4307200
1998-01-23,4.7306,4.7923,4.5605,4.7146,5460000
1998-01-26,4.7146,4.7454,4.5605,4.6074,4466400
1998-01-27,4.5679,4.6690,4.5679,4.6074,3863200
1998-01-28,4.6222,4.7220,4.5877,4.6764,7122400
1998-01-29,4.6690,4.6998,4.5605,4.6382,4272000
1998-01-30,4.6838,4.7762,4.5766,4.7454,4761600
1998-02-02,4.7923,4.8687,4.7146,4.7306,9976800
1998-02-03,4.7146,4.7615,4.6690,4.7220,8202400
1998-02-04,4.6838,4.8613,4.6456,4.8379,9240800
1998-02-05,4.8613,4.9463,4.8539,4.8613,8191200
1998-02-06,4.8231,5.0080,4.8145,4.9303,8656000
1998-02-09,4.9772,5.0610,4.9685,5.0080,11158400
1998-02-10,4.9993,5.0462,4.9463,4.9685,11175200
1998-02-11,4.9463,5.0388,4.9303,4.9772,10981600
1998-02-12,4.8687,5.1152,4.7615,5.0844,24822400
1998-02-13,5.0536,5.5010,5.0388,5.3543,24736800
1998-02-17,5.4702,5.4702,5.2385,5.3383,9248000
1998-02-18,5.3469,5.4394,5.2767,5.3999,8688000
1998-02-19,5.4086,5.4233,5.3617,5.4086,5407200
1998-02-20,5.4233,5.5010,5.3617,5.3925,5774400
1998-02-23,5.4542,5.4850,5.3777,5.4036,4862400
1998-02-24,5.3925,5.4233,5.1152,5.1460,13811200
1998-02-25,5.1768,5.3469,5.1534,5.2693,6876800
1998-02-26,5.3001,5.4233,5.2545,5.3691,4103200
1998-02-27,5.3691,5.5158,5.3469,5.4468,6940800
1998-03-02,5.4616,5.4850,5.3001,5.3161,5185600
1998-03-03,5.3309,5.4468,5.3001,5.3777,4000000
1998-03-04,5.3925,5.4850,5.3777,5.4086,2935200
1998-03-05,5.2693,5.4394,5.2385,5.3851,6260000
1998-03-06,5.3925,5.5010,5.3925,5.4850,5942400
1998-03-09,5.4233,5.6699,5.3777,5.3777,10834400
1998-03-10,5.4702,5.5466,5.4394,5.5158,2523200
1998-03-11,5.5318,5.5540,5.4850,5.5195,2916000
1998-03-12,5.5158,5.5158,5.3777,5.4702,3789600
1998-03-13,5.4542,5.5158,5.3469,5.4086,5724000
1998-03-16,5.3691,5.4850,5.3691,5.4776,4919200
1998-03-17,5.4850,5.5084,5.3777,5.3777,2546400
1998-03-18,5.3925,5.3925,5.2237,5.2545,4832800
1998-03-19,5.2853,5.4394,5.2545,5.4160,6726400
1998-03-20,5.4086,5.4233,5.3309,5.3309,5312000
1998-03-23,5.3161,5.4086,5.2385,5.3161,6828000
1998-03-24,5.3001,5.4307,5.3001,5.4307,8208000
1998-03-25,5.4542,5.5774,5.3617,5.4776,11906400
1998-03-26,5.4702,6.0939,5.4394,5.9164,48476800
1998-03-27,5.7623,5.7931,5.4542,5.6082,86673600
1998-03-30,5.6859,5.7475,5.5774,5.5934,19652800
1998-03-31,5.5934,5.6317,5.5158,5.5700,14004800
1998-04-01,5.5687,5.6761,5.5292,5.6452,10943200
1998-04-02,5.6304,5.8377,5.6304,5.7538,13932000
1998-04-03,5.7846,5.8463,5.7538,5.7995,4947200
1998-04-06,5.7760,5.8155,5.6761,5.6995,10699200
1998-04-07,5.6452,5.6761,5.4910,5.5218,11528800
1998-04-08,5.5218,5.5453,5.3984,5.5453,5698400
1998-04-09,5.5070,5.6070,5.5070,5.5909,4539200
1998-04-13,5.5996,5.7920,5.5687,5.7846,9676000
1998-04-14,5.7538,5.7846,5.6452,5.7612,5139200
1998-04-15,5.7760,5.9845,5.7304,5.9537,12397600
1998-04-16,5.9697,6.0697,5.9080,5.9697,8708000
1998-04-17,5.9228,6.0228,5.9228,6.0080,5599200
1998-04-20,6.0154,6.2387,6.0006,6.1696,12816000
1998-04-21,6.0536,6.1770,5.9697,6.0536,4027200
1998-04-22,6.2548,6.2930,6.0771,6.2548,13420000
1998-04-23,6.2548,6.2622,6.0931,6.1314,9706400
1998-04-24,6.1388,6.3004,6.1388,6.2622,10488800
1998-04-27,6.1548,6.3782,6.1079,6.1857,14980800
1998-04-28,6.2622,6.2930,5.9919,6.0228,6315200
1998-04-29,6.0623,6.3239,6.0623,6.2474,10520000
1998-04-30,6.2782,6.4016,6.1696,6.1770,10392800
1998-05-01,6.1770,6.2313,6.0931,6.2165,5008000
1998-05-04,6.1696,6.2930,6.1240,6.1548,4297600
1998-05-05,6.0931,6.1622,5.9389,6.0931,8641600
1998-05-06,6.1079,6.1548,6.0154,6.0771,5926400
1998-05-07,6.0771,6.1548,6.0006,6.1462,3712800
1998-05-08,6.1388,6.3547,6.1388,6.2474,4276000
1998-05-11,6.1857,6.1857,5.6835,5.8303,35230400
1998-05-12,5.8611,5.9537,5.6452,5.6761,16627200
1998-05-13,5.6761,5.7143,5.5527,5.5909,13099200
1998-05-14,5.5379,5.6835,5.4984,5.5835,5256000
1998-05-15,5.6218,5.6304,5.5144,5.5996,5197600
1998-05-18,5.5687,5.6921,5.5070,5.5453,3761600
1998-05-19,5.5996,5.6526,5.5527,5.6144,2452000
1998-05-20,5.6761,5.6761,5.5070,5.5144,3211200
1998-05-21,5.5070,5.5527,5.3293,5.4367,4468000
1998-05-22,5.4453,5.5218,5.3367,5.3528,2334400
1998-05-26,5.4293,5.4293,5.0751,5.1060,10364000
1998-05-27,5.0134,5.1516,4.9357,5.1442,15058400
1998-05-28,5.1516,5.1825,5.0751,5.1677,9158400
1998-05-29,5.1677,5.2602,4.9283,4.9283,5938400
1998-06-01,4.9283,5.0134,4.7975,4.8506,5425600
1998-06-02,4.9049,5.0591,4.8740,5.0591,4083200
1998-06-03,5.0443,5.0751,4.8975,4.9357,3502400
1998-06-04,4.9666,5.0282,4.9123,5.0208,5073600
1998-06-05,5.0048,5.0591,4.9357,5.0443,2612000
1998-06-08,5.0591,5.1060,4.9826,4.9974,3369600
1998-06-09,5.0134,5.4145,4.9974,5.3676,11635200
1998-06-10,5.3059,5.4293,5.1825,5.1825,8192800
1998-06-11,5.1985,5.2294,4.9826,5.0357,7749600
1998-06-12,5.0443,5.0751,4.9049,4.9357,4565600
1998-06-15,4.9357,5.0591,4.8900,4.8900,6804000
1998-06-16,4.9740,5.1516,4.9357,5.1516,7596800
1998-06-17,5.1751,5.2442,5.0899,5.1208,6452800
1998-06-18,5.0899,5.1208,4.9517,5.0517,7408800
1998-06-19,5.0517,5.0591,4.7358,4.8666,14300000
1998-06-22,4.9209,5.0134,4.8740,4.9517,10323200
1998-06-23,4.9974,5.1516,4.9517,4.9974,6876800
1998-06-24,5.0134,5.2133,4.9357,5.1899,7634400
1998-06-25,5.2602,5.5218,5.2294,5.4762,11358400
1998-06-26,5.4293,5.5687,5.1590,5.2368,18100800
1998-06-29,5.3219,5.3676,5.1985,5.2750,6979200
1998-06-30,5.2602,5.2602,5.1677,5.2368,11124000
1998-07-01,5.2505,5.2974,5.0417,5.1344,5217600
1998-07-02,5.1035,5.1430,5.0195,5.1121,4730400
1998-07-06,5.1121,5.1961,5.0034,5.0726,5441600
1998-07-07,5.0652,5.0961,4.9416,5.0343,4391200
1998-07-08,5.0195,5.1887,5.0034,5.1430,5527200
1998-07-09,5.1121,5.1430,5.0108,5.0417,6646400
1998-07-10,5.0195,5.0726,4.9416,4.9651,4236800
1998-07-13,4.9577,4.9886,4.8650,4.9268,7338400
1998-07-14,4.9268,4.9268,4.7872,4.8181,4532000
1998-07-15,4.7946,4.9108,4.7946,4.8564,7216000
1998-07-16,4.9577,5.0269,4.8959,4.9182,5701600
1998-07-17,4.9182,4.9416,4.8564,4.9342,9432000
1998-07-20,4.9342,5.0108,4.9108,5.0034,5640000
1998-07-21,4.9886,5.0417,4.8799,4.8959,4364800
1998-07-22,4.8799,4.9342,4.7415,4.8799,7038400
1998-07-23,4.8564,4.8959,4.7724,4.8033,8520800
1998-07-24,4.8416,4.8416,4.6180,4.6797,6845600
1998-07-27,4.6637,4.7106,4.5710,4.6797,5352800
1998-07-28,4.6328,4.6674,4.5710,4.6637,4659200
1998-07-29,4.6180,4.6328,4.4475,4.4549,7403200
1998-07-30,4.3548,4.4018,4.2078,4.2313,15167200
1998-07-31,4.2782,4.2782,3.9842,3.9916,14546400
1998-08-03,4.0694,4.1077,3.8224,3.8298,12924000
1998-08-04,3.9385,3.9694,3.6753,3.7371,11197600
1998-08-05,3.7532,3.8149,3.6988,3.7754,7171200
1998-08-06,3.7680,3.9076,3.7532,3.7680,8556800
1998-08-07,3.8149,3.8149,3.7223,3.7371,12781600
1998-08-10,3.7680,3.9842,3.7532,3.9768,12116800
1998-08-11,3.7371,3.9076,3.7223,3.8063,8355200
1998-08-12,3.2121,3.4134,3.0342,3.3739,50637600
1998-08-13,3.3665,3.4209,3.2281,3.4134,29881600
1998-08-14,3.4591,3.4591,3.3121,3.3282,10616800
1998-08-17,3.3356,3.3974,3.2121,3.3517,6435200
1998-08-18,3.3665,3.3665,3.3208,3.3356,5304800
1998-08-19,3.3517,3.3665,3.1503,3.1886,5681600
1998-08-20,3.1664,3.2121,3.0737,3.1046,4208000
1998-08-21,3.1046,3.1194,3.0576,3.0811,5464800
1998-08-24,3.0959,3.1194,2.9724,3.0193,5346400
1998-08-25,3.0502,3.0576,3.0119,3.0342,7096800
1998-08-26,3.1664,3.5283,3.1355,3.4134,29804800
1998-08-27,3.2899,3.3826,3.2430,3.3208,8000000
1998-08-28,3.3356,3.3665,3.2590,3.3591,6833600
1998-08-31,3.3974,3.3974,3.1972,3.2430,6020000
1998-09-01,3.1812,3.4134,3.1664,3.4134,7608800
1998-09-02,3.3665,3.3974,3.0885,3.0885,5030400
1998-09-03,3.0268,3.1194,2.9341,3.0651,8179200
1998-09-04,3.0811,3.1812,2.9193,3.0193,6987200
1998-09-08,3.1194,3.2121,3.0342,3.1738,9205600
1998-09-09,3.1886,3.5370,3.1664,3.4591,13612800
1998-09-10,3.3282,3.5827,3.3047,3.3121,15108000
1998-09-11,3.5518,3.5827,3.3665,3.4591,11820800
1998-09-14,3.5061,3.5679,3.4591,3.5209,9260800
1998-09-15,3.5283,3.8767,3.5061,3.7754,17231200
1998-09-16,3.8149,3.9842,3.8063,3.9150,11728000
1998-09-17,3.7989,3.9298,3.7841,3.7989,8712000
1998-09-18,3.8767,3.9385,3.8372,3.9385,4696800
1998-09-21,3.8358,3.9904,3.8209,3.9595,3555200
1998-09-22,3.9830,4.0065,3.9595,3.9830,3613600
1998-09-23,3.9904,4.1834,3.9904,4.1834,6118400
1998-09-24,4.1451,4.2762,4.1142,4.1525,4549600
1998-09-25,4.0684,4.2144,4.0523,4.1377,3707200
1998-09-28,4.2070,4.4161,4.1995,4.3158,6660800
1998-09-29,4.3307,4.3616,4.2688,4.3307,7749600
1998-09-30,4.2688,4.3233,4.2379,4.2923,10460800
1998-10-01,4.2070,4.2688,4.0684,4.0684,28962400
1998-10-02,4.0832,4.2540,4.0065,4.2070,13443200
1998-10-05,4.1451,4.2070,3.9286,4.0214,19281600
1998-10-06,4.0832,4.0832,3.8358,3.9595,9371200
1998-10-07,3.9286,3.9830,3.7281,3.8283,9584000
1998-10-08,3.7120,3.9137,3.7120,3.9137,9472800
1998-10-09,3.9595,4.2107,3.9446,4.1451,5689600
1998-10-12,4.2688,4.4470,4.2379,4.2688,7798400
1998-10-13,4.1760,4.2849,4.0684,4.1612,15376000
1998-10-14,4.1302,4.2688,3.9446,4.0065,7795200
1998-10-15,3.9904,4.4705,3.9595,4.4000,12362400
1998-10-16,4.5547,4.7180,4.3926,4.4705,9110400
1998-10-19,4.4854,4.8256,4.4086,4.7180,7673600
1998-10-20,4.6870,4.7019,4.2070,4.3381,6640800
1998-10-21,4.3307,4.6475,4.1921,4.6326,6100800
1998-10-22,4.6091,4.7798,4.4705,4.4854,7208000
1998-10-23,4.4854,4.5472,4.3926,4.4086,1744000
1998-10-26,4.4544,4.6561,4.4235,4.5633,3844000
1998-10-27,4.5942,4.6252,4.4396,4.5014,4428000
1998-10-28,4.4705,4.6091,4.4619,4.5274,2222400
1998-10-29,4.5633,4.8566,4.4619,4.8417,11519200
1998-10-30,4.8875,4.9110,4.5856,4.5942,6818400
1998-11-02,4.6710,4.8801,4.6561,4.7798,3400800
1998-11-03,4.7638,4.9345,4.7638,4.8331,4791200
1998-11-04,4.8875,5.0187,4.8417,4.9964,8865600
1998-11-05,4.9184,5.2129,4.9184,5.0892,9995200
1998-11-06,5.0422,5.4604,5.0273,5.3824,9488000
1998-11-09,5.3515,5.5062,5.2278,5.3515,9734400
1998-11-10,5.2587,5.4134,5.2278,5.2971,8610400
1998-11-11,5.3441,5.5062,5.3441,5.4604,10937600
1998-11-12,5.4913,5.6843,5.4752,5.5062,14072000
1998-11-13,5.5223,5.5841,5.4443,5.5371,3184800
1998-11-16,5.5680,5.6151,5.4987,5.6151,3889600
1998-11-17,5.5990,5.6608,5.4134,5.5841,5079200
1998-11-18,5.5755,5.6843,5.4913,5.5532,4352800
1998-11-19,5.5680,5.5841,5.4604,5.5223,4277600
1998-11-20,5.5445,5.6151,5.5062,5.5990,2860000
1998-11-23,5.5841,5.9392,5.5680,5.9392,7552800
1998-11-24,5.8625,5.9244,5.6918,5.7227,5600000
1998-11-25,5.7153,5.8625,5.5062,5.8539,7522400
1998-11-27,5.8155,5.8625,5.7536,5.8007,1480000
1998-11-30,5.7536,5.7611,5.4913,5.5371,5229600
1998-12-01,5.4443,5.7227,5.4443,5.6843,6292000
1998-12-02,5.6460,5.7697,5.4295,5.5680,7168800
1998-12-03,5.5445,5.7227,5.5062,5.6843,6422400
1998-12-04,5.6918,5.6992,5.4443,5.5841,5173600
1998-12-07,5.6064,5.8081,5.5990,5.7697,3934400
1998-12-08,5.7227,5.8007,5.4752,5.5223,4730400
1998-12-09,5.5680,5.5755,5.4752,5.5532,3991200
1998-12-10,5.5371,5.5606,5.4295,5.4913,1824000
1998-12-11,5.4827,5.5062,4.7328,5.0657,22278400
1998-12-14,4.9964,5.1968,4.5472,4.6252,25610400
1998-12-15,4.6870,5.0582,4.5633,5.0273,16244000
1998-12-16,5.0273,5.1424,4.6326,4.7192,10540000
1998-12-17,5.4443,5.5680,5.2661,5.4295,24800800
1998-12-18,5.4752,5.5371,5.2896,5.5062,7824800
1998-12-21,5.5062,5.5532,5.2438,5.2971,8358400
1998-12-22,5.3206,5.6843,5.2971,5.6843,7474400
1998-12-23,5.6829,5.9765,5.6210,5.8687,8971200
1998-12-24,5.8997,5.8997,5.7597,5.7981,1768800
1998-12-28,5.8216,5.8836,5.7287,5.8216,3757600
1998-12-29,5.7597,5.8216,5.6519,5.8068,6092000
1998-12-30,5.7907,5.8068,5.6519,5.6978,3753600
1998-12-31,5.6742,5.8836,5.6742,5.7907,3568800
1999-01-04,5.7907,6.1932,5.7523,6.1858,12611200
1999-01-05,6.0768,6.3171,5.8526,6.0545,15236000
1999-01-06,6.0768,6.0768,5.7362,5.8377,8953600
1999-01-07,5.7597,6.0855,5.7052,5.9616,5767200
1999-01-08,6.0149,6.0694,5.9455,6.0458,5077600
1999-01-11,6.0074,6.0855,6.0074,6.0694,3360000
1999-01-12,6.0149,6.0768,6.0074,6.0310,3996000
1999-01-13,5.7758,6.0855,5.7139,6.0768,4131200
1999-01-14,6.0545,6.2093,5.8910,5.9071,8208800
1999-01-15,5.9306,6.0929,5.9306,6.0619,3761600
1999-01-19,6.0545,6.2861,6.0235,6.2403,8180800
1999-01-20,6.2861,6.2861,6.0384,6.0855,5534400
1999-01-21,6.0545,6.1239,5.9306,5.9926,6818400
1999-01-22,5.9616,6.0694,5.9145,6.0074,6466400
1999-01-25,6.0074,6.2713,5.9926,6.1932,7112800
1999-01-26,6.1858,6.2552,6.0545,6.0545,5216800
1999-01-27,6.0855,6.1239,5.9306,6.0855,7924800
1999-01-28,6.0545,6.2007,5.7907,6.0694,5400800
1999-01-29,6.0694,6.0768,5.8377,5.9145,3909600
1999-02-01,5.8910,6.0074,5.8836,5.9306,4028000
1999-02-02,5.9145,5.9306,5.6829,5.6903,5542400
1999-02-03,5.6358,6.1003,5.6049,5.8997,7928000
1999-02-04,5.8836,5.9765,5.6829,5.7213,8226400
1999-02-05,5.7287,5.7597,5.5281,5.7052,7411200
1999-02-08,5.7287,5.8600,5.6049,5.7448,6507200
1999-02-09,5.7758,5.7758,5.3732,5.4116,11270400
1999-02-10,5.3807,5.5281,5.3423,5.5045,9429600
1999-02-11,5.5429,5.6049,5.5120,5.5813,7386400
1999-02-12,5.5590,5.5739,5.3113,5.3955,4164000
1999-02-16,5.4352,5.5429,5.1639,5.2333,5669600
1999-02-17,5.1255,5.2407,4.9162,4.9236,6205600
1999-02-18,5.0165,5.3410,4.9546,5.2333,6944000
1999-02-19,5.2023,5.2952,5.1404,5.2407,4113600
1999-02-22,5.2568,5.4575,5.1875,5.4191,4177600
1999-02-23,5.5045,5.5120,5.3113,5.4191,2572800
1999-02-24,5.4191,5.5590,5.3497,5.3881,3181600
1999-02-25,5.3187,5.3423,5.1404,5.3336,2319200
1999-02-26,5.3571,5.3881,4.9088,4.9856,6217600
1999-03-01,5.0017,5.0784,4.6685,4.9781,10431200
1999-03-02,5.1875,5.2642,5.0239,5.0326,5349600
1999-03-03,5.1094,5.1255,4.8307,4.9781,2443200
1999-03-04,5.1404,5.6594,5.1094,5.6519,19820800
1999-03-05,5.7362,5.8068,5.5900,5.7213,12104000
1999-03-08,5.7448,5.9616,5.6284,5.9529,5923200
1999-03-09,5.9381,6.0149,5.8526,5.8836,8453600
1999-03-10,5.8761,6.1164,5.8142,5.9455,7243200
1999-03-11,6.0074,6.0235,5.8377,5.9765,4234400
1999-03-12,5.8836,5.9529,5.7758,5.9071,5337600
1999-03-15,5.9071,6.0074,5.8526,5.9765,2608800
1999-03-16,5.9690,6.2403,5.9616,6.2168,11964800
1999-03-17,6.1623,6.2007,6.0545,6.0855,2792000
1999-03-18,6.0235,6.1858,5.9616,6.1623,4305600
1999-03-19,6.8200,6.8435,6.5413,6.6887,20636800
1999-03-22,6.6887,6.6887,6.4261,6.4794,8760000
1999-03-23,6.4794,6.4794,6.2007,6.2787,6619200
1999-03-24,6.3332,6.7358,6.1784,6.6887,17846400
1999-03-25,6.7977,6.9364,6.7581,6.9364,17896000
1999-03-26,6.8745,7.1916,6.7816,7.0529,10300000
1999-03-29,7.0824,7.4146,7.0588,7.3142,8391200
1999-03-30,7.2522,7.2683,6.9733,6.9733,6049600
1999-03-31,7.0204,7.2993,6.9733,7.0353,4623200
1999-04-01,7.0427,7.1283,6.9423,6.9894,3301600
1999-04-05,7.0204,7.0973,6.8803,6.8964,3615200
1999-04-06,6.9349,7.1902,6.8878,6.8878,6086400
1999-04-07,6.9733,7.0663,6.5704,6.6944,10157600
1999-04-08,6.7563,6.7563,6.5555,6.6708,7443200
1999-04-09,6.6324,7.0588,6.5778,6.9894,3753600
1999-04-12,6.8183,7.1828,6.8183,6.9894,4007200
1999-04-13,7.0663,7.1592,6.9659,7.0353,3653600
1999-04-14,7.0824,7.2064,7.0588,7.0973,7338400
1999-04-15,7.1283,7.1444,6.8803,6.9894,3305600
1999-04-16,7.1902,7.4233,7.0514,7.3688,8661600
1999-04-19,7.3923,7.4692,7.0973,7.2993,9777600
1999-04-20,7.3762,7.4543,7.2064,7.2907,3962400
1999-04-21,7.3142,7.4307,7.1754,7.4072,3138400
1999-04-22,7.4382,7.7332,7.4382,7.6626,10244000
1999-04-23,7.7022,8.0270,7.5237,7.8721,7548000
1999-04-26,7.8262,8.0580,7.8101,7.9341,11050400
1999-04-27,7.9650,8.1200,7.9105,8.0580,8596000
1999-04-28,8.0431,8.2440,7.9650,8.0270,8924800
1999-04-29,8.0270,8.0655,7.8411,7.8411,7620800
1999-04-30,7.8882,7.9960,7.6093,7.8572,8200000
1999-05-03,7.8646,8.1510,7.8411,8.0122,6412800
1999-05-04,8.0431,8.1361,7.8101,7.8101,3125600
1999-05-05,7.8882,7.9031,7.6402,7.8411,4782400
1999-05-06,7.7791,8.1820,7.7642,8.0580,5260000
1999-05-07,8.0741,8.4299,7.8721,8.4225,9484000
1999-05-10,8.4225,9.2828,8.3841,8.9804,13172000
1999-05-11,8.9729,9.1899,8.7089,8.9568,9380800
1999-05-12,8.9568,9.2667,8.9258,9.1353,8890400
1999-05-13,9.1428,9.1738,8.9878,9.1043,6715200
1999-05-14,9.0262,9.1589,8.9258,8.9642,9319200
1999-05-17,8.8638,9.1279,8.8638,9.1279,4980800
1999-05-18,9.1738,9.3138,9.0808,9.2283,8110400
1999-05-19,9.2357,9.7205,9.2209,9.6548,9780800
1999-05-20,9.7316,10.0490,9.7242,9.9486,11228000
1999-05-21,10.0105,10.0415,9.7167,9.8246,6323200
1999-05-24,9.7316,9.8481,9.3907,9.7700,9307200
1999-05-25,9.7626,9.8407,9.4217,9.4688,20623200
1999-05-26,9.4837,9.4911,8.3989,9.1192,24132800
1999-05-27,9.0659,9.3138,9.0039,9.2357,13496800
1999-05-28,9.2519,9.4217,9.1589,9.1899,5826400
1999-06-01,9.1663,9.2357,8.8490,8.9878,5622400
1999-06-02,9.4217,9.4217,8.8638,9.3052,15565600
1999-06-03,9.2209,9.2357,9.0498,9.1118,4373600
1999-06-04,9.1279,9.1899,8.9258,8.9952,4340000
1999-06-07,9.0039,9.0188,8.3060,8.6704,11028800
1999-06-08,8.5849,8.6543,8.3370,8.4151,5417600
1999-06-09,8.4609,8.8490,8.3370,8.8254,4496800
1999-06-10,8.7324,8.8638,8.6320,8.7089,3654400
1999-06-11,8.6940,8.7560,8.4151,8.4299,3783200
1999-06-14,8.4151,8.6779,8.3841,8.5700,2402400
1999-06-15,8.6159,9.0882,8.5613,8.7870,5747200
1999-06-16,8.8948,9.2357,8.8874,9.1738,5071200
1999-06-17,9.1279,9.2209,9.0188,9.1589,7026400
1999-06-18,9.5457,10.2436,9.5308,10.2349,29459200
1999-06-21,10.0577,10.5064,9.9337,10.2820,19841600
1999-06-22,10.1928,10.9403,10.1655,10.7395,13452000
1999-06-23,10.5374,10.9168,10.5374,10.8944,11219200
1999-06-24,10.8783,10.8783,10.2895,10.4990,9212800
1999-06-25,10.4915,10.8163,10.2349,10.3366,4140800
1999-06-28,10.4134,10.7395,10.4060,10.6155,5960800
1999-06-29,10.6365,10.8610,10.6055,10.8535,3501600
1999-06-30,10.8535,10.9156,10.1874,10.1912,10644000
1999-07-01,10.2643,10.6675,10.0237,10.5744,7425600
1999-07-02,10.7456,10.9627,10.4814,10.5509,6020000
1999-07-06,10.5434,10.6675,10.3884,10.5434,5096800
1999-07-07,10.4578,10.5670,10.0783,10.5360,2712800
1999-07-08,10.3648,10.6675,10.2805,10.5124,4436800
1999-07-09,10.6985,10.9776,10.6836,10.6910,6947200
1999-07-12,10.7766,10.9156,10.4194,10.9007,4828000
1999-07-13,10.8151,11.0557,10.7221,10.8610,4836000
1999-07-14,10.9156,11.1798,10.9156,11.1636,7978400
1999-07-15,11.1711,11.3807,10.9937,11.1636,6679200
1999-07-16,11.1252,11.2418,11.0086,11.1636,5057600
1999-07-19,11.1326,11.6139,11.1326,11.3807,7548800
1999-07-20,11.3348,11.4278,11.0396,11.0867,6203200
1999-07-21,11.1636,11.3497,11.0396,11.1946,5028000
1999-07-22,11.1798,11.1946,10.5744,10.5906,6952800
1999-07-23,10.6675,10.9081,10.6216,10.7456,4752000
1999-07-26,10.5434,10.8535,10.5124,10.6290,7619200
1999-07-27,10.6836,10.8535,10.5670,10.8461,4739200
1999-07-28,10.8461,10.9007,10.6216,10.7456,3938400
1999-07-29,10.6365,10.7990,10.5124,10.5124,9651200
1999-07-30,10.5980,10.8225,10.5980,10.6365,3753600
1999-08-02,10.5906,10.8845,10.4194,10.5906,3297600
1999-08-03,10.6985,10.7990,10.5596,10.7680,3716000
1999-08-04,10.7766,10.8610,10.2954,10.3425,4320000
1999-08-05,10.2954,10.9007,10.2333,10.8535,7951200
1999-08-06,10.7680,10.9466,10.5906,10.8076,4503200
1999-08-09,10.8535,10.9230,10.6290,10.8076,3851200
1999-08-10,10.7146,10.8076,10.6985,10.7531,7600000
1999-08-11,10.7915,10.8225,10.6290,10.7990,22321600
1999-08-12,10.7841,10.8461,10.4975,10.6675,3567200
1999-08-13,10.7915,11.1326,10.7915,11.0322,16993600
1999-08-16,11.1798,11.4427,11.1326,11.4117,8788800
1999-08-17,11.5209,11.9079,11.4737,11.9004,8701600
1999-08-18,11.8223,12.0245,11.7764,11.8074,7116800
1999-08-19,11.6908,11.7218,11.2257,11.7218,20215200
1999-08-20,11.9004,12.2961,11.9004,12.2651,7283200
1999-08-23,12.3730,13.0615,12.3271,13.0242,13044000
1999-08-24,12.7514,13.0615,12.6025,12.6273,6102400
1999-08-25,12.8506,12.8506,12.3420,12.3966,9248000
1999-08-26,12.3581,12.6893,12.1175,12.1411,5470400
1999-08-27,12.2800,12.3805,12.0170,12.2651,6287200
1999-08-30,12.3110,12.6149,12.0480,12.0704,4251200
1999-08-31,12.0791,12.4413,11.7690,12.3581,5440000
1999-09-01,12.5405,12.5405,12.0319,12.2031,6166400
1999-09-02,12.1411,12.4040,12.0480,12.2490,2830400
1999-09-03,12.5033,13.0615,12.4537,13.0242,7052800
1999-09-07,12.9374,13.1111,12.8134,12.9746,3740000
1999-09-08,12.9374,12.9498,12.5529,12.6521,6497600
1999-09-09,12.6521,12.8382,12.4164,12.8382,7180000
1999-09-10,12.9374,12.9746,12.7017,12.8010,3905600
1999-09-13,12.6521,12.7265,12.2800,12.7017,4894400
1999-09-14,12.5033,13.1235,12.4785,13.0987,8622400
1999-09-15,13.0242,13.3095,11.7913,11.8223,19216800
1999-09-16,12.0009,12.4413,11.8310,12.1411,15154400
1999-09-17,12.9994,13.3343,12.9374,13.0242,32128000
1999-09-20,13.3219,13.6196,13.1855,13.4584,11098400
1999-09-21,13.5204,13.5700,12.9622,13.1731,6748000
1999-09-22,13.2475,13.5080,13.1855,13.2847,9153600
1999-09-23,13.3964,13.8925,13.2847,13.4088,11075200
1999-09-24,13.3404,13.7499,13.2039,13.7251,8616000
1999-09-27,13.7623,14.2339,13.7499,14.1222,9145600
1999-09-28,14.0229,14.0601,13.5141,13.7251,12134400
1999-09-29,13.7251,14.1470,13.6258,13.6630,7503200
1999-09-30,14.0974,14.1470,13.3280,14.0850,11580800
1999-10-01,14.0725,14.1346,13.7003,14.0477,5868800
1999-10-04,14.2463,14.6434,14.0601,14.6186,6692000
1999-10-05,14.6558,15.1274,13.8740,14.2339,14446400
1999-10-06,14.3456,14.5565,14.2587,14.4697,5610400
1999-10-07,14.5193,14.5441,14.0477,14.3083,7252800
1999-10-08,14.3456,14.3456,13.9609,14.2215,3543200
1999-10-11,14.3083,14.9784,14.2711,14.8916,7292800
1999-10-12,14.8668,15.1398,14.5813,14.6558,7396800
1999-10-13,14.5193,14.8047,14.2711,14.5193,8777600
1999-10-14,14.5317,14.7675,14.4572,14.6682,6943200
1999-10-15,14.2711,14.9040,14.2215,14.5689,10833600
1999-10-18,14.5317,14.6310,14.0974,14.5938,8832800
1999-10-19,14.6806,15.2515,14.6186,15.0033,8572800
1999-10-20,15.1646,15.8099,15.1398,15.5989,10516800
1999-10-21,15.3880,15.9836,15.1398,15.8719,5240000
1999-10-22,15.9588,16.2939,15.8595,15.9836,6364800
1999-10-25,15.9464,16.0705,15.5121,15.7354,5492800
1999-10-26,15.7478,16.0457,15.5865,15.6113,4448000
1999-10-27,15.7305,15.8546,15.2639,15.5592,2137200
1999-10-28,15.8844,16.5048,15.7603,16.5048,8483600
1999-10-29,17.0012,17.4356,16.8771,17.3586,8604800
1999-11-01,17.5919,17.8699,16.9714,17.0161,7445200
1999-11-02,17.1253,17.4976,16.7232,16.8920,5580800
1999-11-03,17.1402,17.3115,16.7679,17.0782,7248000
1999-11-04,17.4356,17.6217,16.8771,17.0955,9234000
1999-11-05,17.6838,17.8699,17.2196,17.5448,6820800
1999-11-08,17.3586,18.3365,17.3115,17.7160,6008000
1999-11-09,18.1106,18.1181,17.3115,17.8699,8079200
1999-11-10,17.8550,18.3663,17.7458,18.1181,4449200
1999-11-11,18.3514,18.3663,17.8699,17.9791,3371200
1999-11-12,18.2422,18.8329,17.6540,18.6467,3985200
1999-11-15,18.8478,19.6072,18.1032,18.3191,7449600
1999-11-16,18.7237,19.0190,18.4606,19.0017,4802000
1999-11-17,19.2499,19.4980,18.4606,18.6145,8992400
1999-11-18,18.9719,19.1729,18.3042,18.8949,9082400
1999-11-19,18.9719,19.2350,18.6467,18.7708,5306800
1999-11-22,18.6467,19.0488,18.5053,18.8776,6298400
1999-11-23,18.9247,18.9570,18.1801,18.5524,5994400
1999-11-24,18.3663,18.7708,18.3663,18.6294,4105200
1999-11-26,18.7386,18.7386,18.0213,18.3191,2009600
1999-11-29,17.9319,18.3812,17.6838,17.7607,6532800
1999-11-30,17.6366,17.6366,16.9094,17.0484,11107600
1999-12-01,16.8473,16.9863,16.4751,16.5197,9156000
1999-12-02,16.5992,17.1725,16.4577,17.0335,11634000
1999-12-03,17.6217,17.6366,16.4899,16.5520,8816400
1999-12-06,16.5048,16.5371,15.6362,15.6684,14304400
1999-12-07,15.5270,15.6362,14.8618,15.0479,13360000
1999-12-08,14.9238,17.1874,14.9238,16.8151,14882400
1999-12-09,17.2196,17.5919,15.6362,16.2566,7206800
1999-12-10,16.6140,16.6289,15.0479,15.5443,9044800
1999-12-13,15.6684,15.7603,14.8916,14.9387,12854400
1999-12-14,15.1100,15.6064,14.8916,15.0479,8088000
1999-12-15,15.3880,15.5592,14.8916,15.3582,11334000
1999-12-16,16.0233,16.7183,15.4202,15.8223,30246400
1999-12-17,17.6540,17.8401,16.6910,16.7530,33308800
1999-12-20,16.8473,16.8473,16.1028,16.1946,8723600
1999-12-21,16.1946,16.2269,15.3582,15.7305,10080400
1999-12-22,15.8223,16.7381,15.5741,16.5992,9315200
1999-12-23,17.1168,17.1317,16.3397,16.6351,5443200
1999-12-27,16.5259,16.8983,15.9226,16.0765,4499600
1999-12-28,16.0765,16.6351,15.8903,16.4191,4936800
1999-12-29,16.2627,16.5433,16.2155,16.3720,2794000
1999-12-30,16.3248,16.8536,16.1535,16.3869,3032000
1999-12-31,16.4017,16.7593,16.3869,16.6972,2882000
2000-01-03,16.6972,16.7593,15.9524,16.2776,7384400
2000-01-04,15.6420,16.3397,14.8822,14.9120,7813200
2000-01-05,14.4626,15.5799,14.4626,15.1777,14927200
2000-01-06,15.2547,15.5501,15.0536,15.3316,10221200
2000-01-07,15.2845,16.0765,15.1156,16.0765,8253200
2000-01-10,16.2329,16.6972,15.7984,16.6972,10987200
2000-01-11,16.6823,16.6972,15.4881,15.5501,9616000
2000-01-12,15.5799,15.7363,15.3316,15.4707,8051200
2000-01-13,15.5948,16.3869,15.5799,16.2950,5527200
2000-01-14,16.5433,16.7295,16.2950,16.4638,5136800
2000-01-18,16.1535,16.3571,15.8903,15.8903,5201600
2000-01-19,15.8208,15.9846,15.5179,15.6743,4559200
2000-01-20,15.7984,16.0467,15.2696,15.8431,4248800
2000-01-21,16.0144,16.1088,15.3937,15.6122,6900000
2000-01-24,15.6643,15.7661,14.9294,15.0362,5895600
2000-01-25,14.9369,15.7363,14.6191,15.6420,7566000
2000-01-26,15.6743,15.9524,15.1305,15.1926,4466000
2000-01-27,15.0982,15.8903,15.0982,15.5650,5864400
2000-01-28,15.1926,15.3639,14.0604,14.2913,5712000
2000-01-31,14.1846,14.4328,13.2684,13.6706,16459200
2000-02-01,13.8742,14.1225,13.6880,13.8742,6765600
2000-02-02,13.8891,15.3018,13.8121,15.2224,13409600
2000-02-03,15.8431,17.1640,15.7363,17.1466,19747200
2000-02-04,17.0622,18.4973,16.8214,18.3731,13516800
2000-02-07,18.3111,19.2272,17.9386,19.1329,12919200
2000-02-08,19.2570,20.8560,19.0559,20.7939,14297200
2000-02-09,20.8262,21.7871,20.5779,21.7399,15321600
2000-02-10,21.4916,22.6561,20.9181,22.6561,13175600
2000-02-11,22.3457,22.6561,21.5711,22.4550,7216800
2000-02-14,21.8814,22.3457,21.1192,22.2538,6994800
2000-02-15,21.9509,22.8423,21.4146,22.0676,7082400
2000-02-16,21.8491,24.5182,21.7250,24.3792,10723600
2000-02-17,24.5803,25.3500,23.8677,25.2258,10482400
2000-02-18,25.4741,25.4989,24.0837,24.3941,6311200
2000-02-22,24.2848,24.7367,22.4550,24.4015,7825600
2000-02-23,24.2079,26.0700,23.6964,24.7367,7614800
2000-02-24,25.1017,26.4672,24.0837,26.4176,6901200
2000-02-25,25.6976,25.9310,24.3320,24.4561,4176000
2000-02-28,24.2153,24.7367,23.5871,24.2848,6549600
2000-02-29,24.8286,25.5734,24.6126,25.3251,6718800
2000-03-01,25.3748,25.3996,24.5182,24.9279,5105200
2000-03-02,23.8975,23.8975,19.8629,20.0193,24963600
2000-03-03,20.9032,22.7752,20.4910,22.5021,18611200
2000-03-06,22.1595,22.2538,20.8560,21.3054,6946400
2000-03-07,21.8020,21.8193,20.0019,20.1583,6066400
2000-03-08,20.2502,20.2676,19.4904,19.6295,8405600
2000-03-09,19.7710,20.2055,19.1180,19.3986,10022000
2000-03-10,19.7387,21.2756,19.7238,20.6698,15000800
2000-03-13,20.0491,21.0124,19.9870,20.3917,6446400
2000-03-14,21.7250,22.0676,19.8629,20.2204,12852800
2000-03-15,20.6077,21.4618,19.8629,20.7467,9849600
2000-03-16,20.9950,23.5251,19.3663,23.4481,22378000
2000-03-17,22.0974,22.6883,21.3377,21.7722,18887600
2000-03-20,21.8963,22.3308,21.2607,21.7101,8595200
2000-03-21,21.7399,22.8572,21.1366,22.7653,10534000
2000-03-22,23.5325,25.3251,22.8274,25.3251,16744800
2000-03-23,24.9834,27.2185,24.5860,26.4735,12223600
2000-03-24,26.2301,27.3178,26.1705,26.8683,7835600
2000-03-27,27.0446,28.4850,26.8211,28.2119,6834400
2000-03-28,28.0132,28.6589,27.3178,27.5910,6964400
2000-03-29,27.5662,28.2119,26.7963,27.6655,5551200
2000-03-30,27.1937,28.8079,26.5728,26.6225,6503200
2000-03-31,26.8956,28.5595,26.4983,27.6407,7458000
2000-04-03,28.1622,28.4354,25.5794,26.2251,10012400
2000-04-04,26.9205,27.0695,21.9784,25.2814,20696400
2000-04-05,25.0827,27.4420,24.5860,26.6225,9953200
2000-04-06,27.1688,28.4602,26.8460,28.4602,10676000
2000-04-07,28.7831,31.0430,28.7086,31.0430,11309200
2000-04-10,30.4966,30.9188,28.8079,29.1059,6682800
2000-04-11,28.5099,30.2980,27.6655,29.6771,9586000
2000-04-12,29.8013,30.0496,27.3178,27.8393,10696800
2000-04-13,28.1374,29.3046,26.8211,28.2119,11635200
2000-04-14,27.5413,27.5413,23.6399,24.2905,14822800
2000-04-17,24.3700,28.1374,24.2607,28.1374,10586800
2000-04-18,28.7086,30.1986,28.1374,29.0562,8886000
2000-04-19,28.7582,29.1307,27.7152,27.9635,5971600
2000-04-20,28.0132,28.4354,26.4486,27.9635,6578800
2000-04-24,26.7466,27.8145,24.0894,26.0264,9034800
2000-04-25,26.5231,30.1738,25.8278,29.8013,14261600
2000-04-26,29.4536,29.9999,27.8890,28.5347,10008800
2000-04-27,26.8460,30.9188,26.5728,30.6456,11139200
2000-04-28,30.9933,31.7632,29.3046,30.0248,11328800
2000-05-01,30.3476,32.5330,30.3228,32.4585,8049200
2000-05-02,31.9370,31.9867,28.6340,28.6837,6946800
2000-05-03,28.7582,29.7019,25.8278,28.0132,12529600
2000-05-04,28.1870,28.5099,26.8956,28.2864,6709600
2000-05-05,27.7648,29.9999,27.6655,29.7268,6605600
2000-05-08,28.8824,29.2549,27.0695,27.1688,5495200
2000-05-09,27.6903,29.2052,26.1754,27.8890,9874800
2000-05-10,27.1440,28.2119,26.2748,26.3741,10190400
2000-05-11,27.1440,27.3923,25.2317,26.9205,10963200
2000-05-12,27.0446,28.1622,26.4486,26.8708,4381600
2000-05-15,27.1688,27.4668,26.3990,27.3178,5064800
2000-05-16,27.9387,31.0181,27.9139,30.7698,11287200
2000-05-17,29.5778,30.5215,28.9321,29.8758,6428400
2000-05-18,29.8261,30.8691,28.5595,28.5595,5727200
2000-05-19,28.3112,29.1307,27.1688,27.2185,8564000
2000-05-22,27.3427,27.3427,25.5794,27.2433,11500400
2000-05-23,27.1688,28.5595,26.6473,27.0446,10874800
2000-05-24,26.6970,27.1688,25.4056,26.3493,13330400
2000-05-25,26.7715,27.9387,25.7036,25.9519,5880400
2000-05-26,26.0513,26.4486,25.2317,25.5297,4354400
2000-05-30,26.4735,29.0066,26.4735,28.9569,6782800
2000-05-31,28.3857,29.5778,28.3857,28.4354,6144800
2000-06-01,28.7582,29.7764,28.2864,29.4287,6863200
2000-06-02,30.1986,31.7632,30.1986,31.0430,5660400
2000-06-05,31.0430,32.7814,30.9933,31.9619,10037200
2000-06-06,31.6142,31.6142,28.6837,28.7334,13826400
2000-06-07,29.5529,29.8013,27.8890,28.3857,11221600
2000-06-08,29.1804,30.1489,28.8576,29.4039,8131200
2000-06-09,30.0248,30.2980,29.6771,29.9751,4936000
2000-06-12,31.0181,31.0430,30.1241,30.1241,8233600
2000-06-13,30.5960,31.7135,29.8758,31.5893,8335200
2000-06-14,32.0115,32.4089,29.8013,30.2731,11954400
2000-06-15,30.5463,31.5148,29.7516,30.9933,9943600
2000-06-16,29.8261,29.9999,28.2864,29.8758,17876800
2000-06-19,29.4784,31.9122,29.4784,31.6390,9478400
2000-06-20,31.3658,32.7566,31.1672,32.6076,11540400
2000-06-21,31.8874,32.5330,30.9933,31.9867,5958800
2000-06-22,31.7880,32.0364,29.9006,30.0744,4679600
2000-06-23,30.3228,30.6456,28.9321,29.2549,4730800
2000-06-26,29.6274,31.5397,29.2549,30.9685,4722400
2000-06-27,30.4221,30.7201,29.3294,29.3294,5097600
2000-06-28,29.9006,31.2665,29.7019,30.9933,5057200
2000-06-29,30.7450,31.7880,30.4470,30.8691,4454400
2000-06-30,31.2973,32.2909,30.9993,32.2909,5107200
2000-07-03,32.0425,32.2412,31.4464,31.7693,1652800
2000-07-05,31.2228,31.8190,30.8006,31.7196,5099200
2000-07-06,31.9432,33.5329,31.1731,33.5080,10177600
2000-07-07,33.1851,34.6010,32.5641,34.1290,7556400
2000-07-10,33.7564,34.2035,32.9119,33.6322,5060400
2000-07-11,33.6322,35.2219,33.2845,34.3526,5798000
2000-07-12,34.9239,35.0232,34.4022,34.8990,3848800
2000-07-13,35.0232,35.5945,33.9551,34.2532,4286800
2000-07-14,34.7251,34.7251,33.2845,33.8309,5538400
2000-07-17,34.1787,34.2035,33.1603,33.5577,3456400
2000-07-18,33.5577,33.6074,32.2909,32.5145,3682400
2000-07-19,32.8374,33.7316,31.6948,32.2661,4300800
2000-07-20,32.9367,34.2284,32.4151,34.1042,5474000
2000-07-21,33.8309,34.3029,32.6387,33.4584,7378400
2000-07-24,33.0858,33.4087,30.6515,31.0986,6861200
2000-07-25,31.5457,31.8190,30.5522,31.5209,6166800
2000-07-26,31.1731,31.4464,30.3038,30.7757,5663600
2000-07-27,30.5522,31.8686,27.2734,28.1924,12136400
2000-07-28,28.3166,29.0867,26.4040,27.6708,6603600
2000-07-31,27.8447,28.6396,25.5843,28.4408,11458000
2000-08-01,29.1860,29.3847,28.0683,28.4160,5923200
2000-08-02,28.5899,29.5338,28.3166,28.8879,5342000
2000-08-03,27.3976,28.4408,26.8263,28.2670,7311600
2000-08-04,28.8383,29.7076,28.2918,29.0121,3659600
2000-08-07,29.1363,30.3535,28.4408,30.3286,4090000
2000-08-08,30.2044,30.6018,29.2357,30.1547,3934800
2000-08-09,30.6267,30.8006,28.8134,28.8879,3711200
2000-08-10,29.0121,29.0121,27.8447,28.0186,4460000
2000-08-11,27.8944,29.1115,27.3479,28.7141,3412800
2000-08-14,29.0121,30.2541,28.6396,30.2044,4078800
2000-08-15,30.1796,30.6764,29.3102,29.8318,3042000
2000-08-16,29.7573,30.6515,29.7076,30.3038,3816400
2000-08-17,28.7141,31.0490,28.6892,31.0241,6036400
2000-08-18,30.6267,30.8254,29.9064,30.4528,4222800
2000-08-21,30.7012,30.8006,29.3102,29.7822,2968800
2000-08-22,29.9312,30.8006,29.8070,30.3783,2986400
2000-08-23,29.8815,31.4961,29.7076,31.3222,3900400
2000-08-24,31.3470,32.1916,30.3783,32.1667,5270400
2000-08-25,32.0177,32.3158,31.4712,32.0177,2720400
2000-08-28,32.3903,33.1603,31.8686,32.3903,4372400
2000-08-29,32.6883,33.1106,32.4151,32.6883,2580800
2000-08-30,32.4399,32.5393,31.6203,32.1916,2578000
2000-08-31,32.2909,33.1603,31.9183,32.2909,3675600
2000-09-01,33.0112,33.8558,32.6635,33.6074,4194800
2000-09-05,33.7813,34.0297,33.1106,33.1106,2023600
2000-09-06,33.0609,33.2348,31.5209,31.6699,3550400
2000-09-07,32.1667,34.0297,32.0674,34.0048,5596400
2000-09-08,33.6819,34.2780,32.6883,33.2596,4988000
2000-09-11,32.9864,32.9864,31.1731,31.6203,6669200
2000-09-12,31.2973,32.0674,30.1796,30.5025,6545600
2000-09-13,30.2541,31.9183,30.2541,31.2725,8358000
2000-09-14,31.5706,31.7445,30.8006,31.1483,6306000
2000-09-15,32.5641,33.8558,32.2909,32.9367,20242400
2000-09-18,33.3590,35.6442,33.2845,35.2716,15124400
2000-09-19,35.6194,39.1465,35.2716,37.9791,19066800
2000-09-20,37.2836,39.4694,36.4639,39.1962,11589200
2000-09-21,38.6497,39.5688,38.3517,38.9975,9903600
2000-09-22,37.4575,38.1281,36.8365,37.1594,11998800
2000-09-25,37.8549,38.2523,36.4639,36.6626,9363600
2000-09-26,36.4887,37.7058,36.0416,37.5817,7230800
2000-09-27,37.7555,37.8797,36.2652,36.8613,7342000
2000-09-28,37.1155,40.2457,36.8422,39.8731,12957600
2000-09-29,38.7303,39.7985,36.0721,38.5812,15857600
2000-10-02,39.0781,41.5127,38.7551,40.4941,14673600
2000-10-03,40.8668,42.2828,40.5935,40.5935,12944400
2000-10-04,40.3699,40.9165,38.5067,39.2520,16005600
2000-10-05,38.8297,39.9973,36.4447,36.8919,10928000
2000-10-06,36.7677,38.3576,34.8548,36.6683,12732800
2000-10-09,36.7925,37.8856,35.9479,37.1900,6672800
2000-10-10,36.1963,36.9167,34.8051,35.6994,9878400
2000-10-11,34.7802,37.6372,34.7554,37.4384,14562000
2000-10-12,37.6124,37.6372,32.1220,32.4947,14028800
2000-10-13,32.5692,36.1466,32.2959,36.0472,10051600
2000-10-16,35.9727,36.9913,35.1529,35.2274,6971600
2000-10-17,33.7865,33.8114,31.2774,33.0164,16645600
2000-10-18,31.8736,34.0598,30.5321,32.0724,9762000
2000-10-19,33.1158,34.2834,32.5444,34.1840,7580800
2000-10-20,33.7865,34.9293,33.6623,34.8051,6848000
2000-10-23,34.6063,35.6001,33.2897,34.9293,6264400
2000-10-24,35.5255,36.1218,33.5381,33.5878,7648400
2000-10-25,32.9965,35.9628,32.6090,33.5381,3033000
2000-10-26,33.8014,36.0522,31.7991,35.9926,8159800
2000-10-27,36.2261,37.5130,34.9989,37.1701,8126600
2000-10-30,37.0459,38.6309,34.5318,34.5964,6468200
2000-10-31,35.0138,37.8310,34.4076,37.7912,8094400
2000-11-01,37.3888,38.4471,36.5838,38.3825,7106400
2000-11-02,39.0036,41.2394,38.9737,40.1513,7077200
2000-11-03,40.9463,41.6121,39.6246,40.0917,5569200
2000-11-06,42.1388,43.3809,40.6829,41.3636,10552400
2000-11-07,39.6544,41.2394,38.7551,40.8668,7816000
2000-11-08,41.8704,41.9251,38.8793,39.8731,7387400
2000-11-09,38.8495,41.5525,38.2285,41.3338,7166600
2000-11-10,39.9973,40.8668,37.9154,38.4769,7806200
2000-11-13,36.9565,38.3825,35.2771,35.8038,6598800
2000-11-14,37.7614,40.7426,37.2645,40.5587,6372200
2000-11-15,39.8731,40.5885,39.0980,40.3401,4448800
2000-11-16,39.6892,41.7661,39.3762,40.4941,5068000
2000-11-17,39.1924,42.0791,39.0980,41.1152,7961200
2000-11-20,39.1576,39.8134,37.0459,37.7614,6724600
2000-11-21,37.5776,39.8433,36.5193,39.7489,8485600
2000-11-22,39.0980,39.6892,35.8684,35.9280,7444200
2000-11-24,37.0807,37.8856,36.3652,37.7018,2708600
2000-11-27,36.0870,36.2708,33.9107,34.1890,11166800
2000-11-28,33.9406,34.0051,32.0177,32.1866,12416400
2000-11-29,30.9991,33.7269,30.9296,31.9531,9139800
2000-11-30,31.1482,32.7928,30.9296,31.4910,9835000
2000-12-01,32.7928,34.9691,31.7991,33.4437,7363000
2000-12-04,33.5381,34.4722,32.1121,33.8163,6879200
2000-12-05,35.0585,38.5365,34.0350,38.1042,9599600
2000-12-06,36.5838,37.4534,32.4847,33.3841,16013400
2000-12-07,32.7133,34.5964,30.9594,31.3022,11310000
2000-12-08,33.1356,35.7442,32.8226,33.9753,9743800
2000-12-11,34.7802,36.9018,34.4076,36.8323,6810200
2000-12-12,36.3354,37.2347,34.8448,35.1231,3928000
2000-12-13,35.8038,35.8038,32.5444,32.8872,5060400
2000-12-14,29.0663,30.1843,28.0726,28.4751,23094400
2000-12-15,29.3148,31.5208,29.0067,31.0240,21335000
2000-12-18,31.5507,32.4500,31.0538,31.5805,8495200
2000-12-19,32.4847,34.2834,31.7693,31.7991,9614600
2000-12-20,30.2986,31.6152,28.1372,28.4453,10588000
2000-12-21,28.6937,30.7457,28.0726,29.7172,7399600
2000-12-22,30.8054,32.7332,30.4973,32.6388,5164200
2000-12-26,32.4847,33.1953,31.0538,32.7630,3347600
2000-12-27,33.4586,33.6623,31.9233,32.5444,4227400
2000-12-28,32.0177,32.5444,29.8414,30.6215,6041800
2000-12-29,30.6513,30.8054,28.1372,28.9123,7619600
2001-01-02,29.0145,29.0741,22.2405,23.2245,16813400
2001-01-03,23.0804,29.8842,21.8975,28.7958,15257000
2001-01-04,28.3286,29.1984,26.3407,26.7134,9609600
2001-01-05,26.5892,27.3346,24.8497,25.5952,8422200
2001-01-08,24.8199,25.5952,22.6132,24.6310,8495600
2001-01-09,24.6956,27.0265,24.5415,24.7552,6550600
2001-01-10,24.3825,25.0684,22.6778,22.7375,14141800
2001-01-11,22.4591,25.7194,22.4591,23.8855,11450800
2001-01-12,24.8497,26.1220,24.4471,25.0684,10660000
2001-01-16,25.1628,26.1866,24.2583,25.2870,6434000
2001-01-17,26.2462,27.2750,25.7194,26.5892,9895400
2001-01-18,26.6836,29.0145,25.9083,27.8316,12529400
2001-01-19,29.2282,29.8196,28.4827,28.9499,10374400
2001-01-22,28.6069,30.6297,28.5175,29.7898,10547200
2001-01-23,29.6655,29.8196,28.7660,29.5413,6972000
2001-01-24,29.9439,30.0383,28.8256,29.8842,8105600
2001-01-25,29.6357,29.6954,27.7074,28.3585,10328400
2001-01-26,28.4529,29.3226,28.1447,28.8554,5026800
2001-01-29,28.9797,29.0741,26.5345,26.8377,10978400
2001-01-30,26.8675,27.2750,25.3765,26.2164,13083800
2001-01-31,23.5128,24.3527,21.0626,21.7136,38108400
2001-02-01,22.0864,22.7076,21.9621,22.5834,23636600
2001-02-02,22.9860,23.0804,21.6192,21.6490,10865000
2001-02-05,21.8379,22.6132,21.6838,22.5536,8620800
2001-02-06,22.0566,22.6778,21.1520,21.8677,13664200
2001-02-07,21.4155,21.7435,19.7853,20.0338,16924200
2001-02-08,20.3171,20.7644,17.7973,17.8619,24277000
2001-02-09,18.2049,18.3888,17.5190,17.5836,16247400
2001-02-12,17.7377,18.8559,17.5488,18.8261,8306800
2001-02-13,18.9802,19.3231,18.4186,18.4832,10268800
2001-02-14,18.3888,20.0040,17.8619,19.9096,9137600
2001-02-15,20.3767,20.5656,19.0100,19.3529,11728600
2001-02-16,18.6671,19.2585,17.8918,18.0458,15528800
2001-02-20,17.8321,18.3490,16.9276,17.0220,11586000
2001-02-21,16.8034,17.1463,14.9098,14.9396,22444400
2001-02-22,15.2527,15.7497,14.1345,15.1285,32092800
2001-02-23,15.4068,16.3411,14.6911,16.2169,12996200
2001-02-26,16.6493,16.6791,15.4714,15.7497,10706000
2001-02-27,15.6553,16.1523,14.8005,15.1583,14330400
2001-02-28,15.6255,15.7199,13.2151,14.4426,16653000
2001-03-01,14.3532,14.7259,13.4834,13.9456,11879600
2001-03-02,13.5729,14.4128,13.0461,13.7618,13925000
2001-03-05,14.0102,14.3830,13.2946,13.4486,8714600
2001-03-06,13.7618,14.2587,13.6077,14.1643,17270600
2001-03-07,14.3333,14.6315,13.9158,14.2587,9144000
2001-03-08,14.3979,14.7856,13.4486,13.4834,9673400
2001-03-09,13.3890,13.8562,12.2410,13.3890,15267200
2001-03-12,12.8274,13.4188,12.7976,12.9218,6563600
2001-03-13,13.2946,13.8214,12.6435,13.6077,7086600
2001-03-14,12.8920,13.5729,12.5789,12.9864,6756400
2001-03-15,13.5431,13.8562,12.2062,12.4248,9095600
2001-03-16,13.6375,14.6017,13.5431,14.2289,27958000
2001-03-19,14.5072,15.9038,14.1643,15.7795,17031800
2001-03-20,16.2169,16.9624,15.6553,16.3064,16440400
2001-03-21,16.3710,17.2705,15.8740,16.1821,11570800
2001-03-22,16.0982,17.9278,15.5663,17.8980,12184600
2001-03-23,18.6736,18.8625,17.0578,17.7439,9275000
2001-03-26,18.2460,18.3951,16.2872,16.6998,8606200
2001-03-27,16.7545,18.4399,16.6799,18.1963,10526800
2001-03-28,17.5500,17.8483,16.7048,16.8887,12473800
2001-03-29,16.4065,17.3362,15.9690,16.1927,8812400
2001-03-30,16.4115,18.8327,16.3369,17.3859,10839800
2001-04-02,17.4605,17.6842,16.6352,16.9036,7787200
2001-04-03,16.5059,16.6600,14.9100,15.3525,13911600
2001-04-04,15.0592,16.2673,14.6465,14.6763,10126600
2001-04-05,15.5862,17.4505,15.5315,17.3511,9681000
2001-04-06,16.8042,17.1323,15.7900,16.9285,9332600
2001-04-09,16.9981,17.8184,16.7147,17.8135,7271000
2001-04-10,18.8923,21.6019,18.7183,20.5628,24507800
2001-04-11,20.2098,20.5081,19.6878,20.2496,14356400
2001-04-12,19.7126,20.5081,19.5038,20.4136,8345800
2001-04-16,20.1849,21.7013,19.3895,20.2993,18172200
2001-04-17,19.6182,20.4832,19.3895,20.4584,9180400
2001-04-18,20.9556,24.2617,20.8064,22.8398,17754200
2001-04-19,22.4073,23.9634,22.2880,23.8888,12404800
2001-04-20,23.3718,23.9336,22.2333,22.8498,9952400
2001-04-23,22.4073,22.4918,20.9307,21.3682,6175400
2001-04-24,21.5571,22.6211,21.1494,21.2439,7051000
2001-04-25,21.3533,22.4968,21.0053,22.2084,5446600
2001-04-26,23.2127,23.8888,22.1985,22.2084,8301200
2001-04-27,23.1133,23.2624,21.7162,22.6807,5407600
2001-04-30,22.8696,23.7596,21.7262,22.3327,9343200
2001-05-01,21.7063,21.9499,20.0159,21.9002,14460200
2001-05-02,21.9996,22.6211,20.9854,21.2936,12565600
2001-05-03,20.5081,21.0003,19.8717,20.1999,8180800
2001-05-04,19.6977,21.3284,19.4143,20.5628,9488200
2001-05-07,20.4136,21.4030,20.2098,20.4733,5545000
2001-05-08,21.0053,21.7510,20.1352,20.9108,6194000
2001-05-09,20.4087,21.2489,20.1352,20.6423,5112800
2001-05-10,21.2787,21.3284,19.9165,20.0259,4206200
2001-05-11,20.0060,20.3590,19.3596,19.8170,4183800
2001-05-14,19.7126,20.2048,19.1658,19.4641,5371400
2001-05-15,19.3895,19.6629,18.9768,19.2851,7653800
2001-05-16,18.9420,20.5678,18.7680,20.4286,10348000
2001-05-17,20.5131,21.9946,20.5081,21.6764,8416400
2001-05-18,21.1395,21.3781,20.9307,21.1345,4414000
2001-05-21,21.3831,22.6956,21.2539,22.6161,7026600
2001-05-22,22.7752,23.7347,22.5216,23.0088,6346800
2001-05-23,22.7752,22.8199,22.0046,22.1090,4788600
2001-05-24,22.1239,22.7304,21.5522,22.5962,5319800
2001-05-25,22.4570,22.5813,21.6267,22.2233,2934000
2001-05-29,21.9698,22.0245,20.1253,20.7219,5576400
2001-05-30,20.1899,20.5926,19.3099,19.9463,6748000
2001-05-31,19.9562,21.1743,19.7375,19.7723,7268200
2001-06-01,19.9861,20.5479,18.9023,20.1750,7841600
2001-06-04,20.2098,20.5578,19.4740,20.0507,5020400
2001-06-05,20.0408,21.1544,19.9115,20.7219,5132000
2001-06-06,20.8362,20.9953,20.0109,20.3192,4680800
2001-06-07,20.2197,21.4726,20.0358,21.3036,4609400
2001-06-08,21.2041,21.2290,20.5479,20.8959,2752200
2001-06-11,21.2539,21.9996,20.5578,21.0252,10909000
2001-06-12,20.5479,20.9357,19.7325,20.4733,8004000
2001-06-13,20.5678,20.9307,19.8916,19.9761,6742800
2001-06-14,19.7425,19.9861,18.7929,19.3945,11826000
2001-06-15,19.1856,20.8810,18.8923,19.6679,19427000
2001-06-18,19.5187,20.2496,19.2702,20.1551,7543000
2001-06-19,20.8859,21.7262,20.8561,21.2539,13882400
2001-06-20,20.8810,22.7105,20.8561,22.5216,10851000
2001-06-21,22.3824,23.0138,22.2283,22.5266,9827200
2001-06-22,22.6723,22.7519,21.3843,21.6727,5599000
2001-06-25,21.8716,22.1700,21.5086,22.1402,4447400
2001-06-26,21.7324,22.4386,21.5832,22.2048,5644000
2001-06-27,22.1551,22.5480,21.8816,22.0556,6150200
2001-06-28,22.3043,23.9355,22.2844,23.3039,9316400
2001-06-29,23.5376,23.8708,23.1199,23.3735,9215200
2001-07-02,23.3238,23.7912,23.0403,23.3486,6476800
2001-07-03,22.9259,22.9508,22.3789,22.5281,5517200
2001-07-05,22.2794,23.0254,22.1800,22.2098,4041000
2001-07-06,21.9313,21.9661,21.1306,21.5633,8926400
2001-07-09,21.3942,21.9810,21.3246,21.8716,9362600
2001-07-10,22.0308,22.5878,21.3246,21.3594,9782200
2001-07-11,21.1953,21.2351,20.3698,20.6085,9612400
2001-07-12,21.5086,21.6329,21.2550,21.3544,9883400
2001-07-13,21.3594,21.4489,19.8028,20.0764,18291800
2001-07-16,20.1410,20.3101,19.1713,19.6089,10508800
2001-07-17,19.4249,20.8870,19.3901,20.4742,9421600
2001-07-18,20.2554,20.4742,19.8426,19.9172,6385600
2001-07-19,20.3399,21.3345,20.3001,20.8273,7171600
2001-07-20,20.4643,21.0063,20.0366,20.2355,4848000
2001-07-23,20.4145,20.9367,20.0415,20.1858,5834800
2001-07-24,20.1858,20.6383,19.8178,19.8824,8158000
2001-07-25,20.2504,21.1108,20.1360,20.8720,9245000
2001-07-26,20.6383,21.6130,20.0266,21.3843,6531200
2001-07-27,21.3793,22.0706,21.2351,21.4141,4719000
2001-07-30,20.0266,20.6134,18.8977,20.1609,22180000
2001-07-31,19.9669,19.9669,18.6292,18.6441,11909000
2001-08-01,18.8579,19.6686,18.8231,19.2011,11739800
2001-08-02,19.4696,19.5144,18.4004,19.1713,7271400
2001-08-03,18.9475,19.1215,18.4800,18.8679,5853200
2001-08-06,18.6690,18.8231,18.1667,18.2811,5311000
2001-08-07,18.1965,18.3010,16.9582,17.1174,13485200
2001-08-08,17.0328,17.7788,16.7593,16.9383,8426000
2001-08-09,16.6598,17.5948,16.6549,17.2914,8114000
2001-08-10,17.1820,17.2317,16.4361,16.9334,10730600
2001-08-13,17.0627,17.9031,16.8090,17.8285,6181600
2001-08-14,17.8981,17.9031,17.1572,17.1572,6751400
2001-08-15,17.1522,17.4257,16.6549,16.6698,3944800
2001-08-16,16.4162,17.0428,16.4112,17.0328,4075400
2001-08-17,16.7145,16.8787,16.2123,16.2918,3214400
2001-08-20,16.2023,17.3610,15.9139,17.0229,5000800
2001-08-21,17.1422,17.6793,16.6350,16.6350,7657800
2001-08-22,16.9085,17.4506,15.9636,17.1969,6888600
2001-08-23,17.1671,17.7141,17.1074,17.1572,5365400
2001-08-24,17.4158,17.8534,17.1820,17.7937,4831200
2001-08-27,17.8534,18.2512,17.2168,17.8434,7574200
2001-08-28,17.9330,17.9926,16.7593,16.9383,5867000
2001-08-29,16.8538,17.4307,16.4311,16.7543,5667200
2001-08-30,16.3167,16.4261,15.5260,16.2819,9635000
2001-08-31,15.9636,17.0378,15.8890,16.7145,8971600
2001-09-04,16.6101,17.0627,15.9139,15.9736,4885400
2001-09-05,16.0084,16.5852,15.4166,16.0133,7284400
2001-09-06,15.9139,16.2421,15.1033,15.2823,9486000
2001-09-07,14.8148,16.1128,14.8148,15.9686,9572000
2001-09-10,15.8492,16.6101,15.4414,16.3465,10441800
2001-09-17,14.9889,16.1277,14.8148,15.0436,9278600
2001-09-18,15.0933,15.4812,14.6955,14.9690,9046600
2001-09-19,14.4468,14.4468,12.2338,12.9798,22127400
2001-09-20,13.1339,13.1339,11.8608,12.9052,11141600
2001-09-21,13.2848,13.2848,11.9314,12.4737,13191400
2001-09-24,12.9365,12.9365,12.2498,12.5832,13773600
2001-09-25,12.5932,12.7375,12.1653,12.4688,6509000
2001-09-26,12.7126,12.7126,11.7423,11.8966,8144200
2001-09-27,11.7125,11.7622,11.1950,11.3642,13840600
2001-09-28,11.5184,12.0508,11.0458,11.9314,15199800
2001-10-01,11.9165,12.1105,11.7423,11.9812,8148800
2001-10-02,11.8866,12.4140,11.5732,12.1155,9519600
2001-10-03,14.2699,14.2699,11.6677,13.8271,20025400
2001-10-04,15.3247,15.3247,13.7823,14.2550,12103600
2001-10-05,14.9068,14.9068,13.5335,14.3744,6360800
2001-10-08,15.0113,15.0113,13.7823,14.8919,6339000
2001-10-09,14.9018,15.0262,13.9565,14.3446,5030000
2001-10-10,14.3296,15.0013,14.1306,14.5734,5302000
2001-10-11,14.9665,16.2303,14.9267,15.8671,8728800
2001-10-12,15.7526,16.1208,15.1257,15.8273,8581400
2001-10-15,15.4193,15.7676,15.2551,15.4193,6227400
2001-10-16,15.6730,15.9218,15.2551,15.4491,6363800
2001-10-17,15.9616,15.9716,14.2649,14.3197,7573600
2001-10-18,14.2450,14.9715,14.1157,14.5187,4903400
2001-10-19,14.5187,15.1954,14.4590,14.9814,5384000
2001-10-22,14.9516,15.5437,14.9267,15.4392,4704400
2001-10-23,15.5984,15.9716,14.9814,15.5586,6145200
2001-10-24,15.7676,16.8672,15.5586,16.6930,7220600
2001-10-25,16.2303,16.7776,15.6979,16.4343,13962800
2001-10-26,16.3945,16.6184,16.1358,16.2602,6751200
2001-10-29,16.1706,16.1855,15.0710,15.0959,8029800
2001-10-30,15.3596,15.3596,14.2152,14.3048,9805200
2001-10-31,12.0160,13.2499,12.0160,13.1355,46077600
2001-11-01,13.1604,13.8271,13.0360,13.5037,13796200
2001-11-02,13.5037,13.6828,13.0857,13.4092,10423400
2001-11-05,13.6281,14.1157,13.5932,14.0560,5651200
2001-11-06,13.8769,14.2450,13.5783,14.2202,7648800
2001-11-07,15.4840,15.4840,14.0858,14.9566,10492200
2001-11-08,15.1556,15.2899,14.3446,14.4092,8698200
2001-11-09,14.3545,14.7128,14.0560,14.3247,6453400
2001-11-12,14.3048,14.6182,13.2101,14.4291,5878400
2001-11-13,14.7874,15.5238,14.7128,15.2601,11205800
2001-11-14,15.5088,15.8223,15.0511,15.5934,5430400
2001-11-15,15.5486,16.3646,15.4740,15.8074,8547400
2001-11-16,16.1009,16.2950,15.6730,15.8721,4456000
2001-11-19,16.0213,16.8274,15.9765,16.7428,6707000
2001-11-20,16.6881,17.0413,16.0163,16.0213,8401000
2001-11-21,16.1805,16.1805,15.6979,16.0163,6012000
2001-11-23,16.6283,16.6283,16.0761,16.4940,1115000
2001-11-26,16.6184,17.3896,16.4243,17.3797,6900800
2001-11-27,17.3150,17.4095,16.6681,17.0363,7570400
2001-11-28,16.8274,16.8274,15.9318,15.9517,6677800
2001-11-29,16.0761,16.7428,16.0761,16.7279,5866800
2001-11-30,16.4194,16.4194,15.8671,15.9616,6713600
2001-12-03,16.1606,16.1606,15.5088,15.9019,7717000
2001-12-04,15.9467,17.1110,15.7228,17.0811,7204000
2001-12-05,17.2155,18.6584,17.1408,18.2305,9821400
2001-12-06,18.7081,18.7081,17.9618,18.5439,5810800
2001-12-07,18.3797,18.3797,17.7379,18.1558,5093200
2001-12-10,17.8772,18.2205,17.6483,17.7727,4384400
2001-12-11,17.7877,17.8125,16.7428,16.9070,10672000
2001-12-12,16.9219,16.9617,15.4243,15.8124,17519200
2001-12-13,15.3198,15.5238,14.9267,15.2402,12668200
2001-12-14,15.1307,16.4094,15.1257,15.8372,19617000
2001-12-17,15.8024,16.0960,15.3845,15.6929,8912400
2001-12-18,15.7477,16.4990,15.7228,16.4194,7607000
2001-12-19,16.1208,16.5338,15.7477,16.2303,6999600
2001-12-20,16.2054,16.2950,15.2004,15.2601,5170200
2001-12-21,15.1506,15.9168,15.0760,15.6482,5456600
2001-12-24,15.5735,15.7427,15.3048,15.5039,1534000
2001-12-26,15.5835,15.8969,15.2451,15.2601,3168600
2001-12-27,15.2999,15.8671,15.2999,15.8372,3587600
2001-12-28,15.9666,16.3348,15.9019,16.0462,4007000
2001-12-31,16.0527,16.0726,15.4504,15.4554,3769200
2002-01-02,15.5002,15.9282,15.0273,15.8486,6320600
2002-01-03,16.6997,16.6997,15.4305,16.4658,6766600
2002-01-04,17.9740,18.3871,17.4812,17.8695,16557800
2002-01-07,18.2926,18.5414,17.8097,17.9989,7604000
2002-01-08,18.0088,18.4817,17.6405,18.2378,5666800
2002-01-09,18.4966,19.5121,18.3274,18.7306,11211000
2002-01-10,18.6908,18.8899,17.9640,18.1432,7936400
2002-01-11,18.1482,18.5116,17.6704,17.9342,6613200
2002-01-14,17.7849,17.9690,17.3717,17.7201,6059000
2002-01-15,17.6704,18.3672,17.6704,18.0536,7610000
2002-01-16,17.8147,18.0536,17.4464,17.4713,7568400
2002-01-17,17.6505,18.0686,17.6206,17.8944,7506000
2002-01-18,17.3966,17.7002,17.0283,17.2124,6183600
2002-01-22,17.3070,17.3219,16.7744,16.9436,5932000
2002-01-23,17.5011,17.5011,16.8541,17.2622,4872800
2002-01-24,17.4215,17.9939,17.3319,17.8396,5718800
2002-01-25,17.6654,17.6953,16.8740,16.9685,6945800
2002-01-28,17.2871,17.6156,17.1975,17.5061,7497600
2002-01-29,17.8944,18.0835,17.2224,17.4962,9107000
2002-01-30,17.5111,17.5708,16.5454,16.9884,8094200
2002-01-31,17.0780,17.1477,16.6798,16.7744,6263600
2002-02-01,18.5663,18.5663,17.4215,17.8844,14064600
2002-02-04,17.8695,18.0536,17.1428,17.3667,5966400
2002-02-05,17.2572,17.9690,17.2174,17.2771,7168800
2002-02-06,17.4762,17.6007,16.7545,16.8939,5288800
2002-02-07,16.9237,17.3916,16.4359,16.8242,6868600
2002-02-08,16.9486,17.8346,16.9237,17.8197,4220600
2002-02-11,17.7251,18.2179,17.4563,18.1681,5572800
2002-02-12,17.9143,18.3672,17.7102,18.0437,4280000
2002-02-13,18.0437,18.7157,17.9939,18.6460,6425600
2002-02-14,18.6559,18.7903,18.1681,18.4220,5822400
2002-02-15,18.5166,18.5166,17.7351,17.7649,6719200
2002-02-19,17.7002,18.1184,16.9884,17.2025,7398200
2002-02-20,17.6256,17.6256,16.8690,17.3916,6567400
2002-02-21,17.3468,17.6455,16.8640,16.8640,4972600
2002-02-22,16.9337,17.8197,16.7047,17.4862,7550600
2002-02-25,17.4962,18.1681,17.4663,18.0636,5696400
2002-02-26,18.1482,18.5713,17.6754,18.4319,5648200
2002-02-27,18.5315,19.1288,18.2378,18.5614,8060600
2002-02-28,18.4668,18.6360,18.0984,18.1084,5443600
2002-03-01,18.3423,19.1885,18.2627,19.1836,5847800
2002-03-04,19.1885,20.4080,19.0392,20.3881,11305600
2002-03-05,20.2836,20.2836,19.4872,19.9003,6674600
2002-03-06,19.6415,20.0795,19.3279,20.0795,6983600
2002-03-07,20.0745,20.1592,19.2084,19.3130,8463800
2002-03-08,19.6863,20.4031,19.2732,19.4374,8101400
2002-03-11,19.5668,20.2836,19.3876,20.0795,7774400
2002-03-12,19.4872,19.4872,18.6410,18.9745,9651400
2002-03-13,18.8252,19.4125,18.5713,18.6808,5694200
2002-03-14,18.8799,18.8799,18.1233,18.2129,7182800
2002-03-15,18.9148,19.5768,18.7057,19.5021,13468200
2002-03-18,19.4623,19.7858,19.0641,19.2532,8115000
2002-03-19,19.2134,19.8854,19.1188,19.6315,4861200
2002-03-20,19.5668,19.7361,19.1636,19.1686,3919000
2002-03-21,19.5830,19.5830,18.8710,19.4735,3734400
2002-03-22,19.4187,19.9117,18.9905,19.7922,5342000
2002-03-25,19.6179,19.8917,18.9457,18.9457,4975600
2002-03-26,19.0254,19.7523,19.0005,19.2743,4279200
2002-03-27,19.2594,19.5183,18.8013,19.3440,3745400
2002-03-28,19.9465,20.5988,19.9166,20.0610,9659800
2002-04-01,20.4096,20.4096,19.5133,20.2254,5711400
2002-04-02,19.7075,19.7075,19.0055,19.2694,9138800
2002-04-03,19.5183,19.6577,19.1200,19.2544,6514000
2002-04-04,19.0055,19.4187,18.7266,19.0752,6598400
2002-04-05,19.1050,19.5382,18.8561,18.8561,4972200
2002-04-08,18.7914,19.4038,18.4528,19.3490,6066400
2002-04-09,19.4436,19.8171,18.7366,18.7416,6188000
2002-04-10,18.8760,19.3938,18.5075,18.9208,8460800
2002-04-11,18.8860,19.1399,17.6760,18.1092,5492200
2002-04-12,18.4329,19.7922,18.4279,19.4386,8763200
2002-04-15,19.6179,20.0112,19.3938,19.6079,7525000
2002-04-16,19.8718,20.1656,19.7772,19.9764,5715600
2002-04-17,19.9615,20.0710,19.4735,19.6627,7777800
2002-04-18,19.7175,19.8669,19.1499,19.6677,4730400
2002-04-19,19.8220,19.9166,19.4088,19.5731,3385800
2002-04-22,19.5233,19.5283,18.9706,19.3092,3070400
2002-04-23,19.2644,19.3590,18.2885,18.4528,6779200
2002-04-24,18.8461,19.2096,18.2138,18.3084,9626000
2002-04-25,18.1241,19.0403,17.9449,18.8760,8642800
2002-04-26,18.9059,19.4187,18.8561,18.9258,8826800
2002-04-29,18.9457,19.0951,18.1988,18.5324,7898400
2002-04-30,18.6868,20.1656,18.6221,19.8967,13450200
2002-05-01,20.0162,20.1556,18.9806,19.9764,13949000
2002-05-02,19.7125,20.1556,18.8262,18.8461,7719400
2002-05-03,18.9955,19.1996,18.3134,18.6719,8884800
2002-05-06,18.7266,19.1897,18.0495,18.0495,4638000
2002-05-07,18.3382,18.6171,17.4520,18.0992,8918200
2002-05-08,18.6719,20.6336,18.6221,20.6187,12146600
2002-05-09,20.0610,20.7930,19.6776,19.8370,11683600
2002-05-10,19.8569,20.0660,19.1399,19.2942,6905800
2002-05-13,19.3191,20.4146,18.9208,20.2851,7018600
2002-05-14,20.7332,21.4602,20.7034,21.4004,10529800
2002-05-15,20.9573,21.5697,20.8129,20.9374,10814200
2002-05-16,20.7631,20.8876,20.4395,20.7631,6710400
2002-05-17,20.9523,21.0768,19.8420,20.4644,10014800
2002-05-20,20.3399,20.3399,19.1349,19.4486,9919000
2002-05-21,19.5930,19.7872,18.0246,18.4976,12248800
2002-05-22,18.1540,18.6768,17.7059,18.3930,10477200
2002-05-23,18.4976,18.6171,17.8752,18.4777,8259200
2002-05-24,18.2735,18.9955,18.2436,18.7565,7631600
2002-05-28,19.0702,19.0702,17.9300,18.2586,5233000
2002-05-29,18.2337,18.2735,17.8204,17.8503,6892200
2002-05-30,17.7955,18.5175,17.7507,18.1889,8701000
2002-05-31,18.4727,18.7266,17.9250,17.9748,5854000
2002-06-03,17.9300,18.2486,17.4619,17.5764,6617800
2002-06-04,17.6212,18.1341,17.4769,17.8453,7472000
2002-06-05,17.9250,18.2685,17.5565,18.1092,7323200
2002-06-06,18.0246,18.1042,17.4271,17.5266,7814600
2002-06-07,17.3325,18.0893,17.1980,17.8652,9794600
2002-06-10,17.9947,19.4337,17.8851,18.7167,12626400
2002-06-11,18.9756,19.3341,18.4179,18.4577,8904200
2002-06-12,18.1988,18.7216,17.7905,18.5772,8952600
2002-06-13,18.5673,18.6171,17.9748,18.0196,11448400
2002-06-14,16.2520,16.2520,15.4653,15.6196,34727400
2002-06-17,15.7590,15.7740,14.7632,14.8030,19467400
2002-06-18,14.8030,15.4254,14.7781,14.9823,14654600
2002-06-19,14.9474,14.9972,13.4836,13.4836,23265000
2002-06-20,13.6180,14.0910,13.5134,13.8421,12111800
2002-06-21,13.4501,13.7042,13.0267,13.1263,16155200
2002-06-24,12.9968,14.1724,12.9818,13.5248,8902800
2002-06-25,13.8735,14.5710,13.6045,13.6892,11727400
2002-06-26,13.1313,13.9383,13.0018,13.7490,12236600
2002-06-27,14.2721,14.3567,13.2309,13.8935,10646600
2002-06-28,13.6245,14.5261,13.6195,14.1973,8687600
2002-07-01,14.2521,14.3717,13.3505,13.4501,7553800
2002-07-02,13.3555,13.5248,12.6830,13.1562,9162400
2002-07-03,13.0914,13.5248,12.7477,13.4700,5855600
2002-07-05,13.6743,14.3468,13.6693,14.2621,4404200
2002-07-08,14.0927,14.4365,13.6743,13.7739,5032800
2002-07-09,13.6942,13.9333,13.4501,13.5597,5566400
2002-07-10,13.6544,14.0778,13.1711,13.2359,7886400
2002-07-11,12.3093,12.9619,11.8361,12.8324,15291600
2002-07-12,13.0018,13.3206,12.5186,12.7328,10542600
2002-07-15,12.5485,13.3007,12.2496,13.1961,10187400
2002-07-16,13.1163,13.9483,12.9719,13.2359,8424400
2002-07-17,13.6245,13.8486,13.2010,13.3903,7836400
2002-07-18,13.3206,13.5099,12.8424,12.8872,5890400
2002-07-19,12.7527,12.8772,12.1001,12.1499,8239000
2002-07-22,12.2097,12.5385,11.7016,12.2296,8876000
2002-07-23,12.1599,12.5684,11.7464,11.9058,7278800
2002-07-24,11.7066,12.8374,11.6568,12.7826,10469800
2002-07-25,12.5036,12.7029,11.4724,11.6717,9611000
2002-07-26,11.7066,12.3343,11.5073,12.1997,6008200
2002-07-29,12.3542,12.8673,12.1997,12.7577,5878200
2002-07-30,12.5783,12.7029,12.1101,12.4239,7385000
2002-07-31,12.2346,12.3293,11.8162,11.9357,8831600
2002-08-01,9.1361,9.1461,8.3441,8.3839,47625000
2002-08-02,8.5732,8.7924,8.3839,8.6928,16076800
2002-08-05,8.8273,8.9169,8.2195,8.3191,8884000
2002-08-06,8.4985,8.7177,8.4188,8.6629,9637600
2002-08-07,8.7725,8.8821,8.2544,8.7774,8754800
2002-08-08,8.6579,8.9319,8.4935,8.8522,6717600
2002-08-09,8.7924,8.9916,8.5931,8.8223,4874800
2002-08-12,8.7426,9.1212,8.7177,9.0215,5397400
2002-08-13,8.9817,9.4649,8.8223,8.9020,8508400
2002-08-14,8.8173,9.6841,8.8123,9.5994,6437800
2002-08-15,9.6392,10.0577,9.4749,9.9332,6561000
2002-08-16,9.8136,10.1872,9.6741,10.0328,4739200
2002-08-19,10.0079,10.4562,9.8584,10.4014,3842000
2002-08-20,10.3118,10.5210,9.9381,10.0527,5373600
2002-08-21,10.0627,10.3267,9.7688,10.1324,8563400
2002-08-22,10.0378,10.4014,10.0178,10.3466,4054800
2002-08-23,10.2221,10.3516,10.1125,10.2022,3811000
2002-08-26,10.1872,10.4712,10.1822,10.4014,4037400
2002-08-27,10.4512,10.5857,10.2868,10.3765,5328000
2002-08-28,10.2370,10.2619,9.8634,9.9531,5698600
2002-08-29,9.8086,10.2918,9.7190,10.1225,5228800
2002-08-30,10.0776,10.2669,9.9581,10.0129,3853000
2002-09-03,9.7787,9.9182,9.0464,9.1760,9882400
2002-09-04,9.2507,9.6044,9.2208,9.5047,5170800
2002-09-05,9.3702,9.4201,9.0714,9.1311,4597400
2002-09-06,9.3453,9.6841,9.3404,9.5944,4428800
2002-09-09,9.4350,9.8285,9.2607,9.6891,4765800
2002-09-10,9.7239,9.7289,9.0514,9.6094,7210800
2002-09-11,9.8136,10.0876,9.4699,9.5546,5158600
2002-09-12,9.3105,9.5346,9.1411,9.1909,10346400
2002-09-13,10.2370,10.3765,9.9630,10.3466,21271800
2002-09-16,10.3616,10.4662,9.9730,10.0627,7771800
2002-09-17,10.2370,10.3018,9.8734,9.9431,6211400
2002-09-18,9.9033,10.1623,9.7239,9.9282,6145600
2002-09-19,9.8036,9.9282,9.6642,9.7787,5185200
2002-09-20,9.8149,9.9694,9.5956,9.7451,8213600
2002-09-23,9.6305,9.7401,9.3064,9.4211,5789400
2002-09-24,9.3713,9.8049,9.2466,9.7601,5158000
2002-09-25,9.4211,10.0492,9.4211,9.8847,5702200
2002-09-26,9.8897,10.1638,9.5208,9.8598,4962800
2002-09-27,9.7950,10.1090,9.6554,9.8398,4641400
2002-09-30,9.6205,9.7700,9.4211,9.5208,5108200
2002-10-01,9.5258,9.7601,9.2117,9.6604,8721800
2002-10-02,9.6454,10.1838,9.5457,9.9694,8007800
2002-10-03,9.9395,10.8966,9.8946,10.4479,10205200
2002-10-04,10.4679,10.6473,9.9943,10.1289,9026800
2002-10-07,10.0392,10.2236,9.8946,9.9744,5549200
2002-10-08,10.0791,10.1040,9.8697,9.9545,7522600
2002-10-09,9.7800,9.8946,8.8279,9.0572,23236400
2002-10-10,9.1170,10.2187,8.8827,10.1887,10187600
2002-10-11,10.2386,11.0661,10.1688,10.9614,9142600
2002-10-14,10.4928,11.3402,10.4928,11.2654,5269600
2002-10-15,11.8686,12.0431,11.2405,11.5097,10951000
2002-10-16,11.0860,11.4549,10.8916,11.0611,7465000
2002-10-17,11.6144,11.8985,11.2505,11.4299,6026800
2002-10-18,11.3901,12.0730,11.0411,11.8686,5683600
2002-10-21,11.7589,12.6013,11.4250,12.4169,7446800
2002-10-22,12.1128,12.1727,11.6592,11.9733,5515200
2002-10-23,11.9982,12.4468,11.9384,12.2923,6114000
2002-10-24,12.2873,12.7808,11.9932,12.2823,6280000
2002-10-25,12.1029,12.1128,11.4598,11.8387,9105800
2002-10-28,12.5016,12.5664,11.4798,11.7041,9177800
2002-10-29,11.8138,11.9384,11.0162,11.3103,7601800
2002-10-30,12.5016,12.5664,11.4798,11.7041,6005400
2002-10-31,11.7639,12.0779,11.6393,11.7838,5495800
2002-11-01,11.7290,12.2375,11.4997,12.1976,5516600
2002-11-04,12.5116,14.1815,12.2175,13.6481,17288000
2002-11-05,12.9553,13.0101,12.4867,12.8705,12579000
2002-11-06,12.9453,13.2244,12.5615,13.0001,8589000
2002-11-07,12.7110,13.0599,12.5714,12.7509,5735000
2002-11-08,12.7957,13.0599,12.7160,12.8157,4480200
2002-11-11,12.7609,12.8755,12.2923,12.3072,4135400
2002-11-12,12.3421,13.6083,12.3372,13.1497,7756600
2002-11-13,13.0350,13.6083,12.7808,13.5235,6797800
2002-11-14,13.6481,14.0170,13.5435,13.9871,5731800
2002-11-15,13.9273,14.5105,13.5883,14.4307,5719200
2002-11-18,14.2563,14.3310,13.6332,13.8575,8582400
2002-11-19,13.6332,13.8326,13.4836,13.6531,7173400
2002-11-20,13.7079,14.2862,13.5036,14.1566,6316800
2002-11-21,14.2563,15.1934,14.1566,15.0538,7459400
2002-11-22,14.4058,14.9840,14.2812,14.8594,5613800
2002-11-25,14.8594,15.2133,14.6102,15.0937,4658200
2002-11-26,14.9043,15.0787,14.2164,14.3958,8381400
2002-11-27,14.5803,15.1884,14.5553,14.9442,5578400
2002-11-29,15.0538,15.1784,14.6600,14.7198,1866000
2002-12-02,15.2283,15.4925,14.2313,14.3310,9529200
2002-12-03,14.4507,14.5055,13.5983,13.8027,8566600
2002-12-04,13.5285,13.6980,12.9852,13.0500,8762400
2002-12-05,13.2444,13.3540,12.8605,12.8855,7320800
2002-12-06,12.6512,13.1596,12.4618,13.0051,4615200
2002-12-09,13.0151,13.0250,12.3820,12.3920,6852000
2002-12-10,12.5266,13.1497,12.4917,12.9652,8013800
2002-12-11,12.9204,13.0998,12.7060,12.9303,6763800
2002-12-12,13.1347,13.2095,12.5714,12.8954,9110200
2002-12-13,12.9652,13.2593,12.8107,12.8556,13375600
2002-12-16,12.8356,13.3740,12.7060,13.2394,8297400
2002-12-17,13.1596,13.6681,13.1098,13.3790,5956200
2002-12-18,13.3391,13.3391,12.8356,12.9752,4237400
2002-12-19,12.8207,13.3640,12.5216,12.7309,7044400
2002-12-20,13.1347,13.1945,12.6861,12.8456,7413800
2002-12-23,12.8556,13.3042,12.7658,13.2344,4041000
2002-12-24,13.1148,13.3441,13.0599,13.0749,1317600
2002-12-26,13.1148,13.3042,12.7359,12.8057,2858000
2002-12-27,12.7609,12.9602,12.5066,12.5515,3934000
2002-12-30,12.6113,12.6811,12.0979,12.4069,4917800
2002-12-31,12.3920,12.5266,12.2075,12.3621,4394200
2003-01-02,12.4618,12.8954,12.2474,12.7609,6215000
2003-01-03,12.7110,13.1347,12.4618,13.1098,5776000
2003-01-06,13.1347,13.8276,13.1347,13.7129,6160400
2003-01-07,13.6641,14.2924,13.5643,14.2176,7632600
2003-01-08,14.0630,14.3074,13.4048,13.5294,5403200
2003-01-09,13.7140,14.4420,13.7140,14.0830,5803800
2003-01-10,13.9234,14.2974,13.6541,14.2874,6779000
2003-01-13,14.4470,14.6315,14.2176,14.2376,5376400
2003-01-14,14.2426,14.5617,14.2126,14.5168,4820800
2003-01-15,14.5916,14.6216,13.8536,13.9483,3369400
2003-01-16,13.9733,14.0979,13.4347,13.5643,5019600
2003-01-17,13.2402,13.2651,12.7764,12.8961,6529400
2003-01-21,12.8462,13.0607,12.5271,12.8014,4752200
2003-01-22,12.7315,13.1654,12.6318,12.8562,6844400
2003-01-23,13.0258,13.4347,12.9659,13.3699,4635800
2003-01-24,13.3449,13.3599,12.6368,12.9011,5805000
2003-01-27,12.6767,13.1704,12.5919,12.8712,4610800
2003-01-28,12.8014,13.3499,12.7515,13.2901,4659600
2003-01-29,12.8163,13.3649,12.7664,13.3050,4875800
2003-01-30,13.4646,13.6142,13.0308,13.1754,6534400
2003-01-31,12.8861,13.3300,12.6168,13.1754,7698400
2003-02-03,13.4347,13.6741,13.0258,13.4945,5615000
2003-02-04,13.1903,13.5394,12.9709,13.1804,4885800
2003-02-05,13.2003,13.7090,13.1405,13.2252,5062000
2003-02-06,13.1255,13.3250,12.8861,13.2252,5755800
2003-02-07,13.2951,13.4596,12.8911,13.0357,4036000
2003-02-10,13.0906,13.3399,12.8462,13.2801,3588600
2003-02-11,13.3150,13.6441,13.2053,13.3150,6255800
2003-02-12,13.3350,13.5643,13.3100,13.3549,5293000
2003-02-13,13.3200,13.4895,13.1853,13.4297,4223000
2003-02-14,13.4447,13.7140,13.2402,13.6790,6385200
2003-02-18,13.7389,14.2625,13.6840,14.1428,7042600
2003-02-19,13.9932,14.2126,13.9384,14.0930,4599200
2003-02-20,14.1129,14.2376,13.9234,14.1428,4517400
2003-02-21,14.1977,14.5567,13.9035,14.5168,7283400
2003-02-24,14.4121,14.4470,14.0830,14.1428,5841000
2003-02-25,14.0979,14.2126,13.6790,14.1029,5549000
2003-02-26,14.0281,14.1179,13.4895,13.5045,6295800
2003-02-27,13.6392,13.7688,13.3898,13.5693,6201000
2003-02-28,13.5444,13.9633,13.5444,13.7140,5035200
2003-03-03,13.6890,13.8636,13.3399,13.3399,6297200
2003-03-04,13.3050,13.3898,13.0407,13.1804,5885400
2003-03-05,12.9958,13.1853,12.8213,12.9360,11042800
2003-03-06,12.7964,13.3449,12.7864,13.3300,9895800
2003-03-07,13.1654,13.5993,12.9859,13.4746,6983400
2003-03-10,13.3699,13.3898,13.1654,13.2701,4736600
2003-03-11,13.3200,13.4546,13.1704,13.2801,4936000
2003-03-12,13.2053,13.9633,13.2053,13.7090,6174200
2003-03-13,13.9434,14.2575,13.7539,14.2226,8042000
2003-03-14,15.1003,15.5840,14.9058,15.3546,21283000
2003-03-17,15.1452,16.8108,15.1053,16.0478,18336200
2003-03-18,16.1077,16.1127,15.8833,16.0478,7999800
2003-03-19,16.0279,16.5465,15.9032,16.4667,8430200
2003-03-20,16.4628,17.0964,16.2882,16.9966,12636800
2003-03-21,16.7122,16.7172,15.6596,15.9988,20469000
2003-03-24,15.8192,15.8392,14.9911,15.2405,10996200
2003-03-25,15.3852,15.9390,15.1557,15.7993,11304600
2003-03-26,15.5898,16.0437,15.4650,15.9390,9150800
2003-03-27,15.6646,16.0437,15.5798,15.7145,6137400
2003-03-28,15.6646,15.8941,15.5099,15.8592,5765600
2003-03-31,15.4551,16.4628,15.0759,15.3802,8338600
2003-04-01,15.5698,15.5848,15.1657,15.2705,5304600
2003-04-02,15.7594,16.5326,15.6646,16.3929,10929600
2003-04-03,16.3580,16.7871,16.2982,16.4827,6425600
2003-04-04,16.5077,16.5326,15.8392,16.0637,5542600
2003-04-07,16.7372,16.9686,16.4174,16.5227,9579200
2003-04-08,16.4877,16.6623,16.1385,16.1535,8325000
2003-04-09,16.2433,16.5227,15.8641,15.8991,6185400
2003-04-10,16.0038,16.2233,15.8093,16.1685,4147000
2003-04-11,16.3331,16.6773,15.9539,16.1485,5748200
2003-04-14,16.1086,16.8070,16.1036,16.7172,6148000
2003-04-15,16.6075,17.1662,16.4728,16.9018,7372200
2003-04-16,17.2560,17.4106,16.5526,16.5576,6770800
2003-04-17,16.3780,17.5104,16.3780,17.3358,9308200
2003-04-21,17.3208,17.5902,17.2061,17.3208,7158200
2003-04-22,17.2809,17.6850,17.1413,17.5952,7874800
2003-04-23,18.0193,18.0193,17.3907,17.7449,6359800
2003-04-24,17.6102,17.9594,17.5154,17.8247,4520400
2003-04-25,17.7648,17.8646,17.1118,17.2710,4995600
2003-04-28,17.3707,17.6601,17.1612,17.5154,5998000
2003-04-29,17.6351,17.9594,17.4960,17.5803,4474600
2003-04-30,17.4705,17.7748,17.1812,17.2261,7287800
2003-05-01,17.6850,18.4283,17.5104,18.3141,14015600
2003-05-02,18.0791,19.0270,18.0342,18.9172,11530600
2003-05-05,18.8973,19.1467,18.5281,18.7975,6997600
2003-05-06,18.2537,18.8484,18.2088,18.6778,8928600
2003-05-07,18.6079,18.6478,18.2138,18.3934,5320000
2003-05-08,18.0642,18.2183,17.8447,17.9295,7111800
2003-05-09,17.8646,18.2832,17.7179,18.2338,5190000
2003-05-12,18.2587,18.5680,17.8746,18.5082,5648800
2003-05-13,18.4134,18.4583,18.1091,18.2039,3863600
2003-05-14,18.1839,18.4084,17.7499,18.0841,4333400
2003-05-15,18.2039,18.5930,18.0342,18.1490,6555200
2003-05-16,17.9843,18.2388,17.8048,17.9295,4147600
2003-05-19,17.7748,17.7848,16.6723,16.7422,8255200
2003-05-20,17.0964,17.1363,16.6075,16.7122,6678000
2003-05-21,16.6573,16.9018,16.5276,16.8070,5599000
2003-05-22,16.8120,17.4805,16.6673,17.3059,5670800
2003-05-23,17.2111,17.5004,17.0914,17.2759,3563400
2003-05-27,17.1462,17.8297,16.9916,17.6351,5979800
2003-05-28,17.6351,17.9544,17.5104,17.7998,3817400
2003-05-29,17.8646,18.1440,17.4007,17.5603,5681400
2003-05-30,17.5852,17.7100,17.2859,17.6202,7348000
2003-06-02,17.7948,17.8596,17.4007,17.4805,5339800
2003-06-03,17.3757,17.6002,17.3159,17.4256,4159400
2003-06-04,17.5054,18.6329,17.3807,18.5132,8773800
2003-06-05,18.3136,18.9472,18.2288,18.7726,8230200
2003-06-06,19.4011,19.9549,18.4832,18.6029,11638800
2003-06-09,18.0093,18.2039,17.1762,17.6601,10192000
2003-06-10,17.7150,17.9145,17.6551,17.8596,5583400
2003-06-11,17.9494,18.1440,17.5862,17.8696,5862200
2003-06-12,18.1839,18.1939,17.5852,17.9494,11508200
2003-06-13,16.5476,16.8719,15.6895,15.7394,45566600
2003-06-16,15.9589,15.9889,15.3184,15.8143,19051000
2003-06-17,16.0437,16.3281,15.6945,16.2084,12185000
2003-06-18,16.1385,16.2283,15.8641,15.9988,9535400
2003-06-19,15.9752,16.0201,15.4861,15.7407,9162000
2003-06-20,15.8954,16.0201,15.4961,15.9153,10025600
2003-06-23,15.8904,15.8954,15.2017,15.5261,7276400
2003-06-24,15.7756,15.9059,15.4048,15.4312,9053600
2003-06-25,15.5610,15.8949,15.4662,15.6159,5603000
2003-06-26,15.6458,16.1050,15.6009,16.0351,6310200
2003-06-27,16.1150,16.4643,15.9952,16.2697,10483200
2003-06-30,16.2298,16.4693,15.9203,16.0052,5279600
2003-07-01,15.8604,16.3795,15.8405,16.3795,6495400
2003-07-02,16.3196,16.7737,16.2447,16.7588,8587800
2003-07-03,16.5292,17.1181,16.4244,16.8985,6292400
2003-07-07,17.2179,17.3327,17.0333,17.2928,5855200
2003-07-08,17.1281,17.5678,17.1131,17.4325,6041000
2003-07-09,17.3377,17.5623,17.2279,17.3626,5444800
2003-07-10,17.0931,17.3227,16.9484,17.0981,6003200
2003-07-11,17.0083,17.3077,16.9883,17.2828,4972000
2003-07-14,17.4974,17.7918,17.1630,17.1880,5076200
2003-07-15,17.3127,17.5453,17.2129,17.5174,4326800
2003-07-16,17.5623,17.6371,17.3327,17.5328,5077600
2003-07-17,17.1680,17.5573,17.0083,17.0782,4738600
2003-07-18,17.3427,17.3577,16.5791,16.7188,4560800
2003-07-21,16.7438,16.7937,15.9952,16.2447,6492200
2003-07-22,16.4294,16.9384,16.3845,16.6041,4549400
2003-07-23,16.5991,16.8187,16.2397,16.6639,5088000
2003-07-24,16.8536,16.9285,16.1399,16.2098,3992400
2003-07-25,16.3396,16.5591,16.1100,16.4693,4057000
2003-07-28,16.5092,16.6240,16.3346,16.4493,3540600
2003-07-29,16.3495,16.5142,15.9353,15.9952,8022400
2003-07-30,16.0102,16.0501,15.5810,16.0102,6696200
2003-07-31,16.3346,16.6440,15.9952,16.3346,7607400
2003-08-01,16.1349,16.5691,16.0202,16.2697,5997200
2003-08-04,16.1749,16.7188,16.1200,16.5242,5034800
2003-08-05,16.4244,16.6739,16.0551,16.1848,4676000
2003-08-06,16.1100,16.1349,15.6109,15.7506,6544200
2003-08-07,15.7956,15.9702,15.6458,15.8305,3597800
2003-08-08,15.8055,15.9902,15.6708,15.8604,2886000
2003-08-11,16.5442,16.9135,16.2447,16.5991,8565400
2003-08-12,16.7887,16.9684,16.6041,16.8785,5136400
2003-08-13,16.9933,17.1780,16.6939,17.1580,4310400
2003-08-14,17.1181,17.2529,16.9135,17.1281,3613800
2003-08-15,17.1580,17.3028,16.7887,17.1480,2166200
2003-08-18,17.2379,18.0763,17.2279,18.0713,4348600
2003-08-19,18.0564,18.4107,17.8717,18.3658,5534000
2003-08-20,18.0963,18.4207,18.0214,18.2360,7194400
2003-08-21,18.2161,19.3390,18.2161,19.1838,8845600
2003-08-22,19.1443,19.5586,18.5105,18.6652,6721800
2003-08-25,18.5729,18.9647,18.5454,18.9647,3123400
2003-08-26,18.7101,19.1593,18.2710,19.0345,7147400
2003-08-27,18.9846,19.1144,18.8399,19.0595,2622800
2003-08-28,19.2391,19.4388,18.7850,19.4088,4234600
2003-08-29,19.3440,19.5521,19.1244,19.3789,3067400
2003-09-02,19.5835,19.6883,19.0096,19.6384,7185400
2003-09-03,19.6883,19.9598,19.5336,19.6434,6799000
2003-09-04,19.5685,19.6384,19.1094,19.3440,5509400
2003-09-05,19.1743,19.2541,18.7151,18.9197,6047800
2003-09-08,18.9447,19.3639,18.9347,19.3090,4593600
2003-09-09,19.1843,19.2242,18.9297,18.9796,4778400
2003-09-10,18.8998,18.9297,18.0813,18.1612,9991600
2003-09-11,19.4637,20.1724,19.3140,19.6933,32085600
2003-09-12,19.7183,19.8879,19.3789,19.7282,9612200
2003-09-15,19.7382,19.9079,19.5336,19.5935,4753800
2003-09-16,19.7432,19.9129,19.6434,19.8730,5159000
2003-09-17,19.8231,20.2922,19.8181,20.1974,8869600
2003-09-18,20.2273,20.7563,19.9778,20.7214,6522800
2003-09-19,20.5879,20.7876,20.3782,20.6528,7375800
2003-09-22,20.2384,20.3682,19.8939,20.0088,7061600
2003-09-23,19.9539,20.8330,19.9039,20.6977,6813600
2003-09-24,20.5979,20.7726,20.1286,20.2234,7293600
2003-09-25,20.2734,20.9673,20.2284,20.6228,9736800
2003-09-26,20.4980,20.6478,19.9688,20.2933,8811600
2003-09-29,20.4381,20.7925,19.9039,20.0687,6846200
2003-09-30,19.8540,19.9439,19.2999,19.6643,11578000
2003-10-01,19.7292,20.1635,19.4696,19.8690,12740000
2003-10-02,20.0886,20.2584,19.5744,19.8041,8341400
2003-10-03,20.0188,20.4681,19.9339,20.4032,7002400
2003-10-06,20.4231,20.4880,20.1136,20.4880,5631200
2003-10-07,20.3682,20.6627,20.1835,20.6128,5269600
2003-10-08,20.6378,21.2868,20.6228,21.0172,8578800
2003-10-09,21.2718,21.3966,20.8125,20.9323,6303200
2003-10-10,21.0222,21.1680,20.7276,20.9223,3626000
2003-10-13,21.3417,21.5264,21.1071,21.3617,4165600
2003-10-14,21.2019,21.4565,21.2019,21.3966,3800200
2003-10-15,21.5813,21.7111,21.2568,21.3766,4461400
2003-10-16,21.4216,21.4665,21.1170,21.4116,3339400
2003-10-17,21.5164,21.6862,21.1071,21.1919,6400600
2003-10-20,21.2219,21.3617,20.8225,21.3117,4367800
2003-10-21,21.2868,21.6213,21.1170,21.5364,3803000
2003-10-22,21.3766,21.4815,21.1919,21.2618,5457000
2003-10-23,20.8125,21.2918,20.7876,21.1470,5295200
2003-10-24,21.1220,21.1220,20.4980,20.9723,5082200
2003-10-27,21.4166,21.4815,20.8475,20.9872,4799200
2003-10-28,21.1120,21.6812,20.9223,21.6812,5200600
2003-10-29,21.5214,22.4350,21.3766,22.3002,9542600
2003-10-30,22.4150,22.4649,22.0606,22.1055,7191600
2003-10-31,22.2103,22.3401,21.7211,21.8459,4138200
2003-11-03,22.0755,22.6147,21.8409,22.5398,5943800
2003-11-04,22.1255,22.7046,22.0106,22.3301,5371800
2003-11-05,22.3651,22.6646,22.1155,22.5099,3383400
2003-11-06,22.4949,22.9292,22.4100,22.8793,9120000
2003-11-07,22.9642,23.1539,22.4050,22.4799,7899800
2003-11-10,21.5414,21.9657,21.4166,21.6762,16932000
2003-11-11,21.6163,21.6712,21.2668,21.3317,7043600
2003-11-12,21.4066,21.4665,21.1655,21.3517,7079600
2003-11-13,21.2219,21.5514,21.1170,21.4066,6435000
2003-11-14,21.4615,21.4665,20.4231,20.5130,7294200
2003-11-17,20.4381,20.6128,19.9988,20.1685,6079200
2003-11-18,20.4281,20.7426,19.9938,20.0188,6755800
2003-11-19,20.1735,20.1785,19.5794,19.7691,6964400
2003-11-20,19.5545,19.9738,19.0503,19.1202,10703400
2003-11-21,19.4696,19.7891,19.0253,19.6493,7121400
2003-11-24,20.4681,20.6827,20.0837,20.6677,8721400
2003-11-25,20.8375,20.9373,20.3832,20.4830,5644400
2003-11-26,20.6727,20.7476,20.2184,20.5280,3572800
2003-11-28,20.3682,20.6378,20.3183,20.6228,1628000
2003-12-01,20.7876,21.0721,20.5929,21.0122,5815000
2003-12-02,20.8175,21.1869,20.5629,20.5729,5782800
2003-12-03,20.7526,21.4665,20.7177,20.7975,6139800
2003-12-04,20.7276,20.9473,20.3732,20.7925,4380200
2003-12-05,19.7392,20.0936,19.4197,19.4197,10684600
2003-12-08,19.4447,19.8241,19.3198,19.6843,6597000
2003-12-09,19.7442,19.8231,18.7507,18.8356,9759400
2003-12-10,19.0153,19.4047,18.8406,19.0103,7699800
2003-12-11,19.2150,19.9189,19.0802,19.8590,8793200
2003-12-12,20.9174,20.9174,19.8989,20.0687,20679600
2003-12-15,20.4181,20.4930,18.8056,18.8755,15980400
2003-12-16,18.9804,19.4716,18.9509,19.3847,8025200
2003-12-17,19.3498,19.5295,18.9954,19.5195,5916000
2003-12-18,19.5395,20.2035,19.4946,20.0287,8764800
2003-12-19,19.7542,20.0787,19.2150,19.4097,10400200
2003-12-22,19.4247,19.8989,19.2699,19.8939,5607600
2003-12-23,19.9089,20.1785,19.8640,20.1186,5048800
2003-12-24,20.1186,20.1186,19.8091,19.9688,1214000
2003-12-26,19.9239,19.9988,19.7192,19.8340,1547400
2003-12-29,19.9439,20.0188,19.6543,20.0038,4776200
2003-12-30,19.8890,19.9938,19.6693,19.7791,2948200
2003-12-31,19.8939,19.9189,19.4297,19.5095,4328400
2004-01-02,19.7891,19.8191,19.4047,19.5195,3699600
2004-01-05,19.6194,19.9588,19.2000,19.8690,9367400
2004-01-06,19.8890,19.9588,19.5395,19.8890,5390400
2004-01-07,19.6955,19.8253,19.5307,19.6955,5457800
2004-01-08,19.6805,19.9152,18.9265,18.9764,13034800
2004-01-09,18.8965,18.9564,18.3672,18.5369,12157200
2004-01-12,18.6218,18.7966,18.1574,18.6568,10290000
2004-01-13,18.6468,18.7267,18.4271,18.5719,8316600
2004-01-14,18.7717,18.9115,18.4920,18.5519,5898000
2004-01-15,18.3277,19.3659,18.3022,19.2011,10103000
2004-01-16,19.4758,19.5107,18.9864,19.1262,6686800
2004-01-20,19.4558,19.6206,19.0363,19.2261,6494600
2004-01-21,19.2411,19.3010,18.8815,19.2411,5783200
2004-01-22,19.1112,19.2111,18.5769,18.5769,5726200
2004-01-23,18.8316,19.0763,18.6268,18.9964,7971400
2004-01-26,18.8316,19.1462,18.7667,19.1462,4365000
2004-01-27,19.1911,19.2610,18.7067,18.7717,5251400
2004-01-28,18.8366,18.9564,18.1774,18.2972,7204000
2004-01-29,18.4720,18.4970,17.8678,18.0426,10593400
2004-01-30,19.1012,19.4758,18.7667,19.1262,16114400
2004-02-02,19.2710,19.3110,18.6768,18.8865,7617000
2004-02-03,18.8466,19.0863,18.4521,18.8715,4035000
2004-02-04,18.7667,19.2511,18.5769,18.9365,8140000
2004-02-05,18.9065,19.1362,18.6918,18.8466,4703200
2004-02-06,18.8216,19.5707,18.7267,19.4358,6473800
2004-02-09,19.3809,19.7504,19.3759,19.4159,5233600
2004-02-10,19.4009,19.5557,19.2760,19.3409,3618000
2004-02-11,19.5807,19.7904,19.3759,19.7255,5494800
2004-02-12,19.7804,19.8253,19.6306,19.7035,4558000
2004-02-13,19.5856,19.6855,19.1612,19.2411,4511800
2004-02-17,19.4758,19.6306,19.2361,19.5707,3224000
2004-02-18,19.6006,19.8903,19.3559,19.8603,6689400
2004-02-19,19.8703,20.0401,19.0338,19.1262,6949800
2004-02-20,19.2261,19.2870,18.7767,18.9464,6456600
2004-02-23,18.9564,19.0613,18.0875,18.2773,5915200
2004-02-24,18.3272,18.4720,18.0026,18.1175,6555600
2004-02-25,18.1474,18.2773,17.7529,17.9776,6699200
2004-02-26,18.1824,18.9065,18.0675,18.8316,9185800
2004-02-27,18.8566,18.9614,18.4021,18.6019,4506400
2004-03-01,18.7267,18.9115,18.5220,18.7117,4644200
2004-03-02,18.7117,18.8815,18.6568,18.7517,5128400
2004-03-03,18.6019,18.6768,18.3372,18.4521,4747000
2004-03-04,18.3821,18.4021,18.1374,18.3222,4559400
2004-03-05,18.2423,18.4820,18.1025,18.2074,4051600
2004-03-08,18.2223,18.3122,17.8778,17.8928,4926400
2004-03-09,17.8878,18.2074,17.8728,18.0226,6282200
2004-03-10,17.9527,18.0625,17.4633,17.5032,6031000
2004-03-11,17.4333,17.5432,17.1287,17.1736,6695400
2004-03-12,17.4283,17.8478,17.2785,17.8328,6603200
2004-03-15,17.9027,17.9077,17.4233,17.4982,5678600
2004-03-16,17.6231,17.8578,17.5132,17.6530,5949600
2004-03-17,17.6780,18.2074,17.6780,18.1075,5608800
2004-03-18,18.0775,18.2473,17.8278,18.1125,11964200
2004-03-19,19.7454,20.0151,19.2511,19.9003,39667000
2004-03-22,19.7205,19.9152,19.3759,19.6156,14856000
2004-03-23,19.6955,19.8503,19.2561,19.2810,7369800
2004-03-24,19.2261,19.6955,19.1861,19.3909,8072400
2004-03-25,19.5107,20.0401,19.4608,20.0001,7529000
2004-03-26,19.9465,20.1064,19.7017,19.7267,4849200
2004-03-29,19.8116,20.2063,19.7617,19.9365,5367600
2004-03-30,19.8216,20.1014,19.6718,19.7717,4627600
2004-03-31,19.8516,19.8816,19.5319,19.6318,5058000
2004-04-01,19.7067,20.1813,19.6818,20.1214,7273000
2004-04-02,20.4411,20.4810,19.9965,20.4311,6974800
2004-04-05,20.4311,20.7058,20.3112,20.6559,6183000
2004-04-06,20.3811,20.7807,20.3312,20.7108,5744600
2004-04-07,20.5110,20.9806,20.4610,20.9106,7882600
2004-04-08,21.0305,21.0805,20.7608,20.9756,6668400
2004-04-12,20.8906,21.3802,20.8757,21.2403,6542600
2004-04-13,21.2198,21.2653,20.9456,21.1304,5011600
2004-04-14,20.8007,21.2703,20.7807,21.2703,5257000
2004-04-15,21.2803,21.2803,20.3312,20.6159,5348600
2004-04-16,20.6409,21.1054,20.5060,20.7508,6174000
2004-04-19,20.7108,20.9456,20.5759,20.9256,4341200
2004-04-20,20.9156,21.1054,20.5709,20.5809,4284600
2004-04-21,20.6309,20.9756,20.3312,20.9706,5223800
2004-04-22,20.7907,21.5600,20.7757,21.4901,7073000
2004-04-23,21.3702,21.8647,21.3702,21.8248,6611600
2004-04-26,21.7449,21.8298,21.1704,21.3852,4655200
2004-04-27,21.4501,21.6399,21.1804,21.3852,4504800
2004-04-28,21.2603,21.3053,20.6758,20.7907,5107000
2004-04-29,20.6908,20.8507,20.3611,20.8057,7986200
2004-04-30,20.8257,20.8856,20.4161,20.7308,6406800
2004-05-03,21.6699,22.1545,21.5550,21.9796,13487000
2004-05-04,22.1395,23.4183,22.0046,22.9288,18778000
2004-05-05,22.7339,22.9038,22.3543,22.4492,9760000
2004-05-06,21.7998,22.0296,21.5950,21.9297,10219600
2004-05-07,21.6849,22.2779,21.6799,21.7099,5480200
2004-05-10,21.5850,21.9646,21.4801,21.7399,6216200
2004-05-11,21.9896,22.1495,21.7449,22.0945,5334800
2004-05-12,21.8248,22.0695,21.4202,21.8947,5756000
2004-05-13,21.7548,22.1145,21.6799,21.9147,3611800
2004-05-14,21.9047,21.9547,21.3003,21.3652,4661000
2004-05-17,21.2403,21.4551,20.9056,21.1104,4799000
2004-05-18,21.2953,21.6000,21.1754,21.4851,3925000
2004-05-19,21.7598,22.0446,21.6200,21.7548,5440400
2004-05-20,21.9497,22.3293,21.8448,22.2044,6001600
2004-05-21,22.3443,22.4242,21.8048,22.1894,4142200
2004-05-24,22.2794,22.4292,21.5900,21.7548,5440200
2004-05-25,21.8547,22.4542,21.5550,22.3193,4984600
2004-05-26,22.2893,22.3143,22.0146,22.1045,3781800
2004-05-27,21.9646,22.2494,21.9547,22.1745,3118600
2004-05-28,22.3093,22.3143,21.9147,22.2943,2453400
2004-06-01,21.9996,22.4792,21.9746,22.4392,4656000
2004-06-02,22.5141,22.7289,22.4392,22.6390,5137400
2004-06-03,22.5391,22.6490,22.3043,22.4292,3596600
2004-06-04,22.4342,22.9787,22.4292,22.6890,4641200
2004-06-07,22.8838,23.6581,22.8688,23.6581,8356400
2004-06-08,23.3284,23.5532,23.1835,23.5382,8110200
2004-06-09,23.5432,23.5432,22.9038,22.9537,4749800
2004-06-10,23.0037,23.1985,22.8338,22.9038,3501400
2004-06-14,22.9537,23.0436,22.4492,22.6190,4186200
2004-06-15,22.7639,23.0736,22.7539,22.8239,4452800
2004-06-16,22.3093,22.5541,22.0496,22.3093,9356400
2004-06-17,22.3393,22.4542,22.0745,22.2844,6597600
2004-06-18,21.9347,22.1794,21.2303,21.3452,11138200
2004-06-21,21.4102,21.8997,21.2403,21.7349,7970400
2004-06-22,21.7998,22.0096,21.6449,21.9796,5352400
2004-06-23,21.9796,22.1994,21.8248,22.1844,3558000
2004-06-24,22.0396,22.2294,21.8348,21.8647,5023600
2004-06-25,21.9358,22.2806,21.8809,22.2806,4600200
2004-06-28,22.2806,22.6104,22.1407,22.4055,4368200
2004-06-29,22.4255,22.7953,22.3306,22.7353,4731800
2004-06-30,22.7253,23.3799,22.6454,23.2350,6204600
2004-07-01,23.2000,23.3349,22.9052,22.9352,6325000
2004-07-02,22.7103,23.0501,22.3056,22.5604,4795200
2004-07-06,22.3606,22.4855,22.0458,22.1307,4366400
2004-07-07,22.0907,22.6853,22.0557,22.6454,7165400
2004-07-08,22.4855,22.5854,21.4361,21.6860,8282800
2004-07-09,21.9208,22.2057,21.8559,22.1407,4875400
2004-07-12,22.1057,22.1057,21.6710,21.9558,5984600
2004-07-13,21.9508,22.1457,21.7859,21.8209,4129400
2004-07-14,21.7060,22.1907,21.4112,21.6610,6973400
2004-07-15,21.7459,21.9908,21.6510,21.7010,4413800
2004-07-16,21.9008,21.9358,21.4162,21.5910,5873200
2004-07-19,21.6610,21.9008,21.0764,21.0814,5545600
2004-07-20,21.1513,21.1813,20.8715,21.1813,6766800
2004-07-21,21.2363,21.2713,20.4268,20.4268,5611800
2004-07-22,20.5217,20.6067,19.9821,20.3918,6634200
2004-07-23,20.2619,20.2869,19.9271,20.1620,3216400
2004-07-26,20.2269,20.3918,19.6473,19.8372,5536600
2004-07-27,19.7972,20.2369,19.7772,20.1220,3785600
2004-07-28,19.9421,20.3918,19.8072,20.2019,4694600
2004-07-29,20.3818,20.7216,20.2869,20.7116,5551600
2004-07-30,20.6267,21.2363,20.5367,21.0764,5215000
2004-08-02,20.9615,21.0564,20.6017,20.9714,6156400
2004-08-03,22.0557,22.1557,21.5811,21.5811,14672400
2004-08-04,21.4811,21.9358,21.4411,21.7260,6661600
2004-08-05,21.6360,21.8359,21.5960,21.6610,3874400
2004-08-06,21.4761,21.7110,21.0764,21.1313,4512600
2004-08-09,21.3212,21.5361,21.1913,21.1913,3203400
2004-08-10,21.3562,21.7110,21.2313,21.6810,3497400
2004-08-11,21.4162,21.7709,21.4062,21.7509,4441600
2004-08-12,21.5461,21.7410,21.2713,21.4312,3037800
2004-08-13,21.5411,21.7360,21.4861,21.7210,2924200
2004-08-16,21.9108,22.5854,21.9008,22.4205,7788400
2004-08-17,22.6104,22.7303,22.3006,22.3705,3621200
2004-08-18,22.2256,22.7553,22.2206,22.7453,3088400
2004-08-19,22.6154,22.8952,22.5854,22.6504,4518600
2004-08-20,22.6549,23.1201,22.5904,23.0301,4445400
2004-08-23,23.0951,23.1500,22.6803,22.8003,4114200
2004-08-24,22.9352,23.1151,22.6004,22.8502,2903400
2004-08-25,22.9002,23.1850,22.7153,23.1051,2880400
2004-08-26,22.9452,23.1600,22.8952,23.0651,2130800
2004-08-27,22.9752,23.2750,22.9702,23.1900,1332800
2004-08-30,23.1351,23.1351,22.7253,22.7653,2029400
2004-08-31,22.5754,22.9202,22.5454,22.9202,3908600
2004-09-01,22.7753,23.0651,22.4955,22.8902,3303000
2004-09-02,22.8952,23.4848,22.8352,23.4049,2451000
2004-09-03,23.4648,23.4976,23.1900,23.2500,3794600
2004-09-07,23.2700,23.9096,23.2550,23.6047,5650600
2004-09-08,23.5798,23.9845,23.5598,23.8996,4806800
2004-09-09,23.9395,24.5042,23.9046,24.4592,6735800
2004-09-10,24.4392,24.9339,24.3942,24.9189,4704400
2004-09-13,24.7490,25.0788,24.7240,24.8390,5973400
2004-09-14,24.7990,24.9789,24.6391,24.7590,3701200
2004-09-15,24.5891,24.6441,23.5948,23.7047,8158400
2004-09-16,23.9845,24.0844,23.7547,23.9295,5151400
2004-09-17,24.0195,24.2243,23.9046,24.0545,6471000
2004-09-20,24.0345,24.2693,23.8196,23.9595,5717000
2004-09-21,25.1088,25.3486,24.6141,25.2087,12019400
2004-09-22,24.8439,24.9988,24.3942,24.4042,7899800
2004-09-23,24.4942,24.8489,24.3693,24.6091,4896800
2004-09-24,24.5555,24.6105,24.1506,24.1656,4266400
2004-09-27,24.0707,24.3156,23.8658,23.9207,4618600
2004-09-28,23.9757,24.3955,23.9257,24.3356,5606800
2004-09-29,24.2256,24.8904,24.2256,24.8204,5277000
2004-09-30,24.9053,24.9703,24.4805,24.7254,5418600
2004-10-01,24.7404,24.9903,24.6255,24.9853,6313400
2004-10-04,25.0803,25.5801,24.8704,25.3927,6419600
2004-10-05,25.3502,25.7800,25.2502,25.5501,5263200
2004-10-06,25.4401,25.9300,25.4401,25.8250,3623600
2004-10-07,25.6800,25.7500,25.4401,25.5151,3064400
2004-10-08,25.4951,25.5401,24.7804,24.8554,3925800
2004-10-11,25.0103,25.5801,24.8554,25.4601,4604200
2004-10-12,25.1652,26.1049,25.1203,25.9949,7354800
2004-10-13,25.9999,26.2548,25.5001,25.6251,6409800
2004-10-14,25.6151,25.8950,25.3852,25.6101,4255400
2004-10-15,25.6651,25.9709,25.4501,25.7300,3136200
2004-10-18,25.5851,26.5297,25.5601,26.5247,4483000
2004-10-19,26.4947,26.9346,26.3398,26.7646,5739000
2004-10-20,26.7146,26.9446,26.4098,26.8246,4190600
2004-10-21,26.8846,27.3844,26.6697,27.2394,5139800
2004-10-22,27.2994,27.3294,26.7396,26.8596,5296000
2004-10-25,26.6997,27.2444,26.6947,26.8746,4542400
2004-10-26,26.9346,27.1245,26.6847,26.8496,3899800
2004-10-27,27.1645,28.0291,26.8946,27.9792,9092800
2004-10-28,27.6393,27.9392,27.5293,27.7343,5088800
2004-10-29,27.6743,28.0091,27.3694,28.0041,5136000
2004-11-01,28.1041,28.4840,27.8942,28.1591,4982600
2004-11-02,27.7492,28.7738,27.7492,28.5040,6440000
2004-11-03,28.7539,28.9838,28.4540,28.5689,4819600
2004-11-04,28.4890,29.2387,28.4890,29.0437,4866000
2004-11-05,29.0387,29.3536,28.8088,29.2287,4858000
2004-11-08,29.1437,29.2137,28.8238,28.9188,3532800
2004-11-09,28.9638,29.0337,28.6589,28.6839,4577200
2004-11-10,28.6139,29.1137,28.3640,28.7838,4891400
2004-11-11,28.8138,29.2237,28.5939,29.2037,3091200
2004-11-12,29.1037,29.4736,28.7888,29.4736,3354600
2004-11-15,29.4836,29.5386,29.0637,29.2587,4393800
2004-11-16,29.2387,29.2587,28.7888,29.0737,4458800
2004-11-17,29.0737,29.4936,28.9188,29.2887,4303200
2004-11-18,29.3336,29.7035,29.1887,29.5735,3483400
2004-11-19,29.5835,29.7385,28.7539,28.8988,3289800
2004-11-22,28.8388,29.7185,28.7389,29.7185,3623600
2004-11-23,29.8234,30.3332,29.5136,30.3232,6503000
2004-11-24,29.9634,30.5082,29.8784,30.4232,3372000
2004-11-26,30.5082,30.5432,30.2783,30.3183,998400
2004-11-29,30.4732,30.5382,29.7735,30.3582,3004800
2004-11-30,30.5032,30.5227,30.0683,30.2683,3134200
2004-12-01,30.2783,30.9080,30.2283,30.7831,3639200
2004-12-02,30.8031,31.1629,30.6081,31.1429,2668000
2004-12-03,31.2479,31.5578,31.1429,31.4678,3753000
2004-12-06,31.3379,31.4128,30.8231,30.9785,7276600
2004-12-07,31.3279,31.3529,30.0883,30.1183,6836400
2004-12-08,30.2633,30.4882,29.8634,30.1533,4047600
2004-12-09,30.0034,30.6281,29.6635,30.4032,4185200
2004-12-10,30.3387,30.7881,30.1133,30.4882,3361400
2004-12-13,30.6781,31.5028,30.6781,31.3678,5254400
2004-12-14,31.5278,32.2275,31.4778,32.0676,4812600
2004-12-15,31.8527,31.9876,31.2429,31.3129,6048000
2004-12-16,31.4378,31.6527,30.2733,30.5432,7916800
2004-12-17,29.9234,30.3932,29.6485,30.2128,9217400
2004-12-20,30.1133,30.5582,30.0683,30.3782,5750600
2004-12-21,30.4482,30.6081,30.2463,30.4932,4394800
2004-12-22,30.1733,31.0830,30.1433,31.0180,4994000
2004-12-23,30.9192,31.3891,30.8692,31.3041,3710200
2004-12-27,31.4791,31.4791,31.0042,31.1491,3069800
2004-12-28,31.1342,31.8490,30.9142,31.8490,4102200
2004-12-29,31.8640,31.9440,31.4991,31.6191,2869400
2004-12-30,31.6740,31.8240,31.4041,31.5841,1978000
2004-12-31,31.4941,31.7740,31.2641,31.3641,3580400
2005-01-03,31.4941,31.7440,30.7692,30.8392,5508800
2005-01-04,31.0992,31.1841,29.6744,30.0244,7515400
2005-01-05,30.0444,30.4443,29.8594,29.8594,3566600
2005-01-06,30.1093,30.1643,29.2395,29.3645,6159600
2005-01-07,29.6344,29.7494,28.8446,29.3845,8512400
2005-01-10,29.3945,29.8444,29.3145,29.4045,5133200
2005-01-11,29.4345,29.4945,28.9696,29.0545,5595200
2005-01-12,29.2345,29.5644,28.8296,29.4845,6006400
2005-01-13,29.5994,29.6894,28.9746,29.1045,4701400
2005-01-14,29.3345,29.3645,28.8996,29.1095,5796800
2005-01-18,29.0245,29.2745,28.2947,29.1845,4969000
2005-01-19,29.1545,29.4445,28.8696,28.9346,3978200
2005-01-20,28.8596,29.5494,28.7446,29.0295,5113600
2005-01-21,29.1395,29.1895,28.4946,28.5296,4557600
2005-01-24,28.6646,28.8296,27.6198,27.6898,7229200
2005-01-25,27.8898,28.4197,27.7548,27.7848,4280000
2005-01-26,28.0747,28.2297,27.6698,27.9997,3664000
2005-01-27,28.1647,28.1847,27.6748,28.0797,3578400
2005-01-28,28.2647,28.2647,27.3949,27.7348,5927400
2005-01-31,28.0947,28.6596,27.9248,28.4447,6100600
2005-02-01,28.4447,29.1795,28.4447,28.9446,4639600
2005-02-02,29.8444,31.2641,29.8194,31.1392,11576600
2005-02-03,30.7942,31.7340,30.6492,31.7040,8992200
2005-02-04,31.5091,31.9940,31.2841,31.9890,4477400
2005-02-07,31.9690,31.9690,31.5041,31.7540,3025600
2005-02-08,31.7840,32.1890,31.6191,31.8440,3243200
2005-02-09,31.9740,32.0690,31.1092,31.2891,4060000
2005-02-10,31.4391,31.5591,30.9342,31.3341,2921600
2005-02-11,31.4641,32.1990,31.1741,31.8440,4880400
2005-02-14,31.6191,31.9840,31.4691,31.7290,3112200
2005-02-15,31.7440,32.5539,31.4441,32.4489,6490000
2005-02-16,32.2539,32.4189,31.7840,32.2939,4508400
2005-02-17,32.2939,32.4789,31.2691,31.5291,5308000
2005-02-18,31.7940,31.8440,31.3791,31.4091,2983000
2005-02-22,31.2691,31.8540,30.6642,30.7492,5780600
2005-02-23,30.8442,31.0442,30.6092,30.8692,4143600
2005-02-24,30.7342,30.7692,30.1843,30.6892,6102000
2005-02-25,30.7292,30.8592,30.2943,30.7092,4048200
2005-02-28,30.8742,31.5691,30.5643,30.8692,4434400
2005-03-01,31.0242,31.4691,30.7492,31.1641,3678400
2005-03-02,30.9742,31.5541,30.7792,31.1691,3446600
2005-03-03,31.2291,31.3991,30.8692,31.1691,2851000
2005-03-04,31.5441,32.0940,31.2691,31.8790,4627400
2005-03-07,31.9690,32.8188,31.8940,32.5289,5754000
2005-03-08,32.6139,32.9938,32.3689,32.4689,4204400
2005-03-09,32.4439,32.8838,32.1790,32.2489,4728400
2005-03-10,32.3739,32.7339,32.0640,32.6489,4581600
2005-03-11,32.6889,32.8438,31.9390,32.2040,4915600
2005-03-14,32.3689,32.7688,32.2939,32.6639,3657200
2005-03-15,32.7688,32.7838,32.0740,32.2639,3852800
2005-03-16,32.3189,32.3939,31.3241,31.5891,4047400
2005-03-17,31.8290,32.1090,31.3541,31.9390,5629200
2005-03-18,32.6439,34.1436,32.1240,33.8986,20425000
2005-03-21,33.8986,34.4685,33.0338,33.3437,12055600
2005-03-22,33.4187,33.8436,33.1638,33.1738,6512400
2005-03-23,33.2588,33.6237,33.0838,33.1288,5008000
2005-03-24,33.6300,33.6750,33.2700,33.2700,3907000
2005-03-28,33.4700,33.9050,33.3650,33.5550,4709400
2005-03-29,33.4200,33.9250,32.8750,33.1100,5581400
2005-03-30,33.3200,33.9550,33.2550,33.8650,4752000
2005-03-31,33.9250,34.0000,33.5650,33.5850,4138600
2005-04-01,33.9100,34.2550,33.1550,33.3800,6981800
2005-04-04,33.4200,33.5400,32.7600,33.2900,6260400
2005-04-05,33.3750,33.4800,32.7955,33.4250,5713400
2005-04-06,33.5600,34.4450,33.3950,34.0500,5982800
2005-04-07,34.1350,34.2650,33.7550,34.1950,4335400
2005-04-08,34.2450,34.3000,33.5300,33.6300,4049600
2005-04-11,33.7200,33.7200,33.2950,33.4000,3609800
2005-04-12,33.4450,33.4500,32.8270,33.4500,4588000
2005-04-13,33.1250,33.2750,32.2600,32.5350,4979400
2005-04-14,32.5450,32.6250,31.5450,31.7400,5529000
2005-04-15,31.3750,31.5500,30.3100,30.3300,7890400
2005-04-18,27.9950,28.0000,26.5650,27.3850,41795200
2005-04-19,27.9000,29.3500,27.8250,29.0500,26307600
2005-04-20,29.6500,29.7400,28.3200,28.6250,13933800
2005-04-21,29.1950,29.7250,28.8550,29.6750,11075600
2005-04-22,29.6500,30.2500,29.3400,30.1450,11419600
2005-04-25,30.3750,30.3750,29.5550,30.0200,9964800
2005-04-26,29.8750,30.3750,29.4850,29.5600,7792000
2005-04-27,29.4850,29.7950,28.9500,29.2250,11080000
2005-04-28,28.9850,29.5000,28.7850,29.2350,8002000
2005-04-29,29.5250,29.9050,29.0650,29.7350,7494000
2005-05-02,29.8700,30.1100,28.2700,28.5750,15963400
2005-05-03,28.5050,28.8950,28.4900,28.6450,8433400
2005-05-04,28.8950,29.1100,28.6550,28.7750,5758800
2005-05-05,28.7750,28.8000,28.1400,28.4600,4862000
2005-05-06,28.7650,28.9800,28.4700,28.8500,4868800
2005-05-09,28.9200,29.3600,28.8750,29.3350,5780400
2005-05-10,29.0350,29.1700,28.5450,28.7600,6335000
2005-05-11,28.7500,29.0750,28.3900,28.9650,4784000
2005-05-12,29.0400,29.2400,28.5600,28.8900,4106000
2005-05-13,29.0300,29.1500,28.6950,29.0500,5264400
2005-05-16,29.4900,30.0250,29.3400,29.9550,5666000
2005-05-17,29.8000,29.8900,29.3250,29.8900,4477600
2005-05-18,29.9500,30.6950,29.7250,30.5500,6682200
2005-05-19,30.5500,31.0600,30.5300,31.0600,4286200
2005-05-20,31.0000,31.2400,30.8350,31.1150,4665800
2005-05-23,31.0000,31.6250,30.9350,31.3600,5379200
2005-05-24,31.4200,32.5000,31.2700,32.4200,3250100
2005-05-25,32.2400,32.8000,32.2100,32.7600,6436200
2005-05-26,32.9600,33.1800,32.3000,33.1000,7505900
2005-05-27,33.1500,33.3200,32.9000,33.1700,3499700
2005-05-31,32.9800,33.1900,32.7900,33.1200,4000100
2005-06-01,33.0300,33.4400,32.9000,33.1800,4614700
2005-06-02,33.2300,33.3100,32.8800,33.0900,4160300
2005-06-03,32.9000,33.0000,32.3900,32.5400,3092100
2005-06-06,32.4400,32.7200,32.2100,32.4500,3699100
2005-06-07,32.5100,32.9200,32.1100,32.2600,3782400
2005-06-08,32.4600,32.6700,32.2000,32.2600,3522400
2005-06-09,32.2600,32.7500,32.0900,32.4900,3479200
2005-06-10,32.5900,32.6900,29.9000,31.1300,19257900
2005-06-13,31.2100,31.9200,30.7600,31.6500,6660700
2005-06-14,31.8400,32.0000,31.6300,31.9800,2989400
2005-06-15,32.3900,32.4400,31.4100,32.0000,4741300
2005-06-16,32.0300,32.5000,31.8600,32.4100,6300600
2005-06-17,31.1800,31.3400,30.6000,31.3400,18865500
2005-06-20,31.1100,31.5900,31.0900,31.0900,4111700
2005-06-21,31.0400,31.2000,30.7000,30.7900,5542700
2005-06-22,30.8600,30.9600,30.3400,30.5600,7629900
2005-06-23,30.7400,30.8000,29.9000,30.0500,6166900
2005-06-24,29.9500,30.0900,29.1684,29.2400,5489800
2005-06-27,29.3300,29.4000,28.6320,28.8400,5500400
2005-06-28,29.0400,29.0500,28.2500,28.7000,7905000
2005-06-29,29.0200,29.3400,28.7900,29.1000,6851500
2005-06-30,29.2500,29.2900,28.4900,28.6100,5160600
2005-07-01,28.7400,28.8200,28.3600,28.4500,3144200
2005-07-05,28.3400,28.6900,27.9400,27.9800,6146800
2005-07-06,27.7200,27.8700,26.2500,26.9200,14953400
2005-07-07,26.6700,27.8400,26.6000,27.5100,10982300
2005-07-08,27.6600,28.0200,27.1800,27.9300,5595100
2005-07-11,27.7500,28.0400,27.4300,27.9900,6918600
2005-07-12,28.0500,28.6700,27.8200,28.4500,6189700
2005-07-13,28.6200,29.2100,28.5000,29.0500,8445100
2005-07-14,29.2500,29.4700,28.9000,29.1300,5066600
2005-07-15,29.2500,29.3700,28.6500,28.9000,5425600
2005-07-18,28.7600,29.0500,28.7600,28.8400,3865700
2005-07-19,29.2800,29.4200,28.3700,29.3100,5606200
2005-07-20,29.1700,29.5000,28.8200,29.4600,4380900
2005-07-21,29.3200,29.6800,29.0700,29.5300,5648400
2005-07-22,29.6200,29.8000,29.3800,29.7800,5627000
2005-07-25,29.8000,29.9700,29.5500,29.6500,5300200
2005-07-26,29.3600,29.9900,29.3500,29.7500,5506200
2005-07-27,29.7100,29.9100,29.5100,29.8200,4229600
2005-07-28,29.7100,30.1300,29.5800,30.1100,4637800
2005-07-29,30.1400,30.4000,29.5400,29.6400,4436600
2005-08-01,29.8300,29.8300,29.2300,29.4600,6102400
2005-08-02,28.3700,28.9300,27.7600,28.6200,9790200
2005-08-03,28.5900,28.5900,28.0100,28.1000,7664300
2005-08-04,28.0000,28.0100,26.9000,27.0300,11898900
2005-08-05,26.8900,27.2800,26.8300,27.1000,8451700
2005-08-08,27.2100,27.2500,26.5000,26.7400,7038900
2005-08-09,26.9500,26.9500,26.3800,26.5700,7377300
2005-08-10,26.6200,26.7100,25.8000,25.9100,7209900
2005-08-11,25.9700,26.8200,25.9300,26.6900,6132900
2005-08-12,26.5700,26.8700,26.4200,26.8400,4532200
2005-08-15,26.8800,27.0300,26.6800,26.8500,4644100
2005-08-16,26.8400,26.9000,26.0099,26.1800,5233500
2005-08-17,26.1800,26.9490,26.0800,26.8300,5301600
2005-08-18,26.8300,27.0800,26.5700,26.6000,5716900
2005-08-19,26.5800,26.7600,26.1500,26.1600,4132300
2005-08-22,26.2000,26.3700,26.0000,26.1800,3502200
2005-08-23,26.1900,27.1300,26.0500,27.0500,6003400
2005-08-24,26.9800,28.2300,26.8700,28.0300,9552800
2005-08-25,27.9200,28.0200,27.3400,27.5900,5339500
2005-08-26,27.4800,27.6500,27.2600,27.5300,3610900
2005-08-29,27.2700,27.4400,27.2000,27.3000,2736300
2005-08-30,27.2400,27.2400,26.7900,27.1200,4433400
2005-08-31,27.2200,27.2400,26.9300,27.0400,4153900
2005-09-01,26.9200,27.2100,26.7400,26.8300,4031900
2005-09-02,26.8700,26.9000,26.5400,26.6400,2554400
2005-09-06,26.7500,27.4200,26.7000,27.3500,4027400
2005-09-07,27.3500,27.4900,26.9800,27.1900,3226500
2005-09-08,28.0000,28.1000,27.4300,27.6100,3569100
2005-09-09,27.6000,27.6000,27.2000,27.3000,4055300
2005-09-12,27.4000,27.7100,27.1700,27.2500,5737400
2005-09-13,26.9700,27.1000,26.6699,26.8200,5484200
2005-09-14,27.0000,27.5600,26.6800,27.1900,5133000
2005-09-15,27.1600,27.4000,26.6900,26.9000,6986700
2005-09-16,27.8100,29.5800,27.8000,29.4300,20855500
2005-09-19,29.2700,29.2700,28.4700,28.7200,5557300
2005-09-20,28.6900,28.8295,27.7000,27.7400,4922900
2005-09-21,27.7700,28.0700,27.2700,27.8700,5661300
2005-09-22,27.6900,28.0900,27.1600,27.8800,4776100
2005-09-23,27.7800,28.2000,27.4700,28.0800,3470900
2005-09-26,28.2200,28.6400,28.0200,28.1500,3909300
2005-09-27,28.0700,28.5200,27.9100,28.4000,3602700
2005-09-28,28.5300,29.4800,28.4400,29.0200,7774700
2005-09-29,28.8800,29.8000,28.7100,29.7600,6218100
2005-09-30,29.5500,29.9900,29.2500,29.8500,5145000
2005-10-03,29.5500,30.6600,29.2000,30.6000,9487800
2005-10-04,29.8400,30.4800,29.8100,29.9400,6323700
2005-10-05,29.7600,29.9500,29.2500,29.2800,4889700
2005-10-06,29.2800,29.4000,28.6900,28.9400,5305700
2005-10-07,29.0200,29.1500,28.5900,29.1500,4588000
2005-10-10,29.0400,29.6400,28.9300,29.0900,5657800
2005-10-11,29.0100,29.3200,28.4600,28.5900,5470800
2005-10-12,28.4700,28.9200,28.1600,28.2900,5048900
2005-10-13,28.2000,28.4400,27.8600,28.3000,4861100
2005-10-14,28.6100,30.0300,28.5300,29.9400,8156800
2005-10-17,29.9400,30.5000,29.9400,30.3900,5949600
2005-10-18,30.3700,30.6300,30.2500,30.3600,4650800
2005-10-19,30.3200,30.9900,29.6600,30.9600,8092900
2005-10-20,30.9600,31.0400,30.3400,30.4800,6996200
2005-10-21,30.8000,31.2800,30.5100,31.2100,7835200
2005-10-24,31.0100,32.3600,30.9400,32.3500,7817800
2005-10-25,32.1900,32.3200,31.3600,31.9900,8857300
2005-10-26,32.2100,33.6400,32.0000,32.8801,14979100
2005-10-27,32.3000,32.4000,31.4400,31.7900,6973700
2005-10-28,32.2000,32.3600,31.8700,32.3100,5898000
2005-10-31,32.1700,32.5100,32.0600,32.2500,7293900
2005-11-01,31.8300,32.8600,31.8000,32.8000,4394900
2005-11-02,32.8000,33.0100,32.5300,32.8700,5298000
2005-11-03,32.9800,32.9900,32.2600,32.6800,5619400
2005-11-04,32.6100,33.2000,32.3500,32.4500,4553400
2005-11-07,32.5900,32.6600,32.2600,32.4900,3328800
2005-11-08,32.2600,32.4000,31.9500,32.2700,4243300
2005-11-09,32.3300,32.6000,32.1200,32.4300,2677300
2005-11-10,32.3000,32.7000,32.3000,32.6600,3545600
2005-11-11,32.5400,33.1000,32.5400,32.9100,2727500
2005-11-14,32.8100,33.1000,32.7700,33.0300,2630100
2005-11-15,32.8100,33.3900,32.6900,32.8500,5634400
2005-11-16,32.7400,33.3700,32.7200,33.3000,4248600
2005-11-17,33.0500,33.8000,33.0500,33.8000,4902700
2005-11-18,34.1500,34.2400,33.4300,33.5000,6211400
2005-11-21,33.6400,33.6700,32.8900,33.3300,3594700
2005-11-22,33.2000,33.4700,33.0500,33.4600,4386300
2005-11-23,33.4300,33.9200,33.3500,33.8600,3786700
2005-11-25,33.8200,33.9800,33.4000,33.9100,1417900
2005-11-28,33.7300,33.9300,33.1400,33.2100,4885900
2005-11-29,33.2600,33.4500,32.2900,32.4000,6036300
2005-11-30,32.3000,32.9500,32.0900,32.6100,5133400
2005-12-01,32.7600,33.9600,32.7500,33.8800,5233600
2005-12-02,33.9800,35.6800,33.8200,34.9700,18389400
2005-12-05,34.6000,35.4500,34.4900,35.2500,24980100
2005-12-06,35.7000,37.2500,35.7000,36.9900,15726200
2005-12-07,36.9000,37.0900,35.7400,36.4700,8746300
2005-12-08,36.7400,36.7400,35.6600,36.1300,4993000
2005-12-09,36.2000,36.3600,35.1400,35.6000,6159300
2005-12-12,35.8900,36.4900,34.8400,35.2600,7999300
2005-12-13,35.5800,35.6600,34.3300,34.5400,9613500
2005-12-14,34.4400,34.9900,34.2900,34.5200,5538400
2005-12-15,34.8700,34.9300,33.7500,34.9300,10824000
2005-12-16,36.9800,39.4800,36.9300,38.8200,28749600
2005-12-19,38.5100,39.1100,38.3100,38.4500,10341700
2005-12-20,38.1200,38.4000,37.4500,38.0700,8891900
2005-12-21,37.9600,38.6200,37.3500,37.4500,5592300
2005-12-22,37.4500,37.9100,36.9200,37.4500,4699200
2005-12-23,37.7000,37.9100,36.9100,37.1100,3496500
2005-12-27,37.4500,37.6500,36.8600,36.9400,2766900
2005-12-28,36.9800,37.2600,36.6000,36.8700,2472100
2005-12-29,36.9500,37.3500,36.8300,36.9200,3277800
2005-12-30,36.7600,37.1200,36.6100,36.9600,3348200
2006-01-03,37.2000,38.8000,36.1300,38.5200,12752600
2006-01-04,38.7000,38.8000,37.8000,38.4200,6941100
2006-01-05,38.2600,38.4900,37.5400,38.0700,6731300
2006-01-06,38.5000,39.0200,38.4500,39.0000,8117100
2006-01-09,39.0500,39.0600,37.8700,38.3801,6244300
2006-01-10,38.1000,39.4200,38.0900,38.6099,7480700
2006-01-11,39.1400,39.7300,38.5000,39.3300,6579400
2006-01-12,39.3700,39.9700,39.0800,39.4900,5970300
2006-01-13,39.6400,39.9000,38.5300,38.8400,4857400
2006-01-17,38.7000,39.4700,38.6200,39.4400,4217400
2006-01-18,38.9500,40.1000,38.7800,39.7300,5466500
2006-01-19,39.7100,40.8500,39.5400,40.4600,4450000
2006-01-20,40.5700,40.6200,38.2700,38.4300,6881500
2006-01-23,38.6300,38.8600,37.7900,37.7900,7288600
2006-01-24,37.9500,39.3000,37.8900,39.1300,5848100
2006-01-25,38.5700,39.0400,38.1400,38.9600,4718400
2006-01-26,39.1500,39.4500,38.2200,38.7700,4958300
2006-01-27,38.8400,40.1300,38.7200,40.0800,6414400
2006-01-30,40.1900,40.1900,39.1600,39.3500,4767600
2006-01-31,39.3300,40.0500,39.0600,39.7300,4903900
2006-02-01,39.4000,40.5900,39.1700,40.5100,4548500
2006-02-02,40.1500,40.1500,38.8300,39.3900,5782000
2006-02-03,39.1200,39.4400,38.3800,39.2000,3519400
2006-02-06,39.0500,39.8800,38.9200,39.5200,2741600
2006-02-07,39.5000,39.9800,38.8700,39.2600,3611400
2006-02-08,39.3500,39.7600,38.6400,38.8000,3797300
2006-02-09,38.8000,38.9200,37.9300,38.1200,3917500
2006-02-10,37.9800,38.9400,37.2500,38.6900,6634400
2006-02-13,38.3500,39.0600,37.6200,38.1900,4432000
2006-02-14,38.2500,38.3600,37.5000,38.1300,3617600
2006-02-15,37.9700,38.4800,37.0500,37.6500,4409200
2006-02-16,37.8800,38.5900,37.6700,38.5800,6382300
2006-02-17,38.4000,38.6900,37.6800,37.8000,3349500
2006-02-21,37.7100,38.3600,37.5200,38.1000,4945800
2006-02-22,38.2600,39.0700,38.0900,38.7600,3403400
2006-02-23,38.7200,39.3400,38.2901,38.7700,2946800
2006-02-24,38.7600,39.0100,38.0900,38.3400,2480600
2006-02-27,38.4900,39.5000,38.2700,39.1900,2846400
2006-02-28,38.9300,39.1400,38.2000,38.5500,3722900
2006-03-01,38.5200,39.1700,38.4000,39.0400,2789300
2006-03-02,38.8000,39.2600,38.5000,38.8100,2358100
2006-03-03,38.5000,39.5000,38.3000,39.0500,4552100
2006-03-06,39.0500,39.3100,38.2000,38.4300,2926900
2006-03-07,38.3600,38.5000,37.9600,38.1100,2961700
2006-03-08,37.9900,38.2400,37.4872,37.7800,2890000
2006-03-09,38.0100,38.5200,37.3300,37.4400,3284800
2006-03-10,37.2000,37.8900,36.6000,37.2100,3641400
2006-03-13,37.0000,37.3800,36.7300,37.1400,3518100
2006-03-14,37.1000,38.0100,36.9600,37.4000,3586200
2006-03-15,37.6400,37.7600,36.9500,37.0800,4335800
2006-03-16,37.0000,37.3500,35.9100,35.9300,6438900
2006-03-17,35.9900,36.2400,35.6100,35.9800,6477300
2006-03-20,35.9400,36.8800,35.9400,36.5500,3819200
2006-03-21,36.4200,37.3600,36.2000,36.3500,5120100
2006-03-22,36.7000,36.8600,36.1800,36.6200,5685000
2006-03-23,35.5800,36.6100,35.3900,36.3300,16921800
2006-03-24,36.3300,36.8500,36.1200,36.4900,5143400
2006-03-27,36.2500,36.4800,35.6900,35.7900,5469700
2006-03-28,35.8100,36.1500,35.3100,35.5200,5030600
2006-03-29,35.5600,36.2900,35.3900,35.9500,4559500
2006-03-30,36.3700,36.3700,35.2000,35.3100,10552500
2006-03-31,35.3100,35.7500,34.9100,34.9500,5032000
2006-04-03,35.1800,36.2000,34.9700,35.7000,4931500
2006-04-04,35.8700,36.3000,35.7000,36.2100,3711400
2006-04-05,36.2700,36.2700,35.8800,35.9900,3802000
2006-04-06,35.8600,36.4100,35.6000,36.1000,3077100
2006-04-07,36.1800,37.2100,36.1000,36.9500,6005600
2006-04-10,36.8600,37.7500,36.7900,37.5000,5597800
2006-04-11,37.3600,37.6500,37.0000,37.2800,3682400
2006-04-12,37.0000,37.3500,36.7500,36.9700,2682300
2006-04-13,36.8800,37.1500,36.6400,36.8300,3127100
2006-04-17,36.6300,37.4300,36.5100,36.8900,4478200
2006-04-18,36.9400,37.5700,36.5000,37.3500,3383300
2006-04-19,37.3200,37.6700,37.1800,37.5700,2542100
2006-04-20,37.7900,38.2400,37.0000,37.6800,2871500
2006-04-21,38.0000,38.2000,37.2500,37.4600,3546500
2006-04-24,37.4300,37.5200,36.9000,37.2000,2524800
2006-04-25,37.5600,37.9200,37.4200,37.6600,3876500
2006-04-26,37.8100,38.3700,37.6500,38.1500,3116100
2006-04-27,37.8300,39.8700,37.7000,39.4500,7724900
2006-04-28,39.4700,39.7800,39.2000,39.2000,7135100
2006-05-01,39.1500,39.2100,37.7100,38.1700,6126500
2006-05-02,38.3400,39.0500,38.2500,38.3500,6047000
2006-05-03,35.9000,36.0900,34.3100,35.0600,26880100
2006-05-04,34.9500,35.0000,33.8200,34.3200,11776400
2006-05-05,34.6900,34.7200,34.1100,34.1800,5556500
2006-05-08,34.1800,34.4000,33.6200,33.6900,4765100
2006-05-09,33.7500,33.9900,33.1700,33.2400,5894100
2006-05-10,33.1600,33.8700,33.1000,33.3800,5692100
2006-05-11,33.3000,33.5200,32.4000,32.6300,5574400
2006-05-12,32.2600,32.5900,31.5800,31.9200,3774800
2006-05-15,31.8600,32.3910,31.7000,32.1900,4183000
2006-05-16,32.7000,32.9300,32.2200,32.3000,6041000
2006-05-17,32.0100,32.2000,31.1600,31.2000,8507200
2006-05-18,31.3500,31.4300,29.9500,30.1700,11530700
2006-05-19,30.2500,30.8890,29.9600,30.3100,9014300
2006-05-22,30.1000,30.3500,29.7500,29.9100,6050900
2006-05-23,30.0300,30.3000,28.8100,29.0200,10165700
2006-05-24,29.0100,29.8700,28.7800,29.2700,8317100
2006-05-25,29.5800,29.5800,28.8800,29.1400,5931200
2006-05-26,29.3200,29.3400,28.7900,28.9800,4817200
2006-05-30,28.7800,28.9500,28.3000,28.3500,6254800
2006-05-31,28.4700,28.8400,28.4200,28.6300,10918400
2006-06-01,28.6800,28.8500,28.4600,28.7200,6657600
2006-06-02,28.9700,29.2000,28.7500,29.0000,6208300
2006-06-05,28.9800,29.6900,28.7900,29.4700,13922600
2006-06-06,29.5000,29.9800,29.2500,29.8400,9259700
2006-06-07,29.9900,29.9900,28.6700,28.8200,9093400
2006-06-08,28.4700,29.0300,27.5000,27.8500,11438300
2006-06-09,28.0300,28.6700,27.8800,28.1300,5666300
2006-06-12,28.8000,29.3900,28.3100,28.8400,9297600
2006-06-13,29.1400,29.4100,28.7700,28.9800,8449600
2006-06-14,29.1000,29.1000,28.3500,28.5700,7216000
2006-06-15,28.8800,29.0900,27.7500,28.9600,15317500
2006-06-16,28.6700,29.9300,28.5900,29.1200,30388500
2006-06-19,29.1300,29.2500,28.5000,28.7800,10921300
2006-06-20,28.7700,29.8300,28.7700,29.5300,6609700
2006-06-21,29.6400,30.2200,29.5200,29.8800,7332900
2006-06-22,30.5000,30.9100,29.9400,30.7900,11035300
2006-06-23,30.7100,31.0800,30.3400,30.6000,5483300
2006-06-26,30.5700,30.9000,30.3400,30.6900,3771800
2006-06-27,30.7900,31.0000,29.7400,29.9400,5527700
2006-06-28,30.2000,30.2200,29.5300,30.0600,4333800
2006-06-29,30.3500,30.4800,29.8500,30.4000,6956600
2006-06-30,30.8200,30.9000,30.3300,30.3600,3673300
2006-07-03,30.6100,30.7800,30.4000,30.6400,1246800
2006-07-05,30.3100,30.5150,29.5400,29.8600,4817000
2006-07-06,29.8100,30.0500,29.2700,29.5900,2568300
2006-07-07,29.4200,29.6600,28.9400,29.4200,4108900
2006-07-10,29.5400,29.8000,29.1200,29.2600,3097700
2006-07-11,28.9800,29.7000,28.9000,29.5500,4368900
2006-07-12,29.5900,29.6500,27.8400,28.5600,8428700
2006-07-13,28.2500,28.6700,27.6900,28.1000,6422000
2006-07-14,27.9500,28.9900,27.9400,28.0100,4003400
2006-07-17,27.8500,28.1000,27.2000,27.5900,4195500
2006-07-18,27.5200,28.0700,27.3300,27.6900,4542000
2006-07-19,27.6200,28.6901,27.5800,28.4100,4028000
2006-07-20,28.2500,28.3400,27.6600,28.0200,3660200
2006-07-21,27.8300,28.0900,27.5900,27.6500,4445200
2006-07-24,27.6700,27.9000,26.9200,27.3800,6525400
2006-07-25,27.3300,27.6300,26.7000,27.2200,6757100
2006-07-26,26.7000,27.3400,25.9800,26.8900,7015700
2006-07-27,26.9300,27.3500,26.4400,26.4700,4668800
2006-07-28,26.8700,27.8400,26.5500,27.6300,5565700
2006-07-31,27.5300,28.5600,27.2300,28.5100,5824400
2006-08-01,28.4000,28.9700,28.0000,28.3400,6898600
2006-08-02,30.0000,32.5800,29.9900,32.2800,12151100
2006-08-03,31.5500,32.6500,31.3000,32.5300,6407800
2006-08-04,32.6000,32.7400,31.5000,31.7200,5481600
2006-08-07,31.6300,32.0000,31.1300,31.7900,3815900
2006-08-08,32.0100,32.7000,31.7100,31.9500,4080200
2006-08-09,32.1400,32.4900,31.3500,31.4500,3558800
2006-08-10,31.5300,32.3700,31.4400,32.2000,3010100
2006-08-11,31.5300,32.2700,31.5200,31.8500,3479800
2006-08-14,32.1900,32.8900,31.9000,32.5100,3625900
2006-08-15,32.7000,34.0000,32.6400,33.9540,6188500
2006-08-16,34.0000,34.1200,33.2800,33.9900,4771400
2006-08-17,33.7500,34.1900,33.4500,34.0100,5097100
2006-08-18,34.0000,34.5500,33.7600,34.0700,4059100
2006-08-21,33.8000,33.9900,33.1800,33.1800,3575500
2006-08-22,33.1700,33.4700,32.3100,32.7800,5448000
2006-08-23,32.9100,32.9900,32.1400,32.4100,2674100
2006-08-24,32.7300,32.7700,32.2700,32.6300,1807000
2006-08-25,32.4100,32.9600,32.4100,32.5300,2143800
2006-08-28,32.4300,33.0000,32.2600,32.8600,2565100
2006-08-29,32.9200,32.9800,31.5100,31.8600,6086100
2006-08-30,31.8100,32.1300,31.7500,32.0500,4485900
2006-08-31,32.2300,32.7500,32.0100,32.4400,4030100
2006-09-01,32.4400,33.0400,32.0000,32.3300,2375400
2006-09-05,32.1500,32.9500,32.0000,32.6700,2343500
2006-09-06,32.4000,32.8700,32.0000,32.7190,3869100
2006-09-07,32.4900,32.7300,31.4900,31.5000,4359500
2006-09-08,31.6000,32.1400,31.0100,31.8100,3510100
2006-09-11,31.4200,32.3700,31.0000,31.8400,3426500
2006-09-12,31.7900,32.9900,31.4100,32.7700,3801100
2006-09-13,32.6700,33.6000,31.9400,33.5300,5773400
2006-09-14,33.5400,33.8100,32.9500,33.6500,8652700
2006-09-15,36.6200,38.1900,36.5000,37.0000,33444300
2006-09-18,36.2300,37.7700,36.2300,37.5100,9228200
2006-09-19,37.3300,37.7500,36.9000,37.3400,5716100
2006-09-20,37.3300,37.8100,37.2800,37.7000,7012000
2006-09-21,37.8300,38.1200,37.0600,37.4000,4671600
2006-09-22,37.4000,37.7300,36.5600,37.0600,5190800
2006-09-25,37.1400,38.5000,37.0700,38.1900,10304500
2006-09-26,38.1900,38.5000,37.6200,37.6700,5634200
2006-09-27,37.7000,38.6100,37.6000,38.0600,5003600
2006-09-28,38.2200,38.6000,37.5800,38.3300,3447900
2006-09-29,38.1500,38.3800,37.4300,37.4600,4248100
2006-10-02,37.5400,37.8200,36.8000,37.0000,3678100
2006-10-03,36.8800,37.6400,36.7300,36.8900,4116600
2006-10-04,36.7500,37.9100,36.6900,37.7600,6851500
2006-10-05,37.5600,38.4080,37.5400,38.1800,4271600
2006-10-06,38.2500,38.3000,37.5700,38.1500,3142200
2006-10-09,38.0800,38.2200,37.2700,37.3900,3835200
2006-10-10,37.4300,37.9800,37.2300,37.7700,3518600
2006-10-11,37.5500,37.7600,36.7500,37.1200,5059500
2006-10-12,37.2500,38.2600,37.1400,38.2100,5903300
2006-10-13,38.0500,39.4300,38.0500,39.0700,12661100
2006-10-16,38.7500,38.8000,38.1400,38.2500,5956100
2006-10-17,37.9100,38.3000,37.5000,38.1200,3523800
2006-10-18,38.4700,38.8800,37.9800,38.5300,3682000
2006-10-19,38.4500,39.0300,37.8300,38.4900,3913400
2006-10-20,38.5200,38.7850,37.7500,38.2000,3021000
2006-10-23,38.0700,38.6500,38.0000,38.5800,3502700
2006-10-24,38.5000,38.5900,37.7000,38.0900,5458300
2006-10-25,39.3300,39.6000,38.6300,38.9400,6393800
2006-10-26,39.2000,39.6100,38.6500,39.3600,5027100
2006-10-27,39.3500,39.3500,38.2300,38.5700,4635000
2006-10-30,38.5400,38.7400,37.9100,38.0300,3764200
2006-10-31,38.1100,38.4700,37.4900,38.2500,4244000
2006-11-01,38.4000,38.5900,37.2800,37.7600,4062800
2006-11-02,37.5500,37.9800,37.2498,37.6600,2879700
2006-11-03,37.6400,37.9500,37.2700,37.7500,2836900
2006-11-06,37.8900,38.7400,37.7700,38.5400,3555600
2006-11-07,38.9600,39.9700,38.4500,39.6100,6360400
2006-11-08,39.4300,40.0000,39.2500,39.8100,4519300
2006-11-09,39.8100,39.9800,39.5100,39.6900,2829800
2006-11-10,39.4300,39.7100,39.1500,39.4100,2407100
2006-11-13,39.2000,40.2300,38.8900,40.0900,4013800
2006-11-14,40.1400,40.5400,39.7100,40.5100,4286300
2006-11-15,40.6700,41.5900,40.5500,41.3900,5877700
2006-11-16,41.3400,41.9700,41.2900,41.8500,5229500
2006-11-17,41.4950,41.5400,40.9500,41.4500,6077600
2006-11-20,41.1800,41.3600,40.5200,41.3100,5105100
2006-11-21,41.9600,42.7500,41.9200,42.5500,8569400
2006-11-22,42.5000,42.5500,41.3500,41.8100,4403600
2006-11-24,41.4700,41.8500,41.3300,41.5400,1125700
2006-11-27,41.3200,41.3700,40.0600,40.2200,4048400
2006-11-28,39.9300,40.0900,39.4700,39.9100,3888400
2006-11-29,40.0800,40.3800,39.6400,40.0000,3909900
2006-11-30,39.7000,40.6900,39.5000,40.1600,5205700
2006-12-01,40.1600,40.1800,38.6400,39.3500,5062400
2006-12-04,39.5400,40.0000,39.0700,39.2900,3988500
2006-12-05,39.6200,39.6200,38.7200,39.1500,3600000
2006-12-06,39.1500,39.4300,38.3300,38.5400,4298000
2006-12-07,38.7600,38.8500,37.6100,37.7500,5653500
2006-12-08,38.1500,39.3900,37.9900,38.8800,5687500
2006-12-11,39.6900,40.3600,39.1800,39.9800,7320600
2006-12-12,39.9500,40.0900,39.3400,39.9700,4872200
2006-12-13,40.5950,40.7500,39.5300,40.3000,4541800
2006-12-14,40.4600,41.5900,40.0500,40.8100,12668000
2006-12-15,43.1500,43.2200,42.2200,42.8100,19193400
2006-12-18,42.4450,42.5500,41.0500,41.2900,7575000
2006-12-19,40.7700,41.5500,40.4500,41.4500,5763400
2006-12-20,42.2900,42.4400,41.6000,41.8700,5123500
2006-12-21,42.0100,42.0400,40.9900,41.3800,3064000
2006-12-22,41.3200,41.6200,40.5800,40.7500,2459400
2006-12-26,40.7500,41.5500,40.7500,41.4400,2332300
2006-12-27,41.7600,41.8900,41.3500,41.7900,2921000
2006-12-28,41.7800,41.8400,41.2500,41.5300,3036700
2006-12-29,41.3600,41.8000,41.0000,41.1200,2687200
2007-01-03,40.7200,41.3200,38.8900,39.9200,7126000
2007-01-04,39.8800,41.0000,39.4300,40.8200,4503700
2007-01-05,40.7800,40.9000,40.1200,40.6200,2730200
2007-01-08,40.4100,40.9700,40.1300,40.4500,5234800
2007-01-09,40.5000,40.5100,39.3800,39.6300,5672900
2007-01-10,39.1500,39.5900,38.7300,39.2200,5652600
2007-01-11,39.4000,40.3800,39.2400,39.8800,4358600
2007-01-12,39.6500,40.2000,39.5000,39.9600,3682900
2007-01-16,40.2500,40.7500,39.8100,40.0500,5154000
2007-01-17,40.0300,40.5500,39.8000,40.2000,3588200
2007-01-18,40.1000,40.4000,38.4200,38.5700,5253800
2007-01-19,38.3200,38.5700,37.5000,38.4000,8014400
2007-01-22,38.4400,38.6300,37.2000,37.8300,6619400
2007-01-23,37.6500,37.9600,37.3700,37.5200,4659000
2007-01-24,38.0000,39.7400,37.9300,39.6900,7193900
2007-01-25,39.7200,39.9700,38.8400,39.1300,5774000
2007-01-26,39.1700,39.6600,38.6600,39.2600,4162300
2007-01-29,39.3990,39.7500,38.9100,39.3500,3994000
2007-01-30,39.5500,39.5500,38.8300,39.0100,5017100
2007-01-31,38.8800,39.1300,38.2800,38.8700,4714500
2007-02-01,38.9100,38.9900,38.3200,38.7600,4656800
2007-02-02,39.0500,39.2100,38.4200,38.9700,3222700
2007-02-05,39.0400,39.0600,38.3800,38.4400,3153200
2007-02-06,39.0800,39.2000,38.0000,38.4600,6089100
2007-02-07,38.6500,38.8500,38.0300,38.1500,4215200
2007-02-08,38.1800,38.4000,37.9300,38.0500,3965100
2007-02-09,38.2000,38.3400,37.4500,37.6800,4413100
2007-02-12,37.9900,38.1900,37.4700,38.0900,6753800
2007-02-13,38.5900,39.0700,38.3000,38.4300,7579700
2007-02-14,38.4400,38.7000,38.4200,38.6000,10016000
2007-02-15,38.7200,39.3000,38.3400,39.2500,5954600
2007-02-16,39.4800,40.4300,39.2200,40.2700,9257600
2007-02-20,40.0900,40.7600,39.5000,40.7400,5092100
2007-02-21,40.5200,41.0400,40.5100,40.9500,5482200
2007-02-22,40.9700,41.1000,40.2300,40.8100,4425800
2007-02-23,40.9000,40.9600,40.2430,40.6300,3388600
2007-02-26,40.6500,40.9900,40.1300,40.8700,3723600
2007-02-27,40.1600,40.4400,38.6400,38.9200,8081800
2007-02-28,38.2100,39.6200,38.2100,39.2500,6130400
2007-03-01,38.5000,39.6400,38.3000,39.2600,5726400
2007-03-02,38.8000,39.8300,38.6500,38.6600,6431600
2007-03-05,38.4000,39.4000,38.3000,38.5220,5129400
2007-03-06,39.0500,39.4000,38.5800,39.0400,6103400
2007-03-07,38.7000,39.2700,38.5800,38.7400,4392800
2007-03-08,39.2000,39.3500,38.9600,39.0800,4564600
2007-03-09,39.4700,39.4800,38.9000,39.1700,3252700
2007-03-12,39.0100,39.7000,39.0000,39.6400,3340100
2007-03-13,39.3100,39.6000,38.6500,38.6500,5787100
2007-03-14,38.5700,39.3100,38.4000,39.3000,4359100
2007-03-15,39.2500,39.5200,38.5700,38.6200,5087700
2007-03-16,38.2000,39.5600,38.2000,39.1700,7545200
2007-03-19,39.8000,40.5700,39.6000,40.2400,4909900
2007-03-20,40.4000,41.1200,40.0220,40.7400,8529700
2007-03-21,42.6000,43.3000,42.0300,43.3000,18238600
2007-03-22,42.8800,43.1000,42.6200,42.8600,10115900
2007-03-23,43.0000,43.0900,42.5600,42.7900,6467400
2007-03-26,42.9400,43.3100,42.1400,43.1600,6614500
2007-03-27,43.5400,43.9500,42.6900,42.9000,7792700
2007-03-28,42.6000,42.7899,41.5500,41.5800,11530200
2007-03-29,42.2100,42.2100,40.7800,41.5300,8960300
2007-03-30,41.3700,41.7700,40.8900,41.7000,5511700
2007-04-02,41.5600,41.9200,41.0300,41.6500,5393800
2007-04-03,42.0600,42.6600,41.9000,42.3500,7131400
2007-04-04,42.1100,42.7000,42.1000,42.7000,4520600
2007-04-05,42.6900,42.8800,42.0800,42.6100,4781700
2007-04-09,42.7490,42.9600,42.3400,42.7000,3474400
2007-04-10,42.6400,43.0600,42.6000,43.0000,4020000
2007-04-11,42.8500,43.0000,41.8800,42.1000,4706300
2007-04-12,42.1100,42.4900,41.8600,42.4000,3639300
2007-04-13,42.2000,42.2000,41.1700,41.6400,7802500
2007-04-16,42.8300,42.9000,42.2300,42.4000,7416300
2007-04-17,42.5300,43.0100,41.8800,43.0000,6449300
2007-04-18,42.8300,43.0800,42.3700,42.9700,5553500
2007-04-19,42.6600,42.7800,42.1000,42.3900,4728800
2007-04-20,42.9400,43.0000,42.0000,42.1400,7892100
2007-04-23,42.1900,42.4000,42.0190,42.1600,4665900
2007-04-24,42.2300,42.7300,42.0200,42.5000,4746000
2007-04-25,42.6500,42.8300,42.1600,42.7100,4254800
2007-04-26,42.5400,43.5500,42.3900,43.2600,8179100
2007-04-27,43.0200,43.6600,42.4900,42.8900,5435800
2007-04-30,42.7500,42.9700,41.5600,41.5600,6962200
2007-05-01,41.6700,41.8700,40.8200,41.7300,5909400
2007-05-02,41.6500,41.8500,41.4400,41.5100,5275200
2007-05-03,41.6000,41.7500,41.0900,41.2000,4452600
2007-05-04,41.5000,41.7000,41.0600,41.3300,3554500
2007-05-07,41.3300,41.5900,41.0100,41.3100,3836300
2007-05-08,41.3300,41.5800,40.9100,41.3700,6516500
2007-05-09,41.2000,41.4600,40.8000,41.2600,8179500
2007-05-10,41.1000,41.5600,40.5800,40.6600,7098000
2007-05-11,40.9100,41.8300,40.6700,41.7000,9704100
2007-05-14,41.7500,42.4700,41.3800,41.8100,8094900
2007-05-15,41.9800,42.2300,41.1100,41.3700,6743700
2007-05-16,41.7400,42.2900,41.6100,42.2900,7193400
2007-05-17,42.1200,42.8900,41.7300,42.4200,8927200
2007-05-18,42.5500,43.6200,42.3700,43.5900,9544200
2007-05-21,43.9400,44.0000,43.0300,43.2500,6628600
2007-05-22,43.2100,44.0000,43.2100,43.5900,5495500
2007-05-23,43.6000,43.8000,43.1500,43.2300,4334100
2007-05-24,43.3500,43.4000,41.6800,41.9900,7227200
2007-05-25,42.2200,42.5900,42.0800,42.3800,3633000
2007-05-29,42.3400,43.2620,42.3400,42.8700,5429900
2007-05-30,42.4700,43.2200,42.2000,43.2200,4574500
2007-05-31,43.9500,44.9200,43.6500,44.0601,8689800
2007-06-01,44.1500,44.8800,44.1200,44.5300,4932400
2007-06-04,44.4800,44.7600,44.0100,44.5800,4132800
2007-06-05,44.3300,44.5000,43.9500,44.3400,4667300
2007-06-06,44.1900,44.1900,43.4300,43.6400,5220000
2007-06-07,43.3900,43.7020,42.5200,42.7200,5676700
2007-06-08,42.4500,43.1100,42.4500,43.0400,5390200
2007-06-11,43.2000,43.5300,42.8600,42.9900,5431500
2007-06-12,42.6000,43.3900,42.4500,42.7300,5659200
2007-06-13,43.1600,44.1300,42.9000,44.1100,7711800
2007-06-14,44.3000,44.5000,43.6500,43.9600,11963300
2007-06-15,44.4300,44.5000,42.4300,42.7500,21342400
2007-06-18,42.6500,42.9400,42.3500,42.6700,5937400
2007-06-19,42.3000,42.7500,42.1500,42.4800,4917400
2007-06-20,42.4100,42.5400,41.3000,41.3700,8754900
2007-06-21,41.2700,41.8900,40.5000,41.5300,7481100
2007-06-22,41.3000,41.6200,40.6200,40.8400,6877100
2007-06-25,40.8400,41.1100,40.1700,40.3400,7579400
2007-06-26,40.0300,40.1200,39.2500,39.8400,14366100
2007-06-27,39.9700,40.5100,39.7900,40.4700,7707800
2007-06-28,40.3600,40.7800,39.9900,40.4200,8004600
2007-06-29,40.5600,40.6600,39.8200,40.1500,6536600
2007-07-02,40.1500,40.3400,39.8700,40.1600,5349200
2007-07-03,40.1600,40.7600,40.1400,40.7100,3545700
2007-07-05,40.8000,41.0100,40.0800,40.9300,5362800
2007-07-06,41.0000,41.2000,40.6300,41.0200,4612400
2007-07-09,40.9700,40.9800,40.4200,40.7200,5482800
2007-07-10,40.6000,40.7300,40.2800,40.3600,4472100
2007-07-11,40.2700,40.9700,40.2000,40.8400,4827400
2007-07-12,40.9400,41.5500,40.6000,41.5500,7919600
2007-07-13,41.3500,41.5000,40.8400,41.1800,4513100
2007-07-16,41.0400,41.2600,40.8500,41.0600,4075800
2007-07-17,41.1000,41.7400,40.8200,41.4600,6272600
2007-07-18,41.2500,41.8100,40.9100,41.4100,8028500
2007-07-19,41.3100,42.5400,41.3100,42.2000,9162600
2007-07-20,42.4100,42.5000,41.2000,41.6400,8530900
2007-07-23,41.8700,42.8500,41.7900,42.3600,8853700
2007-07-24,42.1700,42.7300,41.6500,41.7800,6720600
2007-07-25,41.9700,42.1200,41.4100,41.7200,5081700
2007-07-26,41.1500,42.0000,40.3000,41.1900,8102300
2007-07-27,41.2100,41.2100,40.2600,40.3900,8914800
2007-07-30,40.7900,41.0900,40.1300,40.8900,8400500
2007-07-31,41.0200,41.3000,40.1100,40.2900,8404100
2007-08-01,40.2900,40.4900,38.5700,39.5800,15048500
2007-08-02,39.4000,39.8000,39.0500,39.5200,6714400
2007-08-03,39.4700,39.6600,38.7000,38.7500,7005100
2007-08-06,38.7100,39.7700,38.5400,39.3800,7147600
2007-08-07,39.0800,39.9100,38.6100,39.4200,6868500
2007-08-08,39.6100,40.6700,39.5000,40.2300,6291900
2007-08-09,39.9000,41.7400,39.8600,40.7500,7370400
2007-08-10,41.3000,41.6200,40.1000,41.0600,6520400
2007-08-13,41.0000,41.1300,40.2600,40.8300,4825100
2007-08-14,41.0100,41.0500,40.1800,40.4100,4473000
2007-08-15,40.2200,41.2500,40.1200,40.1800,5243300
2007-08-16,39.8300,40.5600,39.2800,39.9600,6648800
2007-08-17,40.1800,40.4800,39.3200,40.3200,9159800
2007-08-20,40.5500,40.8500,39.9400,40.7400,4379900
2007-08-21,40.4100,40.9500,39.8700,40.1300,4788600
2007-08-22,40.4000,41.0000,40.2000,40.7700,4412000
2007-08-23,40.8200,40.9900,40.3300,40.6000,3601800
2007-08-24,40.5000,40.6500,39.8000,40.4100,6490800
2007-08-27,40.4100,41.1100,40.2500,40.8100,4675000
2007-08-28,40.6600,41.6400,40.6600,40.8700,6711000
2007-08-29,41.3900,42.3600,41.1300,42.2500,7249600
2007-08-30,42.2000,43.0400,41.9000,42.2200,5807700
2007-08-31,42.7500,42.9900,42.5100,42.7500,4191400
2007-09-04,42.7500,43.7500,42.6800,43.4500,5810700
2007-09-05,43.2200,43.9000,43.2200,43.7500,5658700
2007-09-06,43.9100,43.9900,43.5000,43.7200,3718100
2007-09-07,43.3400,43.4200,42.5300,42.9600,5277000
2007-09-10,43.1400,43.8000,43.0300,43.2200,5199800
2007-09-11,43.3900,43.7800,43.3200,43.7400,4756100
2007-09-12,43.6800,43.9900,43.4000,43.7800,4094500
2007-09-13,43.9900,44.0000,42.9700,43.3100,6436900
2007-09-14,43.0700,43.6500,42.9000,43.4100,5057500
2007-09-17,43.7100,43.7500,42.5500,43.0600,12499300
2007-09-18,44.5300,44.8000,42.9100,43.7100,20897500
2007-09-19,43.5500,44.0800,43.3000,43.8300,11192100
2007-09-20,43.6400,44.0000,42.4400,42.8000,12614200
2007-09-21,42.9100,43.3700,41.7100,41.9500,13267000
2007-09-24,41.7600,42.2900,41.2600,41.5000,11032300
2007-09-25,41.2600,43.0000,41.2584,42.7400,11945900
2007-09-26,43.0900,44.0000,42.6900,43.4100,10196100
2007-09-27,43.5000,43.6500,43.1100,43.4500,5023800
2007-09-28,43.6400,43.9400,43.3900,43.6600,5847500
2007-10-01,43.8900,44.1500,42.9400,44.0000,6104500
2007-10-02,44.0500,44.4900,43.7500,44.2300,5045800
2007-10-03,43.9800,44.3600,43.7700,43.9800,5511900
2007-10-04,44.0000,44.4900,43.8400,44.2500,7487500
2007-10-05,44.4000,44.8000,44.1000,44.6400,7248000
2007-10-08,44.6400,45.0000,44.4000,44.9900,5424900
2007-10-09,45.0000,45.3500,44.4100,44.9699,7259300
2007-10-10,44.9000,45.6900,44.6400,45.5800,7339500
2007-10-11,45.7900,46.1900,45.3700,45.4900,11532800
2007-10-12,45.8900,46.3200,45.3900,46.1199,5627300
2007-10-15,45.9100,46.0400,45.2200,45.7100,5751000
2007-10-16,45.5700,45.8800,45.3400,45.6700,5272000
2007-10-17,45.8400,46.3200,45.1700,45.9700,7207000
2007-10-18,45.9700,47.4300,45.7600,47.1100,8384800
2007-10-19,47.0800,47.5200,46.2500,46.2700,9980200
2007-10-22,46.2200,47.1600,46.0000,47.1200,5481600
2007-10-23,47.2600,47.8100,47.0000,47.7500,5460300
2007-10-24,47.5500,48.0000,46.7100,48.0000,6642000
2007-10-25,48.0100,48.4700,46.9000,47.2000,7042600
2007-10-26,47.7100,48.0000,46.7300,47.0000,6726500
2007-10-29,47.2000,47.2600,46.4200,47.0000,6132000
2007-10-30,47.3900,47.8000,47.1500,47.5500,5106100
2007-10-31,47.4500,47.9000,46.8100,47.9000,6175600
2007-11-01,47.7500,47.8610,46.8900,46.9200,5657800
2007-11-02,47.3500,48.0000,47.0800,47.8800,6579500
2007-11-05,47.5800,47.8800,46.9000,47.7000,5202000
2007-11-06,47.8500,48.2700,47.1000,47.6300,5025100
2007-11-07,47.1500,47.3100,46.1700,46.1700,6622200
2007-11-08,46.1000,46.1900,44.0200,45.0300,11533900
2007-11-09,43.8400,44.1300,43.0500,43.2400,10345700
2007-11-12,43.3400,43.3400,42.1300,42.1900,9918600
2007-11-13,40.9900,41.3600,39.5600,40.8600,32004300
2007-11-14,41.3500,42.0600,40.5900,41.0200,13247100
2007-11-15,41.0000,41.6900,40.5300,40.8200,9575800
2007-11-16,41.4000,42.5200,41.1300,42.1900,16459600
2007-11-19,41.9500,42.8500,41.7500,42.4700,10280100
2007-11-20,42.7100,42.8000,41.5300,42.3000,7339800
2007-11-21,41.8700,42.4400,41.4700,41.8400,4771600
2007-11-23,41.9000,42.0000,41.2700,41.9100,1747100
2007-11-26,41.6900,41.9900,40.8100,40.9000,6202200
2007-11-27,41.0300,41.5800,40.4000,41.0700,6877100
2007-11-28,41.3000,42.3644,41.0700,42.0300,6275000
2007-11-29,42.1800,42.9600,42.0000,42.7500,5094500
2007-11-30,43.0100,43.1400,41.8000,42.1400,6717000
2007-12-03,41.8700,43.1000,41.8500,42.6900,9153400
2007-12-04,42.2200,43.6500,42.2200,43.3200,6540200
2007-12-05,43.9300,44.2900,43.6100,43.9000,5883900
2007-12-06,44.2000,44.6400,43.7100,44.5400,5545300
2007-12-07,44.3000,44.5400,43.8700,44.3700,3709400
2007-12-10,44.5000,44.7900,44.2400,44.6200,4767300
2007-12-11,44.4900,44.7000,43.0000,43.2699,7853300
2007-12-12,43.8700,44.1900,42.9400,43.5400,6304500
2007-12-13,43.5000,44.0900,43.4800,43.9000,4995600
2007-12-14,43.6000,43.7500,41.9700,42.1100,9509200
2007-12-17,41.7900,41.9400,40.5900,40.9000,12301900
2007-12-18,42.1700,43.9700,41.5800,42.0300,17588300
2007-12-19,42.0900,42.2500,41.3600,41.8700,7207800
2007-12-20,41.9400,42.3600,41.5500,42.1700,6227400
2007-12-21,42.5300,42.6500,41.6600,42.1800,10437900
2007-12-24,42.7700,43.1200,42.2000,42.8400,3104000
2007-12-26,43.1000,43.2400,42.7100,43.1200,4655600
2007-12-27,43.1100,43.1900,42.2500,42.3400,4286600
2007-12-28,42.8100,43.0500,42.5300,42.9300,4098400
2007-12-31,42.5800,43.1400,42.5000,42.7300,3416700
2008-01-02,42.9000,43.2500,41.4500,41.7100,6047700
2008-01-03,41.5500,42.2100,41.5000,41.7900,5186700
2008-01-04,41.3000,41.4900,40.0100,40.3600,8938700
2008-01-07,40.3900,40.7500,39.6800,40.2400,7757600
2008-01-08,39.9000,40.1900,39.1900,39.2200,8896200
2008-01-09,39.4100,39.6200,38.9200,39.4600,9059100
2008-01-10,39.3400,39.5000,38.6900,39.2500,8393300
2008-01-11,38.8400,39.1900,37.9200,38.0500,10801200
2008-01-14,38.4800,38.6400,38.0300,38.4800,7212600
2008-01-15,38.0800,38.4200,37.7400,37.9200,7776000
2008-01-16,37.7500,38.3700,37.4600,37.7000,8595200
2008-01-17,37.1900,37.5200,34.9000,35.5500,16896300
2008-01-18,35.0400,36.0100,34.8000,35.3300,13735800
2008-01-22,33.0100,34.4900,32.9900,34.0000,10188900
2008-01-23,33.2100,34.4800,32.6100,34.3300,10292400
2008-01-24,33.5600,34.7000,33.5600,34.6400,7290400
2008-01-25,34.9800,35.6200,34.7200,34.8400,9220200
2008-01-28,35.2200,35.3200,34.8000,35.1500,5746400
2008-01-29,35.4000,35.8500,34.7700,35.5400,5445400
2008-01-30,35.5400,36.4500,35.2100,35.9400,8767300
2008-01-31,33.8700,35.1300,33.4350,34.9300,16394600
2008-02-01,34.6700,34.9900,33.4400,34.4800,12343100
2008-02-04,34.5500,35.4600,34.5100,35.2100,7861500
2008-02-05,33.9900,34.7600,33.7900,33.9600,7366800
2008-02-06,34.4800,34.6900,32.4100,32.7600,13228200
2008-02-07,32.4100,33.0700,32.0800,32.6200,13594100
2008-02-08,32.6500,33.2800,32.1800,33.1900,9771200
2008-02-11,33.2800,34.1400,33.1500,33.8400,9909400
2008-02-12,33.9500,35.0200,33.9100,34.3800,9894800
2008-02-13,34.6900,35.3600,34.4200,35.0000,9843400
2008-02-14,35.2000,35.2100,34.6700,34.9600,6616600
2008-02-15,34.9300,34.9500,34.2100,34.6700,5665200
2008-02-19,35.4100,35.5300,34.8000,34.9000,6413100
2008-02-20,34.3500,35.2800,34.2500,35.0500,6438600
2008-02-21,35.1400,35.5300,34.6700,34.7800,6057000
2008-02-22,34.8500,35.1900,34.4600,35.0900,5974300
2008-02-25,35.0800,35.8500,35.0100,35.5400,8105100
2008-02-26,35.6100,36.4600,35.4400,35.8700,6541500
2008-02-27,35.4820,35.8300,35.0200,35.4600,6385200
2008-02-28,35.3000,35.7000,34.9700,35.3400,5330500
2008-02-29,34.7900,34.9200,33.4800,33.6500,12307400
2008-03-03,33.4900,33.6800,32.5300,32.8600,12553200
2008-03-04,32.8400,33.1200,32.4300,33.0700,8178800
2008-03-05,33.0000,33.0800,32.0100,32.4200,10868700
2008-03-06,32.4000,33.1100,32.2100,32.4700,7411400
2008-03-07,32.5900,33.2800,32.0400,32.5500,7287400
2008-03-10,32.6000,32.9900,31.9200,31.9400,8201400
2008-03-11,32.2500,32.6100,31.7900,32.6000,9612200
2008-03-12,33.1700,34.2300,32.8900,33.3400,8843200
2008-03-13,32.9840,33.5900,32.5200,33.3000,5875900
2008-03-14,32.8100,33.7100,32.2400,32.6100,7040400
2008-03-17,32.0000,32.4900,30.7000,30.7900,15095600
2008-03-18,31.5300,31.9000,31.1000,31.8800,12183700
2008-03-19,33.7800,36.1300,33.7600,34.7500,25122000
2008-03-20,34.8200,35.5000,34.2500,34.4500,12402200
2008-03-24,34.6440,36.4900,34.5100,36.1000,10783000
2008-03-25,36.5800,36.6500,35.8100,36.5400,8940000
2008-03-26,36.5100,37.3400,35.9600,37.2000,11395700
2008-03-27,37.1200,37.1200,35.6783,35.6800,7345900
2008-03-28,36.1200,36.6300,35.2000,35.3300,7229300
2008-03-31,35.6900,35.9000,35.3000,35.5900,8015500
2008-04-01,36.5600,37.3200,36.3700,37.2500,9317900
2008-04-02,37.3800,37.5200,36.2000,36.5000,8682900
2008-04-03,36.4900,37.1100,36.3200,37.0100,7608500
2008-04-04,37.0000,37.3500,36.6300,36.9700,5143300
2008-04-07,36.8300,37.4500,36.8000,36.9200,5811400
2008-04-08,36.6400,37.1900,36.5100,36.8300,4615900
2008-04-09,36.9000,36.9400,35.9900,36.3200,4304300
2008-04-10,36.0800,37.1900,36.0000,37.0900,8412500
2008-04-11,37.0000,37.0000,35.8800,35.9800,7464200
2008-04-14,35.9500,36.6200,35.7300,36.2900,5551400
2008-04-15,36.2900,36.5400,35.3600,35.7500,8108000
2008-04-16,36.1000,36.5400,35.4600,36.4200,10961500
2008-04-17,36.4700,36.9300,35.6600,36.0700,5755800
2008-04-18,36.8700,36.9860,36.0800,36.2700,8839300
2008-04-21,36.2000,36.7300,35.8500,36.6600,5040300
2008-04-22,36.3200,36.7400,35.6100,36.1700,8197500
2008-04-23,36.2900,36.9100,36.2100,36.8300,6037300
2008-04-24,36.7100,37.7900,36.4100,37.4300,5846700
2008-04-25,37.4100,37.5800,36.3200,36.8900,4628300
2008-04-28,37.0200,37.5100,36.6500,37.1800,5017000
2008-04-29,37.0000,37.9400,36.9300,37.7600,5444500
2008-04-30,37.7900,38.1000,37.2800,37.2900,4877400
2008-05-01,38.3400,39.2200,37.9000,39.0100,7222100
2008-05-02,39.2300,40.4100,39.1200,40.3800,8929400
2008-05-05,40.3900,40.4700,39.7900,40.1500,5761600
2008-05-06,40.0600,40.4500,39.5300,40.2500,4972300
2008-05-07,40.0900,40.5800,39.1100,39.2400,5310700
2008-05-08,39.6000,40.1500,39.1100,40.0000,5376200
2008-05-09,39.4600,40.1700,39.2500,39.8900,2800700
2008-05-12,39.8300,40.5000,39.3500,40.4400,4276600
2008-05-13,40.4400,40.7500,39.8000,40.5900,4722500
2008-05-14,40.7400,41.5100,40.5900,40.9400,4916100
2008-05-15,40.8200,42.0800,40.6000,42.0000,6364400
2008-05-16,42.1700,42.4500,41.7100,42.2600,5987200
2008-05-19,42.1100,43.2300,42.0400,42.6000,7216300
2008-05-20,41.3800,42.0200,41.0200,41.6600,6839200
2008-05-21,41.5000,41.9600,40.8000,40.9500,5445500
2008-05-22,40.8800,41.6600,40.8200,41.4000,3409400
2008-05-23,41.3000,41.5300,40.8800,41.2500,3645400
2008-05-27,41.1600,42.1000,41.0500,41.9900,4002200
2008-05-28,42.9100,43.0000,42.3000,42.8400,5750000
2008-05-29,42.7500,44.0800,42.7500,43.8000,6736600
2008-05-30,44.0800,44.3800,43.6800,44.0600,5842500
2008-06-02,43.9700,44.2400,42.7600,43.4600,5083100
2008-06-03,43.7500,44.2100,43.0000,43.5300,5405100
2008-06-04,43.6000,44.6600,43.3100,44.2500,4684700
2008-06-05,43.4500,44.0100,42.8000,43.8900,7158700
2008-06-06,43.4500,43.6000,42.3000,42.3000,5927900
2008-06-09,42.5800,42.7499,41.6600,42.4700,4553700
2008-06-10,42.1700,42.3600,41.4700,41.7400,5694400
2008-06-11,41.5500,41.9400,40.6500,40.7700,6523200
2008-06-12,40.9500,41.5900,40.6000,40.9900,5353400
2008-06-13,41.9200,43.1500,41.7300,42.7100,6345900
2008-06-16,42.3200,43.1100,42.0800,42.8500,6887300
2008-06-17,41.8200,42.6500,41.3600,41.4000,9027600
2008-06-18,40.8100,41.5400,40.7100,40.9400,6306400
2008-06-19,40.7800,42.1900,40.3400,42.0000,5714700
2008-06-20,40.6500,41.7600,40.3300,40.5500,8423200
2008-06-23,40.9000,40.9100,40.1182,40.3700,4999200
2008-06-24,40.8600,41.8100,40.7000,41.3800,6783600
2008-06-25,41.8000,42.7000,41.5000,42.3400,6023300
2008-06-26,41.7600,41.9300,40.7800,40.8300,7001400
2008-06-27,40.6900,40.9400,39.5000,39.8000,11824500
2008-06-30,39.6300,39.9900,39.2800,39.3900,6542300
2008-07-01,39.2300,40.4100,39.0000,40.3800,10247400
2008-07-02,40.5000,41.3000,39.8088,39.8100,7182600
2008-07-03,40.2700,40.6500,39.8100,40.3900,3387300
2008-07-07,39.8100,40.8600,38.8100,39.7200,8583900
2008-07-08,39.4600,39.7800,38.7300,39.6400,8355900
2008-07-09,39.4900,39.7400,38.2251,38.2300,6353000
2008-07-10,38.2900,39.7600,38.2300,39.6100,7147600
2008-07-11,39.0300,40.2000,38.6900,39.2400,6971500
2008-07-14,39.0300,39.8800,38.3700,38.3800,6995600
2008-07-15,39.1500,40.5300,37.7500,39.8300,10799100
2008-07-16,39.7700,41.1013,39.5000,41.0500,6940500
2008-07-17,41.0200,41.7100,40.6500,41.5400,5148300
2008-07-18,41.0000,42.1900,40.7500,41.9800,6190500
2008-07-21,41.8700,41.9400,40.7000,41.1600,5162100
2008-07-22,40.9600,40.9600,39.6000,40.3000,9957200
2008-07-23,40.7700,42.3400,40.6300,41.8200,10085000
2008-07-24,41.0000,41.2700,40.4300,40.7200,5533000
2008-07-25,41.0700,41.4200,40.6000,40.9000,5147700
2008-07-28,40.7000,41.0500,39.7200,39.9600,3895800
2008-07-29,40.7050,41.3200,40.1700,41.0100,5805100
2008-07-30,41.3400,41.6800,40.6200,41.2200,4989200
2008-07-31,40.9300,41.9300,40.5800,41.3500,6238600
2008-08-01,41.7800,41.7800,40.2800,41.2200,5907800
2008-08-04,41.4200,41.6400,40.6100,41.2900,3643400
2008-08-05,41.7400,43.4100,41.3300,43.3400,8839100
2008-08-06,43.1000,43.7700,42.6100,43.5300,6197900
2008-08-07,43.0700,43.9500,42.9300,43.2200,5956700
2008-08-08,43.4000,45.3400,43.3400,45.1500,8615800
2008-08-11,45.1500,46.0400,44.8200,45.8900,6081200
2008-08-12,45.9100,46.4400,45.5400,45.6200,8002000
2008-08-13,45.6200,46.4400,45.4200,45.8900,5299400
2008-08-14,45.4800,45.6900,45.0100,45.3600,6526100
2008-08-15,45.5600,45.8700,44.6500,45.1100,4432600
2008-08-18,44.7900,44.9700,43.7500,44.1000,7454200
2008-08-19,43.9700,44.7500,43.4000,43.7300,5218000
2008-08-20,44.0300,44.7200,43.6600,44.2800,4017800
2008-08-21,43.7600,44.7800,43.4400,44.5100,5308900
2008-08-22,44.8800,45.0900,44.5000,44.9100,4088800
2008-08-25,44.5200,44.7500,43.5000,43.6700,4250700
2008-08-26,43.7300,43.8400,43.1200,43.3600,5226600
2008-08-27,43.5000,44.6100,43.4600,44.1500,3737900
2008-08-28,44.2700,44.7400,44.0700,44.3100,4067400
2008-08-29,43.9700,44.0100,42.7500,42.8300,6947200
2008-09-02,43.8300,44.1600,42.5900,42.8500,6307000
2008-09-03,42.9200,43.4700,42.6000,43.1400,5380800
2008-09-04,43.6700,43.9900,42.1900,42.1900,6416700
2008-09-05,41.3700,41.8300,40.5000,40.9100,10903200
2008-09-08,40.4900,41.7300,40.2200,41.6100,7133300
2008-09-09,41.8700,42.4700,40.7479,40.7900,5914300
2008-09-10,41.3460,41.3500,40.4500,40.7300,4945200
2008-09-11,40.2500,41.1000,40.0400,41.0500,5504200
2008-09-12,40.9000,40.9000,39.9000,40.4700,7959800
2008-09-15,40.4000,40.4000,38.0800,38.0800,9701800
2008-09-16,38.5100,39.1500,36.1500,38.1400,11835200
2008-09-17,39.0500,39.6900,36.2300,36.2300,12494900
2008-09-18,37.6600,45.2600,37.1700,39.6500,12021000
2008-09-19,40.6500,41.3900,38.0000,40.9400,10298400
2008-09-22,40.7800,41.0000,39.1700,39.2300,4883100
2008-09-23,39.6100,40.2600,38.7000,38.8500,6523100
2008-09-24,39.0600,40.0100,39.0000,39.4500,4636000
2008-09-25,40.0300,40.3800,39.5500,39.8300,5256500
2008-09-26,39.1800,40.1000,38.9200,39.9900,5100900
2008-09-29,38.4300,38.8100,35.9800,36.1500,9597800
2008-09-30,36.7200,39.5300,36.4900,39.4700,10378600
2008-10-01,39.4200,39.4200,37.9100,38.1200,6296600
2008-10-02,37.8800,37.9000,35.1100,35.2200,9113000
2008-10-03,34.8300,36.1900,33.5900,33.6900,11062700
2008-10-06,31.9300,33.4500,29.4100,30.7100,17982700
2008-10-07,31.1600,31.6900,28.6859,28.6900,11395300
2008-10-08,28.8600,31.1900,28.4300,30.0000,14114100
2008-10-09,31.2000,31.2700,27.7100,27.9900,10862200
2008-10-10,26.6500,28.8800,25.6300,27.1200,14149100
2008-10-13,29.3800,30.7300,28.6800,30.3800,12510200
2008-10-14,31.3300,31.4500,28.8600,29.2000,9929400
2008-10-15,29.8200,29.8200,25.9400,25.9400,8377200
2008-10-16,26.0000,28.2100,24.4500,27.6900,11932400
2008-10-17,27.2000,31.0925,26.8300,28.1800,9703100
2008-10-20,27.9900,29.3800,27.7900,29.3100,5387400
2008-10-21,29.0000,29.6500,27.4500,27.5900,6964600
2008-10-22,27.0900,27.1600,24.5600,25.4000,9500400
2008-10-23,25.5000,25.6000,23.4100,24.9700,10769700
2008-10-24,23.0000,24.6300,22.8800,23.8900,10633700
2008-10-27,23.4400,24.7400,22.8300,23.6800,8235300
2008-10-28,24.2300,27.1500,23.9300,27.0750,10344100
2008-10-29,27.3900,27.9500,26.6500,26.8000,10320400
2008-10-30,27.4100,27.8800,26.2500,26.8600,9180600
2008-10-31,27.0000,27.2100,26.2900,26.6400,7816700
2008-11-03,26.7900,27.3000,26.1300,27.1600,5143800
2008-11-04,27.7300,29.2800,27.5000,29.1600,8840800
2008-11-05,28.9600,29.0800,27.0600,27.2200,8438400
2008-11-06,26.7650,26.9000,24.3000,24.5600,10048800
2008-11-07,24.9200,25.3900,24.0700,24.5900,7530800
2008-11-10,25.7800,25.8400,24.6800,24.9300,4765600
2008-11-11,24.7700,24.9100,23.4500,23.6400,7489100
2008-11-12,22.9800,23.4100,21.8400,21.8900,11727900
2008-11-13,21.6800,24.3800,21.1200,24.3000,11851900
2008-11-14,23.9900,24.3600,22.1400,22.3400,11111500
2008-11-17,21.9100,23.4100,21.5100,22.8000,10717700
2008-11-18,22.7300,23.1600,21.7700,22.6400,8217100
2008-11-19,22.5400,23.8700,21.6000,21.6300,9298800
2008-11-20,21.3700,22.7900,20.7100,20.7500,10482800
2008-11-21,21.1000,21.4100,19.8500,21.3800,13489000
2008-11-24,21.8400,22.4200,21.2900,21.7300,12915600
2008-11-25,21.9700,22.7800,21.5000,22.4200,13700100
2008-11-26,21.6300,23.5900,21.6300,23.3500,9062200
2008-11-28,22.8700,23.4300,22.7500,23.1600,4467800
2008-12-01,22.7100,22.8600,20.9500,21.0000,8593000
2008-12-02,21.4100,22.2500,21.0100,22.0000,7201400
2008-12-03,21.7300,22.5700,21.3900,22.5400,7296300
2008-12-04,20.9100,21.6600,20.0000,20.4400,18690600
2008-12-05,20.4500,21.8400,19.4900,21.6600,11494800
2008-12-08,21.8500,23.0000,21.8500,22.6000,7912100
2008-12-09,22.4500,23.9200,22.3900,22.8900,7419300
2008-12-10,23.2600,23.8800,22.7800,23.4400,5825900
2008-12-11,23.3700,23.5600,22.0000,22.1900,6443700
2008-12-12,21.9500,22.5300,21.3300,22.4300,6290700
2008-12-15,22.5600,22.7200,20.8300,21.3600,8273000
2008-12-16,22.1300,22.4200,20.9200,22.3200,10799400
2008-12-17,24.0400,24.0400,21.3201,21.6900,15258800
2008-12-18,21.8400,22.0900,21.0100,21.3800,8861100
2008-12-19,22.0800,22.3000,21.1300,22.1300,8235700
2008-12-22,21.9700,21.9800,20.6600,21.1100,5273400
2008-12-23,21.2343,21.4200,20.8000,20.9700,4399100
2008-12-24,20.7500,21.1800,20.7100,21.1300,1426700
2008-12-26,21.1700,21.2500,20.8700,21.0800,1942700
2008-12-29,21.1100,21.1500,20.0100,20.5200,4959000
2008-12-30,20.6000,21.0600,20.3800,21.0500,4910600
2008-12-31,20.8500,21.6000,20.8500,21.2900,4067000
2009-01-02,21.1109,23.1000,21.0700,23.0200,6670700
2009-01-05,22.5200,23.3100,22.5000,23.1300,7385500
2009-01-06,23.0700,24.4500,23.0700,24.2200,7032500
2009-01-07,23.5700,24.8098,23.5100,24.2300,12785700
2009-01-08,24.0100,24.3800,23.6300,24.2900,6207400
2009-01-09,23.9900,24.5000,23.4200,24.0100,6928300
2009-01-12,24.0700,24.3500,23.6000,23.7600,6952400
2009-01-13,22.9700,23.2200,21.7500,22.1000,14001200
2009-01-14,22.0900,22.1600,20.9500,21.1100,8298100
2009-01-15,21.0400,21.3000,20.4500,20.8300,10008600
2009-01-16,21.1100,21.5300,20.4700,21.0600,8056300
2009-01-20,21.1000,21.1000,19.3400,19.3900,8846200
2009-01-21,19.8899,20.9700,19.7400,20.9600,9536900
2009-01-22,19.8400,20.2500,19.0600,19.3200,13904200
2009-01-23,19.0000,20.1000,18.7000,19.7000,10483800
2009-01-26,19.9500,20.4400,19.6700,19.9300,6139300
2009-01-27,19.7300,20.3800,19.5300,20.1100,6385500
2009-01-28,20.7100,21.2000,20.3398,20.8900,7158500
2009-01-29,20.6000,20.9061,19.6100,20.0500,7692200
2009-01-30,20.2600,20.3300,19.2100,19.3100,8970700
2009-02-02,19.4100,19.7000,18.9600,19.5800,8305500
2009-02-03,19.6900,19.7600,19.1300,19.7000,7938700
2009-02-04,19.6250,20.3500,19.5300,19.8800,9637000
2009-02-05,19.6400,21.0400,19.4400,20.9100,11326400
2009-02-06,20.9300,21.8000,20.8100,21.7000,9851900
2009-02-09,22.0000,22.0100,21.1000,21.4200,7246500
2009-02-10,21.3200,21.4200,20.2800,20.4800,10924500
2009-02-11,20.4300,20.8599,19.9000,20.3100,7637800
2009-02-12,19.9500,21.2600,19.7800,21.2200,12831000
2009-02-13,20.9600,21.3700,20.8500,21.1000,8147400
2009-02-17,20.0800,20.6900,19.8000,20.4000,9782700
2009-02-18,20.3300,20.6900,20.0700,20.3900,7409800
2009-02-19,20.4600,20.5000,19.4800,19.5400,10428100
2009-02-20,18.9600,19.1500,17.7000,18.0400,21630100
2009-02-23,18.0400,18.0900,16.9000,17.0900,14265600
2009-02-24,17.2300,18.3300,17.2200,18.1700,12866800
2009-02-25,17.6200,17.9200,17.1500,17.6400,12999900
2009-02-26,17.4700,17.6700,16.6500,16.7000,15043500
2009-02-27,15.7300,17.1800,15.7000,16.7000,15832400
2009-03-02,16.4800,16.6600,15.9700,16.0400,13129800
2009-03-03,16.1500,16.4800,15.8700,15.9800,12539500
2009-03-04,16.1600,16.6100,15.9000,16.3200,8999700
2009-03-05,18.1900,18.1900,16.3100,16.9200,26498300
2009-03-06,17.1600,17.4300,16.7500,17.1600,10507400
2009-03-09,17.0300,17.5900,16.7200,16.7800,9298200
2009-03-10,17.1600,18.5400,17.1100,18.5200,11748000
2009-03-11,18.1800,18.8500,18.0300,18.6300,8658800
2009-03-12,18.4700,19.5100,18.2800,19.4300,9734900
2009-03-13,19.2400,19.3100,18.3300,18.6800,11491000
2009-03-16,18.7500,19.0000,18.3400,18.4500,11898500
2009-03-17,18.6200,19.1500,18.1600,19.1300,9276200
2009-03-18,19.4100,22.0900,19.3400,21.3500,20855100
2009-03-19,21.8500,22.5800,20.8900,21.2400,13667100
2009-03-20,21.0100,21.7900,20.3900,20.4600,10267300
2009-03-23,21.2000,22.6900,21.0100,22.6900,13186800
2009-03-24,22.5900,22.5900,21.7200,21.8200,9501800
2009-03-25,22.0000,22.4400,21.5000,22.1000,10774000
2009-03-26,22.1800,23.0000,22.1800,22.9400,9777700
2009-03-27,22.5600,22.7000,21.8100,21.8400,6422600
2009-03-30,21.3300,21.4800,20.3900,20.8200,9617500
2009-03-31,20.9300,21.8700,20.8300,21.3900,8531000
2009-04-01,20.9300,22.1800,20.7900,21.9600,7287000
2009-04-02,22.7900,23.8400,22.6100,23.2800,11062100
2009-04-03,23.2500,24.2600,23.2500,24.1600,8229300
2009-04-06,23.8500,24.0000,22.7800,23.1900,8072400
2009-04-07,23.6100,23.6600,22.7600,22.9600,9809500
2009-04-08,23.8100,24.1700,23.4700,23.9200,5991300
2009-04-09,24.4800,24.9700,24.2800,24.8700,8500700
2009-04-13,24.6000,24.8900,24.2175,24.7200,5581800
2009-04-14,24.3800,24.4900,23.8400,24.0100,6545000
2009-04-15,23.7700,23.9200,23.1199,23.6400,6980500
2009-04-16,24.1400,24.5900,23.4400,24.3800,9291000
2009-04-17,24.6000,24.8700,24.0500,24.7000,7899500
2009-04-20,24.4300,24.4300,23.3300,23.4600,6963600
2009-04-21,23.3500,24.1300,23.2500,23.7500,7443000
2009-04-22,23.2100,24.7400,23.2100,24.1600,7045200
2009-04-23,23.8550,24.4900,23.5400,24.4800,8006200
2009-04-24,24.5100,26.4900,24.4500,26.4200,13798600
2009-04-27,25.9200,26.6500,25.7000,26.1400,9240400
2009-04-28,25.7000,25.9500,25.2500,25.7000,8099900
2009-04-29,25.9900,26.8400,25.5900,26.7500,9035900
2009-04-30,27.1000,27.7100,26.7300,27.3500,9140100
2009-05-01,27.0800,28.0000,27.0200,27.4600,9135200
2009-05-04,26.5900,26.7500,25.8800,26.6900,14574300
2009-05-05,26.7400,26.9100,26.2000,26.8900,8157400
2009-05-06,26.8900,27.0400,25.6600,26.3500,9995800
2009-05-07,26.5800,26.6400,25.3800,25.6300,7950000
2009-05-08,26.0600,26.5300,25.2100,25.4200,7674000
2009-05-11,24.8500,26.3600,24.7800,26.1500,7683800
2009-05-12,26.3200,26.3400,25.6700,25.9900,5077900
2009-05-13,25.9900,26.0300,25.1200,25.1700,7911300
2009-05-14,25.2000,26.1490,25.2000,25.9300,6721000
2009-05-15,25.9700,26.3500,25.5200,25.9200,4806500
2009-05-18,25.9400,26.5200,25.7000,26.4800,4461700
2009-05-19,26.2500,26.8100,26.0100,26.5600,3509500
2009-05-20,26.6900,27.3200,26.3100,26.3900,5324300
2009-05-21,25.9000,26.1500,25.7000,26.0700,6320700
2009-05-22,26.0000,27.0400,26.0000,26.4800,4959400
2009-05-26,26.3100,27.9500,26.1000,27.8900,6088000
2009-05-27,27.6700,28.0700,27.1500,27.2500,5013700
2009-05-28,27.2500,27.6400,26.5700,27.5400,7651000
2009-05-29,27.4900,28.1900,27.0200,28.1800,6950300
2009-06-01,28.3000,29.5000,28.3000,29.3600,6602700
2009-06-02,29.1700,29.7500,29.0800,29.5900,7365400
2009-06-03,29.0500,29.4900,28.3000,29.0600,8572700
2009-06-04,28.7100,29.5500,28.6800,29.4400,7161700
2009-06-05,29.4500,30.3400,28.7900,29.9800,8839100
2009-06-08,29.7800,29.9000,28.8500,29.1700,6755500
2009-06-09,29.5600,29.9700,29.1500,29.7700,5288500
2009-06-10,29.8800,30.4300,29.6300,30.1700,8515300
2009-06-11,30.3600,31.0000,30.1000,30.4000,7257600
2009-06-12,30.6000,30.6699,29.6100,30.1500,5478600
2009-06-15,29.9900,29.9900,28.5400,28.8200,11226100
2009-06-16,29.0700,29.1300,28.1300,28.1700,9992300
2009-06-17,28.2700,29.0000,28.0000,28.6800,12654200
2009-06-18,28.9500,28.9500,28.2000,28.7200,7368000
2009-06-19,28.9900,29.4400,28.9400,29.3300,9214800
2009-06-22,28.5600,28.7800,27.3100,27.3100,12028200
2009-06-23,27.5500,27.8450,27.2000,27.7100,8013800
2009-06-24,27.5900,28.3800,27.5000,27.7400,7141400
2009-06-25,27.8700,28.6400,27.4100,28.5200,6417100
2009-06-26,27.5000,28.3100,27.4800,28.0000,6420200
2009-06-29,28.1300,28.7600,28.0500,28.6200,4468300
2009-06-30,28.7600,28.7900,27.9400,28.3000,6104800
2009-07-01,28.3800,29.1900,28.3800,28.6600,5557300
2009-07-02,28.1100,28.4700,27.5800,27.6400,4254100
2009-07-06,27.1000,27.4200,26.8100,27.1600,7269400
2009-07-07,27.0200,27.2100,26.3000,26.3400,6454800
2009-07-08,26.6300,26.6300,26.0800,26.4700,10199100
2009-07-09,26.7200,27.5800,26.5300,27.4200,8078000
2009-07-10,27.1400,27.7300,27.0700,27.5800,6069800
2009-07-13,27.5600,28.4500,26.9000,28.3700,8030700
2009-07-14,28.0900,28.4500,27.9300,28.3000,8136800
2009-07-15,29.1800,29.9100,29.0000,29.8500,11216500
2009-07-16,29.6700,30.9400,29.5400,30.8700,9327800
2009-07-17,30.9000,31.0600,30.3900,31.0200,6301300
2009-07-20,30.7400,31.3500,30.6200,31.2100,6790700
2009-07-21,31.0300,31.3500,30.8400,31.2600,6274000
2009-07-22,31.0400,31.4800,31.0000,31.3400,5624400
2009-07-23,31.2100,32.3300,31.1300,32.3100,7242300
2009-07-24,31.8300,32.6900,31.6700,32.6300,5921400
2009-07-27,32.5600,32.9000,32.2100,32.6100,5254100
2009-07-28,32.4500,32.9100,32.0400,32.3300,7579900
2009-07-29,32.1800,32.2900,31.7000,32.0600,4935900
2009-07-30,32.5400,33.3400,32.1700,32.2800,5653500
2009-07-31,32.3800,32.8600,32.2800,32.4200,4226300
2009-08-03,32.6100,33.0000,32.4200,32.6800,4720700
2009-08-04,32.6000,33.2600,32.5600,33.0000,4677500
2009-08-05,33.1240,33.1240,31.4800,32.0100,10117400
2009-08-06,32.0100,32.5400,31.8700,32.4200,6419900
2009-08-07,33.0100,33.4600,32.7900,33.2200,5213800
2009-08-10,32.8000,33.4900,32.6500,32.8200,4476300
2009-08-11,32.5600,32.6000,31.7900,31.9200,6549100
2009-08-12,31.8700,33.3200,31.8351,33.0400,6236700
2009-08-13,33.3200,33.4700,32.7600,33.4300,6055200
2009-08-14,33.2100,33.2900,31.8600,32.2700,8012600
2009-08-17,31.7200,31.9000,31.1200,31.2100,5500600
2009-08-18,31.2800,31.9200,31.1000,31.7200,4925700
2009-08-19,31.4500,31.8800,31.1706,31.7200,5001200
2009-08-20,31.8300,32.1900,31.4800,32.1000,4676000
2009-08-21,32.4400,32.9300,32.0000,32.8400,5108600
2009-08-24,32.8500,33.2300,32.5200,32.7300,4737200
2009-08-25,32.6500,32.9700,32.3300,32.6700,3857300
2009-08-26,32.5200,32.7600,32.1500,32.5100,4054800
2009-08-27,32.3500,32.5600,31.7200,32.4600,5171400
2009-08-28,32.7200,32.9800,31.3100,31.7300,7114900
2009-08-31,31.5800,31.8100,31.1000,31.4200,7132200
2009-09-01,31.2700,32.0800,30.8900,31.1000,7670000
2009-09-02,31.1400,31.2700,30.7300,31.0000,5233100
2009-09-03,31.0000,31.5200,30.7000,31.4900,4344100
2009-09-04,31.6300,32.1000,31.4300,32.0500,4110800
2009-09-08,32.4800,32.5600,32.1400,32.5100,5160700
2009-09-09,32.2500,32.9200,32.1200,32.8000,5852200
2009-09-10,32.7400,34.1300,32.5100,34.0200,10199900
2009-09-11,34.1100,34.9810,34.0500,34.6500,7586300
2009-09-14,34.4400,35.2900,34.2832,35.1900,8245900
2009-09-15,35.2900,35.7800,34.8000,35.6200,10762500
2009-09-16,33.5800,33.8500,33.0100,33.3500,28912300
2009-09-17,33.5500,33.5900,32.7200,32.8400,13828300
2009-09-18,33.0500,33.4300,32.7000,32.9500,10512500
2009-09-21,32.7500,33.6500,32.7500,32.8500,5879700
2009-09-22,33.0700,33.3100,32.9800,33.1100,4369400
2009-09-23,33.0300,33.3300,32.6800,32.7100,6943000
2009-09-24,32.7000,32.8600,32.0700,32.3200,5947700
2009-09-25,32.1100,32.4100,31.8900,32.0300,4516700
2009-09-28,32.2000,33.2600,32.1200,32.9300,5849300
2009-09-29,32.8850,33.2200,32.5300,32.6800,5013100
2009-09-30,32.7600,33.2200,32.1200,33.0400,6632800
2009-10-01,32.6600,32.7800,31.9600,32.1800,7257000
2009-10-02,31.5900,32.5400,31.5900,32.3500,5922800
2009-10-05,32.3700,32.7190,32.1200,32.5500,4892100
2009-10-06,32.7900,33.7500,32.6300,33.5100,7117600
2009-10-07,33.7400,33.7400,33.0600,33.2600,4172400
2009-10-08,33.7400,34.6000,33.7000,34.3300,8629600
2009-10-09,34.0800,34.7700,33.9800,34.6400,3708700
2009-10-12,34.6700,34.8800,34.1500,34.3600,3597700
2009-10-13,34.2500,34.7100,34.1600,34.6200,4565100
2009-10-14,34.8700,35.5200,34.8100,35.4300,6908100
2009-10-15,35.0800,35.8500,35.0700,35.7500,8063600
2009-10-16,35.4800,35.9500,35.3500,35.6700,6908700
2009-10-19,35.7600,35.9300,35.4900,35.6500,4116500
2009-10-20,35.5200,35.6000,34.9900,35.4100,4357800
2009-10-21,35.3500,35.6900,34.7400,34.8100,5022700
2009-10-22,34.5300,35.2800,34.0100,35.1700,4913400
2009-10-23,35.1400,35.5700,34.5600,34.7800,3678100
2009-10-26,34.6400,35.3880,34.3000,34.4500,4379200
2009-10-27,34.5400,34.9100,33.7900,33.9500,4267200
2009-10-28,33.7200,33.7925,32.7000,32.8300,6169100
2009-10-29,33.1100,33.6800,32.7000,33.5400,6725500
2009-10-30,33.4000,33.8700,32.8550,32.9400,5810300
2009-11-02,32.8000,33.1000,32.3700,32.8700,4809000
2009-11-03,32.7200,33.0800,32.3700,33.0100,6512200
2009-11-04,33.3000,34.5200,32.9500,33.8600,7883400
2009-11-05,33.9800,34.9200,33.9800,34.7000,4164100
2009-11-06,34.5900,35.1905,34.3800,34.6500,3693900
2009-11-09,35.8850,36.5800,35.4100,36.4500,8883200
2009-11-10,36.5600,36.7500,36.3500,36.6000,5079500
2009-11-11,35.9600,36.0300,34.4600,35.9200,13794600
2009-11-12,35.8240,36.1100,35.4100,35.6100,5872900
2009-11-13,35.6900,36.6000,35.6900,36.5100,4988600
2009-11-16,36.5100,37.1500,36.1100,36.8100,5263200
2009-11-17,36.5600,36.9500,36.4400,36.9000,3283300
2009-11-18,36.5900,36.7800,36.0000,36.5900,3998400
2009-11-19,36.2500,36.4800,35.5000,36.1100,3754500
2009-11-20,35.7200,36.0700,35.4900,35.8100,3344500
2009-11-23,36.0500,36.6800,35.9800,36.4400,3085500
2009-11-24,36.1450,36.4400,35.8400,35.9500,3790700
2009-11-25,36.0700,36.3300,35.9000,36.1700,2504400
2009-11-27,35.0100,35.6600,34.6300,35.3800,2049600
2009-11-30,35.2500,35.4400,34.5400,35.0800,5075000
2009-12-01,35.4600,36.5250,35.2700,36.4000,5428900
2009-12-02,36.5300,36.9100,36.3600,36.5000,3645700
2009-12-03,36.4200,36.8400,36.0000,36.0000,3681300
2009-12-04,36.3800,36.9400,35.9800,36.5000,4433200
2009-12-07,36.4600,36.8400,36.2000,36.3700,3119500
2009-12-08,36.0300,36.2700,35.5800,36.0800,3863200
2009-12-09,35.8500,36.0000,35.2600,35.8500,4421500
2009-12-10,35.8100,36.1500,35.6300,35.8000,3884500
2009-12-11,35.9000,35.9800,35.1500,35.3800,4381500
2009-12-14,35.7800,35.8400,35.3100,35.7800,5446500
2009-12-15,35.5800,36.6600,35.5000,36.3600,8022900
2009-12-16,36.8664,38.2000,36.8664,37.8600,15618700
2009-12-17,37.4600,37.5200,36.9900,37.0100,6562800
2009-12-18,37.2500,37.4700,37.0200,37.3400,9331800
2009-12-21,37.3800,37.6800,37.0400,37.2800,5031900
2009-12-22,37.3500,37.5000,37.2000,37.3400,3192200
2009-12-23,37.3700,37.3700,36.8600,36.9300,5559600
2009-12-24,36.9500,37.1700,36.8100,37.1700,1350000
2009-12-28,37.1800,37.4208,36.9700,37.1900,2573500
2009-12-29,37.1400,37.3400,36.9700,37.2100,3093200
2009-12-30,37.0300,37.5000,37.0300,37.1800,2124100
2009-12-31,37.1700,37.2100,36.7000,36.7800,2900400
2010-01-04,36.6500,37.3000,36.6500,37.0900,4710200
2010-01-05,37.0400,37.8000,36.8700,37.7000,7108800
2010-01-06,37.3300,37.7400,37.2000,37.6200,5336400
2010-01-07,37.4100,37.5865,36.8100,36.8900,5576700
2010-01-08,36.7500,36.9700,36.3400,36.6900,5429200
2010-01-11,36.6800,36.7700,35.9500,36.2100,4901400
2010-01-12,36.1400,36.1400,35.3850,35.6600,5073900
2010-01-13,35.8300,36.3600,35.6001,36.2800,3660100
2010-01-14,36.1300,36.5100,35.7900,35.9000,4536200
2010-01-15,35.9200,36.2100,35.4700,35.8700,6732300
2010-01-19,35.8700,37.0200,35.8100,36.9500,5964100
2010-01-20,36.3700,36.5100,35.6200,36.4900,6258500
2010-01-21,36.4900,36.6500,35.4600,35.8200,7404400
2010-01-22,35.6200,35.8200,34.3500,34.3800,7721300
2010-01-25,34.6300,34.9760,33.9700,34.1600,6961500
2010-01-26,33.8100,34.2900,33.6200,33.9400,5356300
2010-01-27,33.6800,33.6800,32.6500,33.1400,9896900
2010-01-28,33.2900,33.6600,32.4800,32.8900,6417800
2010-01-29,32.9500,33.2400,32.1700,32.3000,8377800
2010-02-01,32.3900,32.5400,32.0600,32.4800,8705500
2010-02-02,32.5400,33.1300,32.3100,32.9800,5735700
2010-02-03,32.8500,33.4300,32.5400,32.9800,6732000
2010-02-04,32.8800,32.9600,32.2000,32.2400,9450300
2010-02-05,32.4300,32.8000,31.8500,32.7700,11881500
2010-02-08,32.7700,32.7900,32.0200,32.0500,8615600
2010-02-09,32.6000,32.6600,31.9100,32.3100,8047700
2010-02-10,33.4500,33.5500,32.5700,32.7600,9592000
2010-02-11,32.6000,33.1600,32.2800,32.6400,10125400
2010-02-12,32.2500,32.2800,31.2801,31.4500,21221400
2010-02-16,31.5000,31.8700,31.2800,31.8100,9113700
2010-02-17,32.1600,32.4300,31.9600,32.3300,9213000
2010-02-18,32.4700,33.3300,32.4700,33.2400,9614400
2010-02-19,33.8000,34.1600,33.5650,33.8800,12324000
2010-02-22,34.2100,34.2100,33.5100,33.7000,6119800
2010-02-23,33.6800,33.8200,33.2010,33.4400,7906000
2010-02-24,33.6300,34.6300,33.5600,34.5500,9545200
2010-02-25,33.8000,34.5900,33.5400,34.5600,7735500
2010-02-26,34.5500,34.7000,34.0550,34.6500,4792600
2010-03-01,34.6300,35.0000,34.5300,34.8900,4965000
2010-03-02,34.6800,35.0950,34.6401,34.7400,5603400
2010-03-03,34.8700,35.1500,34.6100,34.8200,4098900
2010-03-04,34.8600,35.0900,34.5800,34.9400,4440700
2010-03-05,35.0800,35.4400,34.9300,35.1600,8381900
2010-03-08,35.1200,35.4000,35.0200,35.0600,3850100
2010-03-09,35.0600,35.6200,35.0400,35.1200,5486200
2010-03-10,35.2700,35.3500,35.0400,35.1500,5969600
2010-03-11,35.0700,35.2700,35.0000,35.2200,4371500
2010-03-12,35.2200,35.2700,35.1100,35.1600,6262400
2010-03-15,35.1500,35.5600,35.0000,35.4900,3933100
2010-03-16,35.4600,35.6800,34.9300,35.0200,5818800
2010-03-17,35.6100,36.0800,35.4519,35.4900,8350000
2010-03-18,35.7200,35.9500,35.5650,35.7500,4227000
2010-03-19,35.8600,35.9500,34.5000,34.6700,16351100
2010-03-22,34.6100,35.0600,34.6000,34.9500,4895900
2010-03-23,35.2600,35.4200,34.6900,35.2200,8504500
2010-03-24,37.1200,37.3000,36.4800,36.5100,16778000
2010-03-25,36.7500,36.7900,35.8600,35.8700,6566400
2010-03-26,35.8500,36.1050,35.2500,35.5100,6049100
2010-03-29,35.6000,36.0100,35.6000,35.7400,5055700
2010-03-30,35.7800,35.9000,35.2900,35.6800,3469800
2010-03-31,35.6200,35.7000,35.2700,35.3700,4436700
2010-04-01,35.5400,35.8800,35.2450,35.7400,5467700
2010-04-05,35.6800,36.0700,35.6600,35.9900,5267100
2010-04-06,35.5600,35.9300,35.5500,35.7000,4211400
2010-04-07,35.5600,35.6400,34.9500,35.0600,6632100
2010-04-08,35.0300,35.0775,34.6300,34.9400,5726800
2010-04-09,34.5700,35.4700,34.4400,35.4700,7205500
2010-04-12,35.4200,35.5400,34.9100,35.0200,5690600
2010-04-13,34.8600,35.0900,34.5100,34.7500,5825700
2010-04-14,34.6300,35.0400,34.5700,35.0200,5037400
2010-04-15,35.0900,35.1000,34.1700,34.3900,9548000
2010-04-16,34.5400,34.5800,33.5300,34.0000,12718300
2010-04-19,33.8100,34.2000,33.3200,33.8200,6817200
2010-04-20,34.1900,35.1400,34.1000,34.9300,8632000
2010-04-21,34.8000,35.0900,34.7900,34.9200,6889200
2010-04-22,35.4100,36.0200,35.0000,35.9700,11650000
2010-04-23,35.8400,36.2900,35.7200,36.2500,6528500
2010-04-26,36.2100,36.3500,35.9900,36.1500,5610500
2010-04-27,35.9100,36.0000,35.1900,35.3400,6938700
2010-04-28,35.4800,35.6100,35.0500,35.4700,5290000
2010-04-29,35.2700,35.5600,34.5400,34.9600,10958300
2010-04-30,34.9700,34.9900,33.5650,33.6000,12735800
2010-05-03,33.6800,33.9600,33.4000,33.5900,8863200
2010-05-04,33.1200,33.1700,32.2200,33.1400,11030000
2010-05-05,32.6800,33.5800,32.5400,32.9600,12226200
2010-05-06,32.8000,33.7400,30.2400,32.4900,14650200
2010-05-07,32.7600,32.9600,31.6800,32.4200,14897300
2010-05-10,32.7500,34.2900,32.7500,34.2800,11416600
2010-05-11,33.9500,34.3800,33.7000,33.8000,6929000
2010-05-12,34.1200,34.9300,34.0600,34.8000,7973900
2010-05-13,34.7900,35.4000,34.3600,34.4100,4958000
2010-05-14,34.2400,34.4000,33.2600,33.7200,6832100
2010-05-17,33.9800,34.2200,33.1780,33.8100,6235300
2010-05-18,33.7200,34.3100,33.0400,33.2800,6208900
2010-05-19,33.2200,33.6600,32.5300,32.8800,6098200
2010-05-20,32.2000,32.5500,31.6200,31.7400,8094200
2010-05-21,31.1500,32.3300,30.9700,32.1800,7758200
2010-05-24,31.8200,32.1700,31.6100,31.6300,6543800
2010-05-25,30.7500,31.5600,30.4800,31.5500,6368800
2010-05-26,31.6500,31.7200,30.7980,30.9400,8820600
2010-05-27,31.4300,32.2100,31.3900,32.2000,7496400
2010-05-28,32.1900,32.4200,31.6900,32.0800,8778900
2010-06-01,32.3600,33.0400,32.1000,32.1300,9744400
2010-06-02,32.2700,32.9700,31.7900,32.9400,7213700
2010-06-03,32.9200,33.1600,32.6500,32.9000,8847400
2010-06-04,32.1500,32.4700,31.4900,31.5925,8507500
2010-06-07,31.7000,31.7400,30.9400,31.0600,8385500
2010-06-08,31.1500,31.2600,30.6000,31.0000,7767400
2010-06-09,31.1400,31.5200,30.6300,30.7300,5808400
2010-06-10,31.3400,31.7600,30.8300,31.7200,5666800
2010-06-11,31.2100,31.8400,31.1600,31.7300,7233200
2010-06-14,32.0000,32.3800,31.6400,31.7000,5240100
2010-06-15,31.8900,32.6200,31.7800,32.5100,5930200
2010-06-16,32.3800,32.5900,32.2200,32.4400,4614500
2010-06-17,32.6150,33.2200,32.6001,33.1200,7250700
2010-06-18,33.1200,34.0000,33.0400,33.5200,9514000
2010-06-21,33.7700,33.9600,32.9300,33.1300,5762500
2010-06-22,33.3400,33.7700,32.6800,32.7625,9593600
2010-06-23,32.3500,32.4200,30.1800,30.3800,35847400
2010-06-24,30.3600,30.8100,30.1000,30.2600,20287000
2010-06-25,30.4300,30.5700,29.6900,29.8500,15030600
2010-06-28,29.8500,30.0900,28.7100,28.7200,14508100
2010-06-29,28.3700,28.3700,26.7600,26.9000,22062500
2010-06-30,26.8200,27.2000,26.3200,26.4300,17468400
2010-07-01,26.5200,26.8800,26.0100,26.6600,15728500
2010-07-02,26.6900,26.9900,26.3300,26.7300,10420400
2010-07-06,27.1800,27.3700,26.0400,26.3400,13509200
2010-07-07,26.3400,26.8500,26.2000,26.7900,11753300
2010-07-08,26.9600,27.0500,26.4200,26.8500,8852000
2010-07-09,26.8600,27.2400,26.7100,27.2000,5317000
2010-07-12,27.2700,27.6100,26.9400,27.0900,7012700
2010-07-13,27.3500,28.4300,27.2400,28.1100,13577900
2010-07-14,28.1700,28.4200,27.6700,28.0300,9457100
2010-07-15,27.9400,28.3000,27.7200,28.2200,4838200
2010-07-16,28.2700,28.2900,27.2058,27.3900,7254200
2010-07-19,27.5000,27.8000,27.2901,27.6700,5151900
2010-07-20,27.1800,27.8700,26.9400,27.8700,5690600
2010-07-21,27.9400,28.2800,27.5200,27.6700,8314700
2010-07-22,27.9100,28.7400,27.8000,28.5800,6138500
2010-07-23,28.6000,29.3500,28.5400,29.2300,7703200
2010-07-26,29.1500,29.2800,28.8050,29.1700,5061800
2010-07-27,29.2000,29.3900,28.8300,29.2200,5175400
2010-07-28,29.1100,29.3700,28.5900,28.6900,4451700
2010-07-29,28.7617,29.1000,28.3800,28.7000,5320300
2010-07-30,28.4000,28.8400,28.1100,28.7200,4531500
2010-08-02,29.1100,29.7600,28.9000,29.6000,5584700
2010-08-03,29.4800,29.4900,28.9300,29.1200,5651900
2010-08-04,29.1400,29.7500,29.0600,29.7000,6700600
2010-08-05,29.4100,29.6400,29.2400,29.4400,4612600
2010-08-06,29.0600,29.4150,28.7300,29.2300,5149200
2010-08-09,29.4000,29.5400,29.1200,29.5200,3483400
2010-08-10,29.2300,29.4100,28.7600,29.1700,4063200
2010-08-11,28.8300,28.8500,28.2300,28.2500,7505800
2010-08-12,27.8000,28.3300,27.7600,28.0800,7694000
2010-08-13,27.9200,28.3400,27.8600,28.0100,6625500
2010-08-16,27.8200,27.8400,27.2100,27.3600,6334500
2010-08-17,27.5000,28.0700,27.4200,27.9550,6817500
2010-08-18,27.7900,28.2700,27.4900,28.1000,4006400
2010-08-19,27.8700,28.1400,27.2700,27.6900,5126700
2010-08-20,27.7400,28.0400,27.4100,27.9200,5253800
2010-08-23,28.0900,28.3800,27.6301,27.8200,4413600
2010-08-24,27.5600,28.0629,27.2900,27.9300,7822400
2010-08-25,27.5900,27.7993,27.4200,27.4800,12706000
2010-08-26,27.6500,27.7800,27.1200,27.3800,12818200
2010-08-27,27.4800,28.0600,27.0199,27.9800,7342400
2010-08-30,27.7900,28.1025,27.6300,27.7900,4870300
2010-08-31,27.7300,27.9700,27.4950,27.7000,8491100
2010-09-01,28.1400,28.9000,27.8900,28.8500,6116300
2010-09-02,29.0000,29.4200,28.8600,29.4200,6125600
2010-09-03,29.6600,29.9100,29.2500,29.4900,6035600
2010-09-07,29.4800,29.5700,29.1000,29.1700,4154100
2010-09-08,29.3200,29.6200,29.2300,29.3100,5205600
2010-09-09,31.8999,33.2300,31.3000,32.8600,38740500
2010-09-10,32.5600,32.6400,31.8550,32.2000,15942400
2010-09-13,32.2900,32.5500,31.9600,32.2400,6416700
2010-09-14,32.0800,32.8700,32.0800,32.4750,6011200
2010-09-15,32.2600,32.7700,32.1400,32.7600,4407300
2010-09-16,32.7600,33.1300,32.6200,32.8500,6240400
2010-09-17,33.1300,33.3800,32.6700,32.7800,11075400
2010-09-20,33.3400,33.5000,32.8800,33.1099,8431600
2010-09-21,33.6600,33.6800,32.8400,32.9400,24824300
2010-09-22,25.8900,26.8500,25.8100,26.6700,108752400
2010-09-23,26.5800,26.8400,26.2900,26.4100,31770800
2010-09-24,26.6800,26.9200,26.4200,26.8775,23950500
2010-09-27,26.8800,27.0801,26.6300,26.8800,11294500
2010-09-28,26.9100,26.9200,26.1300,26.2800,25302600
2010-09-29,26.2700,26.3400,26.0000,26.0400,14196200
2010-09-30,26.2500,26.3200,25.7000,26.1500,17408200
2010-10-01,26.1500,26.4900,26.1500,26.2700,8923400
2010-10-04,26.1400,26.3950,25.5600,25.6000,12822500
2010-10-05,25.7900,26.0000,25.6600,25.7700,14809600
2010-10-06,26.0000,26.1000,25.5000,25.7300,12636900
2010-10-07,25.8000,30.0000,25.4500,28.6900,66892700
2010-10-08,27.5200,27.6500,26.8600,26.9900,44108800
2010-10-11,27.0500,27.4900,26.9900,27.2500,10459000
2010-10-12,27.2300,27.7800,27.0200,27.6600,10274400
2010-10-13,27.7800,28.0000,27.5300,27.7100,9441600
2010-10-14,27.8500,28.0000,27.2000,27.4900,7435600
2010-10-15,27.6200,28.3500,27.3000,28.0800,20402000
2010-10-18,27.8000,28.1900,27.4800,28.0600,8068200
2010-10-19,27.6800,27.9350,27.3200,27.5800,9833100
2010-10-20,27.7100,28.4000,27.4600,28.2100,9200400
2010-10-21,28.3200,28.3500,27.2600,27.7000,9217600
2010-10-22,27.7500,28.2500,27.5800,28.2100,6902100
2010-10-25,28.2000,28.4000,27.8500,28.2000,13727400
2010-10-26,28.0400,28.7700,27.9500,28.1400,12548300
2010-10-27,27.9500,28.2300,27.8000,28.1700,10814600
2010-10-28,28.2700,28.3000,27.9500,28.1000,9750800
2010-10-29,28.1600,28.3600,28.0299,28.1500,6211500
2010-11-01,28.2900,28.4800,28.0000,28.2200,5394700
2010-11-02,28.3800,29.1500,28.2000,29.0200,9643100
2010-11-03,29.0200,29.0900,28.5200,28.8000,6423800
2010-11-04,29.1100,29.4900,29.0700,29.4600,6191500
2010-11-05,29.4300,29.7100,29.0700,29.1400,7584300
2010-11-08,29.0000,29.3500,28.8800,29.2900,5143300
2010-11-09,29.4000,29.8500,29.3400,29.4900,6304600
2010-11-10,29.5400,29.9000,29.3500,29.7900,6356400
2010-11-11,29.3700,29.9500,29.1800,29.9400,6408600
2010-11-12,29.6900,29.8500,29.1500,29.5400,8462900
2010-11-15,29.5700,29.8200,29.4000,29.5100,5192200
2010-11-16,29.2300,29.4900,28.8850,29.0200,7979500
2010-11-17,28.9700,29.2750,28.6600,28.9000,6688200
2010-11-18,29.2600,29.4700,28.6800,28.6800,6761500
2010-11-19,28.6600,29.1950,28.6200,28.8600,6047700
2010-11-22,28.7200,29.2300,28.5500,29.1800,4450100
2010-11-23,28.8000,28.8000,27.4900,28.1900,14184600
2010-11-24,28.3200,28.7725,28.2500,28.4000,7025500
2010-11-26,28.1200,28.7900,27.9800,28.7200,2658300
2010-11-29,28.4000,28.6700,27.9800,28.3600,4553500
2010-11-30,27.9700,28.1300,27.6600,27.8000,5831600
2010-12-01,28.1500,28.5800,28.1300,28.3700,6306700
2010-12-02,28.4800,29.1300,28.3600,29.1000,5769700
2010-12-03,28.9100,29.2800,28.9100,29.1400,4868200
2010-12-06,29.0200,29.4200,28.8600,29.2300,6059700
2010-12-07,29.5000,29.5500,28.8900,29.0200,7598300
2010-12-08,29.0300,29.2800,29.0000,29.2100,4880400
2010-12-09,29.4300,29.4900,28.4800,28.6000,10393700
2010-12-10,28.6300,28.8100,28.3801,28.7100,5346100
2010-12-13,28.5800,28.6900,27.8000,27.8100,8839200
2010-12-14,27.8600,28.1800,27.6700,28.1500,6546500
2010-12-15,28.0600,28.4300,27.6800,27.7200,6462500
2010-12-16,27.8100,28.5200,27.5100,28.5200,7665700
2010-12-17,28.5701,28.9600,28.3800,28.7900,11646400
2010-12-20,29.0100,29.4200,28.9800,29.1775,11973600
2010-12-21,30.9800,31.1500,30.2800,30.9300,23465600
2010-12-22,30.8500,30.8900,30.3000,30.6475,6343500
2010-12-23,30.5400,30.8800,30.5400,30.8500,3027200
2010-12-27,30.7000,31.0400,30.6200,30.9500,2920300
2010-12-28,31.1200,31.1700,30.6900,30.9200,3748400
2010-12-29,30.9300,31.1200,30.8400,30.9700,2662600
2010-12-30,30.9200,31.1000,30.5700,30.5700,3435500
2010-12-31,30.5200,30.8000,30.4200,30.7800,2841300
2011-01-03,30.8300,31.4800,30.7900,31.2900,6245500
2011-01-04,31.2800,31.6500,31.1800,31.5100,8038100
2011-01-05,31.4800,32.2400,31.4200,32.2200,7143500
2011-01-06,32.1300,32.2950,31.8800,32.2700,6230900
2011-01-07,32.1800,32.2200,31.5000,32.0400,6828500
2011-01-10,32.3000,33.1000,31.9500,32.9600,10377900
2011-01-11,33.1300,33.2600,32.6600,32.9800,7110600
2011-01-12,33.1400,33.7400,33.0601,33.5725,7319100
2011-01-13,33.5800,33.7200,33.0700,33.3800,7594800
2011-01-14,33.4100,33.9200,33.3200,33.7900,5767300
2011-01-18,33.5500,34.3000,33.5400,34.1800,5722100
2011-01-19,34.1200,34.2500,33.6400,33.9100,5899200
2011-01-20,33.6600,33.7500,32.6800,33.4900,8531800
2011-01-21,33.7900,33.9200,33.1900,33.2700,5714800
2011-01-24,33.3600,34.1300,33.2800,34.0300,7387900
2011-01-25,32.9800,33.7100,32.9800,33.5600,8191400
2011-01-26,33.3600,33.8900,33.3400,33.5200,5913500
2011-01-27,33.4800,34.0000,33.4400,33.8500,4679400
2011-01-28,33.9300,33.9900,32.3425,32.4900,6506700
2011-01-31,32.6000,33.1250,32.5700,33.0500,5390600
2011-02-01,33.2500,33.8600,33.2200,33.5100,4738000
2011-02-02,33.2900,33.9850,33.2900,33.4300,3046100
2011-02-03,33.2700,33.6000,32.9800,33.5300,3043800
2011-02-04,33.5700,33.7200,33.1700,33.3600,6534800
2011-02-07,33.4800,33.6900,33.3500,33.5600,3679400
2011-02-08,33.6300,33.6500,33.1950,33.5700,2074900
2011-02-09,33.4700,33.4900,32.7200,33.0100,4327600
2011-02-10,32.8600,33.5700,32.7580,33.5700,4010800
2011-02-11,33.4200,33.6800,33.1000,33.6700,3113400
2011-02-14,33.7000,34.0000,33.6050,33.8600,2746300
2011-02-15,33.6800,34.0000,33.4700,33.9400,3145600
2011-02-16,34.0000,35.1750,33.9000,34.6900,7727900
2011-02-17,34.4800,35.1000,34.4200,34.9800,4395700
2011-02-18,35.1000,35.8400,35.0000,35.3900,6779700
2011-02-22,34.9300,35.1300,33.7200,33.7400,6549600
2011-02-23,33.7000,33.7400,32.9299,33.3800,4734100
2011-02-24,33.3500,33.6300,32.9400,33.4500,3965500
2011-02-25,34.1500,34.9400,34.1400,34.6300,5620300
2011-02-28,34.6800,35.0000,34.1601,34.5000,4936900
2011-03-01,34.7300,34.7900,33.6700,33.9700,5908400
2011-03-02,33.9400,34.8200,33.9100,34.4800,4562000
2011-03-03,34.8200,35.3500,34.8000,35.0500,3148200
2011-03-04,34.9400,35.5000,34.7000,35.2700,4005900
2011-03-07,35.4500,35.6000,34.2500,34.7200,5003600
2011-03-08,34.8000,35.6600,34.4400,35.2900,3783800
2011-03-09,35.1700,35.6300,35.0201,35.1300,3435800
2011-03-10,34.6800,35.1600,34.1500,34.8600,5265900
2011-03-11,34.7000,34.8700,33.9600,34.6100,5058900
2011-03-14,34.2200,34.4500,33.5200,34.0800,5577100
2011-03-15,32.4500,33.2400,32.1600,33.0400,6682500
2011-03-16,32.6800,32.8000,31.7900,32.0900,8168600
2011-03-17,32.5700,32.5700,31.5300,31.8350,9127200
2011-03-18,32.1100,32.4000,31.9300,31.9900,6921600
2011-03-21,32.3100,32.8500,32.1100,32.3400,5670300
2011-03-22,32.3400,33.0400,32.2800,32.8800,11264800
2011-03-23,32.6101,32.7200,30.7600,31.6800,17689600
2011-03-24,31.7300,32.7100,31.7300,32.5900,11754200
2011-03-25,32.8100,32.9200,32.4900,32.6400,8997300
2011-03-28,32.8100,32.8100,32.3300,32.4300,5639400
2011-03-29,32.4500,32.8800,32.2700,32.6200,8032300
2011-03-30,32.7900,33.0600,32.7200,32.9500,7082600
2011-03-31,32.8800,33.3000,32.8000,33.1600,7720000
2011-04-01,33.5300,34.6400,33.3412,34.1600,10489700
2011-04-04,34.2600,34.5800,34.2300,34.3700,5498500
2011-04-05,34.2000,34.4200,34.0600,34.1800,5494500
2011-04-06,34.4400,34.5500,33.8100,34.2400,5304300
2011-04-07,34.1100,34.5900,34.0800,34.4800,5318800
2011-04-08,34.6200,34.6800,33.9500,34.1500,4721400
2011-04-11,34.2000,34.7100,34.1900,34.3800,6796900
2011-04-12,34.2100,34.2900,33.8700,34.0900,4631700
2011-04-13,34.3000,34.4400,33.7900,34.2100,5072100
2011-04-14,33.9000,34.5200,33.8300,34.3300,4628700
2011-04-15,34.4100,34.7300,34.2441,34.5100,6120900
2011-04-18,34.0700,34.1400,33.2900,33.8500,5449000
2011-04-19,33.8500,34.0200,33.5800,33.6500,4723300
2011-04-20,33.4800,34.0000,33.3000,33.6900,9636500
2011-04-21,33.6900,33.7600,33.3800,33.4800,6779600
2011-04-25,33.5800,33.7200,33.1400,33.2300,5236400
2011-04-26,33.2800,33.3500,32.9100,33.1300,7700000
2011-04-27,33.1400,33.6900,33.0700,33.6500,5092200
2011-04-28,33.6400,34.1400,33.6400,34.0200,3300000
2011-04-29,34.0500,34.1200,33.4750,33.5500,5228700
2011-05-02,33.6800,33.9500,33.4600,33.5500,3500800
2011-05-03,33.4600,33.7000,33.1000,33.4900,3000000
2011-05-04,33.4100,33.5800,33.0000,33.2200,3903300
2011-05-05,33.1200,33.3900,32.7500,32.9400,3500000
2011-05-06,33.3200,33.8800,33.0900,33.4000,4903100
2011-05-09,33.3400,34.2500,33.2400,33.9700,5395100
2011-05-10,34.1000,34.8600,34.0100,34.7500,4194200
2011-05-11,35.0000,35.9900,34.9200,35.4000,8700000
2011-05-12,35.3200,35.8900,35.1800,35.8600,6100000
2011-05-13,35.7500,35.8500,35.2100,35.3300,4072300
2011-05-16,35.1300,35.3600,34.3400,34.3900,3879500
2011-05-17,34.3900,34.9700,34.2100,34.7200,5348600
2011-05-18,34.6000,34.9500,34.4300,34.8700,2209800
2011-05-19,34.9800,35.5100,34.8700,35.4100,4252800
2011-05-20,35.4600,35.6700,35.2100,35.3100,3246700
2011-05-23,34.7200,34.8100,34.1700,34.4300,3605300
2011-05-24,34.5600,34.6900,33.9900,34.1400,2807100
2011-05-25,34.1000,34.3700,33.9400,34.1300,2961300
2011-05-26,34.0700,34.6300,33.9600,34.5400,2789400
2011-05-27,34.4600,34.5600,34.0800,34.2900,4040100
2011-05-31,34.6100,34.8400,34.4100,34.6300,3938000
2011-06-01,34.5300,34.8200,34.1100,34.1200,3569400
2011-06-02,34.0700,34.2800,33.7250,34.2600,6012000
2011-06-03,33.8000,33.9300,33.2600,33.2700,3930000
2011-06-06,33.1700,33.4100,32.8200,32.8400,3075400
2011-06-07,33.0000,33.3100,32.6700,33.0100,4301800
2011-06-08,32.8700,33.0100,32.2000,32.2400,4481300
2011-06-09,32.3500,32.4800,32.0500,32.2150,3550600
2011-06-10,32.2300,32.2300,31.5750,31.6700,5023200
2011-06-13,31.6700,31.9300,31.5800,31.6600,3756300
2011-06-14,31.9500,32.5200,31.8000,32.0900,4762700
2011-06-15,31.7400,31.8100,31.0700,31.1300,5132500
2011-06-16,31.0900,31.2400,30.4300,30.8000,5988200
2011-06-17,31.3300,31.3300,30.4400,30.4700,10549200
2011-06-20,30.2700,31.0900,30.2600,30.9500,8884600
2011-06-21,31.2000,32.0300,31.1500,32.0100,9031900
2011-06-22,30.2999,30.7700,29.7800,30.0100,22453100
2011-06-23,29.6700,30.4800,29.6300,30.4400,8866400
2011-06-24,30.2700,30.3400,29.7300,29.9700,8299100
2011-06-27,29.8400,31.1300,29.8200,30.8900,7080400
2011-06-28,31.0300,31.0300,30.7100,30.7900,5469600
2011-06-29,30.9500,31.2600,30.8800,31.1500,5023600
2011-06-30,31.2100,31.6000,31.0500,31.4500,5519700
2011-07-01,31.3300,31.6500,31.2400,31.5300,4218400
2011-07-05,31.4200,31.6000,31.2400,31.5200,3513400
2011-07-06,31.5200,31.7900,31.4500,31.6500,2873100
2011-07-07,31.8500,32.3500,31.7600,32.0700,4938000
2011-07-08,31.8000,32.0000,31.1200,31.5400,4917600
2011-07-11,31.1800,31.3300,30.7600,30.9800,3725400
2011-07-12,30.8000,30.8000,30.2300,30.3500,5665300
2011-07-13,30.5200,30.7650,29.9700,30.0700,5277400
2011-07-14,30.1200,30.2200,29.2500,29.3500,7159600
2011-07-15,29.4300,29.5700,29.0200,29.2900,5232800
2011-07-18,29.1800,29.1800,28.3400,28.7700,5789500
2011-07-19,29.0200,29.6300,28.9300,29.4000,4944300
2011-07-20,29.4000,29.4500,29.0300,29.1600,3747600
2011-07-21,29.2200,30.0300,29.1700,29.5600,6380700
2011-07-22,29.6900,29.8500,29.1000,29.7200,5349400
2011-07-25,29.5600,29.8300,29.3200,29.6500,3673100
2011-07-26,29.6700,29.8500,29.3500,29.6300,2910600
2011-07-27,29.4600,29.4800,28.4600,28.5000,6108100
2011-07-28,28.4300,28.6600,28.0000,28.0200,9289100
2011-07-29,28.0000,28.1500,27.6300,27.7100,8024200
2011-08-01,27.9500,28.0400,27.2300,27.6700,6798000
2011-08-02,27.5100,27.7500,27.0100,27.0300,4707900
2011-08-03,27.1200,27.4050,26.5650,27.3700,4832100
2011-08-04,26.9100,27.1200,26.1200,26.1500,11350400
2011-08-05,26.4000,26.5000,25.1600,25.6200,14940600
2011-08-08,24.7700,25.2099,23.9100,23.9100,11923600
2011-08-09,24.0900,24.8500,23.2000,24.8100,12034700
2011-08-10,24.2500,24.3700,22.7500,22.8000,14534600
2011-08-11,22.9800,24.3300,22.6700,24.0000,14533400
2011-08-12,23.8800,24.2699,23.7800,24.1000,7304800
2011-08-15,24.1600,24.6500,24.1500,24.6500,4258500
2011-08-16,24.3301,24.7550,24.2200,24.6300,7402600
2011-08-17,24.5700,25.1500,24.3050,24.5600,5754300
2011-08-18,23.8000,23.8500,23.0000,23.2800,10522500
2011-08-19,23.0500,23.6750,22.6700,22.6900,7304500
2011-08-22,23.1900,23.3550,22.8400,23.1700,6028400
2011-08-23,23.3000,23.7800,23.1750,23.7800,6317800
2011-08-24,23.7400,24.1400,23.4500,24.1000,5972600
2011-08-25,24.2900,24.4600,23.7500,23.8650,6834100
2011-08-26,23.8200,24.7500,23.5500,24.5400,4268400
2011-08-29,24.9600,25.5800,24.8400,25.5150,3896000
2011-08-30,25.2000,25.3900,24.9000,25.1900,5029900
2011-08-31,25.3500,25.8700,25.0400,25.2400,5257300
2011-09-01,25.3500,25.4300,24.6900,24.7700,4679400
2011-09-02,24.2900,24.3200,23.7700,24.1500,6477100
2011-09-06,23.4600,23.8092,23.2000,23.7400,5579700
2011-09-07,24.1000,25.3400,24.0200,25.3000,7951500
2011-09-08,25.2300,25.2500,24.8600,24.9900,5993400
2011-09-09,24.7300,25.1000,24.4250,24.6400,6805600
2011-09-12,24.3399,25.2300,24.2400,25.2000,6505500
2011-09-13,25.2500,25.4400,24.8600,25.1800,7253900
2011-09-14,25.3600,26.0950,24.9900,25.7550,5069300
2011-09-15,26.0300,26.1800,25.6900,26.1200,5478600
2011-09-16,25.8100,25.8490,25.2500,25.5200,13048300
2011-09-19,25.2200,25.5100,24.8400,25.2700,7670200
2011-09-20,25.4000,25.4000,24.5300,24.6400,11626800
2011-09-21,25.9500,26.3000,24.8800,24.8900,15700200
2011-09-22,23.9900,24.4000,23.8700,24.3100,11130000
2011-09-23,24.1600,25.0000,23.9700,24.8800,5681700
2011-09-26,24.9900,25.1700,24.3100,25.1300,5245200
2011-09-27,25.5400,26.1393,25.3600,25.5600,5871400
2011-09-28,25.6200,25.7950,25.0390,25.1100,4783900
2011-09-29,25.6000,25.8300,24.4500,24.9900,6030100
2011-09-30,24.6000,24.7000,24.1400,24.1700,6563300
2011-10-03,23.9000,24.2200,23.2400,23.2600,7995200
2011-10-04,22.9700,24.0700,22.8900,24.0400,7106200
2011-10-05,24.0700,24.8000,23.7400,24.6750,5511200
2011-10-06,24.6000,25.3400,24.4900,25.3300,3846300
2011-10-07,25.4200,25.6750,25.0300,25.2800,4105500
2011-10-10,25.7400,26.0800,25.4500,25.7600,4036200
2011-10-11,25.7300,26.0722,25.5300,25.8400,4367100
2011-10-12,26.0900,26.2800,25.8000,25.8800,4819100
2011-10-13,25.8000,25.8900,25.3900,25.8000,4516800
2011-10-14,27.1250,27.6450,26.3700,26.8100,18683900
2011-10-17,26.9900,27.0600,26.1100,26.2400,5372800
2011-10-18,26.3000,26.9900,25.8600,26.7600,9990500
2011-10-19,26.5700,26.7500,25.9100,26.0200,3908200
2011-10-20,26.0300,26.2000,25.5000,26.0800,8007200
2011-10-21,26.3900,27.4100,26.3550,27.3000,7311100
2011-10-24,27.3100,28.2300,27.2400,28.2000,6770700
2011-10-25,28.0500,28.2800,27.7700,27.8500,6455700
2011-10-26,28.0900,28.1500,27.2500,27.8100,6735200
2011-10-27,28.5101,28.6800,28.1400,28.3400,7891500
2011-10-28,28.1500,29.0550,28.0810,29.0200,4545700
2011-10-31,28.4800,29.7200,28.4500,29.4100,12805900
2011-11-01,28.5199,28.8500,28.1300,28.5900,12232200
2011-11-02,28.8800,29.6700,28.8300,29.3500,9150300
2011-11-03,29.6300,30.2200,29.4900,30.1600,5568800
2011-11-04,29.9700,30.0700,29.6100,29.7900,6212200
2011-11-07,29.6700,29.9900,29.0400,29.9200,4303500
2011-11-08,30.1600,30.6800,30.0400,30.4200,6593900
2011-11-09,27.4900,28.4800,26.1300,28.0800,27277200
2011-11-10,28.2200,28.2800,27.6200,28.0300,8969500
2011-11-11,28.1700,28.7900,28.0200,28.4300,8354700
2011-11-14,28.3500,28.7400,28.1600,28.2400,4715500
2011-11-15,28.1300,28.5900,28.1100,28.4700,5688900
2011-11-16,28.2400,29.0700,28.0000,28.5400,6319800
2011-11-17,28.4800,28.5500,27.4850,27.6900,6939600
2011-11-18,27.7200,27.7600,27.1300,27.1800,6119700
2011-11-21,26.8500,26.8600,26.3300,26.6300,6730600
2011-11-22,26.4700,26.6500,26.2000,26.3300,5008100
2011-11-23,26.0500,26.1650,25.8000,25.9400,5496100
2011-11-25,25.7200,26.0550,25.7200,25.8300,2946700
2011-11-28,26.4900,26.8800,26.4100,26.6200,5923300
2011-11-29,26.6900,26.6900,25.9400,26.0700,8097000
2011-11-30,26.8000,27.4300,26.6100,27.4200,6276100
2011-12-01,26.9300,27.4500,26.9000,27.1400,4908200
2011-12-02,27.3500,27.4500,27.0100,27.1100,3752600
2011-12-05,27.4300,28.0700,27.2500,27.9100,4979900
2011-12-06,28.0100,28.1800,27.8400,27.9600,4075400
2011-12-07,27.8700,27.9900,27.1600,27.8600,5501100
2011-12-08,27.7400,28.1100,27.3200,27.3800,4742300
2011-12-09,27.3500,28.1500,27.2980,28.0400,4227400
2011-12-12,27.7300,27.8000,27.1000,27.3900,4825100
2011-12-13,27.5500,27.7000,26.8900,26.9900,8728700
2011-12-14,26.8000,27.1500,26.2500,26.5200,7277900
2011-12-15,26.8000,27.0100,26.3900,26.4600,5819000
2011-12-16,27.7300,28.9300,27.6200,28.2000,14464700
2011-12-19,28.0600,28.2900,27.4000,27.5050,6635000
2011-12-20,27.9499,28.4900,27.8600,28.4400,4505300
2011-12-21,28.2900,28.3800,27.3950,27.9700,7383600
2011-12-22,28.0500,28.2500,27.7000,27.8850,5299700
2011-12-23,28.0400,28.3000,27.9500,28.2900,3131900
2011-12-27,28.2500,28.7600,28.1600,28.5000,3246500
2011-12-28,28.4500,28.5800,27.9300,28.0150,2500500
2011-12-29,28.0200,28.4500,27.9800,28.3100,2579800
2011-12-30,28.2600,28.6400,28.2600,28.2700,3471900
2012-01-03,28.7000,29.0100,28.5100,28.5700,4495100
2012-01-04,28.5000,28.5900,28.0400,28.2800,3852400
2012-01-05,28.0700,28.6200,28.0500,28.4800,2999500
2012-01-06,28.3700,28.7900,28.1400,28.7200,5781700
2012-01-09,28.7600,28.8300,28.4400,28.5300,3514700
2012-01-10,28.6100,29.3500,28.6100,29.2000,4442700
2012-01-11,29.1600,29.3900,28.9600,29.3200,3306300
2012-01-12,29.4300,29.4700,28.8302,29.2300,3704300
2012-01-13,29.1100,29.1800,28.4500,28.9700,2903900
2012-01-17,29.1700,29.4800,28.9900,29.3500,2903500
2012-01-18,29.2700,29.8900,29.2200,29.8900,4553700
2012-01-19,29.9100,30.2800,29.8800,30.2400,4303100
2012-01-20,30.2800,30.5500,30.1800,30.5000,4091200
2012-01-23,30.3300,30.7800,29.9800,30.2300,5378200
2012-01-24,30.1700,31.0000,30.0800,30.9500,4715800
2012-01-25,30.5900,31.4000,30.5100,31.3400,5459800
2012-01-26,31.1500,31.7700,31.0000,31.1800,4287800
2012-01-27,30.4700,31.2110,30.3100,31.0500,4291000
2012-01-30,30.6900,31.1250,30.5500,31.0000,5184400
2012-01-31,31.1800,31.2500,30.8500,30.9500,3753600
2012-02-01,31.2000,31.5000,31.0900,31.2400,4654400
2012-02-02,31.2400,31.6800,31.2100,31.2850,3803900
2012-02-03,31.7000,32.1700,31.6000,31.8500,4588200
2012-02-06,31.6100,32.3500,31.5200,31.8550,4536300
2012-02-07,31.7400,32.4000,31.7000,32.2800,3404200
2012-02-08,32.2000,32.3900,31.9300,32.1000,3607700
2012-02-09,32.0900,32.6900,32.0900,32.6500,4711900
2012-02-10,32.2800,32.4600,32.0500,32.2100,2819800
2012-02-13,32.4200,32.6500,32.0000,32.3500,3260800
2012-02-14,32.2000,32.4400,32.0600,32.4400,4953200
2012-02-15,32.4900,32.6500,32.3500,32.4600,3311500
2012-02-16,32.4500,32.9100,32.4500,32.8600,3085700
2012-02-17,32.9600,33.0500,32.7500,32.7500,3686400
2012-02-21,32.7400,33.0600,32.4700,32.5400,3655400
2012-02-22,32.4500,32.8900,32.2400,32.3300,3389700
2012-02-23,32.2600,33.0100,32.1000,32.9700,3119200
2012-02-24,32.9100,33.5000,32.8600,33.4100,3481200
2012-02-27,33.1800,33.5000,33.0900,33.2700,3204400
2012-02-28,33.3600,33.4400,32.9800,33.2700,4147800
2012-02-29,33.2100,33.4400,32.8600,32.8900,4103100
2012-03-01,32.8600,33.2900,32.7700,33.1000,2898900
2012-03-02,33.0000,33.8250,32.9100,33.7300,4979600
2012-03-05,33.5600,33.6100,33.0400,33.2200,3307800
2012-03-06,32.8000,33.1000,31.9000,31.9900,7675000
2012-03-07,32.1300,32.5600,31.9600,32.4100,3326400
2012-03-08,32.6800,33.1500,32.6700,33.0500,3198700
2012-03-09,33.1900,33.6500,33.0800,33.6400,2910700
2012-03-12,33.5000,33.8500,33.2700,33.5600,2487300
2012-03-13,33.7900,34.2200,33.4200,34.2200,3425700
2012-03-14,34.2400,34.2400,33.6600,33.7700,3607000
2012-03-15,33.8600,34.2000,33.6300,34.1700,3685800
2012-03-16,34.0600,34.1500,33.6600,33.8200,5093300
2012-03-19,34.0800,34.5500,33.5600,34.5100,6819300
2012-03-20,33.3800,33.9400,32.8800,33.1600,16394100
2012-03-21,33.1000,33.8300,33.1000,33.5600,5680100
2012-03-22,33.3100,33.8000,33.2200,33.7100,5121700
2012-03-23,33.7100,33.8400,33.5000,33.8150,3253200
2012-03-26,33.9900,34.4200,33.9300,34.4000,4668400
2012-03-27,34.3300,34.7050,34.2800,34.6300,4376000
2012-03-28,34.5200,34.7500,34.2800,34.4600,4223100
2012-03-29,34.3200,34.5500,34.1600,34.4800,2459000
2012-03-30,34.6900,34.6900,34.2400,34.3100,5232500
2012-04-02,34.1400,34.7800,33.8000,34.7000,4110500
2012-04-03,34.5200,34.6100,33.9900,34.3100,2879500
2012-04-04,33.9800,34.0300,33.3600,33.4600,4357800
2012-04-05,33.1700,33.6200,33.1400,33.5900,3987700
2012-04-09,33.0200,33.3600,32.7700,33.2200,3478300
2012-04-10,33.1500,33.4300,32.5300,32.6100,5460200
2012-04-11,32.9700,33.1000,32.6300,33.0050,3586400
2012-04-12,33.0200,33.6500,32.8707,33.5500,3053400
2012-04-13,33.4000,33.6100,33.1600,33.1800,2784700
2012-04-16,33.2200,33.3700,32.6900,32.8450,3281300
2012-04-17,33.1300,33.9800,32.9300,33.8400,4049900
2012-04-18,33.5800,33.6300,33.2500,33.3900,2369000
2012-04-19,33.2000,33.7000,32.6900,32.9050,3452900
2012-04-20,32.9200,33.7450,32.6900,33.0600,3970600
2012-04-23,32.8400,32.8400,32.3200,32.6200,3580700
2012-04-24,32.6600,32.8300,32.2300,32.4000,4756700
2012-04-25,32.6400,33.2700,32.4600,33.1300,3742100
2012-04-26,32.9900,33.3200,32.9200,33.2600,2999500
2012-04-27,33.3800,33.7900,33.2100,33.5800,3277600
2012-04-30,33.4600,33.6200,33.4000,33.5500,2678900
2012-05-01,33.5900,34.0900,33.4700,33.7700,2578700
2012-05-02,33.6300,33.8800,33.2700,33.7600,1612300
2012-05-03,33.7700,33.9400,33.2400,33.3200,2670300
2012-05-04,32.9900,33.2100,32.5000,32.6100,2991800
2012-05-07,32.4800,32.9000,32.3300,32.5200,3323000
2012-05-08,32.2900,32.7500,31.8800,32.6700,3592100
2012-05-09,32.2900,32.7200,31.8200,32.5200,4057300
2012-05-10,32.7300,32.8192,31.6450,31.9200,4811500
2012-05-11,31.9000,32.4600,31.7000,32.2000,3183500
2012-05-14,31.8100,32.5200,31.6700,32.2300,3133400
2012-05-15,32.2300,32.8500,32.1300,32.3300,2540300
2012-05-16,32.4400,32.7350,32.1900,32.3600,4373600
2012-05-17,32.3800,32.6208,32.0100,32.0100,4762700
2012-05-18,32.1000,32.1000,31.2900,31.3100,4238200
2012-05-21,31.4500,32.0700,30.9400,32.0100,3420000
2012-05-22,31.9700,32.2500,31.6300,32.0100,3476700
2012-05-23,31.7000,32.2100,31.4600,32.1800,4300000
2012-05-24,32.1700,32.1700,31.3600,31.5400,4116500
2012-05-25,31.6400,31.9000,31.5000,31.6000,2000300
2012-05-29,31.8800,32.2600,31.6100,32.0500,3171200
2012-05-30,31.8300,31.8300,31.1300,31.2900,3426400
2012-05-31,31.3400,31.3800,30.7600,31.0500,4736000
2012-06-01,30.3700,30.6200,29.8100,29.8200,4362000
2012-06-04,29.8800,30.6200,29.8800,30.3100,3668100
2012-06-05,30.1900,30.7370,30.1900,30.7050,2263800
2012-06-06,30.9100,31.7200,30.6700,31.6900,3092800
2012-06-07,32.0600,32.1200,31.2400,31.3200,4293100
2012-06-08,31.2500,31.6900,31.2000,31.6500,3095900
2012-06-11,31.9000,31.9500,31.0900,31.1300,3811400
2012-06-12,31.3400,31.7800,31.2000,31.7700,3305700
2012-06-13,31.6500,32.0900,31.5400,31.7900,4141000
2012-06-14,31.3500,31.8450,31.1300,31.6700,6732700
2012-06-15,31.7500,32.4200,31.4400,32.3900,5442600
2012-06-18,32.2700,32.6800,32.0800,32.6300,4579500
2012-06-19,32.8400,33.1900,32.6700,32.8900,6714500
2012-06-20,30.6750,32.4900,30.3800,31.9900,18924900
2012-06-21,31.8200,31.9380,31.1300,31.2300,7167100
2012-06-22,31.4000,31.7350,31.1900,31.5650,7841700
2012-06-25,31.2600,31.3600,30.8000,30.8450,2595400
2012-06-26,30.9000,31.2000,30.7100,31.0700,2208600
2012-06-27,31.2800,31.5500,31.1000,31.4100,1960300
2012-06-28,31.2600,31.3700,30.7500,31.1700,2887800
2012-06-29,31.7400,32.3700,31.6800,32.3700,4451000
2012-07-02,31.8600,32.2500,31.8600,32.1900,3895800
2012-07-03,32.0100,32.5100,32.0100,32.5100,2107800
2012-07-05,32.2200,32.6800,32.1914,32.5300,2973000
2012-07-06,32.2000,32.4800,31.2200,31.3700,5272700
2012-07-09,31.2900,31.5300,30.4000,30.4300,5342900
2012-07-10,30.7000,30.8800,30.2100,30.4400,4084700
2012-07-11,30.5100,30.5100,29.9700,30.2000,2611700
2012-07-12,30.1100,30.3100,29.5200,30.1400,4716800
2012-07-13,30.1800,30.7750,30.0600,30.6500,2719000
2012-07-16,30.6500,30.6500,30.2400,30.4000,1879600
2012-07-17,30.7100,30.7100,29.9800,30.6500,3314000
2012-07-18,30.6500,31.5700,30.5500,31.4300,3124400
2012-07-19,31.5100,32.1100,31.4100,31.8850,3645700
2012-07-20,31.9300,32.0500,31.3500,31.3800,4063500
2012-07-23,30.8100,30.8200,30.2300,30.6400,2689800
2012-07-24,30.6700,30.7500,29.8100,30.0150,2866400
2012-07-25,30.0600,30.5200,29.9800,30.3300,3003700
2012-07-26,30.8500,31.4100,30.4900,30.9450,3644200
2012-07-27,31.2600,32.0000,31.1700,31.8950,3312900
2012-07-30,31.8900,31.9500,30.9200,31.0100,4261200
2012-07-31,30.9900,31.2740,30.8400,30.8800,2662900
2012-08-01,31.0500,31.1680,30.6434,30.6900,2738800
2012-08-02,30.4600,30.8300,30.2500,30.5800,2640000
2012-08-03,31.1500,32.0600,31.0500,32.0200,3617100
2012-08-06,32.0200,32.3200,32.0100,32.1400,2910600
2012-08-07,32.2400,32.5800,32.2200,32.3700,2569000
2012-08-08,32.1900,32.6400,32.1900,32.5100,2156700
2012-08-09,32.6000,32.9400,32.4200,32.6500,4344400
2012-08-10,32.5700,32.6900,32.4300,32.6400,2975800
2012-08-13,32.4800,32.5500,32.0900,32.2700,2433900
2012-08-14,32.5100,32.5494,32.0000,32.1050,2712500
2012-08-15,32.2400,32.9500,32.1200,32.9100,3632300
2012-08-16,32.8900,33.7200,32.8700,33.6500,4020000
2012-08-17,33.7300,33.9100,33.4200,33.8000,3823000
2012-08-20,33.6600,33.9400,33.3600,33.9200,3465000
2012-08-21,33.7800,34.0900,33.5950,33.7500,3493200
2012-08-22,33.7400,33.9800,33.6150,33.8400,2871000
2012-08-23,33.6600,33.8000,33.3450,33.5000,2566700
2012-08-24,32.5800,32.5800,31.8300,32.2600,8759600
2012-08-27,32.4700,32.7500,32.3000,32.3200,4457400
2012-08-28,32.3600,32.4600,32.0300,32.0600,4139800
2012-08-29,32.1400,32.2400,31.6100,31.9600,4560900
2012-08-30,31.7700,31.8500,31.3500,31.4600,3174800
2012-08-31,31.6500,31.9000,31.0000,31.2700,5966300
2012-09-04,31.2400,31.5100,31.0100,31.4350,4419800
2012-09-05,31.3900,32.2600,31.2600,32.2600,6289600
2012-09-06,32.2600,32.9800,32.2600,32.7900,4577200
2012-09-07,32.8300,32.8900,32.3900,32.4600,3581300
2012-09-10,32.3600,32.5700,32.1100,32.1300,3865300
2012-09-11,32.0600,32.5900,31.9400,32.4300,3929200
2012-09-12,32.5900,32.8800,32.3300,32.4200,3564800
2012-09-13,32.4900,33.0700,32.3200,32.8100,4195200
2012-09-14,32.9300,33.3750,32.7400,33.3400,3862300
2012-09-17,33.2900,33.4200,32.9900,33.4100,3407700
2012-09-18,33.2300,33.2600,32.4900,32.5700,5954700
2012-09-19,32.8000,33.1680,32.4600,33.1200,7805300
2012-09-20,33.2500,34.5500,33.0000,34.5298,12398400
2012-09-21,34.3600,34.4900,33.4699,33.8300,8794400
2012-09-24,33.3900,33.7600,33.2600,33.4150,5348300
2012-09-25,33.7000,33.7500,32.8700,32.8950,6122000
2012-09-26,32.9100,32.9800,32.4200,32.5300,3406100
2012-09-27,32.6700,32.9400,32.4300,32.8000,3487600
2012-09-28,32.6500,32.9300,32.3900,32.4350,4017900
2012-10-01,32.5800,32.8500,32.3500,32.6200,5201900
2012-10-02,32.8200,32.9100,32.3200,32.5700,3381600
2012-10-03,32.7300,32.8500,32.5200,32.6000,2455700
2012-10-04,32.6200,32.7950,32.2000,32.6800,3886900
2012-10-05,32.8300,33.0300,32.3900,32.4700,2505100
2012-10-08,32.2600,32.4700,32.0200,32.2300,2154800
2012-10-09,32.2200,32.2500,31.5600,31.6850,3504400
2012-10-10,31.6400,31.8000,31.3300,31.5100,2481700
2012-10-11,31.8500,31.9100,31.5800,31.7800,2854600
2012-10-12,31.7800,32.0500,31.6900,31.9400,3040300
2012-10-15,32.0100,32.3500,31.8800,32.3300,3143200
2012-10-16,32.4400,33.3450,32.3000,33.2400,4782200
2012-10-17,33.1200,33.5400,32.9200,33.4400,5146400
2012-10-18,33.4600,33.6800,33.2400,33.4750,3913800
2012-10-19,33.4500,33.6500,33.1400,33.2400,5562600
2012-10-22,33.4400,33.5500,33.1700,33.4900,3684900
2012-10-23,33.1900,33.4400,32.9700,33.3100,3151800
2012-10-24,33.5600,33.6000,33.2800,33.3600,3381500
2012-10-25,33.5300,33.6900,33.2650,33.4000,2868700
2012-10-26,33.1300,34.0900,32.9900,34.0100,6310600
2012-10-31,34.0000,34.0500,33.7600,34.0250,4253100
2012-11-01,34.0800,34.6400,33.8901,34.3600,3681700
2012-11-02,34.5900,34.6000,34.2300,34.3900,4006300
2012-11-05,34.1800,34.3300,33.8350,34.2400,2808500
2012-11-06,34.4200,34.6600,34.2450,34.3900,2678900
2012-11-07,34.1100,34.1500,33.4600,33.4700,4681500
2012-11-08,33.5000,33.5700,32.9200,32.9803,4247900
2012-11-09,33.0100,33.2800,32.8900,32.9000,2581600
2012-11-12,32.9500,33.0300,32.6630,32.7000,1911900
2012-11-13,32.5500,32.9200,32.3500,32.5400,2597200
2012-11-14,32.6000,32.7700,32.1600,32.2350,5566500
2012-11-15,32.3800,32.7250,32.1400,32.6400,3817700
2012-11-16,32.5800,32.7500,32.2650,32.6500,3447300
2012-11-19,32.9300,32.9999,32.7100,32.9200,2645500
2012-11-20,32.8000,32.9500,32.5150,32.6400,2345400
2012-11-21,32.7500,32.9800,32.5300,32.8400,1703700
2012-11-23,33.0600,33.4300,32.9900,33.4000,1449800
2012-11-26,33.2200,33.3300,33.0500,33.2950,2348500
2012-11-27,33.1900,33.5900,33.1600,33.1800,2180400
2012-11-28,33.1600,33.9400,32.9400,33.8800,2612600
2012-11-29,34.0800,34.1700,33.7800,34.0900,3353700
2012-11-30,34.1900,34.8100,33.8500,34.6100,4935400
2012-12-03,34.7800,34.8500,34.5700,34.7000,3146300
2012-12-04,34.7900,35.6400,34.6700,35.3000,6744100
2012-12-05,35.3000,35.6300,34.8600,35.4000,4277000
2012-12-06,35.2500,35.6800,35.0000,35.1400,5571900
2012-12-07,35.4000,35.5000,34.9400,35.4800,2725400
2012-12-10,35.4500,35.7800,35.4000,35.7500,3542100
2012-12-11,35.8000,36.1100,35.4700,35.5400,5912900
2012-12-12,35.7300,36.2800,35.6850,35.9597,4598200
2012-12-13,36.0100,36.5000,35.1900,35.5300,7746200
2012-12-14,37.2000,38.1000,37.0000,37.5600,17447900
2012-12-17,37.0700,37.4300,36.9000,37.4200,8928100
2012-12-18,37.4200,37.5100,37.1800,37.4904,7652400
2012-12-19,37.3900,38.2500,37.3500,38.0900,5853300
2012-12-20,38.0800,38.1600,37.7900,37.8700,4330300
2012-12-21,37.3600,38.0000,37.3500,37.7100,7975900
2012-12-24,37.7600,37.8200,37.3101,37.5300,2448000
2012-12-26,37.4800,37.9900,37.2600,37.5500,2437600
2012-12-27,37.4900,37.6200,36.8300,37.3000,3422700
2012-12-28,36.9100,37.4000,36.8900,36.9000,3171600
2012-12-31,36.8000,37.7000,36.6550,37.6800,4634600
2013-01-02,37.9200,38.7300,37.9200,38.3400,6483800
2013-01-03,38.1400,38.3000,37.6600,37.7500,3906000
2013-01-04,37.8800,38.1900,37.6200,38.1300,3809300
2013-01-07,37.8100,38.2100,37.7000,37.9400,3632100
2013-01-08,37.7800,38.2000,37.7500,38.1400,3080900
2013-01-09,38.1600,38.7050,38.1000,38.6600,4083100
2013-01-10,38.7500,38.7800,38.0900,38.6200,3645200
2013-01-11,38.6500,38.7340,37.8900,38.0900,3511300
2013-01-14,37.9900,38.2000,37.8100,38.1600,3048600
2013-01-15,37.8600,38.4600,37.8400,38.1500,2968100
2013-01-16,38.1200,38.2698,37.8100,37.8800,2640700
2013-01-17,37.7600,38.0900,37.7100,37.7300,4089500
2013-01-18,37.8100,37.9900,37.3600,37.9800,5561400
2013-01-22,37.8650,38.0150,37.5700,37.9500,2475400
2013-01-23,37.9400,38.2800,37.8900,38.2500,3309000
2013-01-24,38.1500,38.7000,37.9900,38.1000,2605600
2013-01-25,38.0500,38.5300,38.0200,38.3200,3273000
2013-01-28,37.9100,38.4100,37.9050,38.2400,3536100
2013-01-29,38.1100,38.5600,37.8100,38.5200,2935900
2013-01-30,38.5000,38.5100,37.8800,37.9400,2693600
2013-01-31,38.0000,38.2300,37.6800,37.8300,3291900
2013-02-01,38.2000,38.4800,37.9100,38.3400,2416100
2013-02-04,38.1900,38.4400,37.8200,38.1000,2928000
2013-02-05,38.2000,38.5700,38.0100,38.5100,2355600
2013-02-06,38.3600,38.6500,38.2600,38.4000,2567800
2013-02-07,38.2600,38.3900,37.6600,38.0700,3110300
2013-02-08,38.3100,39.4500,38.1450,39.1200,5104600
2013-02-11,38.9900,39.0500,38.5340,38.6400,2333800
2013-02-12,38.5500,39.1300,38.1200,38.8900,3279500
2013-02-13,38.9000,39.1500,38.6700,38.8100,2491000
2013-02-14,38.7000,38.9200,38.3010,38.6100,4929700
2013-02-15,38.5100,38.7600,38.3800,38.6350,2367900
2013-02-19,38.5800,39.0000,38.5200,38.9950,2056500
2013-02-20,39.0400,39.2800,38.7500,38.7700,3129600
2013-02-21,38.8200,38.8200,38.3000,38.3400,2872700
2013-02-22,38.5400,38.8700,38.3700,38.5500,2835500
2013-02-25,38.6600,39.0850,38.1000,38.1100,2738700
2013-02-26,38.1400,38.6600,38.0900,38.5900,2925000
2013-02-27,38.3200,39.7500,38.1000,39.6000,5285300
2013-02-28,39.5400,39.9350,39.2900,39.3100,3637600
2013-03-01,39.3000,39.8800,38.9600,39.8300,2328200
2013-03-04,39.7400,40.4700,39.4500,40.4600,2423600
2013-03-05,40.7600,41.4900,40.6800,41.4600,4236600
2013-03-06,41.4700,41.7700,41.1300,41.2900,2835600
2013-03-07,41.4000,41.5900,41.2000,41.5000,2678600
2013-03-08,41.7500,41.9100,41.3200,41.5000,3330300
2013-03-11,41.1200,41.5400,40.9600,41.4800,4632400
2013-03-12,41.5300,41.5300,41.1521,41.4000,3454800
2013-03-13,41.5000,41.8100,41.3000,41.5900,2892500
2013-03-14,41.8200,41.9300,41.4400,41.6200,2762900
2013-03-15,41.4500,41.7900,41.3200,41.3800,5424200
2013-03-18,41.0800,41.4800,40.2100,41.0600,3311300
2013-03-19,41.1000,41.3700,40.4900,40.7500,4767400
2013-03-20,42.7000,43.2300,41.9950,42.4600,10733400
2013-03-21,41.9900,42.6300,41.9000,42.1800,5659400
2013-03-22,42.1700,43.2300,42.1100,42.9700,5619500
2013-03-25,42.9000,43.4200,42.4100,42.4900,5296600
2013-03-26,42.6600,42.9500,42.4565,42.7500,2125400
2013-03-27,42.6000,42.8850,42.3800,42.6600,1707000
2013-03-28,42.5400,43.5900,42.4200,43.5150,4075200
2013-04-01,43.3600,43.7800,43.2300,43.3800,3398000
2013-04-02,43.5000,43.8900,43.3600,43.8450,3371600
2013-04-03,43.7800,43.8400,43.4910,43.7000,5043100
2013-04-04,43.7400,44.2500,43.4400,44.2100,5109900
2013-04-05,43.4200,43.8600,43.2100,43.3800,4307900
2013-04-08,43.2700,43.8000,43.1350,43.7900,2814100
2013-04-09,43.7100,44.2600,43.3400,44.1700,2529400
2013-04-10,44.4200,45.4000,44.3300,44.7000,5795400
2013-04-11,45.0400,45.5300,44.8000,45.2100,5896300
2013-04-12,45.1500,45.1600,44.7400,45.0300,2817700
2013-04-15,44.8100,45.4600,44.5900,44.6000,3553100
2013-04-16,44.7700,45.3500,44.7700,45.2800,2226500
2013-04-17,44.8600,45.1700,44.5100,44.9000,3421200
2013-04-18,45.1800,45.2000,44.3400,44.4600,2995900
2013-04-19,44.6000,44.8100,44.3100,44.7400,2746900
2013-04-22,45.0000,45.2000,44.3300,44.5300,2026400
2013-04-23,44.8400,45.3600,44.4400,44.8700,2163800
2013-04-24,44.9100,45.0500,44.5200,44.6700,2223500
2013-04-25,44.7500,45.2050,44.5600,45.0500,2131900
2013-04-26,44.8400,45.1800,44.7800,44.9100,2300100
2013-04-29,44.8900,45.5900,44.8200,45.0600,3553200
2013-04-30,44.7600,45.1500,44.5500,45.0800,4313200
2013-05-01,45.1400,45.7300,44.6100,44.7100,3817600
2013-05-02,44.6500,45.8800,44.6300,45.6900,2738500
2013-05-03,46.0000,47.1700,45.8200,47.0100,4226500
2013-05-06,47.0000,47.1400,46.4800,46.4900,3078200
2013-05-07,46.4600,46.6800,45.2900,45.6020,6863000
2013-05-08,45.5100,45.6400,45.1601,45.3200,3318900
2013-05-09,45.2200,45.2500,43.4700,43.9700,9319000
2013-05-10,44.1200,44.2000,43.7500,44.0200,4571200
2013-05-13,43.9800,44.0080,43.4900,43.6100,2768000
2013-05-14,43.7000,44.1000,43.6001,44.0400,4305000
2013-05-15,44.0600,45.1050,43.9500,45.0700,3646000
2013-05-16,44.9600,45.3400,44.4800,44.5600,2609100
2013-05-17,44.6000,44.7600,44.3300,44.6100,3688200
2013-05-20,44.5500,44.6750,44.1500,44.2900,1491100
2013-05-21,44.2100,44.4800,43.8900,44.0200,1828200
2013-05-22,44.1200,44.3100,42.9500,43.1700,3026400
2013-05-23,42.6600,43.1400,42.5700,42.7700,3339700
2013-05-24,42.3200,42.5300,41.9100,42.4300,3766200
2013-05-28,42.7800,43.1300,42.6500,42.9100,2655900
2013-05-29,42.7500,42.8700,42.3901,42.6000,3280900
2013-05-30,42.6500,43.3850,42.5000,43.1900,2755500
2013-05-31,42.9200,43.5500,42.6600,42.9100,3133200
2013-06-03,42.9800,43.4800,42.7600,43.4600,2884800
2013-06-04,43.6700,44.8000,43.5300,44.3900,5249400
2013-06-05,44.3900,44.5800,43.8100,43.8400,3385600
2013-06-06,43.8400,44.0500,43.2550,43.5700,3760900
2013-06-07,43.8600,44.4100,43.6600,44.1200,2895300
2013-06-10,44.3000,44.3350,43.8400,44.0900,1833900
2013-06-11,43.6000,43.8500,43.1000,43.1200,2487100
2013-06-12,43.3100,43.4600,42.6100,42.7200,2124500
2013-06-13,42.7400,43.3600,42.3900,43.3000,2002400
2013-06-14,43.3300,43.5700,42.7000,42.8400,2320100
2013-06-17,43.2200,43.7600,42.9750,43.3900,2677100
2013-06-18,43.5500,44.2000,43.2150,43.3600,5433900
2013-06-19,46.4300,46.4400,45.3500,45.7800,12566000
2013-06-20,45.2800,45.2900,44.4500,44.8950,5488700
2013-06-21,44.9200,45.0000,44.2300,44.7700,6294400
2013-06-24,44.3400,44.6000,43.3700,43.6000,4492900
2013-06-25,44.0400,44.4350,43.4600,44.3700,3366300
2013-06-26,44.9500,45.9150,44.8950,45.6800,5356400
2013-06-27,45.9000,46.2650,45.5900,45.9300,2916500
2013-06-28,45.9900,45.9900,45.3900,45.5600,4052600
2013-07-01,45.2300,47.1900,44.8800,46.2350,6341400
2013-07-02,46.0000,46.4800,45.7250,46.0300,3025100
2013-07-03,45.7100,46.8200,45.6600,46.4200,1597300
2013-07-05,46.6900,47.1000,46.5500,47.0000,1614600
2013-07-08,47.0300,47.4900,46.4400,46.6250,2813100
2013-07-09,46.7600,47.3100,46.7300,47.2600,2578900
2013-07-10,47.0900,47.3300,46.6400,47.2500,2684700
2013-07-11,47.6200,48.0000,47.5000,47.9900,3293500
2013-07-12,48.3500,48.6300,48.0800,48.3900,4135700
2013-07-15,48.2500,48.4550,48.0950,48.1200,2122800
2013-07-16,48.0500,48.1300,47.3600,47.4850,2473100
2013-07-17,48.1700,48.4000,47.7800,48.0400,3135800
2013-07-18,48.0400,48.5200,48.0050,48.1900,2641600
2013-07-19,48.2600,48.4700,47.9300,48.0700,2764000
2013-07-22,48.5200,48.5200,47.9200,48.2800,1782900
2013-07-23,48.3500,48.4500,47.9500,48.0700,1708600
2013-07-24,48.3800,48.5800,47.6500,47.8000,2407400
2013-07-25,47.8000,47.9600,47.4525,47.7900,2242800
2013-07-26,47.7700,47.8571,47.4000,47.6400,2918000
2013-07-29,47.5100,47.7750,47.1101,47.1700,2352400
2013-07-30,47.1900,47.5000,47.1150,47.3600,2758000
2013-07-31,47.5000,47.7100,47.1800,47.2800,3813500
2013-08-01,47.6200,47.8200,47.4100,47.7000,3497600
2013-08-02,47.3800,47.8200,47.1250,47.4500,3761000
2013-08-05,47.4500,47.8400,47.3501,47.6300,2172200
2013-08-06,47.5500,47.8499,47.3700,47.3900,1642800
2013-08-07,47.1700,47.4800,46.8300,47.1000,2396700
2013-08-08,47.3200,47.6600,47.0300,47.5100,2974200
2013-08-09,47.3800,47.7750,47.0900,47.1800,1891300
2013-08-12,46.8700,47.3300,46.8500,47.2000,1807900
2013-08-13,47.3700,47.4100,46.9200,47.1400,1960300
2013-08-14,47.1400,47.1400,46.6800,46.8400,2115100
2013-08-15,46.3700,46.3900,45.7050,45.8700,2616800
2013-08-16,45.9400,45.9550,45.3000,45.4000,2829200
2013-08-19,45.4400,45.5200,44.8799,44.8900,2185800
2013-08-20,44.7700,45.4500,44.7000,45.0700,2213900
2013-08-21,45.0100,45.5100,44.8000,45.1400,2515500
2013-08-22,45.1000,45.7100,45.0900,45.6800,1699600
2013-08-23,45.8500,45.8800,45.4050,45.7700,2410900
2013-08-26,46.2500,46.6100,46.0100,46.0600,2590500
2013-08-27,45.5500,45.8750,45.2700,45.5000,2287600
2013-08-28,45.5800,45.9150,45.4900,45.5300,1971500
2013-08-29,45.5000,46.1400,45.3500,45.9300,1738900
2013-08-30,45.8800,46.1100,45.5700,45.7500,2211500
2013-09-03,46.2100,46.5655,45.7000,45.8800,1955500
2013-09-04,45.7600,47.1700,45.7600,46.9300,5402200
2013-09-05,46.8800,47.3400,46.6800,46.7310,2379800
2013-09-06,46.8900,47.3000,46.2600,46.8700,3140900
2013-09-09,47.1100,47.2700,46.9900,47.2500,1931700
2013-09-10,47.6200,48.0650,47.5100,48.0200,2831100
2013-09-11,48.0000,48.3300,47.9450,48.2000,2650200
2013-09-12,48.0700,48.0900,47.5600,47.6400,3024100
2013-09-13,47.6600,47.9600,47.6400,47.7600,2571600
2013-09-16,48.1700,48.7050,47.9700,48.1400,4474800
2013-09-17,48.1900,48.4900,47.9200,48.1400,6917200
2013-09-18,51.6800,52.6700,51.0600,52.5800,15267900
2013-09-19,52.0500,52.3950,51.5750,51.8690,7183400
2013-09-20,51.8700,52.9600,51.6800,52.3100,12323000
2013-09-23,52.0700,52.4700,51.6150,51.8000,3183400
2013-09-24,51.7900,51.8800,51.0700,51.4200,3103300
2013-09-25,51.4800,52.0800,51.4200,51.8700,4009400
2013-09-26,52.0000,52.3800,51.8100,52.1000,2902900
2013-09-27,51.7100,52.4800,51.6500,52.0300,2382000
2013-09-30,51.5000,52.1500,51.2020,51.9400,2747000
2013-10-01,52.1000,52.4800,51.8400,52.4300,3243300
2013-10-02,51.7900,52.2800,51.2900,51.5200,3691200
2013-10-03,51.6100,51.6500,50.5400,50.8800,3862200
2013-10-04,50.0900,51.6700,50.0200,51.5700,3880900
2013-10-07,51.0500,51.3400,50.7900,50.8200,2582700
2013-10-08,50.9300,50.9700,49.4400,49.5800,4953800
2013-10-09,49.6200,49.8700,48.8700,49.4500,4347300
2013-10-10,50.0600,51.2200,49.8600,51.1650,3740900
2013-10-11,50.8200,52.2200,50.8200,52.1900,3410500
2013-10-14,51.9000,52.8279,51.7200,52.6300,4910000
2013-10-15,52.3100,52.7800,51.8100,51.9300,3658800
2013-10-16,51.5400,52.5800,51.5400,51.9100,3367700
2013-10-17,51.8700,52.3100,51.7000,52.0650,3776600
2013-10-18,52.1500,52.7800,52.0000,52.6300,4210100
2013-10-21,52.7300,53.2700,52.7100,53.0800,3739700
2013-10-22,53.4700,53.5700,52.9900,53.1700,4375700
2013-10-23,52.7500,53.4500,52.1550,53.0600,4386800
2013-10-24,53.0600,54.5800,53.0500,54.2100,5717200
2013-10-25,54.0700,54.2000,53.4600,53.8100,6186100
2013-10-28,53.9100,54.3700,53.5900,53.9300,3505000
2013-10-29,54.0000,55.1200,53.9100,54.8600,5148300
2013-10-30,54.8700,55.0700,53.6900,54.1000,3482400
2013-10-31,54.0100,54.5600,53.9000,54.2200,3509500
2013-11-01,54.6100,54.6750,54.1400,54.6100,2720000
2013-11-04,55.0100,55.4200,54.6600,55.3900,3433600
2013-11-05,55.2400,55.2800,54.6700,54.7900,3616600
2013-11-06,54.9000,55.1050,54.5400,54.8800,3286100
2013-11-07,55.0500,55.1700,53.1000,53.1680,5526600
2013-11-08,53.4200,54.9300,53.3300,54.8400,5940900
2013-11-11,54.8500,56.1800,54.4900,56.1800,4221800
2013-11-12,55.8400,56.3400,55.6000,56.2400,2929200
2013-11-13,55.5900,57.5900,55.5900,57.5500,5168600
2013-11-14,57.5600,57.9900,56.9100,57.1700,4571300
2013-11-15,57.5400,57.5900,56.7800,57.3500,2909900
2013-11-18,57.4500,57.4900,56.4000,56.6000,3173600
2013-11-19,56.7300,56.7300,55.6500,55.7700,3405000
2013-11-20,55.9800,56.3200,55.8000,55.9400,2931300
2013-11-21,56.2800,56.5900,55.8600,56.2300,2461200
2013-11-22,56.2600,56.5000,55.8900,56.4100,2890800
2013-11-25,56.6200,57.1800,56.5000,56.9500,2986400
2013-11-26,56.8700,56.8900,56.2000,56.7000,2841000
2013-11-27,56.8500,57.0300,56.6800,56.9100,2134000
2013-11-29,57.1200,57.1500,56.6225,56.7800,965200
2013-12-02,56.7400,57.0300,56.6100,56.7600,1950800
2013-12-03,56.6300,57.0600,56.3900,56.4000,4129500
2013-12-04,56.1900,56.4300,55.4200,56.0500,3663500
2013-12-05,55.6300,55.7500,54.4700,55.0400,7792700
2013-12-06,55.9900,56.1000,55.5502,55.6000,3334300
2013-12-09,55.9400,56.0500,55.2400,55.4400,3397700
2013-12-10,55.3800,55.3900,54.6500,55.3200,3787300
2013-12-11,55.2500,55.5950,54.5750,54.6400,3990000
2013-12-12,54.4400,54.9399,53.9301,53.9900,6248200
2013-12-13,58.0600,61.0900,58.0000,60.8900,15848100
2013-12-16,60.6300,60.8800,58.3950,58.5000,8786000
2013-12-17,58.5000,58.8800,57.5400,57.6700,6351800
2013-12-18,57.5800,59.0700,57.0200,59.0400,4975300
2013-12-19,58.7300,58.9845,58.0700,58.1300,3310500
2013-12-20,58.4200,59.5500,58.2200,59.2600,5363200
2013-12-23,59.7400,59.8900,59.1200,59.4700,1947900
2013-12-24,59.5800,59.7800,59.2200,59.5300,846700
2013-12-26,59.5300,59.9900,59.4800,59.5800,1026500
2013-12-27,59.7300,59.9900,59.2800,59.5100,1266900
2013-12-30,59.6700,59.8000,59.2400,59.5500,1329100
2013-12-31,59.6000,59.9150,59.5600,59.8790,1391300
2014-01-02,59.0600,59.5300,58.9400,59.2900,2745900
2014-01-03,59.1900,59.6850,59.1100,59.1600,1589000
2014-01-06,58.0600,58.7700,58.0100,58.1200,3753600
2014-01-07,58.2600,59.0500,58.0600,58.9700,2963600
2014-01-08,59.1200,59.2800,58.4600,58.9000,3456000
2014-01-09,58.9900,59.5300,58.7200,59.0900,2427400
2014-01-10,59.3500,59.6300,58.9500,59.5300,1829100
2014-01-13,59.2800,59.4400,58.4100,58.6000,2928700
2014-01-14,58.6800,60.5300,58.6300,60.3700,4179500
2014-01-15,60.4400,61.8100,60.4000,61.6800,4220300
2014-01-16,61.5900,61.9800,61.2600,61.6300,3747800
2014-01-17,61.0200,61.5999,60.8000,61.3700,3314500
2014-01-21,61.5000,61.7900,60.7000,60.8500,3198700
2014-01-22,60.9300,61.8100,60.7000,61.7700,3594000
2014-01-23,61.1800,61.4300,60.3200,60.8800,2671300
2014-01-24,60.3000,60.4400,59.0900,59.0900,2850700
2014-01-27,58.1100,58.8800,57.8600,58.3600,5258000
2014-01-28,57.9800,59.4600,57.8800,59.1100,3529500
2014-01-29,58.6100,59.1800,58.1700,58.4600,3585400
2014-01-30,59.1200,59.9000,59.0200,59.3900,2768300
2014-01-31,58.1500,59.5400,58.0900,59.1900,3112900
2014-02-03,59.0800,59.2550,57.3200,58.0900,6649100
2014-02-04,58.4800,59.7400,57.6500,59.7200,3593200
2014-02-05,59.5400,61.0200,59.2710,61.0000,5122600
2014-02-06,60.7000,61.6500,60.6500,61.3400,2898200
2014-02-07,61.5800,63.2400,61.3000,62.8800,4822500
2014-02-10,62.7300,63.8010,62.5200,63.7800,2833400
2014-02-11,64.4800,64.8800,63.6600,63.9700,4648000
2014-02-12,64.2100,65.1500,64.0900,65.1400,3137800
2014-02-13,64.8400,67.1100,64.8300,67.0400,3606900
2014-02-14,67.4800,68.4850,67.0000,68.3400,6232000
2014-02-18,68.6200,69.1000,68.0000,68.6600,3757900
2014-02-19,68.4500,69.4300,67.6750,67.9900,3994300
2014-02-20,68.1900,68.6600,67.7000,68.4800,3162200
2014-02-21,67.8200,68.4400,67.5500,68.2200,3610200
2014-02-24,68.5400,69.2800,68.0000,68.7650,2811700
2014-02-25,68.7100,68.7600,67.6300,68.0100,3566400
2014-02-26,67.7300,68.9500,67.6500,67.8200,3066500
2014-02-27,67.9000,70.0750,67.8200,69.9200,4724500
2014-02-28,70.2500,71.1100,67.8300,68.6300,5728600
2014-03-03,68.0600,68.1500,67.1400,67.8600,3395000
2014-03-04,68.6000,69.0400,68.5000,68.6000,5425500
2014-03-05,68.7900,69.0300,68.5200,68.9000,3070100
2014-03-06,69.1400,69.4200,68.8500,68.9200,3059200
2014-03-07,69.2100,69.3100,67.9700,68.5200,2500300
2014-03-10,68.6800,68.6800,67.3100,68.0400,3032800
2014-03-11,68.1900,68.6000,67.2500,67.4700,3345000
2014-03-12,67.0600,68.1000,66.7500,68.0600,2433600
2014-03-13,68.4800,68.8300,66.6250,67.0800,2870900
2014-03-14,67.7000,67.7000,66.8700,67.1900,3006600
2014-03-17,67.8900,69.3500,67.7301,68.1700,3932400
2014-03-18,67.6600,70.2400,67.5200,68.5200,11438500
2014-03-19,69.0100,69.0100,66.1500,67.6300,7683100
2014-03-20,67.5500,69.0800,67.4400,68.4900,5280200
2014-03-21,69.0600,69.0600,66.9100,67.1400,5477200
2014-03-24,67.2200,67.4768,64.7700,65.2400,5905700
2014-03-25,65.7500,66.7350,65.0600,65.8100,4245500
2014-03-26,66.1000,66.3900,63.8800,63.9000,4714000
2014-03-27,63.6000,65.1600,63.0500,64.5300,5556700
2014-03-28,64.7100,65.6050,64.1500,64.8800,4019800
2014-03-31,64.8700,65.9500,64.6200,65.7400,3213900
2014-04-01,65.9000,66.2150,65.4400,65.9300,3398400
2014-04-02,66.0700,66.3100,65.1200,65.4800,2587000
2014-04-03,65.5000,65.5000,62.1700,62.4500,6984500
2014-04-04,62.9200,62.9200,61.1000,61.3200,6157100
2014-04-07,61.2000,61.2000,59.6300,60.4700,6271100
2014-04-08,60.5300,62.2500,60.1100,61.8200,6710000
2014-04-09,62.0000,63.6904,61.5550,63.4600,6427400
2014-04-10,63.0500,63.4500,61.2700,61.4900,5648500
2014-04-11,60.8900,61.7500,60.0220,60.5000,5930700
2014-04-14,61.1800,61.6600,60.5500,61.3900,3234000
2014-04-15,61.5000,62.2925,60.5000,62.1050,3598600
2014-04-16,62.2700,63.1400,62.2500,63.0400,3370600
2014-04-17,62.9600,64.2300,62.5300,64.0400,3745800
2014-04-21,64.0000,64.4600,63.5600,64.3000,2077300
2014-04-22,64.0600,64.7400,63.7600,64.4800,3854900
2014-04-23,64.2300,64.5800,63.7800,64.3900,2863700
2014-04-24,64.8900,65.0000,62.9300,63.2200,3961200
2014-04-25,62.9200,63.0300,61.5600,61.6100,4288500
2014-04-28,61.8400,62.1700,59.6200,60.4000,4375800
2014-04-29,60.5700,60.9300,59.9050,60.9100,3531600
2014-04-30,60.8700,61.8000,60.6300,61.6900,3722100
2014-05-01,61.6900,63.1045,61.3100,62.5900,2839300
2014-05-02,62.8600,62.9700,61.5300,61.5600,2365300
2014-05-05,61.2000,61.9800,60.8800,61.4400,2070200
2014-05-06,61.1500,61.3500,59.3400,59.4400,3913200
2014-05-07,59.5600,59.6800,57.1500,58.6300,7061100
2014-05-08,58.3400,60.6100,57.9010,59.0800,3824900
2014-05-09,59.1400,59.6100,58.1675,59.5900,3607800
2014-05-12,59.7700,61.0450,59.7400,60.7000,2863600
2014-05-13,60.8100,60.9700,60.1400,60.8100,2938400
2014-05-14,59.9500,61.3500,59.9500,60.8800,2497800
2014-05-15,60.7100,60.9500,59.5600,60.2000,5699200
2014-05-16,60.6500,61.6900,59.9300,61.6400,3651200
2014-05-19,61.2700,62.8400,61.2600,62.2000,2817600
2014-05-20,62.1200,62.4500,61.4200,61.7100,1865300
2014-05-21,61.7300,62.6600,61.5300,62.4700,1414100
2014-05-22,62.2900,63.4600,61.9110,63.1500,1814700
2014-05-23,63.3300,64.4800,62.8400,64.3000,2281900
2014-05-27,64.6400,65.4850,64.6100,65.2500,2150600
2014-05-28,65.4300,65.4800,64.7900,64.8400,2198400
2014-05-29,64.9300,65.8200,64.9262,65.4500,2061000
2014-05-30,65.7500,65.7500,64.1700,64.5400,2444300
2014-06-02,64.5400,65.0400,63.6800,64.6400,1427700
2014-06-03,64.1900,64.4600,63.4900,64.0900,3010200
2014-06-04,64.1000,64.7300,63.6200,64.1700,2675600
2014-06-05,64.3000,65.6190,63.9250,65.4700,2041900
2014-06-06,65.9900,67.3200,65.6900,66.9100,3623500
2014-06-09,66.7000,67.3800,66.5900,66.9300,1339800
2014-06-10,66.6900,67.1899,66.4600,66.9600,1558800
2014-06-11,66.9000,67.5000,66.6600,67.4600,1607900
2014-06-12,67.2300,67.4600,66.2800,66.5600,1940100
2014-06-13,66.7000,66.9500,66.2500,66.8200,2981100
2014-06-16,66.8000,67.7900,66.5200,67.6200,4348300
2014-06-17,67.3600,68.0000,66.8600,67.5400,6622600
2014-06-18,73.8200,74.6900,72.1000,73.0800,11376700
2014-06-19,73.1700,73.5700,72.2401,72.9500,4413400
2014-06-20,73.0400,73.1500,72.5450,72.6100,3904500
2014-06-23,72.7400,73.1600,72.2900,72.8900,2354200
2014-06-24,72.9500,73.2800,72.1750,72.3800,2948600
2014-06-25,72.2700,72.7599,72.1200,72.4400,2218800
2014-06-26,72.4400,72.9000,72.1750,72.8500,2075300
2014-06-27,72.6200,72.7650,71.7600,72.0000,7315500
2014-06-30,72.4300,72.7400,71.9550,72.3600,2771300
2014-07-01,72.0900,73.9900,71.8000,73.0100,4718400
2014-07-02,72.6500,73.2400,72.6000,72.7600,2682100
2014-07-03,72.9500,73.7100,72.6800,73.5700,1396100
2014-07-07,73.0700,73.4200,72.5770,72.6800,1768300
2014-07-08,72.5900,72.8700,70.8700,71.1400,2789000
2014-07-09,71.1100,71.9700,71.1100,71.5700,1749500
2014-07-10,70.4600,72.0800,70.3100,71.7000,1853200
2014-07-11,71.7300,72.4400,71.0500,72.2600,1930600
2014-07-14,72.5500,73.2600,72.4600,72.8800,1862500
2014-07-15,72.8000,73.1100,71.8700,72.2900,2752700
2014-07-16,72.5500,72.8700,72.1900,72.3800,1512600
2014-07-17,72.1100,72.4700,71.3100,71.3900,2032400
2014-07-18,71.9000,72.5799,71.3500,72.5500,2856900
2014-07-21,72.5000,72.6500,71.7000,71.9600,1906100
2014-07-22,72.1300,72.8300,71.9100,72.2600,1769500
2014-07-23,72.3400,72.5499,71.4800,72.0400,1873800
2014-07-24,72.3000,72.9000,72.2000,72.7950,2414100
2014-07-25,72.5400,73.1510,72.2300,72.6200,1996700
2014-07-28,72.3900,73.0200,71.8400,72.7000,1721800
2014-07-29,72.7000,73.2500,72.2400,72.2700,1916100
2014-07-30,72.5000,72.7000,71.4700,71.8900,2667600
2014-07-31,71.3100,71.5400,69.0100,69.2499,3822100
2014-08-01,69.0100,69.5500,68.5200,68.9400,2109000
2014-08-04,68.9500,69.2395,68.3500,68.7700,2966300
2014-08-05,68.3000,69.5500,68.2900,68.9700,3456700
2014-08-06,68.7300,69.0700,68.2200,68.2300,2455700
2014-08-07,68.6900,68.8795,67.5700,67.8300,2292500
2014-08-08,68.0800,68.6400,67.7400,68.3900,1573200
2014-08-11,68.5000,69.1800,68.2800,68.9700,2196900
2014-08-12,68.6100,68.9900,68.2000,68.7850,1919200
2014-08-13,69.1200,69.9700,68.3600,69.7900,1881800
2014-08-14,69.8900,70.0700,69.5900,70.0500,1318700
2014-08-15,70.8800,70.9100,69.5800,70.0700,4311600
2014-08-18,70.4400,71.1000,70.3900,71.0600,1707300
2014-08-19,71.0900,72.0800,71.0600,72.0500,1997800
2014-08-20,71.7800,72.0000,70.7500,71.0200,3395300
2014-08-21,71.0700,71.9000,70.8300,71.7300,1886900
2014-08-22,71.8900,72.2900,71.5450,72.0400,1443900
2014-08-25,72.4400,72.5700,71.6300,71.8200,1709000
2014-08-26,71.7900,72.2500,71.4950,71.5300,1848200
2014-08-27,71.5300,72.0900,71.3700,71.5500,1705600
2014-08-28,71.2300,71.7200,70.8600,71.3700,1062900
2014-08-29,71.7700,72.0975,71.4000,71.9000,1659500
2014-09-02,72.0600,72.5900,71.8400,72.1000,2161400
2014-09-03,72.5500,72.8000,71.9900,72.4300,1971400
2014-09-04,72.6300,73.2000,72.2600,72.4550,1976000
2014-09-05,72.6000,73.1300,72.4100,73.1300,1736200
2014-09-08,72.8700,73.5500,72.8100,73.3900,1373500
2014-09-09,73.5800,73.5800,72.3400,72.4200,1648300
2014-09-10,72.2500,72.7500,71.8400,72.3300,2213500
2014-09-11,72.0300,72.5699,71.7800,72.4200,1708800
2014-09-12,72.4000,72.4900,70.7950,70.9800,3145600
2014-09-15,70.6300,70.9600,69.3700,70.2700,3867700
2014-09-16,70.0100,70.9600,69.1900,70.7300,5940700
2014-09-17,68.0300,69.0900,67.1600,67.3000,9463300
2014-09-18,67.2800,68.1500,67.1000,67.9100,5173900
2014-09-19,68.1200,68.2000,66.3500,66.9400,6790000
2014-09-22,66.7000,67.2250,65.7900,67.2000,4122200
2014-09-23,67.1100,68.0700,66.8500,67.7900,4414100
2014-09-24,67.7700,69.2500,67.6000,69.0300,3877631
2014-09-25,68.8500,69.0200,67.5300,67.7100,3615136
2014-09-26,67.4900,68.4200,67.4200,68.3550,2286609
2014-09-29,67.6900,69.4900,67.5500,69.2200,3379570
2014-09-30,69.4900,69.5000,68.5300,69.1900,2887348
2014-10-01,69.1300,69.1300,67.5100,67.5400,4655158
2014-10-02,67.8300,67.9512,66.1500,67.0600,3936898
2014-10-03,67.5900,68.6700,67.5900,68.4000,2874110
2014-10-06,68.5600,68.8000,67.4500,67.6700,1586276
2014-10-07,67.4000,67.6300,65.9300,65.9600,3308165
2014-10-08,66.0000,68.0900,65.4110,67.9900,3562500
2014-10-09,67.8300,67.9600,65.4800,65.6600,3376811
2014-10-10,65.3700,65.5800,63.2900,63.2900,4647988
2014-10-13,63.0100,63.3500,61.5301,61.6800,4822097
2014-10-14,62.1700,62.3000,60.6900,60.8800,4189537
2014-10-15,59.6100,62.6500,58.5100,62.1900,8333625
2014-10-16,60.7200,63.7200,60.7200,62.8600,6639958
2014-10-17,63.4600,65.1300,63.4600,64.5200,6540794
2014-10-20,64.2500,64.7300,63.7000,64.6800,4266231
2014-10-21,64.8400,66.5600,64.5100,66.4250,3229897
2014-10-22,66.3100,66.4900,64.9900,65.0400,2363348
2014-10-23,65.6200,66.4000,65.1700,65.9200,1783779
2014-10-24,66.2600,67.0850,65.5000,67.0100,1391572
2014-10-27,66.8400,67.3400,66.3100,67.0300,1490821
2014-10-28,67.4500,68.5100,67.2000,68.3700,1951060
2014-10-29,68.2100,68.8100,67.5200,67.9300,2054404
2014-10-30,67.2300,68.6100,67.2300,68.5700,1896316
2014-10-31,69.8900,70.2500,69.2700,70.1200,2949402
2014-11-03,69.9300,70.2700,69.6600,69.9100,1889002
2014-11-04,69.9500,71.1000,69.7500,71.0700,2995992
2014-11-05,71.5300,72.0400,70.8900,71.3700,6146563
2014-11-06,71.5900,72.3700,71.3700,72.1000,2345269
2014-11-07,72.3500,72.4000,71.4410,71.6000,4303060
2014-11-10,71.6300,72.0000,71.1800,71.7000,2388783
2014-11-11,71.8100,72.0000,71.4000,71.7000,1876089
2014-11-12,71.3500,71.7300,71.2600,71.4100,1581709
2014-11-13,71.6500,72.0800,71.3000,71.7200,2560802
2014-11-14,71.7000,72.0000,71.3500,71.4200,2470527
2014-11-17,70.9800,71.2500,69.8700,69.9700,3443117
2014-11-18,69.8600,71.0800,69.8600,70.8300,2833165
2014-11-19,71.0100,71.0550,70.4200,70.8200,2193796
2014-11-20,70.3300,70.5500,70.0200,70.4400,2250485
2014-11-21,72.0000,72.5500,71.1800,71.3200,4554447
2014-11-24,71.5200,71.5500,70.7300,71.2250,1821157
2014-11-25,71.2000,72.5200,71.2000,72.0000,2842637
2014-11-26,72.0800,73.0000,71.7400,72.9800,1467560
2014-11-28,73.1300,74.1000,73.0500,73.6800,978374
2014-12-01,73.6400,73.9650,73.2000,73.7500,2023316
2014-12-02,74.0000,74.0000,73.0800,73.4700,1843614
2014-12-03,73.6400,73.6400,72.8901,73.1800,1576865
2014-12-04,73.0900,73.2300,72.4000,73.0300,1428212
2014-12-05,73.1600,73.2500,72.3600,72.4000,3061817
2014-12-08,72.4000,72.7800,71.6000,72.0500,1639677
2014-12-09,71.3400,71.6600,70.6800,71.5650,2875422
2014-12-10,71.5600,71.9700,69.7400,69.8500,2577809
2014-12-11,70.1000,71.1400,69.6600,69.7400,5176598
2014-12-12,74.1700,77.5600,73.7100,76.0200,12613681
2014-12-15,75.6600,76.1300,72.8400,73.0400,9696667
2014-12-16,72.8700,73.8000,72.3100,72.3200,4057067
2014-12-17,72.5000,74.5700,72.1600,73.9950,4180909
2014-12-18,75.4100,75.5400,74.6000,74.8900,6913456
2014-12-19,75.0000,75.2350,73.9900,74.4500,6969464
2014-12-22,74.3800,75.1400,74.3800,74.5000,3815437
2014-12-23,74.6500,75.0000,74.2900,74.3800,1941125
2014-12-24,74.4900,74.9300,74.3700,74.7400,1204572
2014-12-26,74.7400,75.1700,74.4200,74.6700,1083910
2014-12-29,74.5600,74.5800,74.0000,74.1300,925144
2014-12-30,73.6300,73.8600,72.7500,73.0850,1581717
2014-12-31,73.4000,74.2100,72.6500,72.7000,1359290
2015-01-02,72.7000,73.2031,71.8900,72.3400,2356405
2015-01-05,72.2100,72.4300,71.5700,71.9800,2405286
2015-01-06,71.9500,72.1000,69.8800,70.5300,2895356
2015-01-07,70.7700,71.2900,70.4200,71.1100,2378276
2015-01-08,71.4000,73.0600,71.3100,72.9150,2624237
2015-01-09,72.8900,73.1300,71.6300,71.8400,1701961
2015-01-12,72.1300,72.2600,70.7500,71.1200,1337867
2015-01-13,71.9500,72.9600,69.9500,70.5900,2103821
2015-01-14,69.8800,70.4000,68.9800,69.9900,1927063
2015-01-15,71.7100,71.7500,70.1600,70.2900,2839158
2015-01-16,70.0300,71.8500,70.0300,71.7300,2375295
2015-01-20,71.7900,71.9900,70.5800,71.4900,1612038
2015-01-21,71.1600,71.8900,70.3700,71.5400,1787889
2015-01-22,71.9000,73.6500,70.9000,73.4800,2178508
2015-01-23,73.4400,74.4000,73.0600,74.0600,1851700
2015-01-26,72.6100,73.1500,71.6800,72.7400,3593663
2015-01-27,71.7100,72.3600,71.0600,71.4600,1798640
2015-01-28,71.5400,71.8400,70.0700,70.2500,2281065
2015-01-29,70.0300,71.8200,69.7800,71.6400,2538051
2015-01-30,71.3200,71.6699,70.0600,70.1300,2331834
2015-02-02,70.4400,71.2000,69.0400,71.1100,2381935
2015-02-03,71.5400,71.9700,71.0000,71.9200,1555876
2015-02-04,71.7900,72.6200,71.7800,72.2800,2165414
2015-02-05,72.4700,73.1800,72.3200,73.1000,1438782
2015-02-06,73.1800,73.6200,72.2400,72.5400,1367371
2015-02-09,72.0900,72.9800,72.0400,72.3300,1628899
2015-02-10,72.9400,73.1900,72.1100,72.7600,1696213
2015-02-11,72.7800,73.1400,72.3500,73.0100,1600855
2015-02-12,73.6000,74.7550,73.3100,74.5900,2243474
2015-02-13,74.9800,76.6200,74.7700,76.5100,3819312
2015-02-17,76.6700,77.2200,76.3100,77.1300,1986617
2015-02-18,77.0200,77.9975,76.8000,77.7300,1683362
2015-02-19,77.4200,77.9400,77.2000,77.7300,1556077
2015-02-20,77.7600,78.5600,77.2000,78.5500,1626881
2015-02-23,78.6500,78.6900,77.7900,78.1000,1455823
2015-02-24,78.0300,78.0300,77.0800,77.6800,1954329
2015-02-25,77.7600,78.4400,77.4750,78.0700,1256415
2015-02-26,78.3200,79.0700,78.0200,78.9600,1545990
2015-02-27,79.2400,80.3000,78.9300,79.1000,3115789
2015-03-02,79.1400,79.7900,78.7150,79.7900,1497669
2015-03-03,79.6300,79.9900,78.9700,78.9900,1617017
2015-03-04,78.7100,78.7400,77.1300,77.6300,2393581
2015-03-05,77.6000,78.7100,77.3000,78.6200,1850110
2015-03-06,78.1900,78.5000,77.0500,77.5500,2537112
2015-03-09,77.7600,78.2400,77.4300,77.9300,2010928
2015-03-10,77.2500,77.2900,75.9900,76.0050,2622028
2015-03-11,75.9100,76.7800,75.6800,76.0100,1692240
2015-03-12,76.1400,77.4400,75.9700,77.4000,1683176
2015-03-13,77.1800,78.0600,76.6200,77.6200,2202818
2015-03-16,78.2100,78.5899,77.8000,78.3300,1851377
2015-03-17,78.2200,79.8700,78.1800,79.6600,5718989
2015-03-18,75.5000,78.3200,74.7500,76.8900,10509371
2015-03-19,76.4800,77.3800,75.2901,77.1400,3519153
2015-03-20,77.6700,77.9600,76.8100,77.3600,3577649
2015-03-23,77.1100,77.3000,76.3400,76.3500,1754089
2015-03-24,76.1100,76.4200,75.3800,75.4500,2782843
2015-03-25,75.5000,75.5900,73.1200,73.1300,3444655
2015-03-26,72.4300,73.3577,72.1200,72.9700,2965546
2015-03-27,72.7200,73.4600,72.5600,73.3100,2085213
2015-03-30,73.5100,73.8600,73.1000,73.6000,1880790
2015-03-31,73.1100,74.6000,72.9400,73.9400,2555952
2015-04-01,73.6100,75.1000,73.0300,75.0700,3976036
2015-04-02,75.1700,76.1700,74.6100,75.6800,2158435
2015-04-06,75.1300,76.6500,74.7500,76.2300,2556459
2015-04-07,76.0700,76.6800,75.6200,75.6500,2601250
2015-04-08,75.6800,76.3500,75.1200,75.4400,1938515
2015-04-09,75.6200,76.3500,75.2100,76.3300,1556186
2015-04-10,76.3000,76.6300,76.0000,76.5300,1801204
2015-04-13,76.4400,77.0000,75.8900,76.0200,1230003
2015-04-14,76.0200,76.6000,75.5900,75.9500,1924755
2015-04-15,76.0900,76.5000,75.9000,76.0300,1355474
2015-04-16,75.4100,75.6900,75.0950,75.1500,2069782
2015-04-17,74.3800,74.5500,72.7800,73.1500,3856527
2015-04-20,73.4200,74.3000,73.4200,73.9200,1688291
2015-04-21,74.3100,74.8800,74.2100,74.6200,1894585
2015-04-22,74.6800,75.5200,74.6340,75.5000,1523834
2015-04-23,75.0800,76.8000,75.0000,76.5200,1714116
2015-04-24,76.4100,77.2100,75.8400,76.5400,1831099
2015-04-27,76.8400,77.2900,76.3600,76.5500,1653200
2015-04-28,76.3400,77.0900,75.8700,76.0200,1698227
2015-04-29,75.6100,77.2600,75.4650,76.6500,2423865
2015-04-30,76.4000,77.2400,75.3100,76.0600,2109174
2015-05-01,76.2900,76.6700,75.6600,76.4300,1745421
2015-05-04,76.4300,76.9900,75.8200,75.8500,1655632
2015-05-05,75.3500,75.6300,74.7500,75.0000,2052192
2015-05-06,75.0800,75.4700,73.9600,74.4800,1997335
2015-05-07,74.4000,74.8400,74.1700,74.7300,2010135
2015-05-08,75.2800,76.5200,75.0500,76.3100,1585632
2015-05-11,76.3200,77.3400,76.0700,76.7850,2140410
2015-05-12,76.2600,76.9000,75.3000,76.5700,2082578
2015-05-13,76.6000,77.4800,76.5300,77.0800,1830543
2015-05-14,77.6400,79.8100,77.1000,79.4300,3068066
2015-05-15,80.0000,80.0000,78.6250,78.9200,2676185
2015-05-18,78.6900,79.5250,78.4000,79.4100,1436008
2015-05-19,79.7500,79.9300,79.3700,79.6200,2065598
2015-05-20,79.5700,79.9000,78.9100,79.6100,2639039
2015-05-21,79.5400,80.7400,79.1900,80.5600,2761464
2015-05-22,80.3400,80.7000,79.9700,80.0400,1825194
2015-05-26,79.9100,80.1200,78.8400,79.3650,2080761
2015-05-27,79.5500,80.3200,79.2700,80.1600,1671821
2015-05-28,80.1700,80.4200,79.7450,80.0150,1248364
2015-05-29,79.8900,79.9900,78.9400,79.0900,3288029
2015-06-01,79.5000,80.0000,78.5900,79.8700,2288815
2015-06-02,79.7000,80.2200,79.3500,79.8200,1533956
2015-06-03,79.9300,80.3400,79.4400,80.1300,1972025
2015-06-04,79.8600,80.3790,78.6400,78.7500,1659256
2015-06-05,78.6400,79.3900,78.3800,78.8600,1325884
2015-06-08,78.9000,79.1800,77.9000,78.1600,1621644
2015-06-09,77.8800,78.0500,76.9500,77.9000,2100935
2015-06-10,78.1800,79.7000,77.9900,79.5600,1775952
2015-06-11,79.8100,80.2900,79.4200,79.6500,1918251
2015-06-12,79.3300,80.2600,79.0600,79.8600,1794851
2015-06-15,79.1700,79.2500,78.3500,78.9000,2459672
2015-06-16,78.9300,80.4300,78.8300,79.9400,3579416
2015-06-17,79.5000,80.0000,77.7400,77.9100,6464247
2015-06-18,77.8200,79.9400,77.8200,79.3900,3858561
2015-06-19,79.4100,79.9400,79.0600,79.7000,3155595
2015-06-22,80.0000,82.6600,79.8500,82.2800,5829955
2015-06-23,82.1700,83.7700,82.1000,83.5500,4944995
2015-06-24,83.2200,84.3600,82.9745,83.4000,4311199
2015-06-25,83.8200,84.2700,83.4900,83.9400,3052904
2015-06-26,84.2200,84.2200,82.2650,82.7400,5914717
2015-06-29,81.2200,82.0600,81.1500,81.2800,4060269
2015-06-30,82.1900,82.3400,80.9500,81.0100,4086360
2015-07-01,81.5700,81.9150,80.7100,80.9450,2944498
2015-07-02,81.1900,81.2900,80.3800,80.7500,2200892
2015-07-06,80.0200,81.1900,80.0000,80.5000,2590913
2015-07-07,80.7700,81.0000,78.9400,80.5900,2781935
2015-07-08,79.9500,80.5199,79.4000,79.9900,4157628
2015-07-09,80.7400,81.6700,80.4100,80.4700,3068877
2015-07-10,81.5000,81.5000,80.4700,80.5900,3025163
2015-07-13,81.0900,81.6600,80.8200,81.4400,4597216
2015-07-14,81.6700,82.3500,81.2400,81.8900,4428123
2015-07-15,82.2000,82.3200,81.7100,82.1200,3214918
2015-07-16,82.6500,82.6700,82.2000,82.5200,2058116
2015-07-17,82.1700,82.7300,81.4800,82.1000,2402732
2015-07-20,82.0000,82.1850,81.4500,82.0900,1995809
2015-07-21,81.8000,82.1000,81.0100,81.1900,3916364
2015-07-22,81.3800,81.7500,80.6510,80.7300,2601230
2015-07-23,80.8000,81.4000,80.4800,80.6400,2579457
2015-07-24,81.0000,81.3600,80.5400,80.9800,3575251
2015-07-27,80.5300,80.7000,79.7300,79.9300,2762686
2015-07-28,80.0700,80.6500,79.1300,80.5900,2681012
2015-07-29,80.0700,80.5400,79.5600,80.2500,2178014
2015-07-30,79.9000,81.8000,79.2000,81.2900,2072732
2015-07-31,81.8000,82.8225,81.3700,81.9900,2893613
2015-08-03,82.1800,82.2600,80.7000,81.4000,2073985
2015-08-04,81.4300,82.1800,81.1700,82.0600,1375432
2015-08-05,82.7800,84.1200,82.1700,83.3800,1766805
2015-08-06,83.4700,83.6300,82.0700,82.1900,2272316
2015-08-07,81.8700,82.9200,81.4800,82.6900,1990308
2015-08-10,83.3900,83.9200,83.1900,83.6200,1999640
2015-08-11,84.0600,84.8600,83.0500,83.9000,3103220
2015-08-12,83.1600,84.1400,82.0800,83.8200,2218544
2015-08-13,83.8200,84.8300,83.0000,84.3100,1963567
2015-08-14,83.9600,86.3800,83.9600,86.1200,2610165
2015-08-17,86.0000,86.7800,84.9000,86.7700,1788317
2015-08-18,86.9800,87.2500,86.0300,86.4500,1468312
2015-08-19,86.1200,86.4700,85.2100,85.4800,2461363
2015-08-20,84.6600,84.9000,82.6900,82.6900,3108772
2015-08-21,81.9400,82.1600,78.8700,78.8700,6807377
2015-08-24,75.0000,77.8200,71.3300,74.2700,6938457
2015-08-25,77.0200,78.3300,74.4700,74.5700,7465401
2015-08-26,76.1400,77.6100,74.5600,77.3300,4243640
2015-08-27,78.4100,79.2800,77.3900,78.9100,5197157
2015-08-28,78.4200,79.4500,77.7500,79.4000,3316397
2015-08-31,79.3800,79.7000,78.3000,78.5700,2313076
2015-09-01,77.0700,77.8200,75.6300,75.9900,3206418
2015-09-02,77.0000,77.3300,75.5400,77.2500,3533790
2015-09-03,77.6000,79.5500,77.3600,78.3200,3480072
2015-09-04,76.9900,78.2700,76.3900,76.8900,2326519
2015-09-08,78.6400,79.9100,78.1300,79.7800,2670642
2015-09-09,80.7900,81.5100,78.2300,78.5200,2460260
2015-09-10,78.6300,78.9700,78.0100,78.7000,3541000
2015-09-11,78.4400,79.2300,77.9400,79.1900,2913733
2015-09-14,79.3500,79.4100,78.2750,78.4600,2545884
2015-09-15,78.6100,80.1150,78.3000,79.5300,3436283
2015-09-16,79.5100,80.6700,79.3200,80.5300,2509817
2015-09-17,80.4500,81.8800,79.7000,80.3100,4892893
2015-09-18,78.5400,84.9500,78.1600,81.2500,16424002
2015-09-21,81.4200,83.6900,81.4200,83.3200,4919715
2015-09-22,81.9800,84.8300,81.7700,84.6600,6336486
2015-09-23,84.9200,85.9850,84.0500,85.5000,4007659
2015-09-24,85.0700,85.3700,83.3600,83.9100,4463720
2015-09-25,84.7100,84.7200,82.5800,83.1300,3736860
2015-09-28,82.8800,83.0000,80.0300,80.5200,3396447
2015-09-29,80.5200,80.5800,79.0900,79.8300,3126333
2015-09-30,80.8800,82.3700,80.3800,82.2200,3479278
2015-10-01,82.4200,83.7700,81.5700,83.7500,3407757
2015-10-02,82.2100,84.0100,81.2900,83.9900,3402556
2015-10-05,84.8000,86.3100,84.4900,85.8400,4204821
2015-10-06,85.6000,86.0000,84.8400,85.1500,4262976
2015-10-07,82.2000,83.0992,79.0200,80.6500,14474830
2015-10-08,80.4500,82.4800,80.2000,82.2600,4596042
2015-10-09,82.4100,83.9000,81.9900,83.8200,3774304
2015-10-12,83.6600,84.8393,83.2300,83.9200,2707166
2015-10-13,83.3200,84.6400,83.3100,83.6500,1992787
2015-10-14,84.0000,84.7300,83.4000,83.8000,2391210
2015-10-15,84.1900,86.8600,84.0900,86.7700,4381865
2015-10-16,87.1700,89.0350,86.1800,88.6700,5332073
2015-10-19,88.1500,88.4900,87.0300,88.4000,3353922
2015-10-20,88.1500,88.6497,86.4200,86.8400,2694218
2015-10-21,87.2200,87.5680,85.8700,86.1300,2901500
2015-10-22,86.5600,88.8300,86.5600,88.4600,3547138
2015-10-23,89.0000,89.4400,87.4400,87.8600,6744138
2015-10-26,87.9100,89.7000,87.6101,88.8400,2375718
2015-10-27,88.6500,88.8500,87.8100,88.0500,2593605
2015-10-28,88.4400,88.8300,87.5800,88.5000,3206706
2015-10-29,88.2600,88.5000,87.5100,88.1200,1623429
2015-10-30,87.9900,89.4900,87.9001,88.6600,2131604
2015-11-02,89.0300,90.5450,88.4700,89.9100,2904654
2015-11-03,89.5900,90.7400,88.9200,90.3600,2102228
2015-11-04,90.3400,91.3400,90.2100,91.0100,1873683
2015-11-05,91.5000,91.8700,89.7900,90.5500,1836270
2015-11-06,90.0700,90.7900,88.9700,90.6900,2004247
2015-11-09,90.2400,90.4916,88.9900,89.8000,1705162
2015-11-10,89.5600,90.3100,88.9900,90.2800,1943618
2015-11-11,90.6800,91.4700,90.2500,91.2100,2361580
2015-11-12,91.0800,91.8800,90.7400,90.8400,2458777
2015-11-13,90.9500,90.9500,88.7950,89.0200,1831380
2015-11-16,89.6600,89.8000,88.0000,89.7650,2198456
2015-11-17,89.9600,91.2900,89.8700,90.2900,1736480
2015-11-18,90.3100,91.3900,89.4700,91.2700,1453597
2015-11-19,91.5200,92.1300,91.2800,91.7600,2414445
2015-11-20,92.3300,92.5000,91.2200,91.8100,2134505
2015-11-23,91.8200,92.3700,91.2700,91.9600,1570368
2015-11-24,91.1400,92.2200,90.0900,92.0000,2046161
2015-11-25,92.3000,92.4982,91.6950,91.7700,1117751
2015-11-27,91.8600,92.5700,91.7700,92.1700,632970
2015-11-30,92.4100,92.6599,91.1300,91.4600,2380229
2015-12-01,92.0100,92.5800,91.1000,92.5500,1545116
2015-12-02,92.5200,92.8500,91.6800,92.0200,1904456
2015-12-03,91.9700,92.7600,89.7250,89.9100,2425554
2015-12-04,90.1300,92.8200,90.1300,92.5800,2980839
2015-12-07,92.5600,92.8800,89.2150,89.6000,3958684
2015-12-08,89.2200,92.0900,88.9566,91.7200,3372856
2015-12-09,91.0400,91.7920,88.9500,89.5600,3333572
2015-12-10,90.4100,90.4300,88.5100,88.9600,4751879
2015-12-11,92.5100,93.6500,90.1200,91.4200,8315042
2015-12-14,91.7100,93.3100,91.0200,93.2600,3792644
2015-12-15,93.9800,95.7900,93.7200,94.0200,4099757
2015-12-16,94.4100,95.6600,93.6100,95.5600,2613859
2015-12-17,95.7000,96.4200,94.1900,94.2000,3069671
2015-12-18,93.7300,93.9200,91.3000,91.3100,5314241
2015-12-21,92.1600,92.6894,90.8100,91.6200,2663575
2015-12-22,91.9400,93.9500,91.6300,93.8200,1873594
2015-12-23,94.4200,94.9900,93.5300,94.7000,1526504
2015-12-24,94.4500,95.1900,94.0300,94.3000,602505
2015-12-28,93.7900,94.3000,93.2300,94.2000,1027064
2015-12-29,94.6000,95.8980,94.6000,95.3300,1124878
2015-12-30,95.1900,96.0200,95.0000,95.2800,1153823
2015-12-31,95.0700,95.2100,93.8800,93.9400,1453954
2016-01-04,91.7700,92.0000,90.5400,91.9700,2993832
2016-01-05,92.0100,92.8500,91.4100,92.3400,1821298
2016-01-06,91.1000,91.5000,90.2400,91.0200,1673989
2016-01-07,89.4000,91.4000,88.7100,89.1100,2717802
2016-01-08,89.6800,89.9900,87.6300,87.8500,2263449
2016-01-11,88.0700,89.8025,87.8400,89.3800,2362163
2016-01-12,89.8900,91.0300,88.4075,89.8200,2370481
2016-01-13,90.5900,91.4400,87.9900,88.3000,3409113
2016-01-14,88.9200,90.3000,87.3200,89.8000,4087502
2016-01-15,86.8400,89.3500,86.8200,89.1700,3937523
2016-01-19,90.2900,91.4000,88.3700,89.1800,3680618
2016-01-20,87.6900,88.7600,84.6700,87.9400,3667159
2016-01-21,88.6400,89.9300,87.1400,88.0000,4298802
2016-01-22,89.5500,89.9300,88.4800,89.6300,5390252
2016-01-25,88.3900,89.2600,86.6300,86.7700,3945006
2016-01-26,87.2600,87.5800,85.4700,86.8900,2746345
2016-01-27,87.2700,87.8300,84.5100,84.8500,3070623
2016-01-28,85.5400,85.7400,82.7000,84.5200,5315646
2016-01-29,85.5500,89.1300,85.1200,89.1300,4679475
2016-02-01,88.1600,90.2383,87.9000,89.6100,2893124
2016-02-02,88.7100,89.0200,87.6400,87.9500,3070904
2016-02-03,88.9100,89.2500,86.6700,87.9900,3185809
2016-02-04,87.8200,87.9700,85.7800,86.3600,3417381
2016-02-05,85.5000,85.5000,77.8300,79.2000,10644177
2016-02-08,77.4000,78.3300,71.2700,74.9400,12909967
2016-02-09,74.7600,77.1900,73.0400,73.8500,6697354
2016-02-10,74.9900,77.6150,73.8965,75.5300,6465276
2016-02-11,74.0400,75.5300,73.5800,74.9400,4984695
2016-02-12,75.9900,77.3600,75.4000,76.6700,4368740
2016-02-16,77.1300,79.2000,77.1300,78.8800,4736362
2016-02-17,79.4000,82.0700,78.5400,81.8500,4474238
2016-02-18,82.3000,82.8200,80.1350,80.5300,3560252
2016-02-19,80.3200,80.9400,79.5100,80.8700,3928918
2016-02-22,82.0900,84.1600,82.0500,83.8000,3615504
2016-02-23,83.4100,84.4900,82.8600,83.0700,2958412
2016-02-24,82.2200,83.5300,80.9300,83.4200,2667257
2016-02-25,84.7600,86.7200,84.1500,86.6800,3284022
2016-02-26,87.1100,87.4800,84.1000,86.6000,3723198
2016-02-29,86.0100,86.1900,85.0900,85.1500,3164397
2016-03-01,85.9200,88.3950,84.5900,88.3700,3604652
2016-03-02,88.1200,88.5500,87.2600,88.3900,2863529
2016-03-03,88.5000,88.5000,85.8500,87.2100,3082086
2016-03-04,87.9300,87.9399,85.5800,86.1800,3002480
2016-03-07,85.5800,85.9600,84.0500,85.1100,3124542
2016-03-08,84.2500,85.9500,83.1700,84.3500,3054290
2016-03-09,84.8800,85.2900,83.2500,85.2700,2491523
2016-03-10,85.0600,86.5200,83.5900,84.8500,2969730
2016-03-11,85.2000,86.2300,84.6300,86.0000,3330376
2016-03-14,86.1100,87.7500,85.8370,87.0100,3754525
2016-03-15,86.4000,87.1900,86.2200,86.8300,2909597
2016-03-16,86.7000,88.4800,86.4000,88.1700,3383006
2016-03-17,88.6600,90.2100,87.2500,89.9600,6914582
2016-03-18,98.0000,98.0000,93.1100,93.4200,12530111
2016-03-21,92.6900,93.2700,91.3300,92.5000,4657275
2016-03-22,92.0600,93.4200,92.0500,92.5600,4475815
2016-03-23,92.6200,92.9350,91.9300,92.1600,2767607
2016-03-24,91.5000,92.7400,91.2500,92.5200,3266804
2016-03-28,92.6800,92.8300,91.8975,92.4000,2282982
2016-03-29,91.7900,93.4350,91.7601,93.2200,4248811
2016-03-30,93.6300,94.4800,92.9800,93.7800,6797236
2016-03-31,93.7600,94.5800,93.2300,93.8000,6561355
2016-04-01,93.3300,95.4700,92.7700,95.1600,3981331
2016-04-04,95.4200,96.2800,94.2300,94.5000,2398328
2016-04-05,93.3200,94.7700,93.2200,94.1700,2472627
2016-04-06,94.0700,95.4900,93.9700,95.4000,2705679
2016-04-07,94.7200,94.8900,93.1900,93.7800,2370458
2016-04-08,94.4800,94.5000,93.3900,94.0700,2063189
2016-04-11,94.4300,94.8100,92.8400,92.9500,2165096
2016-04-12,93.1800,93.6701,92.2211,93.4200,2078977
2016-04-13,93.8200,94.6012,93.6900,94.5300,2054988
2016-04-14,94.3400,94.7100,94.0100,94.4400,1764045
2016-04-15,94.6600,95.2200,94.1600,95.1600,2187368
2016-04-18,94.7500,96.5800,94.5900,96.5500,2174945
2016-04-19,97.0000,97.6900,95.1300,96.5200,2507545
2016-04-20,97.0000,97.0000,95.7600,96.3300,2712058
2016-04-21,96.2100,97.1400,95.7600,96.3700,2067712
2016-04-22,96.1700,96.2400,93.7600,94.7900,3797944
2016-04-25,94.3800,96.0400,94.2150,95.8000,2046954
2016-04-26,95.9600,96.2950,95.2200,96.1500,1419291
2016-04-27,95.7200,95.9900,94.5300,95.6400,2082752
2016-04-28,94.8000,95.7350,93.1500,93.6400,3497804
2016-04-29,92.8900,94.5800,92.3200,94.2200,3163816
2016-05-02,94.2900,94.9900,93.8095,94.9000,2330575
2016-05-03,94.0700,94.3899,93.0900,93.6600,1811411
2016-05-04,93.1800,93.5900,92.5500,92.9400,1710717
2016-05-05,93.1000,94.2165,92.9200,93.5000,1894832
2016-05-06,93.1300,94.4000,92.5700,94.3000,1465007
2016-05-09,94.0000,95.1900,93.8700,94.6100,1406925
2016-05-10,94.8200,96.5900,94.7500,96.5200,1808374
2016-05-11,96.2600,97.2600,96.0400,96.1000,1569137
2016-05-12,96.3100,96.9750,94.9300,95.9600,1198136
2016-05-13,95.6200,97.2099,95.3700,95.9700,2221109
2016-05-16,95.9100,97.7600,95.9100,97.2300,1918527
2016-05-17,96.8100,97.3500,95.7500,95.9300,3279639
2016-05-18,95.7800,97.4300,95.5000,96.7000,2010417
2016-05-19,96.4100,96.9450,95.2500,95.8800,1988399
2016-05-20,96.1000,97.1200,95.8600,96.8800,2218291
2016-05-23,96.7100,97.4150,96.4963,96.6200,1095860
2016-05-24,97.1800,99.7000,96.9700,99.6300,3014836
2016-05-25,99.9100,99.9900,98.8001,99.6100,1955902
2016-05-26,99.8100,100.3250,99.0700,99.3700,1970863
2016-05-27,99.5200,100.1400,98.9000,100.1400,1603837
2016-05-31,100.1400,100.5600,99.3500,99.4700,3480452
2016-06-01,99.2400,100.4000,98.9300,100.0400,1663280
2016-06-02,99.9800,100.1700,99.1700,100.1700,1761940
2016-06-03,99.5200,99.5200,97.8900,98.7000,2417036
2016-06-06,99.1600,99.4900,98.4700,99.1200,1395755
2016-06-07,99.5100,99.6700,98.4700,98.5200,2143943
2016-06-08,98.4500,98.9100,97.9900,98.6800,2078746
2016-06-09,98.3600,98.7000,97.8500,98.0700,1609440
2016-06-10,96.8900,97.8700,96.7500,97.0900,1863823
2016-06-13,96.8700,98.0850,96.7000,96.9600,2291495
2016-06-14,96.5300,97.2600,96.3200,96.9800,1889775
2016-06-15,97.0100,97.8300,96.9000,97.0200,2270369
2016-06-16,96.5000,97.3000,95.5436,97.1900,1952549
2016-06-17,97.2500,97.3900,95.3600,95.5800,4541519
2016-06-20,97.1000,98.7500,96.7700,97.9900,4310609
2016-06-21,98.6400,99.9200,98.1300,99.7200,6505094
2016-06-22,95.5300,96.5000,93.8600,94.0100,10280508
2016-06-23,94.7300,96.2800,94.3100,96.2100,3803197
2016-06-24,92.3900,94.3500,92.0400,92.2000,4329088
2016-06-27,91.3600,92.0270,90.3500,90.8500,3930483
2016-06-28,91.3700,92.6500,91.3600,92.4600,3319217
2016-06-29,92.9100,94.6200,92.6800,94.3900,2965452
2016-06-30,94.4800,95.8800,94.1300,95.7900,3544671
2016-07-01,95.0400,97.1400,95.0000,95.3200,3001885
2016-07-05,94.5500,95.6100,94.1500,94.7300,2314559
2016-07-06,94.5300,95.4800,94.0618,95.1800,1490514
2016-07-07,95.0100,95.5100,94.5400,95.1400,1576636
2016-07-08,95.9300,96.8600,95.3400,96.7900,2023889
2016-07-11,96.9800,97.5500,96.8100,97.1400,1732028
2016-07-12,97.2500,97.7900,96.7000,97.5400,2054394
2016-07-13,97.9700,98.3800,97.3400,97.3400,2125797
2016-07-14,98.0000,98.1400,97.4600,97.7000,1402541
2016-07-15,98.3900,98.4000,97.5000,97.8300,1530467
2016-07-18,97.7400,98.5300,97.5800,97.7900,1544201
2016-07-19,97.1100,98.1700,97.0010,97.7900,1796969
2016-07-20,98.1600,98.8900,97.8500,98.4000,1553788
2016-07-21,98.1200,98.4250,96.0800,96.3400,2579487
2016-07-22,96.7100,98.2400,96.0900,98.0600,2101787
2016-07-25,97.7500,97.7500,96.8800,97.3200,1815063
2016-07-26,97.8100,98.4200,97.0000,97.9100,2196454
2016-07-27,97.5900,98.4100,97.3900,97.9300,2312850
2016-07-28,97.9200,98.6100,97.5700,98.4400,1665971
2016-07-29,98.4000,98.5500,97.2300,97.8600,1786571
2016-08-01,97.7500,98.1600,97.2200,97.7200,1474723
2016-08-02,97.3800,97.6300,95.4200,96.0500,2352675
2016-08-03,96.0600,96.6800,95.6500,96.6700,2071189
2016-08-04,96.5000,97.2750,96.1900,97.0900,1282611
2016-08-05,97.3600,99.0799,97.1500,99.0400,1932246
2016-08-08,98.8600,98.9500,98.3000,98.4900,1107226
2016-08-09,98.7100,99.2200,98.4700,98.8700,1001894
2016-08-10,99.1300,100.9900,99.0900,100.6200,2670193
2016-08-11,100.8500,101.9300,100.5900,101.6700,2259559
2016-08-12,100.9800,101.2000,100.0600,101.0400,1713285
2016-08-15,101.3800,101.6300,100.8800,100.9300,1697642
2016-08-16,100.5200,100.9700,99.9100,100.6000,1649250
2016-08-17,100.6500,100.8100,99.4499,99.7000,2123885
2016-08-18,99.6000,100.9299,99.6000,100.6700,2027030
2016-08-19,100.3100,100.6050,99.7200,100.3200,1587902
2016-08-22,100.3200,100.6800,99.9200,100.2400,1000917
2016-08-23,100.4600,101.2800,100.2400,101.1400,1008572
2016-08-24,101.0000,101.5200,100.6900,101.1400,1425470
2016-08-25,101.1500,101.7900,100.9101,101.6900,1174109
2016-08-26,101.6800,102.7500,101.0810,102.0600,1834580
2016-08-29,101.8500,102.6800,101.4000,102.3000,1161560
2016-08-30,102.0900,102.3900,101.5100,102.0000,1325120
2016-08-31,101.6600,102.6000,101.5101,102.3100,1773004
2016-09-01,102.2300,102.9700,101.8100,102.9000,2006579
2016-09-02,103.4900,104.1600,102.9450,103.5700,1719299
2016-09-06,103.3300,103.7400,103.0900,103.5000,1585082
2016-09-07,103.4700,103.5100,102.5800,103.0000,1386851
2016-09-08,102.7700,102.9700,101.6200,101.8800,2110629
2016-09-09,100.9700,101.2800,99.3800,99.3800,3379338
2016-09-12,99.1800,100.5000,99.0000,100.3200,2882638
2016-09-13,99.9200,99.9200,97.8700,98.7700,3797564
2016-09-14,98.9500,99.5500,98.4900,98.7900,2028975
2016-09-15,98.8400,100.0390,98.4900,99.6200,3094979
2016-09-16,99.2600,99.6700,98.3200,98.9300,3700615
2016-09-19,99.2100,100.2100,99.0200,99.6800,3307490
2016-09-20,100.1600,100.9050,99.7200,100.6200,4104871
2016-09-21,106.5400,108.2200,105.8000,107.7800,8764529
2016-09-22,107.4600,108.5000,107.0100,107.9200,3960346
2016-09-23,107.2100,108.0000,106.7925,107.4700,3087239
2016-09-26,106.9100,107.5700,106.5300,107.2600,2342661
2016-09-27,106.9900,109.7621,106.7400,109.7000,3531392
2016-09-28,109.4800,109.6850,108.8200,109.4900,2740322
2016-09-29,109.5000,109.5700,107.5500,107.8000,2436886
2016-09-30,108.1500,108.8400,107.4400,108.5400,3717559
2016-10-03,108.4100,108.9600,108.1600,108.4500,1553774
2016-10-04,108.5200,108.9400,107.8500,108.3900,1394021
2016-10-05,108.5700,109.3300,108.3200,108.8000,1854957
2016-10-06,108.7200,109.2719,108.1400,108.5600,1590828
2016-10-07,109.0700,109.0700,107.6000,108.6400,1412707
2016-10-10,109.1500,110.1289,109.1500,109.2400,1581880
2016-10-11,109.0000,109.2000,107.0400,107.3700,1970947
2016-10-12,108.4200,108.4200,106.8200,108.0500,1464448
2016-10-13,107.1300,108.1269,106.5300,108.0100,1588510
2016-10-14,108.1900,109.1000,107.8200,107.8400,1968363
2016-10-17,108.0000,108.2800,107.3900,107.4900,1136503
2016-10-18,108.4400,108.8200,108.0100,108.4200,1318965
2016-10-19,108.8100,108.8900,108.1500,108.3900,1282176
2016-10-20,108.4100,109.3800,107.5500,109.0300,1820833
2016-10-21,108.5100,109.1700,107.6300,109.0300,1838305
2016-10-24,109.6300,111.0900,109.3500,110.8100,2014943
2016-10-25,110.7600,110.7716,108.9500,109.0300,1713152
2016-10-26,108.7400,108.8200,107.5900,107.9700,1623670
2016-10-27,108.4700,108.6600,106.6900,107.0700,2393908
2016-10-28,107.0800,108.3200,107.0500,107.6000,1931143
2016-10-31,108.0200,108.2900,107.0400,107.5100,1678352
2016-11-01,107.7900,107.9700,106.0406,106.8700,1951512
2016-11-02,106.8500,106.9500,105.5700,105.8900,2140271
2016-11-03,106.5400,108.1600,106.4800,107.1700,3666957
2016-11-04,105.8500,107.0900,105.6000,106.2000,2587537
2016-11-07,107.6600,108.9700,107.3700,108.6600,2729881
2016-11-08,108.6800,109.1600,107.9300,108.3900,2453769
2016-11-09,105.5500,108.0500,104.5200,107.8600,3650448
2016-11-10,108.0800,108.2600,101.6600,104.0800,7301854
2016-11-11,103.6200,104.4699,102.6200,103.6800,3833663
2016-11-14,104.1200,104.4900,101.7700,102.4200,3040483
2016-11-15,103.1400,104.7600,102.5500,103.6600,2561046
2016-11-16,103.6100,104.4000,102.9600,104.0800,2459564
2016-11-17,103.7700,105.9300,103.4801,105.8100,2606628
2016-11-18,106.1900,106.8000,104.7200,105.0200,2358168
2016-11-21,105.5600,106.1410,105.1400,105.6500,1805956
2016-11-22,105.8500,106.3594,105.0400,105.2100,1703124
2016-11-23,105.4100,105.5600,103.9800,104.2100,2144636
2016-11-25,104.1700,105.0300,103.9000,105.0200,938191
2016-11-28,104.8100,105.1500,104.0900,104.5000,1552584
2016-11-29,104.2700,105.9800,104.2600,104.9500,2353061
2016-11-30,104.9900,105.4600,102.8000,102.8100,3399919
2016-12-01,102.8200,102.9200,98.8700,99.5100,5121202
2016-12-02,99.5200,100.1450,98.0000,99.7300,3514407
2016-12-05,100.4600,102.5200,100.1600,101.9500,2319383
2016-12-06,101.9900,101.9900,100.7100,101.5500,2679915
2016-12-07,100.8900,103.5100,100.8900,103.3600,2728942
2016-12-08,103.3600,104.0700,102.5400,103.5000,1852118
2016-12-09,104.0000,104.5000,103.4200,104.3100,2620553
2016-12-12,104.6200,105.2400,103.5200,105.1600,2711975
2016-12-13,105.7400,107.6000,105.6200,106.1500,3396638
2016-12-14,106.3000,106.7900,105.4400,105.8100,3213662
2016-12-15,106.3300,106.4800,104.6000,105.1000,5678867
2016-12-16,107.8000,107.8000,101.9100,103.5500,8949417
2016-12-19,103.5700,106.0800,103.4100,105.2900,3567060
2016-12-20,105.5000,105.8800,104.7600,105.7700,2194542
2016-12-21,105.7400,106.0600,104.4800,105.5100,2524647
2016-12-22,105.1200,105.1455,103.9500,104.7200,1717345
2016-12-23,104.6100,105.4200,104.6100,105.0200,1047659
2016-12-27,105.0000,105.9000,104.8600,104.9800,1047901
2016-12-28,104.8300,105.1600,103.5000,103.7700,1742924
2016-12-29,103.6300,104.3911,103.4100,103.6800,1094982
2016-12-30,104.0700,104.2200,102.4700,102.9500,2095844
2017-01-03,103.4300,104.0300,102.8100,103.4800,2277933
2017-01-04,103.7400,104.3700,103.4950,104.1400,1712583
2017-01-05,104.1300,106.0200,103.7700,105.9100,2504772
2017-01-06,105.9800,108.4300,105.2500,108.3000,2626352
2017-01-09,107.9600,108.7900,107.5600,108.5700,2925379
2017-01-10,108.5700,108.7900,107.6100,108.2600,3080998
2017-01-11,108.2300,109.0500,108.0000,108.9900,1783953
2017-01-12,107.9900,108.7400,107.1600,108.5900,1617882
2017-01-13,108.8400,108.9000,107.9800,108.5300,1594154
2017-01-17,107.7900,108.0500,107.0600,108.0000,1697769
2017-01-18,108.5000,109.1700,107.5300,108.7900,2537255
2017-01-19,108.6300,109.9800,108.0400,109.7900,3090902
2017-01-20,110.0200,110.8100,109.5700,110.7100,3179186
2017-01-23,110.7100,111.9200,110.3000,110.9700,2574228
2017-01-24,111.4600,114.1700,111.3400,113.7200,3654774
2017-01-25,113.7700,114.5700,113.2900,114.2500,4116861
2017-01-26,113.7900,114.4400,112.7300,112.8800,2745739
2017-01-27,113.0700,114.0100,112.7500,113.9900,1696857
2017-01-30,113.2200,113.8700,112.2600,113.8200,2176539
2017-01-31,113.2200,113.7500,112.6950,113.3800,1716649
2017-02-01,113.3100,113.6400,112.6807,113.3600,1859067
2017-02-02,112.8200,113.5800,112.2700,113.1600,1695789
2017-02-03,113.5500,115.4500,113.4200,115.1700,2507874
2017-02-06,114.6800,114.8250,113.2901,114.4600,3067477
2017-02-07,114.8300,115.1900,114.5400,114.9600,1643454
2017-02-08,115.0000,116.3800,114.4510,116.1300,2591686
2017-02-09,116.2600,116.9000,116.0200,116.4400,1688862
2017-02-10,116.5100,116.9400,115.0300,116.8500,2612905
2017-02-13,117.0300,117.9400,116.2000,117.6500,1910382
2017-02-14,117.6500,117.7900,116.6700,117.5800,1556662
2017-02-15,117.3300,119.0900,117.0700,118.7300,1699561
2017-02-16,118.8400,119.4700,118.4700,118.9300,1649517
2017-02-17,118.7900,119.7200,118.2400,119.6700,2143337
2017-02-21,119.7300,120.1690,119.3100,119.6300,2032259
2017-02-22,119.6700,119.8900,118.8500,119.4700,1982071
2017-02-23,120.1000,120.1500,118.0300,118.8300,2382433
2017-02-24,118.3000,119.3200,117.8300,119.3100,1942492
2017-02-27,119.0200,119.1990,118.0700,118.7800,1550480
2017-02-28,118.8300,118.8400,118.0200,118.3400,2008016
2017-03-01,119.2400,120.5700,118.3800,120.3500,2356481
2017-03-02,120.0900,120.1200,119.2800,119.9000,1819664
2017-03-03,119.8300,120.1300,119.4800,120.0400,1361060
2017-03-06,119.7300,120.4800,119.3700,120.1500,1979700
2017-03-07,120.0600,120.6900,119.6900,119.9800,1872509
2017-03-08,120.2100,120.6600,119.3500,119.6000,2963124
2017-03-09,119.8200,120.2600,119.1100,119.9100,1984225
2017-03-10,120.5700,121.3700,120.2410,121.0900,2211585
2017-03-13,121.1100,121.9600,120.8900,121.8000,1805225
2017-03-14,121.6500,121.9900,120.6200,121.4400,1507722
2017-03-15,122.0000,122.4200,120.9000,122.1100,2396325
2017-03-16,123.2500,123.6000,121.5250,122.3500,4044627
2017-03-17,128.4500,130.3000,126.9400,127.0100,8749926
2017-03-20,126.9900,128.0900,125.7900,126.3100,3320867
2017-03-21,126.6400,127.3600,124.9600,125.0700,3105349
2017-03-22,124.6000,126.9400,124.5100,126.2100,3477250
2017-03-23,126.2000,127.2500,126.0100,126.8700,2197390
2017-03-24,127.8600,129.0000,127.0500,127.7000,3044007
2017-03-27,127.4800,128.8370,126.3600,128.2500,2424236
2017-03-28,127.8100,129.2800,127.8100,128.6900,2213163
2017-03-29,128.4000,129.6300,128.2000,129.5800,2272464
2017-03-30,129.5500,130.2800,129.3000,129.6100,2205186
2017-03-31,129.5700,130.6900,129.4000,130.1300,2086431
2017-04-03,129.5850,130.7499,128.8800,129.5900,2337174
2017-04-04,129.4700,130.3720,129.0200,130.0400,2026519
2017-04-05,130.5800,131.3300,129.3750,129.8900,2811597
2017-04-06,129.8600,130.2200,129.1600,130.1500,1890783
2017-04-07,130.1500,130.6700,129.5200,130.2200,2287623
2017-04-10,130.3200,130.3800,129.4700,130.1600,2234853
2017-04-11,129.9100,130.1650,128.2100,129.9500,2331569
2017-04-12,129.9600,129.9600,128.7200,129.3800,2106257
2017-04-13,129.6300,130.4200,129.0500,129.0500,1815148
2017-04-17,129.6900,130.3600,129.1100,129.9900,1395416
2017-04-18,129.7400,130.2300,129.4800,129.8100,1499916
2017-04-19,129.9000,130.9800,129.8200,130.2200,2007572
2017-04-20,130.7000,131.9900,130.2800,131.4200,2004260
2017-04-21,131.8400,131.9700,131.0300,131.5200,2137086
2017-04-24,132.9400,133.1799,132.1700,132.8900,1845335
2017-04-25,133.4400,133.7200,132.8800,133.4900,2504120
2017-04-26,133.5000,133.8000,132.4200,132.7900,1635874
2017-04-27,133.1300,134.2500,132.7600,133.3800,1658147
2017-04-28,133.4000,133.9200,132.6700,133.7400,1749243
2017-05-01,134.3000,135.3400,133.7100,135.1100,1811962
2017-05-02,135.5400,135.7000,134.7500,135.0000,2692920
2017-05-03,134.9900,135.2100,134.3800,134.8500,1974174
2017-05-04,135.1300,135.3500,134.4050,134.6100,1810507
2017-05-05,135.1900,135.1900,134.1900,134.8400,1845506
2017-05-08,135.3600,135.3850,134.2200,135.1200,1583085
2017-05-09,135.3300,135.6200,134.9000,135.6000,1692745
2017-05-10,135.8600,136.7450,135.5100,136.1500,1755377
2017-05-11,135.9800,136.3100,135.3950,136.2900,1344005
2017-05-12,136.4500,137.3800,135.8850,136.8400,1626639
2017-05-15,137.1300,137.7100,136.8300,137.6000,3210300
2017-05-16,138.0600,138.3900,137.6000,138.0300,2271821
2017-05-17,137.2000,137.3200,134.2401,134.3300,3558545
2017-05-18,132.7700,134.8500,130.8200,134.5400,4158708
2017-05-19,135.1800,136.6100,134.3400,136.4300,3721729
2017-05-22,137.3800,139.1900,136.5800,138.8600,2515974
2017-05-23,139.1600,139.9500,138.7000,139.5200,2123751
2017-05-24,140.1800,141.2500,139.8100,141.1200,1700445
2017-05-25,142.1600,143.4800,141.8000,142.8500,1731076
2017-05-26,142.9300,143.1000,141.6744,141.8900,1604223
2017-05-30,141.8000,142.5600,141.5010,142.4100,1541204
2017-05-31,143.0400,143.1900,141.4100,141.8600,2944380
2017-06-01,141.6400,142.4900,140.9300,141.3800,2407737
2017-06-02,142.1200,143.5700,141.8600,143.4800,2885683
2017-06-05,144.1400,144.3400,143.5100,143.5900,1847635
2017-06-06,143.3500,144.1700,142.7300,143.0300,2162703
2017-06-07,143.3300,143.7700,142.4501,143.6200,1633783
2017-06-08,143.9600,143.9700,141.7400,142.6300,2811524
2017-06-09,143.1400,143.5850,135.7600,138.0500,4146190
2017-06-12,133.7200,138.6400,131.2001,137.2500,6772355
2017-06-13,138.7900,139.8600,138.0900,139.0900,2871379
2017-06-14,139.2900,140.8480,136.4100,138.2500,2831058
2017-06-15,136.6300,137.9000,134.4500,137.5200,2804410
2017-06-16,137.3500,138.3500,136.2900,137.8400,4205798
2017-06-19,138.7900,141.4700,138.6350,140.3500,4356865
2017-06-20,141.2100,142.3000,140.1900,140.9100,5454713
2017-06-21,145.0800,147.4500,142.7500,144.2400,8251897
2017-06-22,145.1500,145.7720,143.6600,143.6900,3688418
2017-06-23,143.7500,145.5900,143.0600,145.4100,3418994
2017-06-26,146.0600,146.8900,144.3600,144.9600,2775521
2017-06-27,144.3300,144.8100,142.5370,142.5400,3018939
2017-06-28,143.0100,144.0800,141.1500,143.8100,2507882
2017-06-29,143.0600,143.2000,139.6500,141.2400,2653886
2017-06-30,141.8700,142.8100,140.7400,141.4400,2331025
2017-07-03,141.7300,142.1500,138.3100,138.4100,1785994
2017-07-05,138.6500,141.9700,138.5500,141.2100,2229878
2017-07-06,139.7300,141.1800,138.8800,140.7500,1803234
2017-07-07,141.0700,143.3600,140.9700,142.2200,1533905
2017-07-10,142.2100,143.8800,141.5700,143.3400,1615161
2017-07-11,142.9900,143.9800,142.1201,142.9300,1623715
2017-07-12,144.0000,146.1900,143.7950,145.9100,1812071
2017-07-13,145.9100,146.4800,144.9350,145.0500,1308293
2017-07-14,145.5900,146.4800,145.2200,146.1600,2283792
2017-07-17,146.1600,146.7300,145.3900,146.4000,1310498
2017-07-18,146.4700,147.9600,145.3700,147.8900,1821001
2017-07-19,147.8900,149.3200,147.4998,148.9200,1880053
2017-07-20,149.0700,150.1000,148.3500,149.9400,1565992
2017-07-21,149.1600,150.4000,148.9102,149.5200,1819773
2017-07-24,149.1600,149.9500,149.0350,149.5300,1503366
2017-07-25,149.8200,149.9041,148.1400,148.2100,1591819
2017-07-26,148.6200,149.8300,148.4200,149.7800,1363136
2017-07-27,149.8700,150.3700,144.2800,146.2000,3058648
2017-07-28,145.7700,147.2400,144.5000,146.7300,1399373
2017-07-31,146.3600,146.9100,145.0600,146.4900,2188441
2017-08-01,147.4800,147.6500,146.5200,147.3600,1580339
2017-08-02,147.5600,147.6000,144.5200,147.1300,2111957
2017-08-03,147.4700,147.9800,145.6800,147.7900,1510601
2017-08-04,148.2500,148.6200,147.2700,147.7100,1503962
2017-08-07,147.7400,148.9000,147.5400,148.4400,1455624
2017-08-08,148.1400,148.8600,146.3600,147.8100,1508814
2017-08-09,146.6800,148.4986,146.5000,148.3500,1177923
2017-08-10,147.2300,147.7400,144.7200,144.9200,1902025
2017-08-11,145.2500,147.1000,144.1800,146.4700,1382926
2017-08-14,147.8100,149.5000,147.5600,149.1600,1171641
2017-08-15,149.5600,150.6500,148.4100,150.3600,1144138
2017-08-16,150.7000,151.9900,149.7600,151.8000,1454988
2017-08-17,151.6600,151.7200,148.1900,148.2300,2125510
2017-08-18,147.7400,148.6862,147.1200,147.9700,1699265
2017-08-21,148.0500,149.3300,147.5700,149.2600,1244766
2017-08-22,150.1400,152.5900,150.1400,152.2500,1981335
2017-08-23,152.1800,152.1800,150.7500,151.1000,1355045
2017-08-24,151.2200,151.8300,149.1700,150.8100,1449409
2017-08-25,152.0000,153.0000,150.9100,151.4500,1182292
2017-08-28,151.8700,152.5000,151.1900,151.7900,952629
2017-08-29,150.5500,152.7600,150.0100,152.1400,1189020
2017-08-30,152.0500,154.2600,151.8900,153.6700,1466018
2017-08-31,154.3600,155.3600,154.3500,155.1600,1895007
2017-09-01,155.7600,156.0600,154.3800,155.0600,1321349
2017-09-05,154.8300,155.4100,153.3100,154.2800,1355632
2017-09-06,155.1100,155.5550,153.6100,153.7600,1224410
2017-09-07,154.4900,155.8850,153.6400,155.4700,1445441
2017-09-08,155.2400,155.8800,154.2900,155.3400,1449916
2017-09-11,156.5900,157.8900,156.3800,156.8700,1715997
2017-09-12,156.7600,157.2152,154.9200,156.3100,1766416
2017-09-13,155.8800,156.7000,155.3900,156.2400,1363910
2017-09-14,155.3700,156.2000,154.6800,154.9500,1676406
2017-09-15,154.9000,155.1900,153.5600,154.4900,3012822
2017-09-18,155.0100,156.3000,154.3700,155.7700,2581009
2017-09-19,156.3000,157.0500,155.8100,156.6000,4014750
2017-09-20,151.9900,152.4000,149.0000,149.9600,9372344
2017-09-21,150.3800,151.2500,148.3000,149.3000,4991765
2017-09-22,148.6900,149.5000,147.8500,148.5000,2929187
2017-09-25,148.3900,148.7100,143.9500,144.5700,4869526
2017-09-26,145.5000,146.3500,143.9600,145.4000,3279994
2017-09-27,146.3100,147.0900,145.7535,146.4300,2947611
2017-09-28,146.1400,147.3200,145.3914,146.8300,1666974
2017-09-29,146.6900,149.2800,146.6000,149.1800,2181258
2017-10-02,149.7900,150.4800,147.5200,147.9400,2341670
2017-10-03,148.4800,148.8000,147.9850,148.6000,1808225
2017-10-04,148.2100,148.4600,146.6000,147.9500,2885596
2017-10-05,148.4900,150.4500,147.7100,150.2500,2413792
2017-10-06,149.9600,151.3600,149.5301,151.1200,2283030
2017-10-09,150.7600,151.5700,150.2500,151.5000,1461004
2017-10-10,152.0000,152.8600,151.3200,152.1500,2817629
2017-10-11,152.0900,154.0000,151.3500,153.6500,2791024
2017-10-12,153.7200,154.8500,153.3900,153.6100,2430193
2017-10-13,153.9600,154.5900,153.0600,153.9300,2515573
2017-10-16,151.1500,153.0700,149.2811,150.4600,3833182
2017-10-17,150.5200,150.9300,148.1500,150.3800,3547811
2017-10-18,150.3300,153.4300,149.0300,153.0000,4290947
2017-10-19,165.5000,172.1500,164.4200,171.7300,13522642
2017-10-20,171.5000,175.8700,171.3550,175.6400,6019412
2017-10-23,175.6800,175.8500,171.8300,172.1600,3220814
2017-10-24,171.4700,172.4900,170.4910,171.5800,2658577
2017-10-25,170.3700,173.4100,170.0350,171.8300,2785655
2017-10-26,172.0600,175.0200,172.0200,173.7500,2581165
2017-10-27,174.0200,177.5800,174.0200,177.3300,2807106
2017-10-30,177.0000,177.4800,174.4500,176.0300,2124220
2017-10-31,176.1600,176.7300,174.5200,175.1600,2656509
2017-11-01,176.5900,176.9400,174.7000,176.2500,2002919
2017-11-02,178.0200,181.4800,175.8000,180.9400,3262340
2017-11-03,181.7600,182.7400,179.6400,182.3000,2244714
2017-11-06,182.0100,182.2900,180.5400,180.8000,2022474
2017-11-07,181.2300,181.7800,180.1100,180.8800,2544173
2017-11-08,181.1900,184.4400,181.0600,184.0600,1694797
2017-11-09,182.8800,183.0790,179.0300,181.9200,2703644
2017-11-10,181.0000,182.0600,179.8300,181.7200,2082659
2017-11-13,180.5000,182.3200,179.7500,181.8500,1496104
2017-11-14,181.9800,182.1700,180.3100,181.3200,1549658
2017-11-15,180.9200,181.7275,179.6043,180.0800,1980859
2017-11-16,181.1800,182.4400,180.5800,182.3000,1961186
2017-11-17,182.0800,182.9105,181.1350,182.2400,1482133
2017-11-20,182.8000,183.4300,181.3400,182.3400,1118117
2017-11-21,183.7500,185.5500,182.8350,184.1500,2036520
2017-11-22,184.3200,184.5000,182.6200,182.9000,1546690
2017-11-24,182.9600,184.7100,182.9600,184.4600,662988
2017-11-27,184.8300,185.8400,184.0900,185.0000,1305108
2017-11-28,185.6200,186.2700,184.3700,185.4000,1647026
2017-11-29,183.8700,184.7300,175.3100,176.8500,4320844
2017-11-30,178.1400,181.6700,176.5501,181.4700,3976326
2017-12-01,179.5100,182.0000,177.1300,179.5200,3016883
2017-12-04,180.3400,180.6200,168.4300,168.4400,5931410
2017-12-05,167.6900,171.7800,165.6800,167.5400,4698710
2017-12-06,166.7900,173.9600,165.7500,173.5200,3773011
2017-12-07,173.4600,175.9000,172.1300,174.6100,2442047
2017-12-08,177.0800,177.2000,173.1700,173.5700,2101808
2017-12-11,173.7700,174.9800,173.2000,174.3100,2776719
2017-12-12,172.6900,174.1300,170.4300,172.5400,3924191
2017-12-13,173.5000,177.4200,173.2900,176.8300,4591716
2017-12-14,178.2600,178.7200,174.9800,175.0000,4720922
2017-12-15,179.3600,179.9800,174.3004,177.5100,9191676
2017-12-18,178.4200,179.1500,175.3100,176.7400,3435384
2017-12-19,176.0100,176.7600,174.2300,174.9700,2509526
2017-12-20,176.0000,176.0000,172.9200,174.2500,2677319
2017-12-21,174.0500,175.3200,174.0000,174.5600,2164450
2017-12-22,173.9900,175.1000,173.7500,175.0000,1702630
2017-12-26,174.3600,175.0000,173.0300,174.4400,918355
2017-12-27,174.6500,175.4400,173.9700,175.3600,1527819
2017-12-28,175.9200,176.0000,174.8500,175.5500,1043660
2017-12-29,175.1900,176.9700,175.1000,175.2400,1810263
2018-01-02,175.8500,177.8000,175.2600,177.7000,2432814
2018-01-03,178.0000,181.8900,177.7000,181.0400,2561213
2018-01-04,181.9300,184.0599,181.6400,183.2200,2211383
2018-01-05,185.0000,185.9000,183.5400,185.3400,2376524
2018-01-08,184.9500,185.5990,183.8300,185.0400,2087952
2018-01-09,185.5700,186.9700,183.9314,186.7000,1804423
2018-01-10,185.2100,187.2700,185.0730,187.1100,1664485
2018-01-11,187.2900,188.9400,186.1850,188.9200,1600065
2018-01-12,189.0900,195.5000,188.9900,195.0500,4246044
2018-01-16,195.9200,198.2100,191.7100,192.4600,4595560
2018-01-17,194.0150,197.1200,192.7700,196.4900,2969469
2018-01-18,196.2100,196.5860,194.0600,196.2000,2539356
2018-01-19,196.2400,196.6300,194.6500,195.7300,2342979
2018-01-22,195.7000,198.0000,194.4240,197.8400,1701342
2018-01-23,202.2900,204.4500,199.4400,200.0900,3980994
2018-01-24,201.8200,202.3000,196.5200,197.7800,3250450
2018-01-25,198.0800,199.2440,196.0700,197.5100,2574213
2018-01-26,198.5000,201.5500,198.2500,201.3000,2338080
2018-01-29,200.1100,200.8600,197.8700,198.2300,1938978
2018-01-30,197.2500,197.7300,194.8900,196.9000,3343348
2018-01-31,197.1300,200.9600,196.7500,199.7600,2747576
2018-02-01,199.1200,201.7500,198.0845,199.3800,2366120
2018-02-02,197.3300,199.4000,195.4400,195.6400,2813785
2018-02-05,194.0600,198.4600,188.0000,190.2700,3801346
2018-02-06,186.5900,194.8200,182.1000,194.4700,4479960
2018-02-07,193.8700,196.2400,192.0200,192.3400,2988024
2018-02-08,192.8400,192.9700,185.0200,185.1600,3978688
2018-02-09,187.3300,189.7100,179.3400,187.9900,3818835
2018-02-12,189.0000,192.9900,188.5600,192.1500,2824726
2018-02-13,190.8500,194.3100,190.3900,193.4800,1961306
2018-02-14,192.4800,197.5000,191.9500,197.1300,2542392
2018-02-15,198.9700,203.2800,197.1300,202.9700,2233313
2018-02-16,202.5200,203.9000,200.7400,201.5600,2172590
2018-02-20,200.4600,205.1150,199.1800,202.9800,2722668
2018-02-21,204.4500,206.8300,202.0200,202.0900,2043494
2018-02-22,203.0700,204.2200,201.6800,202.6100,1541519
2018-02-23,204.2200,209.7800,203.3100,209.7400,2349265
2018-02-26,211.2900,212.3500,209.2610,212.1500,2418674
2018-02-27,211.9900,212.7600,208.2500,208.8200,2330752
2018-02-28,210.6900,213.4400,209.1000,209.1300,2356944
2018-03-01,210.3200,210.6834,204.4500,206.0300,2632234
2018-03-02,203.9600,210.2100,201.7600,209.7900,2624675
2018-03-05,208.7500,212.0000,206.9200,211.1600,2111808
2018-03-06,212.4400,212.7400,209.8800,212.0100,2169010
2018-03-07,211.3300,217.4400,211.0033,216.8600,2795072
2018-03-08,218.0300,219.7100,214.8600,216.4000,2284446
2018-03-09,218.0000,221.2700,217.1900,221.1100,2642259
2018-03-12,222.9700,223.1100,220.3400,220.9400,3216924
2018-03-13,223.0000,224.9000,218.4300,219.7600,4731961
2018-03-14,220.7500,221.4600,217.6000,218.4400,3357597
2018-03-15,220.0000,221.4700,218.0610,218.8700,4457006
2018-03-16,227.1800,228.8800,224.0000,225.5500,8783042
2018-03-19,224.4800,226.5900,218.6800,222.1800,4029302
2018-03-20,223.1900,231.3400,223.0000,229.7500,5019294
2018-03-21,228.7600,229.2500,225.6100,226.8500,3971832
2018-03-22,223.8600,225.8700,220.2550,220.5200,3008694
2018-03-23,219.5200,222.4550,214.7800,215.0200,4297236
2018-03-26,218.8300,229.1500,218.5000,228.9100,4485445
2018-03-27,229.9000,230.9800,212.2500,213.8000,5468070
2018-03-28,213.7200,217.1500,209.0400,212.5400,4503154
2018-03-29,213.3500,219.5900,210.2737,216.0800,3757447
2018-04-02,214.8100,216.5000,207.2200,212.2800,3494946
2018-04-03,214.7800,217.8549,212.2800,215.9300,3017824
2018-04-04,210.7100,226.2800,210.5000,225.0500,4474394
2018-04-05,227.9400,228.8000,221.6050,223.5400,4084913
2018-04-06,221.8900,224.4600,216.7471,218.6100,2964487
2018-04-09,220.0800,224.4370,218.8200,219.1700,2536139
2018-04-10,222.6100,225.1600,221.1810,224.5300,2845870
2018-04-11,222.9300,226.6200,222.5400,223.6300,1851054
2018-04-12,225.7200,228.3900,225.1150,226.9600,2084110
2018-04-13,228.8500,228.9500,222.5500,224.0600,2029265
2018-04-16,226.0800,227.2300,222.9535,226.5200,2130698
2018-04-17,228.5600,232.2100,228.0700,231.1600,3404449
2018-04-18,231.7000,233.1713,228.6200,231.1000,2261576
2018-04-19,230.1100,230.4300,226.2800,227.6200,2620107
2018-04-20,227.0000,227.6000,223.0500,225.2400,2403683
2018-04-23,226.3900,229.1500,224.7500,225.3000,2137988
2018-04-24,227.0000,228.3000,215.7780,217.8900,3450849
2018-04-25,218.1600,219.4000,213.2500,217.3200,2946092
2018-04-26,219.7700,223.1900,218.8510,221.9100,2235942
2018-04-27,223.0800,224.1800,219.6800,221.9000,1503148
2018-04-30,223.2700,224.1400,219.5380,221.6000,1766330
2018-05-01,220.7700,224.4900,219.3800,224.0800,1792948
2018-05-02,224.3000,224.5000,220.5500,221.1000,2202895
2018-05-03,220.0100,227.3700,218.7396,226.0500,2507925
2018-05-04,223.8900,229.3900,223.3900,228.5100,1663737
2018-05-07,229.5400,232.3600,229.0200,230.9900,1808338
2018-05-08,229.7400,234.9971,228.7500,234.5600,2244572
2018-05-09,235.0000,240.1500,233.5250,239.7400,3091588
2018-05-10,240.4600,241.7600,238.2400,241.1500,1941395
2018-05-11,241.0300,241.9300,238.7901,241.8800,2261704
2018-05-14,242.0000,243.3400,237.2400,238.3700,2670821
2018-05-15,235.6400,237.3450,233.0000,236.6000,2130349
2018-05-16,236.5900,238.1200,235.8396,237.3900,1843652
2018-05-17,237.3200,239.6650,234.8288,236.8500,1690642
2018-05-18,236.2400,239.2800,235.2581,238.0900,1888196
2018-05-21,239.8500,240.7800,237.1100,238.1000,1757941
2018-05-22,241.1500,243.4900,237.7600,238.7900,2950223
2018-05-23,236.3200,244.0900,236.0000,243.9100,2757629
2018-05-24,243.7900,245.9000,240.7218,245.1500,2779634
2018-05-25,245.0000,245.7900,242.8700,243.5600,2152871
2018-05-29,242.9900,243.3850,240.3800,242.1900,2093449
2018-05-30,244.4000,248.5600,244.3900,247.4000,2319344
2018-05-31,247.1100,251.5200,246.5800,249.2800,3838370
2018-06-01,250.5500,251.8300,248.8486,251.3100,2773194
2018-06-04,252.8500,254.7200,251.1000,253.3400,3058747
2018-06-05,254.0000,254.0600,251.1100,252.7000,2677427
2018-06-06,253.7500,254.0700,251.5000,253.9500,3963638
2018-06-07,253.2400,254.0500,244.0300,247.5100,4169213
2018-06-08,246.8600,251.6600,245.8300,251.2100,2880597
2018-06-11,251.7600,253.4800,250.1250,251.0000,2868208
2018-06-12,252.6500,254.8000,251.1300,252.5900,3513342
2018-06-13,253.7000,257.9000,253.6500,256.1300,3590741
2018-06-14,257.1500,258.9102,256.5800,258.1000,5618308
2018-06-15,251.2800,253.8700,247.5200,251.8200,9052820
2018-06-18,250.5200,256.7700,249.8000,255.6900,3764273
2018-06-19,251.8300,253.6500,247.9000,251.7400,3532529
2018-06-20,253.5000,254.8000,250.9800,251.2400,2577487
2018-06-21,252.0000,252.7190,247.5700,248.8300,2639732
2018-06-22,248.1100,248.7999,243.2600,243.6300,4124488
2018-06-25,240.1500,241.9600,235.8700,239.6800,4575365
2018-06-26,240.6700,244.2300,239.6600,242.2500,2998299
2018-06-27,243.4600,244.9797,237.5100,237.6800,3499484
2018-06-28,236.5900,241.8186,236.4385,239.8100,2217390
2018-06-29,241.8800,245.4900,241.5000,243.8100,3774674
2018-07-02,241.0500,243.3300,239.6000,243.2600,4084996
2018-07-03,244.7200,245.9400,241.6700,242.0100,1307705
2018-07-05,243.0400,244.6200,242.1400,244.1800,1863413
2018-07-06,244.4800,248.7200,243.2200,248.1900,1889695
2018-07-09,249.9000,250.6600,246.3700,249.7700,2170678
2018-07-10,250.4700,250.8464,248.2100,248.6300,2012389
2018-07-11,246.6500,249.7400,245.8500,248.1200,1730608
2018-07-12,249.9400,255.0500,249.3800,254.8700,2761631
2018-07-13,254.6400,259.5100,253.4901,258.5900,3934327
2018-07-16,258.6300,259.0400,253.8300,254.6800,2165057
2018-07-17,252.6800,258.6800,250.7100,258.3100,2551989
2018-07-18,257.8600,260.9400,256.5400,259.7800,2637027
2018-07-19,258.0000,259.6000,256.3600,257.6800,1980234
2018-07-20,258.1700,259.4500,256.7400,257.5400,2224270
2018-07-23,257.6600,260.1400,256.3800,259.4700,1935668
2018-07-24,261.0400,262.7275,255.9320,257.4900,2433299
2018-07-25,258.3500,263.5000,257.8300,263.1700,2345975
2018-07-26,261.9200,263.8300,258.4916,261.9300,2266146
2018-07-27,262.0500,262.8646,253.0500,254.8100,3030864
2018-07-30,254.4200,254.7600,240.1000,242.3200,5496791
2018-07-31,244.9300,246.7999,241.1600,244.6800,2939488
2018-08-01,245.0000,248.7600,244.2400,248.0100,3185354
2018-08-02,245.6966,252.5700,245.0000,252.2200,2395360
2018-08-03,252.5750,254.3900,249.4800,253.2800,2100275
2018-08-06,252.7400,254.8799,251.5400,254.1100,1535405
2018-08-07,254.5000,255.1600,252.4500,253.3900,1885363
2018-08-08,252.9500,254.5700,251.6300,253.8300,1589803
2018-08-09,254.5500,255.7500,253.3900,253.8000,2092042
2018-08-10,252.0000,254.9700,251.5000,253.7000,1788961
2018-08-13,254.1600,256.6000,253.3000,253.5400,1535494
2018-08-14,254.3800,256.2500,252.0900,256.0500,2100345
2018-08-15,253.8000,255.8300,248.0200,250.5200,2744650
2018-08-16,252.7900,253.3000,248.1000,248.8900,2420379
2018-08-17,248.3900,249.2200,243.7100,245.7000,2744156
2018-08-20,246.0800,250.3700,246.0000,249.7600,2901290
2018-08-21,250.4500,253.3300,250.3600,251.5000,2168922
2018-08-22,250.5900,256.1600,250.3600,255.5400,1895350
2018-08-23,254.6200,258.3290,254.4700,257.0000,2984332
2018-08-24,258.3300,263.3900,258.3300,261.5100,3862275
2018-08-27,263.0000,263.7000,259.3900,262.4000,2433040
2018-08-28,263.7000,263.7000,261.0300,263.0400,1867069
2018-08-29,263.0000,269.9600,262.5600,268.3600,3155151
2018-08-30,266.7200,269.0500,265.5000,266.4300,2409250
2018-08-31,265.5500,266.8331,263.2000,263.5100,2944461
2018-09-04,263.6700,266.9300,262.3000,266.6800,2158226
2018-09-05,265.6100,266.1597,254.5400,256.1400,4203322
2018-09-06,256.9500,260.2700,255.1400,259.7500,2810834
2018-09-07,258.0000,263.6700,257.1200,260.8700,2894348
2018-09-10,264.2700,265.9300,260.7900,265.3700,2633558
2018-09-11,265.3000,268.6000,263.3100,267.0000,2866078
2018-09-12,267.8300,270.9400,266.4480,267.7900,3365421
2018-09-13,267.1300,270.0000,265.0100,268.5200,4773968
2018-09-14,269.0000,277.6100,268.0000,274.6900,6182502
2018-09-17,275.0000,275.7800,267.6800,268.2500,3080942
2018-09-18,267.6100,273.7800,266.6033,270.7900,2684423
2018-09-19,271.1400,271.9500,263.6139,264.8800,2801378
2018-09-20,266.4700,269.5400,264.1892,266.3400,2560184
2018-09-21,266.1500,267.5000,260.2400,260.8800,6186497
2018-09-24,260.0000,264.4600,257.0700,264.0900,2619133
2018-09-25,264.6000,268.4300,264.2009,267.8400,2298022
2018-09-26,268.5600,270.6800,266.6600,268.4700,2027658
2018-09-27,270.0000,272.4200,269.2500,269.9100,1735155
2018-09-28,269.7500,272.2600,268.4400,269.9500,2784504
2018-10-01,271.7600,276.6300,271.4600,275.4900,3553432
2018-10-02,274.7100,277.0300,271.8500,272.0000,3254406
2018-10-03,273.2500,274.1700,269.7600,270.5100,2726375
2018-10-04,269.5000,271.0700,260.5364,263.7100,3780326
2018-10-05,263.9600,266.1000,258.3100,263.2200,3098832
2018-10-08,261.8400,263.4564,248.6852,254.6900,5109168
2018-10-09,254.1600,258.7200,251.7100,254.1600,2597721
2018-10-10,252.5200,253.3800,237.8600,237.9100,5309318
2018-10-11,236.4100,245.7200,234.7200,238.5900,7042917
2018-10-12,247.7400,249.9100,242.7827,248.8700,4779938
2018-10-15,248.3400,248.3700,238.0000,238.0100,5106421
2018-10-16,252.5000,261.7300,251.7700,260.6700,8679636
2018-10-17,261.2100,261.8900,255.2600,258.9100,4405056
2018-10-18,256.1900,257.2100,246.0100,250.3500,5378932
2018-10-19,252.7300,252.8900,243.6400,245.0300,4070625
2018-10-22,246.0000,251.6350,242.8029,251.0600,3486990
2018-10-23,246.1900,254.9100,242.5600,251.7600,5006280
2018-10-24,250.6100,254.5991,238.2300,238.4400,4859524
2018-10-25,242.1700,253.5900,241.6600,252.9200,5283634
2018-10-26,243.8500,252.1800,241.4050,245.8000,4505846
2018-10-29,250.6700,254.5300,233.3950,239.7500,4725035
2018-10-30,238.9900,242.5000,231.7000,238.4100,5626772
2018-10-31,245.4100,249.6000,243.6662,245.7600,4422974
2018-11-01,245.6900,247.5500,241.4900,245.2800,3192176
2018-11-02,246.5700,247.4700,237.8000,239.6400,4335346
2018-11-05,240.0000,241.0000,233.6200,239.8900,3224119
2018-11-06,240.4800,244.6400,237.7600,240.5600,2446675
2018-11-07,244.8000,253.9610,243.8100,253.4300,3790606
2018-11-08,253.3100,254.1300,247.7400,249.9600,2389273
2018-11-09,247.5600,248.2900,241.1600,244.8400,2765862
2018-11-12,244.1400,244.8000,235.3600,236.6700,3498270
2018-11-13,238.3800,243.0000,235.8501,238.7400,4017536
2018-11-14,242.1600,242.9100,231.9101,235.2200,3261302
2018-11-15,233.9800,241.4300,231.3300,239.9500,3383487
2018-11-16,239.5200,240.1400,235.3700,238.8900,2897385
2018-11-19,237.5000,238.6500,218.7200,219.6900,7641894
2018-11-20,209.4100,222.8400,207.0200,219.7300,6180467
2018-11-21,225.3300,228.9900,222.2400,225.9800,4846563
2018-11-23,222.7100,227.7400,222.5100,225.5600,1691015
2018-11-26,229.1900,233.3000,227.9100,231.9600,3603692
2018-11-27,230.7700,232.7800,228.6800,232.2500,2882445
2018-11-28,237.9000,250.4100,237.7400,249.2100,6447110
2018-11-29,246.3600,252.2500,244.3100,249.0900,3723510
2018-11-30,250.2300,251.5700,247.0900,250.8900,5156668
2018-12-03,260.7100,260.7200,251.8172,255.2600,4285915
2018-12-04,253.2200,254.7100,244.9800,245.8200,4041714
2018-12-06,240.0000,250.6800,237.9600,250.6300,3950611
2018-12-07,248.3900,249.2600,237.6500,238.0000,3971074
2018-12-10,237.4600,245.3950,237.0101,244.0900,3194293
2018-12-11,251.4300,251.7500,242.7845,245.3400,3179388
2018-12-12,249.9900,251.5600,245.0400,245.5500,4067868
2018-12-13,248.1500,251.6000,245.2000,248.0800,5395115
2018-12-14,240.7600,240.9200,229.9100,230.0000,12189411
2018-12-17,226.9300,230.6300,220.4800,221.3800,7059515
2018-12-18,222.5300,228.1300,221.5500,226.1800,5264971
2018-12-19,225.9200,231.0200,221.1100,224.6500,6110844
2018-12-20,223.0000,224.8500,212.8300,218.6500,6099382
2018-12-21,219.5500,222.2600,207.3700,208.8000,8828085
2018-12-24,206.9000,212.5800,204.9500,205.1600,2940454
2018-12-26,206.5300,222.9600,206.2500,222.9500,5897853
2018-12-27,219.9900,225.1700,214.1600,225.1400,3931134
2018-12-28,227.5800,228.1100,220.8700,223.1300,3160241
2018-12-31,225.5600,227.3300,223.2350,226.2400,2866443
2019-01-02,219.9100,226.1700,219.0000,224.5700,2784109
2019-01-03,220.8800,223.6300,215.1500,215.7000,3663514
2019-01-04,219.8400,227.6500,217.4800,226.1900,4043376
2019-01-07,229.9500,232.6000,227.2900,229.2600,3638526
2019-01-08,232.6500,233.7700,228.3298,232.6800,3685900
2019-01-09,234.0100,238.5900,232.0000,235.4300,3594435
2019-01-10,233.7700,238.0400,231.7100,237.7700,2704960
2019-01-11,235.7100,239.3200,235.2300,237.5500,3179485
2019-01-14,235.3300,236.2550,231.9587,234.5600,2607012
2019-01-15,237.9000,243.9300,237.2552,242.3600,3656486
2019-01-16,243.6000,244.0000,239.6800,241.9500,2885155
2019-01-17,240.1300,245.0400,238.7801,244.4000,2836201
2019-01-18,247.4500,250.6800,244.4500,247.5100,3711300
2019-01-22,245.1300,245.6083,241.1900,243.8500,4155486
2019-01-23,244.9100,248.1600,240.5963,245.1400,2031718
2019-01-24,245.6200,245.9800,241.1800,242.5600,3642950
2019-01-25,244.9900,247.1000,243.4300,244.9500,3821429
2019-01-28,241.0000,243.2200,239.3500,241.8500,2110409
2019-01-29,241.8100,242.8653,237.2700,238.2700,1937089
2019-01-30,240.1600,243.0000,238.8700,242.6700,2483107
2019-01-31,243.0000,249.0000,243.0000,247.8200,5007179
2019-02-01,247.8200,251.0350,246.1000,247.3800,3033305
2019-02-04,248.5600,256.9900,248.0600,254.7400,3705123
2019-02-05,256.7400,258.5600,254.0100,254.8200,3041982
2019-02-06,255.0600,255.9300,250.7100,254.3500,2539068
2019-02-07,251.3300,254.3100,250.2800,253.7400,2099743
2019-02-08,251.3900,257.0500,250.6400,257.0000,2756758
2019-02-11,258.8900,259.9000,256.1900,258.3900,3538128
2019-02-12,260.1500,262.2509,258.6700,261.3700,2518430
2019-02-13,263.1300,263.3645,259.3700,260.2300,1899835
2019-02-14,259.4000,261.7100,258.0100,260.1400,1884977
2019-02-15,260.3400,260.9700,258.0725,259.4500,2999236
2019-02-19,258.9800,260.0600,256.4500,257.8100,3475615
2019-02-20,258.1300,260.9900,255.9164,258.1000,2484800
2019-02-21,257.3000,259.3491,255.1200,257.7600,2607433
2019-02-22,257.6100,260.2400,257.6100,258.9000,2006123
2019-02-25,261.5000,262.9800,258.1800,258.6200,1815766
2019-02-26,258.0000,262.5800,256.3734,261.2200,2539030
2019-02-27,259.7700,263.0800,256.5200,262.9000,2267003
2019-02-28,262.4000,266.2400,261.7600,262.5000,3810382
2019-03-01,265.7500,266.2400,261.5000,264.0100,2594052
2019-03-04,266.7000,267.0000,254.0800,258.1600,2995155
2019-03-05,259.0000,259.8650,256.3650,257.3800,2101785
2019-03-06,257.4000,259.4900,253.8400,256.4000,1950615
2019-03-07,255.7700,257.4900,253.2855,255.4600,3185202
2019-03-08,251.4900,255.0200,249.0954,254.7400,2195350
2019-03-11,255.9800,261.4600,255.7700,260.9600,2711658
2019-03-12,261.8600,264.7500,259.0100,263.5100,2583623
2019-03-13,265.5000,269.8000,264.1300,264.3800,3992487
2019-03-14,265.2600,268.0000,263.5200,267.6900,5113443
2019-03-15,258.0300,260.0000,252.0300,257.0900,12110485
2019-03-18,257.1100,259.9600,253.8901,257.7600,4013389
2019-03-19,259.4300,260.6400,256.3400,260.4200,4257338
2019-03-20,260.5400,262.3000,256.1700,259.7400,3732580
2019-03-21,259.0000,264.3400,258.4000,264.1800,2359850
2019-03-22,263.4700,264.6400,259.5200,259.6900,3454012
2019-03-25,259.2100,263.1200,257.1000,262.2700,2639365
2019-03-26,265.0500,267.7400,263.8400,265.5900,3150072
2019-03-27,265.5300,265.9731,259.0400,262.3400,2521923
2019-03-28,263.5000,265.1699,260.8800,263.5300,2017976
2019-03-29,265.4700,266.7500,264.2000,266.4900,2097589
2019-04-01,269.8500,272.3850,268.1900,272.1700,2970213
2019-04-02,272.8900,273.0000,267.6300,271.3500,1877939
2019-04-03,273.7100,274.1800,270.9750,271.5000,2432780
2019-04-04,270.9800,271.4700,263.7200,267.8900,2947386
2019-04-05,269.4400,269.9400,266.5900,267.4500,1970627
2019-04-08,266.9600,269.0900,264.7000,268.8100,1796796
2019-04-09,267.1200,269.9900,266.8000,268.9900,1605892
2019-04-10,269.4700,272.1600,269.0100,271.5800,1469979
2019-04-11,271.9500,272.9200,270.7700,271.9000,2085789
2019-04-12,273.0100,273.5100,270.8200,271.8600,1681371
2019-04-15,271.8600,273.7100,270.6200,272.2200,1462311
2019-04-16,273.0700,273.3900,269.6400,271.4300,1638464
2019-04-17,272.1700,272.6650,268.4400,269.4500,2391518
2019-04-18,270.0900,270.8200,266.6400,270.5700,2028988
2019-04-22,269.8200,272.3200,269.2033,272.2100,1364952
2019-04-23,272.5400,278.8900,271.5900,278.4900,2693942
2019-04-24,279.2200,280.1700,275.2500,275.4500,1867555
2019-04-25,278.4000,279.5200,274.3785,277.6600,1747300
2019-04-26,278.1800,282.0000,275.7900,281.9600,2114205
2019-04-29,286.4600,291.7050,285.3800,286.1400,5592372
2019-04-30,286.1000,289.7700,285.2500,289.2500,3067976
2019-05-01,291.0000,291.0000,283.1900,283.3500,2056176
2019-05-02,283.1400,284.5900,278.1500,279.6400,2482283
2019-05-03,282.5600,286.3500,282.3900,285.5800,1979920
2019-05-06,277.6000,284.2165,275.8100,283.6600,1994477
2019-05-07,278.8200,280.6500,273.6700,277.0700,2567977
2019-05-08,275.8300,278.3700,274.1600,276.7700,2611043
2019-05-09,274.1600,277.1200,270.7975,275.7900,1867193
2019-05-10,273.5800,279.5000,270.3200,278.4800,2097736
2019-05-13,270.5650,274.1900,267.2200,267.7000,2698322
2019-05-14,269.4300,274.2300,269.2900,271.8600,2046551
2019-05-15,269.8200,276.9500,269.5000,276.8200,2708559
2019-05-16,278.6300,285.8700,278.4000,283.5500,3413063
2019-05-17,281.6800,284.4120,279.0690,279.8500,2223523
2019-05-20,276.1000,277.8900,273.4000,275.4500,2391950
2019-05-21,278.2100,280.0000,277.0450,278.0700,1793665
2019-05-22,277.4200,282.7400,277.2550,281.8200,1570628
2019-05-23,278.2900,278.4300,271.6900,274.2500,2706419
2019-05-24,273.5400,277.4750,273.5400,274.7700,1878339
2019-05-28,276.4900,281.4500,275.3700,278.2500,2475891
2019-05-29,275.2900,276.8025,272.2800,273.3800,1805982
2019-05-30,274.4300,275.0900,272.4300,274.5100,1601106
2019-05-31,271.2800,272.9100,268.7500,270.9000,2526653
2019-06-03,270.5100,272.8100,257.5300,259.0300,3903421
2019-06-04,263.2700,268.9300,257.4600,268.7100,3750815
2019-06-05,272.7800,273.2100,268.3900,272.8600,2650396
2019-06-06,273.7200,275.7600,271.0450,274.8000,2211787
2019-06-07,275.8700,282.3700,275.5100,278.1600,2759013
2019-06-10,280.9800,284.9800,280.2000,280.3400,2487726
2019-06-11,283.9100,284.8900,272.0301,275.9900,2969720
2019-06-12,276.1300,277.5550,274.5750,276.8400,1313852
2019-06-13,278.5900,278.9600,275.9150,276.3000,1696743
2019-06-14,275.9100,277.1000,274.0000,274.2800,2262838
2019-06-17,274.6300,277.4700,274.6300,275.6000,2254229
2019-06-18,280.3700,280.4908,276.6200,276.7800,4529340
2019-06-19,287.0000,292.0000,284.3400,291.2100,9738584
2019-06-20,293.2500,302.6600,293.2500,302.1100,5632525
2019-06-21,301.4600,304.0000,299.0900,299.3300,4015546
2019-06-24,300.0000,302.5800,298.6850,299.8700,2869223
2019-06-25,299.2100,300.6450,287.0000,287.9700,4638470
2019-06-26,291.2600,292.7600,288.7000,288.7200,2896763
2019-06-27,290.0400,294.6700,290.0400,293.2300,2596919
2019-06-28,294.5000,295.1000,291.9500,294.6500,2648300
2019-07-01,299.5500,301.9000,297.6600,300.9700,2624198
2019-07-02,301.1900,301.5800,299.3598,301.3900,1816885
2019-07-03,302.0000,305.8600,301.2900,305.7000,1585273
2019-07-05,304.0100,305.2400,298.9300,303.9800,2872770
2019-07-08,302.7600,303.1100,300.1300,302.9200,1909180
2019-07-09,300.5600,305.1300,300.2201,304.2000,1644254
2019-07-10,305.1000,309.3200,305.1000,306.9800,1954088
2019-07-11,307.3900,310.1709,305.9000,307.6000,1951519
2019-07-12,308.0100,309.7000,304.9650,309.4200,1624840
2019-07-15,310.0000,310.4550,307.7200,308.7600,1161681
2019-07-16,308.0000,308.4600,305.0711,305.7000,1838747
2019-07-17,307.1300,310.9566,306.7500,309.3900,2298481
2019-07-18,307.2100,310.9200,306.8500,310.0800,1597673
2019-07-19,311.5600,313.1100,305.2650,306.8700,2100253
2019-07-22,308.3900,309.9200,307.1400,308.5500,1336736
2019-07-23,309.9100,309.9800,305.2200,307.8800,1826893
2019-07-24,305.8100,310.7317,305.8100,310.2700,1459247
2019-07-25,308.6600,309.6600,306.1000,308.7300,1378470
2019-07-26,309.9700,312.5000,309.2600,311.2700,1507922
2019-07-29,311.9400,311.9400,301.4800,307.2200,2778446
2019-07-30,305.0700,307.0900,302.5500,303.6400,2157952
2019-07-31,303.6100,304.9500,295.1100,298.8600,3066861
2019-08-01,299.1500,304.9900,296.7700,298.4400,3210196
2019-08-02,295.5700,297.3500,289.4200,293.7100,3400897
2019-08-05,285.0400,286.8700,276.7800,280.3600,4292566
2019-08-06,283.6300,286.9900,282.5000,286.2100,2552138
2019-08-07,282.2400,290.2600,282.0000,289.0200,2196689
2019-08-08,292.7500,297.8700,290.2000,297.7800,2506035
2019-08-09,296.1400,298.2700,292.1500,294.8300,1451132
2019-08-12,293.1400,294.4200,287.4127,288.6500,1580529
2019-08-13,288.2300,295.5000,286.3900,293.1700,2346691
2019-08-14,287.6000,289.6500,281.4250,283.6600,2585987
2019-08-15,285.6400,286.4900,280.8600,282.7100,2338678
2019-08-16,285.5800,290.1500,283.3200,287.4500,1981029
2019-08-19,291.3200,291.7700,287.1700,287.9700,1956105
2019-08-20,287.9700,288.6600,285.4000,285.7100,1491067
2019-08-21,288.5400,292.9200,286.5100,291.5300,1520460
2019-08-22,292.5700,292.9000,285.1215,287.6900,1745838
2019-08-23,289.2300,293.5725,280.9700,282.4400,2852522
2019-08-26,284.8600,288.8900,283.5100,288.7400,1792971
2019-08-27,290.6600,291.8500,286.5301,289.4500,1793394
2019-08-28,286.5500,287.9900,280.4200,282.1300,2776778
2019-08-29,285.7100,287.7000,283.6150,286.6300,2172535
2019-08-30,287.4100,288.5000,280.1150,284.5100,2373297
2019-09-03,284.2500,287.4600,281.4000,282.4500,1838081
2019-09-04,286.0400,286.2450,282.4600,284.6000,1516136
2019-09-05,287.8300,288.0101,281.5200,287.7500,2836385
2019-09-06,288.2000,289.5900,283.9600,284.9400,2255465
2019-09-09,286.5200,286.9300,276.6000,279.3000,3134613
2019-09-10,277.5800,277.5800,272.3400,276.1400,4098222
2019-09-11,277.6600,280.3099,274.0000,277.7800,2593970
2019-09-12,281.0000,282.2800,277.9400,278.0200,2955024
2019-09-13,278.2200,280.2800,276.3200,278.3500,2948590
2019-09-16,276.6200,283.0500,275.3000,282.9300,2774732
2019-09-17,284.0400,285.3000,280.3550,284.6900,4541202
2019-09-18,275.3500,280.2900,270.0200,279.7200,7479171
2019-09-19,280.1700,284.3650,279.8300,281.2600,3171211
2019-09-20,281.6000,283.2000,274.9500,277.9100,4160719
2019-09-23,275.9300,279.5800,275.4100,277.4400,2068852
2019-09-24,279.5800,280.7000,271.0800,272.4700,3351591
2019-09-25,271.9000,277.7100,267.7269,277.4300,3452563
2019-09-26,278.4600,285.9000,277.0100,283.8100,4325923
2019-09-27,284.6300,284.9800,274.1201,277.5400,3168377
2019-09-30,277.5400,279.0000,275.1400,276.2500,4077253
2019-10-01,278.9900,279.6499,271.8700,272.7100,3311550
2019-10-02,271.1800,271.1800,265.1903,266.6600,3400605
2019-10-03,266.9200,272.8000,263.8500,272.4000,3652220
2019-10-04,273.1100,278.0800,273.1100,276.9600,2583298
2019-10-07,276.3200,278.4900,275.5900,276.9000,1856382
2019-10-08,274.4600,275.4100,270.8000,270.8300,2162370
2019-10-09,273.5200,275.5500,272.8600,274.2700,1376725
2019-10-10,274.0600,276.7100,272.7900,274.9800,1634808
2019-10-11,278.3700,281.2700,277.6300,278.2900,2098200
2019-10-14,278.1100,279.4150,277.1500,277.7800,1377172
2019-10-15,278.1700,281.5100,278.0200,279.3900,1969235
2019-10-16,270.2300,272.8100,267.5100,272.7000,4333191
2019-10-17,272.6100,274.1200,267.1500,269.2400,3414775
2019-10-18,269.3600,269.6800,262.1034,265.5200,4299275
2019-10-21,265.6300,267.4300,262.5700,266.8400,2868802
2019-10-22,268.4900,269.2800,260.6401,261.0900,3412660
2019-10-23,261.0000,265.5200,259.5700,261.3200,3079754
2019-10-24,264.0400,271.4600,263.2500,269.7000,3597687
2019-10-25,267.8000,271.6100,267.0200,270.9800,1822271
2019-10-28,271.5800,272.2900,268.3751,271.3500,2281861
2019-10-29,271.6800,273.7200,271.0600,271.4500,1723508
2019-10-30,273.2500,278.6500,272.6100,278.4100,2320773
2019-10-31,278.2700,279.3200,275.3100,277.9300,2845383
2019-11-01,279.1400,281.8300,277.2675,277.8200,2827222
2019-11-04,280.5600,281.2100,276.0500,277.5000,2790240
2019-11-05,292.1100,292.8800,283.6000,289.2900,6170607
2019-11-06,289.1100,289.2600,285.6100,287.4000,2762414
2019-11-07,288.3000,293.4800,286.9950,290.7700,3201667
2019-11-08,290.0200,292.4600,288.4800,292.4600,1628523
2019-11-11,291.9500,292.3390,289.7000,290.2700,1778006
2019-11-12,290.7900,294.1600,290.2700,291.7200,2085313
2019-11-13,291.8600,293.7000,290.2600,293.5400,1806939
2019-11-14,293.5400,295.0800,292.1500,294.5300,1461895
2019-11-15,296.5400,297.5000,293.5600,297.5000,2011741
2019-11-18,297.5500,298.5600,296.0000,297.1600,1632801
2019-11-19,298.7500,300.7400,296.3900,300.6000,2143343
2019-11-20,299.3900,302.0500,297.0500,300.1000,1841524
2019-11-21,298.9900,300.3500,296.6200,298.8000,1609828
2019-11-22,299.5900,299.9200,295.8000,299.3000,1508874
2019-11-25,300.4800,305.4500,300.4800,305.2800,2205626
2019-11-26,305.0000,309.0600,304.8900,307.9000,2619497
2019-11-27,308.5000,309.1700,305.7400,309.0600,1470036
2019-11-29,308.5200,310.0000,308.0000,309.5300,1175056
2019-12-02,309.2200,309.9000,299.5100,302.7500,2894691
2019-12-03,298.2400,304.4600,297.3200,303.9100,1661171
2019-12-04,305.0000,305.3250,301.2800,302.5100,1522832
2019-12-05,303.1300,304.2400,301.0000,303.0300,1698102
2019-12-06,306.2000,306.7450,303.1600,306.2300,1733188
2019-12-09,308.9100,310.9100,306.7000,307.0500,2895186
2019-12-10,306.6200,309.0300,304.1000,304.1700,2156696
2019-12-11,305.1500,305.3800,301.4800,303.7400,2929453
2019-12-12,303.0000,306.5838,300.7200,305.9600,3127412
2019-12-13,314.1100,321.7299,313.7400,317.9400,6608031
2019-12-16,319.2700,325.2500,319.2700,323.8000,3438739
2019-12-17,325.0400,325.0800,321.7500,322.8500,2332492
2019-12-18,322.1000,326.8200,322.0066,324.3800,2332734
2019-12-19,324.3800,327.9600,324.2600,327.6300,2561397
2019-12-20,328.3700,330.0000,325.6200,327.6100,4233263
2019-12-23,328.8300,329.8800,327.2600,328.9500,2210706
2019-12-24,329.0000,331.5400,328.6800,329.6400,1066406
2019-12-26,329.6300,331.2800,329.6300,331.2000,1056199
2019-12-27,332.8800,332.8800,329.7701,330.7900,1229983
2019-12-30,330.3500,330.4650,325.1650,328.3400,1896731
2019-12-31,326.2500,329.9400,326.2500,329.8100,1592512
2020-01-02,330.0000,334.4800,329.1700,334.4300,1990496
2020-01-03,329.1700,332.9800,328.6900,331.8100,1579371
2020-01-06,328.2900,333.9100,328.1900,333.7100,1866000
2020-01-07,334.1500,334.7900,332.3050,333.3900,2507261
2020-01-08,333.8100,339.2300,333.4000,337.8700,2248531
2020-01-09,340.1400,341.8099,338.1900,340.4500,1606263
2020-01-10,342.0500,343.3600,339.6200,339.8100,1481141
2020-01-13,341.5400,345.7300,341.2200,345.6300,1773390
2020-01-14,347.0100,347.2700,343.1500,344.6300,2274687
2020-01-15,346.4200,347.5000,342.4600,342.9400,2213374
2020-01-16,345.9800,345.9900,342.7600,345.3800,2439600
2020-01-17,349.0000,349.9500,346.3825,349.7400,2536157
2020-01-21,346.3700,352.3700,345.6200,350.0000,2113656
2020-01-22,352.6000,354.2800,349.9600,350.0600,1600485
2020-01-23,351.0200,352.1600,347.8500,351.7600,2084658
2020-01-24,354.1000,355.6900,349.2000,351.3700,1640163
2020-01-27,341.0400,349.9000,340.4000,346.9000,2652030
2020-01-28,349.0000,355.6600,347.1200,354.6300,2270756
2020-01-29,356.6965,356.6965,351.3600,351.6600,1523203
2020-01-30,349.6935,356.8200,349.6935,356.7400,1834931
2020-01-31,355.8400,355.8400,348.2960,351.1400,3692938
2020-02-03,353.4100,358.6700,352.2900,358.0000,2693989
2020-02-04,363.4300,367.4440,360.4500,366.7400,3052967
2020-02-05,373.9900,374.4750,362.3100,365.5500,2463385
2020-02-06,366.1600,368.2500,363.0100,367.4600,2224882
2020-02-07,366.0000,369.3400,364.3800,366.0900,2092872
2020-02-10,365.4400,370.8100,365.2200,370.0000,2427076
2020-02-11,373.0300,373.7000,367.2500,369.2800,2005005
2020-02-12,370.6400,374.4250,367.1538,374.2900,2355797
2020-02-13,372.5600,377.7100,372.3900,374.8400,1917119
2020-02-14,376.2800,379.8300,375.8500,379.6700,1690561
2020-02-18,380.2000,382.5900,378.5900,378.8500,2074715
2020-02-19,383.8300,385.0000,381.4800,383.2800,2580455
2020-02-20,384.0000,386.7450,373.4800,378.9600,3789340
2020-02-21,378.0200,378.3400,368.7500,372.9500,2743135
2020-02-24,355.3900,363.4600,349.0000,357.4100,3924013
2020-02-25,361.0000,363.9700,346.2800,347.8000,4188112
2020-02-26,349.4000,360.0700,348.6000,351.3400,3494105
2020-02-27,340.0000,352.2396,337.2700,337.5200,4737676
2020-02-28,324.4200,345.4600,324.0000,345.1200,6469131
2020-03-02,349.8100,360.7500,342.6100,360.2800,5398135
2020-03-03,361.7600,364.9500,344.0400,348.3400,4204501
2020-03-04,354.3800,364.2700,350.0800,363.8500,4146282
2020-03-05,355.0600,360.4500,347.1900,351.0300,3199006
2020-03-06,340.4500,344.1599,326.6000,336.7700,5622911
2020-03-09,311.6800,322.4400,305.3300,305.7900,5265130
2020-03-10,318.9800,332.9400,309.3100,332.3800,5973672
2020-03-11,324.3200,326.3570,309.0000,315.2300,4738406
2020-03-12,290.4100,310.1300,283.0001,285.0000,7230152
2020-03-13,312.8800,336.0000,298.0001,335.5000,8935220
2020-03-16,288.3558,307.1100,283.2500,286.0300,7119899
2020-03-17,291.2000,312.9500,278.3500,311.8100,6082088
2020-03-18,290.0000,296.8700,255.1314,294.6100,7278981
2020-03-19,291.7700,318.7050,281.1000,307.5100,6023835
2020-03-20,312.9200,324.8000,293.7700,295.3400,7461753
2020-03-23,296.6700,312.4900,287.7800,307.2700,6016822
2020-03-24,322.9600,326.9900,301.5900,310.0000,6592213
2020-03-25,308.0000,317.6500,298.1300,305.9100,4793068
2020-03-26,305.9900,324.4300,305.6900,322.6700,4534399
2020-03-27,311.7000,314.2872,300.6300,305.8300,4862124
2020-03-30,308.8900,322.9700,308.0100,318.3900,4340463
2020-03-31,316.4100,326.3344,312.6800,318.2400,6369498
2020-04-01,307.0000,309.6105,298.3200,301.2100,3867686
2020-04-02,297.7600,306.5000,293.1800,303.9600,3550501
2020-04-03,302.0600,303.4700,289.7100,293.6100,3934718
2020-04-06,306.5600,320.5100,299.9550,319.1300,5082979
2020-04-07,327.4100,328.3200,306.3000,308.9300,5403935
2020-04-08,313.8800,317.7200,308.2000,317.1800,3948908
2020-04-09,318.6500,320.7800,310.7900,318.7000,3300177
2020-04-13,315.9400,320.9000,313.7500,320.6500,1838954
2020-04-14,328.7700,342.0950,328.4700,340.7650,3858854
2020-04-15,335.3400,339.2242,329.6450,332.5500,2818631
2020-04-16,339.7100,345.5150,336.0350,342.7000,3918632
2020-04-17,350.0910,350.3800,340.5000,344.1100,3342418
2020-04-20,340.7900,348.5000,338.7500,344.8800,2730343
2020-04-21,340.9000,342.7630,325.2100,328.9900,3548202
2020-04-22,337.4100,339.3800,332.8006,336.7700,2177490
2020-04-23,338.9000,341.7500,334.8000,335.3700,2088522
2020-04-24,338.0000,344.7000,333.5011,344.1000,2146162
2020-04-27,348.8000,349.9600,345.1200,348.5000,2361714
2020-04-28,353.0900,353.4500,332.5700,333.4500,3857731
2020-04-29,339.5300,351.2500,335.4400,349.1700,5006415
2020-04-30,348.0100,356.2300,346.5500,353.6400,3902173
2020-05-01,347.2400,350.3099,340.2600,343.8400,2578615
2020-05-04,340.7400,350.5960,340.0000,349.1100,2372392
2020-05-05,353.3800,359.7000,352.3900,356.1300,2377555
2020-05-06,357.9200,366.7900,357.1301,362.5200,2319702
2020-05-07,368.8200,369.5000,365.5010,366.7800,2466063
2020-05-08,370.0000,371.0999,365.4100,367.5100,2548366
2020-05-11,365.8400,373.6300,364.5000,371.4200,2260382
2020-05-12,371.4600,372.7200,364.5500,365.1000,2071782
2020-05-13,366.4500,367.4300,352.7100,358.5600,3365501
2020-05-14,354.0000,357.0000,348.0100,355.3900,2752031
2020-05-15,351.5700,365.4800,351.5300,365.3000,2598418
2020-05-18,371.5900,375.4900,367.2100,367.9700,2352319
2020-05-19,369.8800,376.0000,368.8900,372.2000,2753685
2020-05-20,377.2100,384.4000,377.0600,383.6300,2824862
2020-05-21,382.0000,385.1200,380.6000,382.1700,2261384
2020-05-22,381.3900,386.5200,380.9500,385.2600,1688159
2020-05-26,391.0000,391.2700,374.8103,376.6300,3525983
2020-05-27,373.2400,375.7000,361.4400,375.1700,3553278
2020-05-28,372.5000,386.9000,372.5000,379.8300,2904450
2020-05-29,382.6200,389.0500,377.0750,386.6000,5937467
2020-06-01,387.0800,389.9900,382.8950,389.6800,2035186
2020-06-02,389.9200,390.9100,382.0300,390.4400,2447943
2020-06-03,390.8200,391.1400,387.4600,389.9200,2532265
2020-06-04,389.5000,395.7201,382.2800,385.8000,2409772
2020-06-05,384.6400,396.1700,382.0000,392.9000,2793982
2020-06-08,391.0000,398.1000,385.8400,397.7800,2590229
2020-06-09,397.0300,402.3100,394.1500,397.1600,2279327
2020-06-10,399.5900,409.9800,399.4900,406.8200,3518948
2020-06-11,400.0000,404.2000,387.3700,387.6700,3911249
2020-06-12,409.3000,411.7200,395.4100,406.5400,8332571
2020-06-15,398.8000,406.1100,397.0000,401.3400,3783968
2020-06-16,407.8300,414.6800,405.4750,411.6700,3751101
2020-06-17,414.0000,417.4600,411.3600,413.4900,2112320
2020-06-18,413.5000,420.8400,413.0000,420.4600,2568294
2020-06-19,423.7600,429.2700,419.6500,428.0100,3931569
2020-06-22,428.9600,438.9500,428.5400,438.6400,3142688
2020-06-23,440.0700,446.1500,436.0100,440.5500,3065927
2020-06-24,440.0000,442.6700,427.4700,431.6800,3307223
2020-06-25,430.0100,437.9900,427.5801,436.9500,2275241
2020-06-26,436.0000,438.1800,424.7129,426.9200,3829731
2020-06-29,427.1100,428.4800,416.0320,424.2000,2616768
2020-06-30,426.6800,436.9100,423.8600,435.3100,2935515
2020-07-01,434.8000,442.0450,433.6210,439.8100,2582693
2020-07-02,445.0000,448.1600,441.3600,442.9500,2503351
2020-07-06,448.0000,455.5300,444.6900,452.5900,2761224
2020-07-07,452.5900,459.4400,448.7200,449.3600,2684565
2020-07-08,453.7600,458.2424,452.0000,457.6800,1999229
2020-07-09,460.4400,463.8000,451.8800,460.8400,2270019
2020-07-10,460.8300,467.2100,455.4800,466.2000,3676513
2020-07-13,469.7700,470.6100,440.6400,442.4700,3480659
2020-07-14,435.7400,437.2100,416.2900,433.7800,5667042
2020-07-15,434.9100,439.6300,428.7341,433.0100,2566712
2020-07-16,428.4300,430.5900,418.5050,426.2900,2678060
2020-07-17,428.1200,433.5000,423.7000,432.4200,2568205
2020-07-20,434.0600,456.8900,433.0000,455.2700,3512508
2020-07-21,456.0700,456.9899,441.7500,444.2800,2027872
2020-07-22,447.5500,449.3712,441.7600,445.0500,1400685
2020-07-23,445.0400,448.8100,430.3001,431.7400,2313874
2020-07-24,425.0000,435.0000,423.4406,430.3100,1901029
2020-07-27,431.7700,438.3600,431.0100,437.1000,1519546
2020-07-28,436.8300,438.2600,431.3300,432.2600,1456137
2020-07-29,435.1600,440.4800,435.0400,436.3000,1481658
2020-07-30,429.9800,440.5000,426.8100,438.8800,1438575
2020-07-31,441.9800,444.4385,434.8000,444.3200,2035254
2020-08-03,449.8400,450.7400,442.2800,447.9700,2072041
2020-08-04,448.2600,449.0799,440.7000,446.9200,2622566
2020-08-05,449.0900,454.0350,446.3450,449.5100,2352764
2020-08-06,451.3500,464.3700,449.1300,464.1100,2362002
2020-08-07,460.8700,461.7900,445.0900,449.5700,3289685
2020-08-10,450.3700,451.1250,436.5000,443.2900,1837078
2020-08-11,440.2600,444.4800,431.5900,435.2300,1896941
2020-08-12,437.3700,447.9299,437.3700,445.3600,2222988
2020-08-13,446.0700,455.9000,446.0700,450.0200,2024576
2020-08-14,451.3900,452.8140,444.4262,447.6000,1111145
2020-08-17,450.0000,456.1000,449.2000,451.5800,1553102
2020-08-18,454.7900,464.5000,452.8400,463.5100,2096730
2020-08-19,464.2900,468.1100,457.5871,462.0100,2435256
2020-08-20,460.9900,479.8000,458.8868,478.4800,2463973
2020-08-21,477.0900,477.2800,470.3400,473.2200,2645579
2020-08-24,478.1400,480.0200,469.5200,476.3000,1833462
2020-08-25,476.6700,484.6500,474.4250,484.4300,3787658
2020-08-26,496.9500,533.6979,492.2300,528.4900,7687634
2020-08-27,519.0100,523.3238,504.4600,510.3200,3617351
2020-08-28,512.3300,518.7970,510.9400,516.4400,1926261
2020-08-31,513.8600,516.7300,507.7700,513.3900,2293321
2020-09-01,515.0000,528.5360,514.4800,527.9500,2330438
2020-09-02,536.2500,536.8800,521.4100,533.8000,2751120
2020-09-03,526.0350,527.6300,493.4200,507.8000,5782640
2020-09-04,504.6500,511.3500,471.7100,491.9400,3900326
2020-09-08,471.8946,481.4800,461.1800,462.1300,4390461
2020-09-09,473.9050,483.4900,462.4800,479.4600,3302471
2020-09-10,491.1500,501.8500,473.5001,476.2600,4248135
2020-09-11,487.0800,489.4100,464.4800,471.3500,4414226
2020-09-14,484.9900,490.4400,476.8700,485.9100,4059445
2020-09-15,493.7400,499.6899,491.4900,497.6700,5396306
2020-09-16,505.5000,505.5000,475.5000,476.0000,8419304
2020-09-17,464.4422,475.1700,460.5000,474.3000,4553103
2020-09-18,477.3950,478.3400,452.5200,467.5500,7071281
2020-09-21,460.3100,475.8600,456.7250,475.6400,3760555
2020-09-22,479.3100,487.2000,469.5600,486.7800,2618615
2020-09-23,486.8800,488.0000,468.2301,470.3900,2559269
2020-09-24,466.9300,471.4250,460.2700,467.6700,2838781
2020-09-25,469.2300,481.5800,466.0100,479.7800,2541114
2020-09-28,487.9700,489.3900,481.1800,488.5100,2805755
2020-09-29,489.9400,493.4500,484.1700,489.3300,1917348
2020-09-30,488.1300,497.2400,486.2200,490.4300,3494907
2020-10-01,497.4252,501.5000,495.7600,499.5100,2239872
2020-10-02,487.9900,496.7800,478.6400,478.9900,2780946
2020-10-05,483.2500,486.6900,478.9900,486.4700,1981685
2020-10-06,485.0000,491.5100,477.5000,478.9800,2001819
2020-10-07,484.3500,493.9800,481.4300,493.1500,1995230
2020-10-08,499.0500,499.4890,487.5600,490.8400,1587293
2020-10-09,491.7700,502.1700,491.1760,502.1600,1853780
2020-10-12,508.2600,516.0000,499.5400,510.8900,3146337
2020-10-13,512.1900,519.6000,511.9001,514.3100,2378531
2020-10-14,514.3400,516.9500,501.6000,506.3100,2031066
2020-10-15,499.2600,502.5000,491.8500,501.1500,2041804
2020-10-16,504.0000,510.3400,500.7000,502.8200,2441382
2020-10-19,507.7500,507.7500,493.1950,495.2000,1852364
2020-10-20,495.2500,500.1650,491.9100,494.5800,1454449
2020-10-21,492.0500,499.8100,490.5700,495.9600,1369735
2020-10-22,496.7200,496.8600,479.4000,483.6000,2612914
2020-10-23,486.4100,488.5100,479.5100,488.5000,1899599
2020-10-26,480.8835,488.7800,470.1300,475.2000,2204369
2020-10-27,479.7800,481.8900,473.4700,478.5600,1894100
2020-10-28,469.1650,470.9700,455.8800,456.9700,2659810
2020-10-29,459.3200,464.7300,457.2800,461.1100,2125281
2020-10-30,458.3200,459.5000,442.5100,447.1000,3128709
2020-11-02,451.0000,456.1850,438.9400,444.9400,2479005
2020-11-03,448.9900,457.8440,445.6700,454.0200,1758640
2020-11-04,477.9300,494.9400,474.4700,487.2300,4524341
2020-11-05,499.2700,502.5300,489.8000,496.4700,2351162
2020-11-06,494.9500,498.7200,483.0000,494.6300,1956305
2020-11-09,494.6963,499.4100,470.7600,471.1400,3625298
2020-11-10,466.7200,468.0100,446.0000,452.0000,4913570
2020-11-11,458.4900,470.1200,457.5000,467.7500,2634159
2020-11-12,473.4900,474.9330,461.1500,462.5800,2115319
2020-11-13,467.4500,470.6000,459.0000,469.3400,2966003
2020-11-16,460.4300,469.5300,458.2501,460.9500,2522187
2020-11-17,461.6600,469.9099,460.0000,467.9500,2407597
2020-11-18,466.7100,467.9000,459.2600,459.4700,2063159
2020-11-19,460.0000,471.0400,459.2600,466.4100,3132704
2020-11-20,465.1600,470.0000,462.3600,462.9200,1846182
2020-11-23,464.6334,467.0000,456.1700,460.6100,2367883
2020-11-24,461.4100,464.4900,456.6778,462.7000,2555094
2020-11-25,466.2900,472.5250,464.8450,470.0800,2634472
2020-11-27,476.9000,482.4050,474.8600,477.0300,1815490
2020-11-30,480.0000,480.8600,469.2000,478.4700,2786955
2020-12-01,482.0100,482.0100,471.6328,479.1500,2517237
2020-12-02,475.6700,481.3200,470.1200,481.2600,2107080
2020-12-03,482.2100,492.8100,481.5000,484.2800,3062675
2020-12-04,485.6700,491.3899,484.3601,486.0000,2749793
2020-12-07,487.0000,499.2900,487.0000,492.2500,3441683
2020-12-08,492.2900,496.0400,486.2001,495.2800,2175673
2020-12-09,496.0300,497.0000,479.2600,483.7400,3449121
2020-12-10,483.7400,488.2900,470.9500,476.8700,3922009
2020-12-11,475.9752,478.8900,468.8200,475.9100,3561554
2020-12-14,475.6100,488.4100,475.5000,486.4200,3945198
2020-12-15,489.0500,489.5000,480.5300,482.6400,2559319
2020-12-16,485.0000,491.5000,484.1100,489.9000,2555596
2020-12-17,493.0000,496.9900,490.6300,495.3600,2178354
2020-12-18,497.6100,504.0700,493.5700,502.9500,4667387
2020-12-21,498.0500,502.0000,491.5000,498.3900,2412884
2020-12-22,498.3600,506.9200,495.8300,504.1700,1701985
2020-12-23,505.1300,505.4600,496.5900,496.9100,1409649
2020-12-24,499.1600,503.0100,497.2800,499.8600,589182
2020-12-28,505.6100,506.0400,496.8150,498.9500,1515441
2020-12-29,501.1650,505.3500,499.7400,502.1100,1431664
2020-12-30,503.0500,504.3700,496.3275,497.4500,1529878
2020-12-31,497.9900,500.6600,494.8900,500.1200,1462236
2021-01-04,500.3000,500.7900,476.2800,485.3400,3612949
2021-01-05,485.8800,486.0800,479.1950,485.6900,1970973
2021-01-06,474.0984,475.8666,466.0000,466.3100,4156589
2021-01-07,471.0000,479.6400,468.2500,477.7400,2833578
2021-01-08,480.0000,485.5400,477.2100,485.1000,2266132
2021-01-11,481.9900,482.5900,471.3000,474.2400,2383254
2021-01-12,474.4100,475.0000,464.0000,471.6500,2958455
2021-01-13,472.0000,477.8500,469.3000,472.0500,2097278
2021-01-14,472.4100,473.5500,462.2000,463.2700,3508273
2021-01-15,462.5000,467.8800,457.4900,458.0800,3200352
2021-01-19,461.1700,461.5899,453.3400,456.5000,4394461
2021-01-20,462.7300,472.3850,458.7700,469.7300,3797860
2021-01-21,470.2600,474.6900,466.1000,472.0200,2771772
2021-01-22,472.5000,476.3500,470.6100,472.4400,2534274
2021-01-25,474.5100,477.7000,463.9800,473.4400,2682584
2021-01-26,473.7300,477.2200,467.7600,476.2800,2363124
2021-01-27,470.9900,473.6700,455.0700,460.0000,3586353
2021-01-28,459.0700,475.0200,459.0700,465.6700,2991839
2021-01-29,462.1700,465.0000,455.1100,458.7700,3061106
2021-02-01,462.2800,474.8000,459.8200,470.0000,2546913
2021-02-02,473.6500,487.3700,472.5500,484.9300,3000110
2021-02-03,487.0900,488.8500,479.1700,481.9200,2146948
2021-02-04,484.2196,489.8800,481.9200,489.3800,2005114
2021-02-05,490.9200,495.1000,488.0000,492.1200,1675141
2021-02-08,494.2600,497.8600,489.2100,493.7600,1711302
2021-02-09,495.0000,497.9500,492.0100,496.0500,1571477
2021-02-10,499.1700,499.9874,490.2700,492.6700,1745020
2021-02-11,494.5300,497.0000,491.0800,496.6200,1502649
2021-02-12,495.1600,499.3600,491.7600,498.8400,1450621
2021-02-16,500.0300,506.5100,497.5950,501.6400,1846163
2021-02-17,495.4100,495.5500,485.5100,491.2300,2114019
2021-02-18,486.3200,489.8000,480.0000,488.3700,1803375
2021-02-19,487.1600,488.6500,476.1000,479.1200,2720714
2021-02-22,470.4800,472.1000,466.6600,467.3300,2510485
2021-02-23,461.0200,471.4400,450.1200,467.8000,4164345
2021-02-24,463.4900,477.3500,460.2900,476.6200,3390646
2021-02-25,471.2400,476.3100,456.0100,459.1600,3252503
2021-02-26,462.8046,467.3200,456.0100,459.6700,3154846
2021-03-01,465.6800,470.5000,462.6500,469.5700,2358980
2021-03-02,473.0300,473.8016,463.4600,466.5900,2211002
2021-03-03,463.2200,464.6800,448.0900,448.4500,2782967
2021-03-04,446.4500,457.5300,437.6300,439.0600,4486442
2021-03-05,444.8800,444.9500,423.7101,440.8300,4614971
2021-03-08,439.7600,440.9900,420.7800,421.2000,3885123
2021-03-09,437.8400,442.7500,436.0000,439.1800,3926385
2021-03-10,445.7277,448.4600,436.8200,437.0100,2747267
2021-03-11,448.1361,454.0700,447.3050,451.0600,2762233
2021-03-12,443.4500,445.8900,438.6000,444.3000,2183051
2021-03-15,444.4000,447.7900,437.7700,447.5900,2504385
2021-03-16,452.0100,457.4100,449.6701,450.5400,2583150
2021-03-17,445.4400,453.9400,441.0200,451.0100,2490007
2021-03-18,443.1600,446.8600,438.5000,439.1800,2932687
2021-03-19,439.1800,444.5000,438.1400,441.5000,3923830
2021-03-22,444.8600,457.8200,444.8600,452.4100,2944311
2021-03-23,457.3500,466.8800,456.4100,460.2000,5198864
2021-03-24,464.7642,465.6100,448.3400,451.5100,5206774
2021-03-25,448.3300,456.8700,445.4100,450.9900,3201472
2021-03-26,450.2500,469.7700,449.0500,469.0900,3615888
2021-03-29,469.0300,472.0000,462.5000,469.3200,3142203
2021-03-30,462.5800,469.0925,461.5000,465.4600,2401439
2021-03-31,469.7000,482.4100,468.7000,475.3700,3155889
2021-04-01,483.1200,487.0400,480.7100,483.3400,2664694
2021-04-05,483.6900,495.5100,480.5000,491.6200,2885677
2021-04-06,492.3200,495.5900,487.5700,491.3400,1878330
2021-04-07,492.9800,494.8500,487.8900,493.4100,1576981
2021-04-08,500.1600,504.6000,498.1401,499.8400,2026282
2021-04-09,498.3700,504.4400,492.6000,504.0400,1887016
2021-04-12,499.2900,506.9400,498.4400,506.0300,1584592
2021-04-13,506.8500,517.2645,506.7800,514.8600,2195707
2021-04-14,514.0000,517.7800,509.1300,510.6300,1956447
2021-04-15,515.6700,524.5900,515.1000,523.2500,2122337
2021-04-16,524.2100,525.4400,518.5500,525.0800,2031733
2021-04-19,523.1300,524.0000,514.4401,516.1700,1917732
2021-04-20,515.2900,517.2900,510.6000,514.2100,1677468
2021-04-21,515.0200,515.4800,509.5500,512.3400,1678305
2021-04-22,508.0800,512.7700,504.0600,507.2900,2084841
2021-04-23,508.7900,517.4973,508.3950,515.8400,2257590
2021-04-26,513.5700,516.3100,510.2500,515.7000,1364524
2021-04-27,518.0000,519.1550,511.3455,517.3200,1944013
2021-04-28,515.2400,519.1299,510.0150,515.4800,1472191
2021-04-29,518.1100,520.4500,510.6200,516.0900,1592562
2021-04-30,514.1300,515.0500,507.1500,508.3400,1950559
2021-05-03,510.9700,511.7400,501.1210,503.4600,1458698
2021-05-04,499.4700,499.4700,484.8300,490.7000,2528948
2021-05-05,495.6900,498.6250,484.4400,486.6900,1875287
2021-05-06,485.6700,485.6700,475.9200,483.6100,2537227
2021-05-07,496.0000,499.1500,485.7800,488.7300,1632407
2021-05-10,487.5400,489.0400,478.6250,479.3800,1947704
2021-05-11,471.0300,486.9100,468.5000,485.1900,2290465
2021-05-12,477.1888,480.9900,469.5700,472.0900,2399059
2021-05-13,478.0100,480.4600,471.7600,474.1600,1996532
2021-05-14,481.6300,488.3300,478.6900,486.5600,1855806
2021-05-17,487.0300,487.8700,478.1100,482.7400,1565097
2021-05-18,484.6300,488.3200,480.4600,480.6200,1361163
2021-05-19,473.0200,480.8700,472.0000,480.4700,2032253
2021-05-20,483.6800,495.3600,482.6100,491.6700,1991223
2021-05-21,494.1900,496.2300,487.1300,488.0700,1568115
2021-05-24,494.6400,499.9900,492.0100,497.8300,1829210
2021-05-25,499.0200,505.6021,498.8700,505.0800,2322468
2021-05-26,506.2700,509.5000,504.6300,506.9800,1685940
2021-05-27,505.0000,505.0000,497.4500,498.2800,2912727
2021-05-28,506.0800,511.3700,504.1900,504.5800,1924999
2021-06-01,504.5400,506.0000,492.3100,495.9100,2189020
2021-06-02,495.1800,501.8237,493.0900,495.7700,1760235
2021-06-03,492.4000,496.7550,487.3400,493.1400,1531248
2021-06-04,498.7300,506.5000,497.7200,504.5000,1631529
2021-06-07,504.9900,509.7800,502.0000,509.4700,1732986
2021-06-08,511.1500,516.2900,508.0701,509.2000,1747779
2021-06-09,513.9900,518.3180,512.4800,514.6800,1696820
2021-06-10,513.9900,536.4100,513.0100,535.5200,3124079
2021-06-11,529.7500,541.8500,529.7500,541.2600,2827311
2021-06-14,545.0400,561.3600,543.2500,556.9500,3522621
2021-06-15,554.9900,555.0000,547.2304,548.4600,2375294
2021-06-16,548.4600,553.9900,535.7200,543.3300,2827969
2021-06-17,539.9900,552.7200,538.7500,551.3600,3566351
2021-06-18,569.9612,570.0000,556.3900,565.5900,6762031
2021-06-21,565.9900,570.1900,560.3501,567.3500,2392896
2021-06-22,568.5050,576.3100,567.0000,575.7400,2369337
2021-06-23,577.9900,579.8000,570.7050,574.2300,1616933
2021-06-24,575.9000,580.9660,574.9600,578.2600,1823734
2021-06-25,578.6400,582.0000,577.0552,579.6600,2133465
2021-06-28,582.7100,589.4100,581.0000,588.8000,1657902
2021-06-29,586.7800,591.3400,583.9000,590.7500,1161286
2021-06-30,590.7500,592.2402,585.0000,585.6400,1704224
2021-07-01,583.3300,587.7799,581.3500,584.7300,1646412
2021-07-02,588.6700,594.0800,587.9600,593.0700,1744955
2021-07-06,595.8700,600.6600,592.4800,596.9000,1639985
2021-07-07,600.0000,607.6650,597.4000,605.7700,2008046
2021-07-08,595.6400,607.2989,593.3300,605.9500,1811953
2021-07-09,601.4300,605.9500,597.4400,604.5000,2145199
2021-07-12,606.0000,607.4229,596.4800,600.2000,1696279
2021-07-13,600.5600,609.3300,598.4200,605.0100,1435602
2021-07-14,608.1400,611.3050,604.0100,608.8300,1377018
2021-07-15,608.4000,609.9500,602.6501,606.1700,1618283
2021-07-16,608.7100,611.6200,603.6600,606.1000,1244519
2021-07-19,602.7500,610.6900,598.1400,602.0500,2046575
2021-07-20,605.3900,612.7500,598.4800,608.7200,1675078
2021-07-21,605.7200,612.5800,603.3200,612.2600,1381019
2021-07-22,614.5800,623.9500,614.5800,623.6800,1477891
2021-07-23,625.7600,631.6400,622.0001,625.8700,2030395
2021-07-26,624.1800,625.8700,619.7250,620.8000,1331508
2021-07-27,620.9956,623.9200,610.6400,618.2800,1530020
2021-07-28,620.9900,626.0000,617.5700,620.9200,1468103
2021-07-29,617.0400,625.6700,617.0400,621.7000,1068902
2021-07-30,619.0300,622.8000,617.2900,621.6300,1403651
2021-08-02,625.8700,627.6000,612.9300,618.7500,1433753
2021-08-03,620.2300,624.7000,614.0000,621.2800,1067408
2021-08-04,622.4700,627.0800,617.6202,625.6800,1306893
2021-08-05,626.9900,632.4700,623.0000,632.0800,1158339
2021-08-06,629.2700,631.8400,625.1700,631.3800,1127956
2021-08-09,634.9800,634.9800,626.9250,629.2200,1119124
2021-08-10,630.4800,633.2999,620.6000,621.7400,1540139
2021-08-11,623.7600,627.4200,621.6500,626.0300,1328509
2021-08-12,626.0000,636.6400,624.0400,634.3500,1163881
2021-08-13,634.4900,638.4260,632.3500,637.3100,932829
2021-08-16,637.0300,638.0200,628.1880,636.9400,1105563
2021-08-17,636.5500,637.0000,630.2200,635.0100,1341967
2021-08-18,632.8000,637.1400,626.0500,626.7700,1313918
2021-08-19,624.8800,642.5500,623.6334,637.6600,1677999
2021-08-20,639.8400,652.0000,634.5300,647.3400,1432063
2021-08-23,645.8700,658.5000,645.5200,656.8600,1645781
2021-08-24,659.1400,660.0000,653.4000,657.2400,864881
2021-08-25,658.6100,661.0600,651.6400,656.8000,1045757
2021-08-26,653.5900,657.9100,649.3500,652.3900,1612659
2021-08-27,652.5200,662.6100,651.8600,658.5200,1110989
2021-08-30,659.7774,667.6700,659.7774,665.9900,1343221
2021-08-31,667.9000,667.9000,660.4600,663.7000,1854840
2021-09-01,664.5100,668.9600,662.0000,665.8900,1244988
2021-09-02,669.8200,669.8500,661.6700,664.6400,1397270
2021-09-03,664.4300,673.8800,664.2950,666.5900,1608952
2021-09-07,667.3500,668.8700,656.5500,661.3900,1352478
2021-09-08,660.1500,664.0800,657.1000,663.2200,1359778
2021-09-09,664.8400,667.4600,659.9300,661.6800,1097955
2021-09-10,666.1800,668.8700,658.2000,658.9400,1186269
2021-09-13,663.0400,663.6000,640.2400,645.1500,2191995
2021-09-14,646.0000,649.5800,642.4600,645.0100,2084959
2021-09-15,652.3150,663.3090,650.9750,661.0800,1985432
2021-09-16,657.5300,666.4700,654.7050,665.1100,2038004
2021-09-17,663.2100,665.0000,652.0400,654.4800,3490463
2021-09-20,646.0350,653.9300,633.0500,641.2900,2624947
2021-09-21,646.8755,650.9450,640.3000,645.8900,2355608
2021-09-22,624.7900,628.9400,615.0600,626.0800,5636801
2021-09-23,632.2883,633.8150,627.0200,630.8400,2983239
2021-09-24,628.0000,629.0300,618.2200,622.7100,2801748
2021-09-27,615.8000,616.6562,602.7300,603.6500,3964211
2021-09-28,596.3142,596.3142,578.3300,578.7700,5076482
2021-09-29,585.4500,586.5500,576.0700,577.7000,2682865
2021-09-30,580.6400,586.1946,573.2358,575.7200,2729425
2021-10-01,577.5200,581.4700,568.6100,577.4700,2900218
2021-10-04,574.5901,576.8000,552.1400,558.4900,3973318
2021-10-05,563.9100,570.2900,559.2100,566.7000,2332824
2021-10-06,561.2400,572.1550,560.2100,570.3100,2031607
2021-10-07,578.4600,586.1450,576.1900,578.9600,2633166
2021-10-08,581.3000,583.6100,575.5200,576.8600,2044675
2021-10-11,574.5000,582.2800,571.4950,573.0700,1408936
2021-10-12,579.1569,584.2200,574.4200,580.6900,1739373
2021-10-13,585.2600,593.5400,582.6550,591.1200,2067159
2021-10-14,600.0000,609.4400,596.9700,607.5100,2485406
2021-10-15,611.6935,612.2500,607.5500,610.0900,1947365
2021-10-18,610.6500,623.4700,607.5700,622.8300,1839603
2021-10-19,625.2600,639.3900,625.2600,636.0700,2453207
2021-10-20,639.2800,641.2900,630.1713,632.3700,1485211
2021-10-21,632.0000,639.1700,629.0000,638.6600,1415765
2021-10-22,640.4300,644.4300,634.4500,643.5800,1784397
2021-10-25,644.4700,649.6200,639.0652,646.9700,1620854
2021-10-26,650.9100,659.1900,642.1000,642.5000,2116954
2021-10-27,644.4800,648.8053,639.8100,640.0800,1625136
2021-10-28,638.0000,642.4900,633.2700,639.2800,2048381
2021-10-29,637.7700,651.3100,637.0000,650.3600,1865674
2021-11-01,651.0500,654.0000,634.7800,640.2000,2139558
2021-11-02,641.1200,647.7436,639.2300,640.4000,1764836
2021-11-03,645.5200,656.5000,640.0000,655.1800,1957102
2021-11-04,659.4400,676.0800,657.7500,674.0800,2437903
2021-11-05,676.7400,677.7600,661.1100,662.7200,2477002
2021-11-08,666.5600,668.2500,661.4000,666.0200,1471477
2021-11-09,667.6900,669.6600,663.0000,667.9200,1118660
2021-11-10,663.2000,665.8099,645.8600,647.5000,2030555
2021-11-11,649.6100,652.5700,642.1000,643.1700,1231202
2021-11-12,649.0100,658.4725,647.1600,657.6000,1276836
2021-11-15,658.3700,663.6650,655.1900,659.7300,1067292
2021-11-16,659.1400,673.7449,658.9900,671.0300,1373852
2021-11-17,671.7600,672.7367,662.8400,670.6700,1209469
2021-11-18,670.6200,676.5500,665.0800,670.9600,1457049
2021-11-19,681.2600,699.5000,678.9100,688.3700,3070548
2021-11-22,696.2750,699.5400,672.6600,673.5700,2247838
2021-11-23,662.7035,667.5699,648.6100,665.1600,2496818
2021-11-24,655.8300,668.8700,647.1400,668.3200,2422784
2021-11-26,670.2529,683.9999,659.6800,662.1000,2116379
2021-11-29,668.0000,691.3600,665.7700,687.4900,2723255
2021-11-30,687.2200,694.8900,667.8300,669.8500,4675162
2021-12-01,676.0000,678.7800,656.2800,657.4100,2826908
2021-12-02,655.9500,674.8450,653.6200,671.8800,2646624
2021-12-03,658.1000,662.0900,604.3000,616.5300,6686197
2021-12-06,617.4700,625.9000,605.7250,622.0400,3025835
2021-12-07,644.1932,655.2200,640.0500,649.9600,3943536
2021-12-08,647.3000,654.6500,641.6100,653.1000,2404125
2021-12-09,650.9200,655.7200,630.8800,632.5700,2503622
2021-12-10,638.1300,654.9700,635.1000,654.4500,2778627
2021-12-13,652.7700,675.2100,650.9784,658.3000,3215434
2021-12-14,635.3600,636.0000,599.1000,614.8600,5748468
2021-12-15,615.9600,631.2500,604.6199,630.3300,4055231
2021-12-16,578.4000,591.5773,556.1501,566.0900,10933613
2021-12-17,566.0900,566.9900,545.1350,556.6400,7884732
2021-12-20,545.6100,557.2700,543.5000,549.7700,3399847
2021-12-21,550.9100,559.8900,538.0500,557.5200,4039103
2021-12-22,560.3000,564.9200,552.2400,563.9800,4408394
2021-12-23,568.9600,572.5700,566.1601,569.6200,2084080
2021-12-27,575.0400,580.8800,572.0900,577.6800,1970910
2021-12-28,582.8400,582.8800,568.3500,569.3600,2065329
2021-12-29,573.3291,576.9600,562.7800,569.2900,2462642
2021-12-30,570.5700,578.9900,566.0400,570.5300,1559645
2021-12-31,570.0000,570.1700,565.0700,567.0600,1552289
2022-01-03,566.6500,575.0000,553.2673,564.3700,2845211
2022-01-04,563.9000,564.3000,541.3100,554.0000,4281649
2022-01-05,535.0000,538.7450,514.0000,514.4300,7361362
2022-01-06,510.0000,526.3100,508.2000,514.1200,3862921
2022-01-07,513.6600,520.4200,504.0000,510.7000,3541271
2022-01-10,500.0000,526.5800,497.0100,525.8300,5367641
2022-01-11,525.5533,535.1800,520.9821,529.8900,3346297
2022-01-12,533.0900,541.5900,529.2800,532.3700,2894628
2022-01-13,532.2200,535.2650,516.3200,516.9000,3396175
2022-01-14,514.4900,522.5715,511.2700,520.6000,2644865
2022-01-18,510.3900,519.3900,504.9800,513.3400,3431020
2022-01-19,516.4800,528.9179,515.3000,516.5800,2944363
2022-01-20,522.3800,532.0250,509.6400,510.8500,3140175
2022-01-21,508.5000,513.8624,499.2701,499.9100,4194873
2022-01-24,491.0700,520.4300,483.3100,519.6600,7382052
2022-01-25,505.5100,514.2600,500.0100,502.7200,3971665
2022-01-26,514.0000,520.4900,494.2200,500.8100,4420592
2022-01-27,508.9400,513.2300,485.6200,493.0500,5809009
2022-01-28,494.0901,519.0000,480.6200,518.1600,4309686
2022-01-31,518.9800,534.9400,514.3900,534.3000,3971104
2022-02-01,536.0000,538.7700,527.7200,535.9800,2288316
2022-02-02,536.2500,540.4600,529.3201,533.0900,2471284
2022-02-03,522.8700,525.1800,508.7500,510.8300,2980206
2022-02-04,503.7700,519.9700,503.7700,513.5400,2583714
2022-02-07,516.0000,516.0000,500.9500,507.1000,3095056
2022-02-08,501.6300,513.5100,501.0700,511.3100,2983063
2022-02-09,520.3500,522.4800,515.0600,521.7500,2482995
2022-02-10,508.0800,514.4799,492.2800,495.0200,4684404
2022-02-11,497.9200,499.9300,472.8952,473.9700,5006831
2022-02-14,473.2000,478.5700,469.2101,474.0100,3357991
2022-02-15,482.5337,482.5337,472.3900,479.5000,3707117
2022-02-16,476.4850,480.2100,467.2700,477.7000,3747581
2022-02-17,473.1400,476.4500,456.0500,457.7100,3987452
2022-02-18,458.6900,459.3000,441.7700,442.5600,5130991
2022-02-22,440.3500,451.0900,435.0500,438.4000,4105116
2022-02-23,447.7800,449.5900,428.0600,429.4500,4201975
2022-02-24,418.5900,465.9300,416.8124,463.8200,6434338
2022-02-25,465.3900,468.5199,456.0150,465.5400,2820318
2022-02-28,462.4000,468.4800,458.8600,467.6800,3281748
2022-03-01,468.0000,479.2100,462.9200,466.6800,3343253
2022-03-02,471.9400,477.4900,466.0400,471.1800,2940161
2022-03-03,475.8300,476.0500,455.4450,459.0800,2797818
2022-03-04,455.4900,463.5200,447.0000,452.1300,2736289
2022-03-07,456.2200,457.6800,437.1800,437.9700,3603024
2022-03-08,432.5100,443.8000,421.3600,431.5300,3700213
2022-03-09,443.8000,453.1100,438.9300,450.8700,2900118
2022-03-10,444.6800,447.6500,433.0100,438.9500,2686042
2022-03-11,439.6600,440.6100,415.4300,416.3800,4360025
2022-03-14,413.3600,422.3750,407.9400,411.5000,3713609
2022-03-15,415.9700,422.9600,413.1663,421.6600,3162008
2022-03-16,431.7400,442.5200,424.3500,442.3600,4076281
2022-03-17,441.2600,446.8200,436.5100,444.3600,3350811
2022-03-18,439.2000,453.7400,435.7900,453.3300,5699449
2022-03-21,451.4200,459.5800,445.9500,453.5900,3679738
2022-03-22,453.5000,471.9800,450.6900,466.4500,5024037
2022-03-23,437.5100,437.9800,416.4700,422.9000,13948057
2022-03-24,426.0800,432.2100,421.4900,432.1400,5513958
2022-03-25,435.4400,438.6205,425.9950,431.6200,3281152
2022-03-28,433.4150,450.3200,433.1500,450.0100,4457535
2022-03-29,459.1600,467.8000,452.4400,466.3300,4308624
2022-03-30,461.5200,466.7650,456.8400,460.0600,3871143
2022-03-31,461.5900,465.4300,455.4300,455.6200,4126496
2022-04-01,455.0000,461.5500,450.9600,458.1900,2714109
2022-04-04,461.0400,473.4900,460.6100,468.8100,2771220
2022-04-05,469.3200,471.7600,455.0700,458.5800,2425892
2022-04-06,448.2350,450.0100,439.5700,444.3300,3778481
2022-04-07,444.0900,455.9199,440.7600,452.7200,2732524
2022-04-08,449.9500,454.4100,443.3700,445.3400,2219953
2022-04-11,438.8100,440.0000,429.7400,434.4400,2913796
2022-04-12,442.6850,444.4400,425.1600,426.7700,2183136
2022-04-13,427.3000,433.5200,425.6700,431.6700,3031127
2022-04-14,435.8600,435.9500,420.0300,420.4400,2556468
2022-04-18,419.4000,429.6900,418.7300,425.4700,2587134
2022-04-19,422.0200,437.4900,420.6400,436.4000,1958678
2022-04-20,440.5900,442.4400,427.2000,428.1100,2092401
2022-04-21,432.6900,438.9400,416.3625,417.4800,2380964
2022-04-22,420.7100,424.3300,408.0200,408.6700,3191610
2022-04-25,405.7000,414.0800,401.6700,413.9500,3352499
2022-04-26,410.1700,411.6100,397.4650,399.1200,2803639
2022-04-27,401.4400,412.4600,396.8100,397.9000,3066376
2022-04-28,406.1300,414.2749,398.4900,410.5300,2569954
2022-04-29,407.4700,413.0000,394.6400,395.9500,3026634
2022-05-02,397.1300,407.9800,394.0400,407.2900,2998745
2022-05-03,406.5900,413.9300,403.5000,407.5800,2190236
2022-05-04,407.2900,424.2300,395.0500,423.3500,3302740
2022-05-05,415.5500,417.9900,395.7100,400.5100,3488027
2022-05-06,395.0000,401.2600,382.8200,391.0100,3518477
2022-05-09,381.9500,389.6271,374.8600,376.9100,4218250
2022-05-10,385.7200,400.8300,374.7800,393.0300,5327901
2022-05-11,389.9900,409.9899,377.8100,379.3300,3818575
2022-05-12,373.4000,390.1300,370.2700,388.4900,4027658
2022-05-13,396.4700,408.9700,393.9400,405.4500,3348512
2022-05-16,399.7400,407.1700,396.6000,402.8600,2640928
2022-05-17,413.0800,416.7200,403.5400,409.6500,2546302
2022-05-18,404.3800,411.6599,396.1100,397.8800,2905004
2022-05-19,399.0100,403.0350,391.5650,394.3800,2789717
2022-05-20,401.3900,406.2400,385.6210,399.0900,3428751
2022-05-23,404.0100,407.8800,398.8900,406.7600,2264699
2022-05-24,401.6100,404.3300,391.0375,398.4100,2615538
2022-05-25,395.3200,406.0950,394.7100,402.5000,2702317
2022-05-26,405.0900,411.5500,402.4600,408.6000,2417368
2022-05-27,414.8000,428.5500,414.6300,428.2200,3536841
2022-05-31,427.2200,427.2900,412.7900,416.4800,7920195
2022-06-01,428.0000,437.5490,413.7850,418.1600,3405447
2022-06-02,418.1100,441.9000,415.8400,441.2800,3407243
2022-06-03,430.7100,438.0100,427.2550,429.7600,2300183
2022-06-06,437.5900,440.0000,427.0361,429.4600,1560419
2022-06-07,423.9800,435.2000,423.1200,433.4200,1597618
2022-06-08,430.5400,433.7500,426.4200,428.8400,1777641
2022-06-09,424.1700,436.0400,423.4800,426.4200,2543432
2022-06-10,412.9000,413.9600,390.1850,393.8400,4386476
2022-06-13,377.3600,385.6500,371.0850,371.6500,4709625
2022-06-14,371.4400,376.8900,367.3100,370.8200,3190770
2022-06-15,376.0300,382.7500,368.5000,376.9200,3629896
2022-06-16,369.3700,376.1200,360.9000,365.0800,5486104
2022-06-17,349.2400,367.3200,338.0000,360.7900,9380202
2022-06-21,355.0200,372.7950,353.5100,362.9900,4945950
2022-06-22,360.7900,372.5500,358.2228,365.3300,3044411
2022-06-23,371.7100,378.1800,367.4700,376.6400,2473618
2022-06-24,380.6400,388.0600,378.2200,387.7200,3177057
2022-06-27,388.8000,389.3850,379.3800,381.0700,2186971
2022-06-28,381.0000,382.9800,364.4500,365.6300,2638418
2022-06-29,367.9400,370.3700,362.6400,368.5000,2020177
2022-06-30,362.9000,370.4200,357.5600,366.0600,2507838
2022-07-01,364.1750,369.5290,359.0700,368.4800,2321894
2022-07-05,363.5000,378.5200,359.8200,376.4900,2988744
2022-07-06,378.5400,385.3850,374.0900,382.8300,2275157
2022-07-07,382.5000,392.0700,382.3800,390.8900,2341450
2022-07-08,384.3500,391.8600,383.8400,389.4400,1603945
2022-07-11,386.5700,388.0500,380.4569,384.1600,1816219
2022-07-12,383.9000,391.5150,372.9100,375.5400,2637712
2022-07-13,368.2000,374.4100,364.7000,371.9400,1990758
2022-07-14,368.8300,374.1940,361.4600,372.9600,2084059
2022-07-15,377.7900,384.4700,376.8600,379.8600,2464168
2022-07-18,383.8300,385.5650,374.0100,375.2300,1845306
2022-07-19,382.8900,388.3200,378.0000,387.8300,1975725
2022-07-20,392.1900,403.1300,390.0700,401.4900,2725895
2022-07-21,404.1200,409.6500,399.2401,408.9100,1988105
2022-07-22,410.0300,414.6200,398.6310,401.9000,2402212
2022-07-25,400.1100,400.7688,388.5700,391.9600,2273237
2022-07-26,393.5800,393.5800,378.1600,379.2600,2286097
2022-07-27,385.0800,394.9100,383.4050,392.7800,2649041
2022-07-28,392.7600,406.1500,390.0600,403.5000,2395482
2022-07-29,404.6900,411.3800,400.8900,410.1200,2648620
2022-08-01,406.5100,417.1600,405.0700,411.0900,1904760
2022-08-02,405.3400,412.4200,402.2450,409.9600,2066711
2022-08-03,412.8100,426.0400,412.0200,424.5400,2400081
2022-08-04,425.4500,431.1500,419.6303,430.5900,2728505
2022-08-05,423.0000,434.5425,421.0000,433.4300,2480535
2022-08-08,435.0000,440.3000,432.4800,434.3400,2188990
2022-08-09,434.3400,434.5900,424.6150,426.5700,1976896
2022-08-10,441.4200,443.2200,436.2000,438.4000,2628805
2022-08-11,445.2600,445.6100,434.4000,434.8900,1745741
2022-08-12,439.6100,446.0000,436.5800,445.6700,2146062
2022-08-15,445.0700,451.1500,442.1400,451.0200,2502525
2022-08-16,446.1200,450.0900,440.1000,447.5600,2131176
2022-08-17,440.8700,442.9900,436.1138,437.8200,1888277
2022-08-18,438.6100,441.3900,437.0101,439.0300,1397960
2022-08-19,431.5800,432.5000,424.6200,425.0550,2003892
2022-08-22,419.4100,419.7900,410.0800,411.3500,2051421
2022-08-23,410.3700,415.7000,409.2000,410.4100,1391384
2022-08-24,410.6800,413.2400,405.3300,405.6500,1883945
2022-08-25,405.7900,406.6700,392.9150,403.9300,3054461
2022-08-26,403.9900,405.5400,380.5000,381.0200,3575145
2022-08-29,380.0900,382.8600,374.8200,375.2600,2391227
2022-08-30,379.9200,380.6600,371.0600,375.0700,1806946
2022-08-31,378.5300,381.1450,372.5000,373.4400,3163499
2022-09-01,371.0000,371.6400,361.7205,370.5300,2566782
2022-09-02,374.5300,382.0000,365.4300,368.1400,2433562
2022-09-06,367.2300,374.3000,365.3700,368.3000,2562870
2022-09-07,368.2000,381.5200,367.1900,379.7200,2380472
2022-09-08,377.2000,386.6600,375.2001,383.6300,2226916
2022-09-09,390.1900,396.0900,389.6650,394.7800,2863406
2022-09-12,391.0900,396.3900,389.2800,396.3600,2847055
2022-09-13,382.5500,383.5750,367.3700,368.3900,4125041
2022-09-14,369.5700,374.2400,365.6100,371.5200,3000691
2022-09-15,323.1500,329.0000,305.0000,309.1300,27721627
2022-09-16,298.3200,300.2000,292.1400,299.5000,14878916
2022-09-19,294.8800,299.2800,293.4642,296.0600,6547235
2022-09-20,292.8200,294.0800,287.8088,291.0600,6517526
2022-09-21,292.8400,297.9400,286.2200,286.3000,4865919
2022-09-22,282.0000,289.5500,280.0600,287.0600,5641110
2022-09-23,285.5700,288.5537,280.7000,284.5600,4723895
2022-09-26,286.0300,288.9000,276.7500,276.9600,6704315
2022-09-27,281.7000,284.5000,274.7300,277.5700,6376226
2022-09-28,280.3800,282.7400,275.3700,281.4000,4957681
2022-09-29,277.8000,279.5900,275.0100,278.2500,5119751
2022-09-30,279.6900,284.2900,274.8500,275.2000,4509774
2022-10-03,278.2694,286.9000,277.0000,285.2400,3642063
2022-10-04,290.9500,296.7900,290.1800,294.9700,4497348
2022-10-05,291.4100,298.8087,289.1750,297.3800,3414050
2022-10-06,297.1500,305.5000,297.1045,298.4100,4867001
2022-10-07,291.3600,293.7050,286.8300,288.7700,3492654
2022-10-10,289.7500,290.2800,283.0500,285.7200,2901702
2022-10-11,285.6900,288.2800,281.4400,284.8300,3169090
2022-10-12,284.6900,289.7900,283.0900,286.1500,3016727
2022-10-13,279.7100,298.1700,276.5950,294.7400,4710655
2022-10-14,295.1200,297.5900,287.4500,287.9400,3557156
2022-10-17,297.4500,297.9600,291.4000,293.5000,4501090
2022-10-18,302.6800,303.4900,286.8100,292.9800,5422528
2022-10-19,295.4000,303.7100,292.7000,299.8300,5521594
2022-10-20,301.0300,309.1900,299.3400,302.3800,3615938
2022-10-21,300.9900,307.4300,298.2300,306.3700,3634167
2022-10-24,308.4300,317.3290,306.2000,316.2200,4791034
2022-10-25,319.1200,324.2300,316.7400,323.7900,3684439
2022-10-26,318.1600,330.5849,316.5400,320.4800,4201546
2022-10-27,322.9600,323.8500,316.8700,318.6500,2865874
2022-10-28,318.6700,327.0500,318.6700,325.6800,3000719
2022-10-31,323.4900,325.5800,317.4200,318.5000,3227894
2022-11-01,321.0100,322.8400,312.7850,316.0200,2345357
2022-11-02,318.8400,318.8400,301.0900,301.2200,3405061
2022-11-03,297.0700,299.6100,285.3700,285.9300,4866952
2022-11-04,290.3800,291.0100,278.2300,285.7500,5574874
2022-11-07,288.9700,300.3550,287.5700,299.5400,3968667
2022-11-08,301.1500,309.9000,297.7700,302.1700,4181104
2022-11-09,299.6500,303.2900,297.3500,298.8700,2753335
2022-11-10,318.5500,330.3700,317.8700,329.9500,5490906
2022-11-11,330.3400,342.3100,329.4900,341.1500,4107594
2022-11-14,338.0700,345.1100,334.4250,340.3700,3446019
2022-11-15,348.4100,350.9699,342.5600,345.9600,2946367
2022-11-16,345.0000,345.0150,336.7200,338.4100,2104307
2022-11-17,331.7400,339.8699,329.3500,337.8300,2741090
2022-11-18,344.3000,344.7000,329.1383,330.8600,3418968
2022-11-21,329.5300,330.2500,320.6000,321.4900,3219023
2022-11-22,322.4900,331.5400,320.2000,330.8800,2561974
2022-11-23,329.9300,338.5000,327.5900,335.7800,2239591
2022-11-25,332.8850,335.5100,332.0100,334.3000,1195878
2022-11-28,335.8300,338.1900,328.0650,328.9700,2314692
2022-11-29,326.6900,329.7000,323.6749,326.7800,2278744
2022-11-30,327.1200,345.0300,326.3800,344.9300,4869296
2022-12-01,348.0300,350.6700,341.5000,344.1100,3362654
2022-12-02,337.2000,343.5276,334.2225,341.5300,2741333
2022-12-05,337.8000,340.5100,330.8300,334.0900,2531383
2022-12-06,334.0900,334.2200,327.3950,331.1500,2181795
2022-12-07,327.5300,331.0000,325.4900,326.6800,2054558
2022-12-08,325.7100,336.2005,324.3450,332.5800,2057807
2022-12-09,331.5000,334.6900,328.5000,330.6400,1963171
2022-12-12,334.7600,338.2700,332.6500,338.1700,2847553
2022-12-13,353.6300,355.6700,338.7900,342.4600,3423945
2022-12-14,343.8900,345.9499,335.0000,339.9200,3212867
2022-12-15,332.7600,334.5000,324.5900,328.7100,5281598
2022-12-16,345.0000,354.4699,337.2400,338.5400,11936552
2022-12-19,338.0000,340.7436,326.3000,328.7600,4082266
2022-12-20,327.0000,342.5000,325.5200,338.2200,3870034
2022-12-21,340.2900,345.2900,336.4400,341.3800,2581729
2022-12-22,336.0100,339.8800,330.9400,336.5200,2318053
2022-12-23,335.0000,338.9200,333.2850,338.4500,1627781
2022-12-27,338.0000,338.1600,332.4600,335.0900,1463055
2022-12-28,335.0600,338.5000,327.1900,328.3300,1658748
2022-12-29,330.7500,339.5000,329.7604,337.5800,1788769
2022-12-30,333.0000,336.6400,331.6400,336.5300,1738542
2023-01-03,340.1600,345.8200,331.9200,336.9200,2224164
2023-01-04,342.8900,345.6292,336.7300,341.4100,2164363
2023-01-05,337.5300,337.5500,328.1600,328.4400,2079312
2023-01-06,332.2800,334.8800,322.4400,332.7500,2215056
2023-01-09,338.9000,349.4550,338.4200,341.9800,3074734
2023-01-10,337.6500,344.6300,336.8000,338.7000,1669039
2023-01-11,337.3900,343.1900,333.4700,342.9300,2342193
2023-01-12,344.1650,346.4400,337.3700,344.5400,2120638
2023-01-13,340.2500,344.6500,335.5000,344.3800,2581179
2023-01-17,344.3800,350.7860,341.9700,344.3800,2508013
2023-01-18,345.0100,349.2400,338.4000,341.3100,2079425
2023-01-19,340.5600,346.7300,340.0100,342.5300,2465364
2023-01-20,343.2700,357.4200,342.7600,356.3800,3141030
2023-01-23,358.2800,365.8700,356.8500,364.9800,3163753
2023-01-24,364.1000,364.4500,358.0000,361.3200,2449335
2023-01-25,355.6650,359.7300,350.5700,358.1700,2237918
2023-01-26,362.7600,367.4300,360.7201,365.8200,2348178
2023-01-27,363.4900,373.4200,362.8500,370.7100,2614233
2023-01-30,365.9000,368.7000,362.8300,363.4200,2615143
2023-01-31,364.7100,370.7000,364.0100,370.3400,2565624
2023-02-01,370.0100,386.7200,366.8000,383.9200,3351823
2023-02-02,393.2800,402.4900,388.8822,392.2300,4011485
2023-02-03,384.2900,386.7150,377.9200,379.3300,2692152
2023-02-06,376.2100,379.2900,373.3900,375.2300,2367056
2023-02-07,373.4300,384.9400,372.7556,383.8200,2467433
2023-02-08,382.4900,387.2800,375.7000,378.3600,2659383
2023-02-09,384.9700,386.5100,374.0200,375.8100,2263948
2023-02-10,371.6300,374.5200,367.0800,370.9900,1841085
2023-02-13,373.4100,376.3100,371.0300,375.0000,1868375
2023-02-14,375.0000,380.5600,369.9600,377.9000,2470781
2023-02-15,375.6000,381.6700,374.8400,375.9400,2085077
2023-02-16,366.0400,373.4900,363.5500,365.1600,2913379
2023-02-17,359.3100,359.6100,352.1200,356.8500,2975087
2023-02-21,350.7800,353.2500,345.6900,346.7000,2999859
2023-02-22,346.6900,353.1724,344.4500,348.7200,2366116
2023-02-23,350.4400,353.8000,343.9275,347.0200,2850729
2023-02-24,328.1200,329.7600,318.6000,320.5400,8438674
2023-02-27,322.0200,325.1000,320.7000,322.3200,3499612
2023-02-28,323.3700,325.7300,320.9700,323.9500,2712608
2023-03-01,323.8000,325.2600,321.0000,323.3800,2372023
2023-03-02,323.3800,334.4600,321.5600,333.5000,3840840
2023-03-03,334.6900,344.7600,334.4835,344.0400,3598719
2023-03-06,344.3300,351.7750,344.2800,347.0200,3008990
2023-03-07,347.8600,352.1650,344.0600,344.8000,2203243
2023-03-08,346.7400,348.6900,343.4701,345.8400,2514064
2023-03-09,344.7200,350.1300,336.9900,338.3700,3793903
2023-03-10,338.3400,338.5200,328.4450,329.3000,4146454
2023-03-13,329.4200,333.0000,323.2900,324.2700,4192678
2023-03-14,332.2100,335.1700,328.6950,333.3300,3842884
2023-03-15,330.0000,334.2800,328.1725,333.6100,4448199
2023-03-16,344.5700,355.4900,340.5300,353.2900,6943231
2023-03-17,354.7800,360.6300,350.8350,358.1400,6713023
2023-03-20,357.6100,364.9399,355.3500,362.8800,3944747
2023-03-21,364.6300,376.4000,362.9200,374.2200,4460810
2023-03-22,375.0000,377.3299,361.5200,361.7100,3872109
2023-03-23,368.9900,375.2499,365.4900,369.0000,3135387
2023-03-24,370.2300,375.2300,367.7200,374.9600,2946639
2023-03-27,376.5100,380.3500,369.6800,373.1500,2827399
2023-03-28,373.4200,374.0000,367.8200,373.4000,1776260
2023-03-29,376.6800,380.1200,375.5600,379.1600,2493566
2023-03-30,381.6500,382.5800,378.0800,381.9000,2138201
2023-03-31,382.2900,385.7300,380.2600,385.3700,3059936
2023-04-03,380.8800,383.7300,378.1500,380.0800,2711595
2023-04-04,382.2400,385.7000,381.0502,385.1500,2527081
2023-04-05,384.0900,386.0000,377.2550,382.0200,2275989
2023-04-06,379.3100,382.4600,375.9900,380.6000,1834896
2023-04-10,375.4800,376.6700,372.2600,376.2500,1688752
2023-04-11,374.0100,375.9000,368.3500,371.1100,2160349
2023-04-12,376.4200,378.2300,368.7500,369.8900,1969428
2023-04-13,373.2000,379.0200,372.7300,378.8000,2433461
2023-04-14,376.3700,380.5700,375.1400,379.3800,1505029
2023-04-17,379.6100,380.7600,374.6200,377.9200,1613851
2023-04-18,380.9000,380.9000,374.4875,377.5500,1581492
2023-04-19,377.9000,382.8400,375.6000,380.1100,1773974
2023-04-20,376.0400,382.9950,375.6700,380.2600,1946101
2023-04-21,379.9700,380.4400,375.4400,377.6700,1840800
2023-04-24,376.5900,378.9500,373.5700,377.3400,1530515
2023-04-25,373.6300,375.2300,368.8800,369.5900,2300737
2023-04-26,368.6000,369.4500,357.2500,363.0600,2768425
2023-04-27,365.9400,373.8199,363.5000,371.4200,2320742
2023-04-28,371.4200,377.6900,368.5600,377.5600,2028956
2023-05-01,376.5100,378.7200,373.7100,374.1500,1867299
2023-05-02,374.3550,375.8450,367.8400,368.6600,2279588
2023-05-03,363.4900,365.9600,344.2350,345.2500,6689799
2023-05-04,347.9700,348.0000,332.8400,335.8300,6590678
2023-05-05,338.9800,349.5500,338.0300,348.4000,4195584
2023-05-08,348.0000,350.4800,340.7600,344.0600,3116077
2023-05-09,342.5000,345.0000,341.2300,342.6500,1871689
2023-05-10,348.2500,351.9950,341.8318,344.0200,3355391
2023-05-11,341.8800,344.6600,339.3700,341.5800,2176824
2023-05-12,340.5100,340.7900,331.8900,335.4500,4206994
2023-05-15,337.3500,345.8900,333.0100,345.6700,3322694
2023-05-16,344.2000,347.0650,341.1700,345.1100,2556997
2023-05-17,345.3600,358.6900,345.1200,356.6300,3552781
2023-05-18,357.0000,361.4800,356.4500,360.4300,2893476
2023-05-19,363.0000,372.0800,361.3600,371.2500,3713693
2023-05-22,371.2500,374.4025,369.6600,372.0500,2618908
2023-05-23,371.8100,376.4900,369.9200,370.4200,2966941
2023-05-24,368.4100,369.0600,361.7200,365.7600,2632065
2023-05-25,375.4900,397.6515,374.0900,392.0600,6837761
2023-05-26,396.7200,416.3600,396.5700,415.3900,7797916
2023-05-30,429.9400,432.9900,416.0800,417.2100,5320389
2023-05-31,413.9000,421.3600,410.7010,417.7900,5082945
2023-06-01,412.2900,430.6000,412.2900,426.7500,4436257
2023-06-02,432.0000,438.5308,430.3600,436.3700,4303519
2023-06-05,433.0100,440.3799,426.9600,434.1800,3432762
2023-06-06,432.5500,437.1200,431.2400,432.8900,2332037
2023-06-07,434.5600,436.8100,417.7425,418.3200,4768972
2023-06-08,424.1500,440.6275,423.5841,439.0300,6045944
2023-06-09,456.9099,466.5900,453.0900,454.0000,7911117
2023-06-12,463.7050,478.0400,459.4200,474.6300,6894711
2023-06-13,489.7100,491.5100,470.3600,478.9900,7364686
2023-06-14,476.1500,483.8500,473.2000,479.5300,5118229
2023-06-15,475.4700,495.1999,474.2500,490.9100,8843014
2023-06-16,518.2300,518.7400,494.6200,495.1800,13197238
2023-06-20,485.6300,492.6883,480.0000,485.8600,5287541
2023-06-21,492.0000,495.5500,475.3100,477.4800,5198703
2023-06-22,474.1200,481.0000,473.0201,477.5800,3562609
2023-06-23,472.9500,487.3300,472.3200,484.7200,4448948
2023-06-26,483.0100,487.1563,479.0500,479.5100,3158169
2023-06-27,480.0000,490.8000,479.9500,489.2700,2662634
2023-06-28,482.0000,489.7500,480.3900,482.4300,3205665
2023-06-29,484.4700,485.8300,479.6000,483.7700,1901746
2023-06-30,482.7400,492.8100,482.7200,488.9900,3070780
2023-07-03,486.3900,486.6100,479.8401,485.2100,1490803
2023-07-05,480.9900,489.4100,479.7300,487.2600,2181374
2023-07-06,479.9900,482.5000,475.0000,481.2900,2082792
2023-07-07,481.9800,490.4200,479.8600,485.2700,2319353
2023-07-10,485.2700,499.1999,485.1100,496.3500,3343233
2023-07-11,497.2800,506.0300,491.7600,504.7400,2831377
2023-07-12,509.4050,510.7900,500.0100,507.3600,2962894
2023-07-13,509.6200,519.4099,509.5000,517.2800,3016369
2023-07-14,517.3400,523.7850,512.6700,514.8300,2274819
2023-07-17,513.0000,522.6892,512.3800,522.0000,2626644
2023-07-18,519.6400,535.1299,517.3750,532.2300,4084181
2023-07-19,534.4800,539.0000,526.0601,527.1700,3366381
2023-07-20,522.0300,528.3100,514.0850,516.8800,3250303
2023-07-21,521.7500,529.6851,519.2800,520.2300,8075131
2023-07-24,520.0000,524.8400,514.8600,523.8600,2179231
2023-07-25,519.4200,526.8800,517.9200,525.3400,2347561
2023-07-26,520.4900,521.1000,510.4400,514.5500,2904910
2023-07-27,523.1600,527.9000,511.2400,513.9700,2407864
2023-07-28,515.4300,530.3200,514.6300,528.8700,2770519
2023-07-31,541.8700,552.9400,541.8700,546.1700,4056190
2023-08-01,545.7800,552.0150,541.6700,549.1000,2245683
2023-08-02,539.3200,539.9900,526.5000,530.3000,2938186
2023-08-03,523.0000,530.9120,522.2170,523.7600,2170510
2023-08-04,526.7400,535.6300,522.1200,526.8800,2434819
2023-08-07,530.0000,532.5800,523.5200,529.7300,1755995
2023-08-08,523.9900,524.5788,515.2500,520.6000,2616647
2023-08-09,520.5500,520.9700,509.5300,513.7800,1835311
2023-08-10,521.0300,523.2200,512.9800,515.8300,1871752
2023-08-11,510.8300,514.9000,506.3700,508.4500,1913324
2023-08-14,506.7800,522.5549,505.0300,522.2500,1980989
2023-08-15,518.3500,522.0400,516.0593,518.7000,1813571
2023-08-16,517.8100,523.1500,514.1700,514.4900,1525585
2023-08-17,525.0000,525.4900,510.5600,511.6700,2453334
2023-08-18,504.6500,510.0500,503.9000,508.1300,2097325
2023-08-21,510.2900,522.9800,510.2900,520.4700,2402638
2023-08-22,529.7150,530.0000,518.3500,519.4800,1484580
2023-08-23,522.7300,535.2500,519.2400,530.7100,2277711
2023-08-24,539.0000,539.6700,511.0500,512.4300,2945824
2023-08-25,514.9200,528.4300,514.4650,525.0600,2301683
2023-08-28,525.7000,533.5100,523.9800,529.9200,1673441
2023-08-29,527.7000,541.9700,526.1473,540.5700,2156946
2023-08-30,540.1000,546.0000,536.0900,545.3600,1923580
2023-08-31,547.0000,562.1000,546.7600,559.3400,3886778
2023-09-01,564.8000,569.9800,558.5170,563.2100,2217828
2023-09-05,557.8800,567.5900,555.4200,564.8800,2329338
2023-09-06,560.4500,564.0600,555.8500,561.9400,2295810
2023-09-07,554.0000,561.8300,551.0750,560.4600,2078107
2023-09-08,568.9000,570.2399,558.0300,560.3600,2254325
2023-09-11,562.0000,565.4302,556.7000,564.5000,2055372
2023-09-12,555.6300,559.0921,540.3700,542.2100,3928681
2023-09-13,557.0200,559.8500,546.4300,553.5600,3446976
2023-09-14,551.0900,555.1948,544.3400,552.1600,4403191
2023-09-15,532.1100,537.6900,523.6160,528.8900,9719478
2023-09-18,524.2300,533.9800,522.1800,532.4200,2633435
2023-09-19,531.3500,542.4000,529.4700,541.6900,2345506
2023-09-20,541.6900,548.8500,535.7300,535.7800,2595651
2023-09-21,519.4800,526.2900,513.4000,513.8800,3829012
2023-09-22,513.0900,518.1500,508.8300,512.9000,2381471
2023-09-25,511.4500,514.2450,507.2200,511.6000,2189256
2023-09-26,510.1400,510.1400,502.0100,506.3000,2303090
2023-09-27,507.5100,509.2500,498.6955,502.6000,3309871
2023-09-28,500.0000,508.6750,499.2500,504.6700,2699588
2023-09-29,505.4400,518.5800,505.4400,509.9000,2794780
2023-10-02,508.2400,522.4050,508.2400,521.1300,2399703
2023-10-03,517.5200,520.4900,504.5500,507.0300,1995867
2023-10-04,511.9300,519.7600,510.0001,518.4200,2011298
2023-10-05,519.8400,522.6050,509.2350,516.4400,1813104
2023-10-06,513.2200,531.3100,509.5200,526.6800,2515943
2023-10-09,522.0000,530.0000,518.7500,529.2900,1706378
2023-10-10,530.9100,537.0000,530.4000,532.7200,2024951
2023-10-11,538.5900,551.3400,536.1100,549.9100,3280100
2023-10-12,553.7000,574.4000,552.2300,559.6300,4612606
2023-10-13,560.0000,562.8900,546.9900,548.7600,2822369
2023-10-16,553.1800,555.5700,545.6904,550.7400,2166025
2023-10-17,545.4100,560.8000,543.3400,560.0900,2340067
2023-10-18,554.4800,568.1800,554.2400,557.8700,2586987
2023-10-19,560.0000,567.1000,553.4700,555.7400,2766522
2023-10-20,555.7400,555.9800,535.9500,540.9600,2717725
2023-10-23,535.8100,548.0250,531.0000,540.4100,2139502
2023-10-24,544.6400,546.0000,532.1200,539.5600,2316274
2023-10-25,533.5600,534.4600,517.6300,521.1400,2498230
2023-10-26,530.0000,530.9900,511.6800,514.2800,2789133
2023-10-27,517.5000,519.8556,506.9150,508.1200,2955421
2023-10-30,516.1100,530.7500,512.2400,526.9400,2546732
2023-10-31,530.6400,532.6350,522.8101,532.0600,2009634
2023-11-01,535.0000,545.2700,534.0000,544.5000,2567203
2023-11-02,550.4400,559.3550,550.0000,558.7100,2279747
2023-11-03,560.0000,567.0300,557.6600,563.6600,1916586
2023-11-06,566.0000,567.8800,558.1750,565.4500,2056255
2023-11-07,568.8100,589.0000,568.8100,585.2000,3860918
2023-11-08,589.0000,595.6650,581.0700,585.3100,3034898
2023-11-09,587.5100,590.0400,576.3400,577.7400,2308844
2023-11-10,580.4900,598.1350,576.0050,597.2200,2997400
2023-11-13,589.9800,594.2600,583.3600,590.3400,2480833
2023-11-14,601.5600,613.7050,599.0400,604.3300,2861796
2023-11-15,605.0000,605.7300,591.7900,595.3100,3077428
2023-11-16,595.4500,605.2700,592.1400,602.0600,2012627
2023-11-17,602.0700,605.0499,597.0200,602.6600,1952711
2023-11-20,605.3100,614.2000,604.5000,612.7000,2369265
2023-11-21,610.6300,615.5650,607.0301,610.9900,1838870
2023-11-22,616.6300,624.3800,614.0101,619.7200,2061975
2023-11-24,616.2600,619.4400,613.6000,619.4300,936426
2023-11-27,618.8000,625.8341,614.5700,619.2700,1845044
2023-11-28,613.9750,625.6000,612.2600,623.3200,2262713
2023-11-29,625.9400,628.6000,616.7700,617.3900,2588643
2023-11-30,620.0000,621.4800,605.0700,611.0100,3912214
2023-12-01,609.2400,615.2000,603.1800,612.4700,2401578
2023-12-04,604.9100,608.2900,596.2100,604.5600,2462704
2023-12-05,596.7700,602.7400,591.1700,602.2200,2535327
2023-12-06,608.0600,608.5302,594.4867,595.7000,2046433
2023-12-07,598.9200,609.2300,596.4700,608.7800,2588588
2023-12-08,605.0000,610.2300,601.3000,610.0100,2461540
2023-12-11,616.8800,627.8195,614.3400,625.2000,3233197
2023-12-12,625.8600,633.8900,623.0000,633.6600,2917483
2023-12-13,630.4100,632.4450,618.0301,624.2600,5547007
2023-12-14,593.0000,593.1600,578.3000,584.6400,11173250
2023-12-15,580.6000,591.6600,578.2000,584.6800,8611049
2023-12-18,591.5200,603.1337,586.6200,599.1300,5408607
2023-12-19,600.0000,612.7050,598.0800,604.6400,4117492
2023-12-20,600.7100,610.6800,595.0700,596.0600,2555850
2023-12-21,603.0000,607.4006,594.8200,600.1400,3182993
2023-12-22,600.8000,601.8600,596.0000,598.7500,1647549
2023-12-26,598.9200,601.6900,596.5000,598.2600,1551352
2023-12-27,598.6000,599.7900,593.7100,596.0800,1390738
2023-12-28,597.4400,599.0400,593.6301,595.5200,1698253
2023-12-29,596.0900,600.7500,592.9400,596.6000,1888359
2024-01-02,589.5100,590.4400,576.7550,580.0700,2819855
2024-01-03,574.5800,577.3050,570.1900,571.7900,2454912
2024-01-04,570.9900,572.9100,566.6600,567.0500,2086043
2024-01-05,563.5000,569.5200,563.3400,564.6000,1917179
2024-01-08,567.8700,581.5100,567.8700,580.5500,2822995
2024-01-09,578.3300,588.2000,577.2800,586.2000,1924586
2024-01-10,585.4300,593.6500,585.4300,591.0300,2133068
2024-01-11,592.0000,597.8400,584.5200,597.4900,2324797
2024-01-12,598.3900,599.3800,593.0177,596.5400,1471851
2024-01-16,592.8300,597.7600,588.3400,597.6800,2123996
2024-01-17,591.9900,596.7500,582.4400,596.1000,2583931
2024-01-18,586.9000,596.8900,584.2100,593.7000,2790402
2024-01-19,593.8100,612.0700,589.1300,611.5500,3760084
2024-01-22,615.0000,620.9600,603.1500,603.5900,4399940
2024-01-23,602.2100,604.3200,591.3400,597.1800,2711623
2024-01-24,601.7100,616.9500,597.4600,606.4800,2962390
2024-01-25,615.4200,627.0600,612.2400,622.5800,3766221
2024-01-26,620.7000,622.5000,613.0000,613.9300,2109238
2024-01-29,615.7100,636.2500,615.7100,630.2300,3188791
2024-01-30,630.0000,630.4700,620.8900,627.9600,1974048
2024-01-31,620.0000,625.9300,612.1700,617.7800,2644132
2024-02-01,619.0000,628.8000,618.7750,627.9100,1661958
2024-02-02,624.7900,638.2500,617.0100,634.7600,2531447
2024-02-05,633.0300,634.5899,624.5400,630.5000,2111712
2024-02-06,625.5800,626.4600,604.6700,607.1400,3403736
2024-02-07,613.2500,620.4200,610.1500,615.8500,2281271
2024-02-08,615.8500,621.3400,612.5100,615.8600,1801870
2024-02-09,616.0000,628.0700,615.8050,627.2100,2048662
2024-02-12,626.0000,626.3450,611.5750,611.8400,2283686
2024-02-13,596.7000,608.3900,590.0000,601.8900,2950151
2024-02-14,605.8500,610.3300,602.5000,604.6600,1594716
2024-02-15,606.0000,607.3158,589.7700,590.4400,3404244
2024-02-16,589.9000,590.1383,546.3700,546.6600,10175960
2024-02-20,531.4950,545.8800,528.0100,541.9100,6383574
2024-02-21,539.7600,542.5699,529.3675,538.5200,4403418
2024-02-22,553.9400,555.5499,534.5600,537.5700,4978514
2024-02-23,543.4900,557.1800,541.4800,553.4400,4246132
2024-02-26,556.5600,570.6000,556.5600,560.4800,4243792
2024-02-27,565.9100,565.9100,548.5400,552.4900,3172715
2024-02-28,552.0000,557.2000,549.7601,551.8200,2281403
2024-02-29,554.8900,561.9400,553.2300,560.2800,3827765
2024-03-01,561.1100,572.8900,560.6700,570.9300,2890447
2024-03-04,572.8500,576.2450,564.1000,567.9400,2551275
2024-03-05,562.6000,564.1900,539.3500,544.8400,4122276
2024-03-06,548.0000,550.6400,538.1500,543.0900,3063393
2024-03-07,550.0000,558.3800,541.5900,556.0400,2590187
2024-03-08,553.0000,560.4400,550.5114,551.6900,2792956
2024-03-11,552.4500,562.6900,551.0200,560.4200,2846609
2024-03-12,568.6000,579.7900,562.6000,579.1400,3439082
2024-03-13,579.0600,585.3500,573.4100,573.5500,3437897
2024-03-14,578.0000,579.5400,568.7600,570.4500,5467042
2024-03-15,499.6400,503.1263,485.0000,492.4600,19525322
2024-03-18,495.5500,515.7299,495.5500,513.8600,7005068
2024-03-19,509.8900,522.6800,508.9900,521.1900,7080777
2024-03-20,523.2900,523.8700,512.5000,519.1400,3823049
2024-03-21,517.6000,519.7250,506.2000,511.2500,5198447
2024-03-22,509.0700,511.5900,496.6700,499.5200,5354084
2024-03-25,496.7900,510.6300,496.6900,507.2300,4265942
2024-03-26,508.0600,512.7900,503.5900,507.6000,2784780
2024-03-27,515.4700,516.8600,499.7000,504.4000,4219442
2024-03-28,508.1200,509.0000,500.2600,504.6000,3883100
2024-04-01,504.9900,506.9200,499.3100,502.0900,2001168
2024-04-02,494.4030,500.7500,491.3400,499.2100,3073102
2024-04-03,497.3600,498.8600,494.7100,497.0100,2520915
2024-04-04,503.5600,504.1100,486.7000,487.1100,3381201
2024-04-05,488.8400,490.0900,481.2800,485.1200,4968712
2024-04-08,484.7800,486.9800,477.2300,484.2800,3436622
2024-04-09,486.0000,493.3100,483.3100,492.5500,2538880
2024-04-10,489.3900,491.7650,480.2800,487.2200,2482064
2024-04-11,487.3600,488.6700,479.7400,484.2800,2963831
2024-04-12,477.9500,478.7800,468.6000,474.0900,5607013
2024-04-15,477.0200,478.5200,468.3500,470.1000,3338352
2024-04-16,470.0000,478.9800,468.4900,476.2200,2655988
2024-04-17,477.3100,481.0200,472.6850,474.4500,2031990
2024-04-18,476.7600,477.6050,471.8250,473.1800,2386904
2024-04-19,476.5400,476.5800,463.0901,465.0200,2953390
2024-04-22,470.2150,471.5000,462.2800,466.8900,2289861
2024-04-23,469.7200,474.8100,467.8300,472.9000,2030761
2024-04-24,472.9400,478.5700,471.7283,477.1200,2048845
2024-04-25,468.4100,474.5042,465.7800,473.4400,2085819
2024-04-26,472.3100,482.7900,471.6850,477.5600,2313129
2024-04-29,478.0400,481.6770,471.0700,473.0700,2645645
2024-04-30,472.0000,475.4200,462.4600,462.8300,2959851
2024-05-01,461.1200,477.7600,460.3600,469.3900,2471215
2024-05-02,474.3000,477.1550,468.2994,476.5700,2202654
2024-05-03,482.2700,487.4900,477.5650,486.1800,2805537
2024-05-06,490.1000,495.4400,488.0000,493.5900,2089660
2024-05-07,492.5100,496.7550,489.1400,492.2700,2512862
2024-05-08,489.9700,495.8100,486.9200,488.1000,2145625
2024-05-09,489.4100,490.4364,481.6500,482.6500,2293579
2024-05-10,483.5000,489.4800,480.3000,482.2900,2726013
2024-05-13,486.2400,490.1599,481.7100,483.1100,2254167
2024-05-14,480.4100,481.8000,466.4800,475.9500,3628537
2024-05-15,480.7600,489.6100,476.6100,485.3500,2920672
2024-05-16,484.7000,486.2300,481.3850,482.8800,2410091
2024-05-17,483.3200,485.8800,481.5200,483.4300,2156061
2024-05-20,483.0000,485.3700,478.3200,484.6900,1791801
2024-05-21,481.1900,487.5000,477.1200,481.8500,1764808
2024-05-22,483.9700,485.6650,479.1400,483.9300,1718886
2024-05-23,488.3800,491.6800,478.6900,483.3100,2183537
2024-05-24,481.2500,485.3800,473.9000,475.4300,2688918
2024-05-28,473.0100,478.6700,469.6000,478.4300,2483784
2024-05-29,472.7800,482.7900,472.5950,477.6000,2119770
2024-05-30,464.9000,466.8200,444.8400,445.8700,5597082
2024-05-31,447.7200,448.2300,433.9700,444.7600,7421414
2024-06-03,447.5800,449.8400,436.5800,439.0200,3758073
2024-06-04,442.8200,450.1200,441.5900,448.3700,3073454
2024-06-05,449.1900,458.6000,448.3700,455.8000,3214896
2024-06-06,457.7000,467.8515,456.8700,458.1300,3229644
2024-06-07,458.1300,468.9300,458.1300,465.4300,2460478
2024-06-10,453.8400,462.2300,451.5100,459.9400,3204250
2024-06-11,456.9100,462.7400,455.5000,462.6900,2633979
2024-06-12,470.0000,471.1200,459.1600,459.8700,3612664
2024-06-13,457.8700,462.3899,453.5000,458.7400,7624628
2024-06-14,530.2500,534.4500,521.8800,525.3100,14742112
2024-06-17,525.5100,525.9400,505.3800,518.7400,7147550
2024-06-18,514.7100,530.3700,513.1300,522.2500,4217550
2024-06-20,527.6650,533.2300,520.4000,522.9500,5661177
2024-06-21,530.3100,535.0000,524.7150,533.4400,6557583
2024-06-24,532.1000,534.5800,523.4800,524.1700,3048749
2024-06-25,526.2000,529.6800,522.2400,526.8800,3128622
2024-06-26,528.5800,530.6600,526.0100,528.6600,2759732
2024-06-27,533.2100,549.1600,532.1000,546.7600,4485648
2024-06-28,549.7000,558.4800,548.0100,555.5400,5077912
2024-07-01,551.3700,561.2100,549.7300,560.0100,3067286
2024-07-02,560.0000,570.1400,560.0000,567.7100,2872880
2024-07-03,564.2920,571.8300,564.0001,570.1500,1664070
2024-07-05,570.9100,580.5500,568.9200,578.3400,2805946
2024-07-08,573.1800,576.7450,563.9200,575.4000,2829223
2024-07-09,573.0500,575.0100,562.4600,566.0200,2119189
2024-07-10,564.7100,566.9300,558.2100,564.5500,2364866
2024-07-11,564.0000,572.6200,557.0900,557.6300,3187327
2024-07-12,555.1000,562.4900,552.3150,559.0500,2007848
2024-07-15,560.2300,568.2300,560.2300,565.7100,1884442
2024-07-16,564.6000,570.1000,562.0800,566.5400,1537529
2024-07-17,563.9300,565.0000,556.4600,563.0900,2313978
2024-07-18,564.1800,564.2600,556.0700,556.8500,2183028
2024-07-19,557.0500,561.0900,548.9600,551.0000,2595126
2024-07-22,558.6500,560.1900,552.7074,554.8200,2367864
2024-07-23,556.4900,557.2490,544.4400,546.0100,2357162
2024-07-24,543.8000,544.7100,530.3500,531.0400,2627139
2024-07-25,536.8000,542.2800,527.5900,532.1500,2133873
2024-07-26,535.3500,545.4999,533.3300,542.4400,2088045
2024-07-29,544.3000,544.3000,535.1900,536.6100,1589013
2024-07-30,541.8500,543.6700,530.9501,538.7100,1558136
2024-07-31,547.0500,555.5500,543.7700,551.6500,2741055
2024-08-01,549.9900,561.9800,540.2400,546.4100,2039055
2024-08-02,535.7800,536.8400,519.6800,526.1700,2663341
2024-08-05,504.2300,515.9000,500.0000,509.3200,3426921
2024-08-06,513.6900,519.1600,509.0100,514.2000,2068941
2024-08-07,520.9500,531.0050,512.8600,513.6200,1544877
