Date,Open,High,Low,Close,Volume
1999-01-22,0.4018,0.4485,0.3564,0.3767,271468800
1999-01-25,0.4066,0.4209,0.3767,0.4161,51048000
1999-01-26,0.4209,0.4293,0.3779,0.3838,34320000
1999-01-27,0.3851,0.3947,0.3635,0.3827,24436800
1999-01-28,0.3827,0.3851,0.379,0.3815,22752000
1999-01-29,0.3815,0.3827,0.3635,0.3635,24403200
1999-02-01,0.3635,0.3731,0.3635,0.3708,15470400
1999-02-02,0.3635,0.3731,0.3312,0.3421,26409600
1999-02-03,0.3373,0.354,0.3348,0.3492,7512000
1999-02-04,0.354,0.3779,0.3492,0.3683,18192000
1999-02-05,0.3742,0.3827,0.3647,0.379,13684800
1999-02-08,0.3815,0.3827,0.366,0.366,15408000
1999-02-09,0.3731,0.3756,0.3469,0.3517,8697600
1999-02-10,0.3517,0.3612,0.3421,0.348,14822400
1999-02-11,0.3492,0.3922,0.3492,0.3779,13224000
1999-02-12,0.3827,0.4018,0.3827,0.3995,10972800
1999-02-16,0.4066,0.4234,0.3612,0.4018,21100800
1999-02-17,0.3922,0.397,0.3731,0.3804,6772800
1999-02-18,0.3922,0.397,0.3756,0.3863,7070400
1999-02-19,0.3827,0.4066,0.3779,0.3995,7536000
1999-02-22,0.4066,0.4114,0.3804,0.4018,20524800
1999-02-23,0.4114,0.4293,0.3874,0.4209,13809600
1999-02-24,0.4831,0.5022,0.4437,0.4544,61276800
1999-02-25,0.4735,0.4879,0.433,0.44,14913600
1999-02-26,0.4448,0.4592,0.4161,0.4198,17260800
1999-03-01,0.4305,0.44,0.4018,0.4221,9216000
1999-03-02,0.4209,0.4234,0.4114,0.4186,5524800
1999-03-03,0.4209,0.4209,0.3874,0.3899,6139200
1999-03-04,0.4091,0.4114,0.3779,0.3815,5736000
1999-03-05,0.3851,0.4043,0.3851,0.4029,7876800
1999-03-08,0.3922,0.4209,0.3851,0.4091,7588800
1999-03-09,0.4077,0.4282,0.4077,0.4221,14318400
1999-03-10,0.4282,0.4282,0.4091,0.415,23534400
1999-03-11,0.4077,0.415,0.397,0.397,5428800
1999-03-12,0.3995,0.3995,0.3827,0.3899,9076800
1999-03-15,0.3995,0.4114,0.397,0.4066,10881600
1999-03-16,0.4091,0.4138,0.3899,0.3934,7915200
1999-03-17,0.397,0.4043,0.3863,0.3959,5136000
1999-03-18,0.397,0.4066,0.3874,0.4006,4632000
1999-03-19,0.3995,0.4138,0.3995,0.4018,10531200
1999-03-22,0.4102,0.4114,0.3899,0.3899,3667200
1999-03-23,0.3922,0.3922,0.3587,0.366,16396800
1999-03-24,0.3635,0.366,0.3492,0.3635,6086400
1999-03-25,0.3624,0.3827,0.3612,0.3683,4032000
1999-03-26,0.3731,0.4018,0.3731,0.4006,8827200
1999-03-29,0.4125,0.4221,0.4054,0.4125,6595200
1999-03-30,0.4138,0.4173,0.3756,0.3779,6950400
1999-03-31,0.3899,0.4091,0.3719,0.4043,15360000
1999-04-01,0.4043,0.4066,0.3851,0.3922,3043200
1999-04-05,0.3874,0.397,0.3779,0.3804,9864000
1999-04-06,0.3838,0.3851,0.3635,0.3708,6969600
1999-04-07,0.3731,0.4043,0.3708,0.4018,8928000
1999-04-08,0.4043,0.4209,0.3995,0.4091,13012800
1999-04-09,0.4114,0.4114,0.3995,0.4018,4862400
1999-04-12,0.397,0.397,0.3779,0.3851,3331200
1999-04-13,0.3922,0.3922,0.3635,0.3695,3614400
1999-04-14,0.3683,0.3767,0.3587,0.3587,4828800
1999-04-15,0.3683,0.3683,0.3587,0.3683,3585600
1999-04-16,0.366,0.3863,0.366,0.3804,3892800
1999-04-19,0.3851,0.3851,0.3587,0.3635,3129600
1999-04-20,0.3635,0.3779,0.3528,0.3564,6768000
1999-04-21,0.3564,0.3635,0.354,0.3624,3748800
1999-04-22,0.3635,0.3635,0.3432,0.3469,22718400
1999-04-23,0.3455,0.3469,0.3277,0.33,12604800
1999-04-26,0.33,0.3348,0.3061,0.3134,12350400
1999-04-27,0.3205,0.3492,0.3157,0.3469,22694400
1999-04-28,0.3492,0.3492,0.3337,0.3444,12009600
1999-04-29,0.3455,0.3469,0.3373,0.3444,4814400
1999-04-30,0.348,0.3635,0.3455,0.3492,9931200
1999-05-03,0.3528,0.3528,0.3421,0.3517,3384000
1999-05-04,0.3517,0.3517,0.3253,0.3325,9604800
1999-05-05,0.3348,0.3396,0.3157,0.3396,14457600
1999-05-06,0.3373,0.3444,0.323,0.3331,3561600
1999-05-07,0.323,0.3373,0.323,0.3348,2500800
1999-05-10,0.3325,0.3421,0.3325,0.3348,1968000
1999-05-11,0.3492,0.3635,0.3421,0.3528,17174400
1999-05-12,0.3564,0.3647,0.3517,0.3635,16848000
1999-05-13,0.3635,0.3731,0.3624,0.3635,6993600
1999-05-14,0.3635,0.3635,0.3396,0.3444,2846400
1999-05-17,0.3396,0.3612,0.3385,0.3612,3576000
1999-05-18,0.3647,0.3827,0.354,0.3779,15153600
1999-05-19,0.3947,0.4091,0.3551,0.3612,45172800
1999-05-20,0.3635,0.3635,0.3193,0.3325,17817600
1999-05-21,0.3277,0.3277,0.3157,0.3253,30350400
1999-05-24,0.3277,0.3348,0.3193,0.3241,16262400
1999-05-25,0.3253,0.33,0.323,0.3264,13008000
1999-05-26,0.3253,0.3421,0.3253,0.3253,10473600
1999-05-27,0.3277,0.3277,0.323,0.323,8232000
1999-05-28,0.3277,0.3277,0.323,0.3264,8865600
1999-06-01,0.3253,0.3277,0.3205,0.3277,9854400
1999-06-02,0.3277,0.3277,0.3157,0.3157,13012800
1999-06-03,0.3241,0.3264,0.3205,0.3241,4156800
1999-06-04,0.3264,0.3277,0.3241,0.3264,7891200
1999-06-07,0.3283,0.3348,0.3277,0.33,12513600
1999-06-08,0.3312,0.3444,0.33,0.3385,15331200
1999-06-09,0.3396,0.3517,0.3396,0.3444,9518400
1999-06-10,0.3444,0.3469,0.3421,0.3455,3609600
1999-06-11,0.3455,0.3469,0.3264,0.3396,6100800
1999-06-14,0.339,0.3396,0.323,0.3253,5164800
1999-06-15,0.3253,0.3277,0.3205,0.3253,4929600
1999-06-16,0.33,0.3444,0.3253,0.3348,6441600
1999-06-17,0.3325,0.3373,0.3253,0.3253,7492800
1999-06-18,0.3277,0.3277,0.3134,0.3134,15873600
1999-06-21,0.323,0.33,0.3142,0.33,8347200
1999-06-22,0.33,0.33,0.3168,0.3241,19305600
1999-06-23,0.3205,0.33,0.3168,0.33,21091200
1999-06-24,0.3325,0.3325,0.3205,0.323,11520000
1999-06-25,0.3205,0.3312,0.3205,0.3277,7353600
1999-06-28,0.3385,0.3385,0.3253,0.3325,10915200
1999-06-29,0.3373,0.3408,0.3325,0.336,9268800
1999-06-30,0.3469,0.366,0.3396,0.366,26923200
1999-07-01,0.366,0.366,0.3277,0.3469,8899200
1999-07-02,0.3517,0.3719,0.3444,0.3719,22488000
1999-07-06,0.3756,0.3756,0.3683,0.3731,19809600
1999-07-07,0.3756,0.3756,0.366,0.366,6312000
1999-07-08,0.3683,0.3804,0.3564,0.3742,18604800
1999-07-09,0.3731,0.4091,0.3731,0.406,21172800
1999-07-12,0.4305,0.4425,0.4138,0.4246,40104000
1999-07-13,0.4293,0.4316,0.4066,0.4257,13886400
1999-07-14,0.4257,0.4353,0.4066,0.4091,13795200
1999-07-15,0.4125,0.4257,0.4114,0.4114,13704000
1999-07-16,0.4186,0.4234,0.4114,0.4198,10387200
1999-07-19,0.4209,0.4221,0.4066,0.4091,4363200
1999-07-20,0.4091,0.4091,0.3874,0.4018,17875200
1999-07-21,0.397,0.397,0.3779,0.3899,11208000
1999-07-22,0.3874,0.3874,0.3683,0.3719,21326400
1999-07-23,0.3708,0.3827,0.3708,0.3719,8025600
1999-07-26,0.3815,0.3815,0.3731,0.3731,6052800
1999-07-27,0.3731,0.3756,0.3683,0.3742,9859200
1999-07-28,0.3731,0.3851,0.3719,0.3804,24422400
1999-07-29,0.3731,0.3851,0.3708,0.3838,38880000
1999-07-30,0.3838,0.3947,0.3827,0.3851,45230400
1999-08-02,0.3851,0.3899,0.3827,0.3886,31334400
1999-08-03,0.3886,0.3886,0.3756,0.379,25521600
1999-08-04,0.3815,0.3827,0.3779,0.379,8995200
1999-08-05,0.379,0.3851,0.3731,0.3851,24057600
1999-08-06,0.3838,0.3863,0.3827,0.3851,18398400
1999-08-09,0.379,0.3899,0.3779,0.3851,3105600
1999-08-10,0.3874,0.4091,0.3851,0.3922,21206400
1999-08-11,0.3995,0.4234,0.3947,0.4186,19771200
1999-08-12,0.4209,0.4496,0.4186,0.4389,23961600
1999-08-13,0.4353,0.4437,0.4305,0.4341,8467200
1999-08-16,0.4378,0.4378,0.4029,0.4173,22344000
1999-08-17,0.4186,0.4257,0.4077,0.4186,19353600
1999-08-18,0.4138,0.433,0.4054,0.4282,27988800
1999-08-19,0.458,0.543,0.4425,0.5238,196699200
1999-08-20,0.5202,0.5238,0.4952,0.5143,35308800
1999-08-23,0.507,0.507,0.4665,0.4831,50798400
1999-08-24,0.476,0.4856,0.4521,0.4795,39806400
1999-08-25,0.4819,0.4867,0.4592,0.4783,35035200
1999-08-26,0.4783,0.4856,0.464,0.4712,27537600
1999-08-27,0.4808,0.5166,0.4783,0.4974,55238400
1999-08-30,0.5059,0.5154,0.4747,0.4957,15864000
1999-08-31,0.4974,0.5405,0.4879,0.5382,78686400
1999-09-01,0.5382,0.5382,0.5047,0.5129,56534400
1999-09-02,0.4963,0.5095,0.4856,0.507,34108800
1999-09-03,0.5166,0.5238,0.507,0.5106,25886400
1999-09-07,0.5191,0.5191,0.5059,0.5082,12441600
1999-09-08,0.5095,0.5129,0.507,0.507,17006400
1999-09-09,0.5118,0.5154,0.4904,0.4999,20947200
1999-09-10,0.5082,0.5143,0.5047,0.507,16742400
1999-09-13,0.5095,0.5095,0.4856,0.4904,17443200
1999-09-14,0.4904,0.4904,0.4735,0.476,25036800
1999-09-15,0.4699,0.4856,0.4665,0.4795,21273600
1999-09-16,0.4735,0.4783,0.4617,0.4676,15811200
1999-09-17,0.4645,0.4687,0.4496,0.4665,17164800
1999-09-20,0.458,0.464,0.4496,0.4496,22910400
1999-09-21,0.44,0.4425,0.4006,0.4066,73732800
1999-09-22,0.4066,0.4186,0.3827,0.4161,37598400
1999-09-23,0.4173,0.4186,0.3779,0.3815,37958400
1999-09-24,0.3827,0.3922,0.3205,0.3469,68491200
1999-09-27,0.3695,0.3756,0.3469,0.3683,43200000
1999-09-28,0.3689,0.4066,0.3683,0.4018,41318400
1999-09-29,0.4102,0.4257,0.3635,0.3695,59404800
1999-09-30,0.3827,0.3947,0.3635,0.3683,34252800
1999-10-01,0.3624,0.3756,0.3469,0.366,34776000
1999-10-04,0.3779,0.379,0.3683,0.3731,17760000
1999-10-05,0.3731,0.4114,0.3731,0.4091,47808000
1999-10-06,0.4102,0.4783,0.4066,0.458,150873600
1999-10-07,0.4772,0.4772,0.4257,0.4282,48729600
1999-10-08,0.4282,0.4628,0.4114,0.4496,39892800
1999-10-11,0.4533,0.4544,0.4257,0.4378,54446400
1999-10-12,0.44,0.4448,0.4305,0.4316,32299200
1999-10-13,0.4268,0.4268,0.4114,0.4198,28036800
1999-10-14,0.4209,0.4209,0.4066,0.4114,19233600
1999-10-15,0.3911,0.4114,0.3899,0.4091,21072000
1999-10-18,0.4102,0.4102,0.3851,0.3874,21518400
1999-10-19,0.3995,0.3995,0.3647,0.3719,30892800
1999-10-20,0.3779,0.3899,0.3719,0.3851,34872000
1999-10-21,0.3838,0.4029,0.3731,0.4029,38212800
1999-10-22,0.4018,0.4246,0.4018,0.4125,28675200
1999-10-25,0.4102,0.4161,0.3922,0.3922,21384000
1999-10-26,0.4091,0.4448,0.4066,0.4305,48124800
1999-10-27,0.433,0.4353,0.4043,0.4114,21412800
1999-10-28,0.4138,0.4209,0.3899,0.3922,22276800
1999-10-29,0.397,0.4305,0.3947,0.4234,33052800
1999-11-01,0.4161,0.4665,0.4161,0.4496,78254400
1999-11-02,0.458,0.4808,0.4544,0.4783,83750400
1999-11-03,0.4974,0.5382,0.4938,0.525,201168000
1999-11-04,0.5309,0.5728,0.5309,0.5585,126033600
1999-11-05,0.574,0.5788,0.5143,0.5405,61636800
1999-11-08,0.5238,0.5717,0.507,0.556,47001600
1999-11-09,0.5548,0.5573,0.5261,0.5478,27235200
1999-11-10,0.5495,0.5501,0.5321,0.543,14404800
1999-11-11,0.543,0.6099,0.5309,0.5812,56270400
1999-11-12,0.6063,0.6122,0.5717,0.6122,50150400
1999-11-15,0.6165,0.635,0.5908,0.6004,36220800
1999-11-16,0.6147,0.6696,0.6122,0.6578,72379200
1999-11-17,0.6696,0.7175,0.6601,0.6828,78638400
1999-11-18,0.6972,0.7031,0.6792,0.6851,23596800
1999-11-19,0.7678,0.8491,0.7653,0.8204,216518400
1999-11-22,0.8413,0.8418,0.7701,0.8191,54019200
1999-11-23,0.7318,0.7689,0.727,0.7605,55324800
1999-11-24,0.7569,0.7653,0.6804,0.7366,40684800
1999-11-26,0.7295,0.7366,0.7079,0.7318,7176000
1999-11-29,0.7295,0.7391,0.6888,0.7056,29860800
1999-11-30,0.7079,0.72,0.6626,0.6626,31468800
1999-12-01,0.6626,0.7056,0.6626,0.696,22353600
1999-12-02,0.6983,0.7569,0.6983,0.7473,30988800
1999-12-03,0.7546,0.7678,0.72,0.7295,34276800
1999-12-06,0.7318,0.7534,0.7318,0.7498,17860800
1999-12-07,0.7557,0.7569,0.696,0.7247,18638400
1999-12-08,0.7223,0.7642,0.72,0.7569,20169600
1999-12-09,0.7557,0.7749,0.7079,0.7343,21494400
1999-12-10,0.7473,0.751,0.7127,0.7259,9830400
1999-12-13,0.7175,0.7425,0.7079,0.7234,18384000
1999-12-14,0.7247,0.7425,0.7043,0.7115,27388800
1999-12-15,0.7068,0.7104,0.6721,0.6888,20596800
1999-12-16,0.6924,0.7031,0.6817,0.684,13257600
1999-12-17,0.7031,0.7307,0.6995,0.72,26208000
1999-12-20,0.7211,0.7869,0.696,0.7797,40243200
1999-12-21,0.7797,0.8143,0.751,0.8131,38836800
1999-12-22,0.8156,0.8418,0.7844,0.8323,25118400
1999-12-23,0.8334,0.8897,0.83,0.8874,28022400
1999-12-27,0.9065,0.9076,0.8443,0.8539,20241600
1999-12-28,0.8539,0.8849,0.8491,0.8514,17918400
1999-12-29,0.8497,0.8897,0.8491,0.8801,13214400
1999-12-30,0.8801,0.8933,0.8657,0.8874,13977600
1999-12-31,0.8855,0.8992,0.8826,0.8981,12734400
2000-01-03,0.904,0.9113,0.8657,0.8956,30091200
2000-01-04,0.8801,0.8826,0.8275,0.8717,30048000
2000-01-05,0.8466,0.861,0.8371,0.8455,18835200
2000-01-06,0.843,0.843,0.7557,0.7881,12048000
2000-01-07,0.7844,0.8095,0.7726,0.8013,7118400
2000-01-10,0.8036,0.861,0.7892,0.8275,23985600
2000-01-11,0.8227,0.8323,0.794,0.794,14812800
2000-01-12,0.794,0.7951,0.763,0.7737,12355200
2000-01-13,0.7726,0.8131,0.763,0.8061,13219200
2000-01-14,0.8179,0.8742,0.8156,0.8407,60456000
2000-01-18,0.8514,0.8801,0.8131,0.8765,26164800
2000-01-19,0.8801,0.8801,0.861,0.8682,16468800
2000-01-20,0.8753,0.9231,0.8587,0.8657,17956800
2000-01-21,0.8635,0.8669,0.8348,0.8562,54427200
2000-01-24,0.8837,0.8837,0.8131,0.8179,25694400
2000-01-25,0.8216,0.83,0.7844,0.8108,23712000
2000-01-26,0.8108,0.8323,0.763,0.7774,23246400
2000-01-27,0.7833,0.7833,0.7079,0.7366,45820800
2000-01-28,0.727,0.7318,0.6865,0.7152,19444800
2000-01-31,0.7186,0.7343,0.6696,0.7091,18240000
2000-02-01,0.7104,0.7318,0.684,0.7259,9297600
2000-02-02,0.7295,0.7605,0.7259,0.7462,14904000
2000-02-03,0.7701,0.7856,0.7534,0.7582,10824000
2000-02-04,0.7821,0.7821,0.7605,0.776,12369600
2000-02-07,0.7797,0.7797,0.727,0.7282,21748800
2000-02-08,0.7462,0.7892,0.727,0.763,46881600
2000-02-09,0.7917,0.8047,0.7808,0.7821,58905600
2000-02-10,0.83,0.9566,0.83,0.9423,97008000
2000-02-11,0.989,0.9901,0.8874,0.9566,42379200
2000-02-14,0.9589,1.1097,0.9495,1.1097,65011200
2000-02-15,1.1122,1.1133,1.0213,1.0666,45048000
2000-02-16,1.0787,1.1527,1.0666,1.1156,101956800
2000-02-17,1.1097,1.1623,1.1001,1.1552,53577600
2000-02-18,1.1384,1.3058,1.13,1.2892,96086400
2000-02-22,1.2484,1.2652,1.2054,1.2532,54249600
2000-02-23,1.2388,1.2735,1.2233,1.2605,51139200
2000-02-24,1.2675,1.276,1.1958,1.2484,24432000
2000-02-25,1.2495,1.2495,1.1193,1.1707,27873600
2000-02-28,1.1648,1.1767,1.1432,1.1623,51787200
2000-02-29,1.1552,1.2388,1.1552,1.2245,30604800
2000-03-01,1.2245,1.2245,1.1696,1.1887,38356800
2000-03-02,1.1983,1.1983,1.1049,1.1085,19104000
2000-03-03,1.1097,1.1384,1.1001,1.1265,27369600
2000-03-06,1.1336,1.2197,1.1097,1.1193,43209600
2000-03-07,1.4302,1.6693,1.3728,1.5939,195220800
2000-03-08,1.5932,1.6215,1.478,1.6071,66873600
2000-03-09,1.6263,2.0663,1.6215,1.919,95294400
2000-03-10,2.0185,2.7742,2.007,2.2576,216120000
2000-03-13,2.0472,2.8699,2.0472,2.8565,241516800
2000-03-14,2.8393,2.8393,2.0663,2.1065,156777600
2000-03-15,2.2576,2.317,1.9515,2.0204,99561600
2000-03-16,2.0855,2.1582,1.7723,1.8017,75038400
2000-03-17,1.7602,2.0472,1.7598,1.911,55761600
2000-03-20,1.9783,2.0491,1.8488,1.9096,36528000
2000-03-21,1.9133,1.9305,1.6645,1.8153,53664000
2000-03-22,1.8296,1.8846,1.7985,1.8283,23059200
2000-03-23,1.8117,1.9611,1.808,1.8606,30940800
2000-03-24,1.8486,1.9324,1.7219,1.783,23160000
2000-03-27,1.7793,1.8367,1.6502,1.6657,38894400
2000-03-28,1.6083,1.6263,1.5115,1.5413,39331200
2000-03-29,1.5474,1.5832,1.3775,1.4397,46944000
2000-03-30,1.3967,1.5641,1.3488,1.4313,36192000
2000-03-31,1.5291,1.6814,1.5019,1.6163,96297600
2000-04-03,1.6018,1.6071,1.4481,1.49,32995200
2000-04-04,1.5593,1.5953,1.0906,1.4349,51379200
2000-04-05,1.4493,1.8654,1.3752,1.7543,63960000
2000-04-06,1.8356,1.9286,1.7483,1.8356,40459200
2000-04-07,1.8978,2.0089,1.8463,1.963,31857600
2000-04-10,1.9955,2.1122,1.7518,1.7889,39528000
2000-04-11,1.6645,1.8176,1.5306,1.6825,45758400
2000-04-12,1.6848,1.7219,1.5019,1.5078,31344000
2000-04-13,1.5199,1.5737,1.4183,1.4434,31329600
2000-04-14,1.3513,1.4552,1.2532,1.3163,42192000
2000-04-17,1.2054,1.4349,1.2054,1.3835,29409600
2000-04-18,1.5228,1.7171,1.478,1.6288,47750400
2000-04-19,1.68,1.7028,1.5306,1.5509,27835200
2000-04-20,1.5928,1.6226,1.521,1.5427,15393600
2000-04-24,1.4541,1.5187,1.3896,1.4661,20596800
2000-04-25,1.5318,1.6741,1.5283,1.6263,24969600
2000-04-26,1.7399,1.7793,1.6071,1.6096,25411200
2000-04-27,1.5019,1.7579,1.4935,1.7411,28099200
2000-04-28,1.7686,1.8367,1.7053,1.7053,17904000
2000-05-01,1.7698,1.808,1.7183,1.7602,11942400
2000-05-02,1.7602,1.8631,1.6431,1.6921,23400000
2000-05-03,1.6814,1.7363,1.5306,1.6645,32918400
2000-05-04,1.6609,1.7554,1.6465,1.6848,24120000
2000-05-05,1.6777,1.8032,1.655,1.7627,17059200
2000-05-08,1.7171,1.7793,1.6957,1.698,18513600
2000-05-09,1.7267,1.7411,1.6263,1.6741,17683200
2000-05-10,1.6575,1.6586,1.4948,1.5092,27408000
2000-05-11,1.5306,1.6012,1.5103,1.5737,24590400
2000-05-12,1.6167,1.7028,1.5258,1.5258,18782400
2000-05-15,1.5187,1.6575,1.4445,1.6311,28209600
2000-05-16,1.7028,1.8499,1.6837,1.7985,36643200
2000-05-17,1.8941,2.1926,1.893,2.1141,129062400
2000-05-18,2.1256,2.1601,1.9573,1.9707,50990400
2000-05-19,1.9133,2.0185,1.8989,1.9534,52118400
2000-05-22,1.9324,2.0816,1.7613,2.0816,51715200
2000-05-23,2.0281,2.2557,1.9955,2.0644,77856000
2000-05-24,2.0625,2.095,1.765,2.0376,73963200
2000-05-25,2.0682,2.1907,1.984,2.0089,56918400
2000-05-26,2.0185,2.074,1.8941,2.0185,18345600
2000-05-30,2.074,2.1543,2.0644,2.1027,30364800
2000-05-31,2.095,2.2194,2.095,2.1582,46953600
2000-06-01,2.2481,2.2691,2.1888,2.2443,41899200
2000-06-02,2.2921,2.5446,2.2921,2.5178,59217600
2000-06-05,2.514,2.6977,2.4126,2.5714,49190400
2000-06-06,2.581,2.6766,2.4298,2.4432,37588800
2000-06-07,2.426,2.4451,2.2978,2.3342,33235200
2000-06-08,2.3935,2.3973,2.2576,2.3514,46070400
2000-06-09,2.3973,2.5255,2.361,2.4184,46728000
2000-06-12,2.4298,2.4509,2.3016,2.3552,38001600
2000-06-13,2.2883,2.4298,2.2768,2.4279,44784000
2000-06-14,2.4738,2.4872,2.3935,2.426,27508800
2000-06-15,2.4184,2.4891,2.2883,2.4891,33859200
2000-06-16,2.4815,2.8699,2.4796,2.8661,98784000
2000-06-19,2.8584,3.2774,2.7857,3.044,105216000
2000-06-20,3.0976,3.1339,2.9655,3.0038,61027200
2000-06-21,2.9579,3.3673,2.9579,3.308,61488000
2000-06-22,3.2946,3.3635,3.0976,3.1282,61435200
2000-06-23,3.044,3.0823,2.8316,2.8335,60739200
2000-06-26,2.889,3.1932,2.8431,3.1741,61828800
2000-06-27,3.1473,3.2001,2.6426,2.7264,30230400
2000-06-28,2.7838,2.889,2.5446,2.6212,58660800
2000-06-29,2.5756,2.5756,2.2002,2.2435,118488000
2000-06-30,2.3487,2.4731,2.2339,2.4321,120919200
2000-07-03,2.449,2.5255,2.315,2.3391,23268000
2000-07-05,2.3296,2.3342,2.0185,2.0877,77793600
2000-07-06,2.0904,2.2913,2.0399,2.2148,60393600
2000-07-07,2.2959,2.3342,2.1811,2.2266,34656000
2000-07-10,2.1884,2.3965,2.167,2.3414,35126400
2000-07-11,2.3105,2.6499,2.284,2.5305,75530400
2000-07-12,2.6357,2.7337,2.5519,2.602,38815200
2000-07-13,2.6571,2.8603,2.6522,2.8462,45873600
2000-07-14,2.9036,2.9583,2.7551,2.8244,28020000
2000-07-17,2.8676,2.8699,2.7838,2.7934,10555200
2000-07-18,2.6403,2.8699,2.6403,2.7383,18367200
2000-07-19,2.6403,2.6594,2.5087,2.5638,18950400
2000-07-20,2.5615,2.6977,2.5542,2.633,14299200
2000-07-21,2.6403,2.7168,2.602,2.6667,25192800
2000-07-24,2.669,2.6881,2.3342,2.382,28111200
2000-07-25,2.4777,2.4968,2.3437,2.3487,33530400
2000-07-26,2.3487,2.3487,2.1096,2.1738,38006400
2000-07-27,2.1046,2.1333,1.9898,2.0185,33156000
2000-07-28,2.0281,2.2171,1.9133,2.0663,51266400
2000-07-31,2.1811,2.3009,2.0663,2.2959,37123200
2000-08-01,2.2959,2.315,2.2339,2.2504,35061600
2000-08-02,2.2194,2.333,2.1834,2.2959,34543200
2000-08-03,2.0663,2.449,2.0663,2.3965,36866400
2000-08-04,2.4539,2.4872,2.4011,2.4394,19478400
2000-08-07,2.4562,2.6522,2.4467,2.6307,24693600
2000-08-08,2.5733,2.7168,2.5638,2.5733,12811200
2000-08-09,2.607,2.6235,2.4608,2.4968,13624800
2000-08-10,2.4394,2.5829,2.3916,2.5255,15643200
2000-08-11,2.5305,2.5496,2.3487,2.4658,13192800
2000-08-14,2.4968,2.5209,2.4107,2.4895,10857600
2000-08-15,2.5018,2.7742,2.4945,2.7245,44332800
2000-08-16,2.8722,2.8722,2.7601,2.7934,26623200
2000-08-17,2.7551,2.8603,2.7455,2.8462,12981600
2000-08-18,2.8339,2.9801,2.8293,2.9464,20472000
2000-08-21,3.0539,3.1067,2.9464,2.992,46447200
2000-08-22,2.8366,2.8986,2.6835,2.7096,65887200
2000-08-23,2.6667,2.8722,2.6116,2.8676,35280000
2000-08-24,2.8508,2.9728,2.7983,2.9441,33261600
2000-08-25,2.9131,2.9751,2.8557,2.8699,15304800
2000-08-28,2.8844,3.0229,2.8508,2.9847,18926400
2000-08-29,2.9965,3.0038,2.9464,2.9774,14937600
2000-08-30,2.9441,3.0444,2.9131,3.0038,17808000
2000-08-31,3.0494,3.1569,2.9897,3.0375,38889600
2000-09-01,3.0995,3.1282,3.0088,3.0421,20414400
2000-09-05,3.114,3.1163,3.0252,3.0471,24614400
2000-09-06,3.0589,3.0589,2.8125,2.8366,23013600
2000-09-07,2.8795,2.9942,2.7601,2.9897,23976000
2000-09-08,2.956,3.0229,2.8029,2.8125,22264800
2000-09-11,2.7765,2.7934,2.5925,2.6977,28588800
2000-09-12,2.7,2.8412,2.6403,2.6809,12597600
2000-09-13,2.674,2.7241,2.6166,2.6797,23997600
2000-09-14,2.6931,2.8125,2.6212,2.6548,21633600
2000-09-15,2.6403,2.7505,2.6212,2.7126,24259200
2000-09-18,2.7191,2.736,2.5255,2.5542,16348800
2000-09-19,2.4371,2.6403,2.4107,2.633,30110400
2000-09-20,2.5615,2.6116,2.5064,2.5469,22756800
2000-09-21,2.5661,2.7145,2.5638,2.6564,34682400
2000-09-22,2.3939,2.736,2.3916,2.7027,38726400
2000-09-25,2.7861,2.9369,2.7647,2.8963,46756800
2000-09-26,2.9273,2.9992,2.7934,2.9655,33734400
2000-09-27,2.9418,3.2671,2.9418,3.1282,67612800
2000-09-28,3.0995,3.243,3.0229,3.2238,33381600
2000-09-29,3.1332,3.243,3.0803,3.1332,37387200
2000-10-02,3.176,3.3004,2.9801,3.0589,34058400
2000-10-03,3.0758,3.0995,2.8699,2.894,30026400
2000-10-04,2.8175,2.9082,2.7792,2.8603,41956800
2000-10-05,2.8817,2.8817,2.7337,2.7934,52504800
2000-10-06,2.8006,2.8198,2.5806,2.6189,102717600
2000-10-09,2.5519,2.7168,2.3724,2.6763,66525600
2000-10-10,2.5638,2.6931,2.449,2.4731,41594400
2000-10-11,2.3223,2.6307,2.2289,2.4945,53577600
2000-10-12,2.5496,2.6977,2.3724,2.3965,40161600
2000-10-13,2.413,2.5638,2.3874,2.4922,57897600
2000-10-16,2.4922,2.4922,2.3774,2.4348,33921600
2000-10-17,2.4252,2.4348,2.2312,2.2576,46324800
2000-10-18,2.1119,2.351,2.0112,2.2217,41695200
2000-10-19,2.3652,2.4681,2.3296,2.4371,29488800
2000-10-20,2.3797,2.7264,2.3629,2.6644,38736000
2000-10-23,2.6858,2.7027,2.5209,2.6043,18211200
2000-10-24,2.5925,2.6357,2.5113,2.5209,19396800
2000-10-25,2.4513,2.4872,2.284,2.3009,38551200
2000-10-26,2.315,2.4872,2.1524,2.3988,26577600
2000-10-27,2.4011,2.4604,2.2576,2.3437,21096000
2000-10-30,2.3055,2.3575,2.1765,2.1788,19212000
2000-10-31,2.2649,2.4157,2.1957,2.3778,29925600
2000-11-01,2.32,2.4107,2.2385,2.3774,30453600
2000-11-02,2.4608,2.6212,2.4203,2.5592,19288800
2000-11-03,2.5255,2.7742,2.5064,2.7264,26863200
2000-11-06,2.7911,3.0612,2.7742,2.9369,63504000
2000-11-07,2.889,2.889,2.6403,2.7383,25824000
2000-11-08,2.7696,2.7696,2.6166,2.6571,18708000
2000-11-09,2.4968,2.6212,2.2626,2.3797,56452800
2000-11-10,2.4608,2.5829,2.1907,2.2504,80524800
2000-11-13,2.1383,2.5064,2.0663,2.2599,53004000
2000-11-14,2.4107,2.6931,2.3916,2.674,47073600
2000-11-15,2.6261,2.7096,2.5182,2.6384,42386400
2000-11-16,2.5638,2.6307,2.449,2.4731,23553600
2000-11-17,2.4922,2.6189,2.3437,2.4252,17877600
2000-11-20,2.3353,2.3365,2.2121,2.2385,29875200
2000-11-21,2.3342,2.3533,2.0809,2.1957,38251200
2000-11-22,2.1046,2.1715,1.9898,2.0809,40975200
2000-11-24,2.1046,2.2818,2.1046,2.2002,16507200
2000-11-27,2.3583,2.3724,2.0384,2.126,36386400
2000-11-28,2.1585,2.1811,1.9205,1.9676,38234400
2000-11-29,1.9971,1.9994,1.6982,1.8463,63640800
2000-11-30,1.6886,1.6886,1.3921,1.5497,98162400
2000-12-01,1.6454,1.8654,1.6358,1.7028,78408000
2000-12-04,1.7135,1.7698,1.5976,1.7292,47426400
2000-12-05,1.8513,1.9182,1.6791,1.8417,99722400
2000-12-06,1.8057,1.8559,1.5689,1.5784,95092800
2000-12-07,1.5019,1.6335,1.4208,1.5497,78518400
2000-12-08,1.7101,1.9133,1.5505,1.9037,85339200
2000-12-11,1.8417,1.942,1.7939,1.9037,75763200
2000-12-12,1.8559,1.8895,1.7889,1.8513,40951200
2000-12-13,1.844,1.875,1.6741,1.7078,67507200
2000-12-14,1.6955,1.7101,1.5497,1.5903,56901600
2000-12-15,1.49,1.5834,1.4254,1.4326,109442400
2000-12-18,1.4923,1.5306,1.4591,1.4797,65887200
2000-12-19,1.5019,1.6358,1.3393,1.368,94620000
2000-12-20,1.2987,1.4877,1.1529,1.2199,110539200
2000-12-21,1.2031,1.368,1.0523,1.0668,84525600
2000-12-22,1.1529,1.4636,1.1529,1.3416,94908000
2000-12-26,1.3584,1.373,1.2008,1.2869,34382400
2000-12-27,1.2723,1.4254,1.2199,1.373,33945600
2000-12-28,1.3179,1.4158,1.2964,1.3798,41923200
2000-12-29,1.3775,1.4231,1.2245,1.2539,49516800
2001-01-02,1.2628,1.2796,1.1407,1.1457,29080800
2001-01-03,1.1097,1.5092,1.081,1.4973,91036800
2001-01-04,1.4709,1.7078,1.4304,1.6695,81544800
2001-01-05,1.655,1.6622,1.3871,1.4193,43276800
2001-01-08,1.3798,1.6167,1.3798,1.5547,57376800
2001-01-09,1.5761,1.6167,1.4996,1.5857,30290400
2001-01-10,1.5042,1.7028,1.4686,1.6955,39292800
2001-01-11,1.655,1.9087,1.6263,1.8367,44764800
2001-01-12,1.8677,1.9802,1.7793,1.7985,66900000
2001-01-16,1.808,1.808,1.6286,1.6573,41498400
2001-01-17,1.7843,1.8367,1.7101,1.7173,59258400
2001-01-18,1.7173,2.095,1.6791,2.0464,94816800
2001-01-19,2.1046,2.1811,1.9611,1.9921,101870400
2001-01-22,1.9324,2.0089,1.8582,1.9133,37771200
2001-01-23,1.8895,2.1428,1.88,2.1038,43363200
2001-01-24,2.1023,2.1237,1.973,2.095,45172800
2001-01-25,2.0235,2.0281,1.8417,1.8846,44001600
2001-01-26,1.7793,1.9672,1.7663,1.9443,25924800
2001-01-29,1.8846,1.9565,1.8176,1.9538,35416800
2001-01-30,1.9852,2.0388,1.9469,1.9971,24372000
2001-01-31,1.9994,2.0759,1.9324,1.9756,35834400
2001-02-01,1.9756,1.9994,1.8895,1.9856,37185600
2001-02-02,1.9875,2.033,1.7793,1.7939,32052000
2001-02-05,1.7912,1.8034,1.686,1.7912,36758400
2001-02-06,1.7579,1.8367,1.7537,1.8008,25044000
2001-02-07,1.7889,1.8034,1.6217,1.7173,72038400
2001-02-08,1.7269,1.8249,1.7005,1.7078,38428800
2001-02-09,1.6932,1.7051,1.6335,1.6955,25960800
2001-02-12,1.6764,1.6955,1.5689,1.6504,35433600
2001-02-13,1.6814,1.7793,1.6622,1.7005,46773600
2001-02-14,1.6791,1.875,1.6071,1.8249,69088800
2001-02-15,2.0759,2.1957,2.0617,2.1597,110851200
2001-02-16,2.0495,2.3342,2.0472,2.2768,108117600
2001-02-20,2.2194,2.2672,2.0472,2.0495,70130400
2001-02-21,1.973,2.2289,1.9515,2.1428,64651200
2001-02-22,2.131,2.2959,2.0663,2.2339,81530400
2001-02-23,2.2217,2.2576,2.0089,2.0793,103466400
2001-02-26,2.0185,2.0759,1.9443,2.033,75182400
2001-02-27,1.9825,2.0617,1.8991,1.911,53383200
2001-02-28,1.8964,2.0089,1.6741,1.7101,78405600
2001-03-01,1.6886,1.875,1.5306,1.8451,91528800
2001-03-02,1.7124,1.8344,1.6454,1.6676,141350400
2001-03-05,1.6025,1.7269,1.593,1.6837,74229600
2001-03-06,1.7698,1.906,1.7399,1.8463,83440800
2001-03-07,1.8869,1.9994,1.8536,1.9948,93828000
2001-03-08,1.9374,2.0832,1.9374,2.0617,82934400
2001-03-09,1.9538,1.9634,1.7365,1.9156,121677600
2001-03-12,1.8513,1.9374,1.7652,1.8463,76214400
2001-03-13,1.8704,2.095,1.8608,2.0663,108235200
2001-03-14,1.973,2.1907,1.973,2.1834,135112800
2001-03-15,2.3173,2.4386,2.2339,2.2913,187598400
2001-03-16,2.2553,2.3437,2.1884,2.2818,122520000
2001-03-19,2.2695,2.4298,2.1459,2.413,94389600
2001-03-20,2.3843,2.5351,2.162,2.1884,199056000
2001-03-21,2.193,2.4157,2.1811,2.351,187735200
2001-03-22,2.3724,2.5974,2.3533,2.5879,169776000
2001-03-23,2.6357,2.6835,2.4348,2.5638,150967200
2001-03-26,2.5638,2.7168,2.5638,2.7027,154296000
2001-03-27,2.6499,2.7432,2.4922,2.6043,170215200
2001-03-28,2.5328,2.674,2.5255,2.6062,143328000
2001-03-29,2.5837,2.736,2.5305,2.6453,163296000
2001-03-30,2.6261,2.6763,2.4681,2.4842,142317600
2001-04-02,2.4777,2.5374,2.3487,2.3797,126516000
2001-04-03,2.3437,2.5232,2.3414,2.4585,199161600
2001-04-04,2.3652,2.3701,2.059,2.2052,336247200
2001-04-05,2.351,2.4467,2.2863,2.4084,172476000
2001-04-06,2.3774,2.5255,2.3365,2.3988,154766400
2001-04-09,2.4451,2.5045,2.2443,2.2821,109716000
2001-04-10,2.3369,2.5714,2.3154,2.4976,118641600
2001-04-11,2.6514,2.7474,2.5752,2.6483,142687200
2001-04-12,2.5994,2.8029,2.5496,2.6881,144026400
2001-04-16,2.6403,2.6958,2.5745,2.6227,76411200
2001-04-17,2.584,2.7723,2.5829,2.7513,111244800
2001-04-18,2.8672,3.2296,2.8672,2.9564,230186400
2001-04-19,2.9732,3.2613,2.9598,3.2104,163226400
2001-04-20,3.1718,3.4435,3.088,3.3275,177384000
2001-04-23,3.2552,3.2583,3.1186,3.1519,123900000
2001-04-24,3.1431,3.3784,2.8795,2.9288,182832000
2001-04-25,2.9365,3.168,2.9254,3.0635,142372800
2001-04-26,3.1301,3.1301,2.7934,2.8221,148600800
2001-04-27,2.9311,3.0356,2.8741,3.0229,91567200
2001-04-30,3.1052,3.3654,3.0394,3.1875,158328000
2001-05-01,3.199,3.4936,3.1473,3.4852,186736800
2001-05-02,3.5759,3.5759,3.3597,3.4052,154778400
2001-05-03,3.3023,3.4056,3.2816,3.3903,96050400
2001-05-04,3.2908,3.4909,3.2755,3.437,95352000
2001-05-07,3.424,3.6161,3.3838,3.5912,97560000
2001-05-08,3.6444,3.6459,3.3008,3.3314,162014400
2001-05-09,3.2254,3.2954,3.153,3.1752,131904000
2001-05-10,3.2671,3.3057,3.0306,3.0685,99890400
2001-05-11,3.0608,3.0803,2.9288,2.99,92121600
2001-05-14,2.9988,3.0513,2.8909,3.0157,70243200
2001-05-15,3.0421,3.2525,3.0076,3.124,124260000
2001-05-16,3.0524,3.2908,3.0329,3.2713,95709600
2001-05-17,3.282,3.4247,3.2315,3.3291,91905600
2001-05-18,3.318,3.4056,3.2372,3.3023,57583200
2001-05-21,3.295,3.5204,3.2288,3.4515,106468800
2001-05-22,3.502,3.5893,3.3673,3.5548,104997600
2001-05-23,3.6945,3.8265,3.4821,3.5246,224491200
2001-05-24,3.5013,3.6673,3.396,3.5766,168057600
2001-05-25,3.5047,3.5567,3.4439,3.5089,94795200
2001-05-29,3.489,3.4898,3.3176,3.365,92056800
2001-05-30,3.2858,3.4527,3.2678,3.3023,330890400
2001-05-31,3.3287,3.3482,3.2051,3.2759,126292800
2001-06-01,3.2985,3.4852,3.2793,3.4573,102247200
2001-06-04,3.4596,3.4779,3.3582,3.4037,62155200
2001-06-05,3.3999,3.618,3.3941,3.5824,98716800
2001-06-06,3.5958,3.6448,3.5434,3.5977,69897600
2001-06-07,3.5659,3.8112,3.5395,3.8009,114115200
2001-06-08,3.7894,3.7951,3.6627,3.7022,71268000
2001-06-11,3.7075,3.7117,3.5365,3.5939,58192800
2001-06-12,3.5185,3.7672,3.5108,3.7136,110272800
2001-06-13,3.7408,3.7974,3.5567,3.5889,93871200
2001-06-14,3.5426,3.6425,3.4917,3.5812,94615200
2001-06-15,3.5395,3.7002,3.4737,3.6371,109454400
2001-06-18,3.6279,3.6868,3.4534,3.4932,85665600
2001-06-19,3.559,3.6421,3.2315,3.3023,151312800
2001-06-20,3.2414,3.4821,3.1741,3.4442,175920000
2001-06-21,3.4305,3.5701,3.3386,3.5093,148456800
2001-06-22,3.4917,3.5851,3.4477,3.4936,76118400
2001-06-25,3.5326,3.5472,3.3849,3.4867,64003200
2001-06-26,3.4094,3.6046,3.396,3.5874,75792000
2001-06-27,3.5701,3.5778,3.4155,3.4764,89575200
2001-06-28,3.5231,3.5682,3.4821,3.5173,90933600
2001-06-29,3.53,3.6046,3.4902,3.5491,73092000
2001-07-02,3.4087,3.4374,3.3405,3.3914,104001600
2001-07-03,3.3685,3.4706,3.3513,3.4351,40629600
2001-07-05,3.4075,3.4152,3.1817,3.186,102009600
2001-07-06,3.153,3.1626,3.0268,3.088,80282400
2001-07-09,3.0478,3.1217,2.9579,2.987,101407200
2001-07-10,3.0268,3.067,2.9751,3.0115,122174400
2001-07-11,3,3.0539,2.9127,3.0057,90463200
2001-07-12,3.1473,3.1856,3.0708,3.1634,98155200
2001-07-13,3.14,3.1745,3.0325,3.0979,69014400
2001-07-16,3.0631,3.0995,2.8335,2.8488,119169600
2001-07-17,2.801,3.036,2.7742,3.008,116990400
2001-07-18,2.9365,3.0176,2.8423,2.9039,84098400
2001-07-19,2.946,3.0735,2.9009,2.9506,84002400
2001-07-20,2.8772,2.9426,2.7742,2.8657,74246400
2001-07-23,2.8703,2.8737,2.5909,2.5944,154797600
2001-07-24,2.6292,2.7723,2.5737,2.77,136531200
2001-07-25,2.765,2.7704,2.651,2.7432,124588800
2001-07-26,2.7172,3.0421,2.7034,3.0229,171415200
2001-07-27,3.0172,3.1328,2.9273,3.0995,109468800
2001-07-30,3.1033,3.1159,2.9923,3.0256,58228800
2001-07-31,3.0298,3.109,2.9196,3.0957,118776000
2001-08-01,3.1565,3.3008,3.1347,3.2847,120494400
2001-08-02,3.3264,3.3746,3.2139,3.3627,109792800
2001-08-03,3.3291,3.388,3.2663,3.3405,82034400
2001-08-06,3.3126,3.4714,3.277,3.4374,129256800
2001-08-07,3.4366,3.4534,3.3463,3.3865,108861600
2001-08-08,3.357,3.4439,3.2854,3.3004,112569600
2001-08-09,3.2851,3.3497,3.1837,3.2426,164361600
2001-08-10,3.2411,3.2832,3.1416,3.2388,103648800
2001-08-13,3.2942,3.4113,3.2453,3.3746,151478400
2001-08-14,3.3134,3.3348,3.2434,3.2851,232116000
2001-08-15,3.3593,3.3987,3.2598,3.2889,181639200
2001-08-16,3.2284,3.4324,3.2154,3.4274,102609600
2001-08-17,3.3405,3.3842,3.1783,3.2055,166884000
2001-08-20,3.1852,3.2177,3.0857,3.1833,118332000
2001-08-21,3.1913,3.2755,3.1113,3.1163,118665600
2001-08-22,3.1714,3.2479,3.0708,3.2445,149810400
2001-08-23,3.2334,3.2751,3.1569,3.1726,101359200
2001-08-24,3.2066,3.3287,3.1879,3.2633,111093600
2001-08-27,3.1902,3.4194,3.1779,3.3761,127960800
2001-08-28,3.367,3.442,3.3061,3.3321,117876000
2001-08-29,3.3413,3.3624,3.1971,3.225,143580000
2001-08-30,3.1645,3.2372,3.0899,3.2147,143131200
2001-08-31,3.1932,3.2709,3.1511,3.2414,88790400
2001-09-04,3.2326,3.2326,2.9935,3.0161,185613600
2001-09-05,3.0134,3.1033,2.8909,3.0803,239558400
2001-09-06,3.0195,3.1148,2.9407,2.9545,195076800
2001-09-07,2.9082,3.0306,2.8928,2.9854,197025600
2001-09-10,2.9602,3.0057,2.8389,2.899,187236000
2001-09-17,2.7184,2.7849,2.5883,2.6013,56929800
2001-09-18,2.6518,2.6709,2.3854,2.4444,44718600
2001-09-19,2.4865,2.4865,2.0709,2.4145,78095400
2001-09-20,2.3686,2.3686,2.1428,2.2102,73534800
2001-09-21,2.1643,2.1643,1.9906,2.064,122630400
2001-09-24,2.2278,2.3296,2.1291,2.2959,150750000
2001-09-25,2.3028,2.4023,2.1995,2.2064,94172400
2001-09-26,2.2347,2.2423,2.1046,2.1268,43081200
2001-09-27,2.1191,2.1428,1.9523,2.0089,90729600
2001-09-28,2.0663,2.2048,1.9783,2.1023,104487600
2001-10-01,2.1008,2.1352,1.8903,1.924,97280400
2001-10-02,1.9209,1.9974,1.7342,1.8275,112303200
2001-10-03,2.3028,2.3028,1.8184,2.1872,179882400
2001-10-04,2.5867,2.5867,2.224,2.4712,198057600
2001-10-05,2.5783,2.5783,2.3411,2.5178,107821200
2001-10-08,2.6701,2.6701,2.4184,2.5745,76590000
2001-10-09,2.5814,2.6326,2.3893,2.4627,91755600
2001-10-10,2.4191,2.6403,2.4031,2.6212,96812400
2001-10-11,2.7612,2.9127,2.7467,2.9051,91800000
2001-10-12,2.8316,3.0995,2.8217,3.0941,125310000
2001-10-15,3.0038,3.176,2.9196,3.0803,90856800
2001-10-16,3.0765,3.4148,3.013,3.3903,138385200
2001-10-17,3.4653,3.4668,3.176,3.1913,169554000
2001-10-18,3.1913,3.3574,3.1837,3.326,102086400
2001-10-19,3.2786,3.4439,3.2372,3.3941,105926400
2001-10-22,3.3704,3.5204,3.2946,3.4752,97082400
2001-10-23,3.5196,3.5824,3.3367,3.414,95302800
2001-10-24,3.352,3.5732,3.3138,3.5648,121214400
2001-10-25,3.4821,3.8372,3.4286,3.7737,115239600
2001-10-26,3.7477,3.8602,3.4821,3.5043,109712400
2001-10-29,3.5166,3.5778,3.2158,3.2196,100479600
2001-10-30,3.3627,3.3627,3.088,3.2143,115338000
2001-10-31,3.3344,3.4247,3.2334,3.2801,98929200
2001-11-01,3.3222,3.587,3.2717,3.5602,109377600
2001-11-02,3.5441,3.6536,3.4133,3.6099,108724800
2001-11-05,3.6727,3.7729,3.6,3.6229,93345600
2001-11-06,3.6161,3.8885,3.5969,3.8717,141537600
2001-11-07,3.8418,4.024,3.8196,3.8747,141914400
2001-11-08,3.9229,3.975,3.6926,3.8074,191518800
2001-11-09,3.9757,4.0745,3.9023,4.0714,227048400
2001-11-12,4.0561,4.2849,3.9321,4.1809,145863600
2001-11-13,4.1939,4.1946,4.0867,4.1464,144651600
2001-11-14,4.177,4.2168,3.9184,4.0309,115022400
2001-11-15,3.9849,4.1074,3.9344,4.0523,87494400
2001-11-16,4.0561,4.099,3.9627,4.0171,49612800
2001-11-19,4.0569,4.0944,3.7117,3.9291,194305200
2001-11-20,3.9482,4.0171,3.7752,3.8189,93788400
2001-11-21,3.8701,3.8701,3.6581,3.7699,72841200
2001-11-23,3.8265,3.8265,3.7194,3.8227,25401600
2001-11-26,3.887,4.1013,3.8763,4.0959,121578000
2001-11-27,4.0936,4.2321,4.0178,4.1395,118399200
2001-11-28,4.1548,4.1548,3.9214,3.9306,74084400
2001-11-29,4.2161,4.2375,4.0867,4.1028,513547200
2001-11-30,4.1013,4.2115,4.0408,4.1816,103402800
2001-12-03,4.1449,4.1449,4.0446,4.1181,85149600
2001-12-04,4.1388,4.4541,4.1388,4.4495,138464400
2001-12-05,4.4847,4.8176,4.4808,4.8084,170703600
2001-12-06,4.7831,4.7831,4.6125,4.7326,113894400
2001-12-07,4.6974,4.7403,4.5061,4.588,80703600
2001-12-10,4.565,4.7388,4.5268,4.6339,69586800
2001-12-11,4.715,4.9094,4.6683,4.8,79225200
2001-12-12,4.8367,4.9515,4.7433,4.9492,100462800
2001-12-13,4.852,4.914,4.7885,4.8069,88140000
2001-12-14,4.8061,5.0472,4.7839,5.0234,75468000
2001-12-17,4.9852,5.2768,4.9852,5.2041,108096000
2001-12-18,5.09,5.162,5.0273,5.0701,88696800
2001-12-19,4.9867,5.0885,4.9125,4.9316,85465200
2001-12-20,4.9515,5.0411,4.7196,4.7372,95122800
2001-12-21,4.8405,4.9745,4.7847,4.9423,72397200
2001-12-24,4.94,5.0908,4.9377,5.0655,26530800
2001-12-26,5.0908,5.276,5.09,5.1895,64215600
2001-12-27,5.2347,5.3334,5.227,5.3097,73015200
2001-12-28,5.3411,5.3763,5.1306,5.1819,75768000
2001-12-31,5.2201,5.25,5.1084,5.1199,73758000
2002-01-02,5.1428,5.2385,5.0127,5.1505,129890400
2002-01-03,5.5102,5.5102,5.1581,5.488,141475200
2002-01-04,5.5607,5.5607,5.2347,5.328,93628800
2002-01-07,5.3495,5.3571,5.113,5.1849,97306800
2002-01-08,5.1742,5.3709,5.1566,5.2462,77436000
2002-01-09,5.3189,5.4145,5.1007,5.1742,114118800
2002-01-10,5.1467,5.2171,5.0051,5.0502,99250800
2002-01-11,5.0839,5.0854,4.8069,4.8268,138085200
2002-01-14,4.8161,4.8497,4.5735,4.5735,136956000
2002-01-15,4.764,5.0036,4.7594,5.0005,183880800
2002-01-16,4.9324,4.9645,4.787,4.8053,111538800
2002-01-17,4.9645,4.9745,4.7847,4.9737,112154400
2002-01-18,4.7862,4.9171,4.7831,4.8826,80367600
2002-01-22,4.9286,4.9416,4.7051,4.7602,108502800
2002-01-23,4.8842,4.8842,4.7081,4.8497,88916400
2002-01-24,4.8979,5.074,4.7946,5.0234,113768400
2002-01-25,4.9515,5.1352,4.8903,5.0104,81775200
2002-01-28,5.1084,5.2041,5.0579,5.2033,92428800
2002-01-29,5.2155,5.2308,4.8673,4.9484,138193200
2002-01-30,4.9745,5.012,4.8558,5.0081,121845600
2002-01-31,5.0732,5.1122,4.8635,5.0311,97398000
2002-02-01,5.0763,5.0763,4.8796,4.9079,68827200
2002-02-04,4.8972,5.0166,4.6691,4.6768,110486400
2002-02-05,4.6454,4.686,4.4487,4.6308,147462000
2002-02-06,4.7541,4.8283,4.6607,4.7464,124252800
2002-02-07,4.7525,4.7877,4.5704,4.5926,96447600
2002-02-08,4.6232,4.6492,4.2428,4.4173,187129200
2002-02-11,4.4104,4.6683,4.3944,4.6615,124922400
2002-02-12,4.5911,4.8482,4.5382,4.7602,121650000
2002-02-13,4.8214,4.9025,4.653,4.699,123043200
2002-02-14,4.7388,4.8558,4.6791,4.7571,122569200
2002-02-15,4.5382,4.565,4.3431,4.389,398854800
2002-02-19,4.2015,4.2451,4.0645,4.0982,197252400
2002-02-20,4.3584,4.3584,4.0178,4.3125,183873600
2002-02-21,4.2536,4.2551,4.0125,4.0178,153104400
2002-02-22,3.9375,3.9834,3.7691,3.8204,258561600
2002-02-25,3.838,4.1495,3.8372,4.1196,159956400
2002-02-26,4.2099,4.2819,4.0982,4.2092,190267200
2002-02-27,4.3048,4.3232,4.0561,4.0676,172322400
2002-02-28,4.0408,4.1135,3.8694,3.9038,158544000
2002-03-01,3.9413,4.2857,3.9298,4.2811,131139600
2002-03-04,4.2941,4.5689,4.2528,4.5199,148472400
2002-03-05,4.4502,4.6293,4.4464,4.5084,137944800
2002-03-06,4.3737,4.4181,4.2727,4.3668,144606000
2002-03-07,4.4288,4.4433,4.2107,4.3316,134653200
2002-03-08,4.4143,4.5528,4.3928,4.461,127035600
2002-03-11,4.412,4.461,4.3354,4.4089,81054000
2002-03-12,4.2742,4.2972,4.1479,4.1778,125503200
2002-03-13,4.1388,4.1686,4.0867,4.102,103161600
2002-03-14,4.0852,4.0852,3.8663,3.8747,113946000
2002-03-15,3.9023,4.0431,3.828,4.0385,124828800
2002-03-18,4.112,4.2007,3.9926,4.0385,123699600
2002-03-19,4.0676,4.0752,3.9291,3.9528,84607200
2002-03-20,3.8877,3.8954,3.5472,3.5602,229258800
2002-03-21,3.6206,3.7921,3.525,3.7492,172171200
2002-03-22,3.8166,3.8166,3.6888,3.7171,124914000
2002-03-25,3.6995,3.7041,3.5204,3.525,88416000
2002-03-26,3.4883,3.6872,3.4684,3.5969,112351200
2002-03-27,3.5418,3.6138,3.4209,3.4821,106801200
2002-03-28,3.5059,3.528,3.2043,3.3949,312408000
2002-04-01,3.2066,3.365,3.1041,3.339,236534400
2002-04-02,3.2388,3.4201,3.2326,3.2518,143800800
2002-04-03,3.2663,3.3551,3.199,3.313,109464000
2002-04-04,3.2877,3.4094,3.2426,3.2969,113096400
2002-04-05,3.3184,3.3719,3.1883,3.2219,102690000
2002-04-08,3.0727,3.3298,3.0719,3.3298,115131600
2002-04-09,3.3627,3.3903,3.1117,3.1194,138076800
2002-04-10,3.1446,3.1684,2.7245,2.9472,368972400
2002-04-11,2.9235,2.9617,2.7857,2.8178,143728800
2002-04-12,2.8806,2.9036,2.7199,2.8071,137688000
2002-04-15,2.8615,2.9686,2.8546,2.9204,115720800
2002-04-16,3.0513,3.0826,2.9877,3.0474,85485600
2002-04-17,3.0834,3.1286,2.987,3.0834,94448400
2002-04-18,3.052,3.0849,2.9655,3.0321,69315600
2002-04-19,2.9296,2.9655,2.8217,2.8255,112567200
2002-04-22,2.7941,2.8967,2.7934,2.8393,80817600
2002-04-23,2.8615,2.8944,2.6992,2.7245,77350800
2002-04-24,2.7559,2.7964,2.4788,2.4857,158295600
2002-04-25,2.4758,2.6319,2.475,2.5821,116829600
2002-04-26,2.6104,2.6135,2.3242,2.3242,119112000
2002-04-29,2.5997,2.7505,2.5117,2.7115,393085200
2002-04-30,2.7758,2.8125,2.6059,2.664,177650400
2002-05-01,2.6204,2.7497,2.5523,2.7122,171890400
2002-05-02,2.7252,2.7926,2.602,2.6028,112508400
2002-05-03,2.6059,2.6258,2.4934,2.5064,85275600
2002-05-06,2.4413,2.5561,2.3908,2.4107,110204400
2002-05-07,2.4643,2.5156,2.3502,2.4712,141244800
2002-05-08,2.6395,2.7979,2.5561,2.7551,168868800
2002-05-09,2.7467,2.8041,2.6326,2.6372,123084000
2002-05-10,2.6916,2.7015,2.4107,2.4398,132154800
2002-05-13,2.465,2.5959,2.4444,2.5875,80089200
2002-05-14,2.7528,2.8737,2.7053,2.8446,152611200
2002-05-15,2.8569,2.9541,2.762,2.9005,150454800
2002-05-16,2.9013,2.9655,2.8431,2.9059,98556000
2002-05-17,2.9847,3.0061,2.9104,2.9977,93440400
2002-05-20,2.9724,3.0497,2.9587,3.0298,95341200
2002-05-21,3.0689,3.111,2.7957,2.7987,138260400
2002-05-22,2.8209,2.9296,2.8163,2.912,154798800
2002-05-23,2.9204,2.9265,2.6479,2.7344,255678000
2002-05-24,2.6824,2.6962,2.6189,2.6809,73778400
2002-05-28,2.7046,2.7061,2.5209,2.5745,136708800
2002-05-29,2.5332,2.6824,2.4941,2.6717,131101200
2002-05-30,2.6173,2.6962,2.5661,2.6326,106608000
2002-05-31,2.6479,2.6594,2.5561,2.5607,67411200
2002-06-03,2.4987,2.5102,2.3793,2.4107,90124800
2002-06-04,2.3946,2.5446,2.3908,2.5316,109543200
2002-06-05,2.537,2.5377,2.4069,2.4949,111430800
2002-06-06,2.4689,2.5293,2.4681,2.4957,73935600
2002-06-07,2.2928,2.5025,2.2921,2.4719,137130000
2002-06-10,2.5048,2.5752,2.4459,2.4513,74914800
2002-06-11,2.4918,2.5025,2.3349,2.3418,85930800
2002-06-12,2.2852,2.3265,2.0411,2.139,226754400
2002-06-13,2.1551,2.1949,2.0495,2.1168,126589200
2002-06-14,2.0388,2.1727,1.9699,2.1566,111644400
2002-06-17,2.2048,2.2332,2.1383,2.1758,105414000
2002-06-18,2.149,2.227,2.1237,2.1643,100830000
2002-06-19,2.0587,2.0587,1.8092,1.8252,259362000
2002-06-20,1.8291,1.8788,1.7847,1.8084,142504800
2002-06-21,1.7992,1.8689,1.6974,1.7342,148436400
2002-06-24,1.6898,1.8207,1.6377,1.7663,137959200
2002-06-25,1.7985,1.7985,1.6094,1.6201,117223200
2002-06-26,1.4365,1.5903,1.3967,1.536,206782800
2002-06-27,1.5926,1.6048,1.2857,1.3071,318280800
2002-06-28,1.2857,1.3691,1.2574,1.3148,199118400
2002-07-01,1.3087,1.3469,1.2842,1.3117,116437200
2002-07-02,1.2964,1.301,1.1954,1.2291,136818000
2002-07-03,1.2214,1.3377,1.2207,1.3355,107330400
2002-07-05,1.4311,1.4541,1.3898,1.4533,73952400
2002-07-08,1.4365,1.549,1.4349,1.4969,158718000
2002-07-09,1.5008,1.5199,1.3913,1.4235,107508000
2002-07-10,1.4579,1.4694,1.3745,1.3844,92698800
2002-07-11,1.3768,1.5306,1.3645,1.5252,114394800
2002-07-12,1.6071,1.6133,1.4923,1.5237,134490000
2002-07-15,1.5275,1.676,1.4587,1.6752,149527200
2002-07-16,1.6339,1.787,1.6033,1.6301,177343200
2002-07-17,1.5949,1.6263,1.4281,1.4916,192236400
2002-07-18,1.4671,1.5536,1.4495,1.4533,124318800
2002-07-19,1.4089,1.4648,1.3775,1.3875,84577200
2002-07-22,1.3814,1.4204,1.2666,1.3232,129074400
2002-07-23,1.3309,1.3393,1.1793,1.2245,140965200
2002-07-24,1.2076,1.3224,1.2069,1.3025,117510000
2002-07-25,1.252,1.2559,1.1105,1.1525,179644800
2002-07-26,1.1862,1.2138,1.0944,1.1258,122190000
2002-07-29,1.1724,1.1786,1.1196,1.1571,122772000
2002-07-30,1.1518,1.2995,1.148,1.2413,181801200
2002-07-31,0.9046,0.923,0.8372,0.8472,483714000
2002-08-01,0.8541,0.8541,0.7653,0.7661,172570800
2002-08-02,0.7906,0.7959,0.6964,0.7156,179526000
2002-08-05,0.7048,0.7064,0.6497,0.6582,133071600
2002-08-06,0.6888,0.7186,0.6781,0.6926,116880000
2002-08-07,0.7232,0.7301,0.6505,0.6771,89298000
2002-08-08,0.6834,0.7332,0.6658,0.7212,75542400
2002-08-09,0.7018,0.727,0.6895,0.7041,58130400
2002-08-12,0.6964,0.7309,0.6781,0.7041,59280000
2002-08-13,0.7087,0.7431,0.6888,0.6895,65442000
2002-08-14,0.7025,0.7423,0.6964,0.7362,63268800
2002-08-15,0.7638,0.8028,0.7561,0.7875,114012000
2002-08-16,0.7454,0.8457,0.7224,0.8181,165742800
2002-08-19,0.8533,1.0293,0.8518,0.9681,224392800
2002-08-20,0.9758,0.9949,0.913,0.9253,142948800
2002-08-21,0.9673,0.9865,0.9222,0.9742,119487600
2002-08-22,0.9451,0.9834,0.9352,0.9413,135849600
2002-08-23,0.9145,0.9207,0.874,0.8793,91993200
2002-08-26,0.8962,0.9023,0.8449,0.8862,69856800
2002-08-27,0.9015,0.9061,0.8304,0.8357,68671200
2002-08-28,0.8311,0.8326,0.7806,0.7837,70035600
2002-08-29,0.7737,0.8296,0.7676,0.7936,81552000
2002-08-30,0.786,0.8189,0.7577,0.7737,106588800
2002-09-03,0.7362,0.7538,0.7133,0.7255,84728400
2002-09-04,0.7278,0.7469,0.6895,0.7209,93055200
2002-09-05,0.714,0.7171,0.6888,0.6934,71431200
2002-09-06,0.7224,0.729,0.698,0.7087,74646000
2002-09-09,0.7033,0.7301,0.6819,0.7079,57804000
2002-09-10,0.7041,0.8457,0.7033,0.8089,231763200
2002-09-11,0.8342,0.9107,0.8342,0.8487,165753600
2002-09-12,0.8281,0.8732,0.8128,0.8219,129493200
2002-09-13,0.8135,0.8525,0.8036,0.8089,79687200
2002-09-16,0.7967,0.7997,0.7385,0.7577,92546400
2002-09-17,0.7913,0.8105,0.7416,0.7462,88405200
2002-09-18,0.7347,0.7492,0.7033,0.7255,81169200
2002-09-19,0.7094,0.7347,0.6972,0.701,61849200
2002-09-20,0.7064,0.7209,0.6895,0.7048,68731200
2002-09-23,0.6934,0.7003,0.6696,0.6742,52167600
2002-09-24,0.6666,0.7117,0.6543,0.6796,62444400
2002-09-25,0.7194,0.7309,0.6911,0.7171,89661600
2002-09-26,0.7309,0.7385,0.6681,0.6788,73956000
2002-09-27,0.6773,0.6949,0.6543,0.6551,65068800
2002-09-30,0.6528,0.6834,0.639,0.6551,58412400
2002-10-01,0.6605,0.6964,0.6367,0.6903,88836000
2002-10-02,0.6957,0.7309,0.6895,0.6895,74910000
2002-10-03,0.6811,0.6926,0.6543,0.6559,59056800
2002-10-04,0.6543,0.675,0.6122,0.623,52978800
2002-10-07,0.6145,0.6268,0.5878,0.5923,49306800
2002-10-08,0.6122,0.6138,0.551,0.5747,71425200
2002-10-09,0.5663,0.6037,0.5541,0.564,57313200
2002-10-10,0.5587,0.6115,0.5587,0.5932,53803200
2002-10-11,0.6161,0.6849,0.6122,0.6742,99414000
2002-10-14,0.6543,0.6742,0.6406,0.6543,61148400
2002-10-15,0.727,0.7531,0.7125,0.7224,85276800
2002-10-16,0.6735,0.6796,0.6505,0.662,57812400
2002-10-17,0.7194,0.7462,0.7018,0.7125,58579200
2002-10-18,0.7087,0.727,0.6819,0.7194,49837200
2002-10-21,0.7094,0.8105,0.6934,0.7844,93062400
2002-10-22,0.7485,0.8571,0.7477,0.8105,127216800
2002-10-23,0.8227,0.8548,0.8112,0.8434,92542800
2002-10-24,0.8602,0.8694,0.789,0.8005,105517200
2002-10-25,0.8036,0.8533,0.7929,0.8495,74595600
2002-10-28,0.8885,0.8954,0.8487,0.8541,107054400
2002-10-29,0.8556,0.8617,0.7737,0.8173,77272800
2002-10-30,0.8426,0.8878,0.8395,0.8602,113949600
2002-10-31,0.8663,0.9168,0.864,0.9107,125547600
2002-11-01,0.8969,1.0921,0.8954,1.0791,212883600
2002-11-04,1.1441,1.2643,1.1411,1.1969,268813200
2002-11-05,1.1939,1.2138,1.0982,1.1495,203454000
2002-11-06,1.1885,1.2398,1.1418,1.2383,164601600
2002-11-07,1.2061,1.2061,1.1066,1.1135,166056000
2002-11-08,0.9413,0.998,0.8426,0.8701,379890000
2002-11-11,0.8281,0.8403,0.7821,0.802,137845200
2002-11-12,0.8212,0.9031,0.8143,0.8763,138118800
2002-11-13,0.8525,0.926,0.8357,0.9015,180211200
2002-11-14,0.9605,0.9788,0.9314,0.9605,113872800
2002-11-15,1.0102,1.0645,0.9987,1.0309,205432800
2002-11-18,1.1135,1.1173,1.0661,1.0691,198247200
2002-11-19,1.063,1.1388,1.0523,1.0844,197194800
2002-11-20,1.1173,1.148,1.1028,1.1388,129279600
2002-11-21,1.1847,1.2918,1.1824,1.2352,205392000
2002-11-22,1.1602,1.2275,1.148,1.2031,125190000
2002-11-25,1.2589,1.2773,1.2099,1.2467,123008400
2002-11-26,1.2528,1.2773,1.2092,1.213,108433200
2002-11-27,1.2643,1.3286,1.2482,1.3071,108855600
2002-11-29,1.3416,1.3607,1.301,1.311,51939600
2002-12-02,1.3806,1.3982,1.2949,1.301,116750400
2002-12-03,1.2765,1.2796,1.213,1.2153,104622000
2002-12-04,1.1296,1.148,1.0661,1.0707,220654800
2002-12-05,1.1388,1.1464,1.0538,1.0798,159487200
2002-12-06,1.0332,1.102,1.0163,1.0814,115922400
2002-12-09,1.0462,1.063,0.9865,0.9949,96979200
2002-12-10,1.0201,1.0982,1.0079,1.0783,138988800
2002-12-11,1.0707,1.102,1.0347,1.0722,136420800
2002-12-12,1.112,1.125,1.0523,1.0538,130255200
2002-12-13,1.0355,1.0362,1.0056,1.0133,70772400
2002-12-16,1.0485,1.0791,1.0224,1.073,105697200
2002-12-17,1.0921,1.1288,1.063,1.0714,107774400
2002-12-18,1.0332,1.0393,0.9872,0.9895,112683600
2002-12-19,0.9719,1.0232,0.9582,0.9681,110060400
2002-12-20,0.9987,1.0094,0.9329,0.9811,80457600
2002-12-23,0.9788,1.0117,0.9758,0.988,49864800
2002-12-24,0.9934,1.0133,0.9628,0.9681,30033600
2002-12-26,0.9842,0.9987,0.9429,0.9505,71976000
2002-12-27,0.9765,0.9788,0.9061,0.9145,70252800
2002-12-30,0.9184,0.9283,0.8617,0.8824,78474000
2002-12-31,0.8732,0.9031,0.8564,0.8809,82539600
2003-01-02,0.9184,0.9528,0.8878,0.9421,130254000
2003-01-03,0.9451,0.9758,0.926,0.9421,103749600
2003-01-06,0.965,1.0339,0.9643,1.0186,103342800
2003-01-07,1.0385,1.0622,1.0041,1.0156,149827200
2003-01-08,0.9895,1.0186,0.9076,0.9145,185252400
2003-01-09,0.9429,0.9528,0.9214,0.9306,143607600
2003-01-10,0.9184,0.9605,0.9061,0.9467,92449200
2003-01-13,0.9826,0.9911,0.9344,0.939,84912000
2003-01-14,0.9422,0.9551,0.9176,0.9459,86852400
2003-01-15,0.9467,0.9543,0.9168,0.9168,90458400
2003-01-16,0.9031,0.9145,0.8426,0.8548,203997600
2003-01-17,0.8319,0.8434,0.812,0.8227,105883200
2003-01-21,0.838,0.8564,0.7997,0.802,96735600
2003-01-22,0.7997,0.8235,0.7974,0.8028,55099200
2003-01-23,0.8242,0.838,0.8028,0.825,91845600
2003-01-24,0.8181,0.8219,0.7645,0.7783,89710800
2003-01-27,0.7615,0.8013,0.7477,0.7668,88911600
2003-01-28,0.7416,0.7929,0.7171,0.7783,178548000
2003-01-29,0.7569,0.8089,0.7316,0.7944,102204000
2003-01-30,0.8265,0.8334,0.7691,0.7775,74306400
2003-01-31,0.7546,0.8112,0.7477,0.7898,94965600
2003-02-03,0.7951,0.8204,0.7883,0.8051,75555600
2003-02-04,0.7997,0.8036,0.7583,0.7691,62772000
2003-02-05,0.786,0.8074,0.773,0.776,58150800
2003-02-06,0.8304,0.8311,0.7691,0.7821,122618400
2003-02-07,0.7974,0.8013,0.7454,0.7469,91515600
2003-02-10,0.7462,0.7615,0.714,0.7561,98263200
2003-02-11,0.7622,0.7844,0.7385,0.7423,85071600
2003-02-12,0.7423,0.7737,0.7362,0.7462,64140000
2003-02-13,0.7592,0.763,0.7385,0.7554,88916400
2003-02-14,0.8587,0.9222,0.838,0.9214,354884400
2003-02-18,0.9566,0.9926,0.9451,0.9742,174051600
2003-02-19,0.9681,0.9895,0.9574,0.9834,114121200
2003-02-20,0.9872,1.0133,0.9796,0.9834,97813200
2003-02-21,0.9826,0.9865,0.949,0.9842,91326000
2003-02-24,0.9758,1.0324,0.9704,0.9964,113701200
2003-02-25,0.9643,0.9949,0.949,0.9903,123920400
2003-02-26,0.9773,0.9934,0.9406,0.9421,74689200
2003-02-27,0.9513,0.9666,0.936,0.962,67531200
2003-02-28,0.9321,0.9681,0.9046,0.9658,165333600
2003-03-03,0.9773,0.9949,0.9375,0.9497,70203600
2003-03-04,0.952,0.962,0.9329,0.9421,53839200
2003-03-05,0.9329,0.9635,0.9306,0.9574,52215600
2003-03-06,0.9497,0.9589,0.9375,0.9413,54806400
2003-03-07,0.9268,0.9589,0.9184,0.9559,58114800
2003-03-10,0.9459,0.9505,0.9275,0.9291,34479600
2003-03-11,0.936,0.9513,0.926,0.936,41714400
2003-03-12,0.9436,0.9643,0.9352,0.962,49392000
2003-03-13,0.9903,1.0638,0.9857,1.0576,136273200
2003-03-14,1.0615,1.0714,1.0194,1.027,109422000
2003-03-17,1.0102,1.1074,1.0079,1.0867,130780800
2003-03-18,1.0829,1.0951,1.0561,1.0783,93228000
2003-03-19,1.0806,1.0913,1.0454,1.0837,71299200
2003-03-20,1.0821,1.1166,1.0554,1.0936,78006000
2003-03-21,1.1319,1.1349,1.0347,1.0837,168180000
2003-03-24,1.0393,1.0714,1.0332,1.0431,83901600
2003-03-25,1.0462,1.089,1.0423,1.073,67282800
2003-03-26,1.0967,1.1212,1.0883,1.1028,110784000
2003-03-27,1.0883,1.1112,1.0684,1.0714,139273200
2003-03-28,1.0714,1.0753,1.011,1.0278,129068400
2003-03-31,0.9964,1.0087,0.9811,0.9857,68050800
2003-04-01,1.0064,1.026,0.9842,1.0148,53380800
2003-04-02,1.0492,1.0699,1.0355,1.0523,77190000
2003-04-03,1.0714,1.0714,1.0439,1.0662,70278000
2003-04-04,1.0691,1.0707,1.0201,1.0247,51384000
2003-04-07,1.0902,1.102,1.0255,1.0355,67125600
2003-04-08,1.0446,1.05,1.0186,1.0255,47503200
2003-04-09,1.0293,1.0569,1.0193,1.0201,69426000
2003-04-10,1.0339,1.0355,1.0156,1.0255,36410400
2003-04-11,1.037,1.0454,1.0041,1.014,37418400
2003-04-14,0.9987,1.0348,0.9957,1.0316,44577600
2003-04-15,1.0247,1.0393,0.9995,1.0263,49021200
2003-04-16,1.05,1.0523,1.0179,1.0263,67198800
2003-04-17,1.0339,1.0476,1.0125,1.0446,52074000
2003-04-21,1.0462,1.0745,1.0362,1.0714,59714400
2003-04-22,1.0661,1.086,1.0485,1.0852,78739200
2003-04-23,1.0837,1.1166,1.0753,1.1097,60620400
2003-04-24,1.1105,1.1105,1.0622,1.0768,66091200
2003-04-25,1.0707,1.089,1.027,1.037,88465200
2003-04-28,1.0492,1.0875,1.037,1.0684,67498800
2003-04-29,1.0929,1.1166,1.0844,1.1013,67034400
2003-04-30,1.0951,1.125,1.0906,1.0921,46662000
2003-05-01,1.089,1.1144,1.0829,1.1036,73336800
2003-05-02,1.1181,1.2245,1.112,1.2168,169108800
2003-05-05,1.2284,1.3041,1.2068,1.2467,157616400
2003-05-06,1.2406,1.2804,1.2191,1.2482,114386400
2003-05-07,1.2298,1.2589,1.2069,1.2283,89737200
2003-05-08,1.213,1.2781,1.1977,1.2291,195745200
2003-05-09,1.4411,1.6477,1.4005,1.6355,923085600
2003-05-12,1.6393,1.676,1.5765,1.5895,300786000
2003-05-13,1.5352,1.5842,1.5267,1.5597,182410800
2003-05-14,1.565,1.5842,1.5383,1.5582,96558000
2003-05-15,1.5811,1.6148,1.5727,1.6117,110565600
2003-05-16,1.5918,1.6554,1.5895,1.627,102891600
2003-05-19,1.6056,1.621,1.5161,1.5222,122048400
2003-05-20,1.5375,1.5574,1.5306,1.5459,88412400
2003-05-21,1.5467,1.601,1.5383,1.6002,90547200
2003-05-22,1.6025,1.6201,1.565,1.6056,88881600
2003-05-23,1.6071,1.6377,1.5903,1.5972,86761200
2003-05-27,1.5804,1.7449,1.5497,1.7388,167740800
2003-05-28,1.7334,1.7525,1.6913,1.7342,123555600
2003-05-29,1.7334,1.9117,1.7296,1.8528,229773600
2003-05-30,2.0281,2.038,1.9783,2.0028,214231200
2003-06-02,2.0548,2.0568,1.8796,1.8918,156614400
2003-06-03,1.8704,1.9883,1.8474,1.9309,159680400
2003-06-04,1.9255,1.9783,1.8949,1.9768,117560400
2003-06-05,1.9508,2.0403,1.9247,2.0334,120440400
2003-06-06,2.113,2.1237,1.9561,1.9714,137883600
2003-06-09,1.9592,2.0097,1.9178,1.9477,72058800
2003-06-10,1.9477,1.9775,1.9263,1.976,56330400
2003-06-11,1.9638,1.9951,1.9286,1.9775,94383600
2003-06-12,1.9913,2.0127,1.9416,1.9477,104668800
2003-06-13,1.8635,1.9171,1.7832,1.7962,182680800
2003-06-16,1.8176,1.8574,1.6974,1.8344,190486800
2003-06-17,1.8765,1.8903,1.8214,1.8781,99985200
2003-06-18,1.8597,1.9875,1.8444,1.95,112207200
2003-06-19,1.9584,1.9687,1.8214,1.8314,119053200
2003-06-20,1.8451,1.852,1.7832,1.8122,93784800
2003-06-23,1.8107,1.8199,1.712,1.748,73478400
2003-06-24,1.7383,1.7755,1.6883,1.7441,100881600
2003-06-25,1.7487,1.8199,1.7418,1.7556,106062000
2003-06-26,1.761,1.7816,1.7059,1.7579,96054000
2003-06-27,1.7786,1.7946,1.7181,1.7263,70910400
2003-06-30,1.7495,1.7839,1.7296,1.7533,54412800
2003-07-01,1.7311,1.8275,1.715,1.8252,97701600
2003-07-02,1.8421,1.8658,1.7946,1.8199,84682800
2003-07-03,1.7778,1.8459,1.774,1.7992,42091200
2003-07-07,1.8237,1.927,1.823,1.9171,83220000
2003-07-08,1.8643,1.9209,1.8597,1.8957,60285600
2003-07-09,1.8949,1.9707,1.8914,1.9393,75535200
2003-07-10,1.8788,1.9033,1.8269,1.8597,64456800
2003-07-11,1.8819,1.8934,1.8536,1.8696,49500000
2003-07-14,1.9171,1.9288,1.8459,1.8551,69434400
2003-07-15,1.8826,1.8911,1.777,1.7946,114345600
2003-07-16,1.8283,1.8367,1.7296,1.7724,88047600
2003-07-17,1.7189,1.7411,1.6607,1.6837,85376400
2003-07-18,1.6508,1.6561,1.5666,1.627,128083200
2003-07-21,1.6362,1.6416,1.5643,1.6025,98514000
2003-07-22,1.6477,1.6599,1.6201,1.6293,58244400
2003-07-23,1.627,1.6607,1.5788,1.6508,60532800
2003-07-24,1.6806,1.6929,1.5727,1.5865,111682800
2003-07-25,1.5895,1.6209,1.5306,1.6117,100208400
2003-07-28,1.6247,1.6286,1.5551,1.562,70375200
2003-07-29,1.4203,1.5429,1.4051,1.4594,279478800
2003-07-30,1.4541,1.4709,1.4342,1.4434,78872400
2003-07-31,1.477,1.4985,1.4457,1.461,89760000
2003-08-01,1.4617,1.5214,1.4472,1.5092,76755600
2003-08-04,1.5076,1.5934,1.4982,1.5658,142885200
2003-08-05,1.6064,1.6431,1.5482,1.5612,106348800
2003-08-06,1.5406,1.5611,1.4602,1.4977,102586800
2003-08-07,1.4939,1.5153,1.4571,1.477,104034000
2003-08-08,1.2666,1.2719,1.1679,1.1862,376758000
2003-08-11,1.2054,1.2666,1.1973,1.2505,167575200
2003-08-12,1.2666,1.2788,1.2459,1.2758,76416000
2003-08-13,1.2811,1.3048,1.249,1.2842,69355200
2003-08-14,1.2413,1.2597,1.226,1.2398,152769600
2003-08-15,1.2321,1.2436,1.2245,1.236,21771600
2003-08-18,1.2559,1.2727,1.2337,1.2727,71768400
2003-08-19,1.301,1.3775,1.3003,1.3699,140397600
2003-08-20,1.3508,1.376,1.3209,1.3508,87034800
2003-08-21,1.386,1.4005,1.3622,1.3876,64474800
2003-08-22,1.4709,1.4908,1.3967,1.3974,100239600
2003-08-25,1.4242,1.4242,1.3772,1.3898,43402800
2003-08-26,1.3722,1.3929,1.3301,1.3676,76898400
2003-08-27,1.3768,1.4235,1.3622,1.4089,56781600
2003-08-28,1.4227,1.4304,1.3561,1.3722,82831200
2003-08-29,1.3699,1.3967,1.3645,1.3906,53288400
2003-09-02,1.415,1.4273,1.3714,1.3783,71145600
2003-09-03,1.399,1.4028,1.3446,1.3515,84997200
2003-09-04,1.3569,1.3967,1.3469,1.3645,74006400
2003-09-05,1.3668,1.4617,1.3508,1.4296,119874000
2003-09-08,1.4525,1.5122,1.4349,1.4954,150871200
2003-09-09,1.4541,1.6431,1.4342,1.5872,248943600
2003-09-10,1.5421,1.5834,1.4663,1.4786,138062400
2003-09-11,1.4985,1.5421,1.4005,1.4594,261273600
2003-09-12,1.4472,1.513,1.4311,1.4809,116240400
2003-09-15,1.4931,1.501,1.451,1.4564,59602800
2003-09-16,1.4594,1.506,1.4594,1.5015,62073600
2003-09-17,1.5107,1.5482,1.4985,1.5191,90278400
2003-09-18,1.5107,1.5314,1.4939,1.5306,60349200
2003-09-19,1.5485,1.5582,1.5046,1.5184,64809600
2003-09-22,1.4885,1.4916,1.4463,1.4587,73550400
2003-09-23,1.461,1.4809,1.4418,1.4724,62893200
2003-09-24,1.4411,1.4541,1.3584,1.3607,160066800
2003-09-25,1.3714,1.3959,1.3355,1.3416,73677600
2003-09-26,1.3377,1.3416,1.2727,1.2903,89590800
2003-09-29,1.2253,1.2689,1.2015,1.2207,194499600
2003-09-30,1.2099,1.2635,1.2054,1.2222,102088800
2003-10-01,1.226,1.2467,1.2214,1.2321,87722400
2003-10-02,1.2245,1.2689,1.2207,1.2513,85762800
2003-10-03,1.2857,1.3163,1.2635,1.2842,86281200
2003-10-06,1.2865,1.2995,1.2635,1.2742,37702800
2003-10-07,1.2742,1.2857,1.2566,1.2857,51058800
2003-10-08,1.2857,1.2972,1.2329,1.2406,73944000
2003-10-09,1.2589,1.3071,1.2482,1.2582,85240800
2003-10-10,1.2781,1.2895,1.2628,1.2804,41397600
2003-10-13,1.2949,1.3201,1.2849,1.2934,43490400
2003-10-14,1.2796,1.3209,1.2719,1.3171,62355600
2003-10-15,1.3324,1.3569,1.2918,1.3003,70348800
2003-10-16,1.3018,1.3209,1.2819,1.3163,44608800
2003-10-17,1.3087,1.3339,1.2735,1.275,45969600
2003-10-20,1.2758,1.3048,1.2681,1.3033,46738800
2003-10-21,1.327,1.3684,1.3087,1.3431,75872400
2003-10-22,1.3224,1.3531,1.3133,1.3201,62095200
2003-10-23,1.301,1.3393,1.2987,1.314,45152400
2003-10-24,1.301,1.3209,1.2888,1.3094,44708400
2003-10-27,1.3163,1.3316,1.3071,1.3163,25446000
2003-10-28,1.3339,1.4066,1.3278,1.399,95606400
2003-10-29,1.3576,1.4158,1.3569,1.399,49400400
2003-10-30,1.4349,1.4357,1.3707,1.373,58125600
2003-10-31,1.3852,1.3967,1.3316,1.35,59815200
2003-11-03,1.3462,1.4043,1.34,1.3783,77372400
2003-11-04,1.4082,1.412,1.3737,1.3829,70089600
2003-11-05,1.3546,1.402,1.3324,1.3883,88202400
2003-11-06,1.4089,1.4158,1.3653,1.3906,117528000
2003-11-07,1.6576,1.6883,1.6224,1.6645,429282000
2003-11-10,1.6699,1.6929,1.65,1.6599,121005600
2003-11-11,1.6224,1.6508,1.5895,1.6186,79914000
2003-11-12,1.6133,1.6454,1.6056,1.64,61766400
2003-11-13,1.64,1.6638,1.6309,1.6408,58033200
2003-11-14,1.6454,1.6454,1.539,1.5438,88842000
2003-11-17,1.5145,1.5459,1.5003,1.5275,59988000
2003-11-18,1.565,1.5842,1.5,1.5054,99142800
2003-11-19,1.5161,1.5536,1.5107,1.5474,56755200
2003-11-20,1.523,1.5566,1.5,1.5061,73885200
2003-11-21,1.5245,1.5268,1.4832,1.5122,54324000
2003-11-24,1.5268,1.6071,1.5161,1.6033,94064400
2003-11-25,1.6102,1.6446,1.5918,1.6309,82280400
2003-11-26,1.6576,1.663,1.6018,1.6324,43003200
2003-11-28,1.6316,1.6362,1.611,1.6247,20613600
2003-12-01,1.6431,1.6599,1.624,1.6477,52698000
2003-12-02,1.6377,1.6745,1.6309,1.6408,57474000
2003-12-03,1.6454,1.699,1.6201,1.624,71002800
2003-12-04,1.6293,1.6584,1.5773,1.6156,52195200
2003-12-05,1.5773,1.6224,1.5505,1.5635,55984800
2003-12-08,1.5643,1.5911,1.5497,1.575,34098000
2003-12-09,1.5719,1.5872,1.4923,1.4931,59812800
2003-12-10,1.4931,1.5344,1.4923,1.5256,56865600
2003-12-11,1.5268,1.6224,1.5222,1.6033,69487200
2003-12-12,1.6247,1.6355,1.5689,1.5949,70069200
2003-12-15,1.6416,1.6441,1.5582,1.5627,62275200
2003-12-16,1.5536,1.5941,1.526,1.5842,60172800
2003-12-17,1.5713,1.5765,1.5275,1.5536,49911600
2003-12-18,1.5566,1.6048,1.5547,1.5888,43672800
2003-12-19,1.6286,1.6531,1.5949,1.6125,91695600
2003-12-22,1.5888,1.6186,1.5727,1.6148,37118400
2003-12-23,1.6087,1.6967,1.6079,1.6806,72276000
2003-12-24,1.6852,1.6852,1.6638,1.6684,21085200
2003-12-26,1.6814,1.7502,1.6745,1.7404,36396000
2003-12-29,1.7732,1.8199,1.7648,1.8138,75662400
2003-12-30,1.7946,1.852,1.7931,1.8176,55088400
2003-12-31,1.8168,1.8252,1.7464,1.7755,49726800
2004-01-02,1.8038,1.8283,1.7663,1.7663,43641600
2004-01-05,1.7931,1.836,1.777,1.8237,57529200
2004-01-06,1.8184,1.9232,1.8099,1.898,109334400
2004-01-07,1.8765,1.924,1.8635,1.9148,67303200
2004-01-08,1.9385,1.9477,1.9033,1.9217,43375200
2004-01-09,1.9087,1.973,1.8934,1.9492,76658400
2004-01-12,1.9561,1.9775,1.9377,1.9714,54198000
2004-01-13,1.9615,1.9806,1.849,1.8696,86580000
2004-01-14,1.8826,1.9056,1.8383,1.8559,54487200
2004-01-15,1.8413,1.8742,1.8092,1.8587,60920400
2004-01-16,1.8819,1.9033,1.8605,1.8872,45172800
2004-01-20,1.9098,1.9431,1.8888,1.94,48776400
2004-01-21,1.9247,1.9316,1.8474,1.8505,49446000
2004-01-22,1.8559,1.8903,1.7855,1.8076,60572400
2004-01-23,1.7985,1.8344,1.7633,1.7671,48247200
2004-01-26,1.7786,1.8444,1.7648,1.8367,39368400
2004-01-27,1.8,1.8291,1.7181,1.7319,93410400
2004-01-28,1.7525,1.7816,1.7181,1.7273,61520400
2004-01-29,1.7326,1.7411,1.6186,1.6768,92970000
2004-01-30,1.6732,1.7411,1.663,1.7028,46646400
2004-02-02,1.7166,1.764,1.699,1.7304,56084400
2004-02-03,1.7258,1.7556,1.7013,1.7242,41803200
2004-02-04,1.6997,1.7135,1.6751,1.6775,43680000
2004-02-05,1.6867,1.7219,1.676,1.7028,33198000
2004-02-06,1.725,1.7663,1.7158,1.7418,47113200
2004-02-09,1.7487,1.7832,1.7288,1.7296,37399200
2004-02-10,1.7342,1.7946,1.7342,1.7931,50970000
2004-02-11,1.8161,1.862,1.8099,1.8559,73780800
2004-02-12,1.8459,1.8559,1.7718,1.8,97489200
2004-02-13,1.7564,1.8283,1.7372,1.7832,174750000
2004-02-17,1.7908,1.8084,1.7656,1.8031,57597600
2004-02-18,1.8054,1.8176,1.7908,1.8031,32024400
2004-02-19,1.8252,1.8574,1.7985,1.8023,63103200
2004-02-20,1.7992,1.852,1.7893,1.8474,61812000
2004-02-23,1.8444,1.8474,1.7587,1.7832,85333200
2004-02-24,1.7525,1.7747,1.6929,1.712,70838400
2004-02-25,1.715,1.7548,1.7036,1.7219,65251200
2004-02-26,1.7472,1.7502,1.712,1.7334,34497600
2004-02-27,1.7372,1.7388,1.6768,1.7028,59554800
2004-03-01,1.6982,1.7311,1.6959,1.7281,50662800
2004-03-02,1.7288,1.7426,1.689,1.6959,81334800
2004-03-03,1.6913,1.6913,1.6462,1.6737,55249200
2004-03-04,1.6906,1.7135,1.6768,1.7105,41335200
2004-03-05,1.6722,1.7372,1.6661,1.6982,35488800
2004-03-08,1.6982,1.7219,1.6263,1.6393,46516800
2004-03-09,1.6531,1.6546,1.6002,1.6278,37123200
2004-03-10,1.6278,1.6561,1.5926,1.6041,48169200
2004-03-11,1.5826,1.6393,1.5826,1.5918,52687200
2004-03-12,1.6079,1.6454,1.5957,1.6255,37795200
2004-03-15,1.614,1.6224,1.579,1.5888,42122400
2004-03-16,1.6056,1.6645,1.598,1.6569,59750400
2004-03-17,1.6837,1.7135,1.6768,1.6974,52459200
2004-03-18,1.6883,1.7372,1.6837,1.7166,52804800
2004-03-19,1.7112,1.725,1.6867,1.6967,45296400
2004-03-22,1.6707,1.6967,1.6454,1.6837,57670800
2004-03-23,1.7066,1.725,1.6714,1.6906,57603600
2004-03-24,1.6875,1.7946,1.6837,1.7663,78734400
2004-03-25,1.7862,1.8781,1.7832,1.8689,99712800
2004-03-26,1.8635,1.8926,1.8383,1.8635,55160400
2004-03-29,1.8872,1.9691,1.8865,1.9439,98576400
2004-03-30,1.9312,2.0112,1.9293,2.002,72495600
2004-03-31,2.012,2.0418,2.0013,2.0204,60475200
2004-04-01,2.0426,2.064,1.9339,1.9844,131950800
2004-04-02,2.0281,2.0411,1.9668,2.0127,64974000
2004-04-05,2.002,2.0931,2.002,2.0847,57674400
2004-04-06,2.0434,2.0579,1.9898,2.0005,62409600
2004-04-07,2.012,2.0166,1.9546,1.9898,44786400
2004-04-08,2.0342,2.0663,2.0189,2.0464,44709600
2004-04-12,2.0625,2.0717,1.9959,2.0082,44378400
2004-04-13,2.0265,2.0281,1.9515,1.9615,44270400
2004-04-14,1.9515,2.0082,1.9293,1.9714,51201600
2004-04-15,1.9446,1.9531,1.8597,1.8681,82808400
2004-04-16,1.852,1.8612,1.8031,1.8069,65486400
2004-04-19,1.8076,1.8176,1.7724,1.8046,52280400
2004-04-20,1.8092,1.8291,1.7273,1.7281,51380400
2004-04-21,1.7326,1.7908,1.7173,1.7304,68881200
2004-04-22,1.7212,1.7694,1.6783,1.7403,69552000
2004-04-23,1.7617,1.8084,1.7564,1.7786,44392800
2004-04-26,1.7824,1.79,1.7043,1.7089,42991200
2004-04-27,1.7227,1.7747,1.6883,1.6944,49456800
2004-04-28,1.6951,1.7212,1.6745,1.6875,46876800
2004-04-29,1.6783,1.689,1.6186,1.6408,64504800
2004-04-30,1.6393,1.6416,1.5643,1.5704,51292800
2004-05-03,1.5872,1.6033,1.523,1.5505,61066800
2004-05-04,1.5727,1.6691,1.5689,1.6492,77238000
2004-05-05,1.6508,1.6775,1.637,1.663,46428000
2004-05-06,1.6454,1.6898,1.611,1.6768,71134800
2004-05-07,1.7258,1.7579,1.6806,1.6898,95677200
2004-05-10,1.6469,1.6622,1.588,1.624,66907200
2004-05-11,1.6446,1.6798,1.6377,1.6638,39993600
2004-05-12,1.6561,1.6569,1.5834,1.6408,48232800
2004-05-13,1.627,1.676,1.6224,1.6462,34795200
2004-05-14,1.6531,1.6821,1.6377,1.6462,45900000
2004-05-17,1.6224,1.6439,1.5957,1.6201,30834000
2004-05-18,1.6347,1.6653,1.6286,1.6462,20442000
2004-05-19,1.6829,1.7066,1.6339,1.6423,49827600
2004-05-20,1.6393,1.6668,1.6102,1.6186,42148800
2004-05-21,1.6377,1.64,1.6002,1.6224,28209600
2004-05-24,1.6194,1.6355,1.598,1.6171,30162000
2004-05-25,1.624,1.6951,1.5911,1.6875,68126400
2004-05-26,1.6829,1.7449,1.6775,1.7219,52456800
2004-05-27,1.7502,1.7763,1.725,1.7273,55654800
2004-05-28,1.7449,1.8046,1.7349,1.7946,63798000
2004-06-01,1.7686,1.8115,1.7617,1.7931,31842000
2004-06-02,1.8444,1.8451,1.7778,1.7793,64380000
2004-06-03,1.7801,1.7839,1.6883,1.6936,70082400
2004-06-04,1.7281,1.7319,1.6752,1.6768,64960800
2004-06-07,1.7028,1.7365,1.6829,1.7173,57195600
2004-06-08,1.7066,1.7105,1.6615,1.6867,61500000
2004-06-09,1.6967,1.699,1.6025,1.6079,49833600
2004-06-10,1.6339,1.637,1.5773,1.5918,56451600
2004-06-14,1.5834,1.5834,1.5298,1.5421,42475200
2004-06-15,1.5689,1.5888,1.5505,1.565,39458400
2004-06-16,1.5605,1.5704,1.5344,1.5406,25257600
2004-06-17,1.5329,1.5681,1.5023,1.5099,48237600
2004-06-18,1.5161,1.5543,1.4923,1.5122,53433600
2004-06-21,1.5145,1.5383,1.4755,1.4855,26656800
2004-06-22,1.4923,1.5344,1.4839,1.5275,43030800
2004-06-23,1.523,1.5597,1.5191,1.5536,26466000
2004-06-24,1.5949,1.6002,1.5283,1.5398,59065200
2004-06-25,1.5482,1.5681,1.5321,1.5497,32912400
2004-06-28,1.5719,1.5773,1.5306,1.5367,29937600
2004-06-29,1.5459,1.5918,1.5398,1.5895,36385200
2004-06-30,1.5826,1.5911,1.5474,1.5666,32926800
2004-07-01,1.5842,1.5865,1.4923,1.4946,50562000
2004-07-02,1.5099,1.5115,1.4625,1.474,29494800
2004-07-06,1.4564,1.4717,1.3714,1.3875,57538800
2004-07-07,1.4051,1.4342,1.3875,1.3944,34413600
2004-07-08,1.3814,1.4043,1.3492,1.3515,43005600
2004-07-09,1.3508,1.3515,1.2681,1.2934,111450000
2004-07-12,1.2574,1.2934,1.2467,1.2635,67604400
2004-07-13,1.2788,1.301,1.2474,1.2612,56710800
2004-07-14,1.2168,1.2505,1.1809,1.2054,90160800
2004-07-15,1.2176,1.2306,1.1893,1.1969,61135200
2004-07-16,1.2321,1.2352,1.1617,1.1617,46470000
2004-07-19,1.1786,1.1878,1.1487,1.1747,46108800
2004-07-20,1.174,1.2031,1.1625,1.1985,34154400
2004-07-21,1.2168,1.2184,1.1219,1.1258,61341600
2004-07-22,1.1319,1.1556,1.102,1.1495,52146000
2004-07-23,1.1571,1.1587,1.1112,1.1189,37149600
2004-07-26,1.1326,1.1434,1.0768,1.0875,50320800
2004-07-27,1.076,1.1265,1.0592,1.1235,78988800
2004-07-28,1.1212,1.125,1.0638,1.0951,50511600
2004-07-29,1.1051,1.1954,1.1051,1.1671,74736000
2004-07-30,1.1525,1.2015,1.1503,1.1801,40395600
2004-08-02,1.1809,1.2,1.161,1.1954,42098400
2004-08-03,1.2008,1.2015,1.1242,1.1334,74154000
2004-08-04,1.1326,1.1564,1.1196,1.1457,50781600
2004-08-05,1.1518,1.1633,1.0944,1.1143,85992000
2004-08-06,0.773,0.7806,0.7117,0.7217,508894800
2004-08-09,0.7423,0.7707,0.7278,0.7538,157921200
2004-08-10,0.799,0.8212,0.7829,0.8135,205191600
2004-08-11,0.7974,0.8028,0.7844,0.7898,96381600
2004-08-12,0.7921,0.7944,0.7699,0.7714,65438400
2004-08-13,0.7883,0.8089,0.7829,0.8036,81570000
2004-08-16,0.7944,0.8158,0.7898,0.7959,53173200
2004-08-17,0.8135,0.8441,0.8059,0.8395,74491200
2004-08-18,0.8434,0.8954,0.8365,0.8954,87242400
2004-08-19,0.8862,0.9061,0.8786,0.8923,72440400
2004-08-20,0.8878,0.9582,0.8847,0.9451,119904000
2004-08-23,0.9658,0.9758,0.9551,0.9658,80002800
2004-08-24,0.9842,0.9842,0.9115,0.9298,93942000
2004-08-25,0.9505,0.9765,0.9329,0.9696,72130800
2004-08-26,0.9666,0.9781,0.9605,0.9719,61272000
2004-08-27,0.9727,1.0041,0.9719,0.9903,56512800
2004-08-30,0.9888,0.9918,0.9566,0.9574,62805600
2004-08-31,0.9612,0.9658,0.9237,0.9536,58706400
2004-09-01,0.9413,0.9857,0.9291,0.9719,59174400
2004-09-02,0.9772,1.0194,0.9673,1.0117,77008800
2004-09-03,0.9811,1.001,0.9727,0.9811,71505600
2004-09-07,0.988,1.0079,0.9497,0.9628,72733200
2004-09-08,0.9628,0.9719,0.9406,0.9429,83498400
2004-09-09,0.9658,1.0538,0.9612,1.037,129932400
2004-09-10,1.0194,1.0821,1.0163,1.0768,103934400
2004-09-13,1.0753,1.1189,1.0737,1.0974,96775200
2004-09-14,1.0875,1.1097,1.0791,1.102,68355600
2004-09-15,1.0691,1.0714,1.027,1.0408,116390400
2004-09-16,1.0584,1.0906,1.0546,1.0798,81002400
2004-09-17,1.0883,1.13,1.0791,1.1242,100380000
2004-09-20,1.102,1.1548,1.0883,1.1227,79462800
2004-09-21,1.148,1.1617,1.1342,1.1525,50390400
2004-09-22,1.1235,1.1495,1.0936,1.099,62592000
2004-09-23,1.112,1.115,1.0798,1.1089,57866400
2004-09-24,1.1136,1.115,1.0592,1.0753,47631600
2004-09-27,1.0668,1.0791,1.037,1.0561,40602000
2004-09-28,1.0492,1.0806,1.0393,1.0714,47484000
2004-09-29,1.0707,1.1281,1.0569,1.0974,53722800
2004-09-30,1.1097,1.1365,1.089,1.1112,61968000
2004-10-01,1.1166,1.1633,1.1112,1.1571,59041200
2004-10-04,1.1709,1.2054,1.1648,1.19,67393200
2004-10-05,1.1701,1.1916,1.1525,1.1633,63318000
2004-10-06,1.161,1.1732,1.1342,1.1679,49850400
2004-10-07,1.1893,1.2161,1.1686,1.1747,79807200
2004-10-08,1.1625,1.1671,1.1005,1.1105,69342000
2004-10-11,1.112,1.1342,1.0921,1.112,37384800
2004-10-12,1.0745,1.1043,1.0569,1.0959,82723200
2004-10-13,1.1288,1.1434,1.0798,1.089,67281600
2004-10-14,1.0867,1.099,1.0485,1.0561,51326400
2004-10-15,1.0584,1.0599,1.001,1.027,128048400
2004-10-18,1.0209,1.0561,1.0125,1.0454,57397200
2004-10-19,1.0691,1.0798,1.0309,1.0385,61848000
2004-10-20,1.0355,1.0554,1.0293,1.0508,54020400
2004-10-21,1.0576,1.0883,1.0531,1.0745,101396400
2004-10-22,1.0844,1.0867,1.0133,1.0163,68646000
2004-10-25,1.0094,1.0431,1.0056,1.0209,52916400
2004-10-26,1.1219,1.1625,1.0844,1.1089,245577600
2004-10-27,1.102,1.1602,1.089,1.1395,107403600
2004-10-28,1.1265,1.148,1.1166,1.1273,56155200
2004-10-29,1.1166,1.1319,1.0974,1.1074,74286000
2004-11-01,1.1219,1.1319,1.1082,1.1311,65389200
2004-11-02,1.1242,1.1709,1.1189,1.1472,109575600
2004-11-03,1.1908,1.1977,1.1518,1.1579,91035600
2004-11-04,1.1564,1.1939,1.1418,1.1793,99554400
2004-11-05,1.3561,1.4365,1.3347,1.35,384901200
2004-11-08,1.3352,1.3829,1.3293,1.3645,71862000
2004-11-09,1.3439,1.376,1.3431,1.3561,61593600
2004-11-10,1.3546,1.3691,1.3485,1.3561,64591200
2004-11-11,1.3645,1.3829,1.3554,1.3829,50700000
2004-11-12,1.4043,1.4082,1.3714,1.3852,64707600
2004-11-15,1.3714,1.4158,1.363,1.4059,53647200
2004-11-16,1.4105,1.4258,1.3752,1.4013,47272800
2004-11-17,1.4181,1.4623,1.4097,1.425,60277200
2004-11-18,1.4365,1.4556,1.4074,1.4434,53252400
2004-11-19,1.5536,1.5712,1.4395,1.451,212605200
2004-11-22,1.4541,1.4923,1.4426,1.4923,73378800
2004-11-23,1.4801,1.5145,1.4679,1.4985,67689600
2004-11-24,1.4969,1.5291,1.4931,1.5046,42858000
2004-11-26,1.5115,1.5337,1.4985,1.5199,35076000
2004-11-29,1.5314,1.5421,1.477,1.49,70438800
2004-11-30,1.4962,1.4977,1.4556,1.464,57654000
2004-12-01,1.4755,1.5008,1.4663,1.5008,51457200
2004-12-02,1.4862,1.5321,1.4747,1.5207,75865200
2004-12-03,1.5574,1.6071,1.552,1.5865,134731200
2004-12-06,1.5957,1.6752,1.5658,1.6622,97050000
2004-12-07,1.7594,1.9102,1.725,1.7457,292705200
2004-12-08,1.7724,1.7985,1.7525,1.7663,87272400
2004-12-09,1.7304,1.7686,1.7013,1.7502,86996400
2004-12-10,1.7908,1.8031,1.7732,1.7839,65284800
2004-12-13,1.7571,1.7801,1.7265,1.7349,73802400
2004-12-14,1.7365,1.7717,1.7334,1.7701,51298800
2004-12-15,1.7874,1.7916,1.7602,1.7862,43276800
2004-12-16,1.8436,1.9025,1.8069,1.8099,152403600
2004-12-17,1.8436,1.8513,1.7441,1.7647,121424400
2004-12-20,1.7855,1.813,1.7365,1.7457,89872800
2004-12-21,1.7457,1.7709,1.7028,1.7587,89940000
2004-12-22,1.7939,1.8023,1.7571,1.761,42182400
2004-12-23,1.751,1.7855,1.7426,1.7656,36697200
2004-12-27,1.79,1.7977,1.7411,1.7502,30820800
2004-12-28,1.7541,1.7679,1.7342,1.7411,29161200
2004-12-29,1.7357,1.7778,1.7311,1.7564,29473200
2004-12-30,1.7571,1.7717,1.7418,1.7495,25981200
2004-12-31,1.7747,1.8122,1.7679,1.8031,57596400
2005-01-03,1.8658,1.8918,1.7969,1.8046,106671600
2005-01-04,1.8176,1.8207,1.6921,1.7196,79022400
2005-01-05,1.7013,1.7564,1.6921,1.7357,72481200
2005-01-06,1.7663,1.787,1.7066,1.7189,56356800
2005-01-07,1.7227,1.7357,1.6607,1.686,76309200
2005-01-10,1.6875,1.7066,1.6798,1.6898,57955200
2005-01-11,1.6737,1.6829,1.6125,1.6377,109338000
2005-01-12,1.6538,1.6584,1.5842,1.624,105780000
2005-01-13,1.6278,1.6837,1.5918,1.6408,89876400
2005-01-14,1.6714,1.6752,1.6301,1.6462,57391200
2005-01-18,1.6278,1.676,1.624,1.6722,46455600
2005-01-19,1.6798,1.6837,1.627,1.6339,33649200
2005-01-20,1.601,1.6775,1.601,1.6377,64008000
2005-01-21,1.64,1.673,1.6347,1.6408,59635200
2005-01-24,1.6362,1.6554,1.5658,1.575,46370400
2005-01-25,1.5834,1.6247,1.5727,1.6025,43970400
2005-01-26,1.6071,1.6454,1.5811,1.6232,42912000
2005-01-27,1.6263,1.761,1.6163,1.7533,100291200
2005-01-28,1.7602,1.7671,1.7127,1.751,67105200
2005-01-31,1.7656,1.787,1.7296,1.7541,56296800
2005-02-01,1.7525,1.7946,1.7418,1.787,50718000
2005-02-02,1.8574,1.901,1.8046,1.8865,203540400
2005-02-03,1.8666,1.8796,1.8406,1.8666,69012000
2005-02-04,1.8673,1.9791,1.8666,1.9737,80644800
2005-02-07,1.9722,2.0127,1.9324,1.95,52162800
2005-02-08,1.9377,2.0005,1.9316,1.9691,45577200
2005-02-09,1.9745,1.9806,1.8903,1.9002,78375600
2005-02-10,1.9102,1.9546,1.9033,1.9446,60237600
2005-02-11,1.9324,2.0158,1.9255,2.0013,55651200
2005-02-14,1.9684,2.0082,1.9515,1.9592,43290000
2005-02-15,1.9722,2.0395,1.9691,1.9768,74850000
2005-02-16,1.9707,1.999,1.9347,1.9699,46646400
2005-02-17,1.9967,1.9974,1.937,1.9523,101740800
2005-02-18,2.1023,2.1658,2.0441,2.1635,313212000
2005-02-22,2.149,2.2416,2.1298,2.1911,142080000
2005-02-23,2.1559,2.1826,2.0847,2.1198,110784000
2005-02-24,2.0908,2.1788,2.0908,2.1758,69549600
2005-02-25,2.1788,2.2186,2.1551,2.2071,52513200
2005-02-28,2.1964,2.2194,2.1773,2.2186,75806400
2005-03-01,2.2286,2.2653,2.1911,2.2133,73714800
2005-03-02,2.1888,2.201,2.1352,2.1482,94746000
2005-03-03,2.1428,2.1566,2.0877,2.1191,76129200
2005-03-04,2.1252,2.1436,2.0923,2.1099,59312400
2005-03-07,2.1191,2.1758,2.1046,2.1314,51117600
2005-03-08,2.126,2.1306,2.0097,2.0235,133238400
2005-03-09,2.0105,2.048,1.9645,1.9707,91014000
2005-03-10,1.9768,1.9944,1.9385,1.9699,68928000
2005-03-11,1.9875,1.9906,1.9079,1.9255,73218000
2005-03-14,1.9653,1.9883,1.9515,1.9798,57214800
2005-03-15,1.9898,2.0089,1.9385,1.94,37810800
2005-03-16,1.9324,1.9629,1.9064,1.9071,53535600
2005-03-17,1.9133,1.9201,1.8834,1.888,44258400
2005-03-18,1.8911,1.8957,1.8153,1.8497,63901200
2005-03-21,1.8375,1.9178,1.8375,1.9133,65445600
2005-03-22,1.9148,1.9324,1.8719,1.8788,62299200
2005-03-23,1.8765,1.9324,1.8727,1.9194,72878400
2005-03-24,1.9247,1.9768,1.9217,1.9232,86535600
2005-03-28,1.9362,1.9515,1.8834,1.9018,51118800
2005-03-29,1.8995,1.9209,1.8513,1.8597,58740000
2005-03-30,1.8605,1.8865,1.7962,1.8597,85870800
2005-03-31,1.849,1.862,1.8099,1.8184,51831600
2005-04-01,1.8406,1.8513,1.79,1.8008,51075600
2005-04-04,1.7908,1.7962,1.7502,1.79,42142800
2005-04-05,1.7908,1.8283,1.748,1.7587,43012800
2005-04-06,1.7916,1.8214,1.7793,1.7855,56746800
2005-04-07,1.79,1.8367,1.764,1.8184,50635200
2005-04-08,1.826,1.8666,1.7908,1.7946,62154000
2005-04-11,1.8076,1.8138,1.7541,1.7594,32838000
2005-04-12,1.7541,1.7839,1.715,1.7809,51223200
2005-04-13,1.7832,1.7877,1.6951,1.7066,49840800
2005-04-14,1.7105,1.7265,1.6867,1.6929,35208000
2005-04-15,1.6714,1.6837,1.6186,1.6339,63015600
2005-04-18,1.624,1.6592,1.6148,1.6224,47310000
2005-04-19,1.6492,1.6913,1.6416,1.6791,36546000
2005-04-20,1.7074,1.7181,1.6263,1.6278,56467200
2005-04-21,1.6615,1.7242,1.6461,1.7196,53815200
2005-04-22,1.7074,1.7189,1.6821,1.702,33627600
2005-04-25,1.7166,1.7418,1.7082,1.7288,31816800
2005-04-26,1.7296,1.7656,1.686,1.7212,35314800
2005-04-27,1.676,1.6821,1.6209,1.6554,60934800
2005-04-28,1.65,1.6829,1.6339,1.6607,37294800
2005-04-29,1.6684,1.6898,1.601,1.6783,47835600
2005-05-02,1.6982,1.7173,1.6469,1.6722,33490800
2005-05-03,1.6737,1.7043,1.6561,1.663,43951200
2005-05-04,1.6707,1.7281,1.6653,1.7158,46881600
2005-05-05,1.7258,1.7709,1.7166,1.7495,61927200
2005-05-06,1.7701,1.774,1.7296,1.7732,35572800
2005-05-09,1.7809,1.8184,1.7701,1.8061,74533200
2005-05-10,1.7832,1.7839,1.7158,1.7357,73512000
2005-05-11,1.7449,1.7525,1.7036,1.7066,55542000
2005-05-12,1.7066,1.7671,1.7051,1.7441,83558400
2005-05-13,1.9018,1.9492,1.8214,1.9385,265032000
2005-05-16,1.9156,1.9584,1.9148,1.9454,66410400
2005-05-17,1.9339,1.976,1.9324,1.9668,63980400
2005-05-18,1.9622,1.986,1.9416,1.9814,55005600
2005-05-19,1.986,1.9944,1.9553,1.9775,45288000
2005-05-20,1.9752,2.0135,1.9523,2.0127,51700800
2005-05-23,2.0265,2.0801,2.0204,2.0594,70366800
2005-05-24,2.0495,2.0962,2.0395,2.0885,52219200
2005-05-25,2.09,2.0946,2.0419,2.0617,53527200
2005-05-26,2.0801,2.136,2.0763,2.1199,78878400
2005-05-27,2.1237,2.126,2.0839,2.1061,32274000
2005-05-31,2.0969,2.1145,2.0395,2.074,76317600
2005-06-01,2.0602,2.1314,2.0357,2.0931,79663200
2005-06-02,2.0855,2.1712,2.0855,2.1712,68434800
2005-06-03,2.1635,2.1834,2.1428,2.1658,55962000
2005-06-06,2.1268,2.1689,2.1252,2.1451,51289200
2005-06-07,2.1306,2.1658,2.0855,2.0931,97413600
2005-06-08,2.1023,2.1275,2.0564,2.0786,61872000
2005-06-09,2.0625,2.1666,2.0602,2.1658,61990800
2005-06-10,2.1635,2.1658,2.1268,2.1413,46509600
2005-06-13,2.1428,2.2492,2.1367,2.1888,140991600
2005-06-14,2.1865,2.2255,1.9906,2.0594,240841200
2005-06-15,2.046,2.0625,1.9722,2.0533,166978800
2005-06-16,2.0525,2.0778,1.986,2.064,48924000
2005-06-17,2.0893,2.0931,2.0544,2.0594,45634800
2005-06-20,2.0594,2.1046,2.0258,2.0908,60606000
2005-06-21,2.1046,2.1207,2.0847,2.1107,42817200
2005-06-22,2.1329,2.1474,2.0824,2.1084,70066800
2005-06-23,2.1046,2.1673,2.0969,2.1413,83697600
2005-06-24,2.1375,2.1383,2.0617,2.0732,47563200
2005-06-27,2.0602,2.077,2.038,2.0564,35458800
2005-06-28,2.0644,2.0832,2.0418,2.0694,26230800
2005-06-29,2.0686,2.074,2.0334,2.0502,28357200
2005-06-30,2.064,2.0832,2.0288,2.0449,59323200
2005-07-01,2.038,2.0571,2.0127,2.0541,31516800
2005-07-05,2.0556,2.0946,2.0418,2.0862,38844000
2005-07-06,2.0931,2.1513,2.0694,2.1421,70363200
2005-07-07,2.1084,2.1428,2.1015,2.1268,46590000
2005-07-08,2.1398,2.1605,2.1122,2.1536,40813200
2005-07-11,2.1727,2.2079,2.1635,2.1857,39949200
2005-07-12,2.1842,2.1903,2.1291,2.1735,56425200
2005-07-13,2.1865,2.1888,2.1398,2.1765,59478000
2005-07-14,2.1995,2.2423,2.077,2.0801,187149600
2005-07-15,2.0736,2.0801,2.0219,2.0579,122335200
2005-07-18,2.0518,2.0525,1.986,2.0066,104490000
2005-07-19,2.0189,2.0388,2.0036,2.0342,51789600
2005-07-20,2.0105,2.0732,1.9829,2.0648,52650000
2005-07-21,2.038,2.0472,1.9875,2.0296,59452800
2005-07-22,2.0395,2.0686,1.9622,1.9768,69926400
2005-07-25,1.9538,2.0495,1.9454,1.9883,97495200
2005-07-26,1.9798,2.0326,1.9722,2.0296,75949200
2005-07-27,2.0326,2.0801,1.9982,2.0709,80782800
2005-07-28,2.0671,2.0969,2.0388,2.087,41124000
2005-07-29,2.0786,2.1008,2.0541,2.0709,35166000
2005-08-01,2.0832,2.1115,2.0694,2.1023,38904000
2005-08-02,2.1046,2.1375,2.1015,2.1306,42265200
2005-08-03,2.1218,2.1505,2.1115,2.1306,51825600
2005-08-04,2.1145,2.1237,2.1038,2.1084,35642400
2005-08-05,2.0992,2.1666,2.0908,2.162,68409600
2005-08-08,2.1765,2.2172,2.1543,2.1696,72554400
2005-08-09,2.1727,2.1781,2.1406,2.1643,29190000
2005-08-10,2.1811,2.1842,2.1099,2.1321,44055600
2005-08-11,2.1321,2.1658,2.1115,2.162,70155600
2005-08-12,2.289,2.312,2.211,2.2921,229542000
2005-08-15,2.2997,2.374,2.2707,2.3502,88280400
2005-08-16,2.3281,2.3487,2.2936,2.3105,63748800
2005-08-17,2.3005,2.3388,2.299,2.3105,60757200
2005-08-18,2.2928,2.3043,2.2408,2.2508,82273200
2005-08-19,2.2546,2.2615,2.2278,2.2347,42223200
2005-08-22,2.2309,2.2668,2.1903,2.2163,54722400
2005-08-23,2.214,2.2423,2.2064,2.2309,25446000
2005-08-24,2.2163,2.2798,2.2056,2.2324,51462000
2005-08-25,2.2423,2.2599,2.2232,2.2477,29648400
2005-08-26,2.25,2.25,2.1918,2.2133,32343600
2005-08-29,2.1926,2.2194,2.175,2.2171,34339200
2005-08-30,2.2133,2.302,2.2102,2.2967,94885200
2005-08-31,2.2913,2.377,2.2844,2.3479,90680400
2005-09-01,2.3411,2.3701,2.3288,2.3487,55688400
2005-09-02,2.3532,2.3533,2.3028,2.3105,46980000
2005-09-06,2.3189,2.3418,2.2837,2.3296,42309600
2005-09-07,2.3265,2.4099,2.3204,2.4038,58801200
2005-09-08,2.3893,2.462,2.3893,2.4321,64611600
2005-09-09,2.4582,2.4689,2.4184,2.4635,45423600
2005-09-12,2.4658,2.4735,2.426,2.4551,55658400
2005-09-13,2.4436,2.5416,2.4436,2.5293,85472400
2005-09-14,2.5102,2.5439,2.4872,2.4987,50344800
2005-09-15,2.537,2.5714,2.5217,2.5431,75975600
2005-09-16,2.5645,2.5783,2.524,2.5446,51982800
2005-09-19,2.5416,2.55,2.4949,2.5087,42831600
2005-09-20,2.5277,2.586,2.5244,2.5576,52219200
2005-09-21,2.5477,2.5982,2.5133,2.5354,62565600
2005-09-22,2.5416,2.5416,2.4222,2.4673,73915200
2005-09-23,2.462,2.5247,2.4413,2.5033,31464000
2005-09-26,2.5224,2.5416,2.4773,2.524,40677600
2005-09-27,2.5347,2.5572,2.5133,2.5324,40416000
2005-09-28,2.54,2.5546,2.511,2.5477,35355600
2005-09-29,2.5485,2.602,2.5278,2.6005,51337200
2005-09-30,2.602,2.6472,2.5967,2.6235,45883200
2005-10-03,2.638,2.7145,2.6326,2.6954,54988800
2005-10-04,2.6877,2.7513,2.6541,2.6602,51447600
2005-10-05,2.6633,2.6633,2.5561,2.5722,59918400
2005-10-06,2.5691,2.6089,2.4857,2.563,68551200
2005-10-07,2.5676,2.5933,2.5102,2.5301,55195200
2005-10-10,2.5431,2.5477,2.465,2.4658,45921600
2005-10-11,2.475,2.4964,2.4069,2.4352,54004800
2005-10-12,2.4283,2.5018,2.4252,2.4643,65766000
2005-10-13,2.4589,2.4627,2.3571,2.4513,50930400
2005-10-14,2.4689,2.4995,2.4107,2.4513,31125600
2005-10-17,2.4528,2.4995,2.4528,2.475,24391200
2005-10-18,2.4842,2.4888,2.4184,2.4344,29983200
2005-10-19,2.4031,2.4176,2.3349,2.4138,63595200
2005-10-20,2.4176,2.4811,2.4069,2.4306,35952000
2005-10-21,2.4719,2.4796,2.4275,2.4444,29836800
2005-10-24,2.4658,2.511,2.4436,2.511,29101200
2005-10-25,2.4941,2.5347,2.4834,2.527,33468000
2005-10-26,2.5278,2.5332,2.4543,2.4582,41534400
2005-10-27,2.4627,2.4704,2.3992,2.4069,22778400
2005-10-28,2.413,2.4857,2.3533,2.4811,46464000
2005-10-31,2.4911,2.5852,2.4911,2.5676,43242000
2005-11-01,2.5485,2.5867,2.5163,2.5362,40048800
2005-11-02,2.537,2.6862,2.5255,2.6832,52366800
2005-11-03,2.7015,2.7168,2.6303,2.6518,46507200
2005-11-04,2.6533,2.6594,2.5791,2.6066,57027600
2005-11-07,2.6204,2.6292,2.5844,2.5951,37082400
2005-11-08,2.6051,2.6074,2.5354,2.5469,53896800
2005-11-09,2.5519,2.6786,2.5232,2.6617,81888000
2005-11-10,2.7543,2.814,2.5133,2.563,250362000
2005-11-11,2.5852,2.6357,2.5737,2.6051,54592800
2005-11-14,2.6059,2.6786,2.5661,2.6602,49366800
2005-11-15,2.6759,2.7015,2.6579,2.6663,49620000
2005-11-16,2.6671,2.6839,2.6051,2.6571,45528000
2005-11-17,2.6789,2.7773,2.6479,2.775,70326000
2005-11-18,2.7838,2.8071,2.7153,2.7696,46576800
2005-11-21,2.7727,2.8232,2.7543,2.8186,45470400
2005-11-22,2.8332,2.9212,2.811,2.8936,73170000
2005-11-23,2.8967,2.9273,2.8699,2.8852,41194800
2005-11-25,2.899,2.9181,2.8791,2.9135,11667600
2005-11-28,2.9212,2.9464,2.8469,2.899,42452400
2005-11-29,2.7275,2.8048,2.7031,2.7153,104313600
2005-11-30,2.6962,2.7803,2.6954,2.7666,57544800
2005-12-01,2.7895,2.8125,2.7597,2.7995,56203200
2005-12-02,2.8125,2.8194,2.7628,2.8002,33447600
2005-12-05,2.8064,2.8064,2.739,2.7482,38770800
2005-12-06,2.7528,2.7972,2.749,2.7597,37525200
2005-12-07,2.7704,2.7872,2.7168,2.7643,35266800
2005-12-08,2.7497,2.7857,2.7107,2.7421,38666400
2005-12-09,2.7505,2.7849,2.7122,2.7811,26289600
2005-12-12,2.7888,2.8278,2.7842,2.8217,28113600
2005-12-13,2.827,2.8829,2.8064,2.8584,44341200
2005-12-14,2.837,2.8508,2.7979,2.8316,28747200
2005-12-15,2.8293,2.8508,2.7666,2.7957,33272400
2005-12-16,2.8056,2.8324,2.7788,2.8201,106560000
2005-12-19,2.8339,2.8469,2.7666,2.7735,29229600
2005-12-20,2.7704,2.8125,2.7352,2.7719,30435600
2005-12-21,2.7658,2.8079,2.7413,2.7666,28938000
2005-12-22,2.7643,2.8538,2.7635,2.8508,31833600
2005-12-23,2.858,2.8768,2.8393,2.8729,21453600
2005-12-27,2.8699,2.9219,2.8607,2.8905,36796800
2005-12-28,2.8905,2.9265,2.8722,2.9173,26442000
2005-12-29,2.9158,2.925,2.84,2.8523,31046400
2005-12-30,2.8366,2.837,2.7865,2.7979,22960800
2006-01-03,2.8136,2.9464,2.8048,2.925,47281200
2006-01-04,2.9472,3.0115,2.9166,3.0069,51007200
2006-01-05,3.0076,3.0803,3.0023,3.075,64609200
2006-01-06,3.1102,3.137,2.9885,3.1255,62338800
2006-01-09,3.124,3.2296,3.1171,3.2127,56048400
2006-01-10,3.1974,3.2135,3.1569,3.2135,33966000
2006-01-11,3.2166,3.3482,3.2112,3.3298,62630400
2006-01-12,3.3291,3.3803,3.2587,3.2824,49550400
2006-01-13,3.2747,3.3015,3.2074,3.2533,42129600
2006-01-17,3.1982,3.2525,3.1661,3.251,32923200
2006-01-18,3.1538,3.2786,3.1224,3.2679,45994800
2006-01-19,3.3115,3.4944,3.3053,3.4492,91476000
2006-01-20,3.4546,3.4944,3.352,3.3528,46160400
2006-01-23,3.3792,3.4002,3.3329,3.3719,33488400
2006-01-24,3.3796,3.4592,3.3704,3.3888,38889600
2006-01-25,3.4056,3.4278,3.3184,3.3589,40023600
2006-01-26,3.4079,3.4768,3.3865,3.4737,44883600
2006-01-27,3.5204,3.5786,3.4898,3.5395,38504400
2006-01-30,3.5579,3.5587,3.4837,3.4997,31578000
2006-01-31,3.4829,3.5013,3.414,3.4408,38445600
2006-02-01,3.3788,3.4569,3.3658,3.4431,45085200
2006-02-02,3.4737,3.4768,3.3329,3.3383,47373600
2006-02-03,3.3184,3.4102,3.3061,3.3689,50425200
2006-02-06,3.3658,3.4676,3.3451,3.4638,36346800
2006-02-07,3.4676,3.4706,3.339,3.3405,39940800
2006-02-08,3.3566,3.437,3.3405,3.437,39307200
2006-02-09,3.4561,3.5013,3.3574,3.3788,43710000
2006-02-10,3.3834,3.4064,3.2809,3.3597,41499600
2006-02-13,3.3459,3.3949,3.326,3.3712,28074000
2006-02-14,3.3712,3.3895,3.3329,3.3773,34234800
2006-02-15,3.3796,3.4515,3.362,3.4423,49329600
2006-02-16,3.5074,3.6199,3.4829,3.6122,130588800
2006-02-17,3.8747,3.8816,3.6122,3.6329,235695600
2006-02-21,3.6206,3.6314,3.5242,3.5556,68406000
2006-02-22,3.5051,3.5778,3.4209,3.5495,93975600
2006-02-23,3.5349,3.5625,3.4852,3.4951,38512800
2006-02-24,3.5104,3.5525,3.476,3.4944,41641200
2006-02-27,3.5204,3.6581,3.4844,3.636,66646800
2006-02-28,3.6153,3.6505,3.5717,3.6069,56331600
2006-03-01,3.6069,3.7653,3.5969,3.7439,70393200
2006-03-02,3.74,3.8021,3.701,3.7492,54546000
2006-03-03,3.7209,3.8273,3.7079,3.7622,59580000
2006-03-06,3.838,3.861,3.7362,3.7546,52902000
2006-03-07,3.7729,3.7844,3.6161,3.6903,60620400
2006-03-08,3.6911,3.7102,3.5403,3.6719,67080000
2006-03-09,3.7201,3.7783,3.6888,3.6911,53670000
2006-03-10,3.6849,3.7339,3.5939,3.6268,52158000
2006-03-13,3.6765,3.688,3.636,3.6704,37213200
2006-03-14,3.675,3.7875,3.6597,3.7722,62779200
2006-03-15,3.7722,3.838,3.7653,3.8326,51060000
2006-03-16,3.8403,3.8441,3.6895,3.7025,56841600
2006-03-17,3.688,3.7423,3.6298,3.7324,61858800
2006-03-20,3.7661,3.7661,3.7002,3.7041,29377200
2006-03-21,3.7852,3.9566,3.7852,3.887,123547200
2006-03-22,3.786,3.8066,3.6903,3.7752,115857600
2006-03-23,3.7944,3.861,3.7454,3.8456,66199200
2006-03-24,3.8587,3.9826,3.8492,3.9757,68793600
2006-03-27,3.9796,4.086,3.9658,4.0829,65144400
2006-03-28,4.0638,4.2,4.0561,4.1456,79520400
2006-03-29,4.1556,4.376,4.1288,4.3684,98709600
2006-03-30,4.3553,4.4219,4.2941,4.3982,106330800
2006-03-31,4.4043,4.4564,4.3553,4.3821,83556000
2006-04-03,4.415,4.4923,4.35,4.4311,96891600
2006-04-04,4.4456,4.6454,4.4326,4.6385,120061200
2006-04-05,4.6247,4.699,4.5314,4.676,111297600
2006-04-06,4.6638,4.7204,4.5995,4.6852,78931200
2006-04-07,4.6592,4.7066,4.5811,4.6729,34133598
2006-04-10,4.6683,4.6898,4.5566,4.5918,63422802
2006-04-11,4.5918,4.6071,4.4525,4.4801,70207200
2006-04-12,4.5183,4.6852,4.4847,4.6607,59830800
2006-04-13,4.5612,4.6132,4.5122,4.5306,73836000
2006-04-17,4.5107,4.6561,4.5061,4.5428,44386800
2006-04-18,4.4541,4.4632,4.3148,4.4357,116548800
2006-04-19,4.425,4.5122,4.3469,4.4632,51747600
2006-04-20,4.4204,4.5367,4.35,4.4571,55268400
2006-04-21,4.4893,4.4893,4.2444,4.2964,77001600
2006-04-24,4.324,4.4709,4.2474,4.428,67684800
2006-04-25,4.3928,4.4357,4.301,4.425,71976402
2006-04-26,4.4556,4.5092,4.3469,4.3944,33052800
2006-04-27,4.3622,4.5061,4.2826,4.4648,46296402
2006-04-28,4.4617,4.5291,4.4296,4.4724,28473600
2006-05-01,4.5153,4.8168,4.503,4.7296,90247200
2006-05-02,4.7663,4.8214,4.6423,4.7235,53970000
2006-05-03,4.6898,4.8061,4.6653,4.7542,37811202
2006-05-04,4.6607,4.7755,4.6362,4.7235,51112800
2006-05-05,4.7479,4.8046,4.6821,4.7877,33818400
2006-05-08,4.7755,4.8796,4.7219,4.7663,50362002
2006-05-09,4.7602,4.7847,4.6148,4.6209,56164800
2006-05-10,4.5658,4.6194,4.4724,4.5183,75326400
2006-05-11,4.5643,4.6071,4.3224,4.3576,120110802
2006-05-12,4.2597,4.275,3.9398,4.0301,156817200
2006-05-15,4.0217,4.1235,3.9872,4.0882,55338000
2006-05-16,4.1112,4.1127,3.9551,3.9811,49753200
2006-05-17,3.9673,3.9903,3.75,3.8204,84107202
2006-05-18,3.851,3.8877,3.6428,3.6474,68672802
2006-05-19,3.6811,3.8112,3.6444,3.724,93280800
2006-05-22,3.7041,3.7117,3.5724,3.6735,73488402
2006-05-23,3.75,3.8372,3.6184,3.6337,53231202
2006-05-24,3.6658,3.7898,3.5831,3.6811,57952002
2006-05-25,3.75,3.8051,3.6413,3.6612,42366402
2006-05-26,3.675,3.6995,3.6306,3.6689,29464002
2006-05-30,3.675,3.6765,3.5143,3.5158,44878800
2006-05-31,3.5633,3.5969,3.4959,3.5173,59842002
2006-06-01,3.5571,3.701,3.502,3.701,53712402
2006-06-02,3.7607,3.7791,3.6107,3.6474,67370802
2006-06-05,3.6275,3.6949,3.4837,3.4944,58105200
2006-06-06,3.5388,3.5418,3.3061,3.401,82412802
2006-06-07,3.4377,3.4439,3.3138,3.3398,56538000
2006-06-08,3.3015,3.3444,3.1469,3.2786,73057200
2006-06-09,3.3214,3.378,3.2403,3.3,43382400
2006-06-12,3.225,3.2541,3.0689,3.0872,46322802
2006-06-13,3.0857,3.1485,3.0107,3.0398,53254800
2006-06-14,3.0582,3.1377,3.026,3.1286,48049200
2006-06-15,3.2434,3.4133,3.2173,3.4025,83733600
2006-06-16,3.3796,3.3888,3.2832,3.3153,50344800
2006-06-19,3.352,3.3689,3.2082,3.2158,38804400
2006-06-20,3.127,3.2372,3.1148,3.1653,53581602
2006-06-21,3.1515,3.251,3.1515,3.2005,44117202
2006-06-22,3.2357,3.2449,3.0857,3.1071,53233602
2006-06-23,3.101,3.1729,3.0719,3.1087,33520002
2006-06-26,3.1041,3.1377,3.0643,3.0796,28173600
2006-06-27,3.0979,3.101,2.9403,2.9816,60851202
2006-06-28,3.0046,3.1959,2.9265,3.1469,83337600
2006-06-29,3.0612,3.2893,3.0505,3.2893,68766402
2006-06-30,3.3214,3.3735,3.2342,3.2587,46824000
2006-07-03,3.3337,3.3367,3.2832,3.3061,17469600
2006-07-05,3.2541,3.2832,3.1576,3.1576,45970800
2006-07-06,3.1576,3.1883,3.0275,3.0597,47063202
2006-07-07,3.0811,3.0872,2.9311,2.9648,54122802
2006-07-10,2.9717,2.9939,2.8102,2.8362,44992002
2006-07-11,2.827,2.9418,2.7857,2.9311,60058002
2006-07-12,2.9204,2.9541,2.7872,2.7903,46103202
2006-07-13,2.7474,2.8163,2.7046,2.7184,54058002
2006-07-14,2.7689,2.7842,2.6281,2.7046,57214800
2006-07-17,2.6923,2.7566,2.6786,2.726,50280402
2006-07-18,2.8194,2.9036,2.7184,2.8745,97933200
2006-07-19,2.8622,3.0367,2.8408,3,105554802
2006-07-20,3.0536,3.1071,2.9357,2.9403,50560002
2006-07-21,2.8408,2.8531,2.6985,2.7199,63391602
2006-07-24,2.8204,3.0627,2.8056,2.9939,98317602
2006-07-25,3.0306,3.1316,2.9862,3.0995,57410400
2006-07-26,3.0995,3.1362,3.0076,3.0995,49531602
2006-07-27,3.1393,3.2678,3.0872,3.1439,69433602
2006-07-28,3.225,3.476,3.2066,3.4699,81529602
2006-07-31,3.4331,3.4684,3.3796,3.3888,59476002
2006-08-01,3.3474,3.3536,3.1913,3.2525,60096402
2006-08-02,3.3245,3.5189,3.3168,3.502,75677202
2006-08-03,3.4898,3.8173,3.4408,3.7224,89056800
2006-08-04,3.8204,3.8265,3.577,3.6719,81823200
2006-08-07,3.6076,3.675,3.5587,3.6291,43614402
2006-08-08,3.6581,3.8036,3.649,3.7255,61980402
2006-08-09,3.799,3.903,3.6964,3.724,58470402
2006-08-10,3.6826,3.7194,3.6199,3.6979,107214000
2006-08-11,3.4286,3.675,3.4163,3.5816,160327200
2006-08-14,3.6252,3.6627,3.5434,3.5633,80941200
2006-08-15,3.6551,3.926,3.6199,3.9061,90217200
2006-08-16,3.9275,4.203,3.8265,4.1862,102924402
2006-08-17,4.1342,4.2428,4.0791,4.1204,81422400
2006-08-18,4.125,4.2092,3.9811,4.1877,66589602
2006-08-21,4.125,4.1326,4.024,4.0331,50022000
2006-08-22,4.0209,4.1388,4.0178,4.027,47392800
2006-08-23,4.0576,4.099,3.9352,4.024,48541200
2006-08-24,4.0347,4.0867,3.9704,4.0653,26080002
2006-08-25,4.0347,4.125,3.9949,4.053,23831202
2006-08-28,4.1204,4.3117,4.1127,4.1923,76456002
2006-08-29,4.2321,4.402,4.2015,4.3821,72796002
2006-08-30,4.4059,4.5183,4.3959,4.4724,68156400
2006-08-31,4.4617,4.4816,4.3592,4.4556,51127602
2006-09-01,4.3898,4.425,4.252,4.2689,60574002
2006-09-05,4.2826,4.3791,4.2199,4.3622,54935202
2006-09-06,4.2857,4.2918,4.1326,4.1434,49357200
2006-09-07,4.076,4.3194,4.0316,4.226,74283600
2006-09-08,4.2934,4.3117,4.1464,4.2398,44797602
2006-09-11,4.1449,4.3546,4.0974,4.3056,59826402
2006-09-12,4.2857,4.4464,4.275,4.4189,49843200
2006-09-13,4.4296,4.5122,4.4158,4.4541,47628402
2006-09-14,4.4326,4.5153,4.3791,4.4372,42881202
2006-09-15,4.4525,4.5459,4.4311,4.5245,64976400
2006-09-18,4.5367,4.7036,4.5229,4.6959,79389600
2006-09-19,4.6653,4.6989,4.5352,4.5735,70805202
2006-09-20,4.6331,4.7464,4.624,4.7403,51188400
2006-09-21,4.7357,4.7831,4.6576,4.702,53910402
2006-09-22,4.6875,4.7173,4.5107,4.5627,65333202
2006-09-25,4.6308,4.7464,4.5061,4.7265,68448402
2006-09-26,4.7219,4.7342,4.5673,4.627,51612000
2006-09-27,4.6132,4.7602,4.5689,4.6132,57814002
2006-09-28,4.4326,4.5444,4.4129,4.526,64734402
2006-09-29,4.5566,4.5918,4.5046,4.5291,37388802
2006-10-02,4.5076,4.5367,4.3775,4.4143,64744002
2006-10-03,4.3316,4.3653,4.2352,4.3316,90769200
2006-10-04,4.3377,4.7587,4.3255,4.7571,146038002
2006-10-05,4.7388,4.7862,4.6102,4.6224,66268002
2006-10-06,4.6301,4.7831,4.6163,4.7342,59360802
2006-10-09,4.7227,5.1015,4.7097,5.0388,93230400
2006-10-10,5.0127,5.0326,4.8673,4.924,62464800
2006-10-11,4.8979,5.0388,4.8229,4.9515,48194400
2006-10-12,4.9791,5.074,4.8995,4.9714,41472000
2006-10-13,4.9546,5.1979,4.8735,5.1689,58418802
2006-10-16,5.1857,5.2699,5.0678,5.1597,47896800
2006-10-17,5.0755,5.1107,4.9132,4.9622,52650402
2006-10-18,5.0365,5.0893,4.7954,4.8306,82274802
2006-10-19,4.8122,4.9592,4.774,4.9224,47304000
2006-10-20,4.9607,4.9638,4.7952,4.8658,35947602
2006-10-23,4.8551,4.9729,4.8214,4.8337,28024800
2006-10-24,4.8428,5.0296,4.8291,4.9745,51928800
2006-10-25,5.0219,5.0969,4.9377,5.0204,38943600
2006-10-26,5.0326,5.1964,5.0326,5.1796,36668802
2006-10-27,5.1796,5.2944,4.8979,4.9561,56698800
2006-10-30,4.9898,5.1046,4.9362,5.0158,47959200
2006-10-31,5.126,5.3372,5.1,5.3372,99617202
2006-11-01,5.2668,5.3158,4.852,4.9255,117654000
2006-11-02,4.9484,5.0556,4.8245,4.8918,86294400
2006-11-03,4.9469,4.9959,4.8673,4.9898,54806802
2006-11-06,5.0036,5.2102,4.9408,5.1413,73960002
2006-11-07,5.1796,5.2745,5.1505,5.2194,55325202
2006-11-08,5.1826,5.3602,5.1704,5.2959,64832400
2006-11-09,5.4038,5.5408,5.3556,5.4015,120775602
2006-11-10,5.3556,5.3816,5.1382,5.2714,131719200
2006-11-13,5.2814,5.5255,5.2806,5.5102,85228002
2006-11-14,5.4903,5.576,5.3724,5.5653,62852802
2006-11-15,5.5484,5.625,5.4429,5.4734,49189200
2006-11-16,5.4964,5.5638,5.449,5.5439,45718002
2006-11-17,5.5056,5.5745,5.4719,5.5592,36160800
2006-11-20,5.4903,5.6418,5.449,5.6112,60863202
2006-11-21,5.628,5.6372,5.4857,5.524,38738400
2006-11-22,5.5439,5.625,5.5148,5.6189,24025602
2006-11-24,5.5913,5.6724,5.5408,5.6602,14433600
2006-11-27,5.6265,5.7015,5.3663,5.4046,58529202
2006-11-28,5.3862,5.5546,5.302,5.5056,48096402
2006-11-29,5.5561,5.6541,5.5347,5.5867,57979200
2006-11-30,5.5867,5.7076,5.5194,5.6617,58363200
2006-12-01,5.599,5.6066,5.3908,5.4398,78500802
2006-12-04,5.5102,5.7306,5.4903,5.6602,62156802
2006-12-05,5.6005,5.6342,5.5393,5.602,66335202
2006-12-06,5.6204,5.6204,5.5178,5.5944,47824002
2006-12-07,5.5944,5.625,5.4107,5.4597,48689202
2006-12-08,5.4199,5.5163,5.3418,5.4413,56485602
2006-12-11,5.4428,5.6005,5.4306,5.5347,51548400
2006-12-12,5.4933,5.5117,5.4046,5.478,56811600
2006-12-13,5.5224,5.5867,5.5224,5.5423,49195200
2006-12-14,5.5867,5.7107,5.5821,5.6403,71538000
2006-12-15,5.677,5.7398,5.6418,5.7398,74609202
2006-12-18,5.7459,5.9081,5.7428,5.8393,68835600
2006-12-19,5.7638,5.9541,5.7566,5.9234,54562002
2006-12-20,5.8928,5.9632,5.8515,5.8561,30659202
2006-12-21,5.8882,5.9051,5.7398,5.8056,36792000
2006-12-22,5.7964,5.8163,5.6403,5.6678,37016802
2006-12-26,5.6984,5.749,5.6433,5.6663,22819200
2006-12-27,5.6908,5.7612,5.6908,5.7413,26495202
2006-12-28,5.7474,5.7535,5.674,5.7,21391200
2006-12-29,5.7,5.8194,5.6587,5.6648,38609202
2007-01-03,5.674,5.7428,5.325,5.5224,115482000
2007-01-04,5.5025,5.5224,5.3617,5.4964,79729602
2007-01-05,5.3663,5.3877,5.1153,5.152,124334400
2007-01-08,5.1704,5.2898,5.0816,5.1903,65726802
2007-01-09,5.1979,5.2331,5.0831,5.0893,76416402
2007-01-10,5.0357,5.3877,4.9592,5.3403,110874402
2007-01-11,5.3403,5.3816,5.2331,5.3204,92450400
2007-01-12,5.2408,5.4138,5.2163,5.3923,69818802
2007-01-16,5.4337,5.4367,5.3403,5.4015,71186400
2007-01-17,5.3265,5.3587,5.2683,5.2882,70793202
2007-01-18,5.2423,5.2423,4.7847,4.8505,150163602
2007-01-19,4.7985,4.9806,4.7648,4.8795,94260402
2007-01-22,4.9255,5.0051,4.8612,4.8796,73064400
2007-01-23,4.8566,4.9592,4.766,4.8811,63035202
2007-01-24,4.9439,5.0984,4.9209,5.0326,68572002
2007-01-25,5.0786,5.0969,4.8321,4.8566,61628400
2007-01-26,4.8979,4.9454,4.7296,4.8168,82958400
2007-01-29,4.7946,4.7985,4.5782,4.6194,125828400
2007-01-30,4.65,4.7388,4.6087,4.7081,63617202
2007-01-31,4.6852,4.7357,4.627,4.6913,46797600
2007-02-01,4.6469,4.7755,4.6377,4.751,65089602
2007-02-02,4.777,4.8979,4.7372,4.875,58658802
2007-02-05,4.8979,4.9959,4.8903,4.9546,57990402
2007-02-06,5.0663,5.1949,4.9913,5.1306,77538402
2007-02-07,5.1719,5.3433,5.1413,5.3311,76105602
2007-02-08,5.25,5.3372,5.2041,5.2622,72627600
2007-02-09,5.2882,5.3326,4.9775,4.9974,93795600
2007-02-12,5.0342,5.2163,4.9806,5.1076,78936000
2007-02-13,5.1903,5.2454,5.1382,5.2041,84973200
2007-02-14,5.25,5.2806,5.1229,5.1352,108184800
2007-02-15,5.1321,5.1918,5.0831,5.1658,48868002
2007-02-16,5.1444,5.1505,4.9928,5.0081,91506000
2007-02-20,5.0158,5.0801,4.9806,5.0525,62557602
2007-02-21,5.0112,5.0648,4.927,4.9775,65533200
2007-02-22,5.0556,5.1367,4.9974,5.0097,65545200
2007-02-23,5.0571,5.0602,4.9959,4.9974,40304802
2007-02-26,5.0112,5.0495,4.9132,4.9209,49406802
2007-02-27,4.8673,4.9821,4.7648,4.7724,71462802
2007-02-28,4.7587,4.8474,4.7005,4.7449,78004800
2007-03-01,4.6423,4.774,4.5811,4.6867,83722800
2007-03-02,4.6454,4.702,4.5474,4.5566,68272800
2007-03-05,4.477,4.5658,4.3867,4.4023,66355602
2007-03-06,4.4985,4.7127,4.4801,4.6622,80597202
2007-03-07,4.6393,4.6607,4.5107,4.5306,81165600
2007-03-08,4.6255,4.7694,4.6224,4.7173,77062002
2007-03-09,4.7831,4.8367,4.6163,4.6699,55530402
2007-03-12,4.6163,4.7097,4.6102,4.6423,42800802
2007-03-13,4.5949,4.6224,4.4433,4.4464,61706802
2007-03-14,4.4587,4.4847,4.2918,4.425,97160802
2007-03-15,4.4143,4.4541,4.3132,4.3806,65575200
2007-03-16,4.3837,4.3913,4.3087,4.3393,52564800
2007-03-19,4.3622,4.4311,4.3469,4.3607,46150800
2007-03-20,4.3469,4.4464,4.3224,4.3393,65648802
2007-03-21,4.5153,4.6592,4.4297,4.5872,126837600
2007-03-22,4.5918,4.7158,4.5704,4.6882,81095202
2007-03-23,4.653,4.7357,4.6025,4.6362,52464000
2007-03-26,4.6393,4.6837,4.5612,4.6454,44733600
2007-03-27,4.6347,4.6439,4.5536,4.5581,46902000
2007-03-28,4.5199,4.5581,4.4632,4.4709,45950400
2007-03-29,4.5382,4.5444,4.3209,4.3928,71901600
2007-03-30,4.4525,4.4847,4.3821,4.4051,58124400
2007-04-02,4.3944,4.4311,4.3286,4.4005,40082802
2007-04-03,4.4005,4.4495,4.3423,4.3837,47372400
2007-04-04,4.3775,4.4127,4.3622,4.3745,36169200
2007-04-05,4.3928,4.7342,4.3928,4.7296,133290000
2007-04-09,4.7296,4.7831,4.6347,4.6439,64094802
2007-04-10,4.6377,4.6913,4.5872,4.5964,79422000
2007-04-11,4.6056,4.6515,4.4985,4.5138,81014802
2007-04-12,4.4893,4.6561,4.4602,4.6423,74364000
2007-04-13,4.627,4.6898,4.5704,4.6806,63869202
2007-04-16,4.6683,4.7036,4.5964,4.6561,67183602
2007-04-17,4.774,4.8826,4.6775,4.7005,105910800
2007-04-18,4.6928,4.8,4.6683,4.7587,68380002
2007-04-19,4.7204,4.852,4.7066,4.8245,56805600
2007-04-20,4.8949,4.8979,4.8168,4.8811,59005200
2007-04-23,4.8581,4.8673,4.7877,4.8015,59527200
2007-04-24,4.8826,5.0265,4.8505,4.9821,102808800
2007-04-25,4.9745,5.0954,4.9515,5.0678,50964000
2007-04-26,5.0678,5.1689,5.0219,5.1306,50006802
2007-04-27,5.1138,5.1704,4.9806,5.0617,55405602
2007-04-30,5.1306,5.1949,5.0326,5.0342,56338800
2007-05-01,5.126,5.1597,5.0464,5.0877,54455202
2007-05-02,5.1138,5.1352,5.002,5.028,65965602
2007-05-03,5.0755,5.1566,5.0663,5.1229,50024802
2007-05-04,5.1505,5.1857,5.1015,5.1597,40524402
2007-05-07,5.2347,5.2928,5.051,5.0571,55710000
2007-05-08,5.0265,5.1076,4.9286,5.0954,73710000
2007-05-09,5.0587,5.1474,5.0005,5.1183,41786802
2007-05-10,5.1398,5.2071,4.9791,5.0234,80258400
2007-05-11,5.2944,5.4306,5.2132,5.3786,153062802
2007-05-14,5.3571,5.4076,5.2745,5.325,73156800
2007-05-15,5.3403,5.3724,5.2653,5.2775,62136000
2007-05-16,5.2821,5.3449,5.1811,5.3449,52310400
2007-05-17,5.3296,5.3571,5.2255,5.2561,44366400
2007-05-18,5.2959,5.3755,5.2515,5.3602,60426402
2007-05-21,5.3449,5.5102,5.3189,5.377,64576800
2007-05-22,5.3816,5.4552,5.2944,5.4061,40173600
2007-05-23,5.4092,5.4413,5.2469,5.2622,44824800
2007-05-24,5.2867,5.302,5.051,5.0724,60780000
2007-05-25,5.1092,5.178,5.0939,5.152,30897600
2007-05-29,5.1306,5.224,5.1153,5.2071,31624002
2007-05-30,5.1459,5.2194,5.0816,5.2194,33164802
2007-05-31,5.2576,5.3342,5.2331,5.3019,48157200
2007-06-01,5.3617,5.4413,5.3296,5.3388,42908400
2007-06-04,5.2898,5.3984,5.2683,5.3678,32200002
2007-06-05,5.3831,5.5362,5.374,5.527,69858402
2007-06-06,5.4888,5.6571,5.4658,5.5683,95073600
2007-06-07,5.5423,5.625,5.5071,5.5087,79186002
2007-06-08,5.4627,5.602,5.3954,5.5944,53326800
2007-06-11,5.5944,5.6479,5.5638,5.6143,43463202
2007-06-12,5.5852,5.6632,5.553,5.5561,52676802
2007-06-13,5.6173,5.6908,5.5454,5.6893,58723200
2007-06-14,5.6632,5.8117,5.6556,5.7903,50854800
2007-06-15,5.8561,6.0995,5.8546,6.0535,108199602
2007-06-18,6.1148,6.1362,6.0076,6.0566,68566002
2007-06-19,6.0183,6.1086,5.977,6.0949,49195200
2007-06-20,6.1224,6.153,6.0597,6.101,82279200
2007-06-21,6.2189,6.6321,6.1714,6.5785,129732402
2007-06-22,6.5816,6.7148,6.4821,6.6765,88261602
2007-06-25,6.4898,6.649,6.4301,6.5005,81970002
2007-06-26,6.4836,6.502,6.1836,6.199,86848002
2007-06-27,6.199,6.3734,6.1683,6.3658,61314000
2007-06-28,6.3842,6.4959,6.3214,6.427,59753202
2007-06-29,6.4699,6.4714,6.3199,6.3229,51656802
2007-07-02,6.4132,6.5889,6.3933,6.5862,56384802
2007-07-03,6.5816,6.649,6.528,6.5969,23876802
2007-07-05,6.5984,6.6887,6.5663,6.6673,37328802
2007-07-06,6.6581,6.7255,6.6459,6.6995,28272000
2007-07-09,6.724,6.926,6.7224,6.8939,53678400
2007-07-10,6.8586,7.0025,6.7852,6.9612,55265202
2007-07-11,6.9597,7.0071,6.8342,6.9306,58261200
2007-07-12,6.9796,7.0714,6.9306,7.0643,43873200
2007-07-13,7.0438,7.128,7.0132,7.0209,37262802
2007-07-16,7.027,7.177,7.0255,7.1479,54170802
2007-07-17,7.177,7.3209,7.1112,7.1179,64381200
2007-07-18,7.0148,7.0362,6.8495,6.9872,55065600
2007-07-19,7.0867,7.1219,6.9298,6.9796,40737600
2007-07-20,7.0255,7.05,6.8694,6.903,50564802
2007-07-23,6.8785,7.1143,6.8632,6.9719,36047202
2007-07-24,6.9444,7.0025,6.7454,6.7877,45756000
2007-07-25,6.7898,6.8862,6.6,6.7561,43719600
2007-07-26,6.6842,6.8847,6.5939,6.7898,71026800
2007-07-27,6.8035,7.0852,6.7699,6.7729,61548000
2007-07-30,6.7974,6.9734,6.7959,6.9627,53815602
2007-07-31,7.2382,7.3362,6.9949,7.0041,71149200
2007-08-01,6.903,7.0729,6.6275,6.952,70582800
2007-08-02,7.0316,7.0377,6.828,6.9214,46860402
2007-08-03,6.8984,6.949,6.5081,6.5112,62341200
2007-08-06,6.5663,6.6153,6.3826,6.5663,52472400
2007-08-07,6.5372,6.7791,6.4791,6.6704,56576400
2007-08-08,6.7905,7.1862,6.7393,6.978,66074400
2007-08-09,7.0255,7.2551,6.8648,7.0607,125183202
2007-08-10,6.4821,6.7791,6.3352,6.7331,114101202
2007-08-13,6.7867,6.8326,6.5204,6.6597,70040802
2007-08-14,6.7056,7.0255,6.6857,6.9183,109217202
2007-08-15,6.8816,6.9796,6.6168,6.626,69514002
2007-08-16,6.5602,6.6076,6.199,6.5158,78002802
2007-08-17,6.6964,6.9061,6.4882,6.9,72871200
2007-08-20,6.9046,6.9796,6.7882,6.8724,51968400
2007-08-21,6.9137,7.2995,6.8112,7.2444,71533602
2007-08-22,7.428,7.4525,7.278,7.4097,56615202
2007-08-23,7.4449,7.5321,7.3148,7.3469,66798402
2007-08-24,7.3255,7.399,7.2719,7.3852,36164400
2007-08-27,7.3852,7.6301,7.3515,7.552,63594402
2007-08-28,7.5535,7.6071,7.0745,7.0913,56002002
2007-08-29,7.2398,7.503,7.2245,7.4938,53856000
2007-08-30,7.4219,7.6362,7.4188,7.451,46566000
2007-08-31,7.6071,7.8597,7.5658,7.8306,72083202
2007-09-04,7.8658,8.1061,7.7433,8.0724,68326800
2007-09-05,8.0372,8.2653,8.0051,8.0112,65627202
2007-09-06,8.1107,8.1842,8.0127,8.0464,42549600
2007-09-07,7.8229,7.9041,7.6025,7.7525,60230400
2007-09-10,7.9209,8.0586,7.7097,7.7739,87211200
2007-09-11,7.8864,7.9989,7.7854,7.9393,27028268
2007-09-12,8.0242,8.0632,7.5489,7.627,55445200
2007-09-13,7.7717,7.7804,7.5742,7.6293,45286400
2007-09-14,7.5535,7.5627,7.3813,7.4043,48730800
2007-09-17,7.4158,7.4938,7.3079,7.3882,37482800
2007-09-18,7.4663,8.1505,7.4548,8.0357,84474000
2007-09-19,8.1092,8.2653,7.8107,7.8887,52136000
2007-09-20,7.8933,7.9783,7.7556,7.8428,32417200
2007-09-21,7.9209,8.0357,7.8428,7.9186,45753200
2007-09-24,7.9668,8.2423,7.9094,8.1206,45636000
2007-09-25,8.0495,8.2584,8.0495,8.224,36074800
2007-09-26,8.2653,8.4375,8.2446,8.4191,51803200
2007-09-27,8.4995,8.5408,8.3548,8.4444,37828000
2007-09-28,8.4949,8.5247,8.302,8.3204,40429200
2007-10-01,8.4145,8.713,8.3824,8.6716,39820000
2007-10-02,8.651,8.6671,8.4627,8.5884,28496000
2007-10-03,8.3915,8.4375,8.0885,8.224,46719600
2007-10-04,8.2148,8.3089,7.9783,8.2607,37897600
2007-10-05,8.3915,8.5247,8.302,8.4788,34484000
2007-10-08,8.5385,8.6303,8.4375,8.6165,25248400
2007-10-09,8.6165,8.6556,8.3387,8.4653,40300800
2007-10-10,8.5224,8.5224,8.2699,8.4742,38913600
2007-10-11,8.3732,8.5018,8.0058,8.0977,52910400
2007-10-12,8.1872,8.2951,8.0609,8.2951,40995200
2007-10-15,8.3227,8.4627,8.2836,8.3548,35590000
2007-10-16,8.3456,8.5798,8.3158,8.4306,27636000
2007-10-17,8.7589,9.1033,8.7497,9.078,71794400
2007-10-18,9.0482,9.1079,8.8209,9.0711,34062000
2007-10-19,9.0505,9.0551,8.5821,8.5844,50576800
2007-10-22,8.5293,9.0091,8.4604,8.9908,53765600
2007-10-23,9.1079,9.1079,8.7887,9.0344,29429200
2007-10-24,8.8393,8.8393,8.2997,8.729,56550000
2007-10-25,8.4604,8.5408,7.712,7.9668,80619200
2007-10-26,8.2194,8.2745,7.7831,7.8979,61658000
2007-10-29,7.627,7.7487,7.4755,7.712,81389600
2007-10-30,7.7739,8.1574,7.6454,7.9944,52521200
2007-10-31,8.0426,8.1275,7.7923,8.1229,45518800
2007-11-01,7.9967,8.2859,7.8864,8.1229,58723600
2007-11-02,8.2354,8.4949,8.1206,8.4352,49184400
2007-11-05,8.364,8.6372,8.3112,8.4352,43663600
2007-11-06,8.5155,8.7704,8.4765,8.7015,55462000
2007-11-07,8.6969,8.7313,8.2194,8.2882,54676800
2007-11-08,8.2079,8.3571,7.5329,7.7688,99682400
2007-11-09,7.9324,7.9898,7.4961,7.6592,87105600
2007-11-12,7.6569,7.712,6.8946,6.8946,71573200
2007-11-13,7.0071,7.5099,6.8946,7.503,72669600
2007-11-14,7.6936,7.7671,7.3469,7.3859,66672000
2007-11-15,7.3386,7.4066,7.1173,7.2872,49643600
2007-11-16,7.3469,7.4709,7.2872,7.4502,42359200
2007-11-19,7.3446,7.3814,6.9084,6.9474,56841200
2007-11-20,7.0783,7.0898,6.6834,6.8946,62262800
2007-11-21,6.75,6.9842,6.7293,6.8211,64845200
2007-11-23,6.8694,6.9681,6.7821,6.9382,14197600
2007-11-26,6.9336,7.076,6.7637,6.7775,38589600
2007-11-27,6.874,7.0898,6.8211,7.0691,45885600
2007-11-28,7.2918,7.6431,7.2574,7.5421,57454800
2007-11-29,7.5306,7.8291,7.4975,7.6041,48908400
2007-11-30,7.852,7.852,7.2183,7.2413,65265600
2007-12-03,7.3469,7.4824,7.2344,7.3469,49068800
2007-12-04,7.3791,7.4043,7.1977,7.34,37171200
2007-12-05,7.6201,7.8635,7.526,7.7211,66670400
2007-12-06,7.7028,7.9025,7.6339,7.8773,37115200
2007-12-07,7.9094,7.9186,7.6982,7.7785,32029200
2007-12-10,7.8038,7.9553,7.7808,7.8635,33636000
2007-12-11,8.0311,8.178,7.8543,7.8726,58243600
2007-12-12,8.2056,8.2859,7.9852,8.1436,61750400
2007-12-13,8.0449,8.0977,7.6867,7.9209,50036400
2007-12-14,7.8842,8.139,7.8313,8.0518,35401600
2007-12-17,7.9668,8.0426,7.6224,7.6408,50740800
2007-12-18,7.7579,7.9209,7.6798,7.8359,39689600
2007-12-19,7.8084,7.9829,7.7762,7.9094,25353600
2007-12-20,8.0357,8.0931,7.8681,8.0747,27994000
2007-12-21,8.1711,8.2423,7.9989,8.0724,43340800
2007-12-24,8.1321,8.2538,8.0724,8.2148,10400800
2007-12-26,8.2308,8.325,8.1505,8.325,21534000
2007-12-27,8.3112,8.3571,8.0472,8.0678,24136800
2007-12-28,8.0541,8.1505,7.9186,7.9875,26206400
2007-12-31,7.9232,8.0678,7.8084,7.8107,27623600
2008-01-02,7.8336,7.8635,7.4755,7.5788,48396400
2008-01-03,7.6224,7.7739,7.4916,7.5191,47530800
2008-01-04,7.2941,7.3308,6.8418,6.8877,73609200
2008-01-07,6.9336,6.991,6.0497,6.176,100680000
2008-01-08,6.2104,6.7247,6.0658,6.3069,110695600
2008-01-09,6.3918,6.6352,6.2977,6.6329,74103600
2008-01-10,6.4515,6.5984,6.3666,6.4951,55443200
2008-01-11,6.3413,6.4745,6.1645,6.2104,57261200
2008-01-14,6.3023,6.6329,6.2013,6.6237,53918800
2008-01-15,6.3711,6.4469,6.0291,6.137,72569200
2008-01-16,5.7513,5.8224,5.3173,5.4436,146447200
2008-01-17,5.5285,5.6755,5.3357,5.3495,113390000
2008-01-18,5.3655,5.7329,5.1704,5.703,92042800
2008-01-22,5.1589,5.5515,5.1268,5.4367,70909200
2008-01-23,5.1979,5.6801,5.1474,5.5171,92988000
2008-01-24,5.625,5.9418,5.5722,5.9395,59709200
2008-01-25,6.1668,6.3046,5.7007,5.7283,68801200
2008-01-28,5.7076,5.765,5.5381,5.6594,57760800
2008-01-29,5.7604,5.8569,5.6112,5.8339,41448400
2008-01-30,5.7398,5.8706,5.6181,5.7834,53047600
2008-01-31,5.6571,5.7513,5.4712,5.6456,58870800
2008-02-01,5.6342,6.199,5.5859,6.1668,59310400
2008-02-04,6.3,6.3344,5.9418,5.974,56512800
2008-02-05,5.8546,5.8569,5.5974,5.5997,49492800
2008-02-06,5.6594,5.8155,5.478,5.5814,55738000
2008-02-07,5.4206,5.7949,5.3036,5.6365,66412800
2008-02-08,5.5837,5.7811,5.5102,5.7375,39393200
2008-02-11,5.7857,5.8798,5.7168,5.7558,50373200
2008-02-12,5.8431,6.052,5.8109,5.9694,60968800
2008-02-13,6.0153,6.2219,5.951,6.2035,74231200
2008-02-14,6.0222,6.0268,5.1773,5.1911,218429600
2008-02-15,5.1704,5.3104,5.0303,5.113,81736400
2008-02-19,5.2117,5.2163,4.9936,5.0372,55860800
2008-02-20,4.8903,5.074,4.8696,5.0005,75901600
2008-02-21,5.051,5.0763,4.8581,4.888,64427200
2008-02-22,4.927,5.1337,4.8903,5.1245,72305200
2008-02-25,5.1199,5.1796,4.9867,5.1222,67178400
2008-02-26,5.0923,5.2439,5.0143,5.1658,56542000
2008-02-27,5.1405,5.2875,5.1084,5.2462,53781600
2008-02-28,5.2002,5.2094,5.0487,5.0487,50360800
2008-02-29,4.9819,5.0326,4.8903,4.911,54057600
2008-03-03,4.9041,4.9385,4.7893,4.8536,44902800
2008-03-04,4.8214,4.8306,4.6171,4.8053,77888800
2008-03-05,4.8513,4.9752,4.8007,4.8604,64465600
2008-03-06,4.8007,4.8329,4.5482,4.5551,107528400
2008-03-07,4.4724,4.6653,4.3622,4.4885,76750000
2008-03-10,4.4334,4.4885,4.2245,4.2314,77610000
2008-03-11,4.3622,4.415,4.1877,4.3714,85794000
2008-03-12,4.4127,4.4518,4.2153,4.252,74332000
2008-03-13,4.1854,4.5872,4.1602,4.5229,122052800
2008-03-14,4.5459,4.5505,4.174,4.2061,115497200
2008-03-17,4.0224,4.2428,3.9742,4.1005,80095200
2008-03-18,4.1969,4.3622,4.0775,4.3553,107525600
2008-03-19,4.2543,4.314,4.0546,4.0546,88047600
2008-03-20,4.1028,4.2612,4.0293,4.252,63346000
2008-03-24,4.3462,4.624,4.3301,4.5987,88744000
2008-03-25,4.6194,4.7525,4.5757,4.6653,73538800
2008-03-26,4.6033,4.6354,4.4655,4.5161,72165200
2008-03-27,4.4472,4.5735,4.3783,4.4518,60130800
2008-03-28,4.5321,4.6354,4.4862,4.5183,56178800
2008-03-31,4.5666,4.6515,4.4862,4.5436,56999200
2008-04-01,4.6791,4.8329,4.6125,4.8214,67687200
2008-04-02,4.8352,4.8352,4.6377,4.6745,61653600
2008-04-03,4.6354,4.6423,4.4518,4.5872,84198400
2008-04-04,4.4954,4.5183,4.3002,4.3117,153552800
2008-04-07,4.4173,4.4816,4.3806,4.415,72949600
2008-04-08,4.3622,4.5321,4.3622,4.3898,63947600
2008-04-09,4.4403,4.5229,4.399,4.477,67523200
2008-04-10,4.5252,4.7089,4.4288,4.5643,109218400
2008-04-11,4.477,4.5046,4.2268,4.2543,110628000
2008-04-14,4.2382,4.2474,4.0867,4.112,78000400
2008-04-15,4.1326,4.1763,4.0431,4.1602,43991600
2008-04-16,4.3209,4.3806,4.2428,4.3255,64683600
2008-04-17,4.1257,4.2819,4.1234,4.2658,59696800
2008-04-18,4.3921,4.4357,4.3071,4.3668,57354000
2008-04-21,4.3347,4.5918,4.3324,4.562,67989200
2008-04-22,4.5,4.5275,4.3806,4.477,58766800
2008-04-23,4.539,4.7433,4.4793,4.6928,102049600
2008-04-24,4.7296,4.7433,4.5115,4.5803,65576400
2008-04-25,4.624,4.6377,4.4793,4.6263,55220800
2008-04-28,4.6056,4.6745,4.5252,4.5436,53570000
2008-04-29,4.4954,4.6951,4.4931,4.6377,57340800
2008-04-30,4.6905,4.7686,4.6607,4.7181,106832000
2008-05-01,4.7755,4.9477,4.7525,4.9362,101462400
2008-05-02,5.051,5.1704,4.9948,5.1704,113101600
2008-05-05,5.1474,5.1589,5.0303,5.0418,94339200
2008-05-06,5.028,5.1842,4.95,5.1727,72903600
2008-05-07,5.2094,5.2553,5.0097,5.0533,71563200
2008-05-08,5.0923,5.1084,4.8237,5.0395,136000000
2008-05-09,5.051,5.3793,5.0441,5.1727,203035200
2008-05-12,5.2393,5.2393,4.9752,5.0257,100665200
2008-05-13,5.051,5.051,4.8857,4.9224,85410800
2008-05-14,4.9844,5.1979,4.9224,5.0671,75114800
2008-05-15,5.0556,5.4826,5.0326,5.4597,116546400
2008-05-16,5.5446,5.6158,5.4252,5.6043,109155600
2008-05-19,5.6112,5.8109,5.4482,5.4872,115853200
2008-05-20,5.338,5.4,5.2829,5.3449,77140400
2008-05-21,5.3609,5.5653,5.2898,5.3013,106666000
2008-05-22,5.377,5.4734,5.2921,5.4298,69310800
2008-05-23,5.4206,5.4643,5.2278,5.3058,80267200
2008-05-27,5.315,5.3701,5.214,5.3632,83285600
2008-05-28,5.5033,5.524,5.3518,5.4138,75173600
2008-05-29,5.4161,5.4252,5.3013,5.4,69346000
2008-05-30,5.5561,5.6893,5.5377,5.6709,83024400
2008-06-02,5.6709,5.7375,5.6089,5.6939,73466000
2008-06-03,5.7168,5.7214,5.4344,5.501,84069600
2008-06-04,5.3908,5.5768,5.3495,5.5653,83172400
2008-06-05,5.749,5.8201,5.6411,5.7053,82786000
2008-06-06,5.6365,5.6433,5.4918,5.524,78487600
2008-06-09,5.4918,5.5676,5.3288,5.439,63791600
2008-06-10,5.2921,5.299,5.0831,5.1176,122520800
2008-06-11,5.1153,5.2416,4.8719,4.8788,99942800
2008-06-12,4.989,5.0854,4.8673,4.9087,82599200
2008-06-13,4.9155,4.9729,4.7479,4.8926,70574800
2008-06-16,4.8398,4.8857,4.787,4.826,63049600
2008-06-17,4.8949,4.8972,4.6974,4.7089,68791200
2008-06-18,4.6538,4.8214,4.4954,4.5712,106527200
2008-06-19,4.5803,4.6607,4.4495,4.5597,78492800
2008-06-20,4.5218,4.5872,4.4564,4.5367,74100800
2008-06-23,4.5757,4.5757,4.4036,4.4426,77661600
2008-06-24,4.4196,4.6951,4.4173,4.5895,107892800
2008-06-25,4.6607,4.6951,4.5413,4.6148,90097600
2008-06-26,4.477,4.5115,4.3772,4.3783,84553200
2008-06-27,4.3921,4.4518,4.2956,4.4265,58414000
2008-06-30,4.376,4.415,4.2681,4.2979,65394000
2008-07-01,4.2589,4.3094,4.1694,4.3048,88146400
2008-07-02,4.2842,4.3117,4.1326,4.1395,76319600
2008-07-03,2.9801,3.0145,2.8469,2.8676,298752000
2008-07-07,2.9158,2.9296,2.7,2.7781,220269200
2008-07-08,2.7895,2.8653,2.7092,2.762,180528800
2008-07-09,2.7689,2.8102,2.7126,2.7138,141316800
2008-07-10,2.7207,2.7597,2.6564,2.7069,105699200
2008-07-11,2.6403,2.7459,2.599,2.6793,80776000
2008-07-14,2.6403,2.7207,2.5393,2.5576,88231600
2008-07-15,2.5255,2.638,2.4566,2.5852,112248400
2008-07-16,2.5829,2.6678,2.5232,2.599,103439200
2008-07-17,2.638,2.6403,2.5071,2.6082,86208000
2008-07-18,2.5944,2.6701,2.5163,2.6541,89972000
2008-07-21,2.6931,2.7344,2.6472,2.6701,57163600
2008-07-22,2.6518,2.6564,2.5622,2.6127,55592400
2008-07-23,2.6311,2.7184,2.6196,2.6908,59487600
2008-07-24,2.6633,2.6885,2.5255,2.5324,70562800
2008-07-25,2.5576,2.6633,2.5048,2.6541,103960000
2008-07-28,2.6196,2.7344,2.6081,2.6472,73480800
2008-07-29,2.6518,2.7413,2.6219,2.6747,76463600
2008-07-30,2.7275,2.7321,2.576,2.6357,58849200
2008-07-31,2.6288,2.6839,2.599,2.6265,48723600
2008-08-01,2.5576,2.5668,2.4566,2.4888,88106000
2008-08-04,2.4635,2.5025,2.4222,2.4291,52205200
2008-08-05,2.475,2.5691,2.4474,2.5691,68584400
2008-08-06,2.576,2.661,2.4934,2.638,81486400
2008-08-07,2.615,2.7321,2.5668,2.5967,81923200
2008-08-08,2.6173,2.6403,2.5163,2.5255,85376400
2008-08-11,2.5439,2.6403,2.5347,2.5783,119643600
2008-08-12,2.599,2.6059,2.5048,2.5416,141086800
2008-08-13,2.7436,2.8561,2.677,2.8148,209526000
2008-08-14,2.7941,3.0972,2.7941,2.9847,163530400
2008-08-15,3.0134,3.0719,2.9548,2.9755,77765200
2008-08-18,2.9962,3.0627,2.964,3.0352,89396800
2008-08-19,2.9732,3.0995,2.9732,3.0811,101414000
2008-08-20,3.127,3.2418,3.1041,3.2326,114369200
2008-08-21,3.1752,3.2005,3.0627,3.127,102156000
2008-08-22,3.15,3.1867,3.0582,3.1247,45926400
2008-08-25,3.1064,3.1798,3.0696,3.0788,47160000
2008-08-26,3.0949,3.0972,2.9732,3.0053,61311200
2008-08-27,2.9365,3.065,2.9089,3.0283,45462000
2008-08-28,3.0329,3.065,2.987,3.0168,36519200
2008-08-29,2.9755,2.9847,2.8928,2.902,51600400
2008-09-02,2.9502,2.9755,2.7895,2.8286,69392800
2008-09-03,2.7895,2.801,2.6518,2.677,71485600
2008-09-04,2.6472,2.6747,2.6242,2.6403,71612800
2008-09-05,2.6173,2.6862,2.615,2.6793,79110000
2008-09-08,2.7046,2.7046,2.5255,2.5691,131484000
2008-09-09,2.5599,2.7161,2.4727,2.4819,109829600
2008-09-10,2.5117,2.5622,2.4681,2.4842,64428400
2008-09-11,2.3418,2.4153,2.2867,2.3648,106697600
2008-09-12,2.3441,2.3602,2.2064,2.3395,120920000
2008-09-15,2.2569,2.2913,2.1076,2.1352,86398400
2008-09-16,2.0594,2.2178,2.0204,2.2018,124084000
2008-09-17,2.1513,2.3464,2.1306,2.2959,139258000
2008-09-18,2.3235,2.6219,2.3189,2.5002,161106000
2008-09-19,2.6196,2.6403,2.5014,2.6196,110734400
2008-09-22,2.599,2.6747,2.5508,2.5645,70007200
2008-09-23,2.5439,2.638,2.4819,2.4911,82146800
2008-09-24,2.4589,2.6334,2.4451,2.5829,86603600
2008-09-25,2.5829,2.6954,2.5393,2.6334,58832800
2008-09-26,2.5691,2.7023,2.5209,2.6839,64685200
2008-09-29,2.6127,2.6449,2.2959,2.3189,97524000
2008-09-30,2.3556,2.4819,2.3303,2.4589,65904400
2008-10-01,2.4222,2.4658,2.3464,2.39,55720800
2008-10-02,2.4061,2.4061,2.1306,2.1421,78772800
2008-10-03,2.1765,2.2385,2.0595,2.0732,91582800
2008-10-06,1.9745,1.9791,1.6783,1.8023,167744000
2008-10-07,1.7724,1.8712,1.6485,1.6622,105998400
2008-10-08,1.6025,1.7954,1.5865,1.6967,121945600
2008-10-09,1.7587,1.7839,1.5704,1.5888,90963600
2008-10-10,1.451,1.6829,1.4418,1.5635,120025200
2008-10-13,1.6967,1.8505,1.676,1.8482,91653600
2008-10-14,1.9171,1.9286,1.7564,1.8069,120901200
2008-10-15,1.7954,1.8046,1.6117,1.6117,85406400
2008-10-16,1.6806,1.777,1.5842,1.7679,101982000
2008-10-17,1.7173,1.8574,1.6852,1.7564,83941600
2008-10-20,1.8161,1.8298,1.7472,1.7908,59576400
2008-10-21,1.7564,1.7747,1.6439,1.6531,65911600
2008-10-22,1.6301,1.699,1.5474,1.5911,60099600
2008-10-23,1.5865,1.6255,1.4372,1.5015,83219200
2008-10-24,1.3775,1.5957,1.3707,1.5176,79833600
2008-10-27,1.5084,1.6944,1.4602,1.6002,69893600
2008-10-28,1.6852,1.8436,1.6554,1.8413,84992000
2008-10-29,1.8298,2.0204,1.8207,1.901,97728400
2008-10-30,2.0089,2.0204,1.8597,1.9814,65717600
2008-10-31,1.9194,2.0502,1.9148,2.0112,60867200
2008-11-03,2.0548,2.0916,1.9056,1.9377,72392400
2008-11-04,2.0043,2.0617,1.9515,2.0617,61956000
2008-11-05,1.986,2.0434,1.9538,1.9538,78762000
2008-11-06,1.839,1.9079,1.7449,1.7495,79793600
2008-11-07,1.9928,2.0824,1.8597,2.002,113206800
2008-11-10,2.0778,2.0893,1.8298,1.8735,57639600
2008-11-11,1.8459,1.8597,1.7713,1.7908,57648400
2008-11-12,1.7357,1.777,1.6645,1.6852,64609200
2008-11-13,1.6071,1.8252,1.575,1.823,79722800
2008-11-14,1.7495,1.7587,1.6393,1.6462,74102400
2008-11-17,1.6301,1.6737,1.5957,1.6117,38822400
2008-11-18,1.6439,1.6531,1.5061,1.5589,56448800
2008-11-19,1.5451,1.5842,1.4235,1.4304,50022000
2008-11-20,1.4189,1.49,1.3385,1.3546,84703600
2008-11-21,1.3982,1.4648,1.3201,1.4648,59906400
2008-11-24,1.5543,1.5796,1.4694,1.5612,60030800
2008-11-25,1.6301,1.6335,1.5589,1.6048,52825600
2008-11-26,1.5773,1.7518,1.5681,1.7472,60079200
2008-11-28,1.7139,1.7449,1.6921,1.715,17524800
2008-12-01,1.6462,1.6622,1.5665,1.5681,54711200
2008-12-02,1.598,1.6749,1.5773,1.6554,47998800
2008-12-03,1.5911,1.7426,1.5773,1.7403,58463200
2008-12-04,1.7059,1.7908,1.5865,1.6255,46629200
2008-12-05,1.575,1.6967,1.5474,1.6898,43848400
2008-12-08,1.7219,1.7564,1.5957,1.6347,70799200
2008-12-09,1.614,1.8574,1.5957,1.7931,82976000
2008-12-10,1.8275,2.0089,1.7977,1.963,96112400
2008-12-11,1.9515,2.0204,1.8574,1.8803,58270000
2008-12-12,1.8252,1.986,1.7885,1.9745,67926800
2008-12-15,1.986,1.9974,1.8482,1.9102,47699600
2008-12-16,1.9286,2.0434,1.9102,2.0388,52194000
2008-12-17,2.002,2.1696,1.9745,2.1398,67418000
2008-12-18,2.126,2.1329,1.9171,1.9423,55080800
2008-12-19,2.0227,2.0434,1.9492,1.9561,59312000
2008-12-22,1.986,1.9906,1.7701,1.8413,52246400
2008-12-23,1.8528,1.8918,1.7885,1.8161,37745200
2008-12-24,1.7793,1.823,1.7357,1.7724,14661600
2008-12-26,1.7724,1.7954,1.676,1.7242,22615600
2008-12-29,1.7472,1.7797,1.6347,1.7793,46016800
2008-12-30,1.8023,1.8689,1.761,1.8413,40986000
2008-12-31,1.8184,1.8987,1.7862,1.8528,44158000
2009-01-02,1.8528,2.0135,1.8459,1.9997,49712400
2009-01-05,1.9768,2.0824,1.963,2.0365,70573600
2009-01-06,2.0962,2.165,2.0502,2.1058,65790400
2009-01-07,2.0571,2.0571,1.9073,1.9791,87009600
2009-01-08,1.9538,1.9538,1.8092,1.9286,101449600
2009-01-09,1.9286,1.9286,1.8161,1.8207,76135200
2009-01-12,1.8207,1.8298,1.7219,1.7472,64553200
2009-01-13,1.739,1.8227,1.6554,1.7564,182442400
2009-01-14,1.6944,1.715,1.6531,1.6783,97490800
2009-01-15,1.6875,1.7656,1.6531,1.738,99820400
2009-01-16,1.7862,1.8505,1.7288,1.8344,83132400
2009-01-20,1.8298,1.8367,1.6416,1.6554,70578800
2009-01-21,1.6875,1.7472,1.6255,1.7357,64847200
2009-01-22,1.6829,1.7495,1.6416,1.7036,54765600
2009-01-23,1.6554,1.823,1.6531,1.7701,63361600
2009-01-26,1.761,1.8832,1.7495,1.8298,58174800
2009-01-27,1.8597,1.9515,1.8528,1.9377,72530000
2009-01-28,2.0066,2.0502,1.9423,2.0181,72375200
2009-01-29,1.9561,1.9745,1.8918,1.901,41312800
2009-01-30,1.8918,1.9377,1.8023,1.8252,50676000
2009-02-02,1.7977,1.9446,1.7885,1.924,57799200
2009-02-03,1.9286,1.963,1.8758,1.9469,39694800
2009-02-04,1.9515,2.1008,1.9515,2.002,77923200
2009-02-05,1.9492,2.1719,1.9286,2.149,91919200
2009-02-06,2.1559,2.2798,2.1191,2.2661,115788000
2009-02-09,2.2569,2.289,2.1742,2.2362,71612800
2009-02-10,2.2362,2.2638,2.0985,2.1398,112966400
2009-02-11,1.9687,2.0411,1.8046,1.8712,198340000
2009-02-12,1.8298,1.9217,1.8046,1.9102,102402000
2009-02-13,1.8666,1.9309,1.8528,1.9079,76430400
2009-02-17,1.8298,1.8803,1.7908,1.7977,77957600
2009-02-18,1.7977,1.9056,1.7954,1.8459,64625200
2009-02-19,1.8872,1.8987,1.7036,1.7036,74398800
2009-02-20,1.6806,1.7747,1.6645,1.7472,77005600
2009-02-23,1.777,1.7862,1.6554,1.6668,67954800
2009-02-24,1.676,1.8184,1.6737,1.8161,65952400
2009-02-25,1.8115,1.8918,1.7495,1.8367,70236000
2009-02-26,1.901,1.9607,1.8735,1.8964,111755600
2009-02-27,1.8482,1.9446,1.8344,1.901,75544400
2009-03-02,1.8252,1.8941,1.7334,1.7403,70006400
2009-03-03,1.7724,1.8781,1.715,1.8092,104137200
2009-03-04,1.8574,1.9974,1.8413,1.9423,110866800
2009-03-05,1.9148,1.9928,1.8872,1.8964,95525200
2009-03-06,1.8964,1.9951,1.8712,1.9263,97475600
2009-03-09,1.9125,2.0571,1.901,1.9056,68276800
2009-03-10,1.9745,2.1145,1.9561,2.0778,125480000
2009-03-11,2.0778,2.7207,2.0434,2.1352,86491600
2009-03-12,2.1283,2.2844,2.1008,2.2615,160460400
2009-03-13,2.2316,2.2821,2.1926,2.25,119515600
2009-03-16,2.273,2.2752,2.1444,2.1627,69934400
2009-03-17,2.1696,2.2752,2.1421,2.2707,100538400
2009-03-18,2.2362,2.4084,2.2339,2.3418,135956000
2009-03-19,2.3579,2.3579,2.2982,2.3143,82264800
2009-03-20,2.3487,2.351,2.1283,2.188,109367200
2009-03-23,2.2569,2.351,2.2064,2.3464,81604800
2009-03-24,2.289,2.3097,2.2348,2.2362,111486800
2009-03-25,2.3143,2.3877,2.1937,2.2821,124385200
2009-03-26,2.3189,2.4291,2.2936,2.4245,133366400
2009-03-27,2.3992,2.4578,2.3648,2.4015,73189200
2009-03-30,2.3097,2.3395,2.2156,2.2477,78005200
2009-03-31,2.2821,2.3189,2.2477,2.2638,80527200
2009-04-01,2.2362,2.3418,2.1513,2.3212,88792000
2009-04-02,2.4084,2.4727,2.374,2.4291,100286000
2009-04-03,2.4314,2.6047,2.39,2.599,100320800
2009-04-06,2.5553,2.6288,2.5209,2.6059,88728800
2009-04-07,2.5553,2.5829,2.5002,2.5163,60780400
2009-04-08,2.5439,2.6265,2.5232,2.6196,73165200
2009-04-09,2.6862,2.7735,2.6656,2.7643,90441200
2009-04-13,2.7298,2.7321,2.615,2.6747,76762800
2009-04-14,2.638,2.7551,2.6265,2.6908,71196000
2009-04-15,2.5967,2.6265,2.5048,2.615,104536800
2009-04-16,2.6633,2.7138,2.5622,2.6816,103877200
2009-04-17,2.6816,2.7252,2.6173,2.7,69576400
2009-04-20,2.5967,2.6196,2.5232,2.537,59066000
2009-04-21,2.5025,2.6357,2.4658,2.5301,93218400
2009-04-22,2.5071,2.7115,2.4658,2.6059,91640400
2009-04-23,2.6311,2.6541,2.4842,2.5645,75395200
2009-04-24,2.5898,2.6426,2.5278,2.6242,75950800
2009-04-27,2.5898,2.6633,2.514,2.5301,78702400
2009-04-28,2.4979,2.5898,2.475,2.537,63439200
2009-04-29,2.5485,2.5597,2.4681,2.4979,85966800
2009-04-30,2.5462,2.7092,2.5255,2.6357,111027600
2009-05-01,2.6288,2.7413,2.6265,2.6793,84054800
2009-05-04,2.7252,2.8446,2.6885,2.824,92770400
2009-05-05,2.762,2.7803,2.6518,2.7092,83707600
2009-05-06,2.739,2.7643,2.6013,2.6541,93508800
2009-05-07,2.7138,2.7138,2.4291,2.4635,128919600
2009-05-08,2.4107,2.4107,2.0916,2.1237,293056400
2009-05-11,2.0893,2.2178,2.0709,2.165,103859600
2009-05-12,2.2133,2.2133,2.0204,2.0617,120138400
2009-05-13,2.048,2.0594,1.9125,1.9286,130560800
2009-05-14,1.9263,1.9974,1.9125,1.9561,101786400
2009-05-15,1.9699,2.0755,1.9469,2.0066,78030800
2009-05-18,2.0571,2.1421,2.0525,2.1283,93832000
2009-05-19,2.1421,2.1949,2.1076,2.1696,85976800
2009-05-20,2.2087,2.3533,2.1995,2.2339,130943600
2009-05-21,2.2064,2.25,2.1582,2.2201,96560000
2009-05-22,2.2201,2.2867,2.1783,2.2546,71826000
2009-05-26,2.2339,2.3946,2.211,2.3763,86554000
2009-05-27,2.3648,2.452,2.3418,2.3809,81415200
2009-05-28,2.4176,2.4337,2.3097,2.413,99528800
2009-05-29,2.4153,2.4199,2.312,2.3946,83423200
2009-06-01,2.4222,2.5255,2.413,2.5117,102276400
2009-06-02,2.5117,2.5668,2.4451,2.4911,90798400
2009-06-03,2.4589,2.4681,2.3533,2.413,73568800
2009-06-04,2.4199,2.5048,2.4176,2.5002,67318000
2009-06-05,2.5462,2.5462,2.4566,2.4865,55999200
2009-06-08,2.4681,2.5071,2.4107,2.4727,47394800
2009-06-09,2.5071,2.6357,2.4888,2.6082,72503200
2009-06-10,2.6219,2.7069,2.5645,2.6908,83332000
2009-06-11,2.6965,2.801,2.6403,2.6564,83515600
2009-06-12,2.6173,2.6518,2.5576,2.6426,59500000
2009-06-15,2.5944,2.6288,2.5531,2.599,44516400
2009-06-16,2.599,2.6311,2.4911,2.5278,59491200
2009-06-17,2.5668,2.615,2.4681,2.5898,79901600
2009-06-18,2.5806,2.6288,2.5106,2.5393,56637600
2009-06-19,2.5645,2.63,2.5324,2.5668,74756400
2009-06-22,2.576,2.576,2.413,2.4222,57486400
2009-06-23,2.4451,2.4497,2.3154,2.4107,58976400
2009-06-24,2.4406,2.5485,2.4406,2.4911,51509600
2009-06-25,2.4681,2.6265,2.4428,2.6219,87044400
2009-06-26,2.6104,2.6656,2.5875,2.6564,51395600
2009-06-29,2.6633,2.7046,2.6287,2.6564,51005600
2009-06-30,2.6472,2.6839,2.5439,2.5921,58984400
2009-07-01,2.6082,2.638,2.5599,2.6036,69642000
2009-07-02,2.5186,2.5508,2.4681,2.5025,55231200
2009-07-06,2.5002,2.5025,2.3809,2.4222,75245600
2009-07-07,2.4314,2.4451,2.3097,2.3166,107299600
2009-07-08,2.3303,2.3372,2.2293,2.3212,120586000
2009-07-09,2.3602,2.4107,2.3533,2.3717,71456400
2009-07-10,2.3717,2.3969,2.3212,2.3809,52000800
2009-07-13,2.4291,2.4291,2.2844,2.4084,55601200
2009-07-14,2.4268,2.4681,2.3992,2.4589,45256800
2009-07-15,2.5485,2.6104,2.5255,2.5599,102280800
2009-07-16,2.5875,2.7023,2.5737,2.6931,95207600
2009-07-17,2.6931,2.7803,2.6656,2.7712,85035600
2009-07-20,2.7941,2.8354,2.7574,2.8056,78275600
2009-07-21,2.7987,2.8102,2.6839,2.7482,94129600
2009-07-22,2.6931,2.8423,2.6747,2.8171,60090800
2009-07-23,2.8217,2.9939,2.7918,2.9847,104612000
2009-07-24,2.8928,2.9847,2.8745,2.9755,65059200
2009-07-27,2.9479,3.0329,2.9204,2.9893,67748400
2009-07-28,2.9686,3.026,2.9434,2.9939,56318000
2009-07-29,2.9594,2.9778,2.9043,2.9342,37397200
2009-07-30,2.9847,3.0237,2.9319,2.9571,46844400
2009-07-31,2.9571,3.0099,2.8883,2.9686,54156000
2009-08-03,3.0398,3.0834,2.9824,3.049,47190000
2009-08-04,2.9962,3.1224,2.9916,3.0696,69538000
2009-08-05,3.0513,3.0995,3.0146,3.0765,61076800
2009-08-06,3.088,3.1431,2.9946,3.0122,95758800
2009-08-07,3.1752,3.2671,3.1041,3.1477,140187200
2009-08-10,3.1707,3.2166,3.026,3.0444,69331200
2009-08-11,3.0237,3.0696,2.9571,2.9732,48188400
2009-08-12,2.9755,3.1155,2.9732,3.0834,63494000
2009-08-13,3.1064,3.1867,3.0513,3.1752,56402800
2009-08-14,3.1707,3.1752,3.0398,3.0811,42714800
2009-08-17,2.987,2.9962,2.9204,2.9525,46503200
2009-08-18,2.9525,3.0949,2.9502,3.0604,63620000
2009-08-19,3.0145,3.0444,2.9847,3.026,55299600
2009-08-20,3.0122,3.1592,3.0054,3.1454,81984000
2009-08-21,3.1707,3.2028,3.1064,3.1982,60732400
2009-08-24,3.1798,3.2143,3.0903,3.1087,46145600
2009-08-25,3.1247,3.1684,3.0719,3.1362,44408800
2009-08-26,3.1293,3.1798,3.118,3.1729,43430800
2009-08-27,3.1867,3.2303,3.1523,3.2166,55107200
2009-08-28,3.3038,3.4508,3.2992,3.3819,88399200
2009-08-31,3.3428,3.3589,3.29,3.3337,43179600
2009-09-01,3.3314,3.4255,3.2028,3.2212,73685600
2009-09-02,3.2258,3.2992,3.2074,3.2671,40465600
2009-09-03,3.2671,3.3497,3.2579,3.3451,53402000
2009-09-04,3.3314,3.4921,3.3314,3.4691,51304800
2009-09-08,3.4944,3.5655,3.4668,3.5655,54971200
2009-09-09,3.5587,3.6712,3.5081,3.6643,57168400
2009-09-10,3.6758,3.786,3.6344,3.7814,60795200
2009-09-11,3.7722,3.786,3.7194,3.7465,71273200
2009-09-14,3.6918,3.7217,3.6528,3.6849,49051600
2009-09-15,3.7194,3.8066,3.6849,3.7607,54613600
2009-09-16,3.7515,3.7584,3.6046,3.6597,70706400
2009-09-17,3.6505,3.6505,3.4366,3.499,92309600
2009-09-18,3.5334,3.5587,3.4668,3.4944,60474000
2009-09-21,3.453,3.538,3.4232,3.4783,58877600
2009-09-22,3.5036,3.5242,3.4576,3.4852,36138800
2009-09-23,3.5059,3.5357,3.4255,3.4301,47893600
2009-09-24,3.4875,3.4875,3.3727,3.3842,55287600
2009-09-25,3.3658,3.3819,3.3038,3.3291,37755600
2009-09-28,3.3405,3.4898,3.3405,3.4048,46770800
2009-09-29,3.4255,3.4668,3.336,3.3428,47092800
2009-09-30,3.4117,3.4921,3.336,3.4508,87595600
2009-10-01,3.4393,3.4393,3.2028,3.2051,99996000
2009-10-02,3.1729,3.2487,3.1546,3.1798,61247600
2009-10-05,3.2143,3.2258,3.1087,3.1638,75427600
2009-10-06,3.2028,3.2717,3.1798,3.2166,76127200
2009-10-07,3.1936,3.228,3.1569,3.1913,45960800
2009-10-08,3.2097,3.2189,3.0972,3.212,124152400
2009-10-09,3.1936,3.2579,3.189,3.2533,61854000
2009-10-12,3.1982,3.2786,3.1959,3.2166,49900800
2009-10-13,3.2349,3.2717,3.1752,3.2051,60212400
2009-10-14,3.3291,3.3291,3.1844,3.2005,110194800
2009-10-15,3.1959,3.2258,3.0857,3.1064,109219600
2009-10-16,3.0673,3.0765,2.9801,3.0352,101883200
2009-10-19,3.0604,3.1707,3.0352,3.1454,69558800
2009-10-20,3.1982,3.2212,3.1224,3.1477,66018000
2009-10-21,3.1362,3.1844,3.0559,3.0719,50395600
2009-10-22,3.0559,3.1087,3.003,3.0926,37932800
2009-10-23,3.1339,3.1339,3.0008,3.0191,42952800
2009-10-26,3.0421,3.088,2.964,2.9801,48165200
2009-10-27,2.9663,3.0099,2.8492,2.8791,59183600
2009-10-28,2.8148,2.8779,2.7459,2.7597,77363200
2009-10-29,2.8033,2.8951,2.7781,2.8814,63710000
2009-10-30,2.8676,2.8779,2.7321,2.7459,60414400
2009-11-02,2.7413,2.8309,2.6931,2.7712,59313600
2009-11-03,2.6816,2.7712,2.6541,2.7574,87647200
2009-11-04,2.7781,2.8079,2.739,2.7505,91684000
2009-11-05,2.7826,2.8446,2.7735,2.8171,95515600
2009-11-06,2.9939,3.0834,2.9571,3.0214,164111200
2009-11-09,3.0627,3.1339,3.0604,3.0903,81812400
2009-11-10,3.1018,3.1018,2.9755,3.0145,78147200
2009-11-11,3.065,3.1729,3.0599,3.0995,87151200
2009-11-12,3.127,3.1798,3.0811,3.0903,50586400
2009-11-13,3.088,3.1293,3.0742,3.1133,38852400
2009-11-16,3.1408,3.1936,3.1247,3.1569,40282000
2009-11-17,3.1587,3.1587,3.0926,3.1523,35012400
2009-11-18,3.1224,3.1339,3.0513,3.1041,45551600
2009-11-19,3.0375,3.0375,2.925,2.9801,83384000
2009-11-20,2.9112,2.9755,2.9043,2.9617,42674800
2009-11-23,3.0053,3.0598,2.9709,2.9847,39092400
2009-11-24,2.9709,2.9916,2.9181,2.9663,41850400
2009-11-25,3.0008,3.0421,2.9789,3.0008,44176000
2009-11-27,2.8928,2.9709,2.8768,2.9365,27993200
2009-11-30,2.9479,3.0008,2.9158,2.9985,50983600
2009-12-01,3.0145,3.0926,2.9985,3.0582,46193600
2009-12-02,3.065,3.1569,3.0467,3.15,60229200
2009-12-03,3.1867,3.2441,3.1707,3.1752,66003600
2009-12-04,3.2349,3.2877,3.1844,3.274,82456400
2009-12-07,3.639,3.7768,3.4668,3.6941,273218400
2009-12-08,3.6344,3.6505,3.4944,3.515,107551200
2009-12-09,3.5518,3.6287,3.5173,3.6023,67158800
2009-12-10,3.6275,3.6505,3.5265,3.538,41701200
2009-12-11,3.5678,3.5724,3.4829,3.4921,41674400
2009-12-14,3.5426,3.6092,3.5036,3.5977,40548800
2009-12-15,3.5724,3.6528,3.5633,3.5931,44615200
2009-12-16,3.7217,3.9237,3.701,3.8824,168340000
2009-12-17,3.8939,4.0132,3.8066,3.864,101613200
2009-12-18,3.8962,3.9099,3.8158,3.8617,81282800
2009-12-21,3.8847,4.0155,3.8801,3.9995,42779200
2009-12-22,3.9995,4.1464,3.9949,4.1051,79304400
2009-12-23,4.1441,4.174,4.0913,4.1625,44219600
2009-12-24,4.174,4.1809,4.1372,4.1533,13681200
2009-12-28,4.1464,4.1831,4.0454,4.0867,46576000
2009-12-29,4.0729,4.1487,4.0638,4.1372,47584800
2009-12-30,4.1763,4.3117,4.1464,4.2865,70400800
2009-12-31,4.2956,4.3507,4.2842,4.2888,70034000
2010-01-04,4.2497,4.275,4.1579,4.2451,80020400
2010-01-05,4.2497,4.353,4.2291,4.3071,72864800
2010-01-06,4.3048,4.3439,4.2635,4.3347,64916800
2010-01-07,4.3117,4.3301,4.2176,4.2497,54779200
2010-01-08,4.2153,4.2892,4.19,4.2589,47816800
2010-01-11,4.2819,4.3002,4.1395,4.1992,55661200
2010-01-12,4.1372,4.1533,3.9696,4.0569,62743200
2010-01-13,4.0844,4.1257,3.926,4.112,50886800
2010-01-14,4.0615,4.0913,3.9788,4.0477,60852400
2010-01-15,4.0178,4.0523,3.8755,3.9283,81819200
2010-01-19,3.8985,4.027,3.887,4.0018,54532800
2010-01-20,3.9513,4.0018,3.8985,3.9846,71972800
2010-01-21,3.9834,4.0546,3.8778,3.9145,60863200
2010-01-22,3.8686,3.9398,3.7561,3.7791,106791600
2010-01-25,3.8411,3.9168,3.8135,3.8434,64367600
2010-01-26,3.825,3.8502,3.7194,3.7217,71463600
2010-01-27,3.7194,3.8365,3.678,3.8227,81250400
2010-01-28,3.8525,3.8663,3.6413,3.6941,68776400
2010-01-29,3.7354,3.7768,3.4783,3.5334,77470000
2010-02-01,3.5472,3.8112,3.5173,3.8043,94983200
2010-02-02,3.7905,3.8916,3.7791,3.8434,84981200
2010-02-03,3.8089,3.8916,3.7905,3.8755,56229600
2010-02-04,3.8411,3.8411,3.6092,3.6505,78348000
2010-02-05,3.6459,3.7331,3.5816,3.724,60485600
2010-02-08,3.7125,3.8066,3.6443,3.7171,44516000
2010-02-09,3.7768,3.7951,3.6505,3.6872,93014400
2010-02-10,3.7102,3.7928,3.6849,3.7584,53582800
2010-02-11,3.8181,3.9719,3.7905,3.9306,69598000
2010-02-12,3.903,4.0638,3.8583,3.9834,78021200
2010-02-16,4.0362,4.0729,3.988,4.0569,45702400
2010-02-17,4.1074,4.1097,3.9777,4.0959,87656000
2010-02-18,3.8709,3.8916,3.7217,3.8273,151550800
2010-02-19,3.8112,3.8525,3.7883,3.8066,51054800
2010-02-22,3.8227,3.8801,3.7883,3.8135,45808400
2010-02-23,3.825,3.8411,3.6826,3.7217,48976400
2010-02-24,3.7538,3.8365,3.7423,3.7997,44586800
2010-02-25,3.7125,3.7745,3.6184,3.7653,57697200
2010-02-26,3.7469,3.7745,3.6964,3.7194,39339600
2010-03-01,3.7217,3.887,3.6918,3.8686,55586800
2010-03-02,3.903,3.9513,3.8388,3.8663,53864800
2010-03-03,3.8893,3.9099,3.786,3.8181,39930000
2010-03-04,3.8342,3.864,3.7768,3.825,55739600
2010-03-05,3.7974,3.9696,3.7974,3.9421,63283200
2010-03-08,3.9444,3.9559,3.8686,3.8847,43931200
2010-03-09,3.9237,4.0684,3.9214,4.0293,83083200
2010-03-10,4.0178,4.0821,4.0155,4.0385,41852000
2010-03-11,4.0064,4.0201,3.9306,3.9467,54066000
2010-03-12,3.9903,4.0018,3.9398,3.9604,52035200
2010-03-15,3.9559,3.9949,3.903,3.9398,35890400
2010-03-16,3.9375,4.1005,3.9352,4.0764,66498800
2010-03-17,4.1005,4.2107,4.1005,4.1556,65116800
2010-03-18,4.1625,4.1625,3.9719,4.0087,74096400
2010-03-19,4.0684,4.0798,3.9099,3.9604,58461200
2010-03-22,3.9099,4.0408,3.9099,4.0247,43533600
2010-03-23,4.0534,4.128,4.027,4.1074,49361200
2010-03-24,4.0729,4.0844,3.9616,3.9696,43625200
2010-03-25,4.027,4.0523,3.9719,3.9811,49518400
2010-03-26,4.0155,4.0569,3.9484,3.9811,34467600
2010-03-29,4.0064,4.0408,3.9513,4.0316,39445600
2010-03-30,4.0775,4.0982,3.9788,4.0477,32410400
2010-03-31,4.0316,4.05,3.9742,3.9949,38984000
2010-04-01,4.0132,4.0592,3.9122,3.9536,33966400
2010-04-05,3.9788,4.0201,3.9742,4.0132,41363600
2010-04-06,3.9627,3.9719,3.8456,3.9145,80926000
2010-04-07,3.8893,4.0064,3.8571,3.9398,81746800
2010-04-08,3.9145,3.9432,3.8548,3.8755,103760000
2010-04-09,3.8663,3.9145,3.8456,3.9008,81757200
2010-04-12,3.9053,3.988,3.8985,3.9719,54646000
2010-04-13,3.988,4.0684,3.9719,4.0546,64869600
2010-04-14,4.1418,4.1625,4.0408,4.1051,90072000
2010-04-15,4.1189,4.1602,4.0775,4.1349,95759600
2010-04-16,3.9673,3.9834,3.8296,3.9168,191773600
2010-04-19,3.887,3.9099,3.7676,3.8985,109449200
2010-04-20,3.926,3.9673,3.8617,3.9122,67818800
2010-04-21,3.9329,3.9375,3.7653,3.8112,89590800
2010-04-22,3.7492,3.8388,3.6964,3.8273,65693200
2010-04-23,3.8158,3.825,3.7079,3.7745,75291600
2010-04-26,3.7791,3.8571,3.7722,3.8112,49109200
2010-04-27,3.7837,3.8227,3.6918,3.7033,60670400
2010-04-28,3.701,3.763,3.6344,3.7102,67216400
2010-04-29,3.7217,3.8273,3.6666,3.8227,98712800
2010-04-30,3.7768,3.7837,3.6046,3.6069,106804800
2010-05-03,3.6252,3.6459,3.5127,3.5678,107897200
2010-05-04,3.5127,3.5196,3.336,3.3865,131137600
2010-05-05,3.3176,3.414,3.2877,3.3291,133084000
2010-05-06,3.3061,3.375,2.9939,3.2602,100288800
2010-05-07,3.29,3.29,3.0903,3.2051,115371200
2010-05-10,3.3979,3.4393,3.3061,3.3428,97915600
2010-05-11,3.3107,3.3727,3.2809,3.3061,82912400
2010-05-12,3.3291,3.3888,3.3084,3.3704,90123600
2010-05-13,3.3566,3.5104,3.3314,3.3635,125200000
2010-05-14,3.1362,3.1454,2.8928,2.9755,249306800
2010-05-17,2.9801,3.0191,2.8883,2.9824,85606000
2010-05-18,3.0076,3.026,2.8676,2.8837,67411200
2010-05-19,2.8699,2.9342,2.8492,2.9296,82652000
2010-05-20,2.8446,2.9296,2.7574,2.8607,112913600
2010-05-21,2.7781,3.0019,2.7781,2.9227,106960000
2010-05-24,2.9135,2.9479,2.8286,2.8377,66456400
2010-05-25,2.7482,2.9273,2.7207,2.9135,96665200
2010-05-26,3.0306,3.088,2.9181,2.9273,99502800
2010-05-27,3.0008,3.0995,2.9939,3.0995,71356000
2010-05-28,3.0949,3.0949,2.9709,3.0168,54511600
2010-06-01,2.9755,3.0099,2.886,2.8883,52749200
2010-06-02,2.8928,2.9238,2.8733,2.9204,64908800
2010-06-03,2.8607,2.9227,2.8515,2.9158,58636000
2010-06-04,2.8309,2.8814,2.762,2.7769,67145600
2010-06-07,2.7895,2.8079,2.6288,2.6409,57724800
2010-06-08,2.6277,2.6288,2.5002,2.5668,96763600
2010-06-09,2.5806,2.6495,2.4957,2.5048,69715200
2010-06-10,2.5553,2.6173,2.5485,2.6059,61176800
2010-06-11,2.5783,2.6759,2.5714,2.6656,44210400
2010-06-14,2.7046,2.7092,2.6013,2.6082,37508000
2010-06-15,2.638,2.7505,2.6334,2.7373,52863200
2010-06-16,2.7184,2.7436,2.6656,2.7023,36648000
2010-06-17,2.7964,2.8125,2.7,2.8056,85906800
2010-06-18,2.8217,2.8584,2.801,2.824,93283200
2010-06-21,2.8837,2.8905,2.7321,2.7574,57983600
2010-06-22,2.7918,2.8263,2.6403,2.6541,81816400
2010-06-23,2.6793,2.7115,2.6036,2.6839,61406000
2010-06-24,2.6678,2.6816,2.5416,2.5508,72502800
2010-06-25,2.5691,2.5714,2.5025,2.5439,50722000
2010-06-28,2.5622,2.5852,2.5025,2.5485,37200800
2010-06-29,2.4934,2.4957,2.39,2.4061,66080800
2010-06-30,2.4107,2.436,2.3438,2.3441,62307200
2010-07-01,2.351,2.3992,2.2798,2.3832,73700800
2010-07-02,2.3923,2.3969,2.273,2.3533,73709600
2010-07-06,2.3441,2.4199,2.3074,2.3281,71202000
2010-07-07,2.3372,2.4543,2.3326,2.4406,60841200
2010-07-08,2.4566,2.4589,2.3372,2.3671,78327200
2010-07-09,2.3786,2.3923,2.3464,2.3763,57151600
2010-07-12,2.3763,2.4497,2.374,2.4199,56539600
2010-07-13,2.4589,2.5232,2.4451,2.5071,72331600
2010-07-14,2.6173,2.6357,2.4957,2.5324,135566400
2010-07-15,2.5347,2.537,2.4314,2.4612,95308800
2010-07-16,2.4612,2.4681,2.2982,2.3074,128860400
2010-07-19,2.3395,2.4107,2.3235,2.4015,79844000
2010-07-20,2.3395,2.475,2.3189,2.4612,116098800
2010-07-21,2.4842,2.4865,2.3579,2.3809,62494000
2010-07-22,2.4061,2.4451,2.3923,2.4199,46261200
2010-07-23,2.4176,2.4199,2.3556,2.3786,81760400
2010-07-26,2.3717,2.4314,2.3349,2.4222,68354800
2010-07-27,2.4291,2.4337,2.3717,2.4015,68347200
2010-07-28,2.3625,2.4038,2.3189,2.3258,132080800
2010-07-29,2.1582,2.2041,2.0824,2.0962,266447600
2010-07-30,2.0801,2.1467,2.048,2.1099,98428800
2010-08-02,2.1467,2.1559,2.0985,2.1076,91702000
2010-08-03,2.0916,2.0939,2.0365,2.0525,95544400
2010-08-04,2.0709,2.1467,2.0617,2.1398,85549600
2010-08-05,2.1467,2.1719,2.1076,2.1673,80050400
2010-08-06,2.1582,2.2156,2.1398,2.1926,73990400
2010-08-09,2.2156,2.2178,2.1593,2.2133,46645600
2010-08-10,2.1765,2.1811,2.1122,2.122,77256000
2010-08-11,2.0778,2.0778,2.0319,2.0393,79614800
2010-08-12,2.002,2.1031,1.986,2.0574,134358400
2010-08-13,2.1237,2.1857,2.1191,2.1559,179739200
2010-08-16,2.126,2.1696,2.0732,2.1008,81400800
2010-08-17,2.1214,2.1673,2.1008,2.1283,48122400
2010-08-18,2.1214,2.1582,2.1076,2.1398,35292000
2010-08-19,2.1627,2.2752,2.1513,2.2684,161510000
2010-08-20,2.2523,2.3441,2.25,2.289,130530800
2010-08-23,2.2959,2.3533,2.2477,2.2546,74862000
2010-08-24,2.1811,2.2546,2.1765,2.2316,64133200
2010-08-25,2.2064,2.2959,2.1949,2.2775,75753200
2010-08-26,2.3074,2.3326,2.25,2.25,65759600
2010-08-27,2.2638,2.3418,2.2064,2.3235,106041600
2010-08-30,2.2959,2.3143,2.2133,2.2133,60280400
2010-08-31,2.1811,2.25,2.1352,2.1409,93148800
2010-09-01,2.1742,2.2018,2.1455,2.1584,85144000
2010-09-02,2.165,2.2041,2.1444,2.1972,59629200
2010-09-03,2.25,2.2798,2.2224,2.2727,56648400
2010-09-07,2.2661,2.3464,2.2615,2.2936,89982000
2010-09-08,2.2982,2.3854,2.273,2.3694,122415600
2010-09-09,2.3992,2.4015,2.3074,2.3372,69774800
2010-09-10,2.3533,2.3602,2.2913,2.312,60929200
2010-09-13,2.3533,2.4727,2.3522,2.4428,101579200
2010-09-14,2.4222,2.452,2.3992,2.4199,69853600
2010-09-15,2.397,2.4268,2.3648,2.4245,55557200
2010-09-16,2.3923,2.4474,2.3923,2.4256,36528000
2010-09-17,2.4497,2.452,2.4153,2.4222,41688400
2010-09-20,2.4222,2.4681,2.3992,2.4589,44316800
2010-09-21,2.4451,2.6334,2.4451,2.5921,177962400
2010-09-22,2.5829,2.638,2.5668,2.615,99999600
2010-09-23,2.6449,2.7505,2.6219,2.6678,124087200
2010-09-24,2.7275,2.824,2.7069,2.8148,108697600
2010-09-27,2.8354,2.8377,2.7184,2.7539,99950400
2010-09-28,2.7574,2.7872,2.7,2.7484,72319200
2010-09-29,2.7229,2.8079,2.6977,2.7275,97490400
2010-09-30,2.762,2.7935,2.6587,2.6821,78763200
2010-10-01,2.7207,2.7252,2.5852,2.6059,99912000
2010-10-04,2.5806,2.6242,2.5278,2.5806,74950000
2010-10-05,2.6357,2.6403,2.5921,2.599,75358800
2010-10-06,2.599,2.6104,2.4497,2.475,105760400
2010-10-07,2.4865,2.4888,2.3832,2.4566,76148800
2010-10-08,2.4474,2.514,2.413,2.4934,70693200
2010-10-11,2.5048,2.5255,2.4704,2.4819,44268000
2010-10-12,2.4612,2.5416,2.4406,2.5289,60520800
2010-10-13,2.5714,2.6403,2.5439,2.6036,96873200
2010-10-14,2.6059,2.6104,2.5508,2.5622,59917200
2010-10-15,2.6036,2.6334,2.5622,2.592,63994000
2010-10-18,2.5944,2.6196,2.5485,2.6082,44815600
2010-10-19,2.5508,2.6104,2.5301,2.5915,86613600
2010-10-20,2.5944,2.6633,2.5485,2.5921,76353200
2010-10-21,2.5944,2.599,2.5071,2.5462,101442800
2010-10-22,2.5622,2.7298,2.5347,2.7092,132267600
2010-10-25,2.7298,2.7539,2.7046,2.7344,67313600
2010-10-26,2.7023,2.7666,2.6793,2.7252,67524800
2010-10-27,2.7,2.7735,2.6931,2.7643,49679600
2010-10-28,2.801,2.8102,2.7413,2.7666,70444800
2010-10-29,2.762,2.7895,2.7321,2.7598,55466400
2010-11-01,2.7781,2.8217,2.7413,2.7643,47392000
2010-11-02,2.7758,2.8676,2.7597,2.8205,58103600
2010-11-03,2.84,2.8607,2.7666,2.8423,67174800
2010-11-04,2.8699,2.8997,2.8423,2.8469,70001600
2010-11-05,2.8676,2.9204,2.8538,2.894,73511600
2010-11-08,2.8928,2.9319,2.8699,2.906,60515600
2010-11-09,2.9066,2.9296,2.8745,2.8905,63396400
2010-11-10,2.9112,2.925,2.8699,2.925,52101600
2010-11-11,2.8561,2.9434,2.8171,2.8954,108998000
2010-11-12,3.0053,3.1408,2.9916,3.0444,214256000
2010-11-15,3.0398,3.1018,3.0008,3.0078,73354800
2010-11-16,2.9572,2.9985,2.9135,2.9187,73935600
2010-11-17,2.9158,3.0008,2.8883,2.9663,55176400
2010-11-18,3.0053,3.088,3.0053,3.0582,99312000
2010-11-19,3.0513,3.1684,3.0467,3.1573,71648400
2010-11-22,3.1362,3.1775,3.1087,3.1592,46266800
2010-11-23,3.1224,3.1546,3.0627,3.0857,45783200
2010-11-24,3.1178,3.1729,3.1155,3.1615,39778400
2010-11-26,3.1592,3.1775,3.1224,3.1224,14310400
2010-11-29,3.1087,3.1684,3.0949,3.1569,46819200
2010-11-30,3.1087,3.1408,3.0673,3.1245,72093600
2010-12-01,3.1867,3.282,3.1821,3.2625,62653600
2010-12-02,3.2625,3.3222,3.2602,3.3015,52931600
2010-12-03,3.2854,3.3956,3.2786,3.3956,60604400
2010-12-06,3.4071,3.414,3.3176,3.3319,43842400
2010-12-07,3.4094,3.5196,3.4025,3.4393,102681200
2010-12-08,3.4347,3.5059,3.4094,3.4691,61325200
2010-12-09,3.3865,3.4347,3.3383,3.4123,94240800
2010-12-10,3.4117,3.4645,3.4025,3.4318,45190000
2010-12-13,3.4462,3.453,3.336,3.3448,60910800
2010-12-14,3.4094,3.4714,3.3451,3.3503,75516000
2010-12-15,3.3566,3.3979,3.2717,3.2763,62417600
2010-12-16,3.3107,3.3291,3.2717,3.2803,63187200
2010-12-17,3.2832,3.3176,3.2441,3.2992,59315600
2010-12-20,3.3107,3.3268,3.2832,3.2854,34408800
2010-12-21,3.3176,3.414,3.3153,3.414,46695200
2010-12-22,3.4071,3.4553,3.375,3.4508,47798800
2010-12-23,3.4508,3.4508,3.4117,3.4255,27378400
2010-12-27,3.4163,3.4691,3.3543,3.4439,25550000
2010-12-28,3.4439,3.4668,3.4094,3.4301,19426000
2010-12-29,3.4278,3.4553,3.3979,3.4301,17766000
2010-12-30,3.4255,3.4622,3.414,3.4416,17448800
2010-12-31,3.4439,3.5403,3.4392,3.5357,39125200
2011-01-03,3.5633,3.6666,3.5587,3.6321,81744800
2011-01-04,3.639,3.6551,3.5403,3.6206,65138400
2011-01-05,3.6872,3.903,3.6505,3.8985,142821600
2011-01-06,3.9995,4.4403,3.988,4.438,349331200
2011-01-07,4.3879,4.5757,4.2888,4.562,257998400
2011-01-10,4.4793,4.7456,4.4449,4.7367,175034800
2011-01-11,4.8007,4.8467,4.562,4.663,271108800
2011-01-12,4.6653,5.3655,4.6492,5.3615,343189600
2011-01-13,5.3036,5.4734,5.1382,5.3701,269519200
2011-01-14,5.2783,5.5056,5.2462,5.4161,159535200
2011-01-18,5.3426,5.3793,5.1589,5.2886,181334800
2011-01-19,5.2921,5.4183,5.1337,5.1451,119789600
2011-01-20,5.0946,5.1796,5.0028,5.1495,111140800
2011-01-21,5.2048,5.2783,5.0923,5.1013,73924400
2011-01-24,5.3357,5.7513,5.276,5.6778,205690000
2011-01-25,5.6525,5.7122,5.4666,5.5033,108685600
2011-01-26,5.5607,5.7398,5.5217,5.6342,107466000
2011-01-27,5.7145,5.7283,5.5102,5.6183,65739600
2011-01-28,5.6319,5.726,5.3265,5.4551,109479600
2011-01-31,5.4643,5.5676,5.3747,5.4918,75016000
2011-02-01,5.54,5.6594,5.5033,5.6181,65410400
2011-02-02,5.5859,6.0084,5.5859,5.8729,160661600
2011-02-03,5.8821,5.8821,5.6365,5.7616,103077600
2011-02-04,5.8431,5.9395,5.8201,5.8936,87290000
2011-02-07,5.8132,5.8385,5.6273,5.6482,93423600
2011-02-08,5.6548,5.6904,5.4551,5.4808,107658400
2011-02-09,5.501,5.5561,5.2484,5.3472,127752000
2011-02-10,5.2282,5.3288,5.1888,5.2393,104235200
2011-02-11,5.2209,5.5584,5.1359,5.3885,135927600
2011-02-14,5.4528,5.625,5.2852,5.3058,128782800
2011-02-15,5.315,5.3334,5.1543,5.1773,88698000
2011-02-16,5.2462,5.4436,5.2278,5.3678,131836400
2011-02-17,5.2163,5.9717,5.1911,5.8959,347009600
2011-02-18,5.8638,5.9579,5.7926,5.8844,139441200
2011-02-22,5.6916,5.7076,5.3104,5.3288,139664800
2011-02-23,5.3288,5.3793,5.0005,5.0763,149160400
2011-02-24,5.1015,5.2898,5.0648,5.2002,124612000
2011-02-25,5.3403,5.3954,5.2668,5.3081,77565200
2011-02-28,5.3954,5.3977,5.0831,5.2025,90369600
2011-03-01,5.2117,5.2783,4.9706,4.9706,98844800
2011-03-02,4.9638,5.0579,4.6492,4.764,171814000
2011-03-03,4.8742,4.9018,4.6469,4.7916,159370400
2011-03-04,4.7962,4.8444,4.7135,4.7652,95976000
2011-03-07,4.8007,4.8168,4.5803,4.6997,101914000
2011-03-08,4.7502,4.7755,4.3898,4.4885,194718400
2011-03-09,4.4747,4.5183,4.3553,4.3944,131897600
2011-03-10,4.2934,4.3255,4.1097,4.1143,172273600
2011-03-11,4.1476,4.2589,4.0546,4.1441,148683200
2011-03-14,4.1763,4.2819,4.1097,4.1786,100336000
2011-03-15,3.9742,4.1235,3.9053,4.0546,125628000
2011-03-16,4.0178,4.213,3.9719,4.0247,147652000
2011-03-17,4.1326,4.1395,3.949,4.1005,123851600
2011-03-18,4.1648,4.1786,4.0408,4.0454,88696000
2011-03-21,4.1326,4.174,4.0362,4.0775,75183200
2011-03-22,4.0661,4.1051,3.988,4.0052,71833200
2011-03-23,3.9995,4.1005,3.9122,4.089,78239600
2011-03-24,4.1763,4.4655,4.1671,4.415,178059200
2011-03-25,4.4541,4.4644,4.2704,4.2773,119639200
2011-03-28,4.3783,4.5092,4.3393,4.4357,120428400
2011-03-29,4.4357,4.4518,4.3416,4.4013,71576400
2011-03-30,4.4357,4.4541,4.1809,4.236,117632000
2011-03-31,4.2428,4.2888,4.1602,4.2382,65511200
2011-04-01,4.2934,4.2979,4.1212,4.1786,85007200
2011-04-04,4.1786,4.19,3.9995,4.0293,92432800
2011-04-05,4.089,4.1212,4.027,4.0362,82107600
2011-04-06,4.0661,4.0706,3.9742,4.0087,85698400
2011-04-07,4.0178,4.1809,4.0018,4.1556,102120800
2011-04-08,4.1877,4.1877,4.0178,4.0293,74655200
2011-04-11,4.0454,4.0661,3.9329,3.9765,54620800
2011-04-12,3.9375,4.0155,3.864,3.988,84075600
2011-04-13,4.0293,4.1028,3.9788,4.0775,74958800
2011-04-14,4.0408,4.252,4.0178,4.2497,125470400
2011-04-15,4.2176,4.3485,4.1969,4.2956,96972000
2011-04-18,4.1946,4.2222,4.0867,4.1533,74358400
2011-04-19,4.1556,4.1717,4.0247,4.1372,65986000
2011-04-20,4.2888,4.3507,4.1946,4.2635,65051600
2011-04-21,4.3094,4.3358,4.2428,4.252,42130000
2011-04-25,4.2704,4.3898,4.2681,4.3186,61961200
2011-04-26,4.3553,4.475,4.3117,4.4311,67600000
2011-04-27,4.4541,4.4541,4.3393,4.4311,45000400
2011-04-28,4.4311,4.5689,4.3806,4.4793,68400000
2011-04-29,4.5092,4.6928,4.5023,4.5918,83600000
2011-05-02,4.6882,4.6905,4.5069,4.5298,61382400
2011-05-03,4.477,4.4908,4.2589,4.314,80800000
2011-05-04,4.3278,4.376,4.2015,4.2819,63935600
2011-05-05,4.2474,4.3347,4.19,4.2842,54400000
2011-05-06,4.3737,4.477,4.3393,4.4357,84108000
2011-05-09,4.4495,4.5574,4.438,4.5344,70632800
2011-05-10,4.5712,4.5757,4.4954,4.5413,69097600
2011-05-11,4.5643,4.6102,4.5,4.562,61600000
2011-05-12,4.5459,4.7112,4.5344,4.7066,122400000
2011-05-13,4.4081,4.4196,4.1602,4.1923,202519200
2011-05-16,4.1809,4.19,4.0615,4.064,72818800
2011-05-17,4.05,4.0523,3.9306,4.0477,142036400
2011-05-18,4.0638,4.1763,4.05,4.1418,65884400
2011-05-19,4.174,4.1763,4.0201,4.0821,65088400
2011-05-20,4.0729,4.1625,4.0546,4.1533,57582000
2011-05-23,4.0936,4.1786,4.0408,4.1487,58800000
2011-05-24,4.1694,4.3324,4.1579,4.165,72037200
2011-05-25,4.1441,4.2428,4.1028,4.2153,54531200
2011-05-26,4.2153,4.3576,4.2038,4.3209,70643600
2011-05-27,4.3393,4.4842,4.3347,4.477,65882400
2011-05-31,4.5643,4.6033,4.4541,4.601,120071600
2011-06-01,4.5803,4.5872,4.3852,4.3944,76220800
2011-06-02,4.4013,4.4334,4.3209,4.3726,60759200
2011-06-03,4.3232,4.3622,4.2176,4.2382,54930000
2011-06-06,4.2222,4.2704,4.1441,4.1487,43598800
2011-06-07,4.1809,4.2038,4.128,4.1464,43395600
2011-06-08,4.1257,4.151,4.0018,4.0339,56928800
2011-06-09,4.0316,4.0408,3.8434,3.988,74163200
2011-06-10,3.9949,4.019,3.8985,3.9306,49354800
2011-06-13,3.9306,3.9811,3.8755,3.9019,57476000
2011-06-14,3.9375,4.0224,3.9191,3.9352,53457600
2011-06-15,3.8824,3.9053,3.7699,3.8502,93591600
2011-06-16,3.8525,3.9117,3.662,3.7171,102490800
2011-06-17,3.7607,3.763,3.515,3.6287,146788400
2011-06-20,3.5977,3.6735,3.5587,3.5862,74596000
2011-06-21,3.6,3.6918,3.5655,3.6643,70427600
2011-06-22,3.639,3.6872,3.6069,3.6138,65172000
2011-06-23,3.5678,3.7461,3.5357,3.7217,74402400
2011-06-24,3.7033,3.7354,3.5908,3.6138,52905200
2011-06-27,3.6138,3.6367,3.4117,3.538,114215200
2011-06-28,3.538,3.6,3.5127,3.5587,69220000
2011-06-29,3.5816,3.6505,3.4576,3.6138,96054400
2011-06-30,3.6229,3.6987,3.5678,3.6585,65230000
2011-07-01,3.6597,3.7217,3.5862,3.7067,54080400
2011-07-05,3.7033,3.7377,3.6138,3.6459,53529600
2011-07-06,3.6436,3.6505,3.5541,3.5977,52958000
2011-07-07,3.6161,3.6344,3.5472,3.6103,98613600
2011-07-08,3.561,3.5862,3.5127,3.5426,61951600
2011-07-11,3.476,3.4898,3.4094,3.4186,71438800
2011-07-12,3.4025,3.4347,3.3153,3.3727,86760400
2011-07-13,3.4186,3.4416,3.3337,3.3658,63436800
2011-07-14,3.3796,3.4002,3.2166,3.2326,108899600
2011-07-15,3.251,3.2717,3.1707,3.2372,82773600
2011-07-18,3.212,3.2303,3.127,3.1672,81820000
2011-07-19,3.1775,3.2717,3.1775,3.265,60222400
2011-07-20,3.2763,3.2946,3.2143,3.2235,66295600
2011-07-21,3.228,3.3979,3.1798,3.375,114342000
2011-07-22,3.4048,3.4553,3.3612,3.4439,73719200
2011-07-25,3.3911,3.4048,3.3405,3.3888,56692000
2011-07-26,3.2923,3.375,3.2579,3.3061,69827600
2011-07-27,3.2602,3.2763,3.1729,3.181,65221200
2011-07-28,3.1707,3.2418,3.1201,3.1752,64817600
2011-07-29,3.1431,3.2051,3.127,3.1752,67765600
2011-08-01,3.2487,3.3543,3.2212,3.3451,101962000
2011-08-02,3.3222,3.5311,3.3107,3.3107,135643200
2011-08-03,3.3176,3.4117,3.2854,3.4002,76523600
2011-08-04,3.3383,3.3383,3.0765,3.0765,97973200
2011-08-05,3.1477,3.1867,2.8928,2.9732,127058800
2011-08-08,2.8286,2.9296,2.7207,2.739,108418000
2011-08-09,2.7918,2.9732,2.7551,2.9686,132983200
2011-08-10,2.8814,2.964,2.8171,2.8332,114005200
2011-08-11,2.8332,3.1201,2.8332,3.0788,107879200
2011-08-12,3.4071,3.4117,2.9089,2.9571,319578400
2011-08-15,2.987,3.0765,2.9709,3.0696,86415200
2011-08-16,3.0352,3.0765,2.9273,2.9824,71686800
2011-08-17,2.9916,3.0421,2.902,2.9411,55332800
2011-08-18,2.8079,2.8354,2.7092,2.7413,80256400
2011-08-19,2.6954,2.845,2.6747,2.6931,76133200
2011-08-22,2.7684,2.801,2.7103,2.7413,61187600
2011-08-23,2.8079,3.0398,2.8033,3.0375,93831200
2011-08-24,3.0306,3.0398,2.9158,2.9939,68750000
2011-08-25,2.9342,2.987,2.8607,2.8653,69096800
2011-08-26,2.8538,3.0168,2.8033,2.987,73266000
2011-08-29,3.0719,3.0788,3.0008,3.0673,60152800
2011-08-30,3.0467,3.1661,3.026,3.1408,68476000
2011-08-31,3.1638,3.1959,3.0306,3.0559,70580800
2011-09-01,3.0972,3.1638,3.0467,3.049,76231200
2011-09-02,2.9801,3.0214,2.9434,2.9663,47135600
2011-09-06,2.8699,3.0329,2.8423,3.026,69624800
2011-09-07,3.2717,3.3612,3.1821,3.2717,160662000
2011-09-08,3.2395,3.3176,3.2028,3.2556,88016400
2011-09-09,3.228,3.3153,3.1592,3.1867,86982800
2011-09-12,3.2487,3.29,3.1431,3.2625,91648000
2011-09-13,3.29,3.352,3.2395,3.336,85383600
2011-09-14,3.4232,3.5518,3.4209,3.5081,154719200
2011-09-15,3.5862,3.6046,3.5265,3.5575,75290800
2011-09-16,3.5655,3.6964,3.5311,3.5495,139158800
2011-09-19,3.4898,3.515,3.3865,3.476,96820400
2011-09-20,3.5196,3.5334,3.3704,3.3865,79243600
2011-09-21,3.4048,3.4634,3.3199,3.321,71525200
2011-09-22,3.1913,3.1959,3.0421,3.1018,131463200
2011-09-23,3.0834,3.2556,3.065,3.1661,101144000
2011-09-26,3.2051,3.2143,3.0306,3.1729,97212400
2011-09-27,3.2533,3.2809,3.1523,3.1775,78138800
2011-09-28,3.1844,3.2648,3.0306,3.0811,123653200
2011-09-29,3.1362,3.189,2.9273,3.0053,86641600
2011-09-30,2.9571,2.9732,2.8676,2.8722,67778400
2011-10-03,2.8354,2.925,2.7115,2.7115,94989600
2011-10-04,2.6437,2.9617,2.6334,2.9617,136154800
2011-10-05,2.9548,3.0949,2.8951,3.0673,85670800
2011-10-06,3.0834,3.1982,3.0788,3.189,77319200
2011-10-07,3.2028,3.2969,3.1362,3.2487,80697600
2011-10-10,3.3038,3.3934,3.2969,3.3934,53437600
2011-10-11,3.3658,3.4209,3.3451,3.3566,81608000
2011-10-12,3.4209,3.4232,3.352,3.3543,61206400
2011-10-13,3.3383,3.5564,3.3291,3.5495,85483200
2011-10-14,3.6115,3.6482,3.5219,3.6092,70245200
2011-10-17,3.5678,3.5678,3.4117,3.4301,61178000
2011-10-18,3.4117,3.5633,3.3911,3.5541,59091600
2011-10-19,3.5587,3.6206,3.4726,3.4829,55756800
2011-10-20,3.3888,3.4025,3.1775,3.3084,99030800
2011-10-21,3.3497,3.4048,3.2694,3.3245,62842800
2011-10-24,3.3383,3.5013,3.3314,3.4485,53525600
2011-10-25,3.4002,3.4278,3.3107,3.3176,57799600
2011-10-26,3.3819,3.4002,3.2602,3.3566,50311600
2011-10-27,3.4806,3.5357,3.4025,3.5013,57773200
2011-10-28,3.4714,3.6138,3.4622,3.5816,49015600
2011-10-31,3.4668,3.4875,3.3979,3.3979,51998400
2011-11-01,3.274,3.2832,3.1959,3.228,79082400
2011-11-02,3.2602,3.2763,3.1064,3.1718,96160800
2011-11-03,3.2074,3.3704,3.1224,3.3635,74937200
2011-11-04,3.3337,3.414,3.2809,3.4025,65484000
2011-11-07,3.3773,3.4347,3.3061,3.3842,61353600
2011-11-08,3.4278,3.4829,3.3727,3.4622,54972800
2011-11-09,3.3819,3.4255,3.274,3.2877,53224400
2011-11-10,3.3681,3.4025,3.2395,3.3222,99048400
2011-11-11,3.4163,3.4668,3.2303,3.4393,175156000
2011-11-14,3.4393,3.4737,3.3635,3.3727,50029200
2011-11-15,3.3405,3.4404,3.3314,3.4163,50566000
2011-11-16,3.352,3.4416,3.336,3.3474,51242000
2011-11-17,3.3405,3.3497,3.1684,3.228,65750400
2011-11-18,3.2464,3.2464,3.1626,3.1982,50135200
2011-11-21,3.1477,3.3911,3.0995,3.3589,133078800
2011-11-22,3.3956,3.4806,3.3761,3.4622,128748000
2011-11-23,3.4255,3.4508,3.313,3.3153,82534000
2011-11-25,3.2717,3.3474,3.2143,3.2235,40662000
2011-11-28,3.3291,3.4553,3.3291,3.4048,69061600
2011-11-29,3.4002,3.4668,3.3681,3.4232,62344000
2011-11-30,3.5265,3.5977,3.4967,3.5885,73032400
2011-12-01,3.5587,3.6413,3.5426,3.6321,52976000
2011-12-02,3.6712,3.6849,3.5747,3.6092,54646400
2011-12-05,3.6689,3.6735,3.5242,3.5541,64469600
2011-12-06,3.5747,3.5815,3.4668,3.5036,57383200
2011-12-07,3.4806,3.5081,3.4094,3.4829,51001600
2011-12-08,3.4484,3.5059,3.3612,3.3727,49148800
2011-12-09,3.3474,3.4485,3.3004,3.4209,55584000
2011-12-12,3.3474,3.3612,3.274,3.336,57320800
2011-12-13,3.3796,3.4209,3.2235,3.2441,51659600
2011-12-14,3.2166,3.2349,3.0834,3.1178,63602000
2011-12-15,3.1707,3.1913,3.0834,3.0903,43514800
2011-12-16,3.1155,3.1752,3.088,3.1018,61911600
2011-12-19,3.1155,3.1523,3.0099,3.0203,46327600
2011-12-20,3.0903,3.2028,3.0903,3.1913,44520800
2011-12-21,3.1729,3.2074,3.088,3.15,54842400
2011-12-22,3.1592,3.2946,3.1592,3.2843,57656000
2011-12-23,3.3015,3.3061,3.2258,3.2533,24894800
2011-12-27,3.2395,3.2786,3.2189,3.228,19571200
2011-12-28,3.228,3.2345,3.1454,3.1477,23396000
2011-12-29,3.1798,3.2143,3.1339,3.2074,21111200
2011-12-30,3.1959,3.2303,3.1775,3.1821,18695600
2012-01-03,3.2832,3.3061,3.2166,3.2235,46804400
2012-01-04,3.2235,3.274,3.1959,3.2602,34737200
2012-01-05,3.2441,3.3934,3.2303,3.3773,56354800
2012-01-06,3.375,3.3773,3.2992,3.3383,53325200
2012-01-09,3.3405,3.4025,3.3153,3.3383,50824400
2012-01-10,3.3888,3.3911,3.3015,3.3245,54632800
2012-01-11,3.2946,3.3245,3.2441,3.2579,48427200
2012-01-12,3.2648,3.2671,3.1661,3.2372,65236400
2012-01-13,3.2143,3.2212,3.1362,3.1523,50430000
2012-01-17,3.2005,3.2005,3.0995,3.1041,62717600
2012-01-18,3.1638,3.2349,3.1465,3.2097,63267600
2012-01-19,3.2372,3.2992,3.2028,3.2946,60831200
2012-01-20,3.29,3.3291,3.2533,3.2648,54627200
2012-01-23,3.2671,3.3566,3.2258,3.3543,56279200
2012-01-24,3.3314,3.4439,3.3291,3.4301,73092000
2012-01-25,3.3383,3.4186,3.2418,3.4094,127415200
2012-01-26,3.4599,3.499,3.3589,3.3773,79967200
2012-01-27,3.3566,3.4416,3.3291,3.4232,44999600
2012-01-30,3.3635,3.414,3.313,3.3979,39907600
2012-01-31,3.4071,3.4094,3.3314,3.3911,35790000
2012-02-01,3.4301,3.4668,3.3819,3.4278,42802000
2012-02-02,3.4462,3.5701,3.4117,3.5552,69623600
2012-02-03,3.6092,3.662,3.6023,3.6321,49523200
2012-02-06,3.6138,3.6184,3.5724,3.6034,27886800
2012-02-07,3.6092,3.6344,3.5495,3.6138,41029600
2012-02-08,3.6138,3.8158,3.5954,3.7446,84761200
2012-02-09,3.7905,3.8109,3.7354,3.7423,56194400
2012-02-10,3.7056,3.7194,3.6298,3.6493,44026800
2012-02-13,3.7423,3.7561,3.6321,3.7079,61066800
2012-02-14,3.7079,3.7607,3.6758,3.7286,45375600
2012-02-15,3.763,3.8801,3.7033,3.7125,111085600
2012-02-16,3.4576,3.8066,3.4439,3.7768,188858800
2012-02-17,3.7787,3.8043,3.6046,3.639,102036000
2012-02-21,3.6367,3.7469,3.6298,3.6562,51817600
2012-02-22,3.639,3.7286,3.6275,3.6321,49243200
2012-02-23,3.6379,3.6735,3.5816,3.6528,32396800
2012-02-24,3.6643,3.6689,3.6092,3.6252,36666800
2012-02-27,3.5793,3.5954,3.5001,3.5518,74526800
2012-02-28,3.5518,3.5931,3.4829,3.5196,69988400
2012-02-29,3.5311,3.5908,3.476,3.4783,68919600
2012-03-01,3.4921,3.5426,3.4783,3.5013,44994400
2012-03-02,3.4898,3.5816,3.4898,3.5311,68407600
2012-03-05,3.5059,3.5127,3.3865,3.4117,51484800
2012-03-06,3.3727,3.4002,3.3199,3.3796,47140000
2012-03-07,3.3979,3.414,3.352,3.4002,44198400
2012-03-08,3.4094,3.4462,3.3915,3.4106,43085200
2012-03-09,3.4209,3.4462,3.3842,3.4025,36783600
2012-03-12,3.4163,3.4393,3.3405,3.3486,29994800
2012-03-13,3.3635,3.414,3.3474,3.3956,55328800
2012-03-14,3.3956,3.4014,3.2877,3.2981,73570800
2012-03-15,3.3084,3.3658,3.2969,3.3474,38238000
2012-03-16,3.3497,3.3658,3.3314,3.352,42834000
2012-03-19,3.3704,3.3865,3.3451,3.3612,40540000
2012-03-20,3.3428,3.3428,3.2763,3.3061,44961600
2012-03-21,3.3061,3.3497,3.2694,3.3199,46784000
2012-03-22,3.2946,3.3428,3.2854,3.3153,42537200
2012-03-23,3.3061,3.3497,3.2832,3.3394,31545600
2012-03-26,3.3727,3.3956,3.3405,3.3796,28860000
2012-03-27,3.3934,3.4439,3.3865,3.4025,41996800
2012-03-28,3.4462,3.5265,3.4209,3.4806,89244800
2012-03-29,3.476,3.5242,3.4324,3.4967,37270000
2012-03-30,3.5265,3.5564,3.476,3.5346,52724000
2012-04-02,3.5265,3.5563,3.4693,3.5196,40777600
2012-04-03,3.5449,3.5489,3.4439,3.4622,43047600
2012-04-04,3.4094,3.453,3.3428,3.3635,49589600
2012-04-05,3.3681,3.4094,3.3474,3.3589,36942400
2012-04-09,3.3061,3.3268,3.251,3.3153,36550400
2012-04-10,3.3015,3.3474,3.2349,3.251,47036000
2012-04-11,3.2946,3.3635,3.2832,3.2923,37296000
2012-04-12,3.2969,3.3888,3.2832,3.3704,38486800
2012-04-13,3.3405,3.3578,3.2487,3.251,31132400
2012-04-16,3.274,3.2832,3.1592,3.212,46346800
2012-04-17,3.2212,3.2602,3.2074,3.2189,46069600
2012-04-18,3.1982,3.2143,3.1454,3.1844,40076400
2012-04-19,3.1431,3.2625,3.1201,3.1351,66718800
2012-04-20,3.1546,3.1638,3.0673,3.0742,50959200
2012-04-23,3.0214,3.0501,2.964,3.0375,70624400
2012-04-24,3.0467,3.0719,2.9273,2.9434,73044000
2012-04-25,2.987,3.026,2.9319,3.003,72711200
2012-04-26,3.0008,3.0306,2.9801,3.0053,53920800
2012-04-27,3.0008,3.018,2.9479,2.9801,47535600
2012-04-30,2.964,3.0008,2.9434,2.9847,26226800
2012-05-01,2.9686,3.0696,2.9686,3.0375,40868000
2012-05-02,3.026,3.0375,2.9342,2.9502,68400800
2012-05-03,2.9571,2.9744,2.8814,2.8997,41953600
2012-05-04,2.8814,2.8974,2.8148,2.8148,54509200
2012-05-07,2.8653,2.9135,2.84,2.863,60444000
2012-05-08,2.8377,2.8791,2.7872,2.8607,46231200
2012-05-09,2.8102,2.8951,2.7826,2.8722,52060800
2012-05-10,2.8997,2.9043,2.8056,2.8515,59709200
2012-05-11,3.088,3.1408,3.0214,3.0329,143514000
2012-05-14,3.0076,3.0604,2.9457,3.0145,43747200
2012-05-15,3.0145,3.0811,2.9709,2.9847,59994000
2012-05-16,2.9893,3.0237,2.9158,2.9238,47048400
2012-05-17,2.9365,2.964,2.9043,2.9043,33536400
2012-05-18,2.9112,2.925,2.7597,2.7735,56728800
2012-05-21,2.7781,2.8354,2.7585,2.8217,41626000
2012-05-22,2.8194,2.824,2.7459,2.7872,41014000
2012-05-23,2.7574,2.8607,2.7149,2.8561,49600000
2012-05-24,2.8722,2.8768,2.7597,2.7803,52042000
2012-05-25,2.7781,2.8699,2.7781,2.8469,39175200
2012-05-29,2.8928,2.9388,2.8814,2.9204,31000000
2012-05-30,2.8883,2.9089,2.8354,2.886,37979200
2012-05-31,2.886,2.8974,2.8171,2.8538,35819200
2012-06-01,2.7941,2.8217,2.7459,2.7505,44098400
2012-06-04,2.7643,2.7803,2.6701,2.6931,43285600
2012-06-05,2.6793,2.7781,2.6793,2.77,36522400
2012-06-06,2.7918,2.8515,2.7712,2.8446,36896800
2012-06-07,2.886,2.902,2.7275,2.7298,52678000
2012-06-08,2.739,2.7918,2.7344,2.7826,37030800
2012-06-11,2.8722,2.9227,2.8079,2.8148,83908000
2012-06-12,2.8469,2.8997,2.8423,2.8722,49612800
2012-06-13,2.8699,2.8768,2.7826,2.7964,49427600
2012-06-14,2.7918,2.8148,2.7344,2.762,58988400
2012-06-15,2.7826,2.824,2.7574,2.8217,38528800
2012-06-18,2.801,2.8699,2.7781,2.8469,30442400
2012-06-19,2.964,3.0834,2.9502,3.0386,96047600
2012-06-20,3.0696,3.1454,3.0513,3.088,97272000
2012-06-21,3.0857,3.0857,2.9411,2.9468,51637600
2012-06-22,2.9847,3.0191,2.9434,2.9835,86536000
2012-06-25,2.987,2.9962,2.8791,2.8905,49461600
2012-06-26,2.9066,2.9434,2.8653,2.9227,43715200
2012-06-27,2.925,3.0375,2.925,3.0168,50606400
2012-06-28,2.9893,3.0582,2.964,3.0398,54589600
2012-06-29,3.111,3.1798,3.1087,3.1729,61650800
2012-07-02,3.189,3.1913,3.0628,3.0869,58168400
2012-07-03,3.088,3.1752,3.0857,3.1684,21928400
2012-07-05,3.1477,3.1615,3.088,3.1362,28007600
2012-07-06,3.1133,3.1224,3.0421,3.0765,38276000
2012-07-09,3.0582,3.0719,3.0099,3.0352,30633600
2012-07-10,3.003,3.0926,2.9204,2.9434,51202800
2012-07-11,2.9525,2.9893,2.8814,2.8951,48521600
2012-07-12,2.863,2.8676,2.8205,2.8469,47216000
2012-07-13,2.8492,2.8963,2.8309,2.8825,32426000
2012-07-16,2.8653,2.9158,2.8377,2.8917,33446000
2012-07-17,2.902,2.9181,2.7918,2.84,44747600
2012-07-18,2.8332,3.0398,2.8194,2.9985,61600800
2012-07-19,3.0191,3.0673,2.9985,3.0272,40303600
2012-07-20,3.0099,3.0306,2.9089,2.9399,45100000
2012-07-23,2.863,3.0004,2.8309,2.9801,45158400
2012-07-24,2.9847,3.003,2.9124,2.9479,35116400
2012-07-25,2.9388,3.0354,2.925,3.0053,41504400
2012-07-26,3.0627,3.0949,2.9962,3.0191,33844000
2012-07-27,3.0306,3.1041,3.0076,3.0937,37651600
2012-07-30,3.0949,3.1339,3.0352,3.0604,36355200
2012-07-31,3.0604,3.1523,3.0565,3.1087,38778800
2012-08-01,3.127,3.1569,3.0604,3.0742,33591200
2012-08-02,3.0582,3.1316,3.0076,3.0857,36791200
2012-08-03,3.1339,3.1821,3.0604,3.15,32654800
2012-08-06,3.1798,3.2326,3.1752,3.2166,36032400
2012-08-07,3.2556,3.2832,3.2303,3.2487,40734000
2012-08-08,3.2464,3.3015,3.2372,3.2671,51706400
2012-08-09,3.2717,3.3842,3.2671,3.3773,82230000
2012-08-10,3.4668,3.4944,3.313,3.3568,127874400
2012-08-13,3.3612,3.4025,3.3474,3.4002,44724400
2012-08-14,3.4117,3.4163,3.336,3.3497,38882800
2012-08-15,3.3612,3.3884,3.3073,3.3245,59440400
2012-08-16,3.3543,3.4037,3.3428,3.3934,37100800
2012-08-17,3.3934,3.3934,3.3337,3.3635,30986400
2012-08-20,3.352,3.3681,3.313,3.3635,31439200
2012-08-21,3.375,3.3956,3.3199,3.3543,34024800
2012-08-22,3.3337,3.375,3.3222,3.3612,31355600
2012-08-23,3.3543,3.3566,3.2717,3.2843,37904000
2012-08-24,3.2832,3.3681,3.2786,3.352,34772400
2012-08-27,3.3497,3.3589,3.2923,3.2946,34094400
2012-08-28,3.2694,3.313,3.2625,3.2809,31076400
2012-08-29,3.2786,3.3084,3.2717,3.2877,25041200
2012-08-30,3.2809,3.2923,3.2097,3.2258,30748800
2012-08-31,3.2487,3.2717,3.189,3.2212,48506400
2012-09-04,3.1684,3.1798,3.0191,3.0478,69445200
2012-09-05,3.0604,3.1041,3.026,3.0582,48025600
2012-09-06,3.0811,3.2349,3.0788,3.1523,65729600
2012-09-07,3.0719,3.0972,2.9732,3.0765,78106400
2012-09-10,3.0696,3.1133,3.0421,3.049,37110800
2012-09-11,3.0467,3.1339,3.0352,3.0857,38280800
2012-09-12,3.111,3.1362,3.0811,3.1201,32260800
2012-09-13,3.1477,3.1592,3.0811,3.1397,43383600
2012-09-14,3.1385,3.2326,3.1385,3.1775,33946800
2012-09-17,3.1844,3.1844,3.0559,3.0903,49334800
2012-09-18,3.0559,3.1477,3.0524,3.111,35995200
2012-09-19,3.1178,3.1913,3.0811,3.1477,45193600
2012-09-20,3.1408,3.1569,3.0995,3.1247,32059600
2012-09-21,3.1293,3.1569,3.1178,3.1374,34013600
2012-09-24,3.088,3.1408,3.0823,3.1362,35783200
2012-09-25,3.1775,3.1913,3.0742,3.0788,48154400
2012-09-26,3.0673,3.0685,2.9893,3.026,43681200
2012-09-27,3.0329,3.0536,3.0076,3.0478,55888800
2012-09-28,3.0352,3.1064,2.995,3.0627,48550800
2012-10-01,3.0765,3.0949,3.0008,3.0111,50423600
2012-10-02,3.0329,3.0329,2.9893,3.0237,29549200
2012-10-03,3.0306,3.0398,2.9778,2.9927,43087200
2012-10-04,3.0008,3.1454,2.9847,3.127,50260800
2012-10-05,3.1362,3.1684,3.0421,3.0536,48306800
2012-10-08,3.0421,3.0559,3.0008,3.0237,24059600
2012-10-09,3.0191,3.0283,2.9502,2.9594,36636000
2012-10-10,2.9457,2.9594,2.8974,2.9089,32656800
2012-10-11,2.9365,2.9457,2.9023,2.925,32051600
2012-10-12,2.9043,2.9273,2.8814,2.8997,26069600
2012-10-15,2.9043,2.9388,2.8699,2.9365,24958000
2012-10-16,2.9617,3.0306,2.9342,3.0214,36769600
2012-10-17,2.9847,3.0122,2.9548,2.9985,39175200
2012-10-18,2.9916,2.9916,2.9399,2.9525,25477200
2012-10-19,2.9089,2.9296,2.7631,2.7792,70941200
2012-10-22,2.7918,2.8079,2.7252,2.7482,48084000
2012-10-23,2.7229,2.8492,2.7161,2.8309,57394800
2012-10-24,2.8492,2.8607,2.7666,2.7941,33291600
2012-10-25,2.8171,2.8469,2.7849,2.7964,30735600
2012-10-26,2.801,2.8171,2.7666,2.7666,38937600
2012-10-31,2.7781,2.801,2.7436,2.7494,34711200
2012-11-01,2.7643,2.8837,2.762,2.8814,47322000
2012-11-02,2.9112,2.9158,2.8492,2.8676,25670000
2012-11-05,2.8607,3.0008,2.8607,2.9893,44484000
2012-11-06,2.9962,2.9962,2.9365,2.987,35080400
2012-11-07,2.964,2.9824,2.8814,2.8951,32462000
2012-11-08,2.9273,3.003,2.9043,2.9112,83902400
2012-11-09,2.9273,2.9606,2.7895,2.7987,84628000
2012-11-12,2.8033,2.8148,2.7092,2.7356,64362400
2012-11-13,2.7229,2.7849,2.7137,2.7161,49212000
2012-11-14,2.7321,2.7597,2.6472,2.6495,61930000
2012-11-15,2.6656,2.7344,2.6426,2.661,46668800
2012-11-16,2.661,2.6701,2.5599,2.6127,62455200
2012-11-19,2.661,2.6954,2.6288,2.6858,40409200
2012-11-20,2.676,2.6876,2.6275,2.6552,33697600
2012-11-21,2.6552,2.7384,2.6529,2.7315,42231200
2012-11-23,2.743,2.7823,2.728,2.75,27693200
2012-11-26,2.7546,2.8054,2.75,2.7973,36460000
2012-11-27,2.7869,2.8516,2.7638,2.8089,45140400
2012-11-28,2.7985,2.847,2.7638,2.8332,39833200
2012-11-29,2.8378,2.8516,2.7731,2.7823,48868800
2012-11-30,2.78,2.8008,2.75,2.7661,46050400
2012-12-03,2.8008,2.8008,2.7084,2.7153,39138000
2012-12-04,2.7199,2.8008,2.7037,2.795,52806800
2012-12-05,2.7731,2.7916,2.7245,2.7639,63302400
2012-12-06,2.7569,2.7869,2.7465,2.7685,41289600
2012-12-07,2.7708,2.7846,2.7315,2.7627,33828800
2012-12-10,2.7638,2.8771,2.7569,2.8563,51364400
2012-12-11,2.8655,2.9603,2.8586,2.9233,81672400
2012-12-12,2.9325,2.9487,2.8817,2.8932,39940400
2012-12-13,2.8886,2.951,2.8678,2.8956,37755600
2012-12-14,2.9071,2.9395,2.8863,2.9094,33866000
2012-12-17,2.9025,2.9187,2.854,2.8967,44523200
2012-12-18,2.8979,2.9348,2.8886,2.9025,41643600
2012-12-19,2.9233,2.9579,2.9117,2.9233,45854400
2012-12-20,2.9348,2.9371,2.8886,2.921,33433200
2012-12-21,2.8817,2.8817,2.8216,2.854,46217200
2012-12-24,2.8516,2.8609,2.8216,2.8308,12737600
2012-12-26,2.8239,2.8701,2.817,2.8285,19674000
2012-12-27,2.8332,2.8378,2.7777,2.81,29980400
2012-12-28,2.7846,2.8401,2.78,2.7962,22060000
2012-12-31,2.7869,2.8447,2.78,2.8332,32646000
2013-01-02,2.9025,2.9418,2.8909,2.9395,47883600
2013-01-03,2.9395,2.9741,2.9071,2.9418,29888800
2013-01-04,2.9464,3.0481,2.9371,3.0388,52496800
2013-01-07,3.0365,3.0458,2.9302,2.951,61073200
2013-01-08,2.9579,2.9672,2.8655,2.8867,46642400
2013-01-09,2.9094,2.9233,2.8031,2.8216,69502000
2013-01-10,2.847,2.8609,2.81,2.8262,50636800
2013-01-11,2.8378,2.8401,2.7939,2.8216,51317200
2013-01-14,2.8401,2.8401,2.7869,2.8193,30568400
2013-01-15,2.8054,2.8054,2.7523,2.7685,37588800
2013-01-16,2.7638,2.817,2.7638,2.7939,33737600
2013-01-17,2.8031,2.8424,2.7962,2.8308,58073600
2013-01-18,2.8308,2.8308,2.7777,2.8124,39708800
2013-01-22,2.81,2.8355,2.7846,2.7985,30822400
2013-01-23,2.8077,2.81,2.7731,2.8031,42180800
2013-01-24,2.7939,2.8285,2.78,2.817,39698000
2013-01-25,2.8216,2.8701,2.8077,2.8678,39392000
2013-01-28,2.8817,2.9325,2.8748,2.914,42249200
2013-01-29,2.9025,2.9094,2.8401,2.8516,38887200
2013-01-30,2.854,2.8932,2.8366,2.847,28759200
2013-01-31,2.847,2.8794,2.8147,2.8332,47054400
2013-02-01,2.8563,2.8678,2.8332,2.8586,28881600
2013-02-04,2.8424,2.9002,2.8077,2.81,51174400
2013-02-05,2.8239,2.8909,2.8147,2.8748,36729600
2013-02-06,2.8054,2.8748,2.7893,2.8516,53068800
2013-02-07,2.8424,2.8655,2.8124,2.8401,44000000
2013-02-08,2.8586,2.8817,2.8401,2.8586,30723200
2013-02-11,2.8817,2.9198,2.854,2.8909,40830800
2013-02-12,2.8644,2.9036,2.8609,2.8724,27780400
2013-02-13,2.8748,2.9267,2.8493,2.8586,85639600
2013-02-14,2.8193,2.9441,2.7846,2.9418,88209600
2013-02-15,2.9348,2.9556,2.8771,2.942,73386000
2013-02-19,2.9441,2.9464,2.884,2.9013,43355200
2013-02-20,2.9117,2.9579,2.8516,2.8609,71301200
2013-02-21,2.8563,2.8886,2.8332,2.8401,58040800
2013-02-22,2.8586,2.8956,2.8424,2.8932,37014800
2013-02-25,2.9002,2.9233,2.8378,2.8424,64444400
2013-02-26,2.848,2.891,2.8385,2.8759,48750400
2013-02-27,2.8759,2.9503,2.8689,2.9294,47698000
2013-02-28,2.9201,2.9875,2.9085,2.9433,59139200
2013-03-01,2.9224,2.9643,2.8957,2.955,38939600
2013-03-04,2.934,2.9701,2.9108,2.9422,35368000
2013-03-05,2.9596,2.9805,2.9445,2.9759,36616800
2013-03-06,2.9945,3.0224,2.9596,2.9736,34292800
2013-03-07,2.9898,3.0201,2.9496,2.9666,31482400
2013-03-08,2.9736,2.9945,2.9596,2.9805,24646400
2013-03-11,2.9503,2.9643,2.9271,2.9515,29974800
2013-03-12,2.948,2.9712,2.9201,2.9619,31085600
2013-03-13,2.9619,3.0122,2.934,2.9619,48584000
2013-03-14,2.9805,2.9898,2.9457,2.9643,38330400
2013-03-15,2.9643,2.9643,2.9271,2.9387,35577600
2013-03-18,2.9201,2.9457,2.8968,2.9178,29831200
2013-03-19,2.9201,2.934,2.8782,2.8992,35548000
2013-03-20,2.9271,2.9433,2.9003,2.934,34058800
2013-03-21,2.9178,2.9224,2.8829,2.8875,33903200
2013-03-22,2.8968,2.9131,2.8852,2.9015,23247600
2013-03-25,2.9178,2.9201,2.8643,2.8852,36207600
2013-03-26,2.8922,2.9085,2.8806,2.9061,23254000
2013-03-27,2.8945,2.9573,2.8875,2.941,25494400
2013-03-28,2.934,2.9852,2.9131,2.9829,34927600
2013-04-01,2.9759,2.9759,2.8643,2.8852,44282800
2013-04-02,2.8875,2.8945,2.8364,2.8538,37152400
2013-04-03,2.8503,2.8666,2.7992,2.8192,35315600
2013-04-04,2.8108,2.8573,2.8015,2.8468,29467600
2013-04-05,2.8062,2.8968,2.7992,2.8968,55135200
2013-04-08,2.8992,2.8992,2.8352,2.8899,32666000
2013-04-09,2.8922,2.9573,2.8713,2.9364,38058400
2013-04-10,2.9387,2.9875,2.9317,2.9829,38468800
2013-04-11,2.941,2.9875,2.8596,2.9689,96922000
2013-04-12,2.9829,3.0759,2.9573,3.0433,77054800
2013-04-15,3.034,3.0433,2.9619,2.9805,43042000
2013-04-16,3.0084,3.034,2.9922,3.0131,46884400
2013-04-17,2.9898,3.0177,2.955,2.9724,53294800
2013-04-18,2.9805,2.9991,2.9154,2.9154,40254800
2013-04-19,2.9131,2.9305,2.8759,2.9224,30302800
2013-04-22,2.9201,2.9526,2.8968,2.9271,24556800
2013-04-23,2.9526,3.034,2.948,3.0038,37694800
2013-04-24,3.0131,3.1316,3.0108,3.1061,55655600
2013-04-25,3.1223,3.1386,3.0945,3.1316,35322400
2013-04-26,3.127,3.1316,3.1003,3.1177,32433200
2013-04-29,3.1223,3.1665,3.1084,3.1549,26971200
2013-04-30,3.1619,3.2014,3.1409,3.2014,27671200
2013-05-01,3.2014,3.2223,3.1625,3.1735,34131600
2013-05-02,3.1712,3.22,3.1526,3.2107,32348000
2013-05-03,3.2316,3.2479,3.213,3.2246,29386400
2013-05-06,3.2246,3.2421,3.1967,3.2153,21711600
2013-05-07,3.2153,3.2223,3.1433,3.1735,44806800
2013-05-08,3.1781,3.2502,3.1665,3.2314,33403200
2013-05-09,3.1735,3.2479,3.1688,3.2339,56680000
2013-05-10,3.3014,3.3944,3.3014,3.3804,86113600
2013-05-13,3.3572,3.3711,3.2967,3.3107,28981200
2013-05-14,3.3502,3.3874,3.3165,3.3595,45414000
2013-05-15,3.3432,3.4292,3.3432,3.4165,31317200
2013-05-16,3.413,3.4478,3.3897,3.4013,30836800
2013-05-17,3.4176,3.4804,3.392,3.4571,31211600
2013-05-20,3.4432,3.4629,3.4316,3.4502,23638000
2013-05-21,3.4698,3.5002,3.429,3.4862,35778400
2013-05-22,3.5002,3.5002,3.3507,3.3647,48040400
2013-05-23,3.325,3.429,3.3156,3.4184,39388400
2013-05-24,3.3997,3.4278,3.36,3.3974,28330400
2013-05-28,3.4231,3.4325,3.3624,3.3951,27930000
2013-05-29,3.374,3.3951,3.36,3.374,33505200
2013-05-30,3.3694,3.4523,3.36,3.4184,28450400
2013-05-31,3.3997,3.4488,3.3811,3.3811,57750800
2013-06-03,3.3857,3.4114,3.3063,3.3764,44446800
2013-06-04,3.3974,3.4582,3.36,3.3811,36367600
2013-06-05,3.3764,3.4021,3.2993,3.3086,46452000
2013-06-06,3.3086,3.3553,3.3063,3.3296,34104400
2013-06-07,3.353,3.3974,3.339,3.3752,27458400
2013-06-10,3.367,3.3951,3.3483,3.374,22414800
2013-06-11,3.3296,3.3764,3.311,3.311,29633600
2013-06-12,3.3273,3.3542,3.2642,3.2829,31258800
2013-06-13,3.2712,3.374,3.2689,3.3577,23625600
2013-06-14,3.3694,3.3743,3.3296,3.353,23601200
2013-06-17,3.3787,3.4161,3.36,3.3857,25533600
2013-06-18,3.4021,3.4395,3.3367,3.3647,48677200
2013-06-19,3.3951,3.617,3.3834,3.4675,115958800
2013-06-20,3.4395,3.4441,3.3495,3.374,62869600
2013-06-21,3.3927,3.4044,3.3133,3.3682,71422800
2013-06-24,3.3203,3.3624,3.2502,3.2993,58077200
2013-06-25,3.3343,3.3413,3.2876,3.3226,45736000
2013-06-26,3.36,3.3635,3.2899,3.3039,57975200
2013-06-27,3.3133,3.318,3.2385,3.2736,80803600
2013-06-28,3.2736,3.3133,3.2315,3.2806,43153600
2013-07-01,3.3039,3.311,3.2747,3.2946,19952400
2013-07-02,3.2759,3.3413,3.2619,3.2923,25639200
2013-07-03,3.2642,3.3413,3.2642,3.3016,14038800
2013-07-05,3.311,3.3343,3.2888,3.3273,18468400
2013-07-08,3.3367,3.353,3.2923,3.3098,26208400
2013-07-09,3.318,3.3478,3.3086,3.3275,15736400
2013-07-10,3.3273,3.3811,3.318,3.3717,20846800
2013-07-11,3.3904,3.4231,3.3834,3.4184,23983200
2013-07-12,3.4114,3.4535,3.3997,3.4208,21636000
2013-07-15,3.4278,3.4278,3.36,3.4138,20133200
2013-07-16,3.4278,3.4511,3.4103,3.4325,16256000
2013-07-17,3.4325,3.4441,3.4044,3.4138,16610000
2013-07-18,3.4091,3.4208,3.3553,3.3997,34448800
2013-07-19,3.3787,3.3951,3.2923,3.3273,48053200
2013-07-22,3.353,3.3834,3.311,3.325,29238400
2013-07-23,3.367,3.367,3.3039,3.3203,24679200
2013-07-24,3.3507,3.36,3.3156,3.3203,28425200
2013-07-25,3.318,3.3752,3.2946,3.332,24332000
2013-07-26,3.2923,3.3378,3.2923,3.318,22736000
2013-07-29,3.311,3.353,3.3016,3.311,17954000
2013-07-30,3.3226,3.4114,3.3203,3.367,26607600
2013-07-31,3.3507,3.4068,3.3483,3.3729,27016000
2013-08-01,3.3857,3.4278,3.346,3.4208,27764800
2013-08-02,3.4138,3.4558,3.3904,3.4488,20962800
2013-08-05,3.4395,3.4769,3.4219,3.4652,18518800
2013-08-06,3.4675,3.4745,3.4068,3.4138,20660800
2013-08-07,3.3951,3.4465,3.3927,3.4114,24438000
2013-08-08,3.4301,3.45,3.3904,3.4346,34569600
2013-08-09,3.2993,3.4371,3.2969,3.3857,90622400
2013-08-12,3.2479,3.4068,3.0633,3.3577,25756800
2013-08-13,3.3624,3.3834,3.3413,3.3694,19746800
2013-08-14,3.3624,3.5329,3.36,3.5119,82850800
2013-08-15,3.4745,3.5633,3.4605,3.5341,72361600
2013-08-16,3.5283,3.5984,3.5212,3.5491,66045600
2013-08-19,3.5283,3.5399,3.4909,3.4932,39343200
2013-08-20,3.4919,3.5342,3.4872,3.5107,23419200
2013-08-21,3.4896,3.5342,3.4802,3.4943,26154000
2013-08-22,3.4919,3.546,3.4919,3.5131,12901600
2013-08-23,3.5178,3.546,3.506,3.5131,24512000
2013-08-26,3.5154,3.5295,3.506,3.5213,30015200
2013-08-27,3.4872,3.5107,3.4638,3.4767,27746400
2013-08-28,3.4826,3.5084,3.4614,3.4755,31882400
2013-08-29,3.4638,3.5013,3.4544,3.4685,27621600
2013-08-30,3.4708,3.4802,3.4473,3.4638,37812000
2013-09-03,3.4732,3.5154,3.445,3.4661,28468000
2013-09-04,3.4661,3.5201,3.4614,3.499,22208000
2013-09-05,3.4849,3.5225,3.4826,3.5084,17490400
2013-09-06,3.5107,3.5295,3.4673,3.4943,22675600
2013-09-09,3.5225,3.553,3.5131,3.5518,24640800
2013-09-10,3.5788,3.6305,3.5624,3.6281,29213200
2013-09-11,3.6235,3.6986,3.5983,3.6892,39616400
2013-09-12,3.6704,3.7338,3.6704,3.6869,30380800
2013-09-13,3.6986,3.7268,3.6728,3.7103,15969600
2013-09-16,3.7409,3.7667,3.6986,3.7127,23141200
2013-09-17,3.7268,3.755,3.7103,3.7244,16860800
2013-09-18,3.7268,3.7667,3.708,3.7571,26816800
2013-09-19,3.7737,3.7808,3.7244,3.7397,22757200
2013-09-20,3.7503,3.7735,3.7009,3.7092,35603600
2013-09-23,3.7056,3.7362,3.6516,3.6728,27124400
2013-09-24,3.6751,3.7009,3.654,3.6869,22973200
2013-09-25,3.6798,3.7197,3.6634,3.6927,23315600
2013-09-26,3.7009,3.708,3.6587,3.6798,14881600
2013-09-27,3.6516,3.6822,3.6375,3.6587,15192000
2013-09-30,3.6211,3.6798,3.6,3.654,22664000
2013-10-01,3.6587,3.6763,3.6317,3.6516,22697600
2013-10-02,3.6141,3.6634,3.6141,3.6493,16203600
2013-10-03,3.6516,3.685,3.5941,3.6117,43676800
2013-10-04,3.607,3.6916,3.5976,3.661,24622800
2013-10-07,3.6469,3.6869,3.6281,3.661,16995200
2013-10-08,3.6516,3.7033,3.6023,3.6305,29071200
2013-10-09,3.654,3.6563,3.5553,3.5741,27586000
2013-10-10,3.6,3.6235,3.5741,3.6129,22348400
2013-10-11,3.5577,3.6023,3.546,3.5835,21370400
2013-10-14,3.5741,3.6375,3.5741,3.6375,16662800
2013-10-15,3.6375,3.6587,3.6164,3.6188,20882000
2013-10-16,3.6399,3.6775,3.6352,3.6634,21007200
2013-10-17,3.6352,3.6798,3.6352,3.6704,21332400
2013-10-18,3.6634,3.7244,3.6493,3.7127,25506800
2013-10-21,3.7573,3.7597,3.7103,3.7221,19500800
2013-10-22,3.7221,3.7244,3.6704,3.7033,17945200
2013-10-23,3.6962,3.6962,3.6281,3.6401,25221600
2013-10-24,3.6493,3.6728,3.608,3.6129,23643600
2013-10-25,3.6328,3.6352,3.5671,3.5788,33049200
2013-10-28,3.5741,3.5906,3.5225,3.5718,39402400
2013-10-29,3.5671,3.5835,3.5342,3.5765,38795200
2013-10-30,3.5882,3.6047,3.5436,3.5741,20403200
2013-10-31,3.5788,3.6047,3.56,3.5669,29336800
2013-11-01,3.5859,3.6,3.5577,3.5824,20613600
2013-11-04,3.5953,3.5953,3.4732,3.4802,41026400
2013-11-05,3.4591,3.4908,3.4215,3.4755,42236800
2013-11-06,3.4755,3.5013,3.4403,3.499,19804400
2013-11-07,3.4872,3.4966,3.4098,3.4156,55307600
2013-11-08,3.5225,3.6657,3.5072,3.654,73453200
2013-11-11,3.6399,3.6939,3.6328,3.6845,29762400
2013-11-12,3.7009,3.7221,3.6493,3.6904,31603200
2013-11-13,3.6822,3.7925,3.6751,3.7925,33279200
2013-11-14,3.7808,3.8313,3.7784,3.809,30798000
2013-11-15,3.8231,3.8278,3.7597,3.7972,45033200
2013-11-18,3.715,3.7479,3.6962,3.7056,31694800
2013-11-19,3.6883,3.7213,3.641,3.6458,20671600
2013-11-20,3.6481,3.6576,3.5844,3.5915,20477600
2013-11-21,3.5962,3.6269,3.5796,3.6198,21356800
2013-11-22,3.6245,3.6245,3.5773,3.5844,15866800
2013-11-25,3.5844,3.667,3.5844,3.6623,24820800
2013-11-26,3.7024,3.7319,3.6776,3.693,75317600
2013-11-27,3.6906,3.7178,3.667,3.7072,18127200
2013-11-29,3.7072,3.7166,3.6599,3.6835,11696400
2013-12-02,3.6694,3.7449,3.6623,3.719,37387200
2013-12-03,3.7308,3.7674,3.693,3.7166,29056000
2013-12-04,3.7072,3.7756,3.6965,3.7685,49317600
2013-12-05,3.7756,3.7756,3.7024,3.7072,27181200
2013-12-06,3.752,3.752,3.6434,3.6528,28100000
2013-12-09,3.6528,3.6647,3.5844,3.5903,38522000
2013-12-10,3.5915,3.6906,3.5867,3.6741,52426800
2013-12-11,3.6812,3.6859,3.6316,3.6387,41415600
2013-12-12,3.6269,3.6458,3.5608,3.5678,25872400
2013-12-13,3.5749,3.6009,3.5419,3.5466,18458800
2013-12-16,3.5489,3.582,3.5466,3.5513,23762000
2013-12-17,3.5489,3.5773,3.5183,3.5678,27410400
2013-12-18,3.5749,3.6245,3.5301,3.6174,42623200
2013-12-19,3.6127,3.6363,3.5891,3.6316,25854400
2013-12-20,3.6387,3.7072,3.6292,3.7036,38208000
2013-12-23,3.726,3.7567,3.6953,3.726,16856800
2013-12-24,3.7473,3.7473,3.6977,3.7355,7960000
2013-12-26,3.7497,3.7603,3.6906,3.7001,16892000
2013-12-27,3.719,3.7284,3.6977,3.7213,21097600
2013-12-30,3.7237,3.7733,3.719,3.7709,24818000
2013-12-31,3.778,3.8016,3.7544,3.7827,23577600
2014-01-02,3.7591,3.7733,3.7119,3.7449,26009200
2014-01-03,3.752,3.7591,3.6883,3.7001,25933200
2014-01-06,3.7378,3.778,3.7024,3.7497,40949200
2014-01-07,3.7874,3.8252,3.7603,3.811,33328800
2014-01-08,3.8252,3.8819,3.811,3.863,30819200
2014-01-09,3.804,3.811,3.7072,3.719,29217200
2014-01-10,3.7308,3.7567,3.6812,3.7142,21849200
2014-01-13,3.7142,3.7367,3.6198,3.6269,24333200
2014-01-14,3.6458,3.7473,3.6292,3.7402,24182800
2014-01-15,3.7567,3.7933,3.7402,3.7804,17504400
2014-01-16,3.7804,3.7992,3.7638,3.7922,22065200
2014-01-17,3.7922,3.837,3.752,3.7756,34040000
2014-01-21,3.7804,3.8134,3.7497,3.7898,24607600
2014-01-22,3.7969,3.8016,3.7402,3.7851,33794000
2014-01-23,3.7733,3.8134,3.7426,3.7709,18502800
2014-01-24,3.7402,3.7544,3.6741,3.6741,24669600
2014-01-27,3.6741,3.726,3.6292,3.6505,23381200
2014-01-28,3.6434,3.6883,3.6292,3.6859,16799600
2014-01-29,3.6717,3.693,3.6481,3.6505,16294400
2014-01-30,3.6717,3.719,3.6599,3.7119,20289600
2014-01-31,3.6599,3.7284,3.6576,3.7072,33534800
2014-02-03,3.7331,3.7378,3.6434,3.6576,43172800
2014-02-04,3.6552,3.6859,3.6363,3.6788,28069200
2014-02-05,3.6528,3.6647,3.6174,3.6458,21467600
2014-02-06,3.6505,3.7024,3.6458,3.693,16838000
2014-02-07,3.7024,3.752,3.6694,3.7473,15724800
2014-02-10,3.7426,3.8087,3.739,3.7591,32437200
2014-02-11,3.7804,3.8465,3.7615,3.837,23538400
2014-02-12,3.8488,4.0023,3.8488,3.974,74452800
2014-02-13,4.0731,4.1227,4.0023,4.0991,90283600
2014-02-14,4.0613,4.2384,4.059,4.229,81753600
2014-02-18,4.2313,4.2455,4.1912,4.2266,42898800
2014-02-19,4.2266,4.3211,4.2077,4.2833,45034000
2014-02-20,4.2927,4.4427,4.2857,4.4344,39808800
2014-02-21,4.4273,4.484,4.373,4.4014,45105200
2014-02-24,4.3919,4.4982,4.3518,4.4651,40311200
2014-02-25,4.4593,4.4782,4.3976,4.445,24218400
2014-02-26,4.4356,4.502,4.4237,4.4379,36088400
2014-02-27,4.4379,4.483,4.3763,4.3881,38884800
2014-02-28,4.3644,4.4071,4.2967,4.3597,32169200
2014-03-03,4.2624,4.3383,4.2244,4.3383,37594800
2014-03-04,4.3597,4.4118,4.3525,4.3834,26034400
2014-03-05,4.3786,4.4237,4.3597,4.4213,24147200
2014-03-06,4.4284,4.4522,4.3525,4.3597,29014400
2014-03-07,4.3786,4.3857,4.3205,4.3549,26845200
2014-03-10,4.3407,4.3597,4.2719,4.2909,30088800
2014-03-11,4.3122,4.3715,4.298,4.3336,29722000
2014-03-12,4.3122,4.3715,4.2956,4.3454,23942800
2014-03-13,4.3549,4.3715,4.1865,4.2078,38517200
2014-03-14,4.1652,4.2648,4.1652,4.2268,46004800
2014-03-17,4.2387,4.2695,4.2221,4.2268,29965600
2014-03-18,4.2434,4.3549,4.2244,4.3264,29390400
2014-03-19,4.3597,4.4854,4.3478,4.4012,36616800
2014-03-20,4.3786,4.4427,4.3597,4.4047,19180000
2014-03-21,4.4427,4.4782,4.3739,4.3976,56611600
2014-03-24,4.4,4.4356,4.3122,4.3763,30609600
2014-03-25,4.4237,4.4284,4.343,4.3763,30442400
2014-03-26,4.4166,4.4996,4.2387,4.2766,55775600
2014-03-27,4.2671,4.3027,4.1711,4.2197,54072800
2014-03-28,4.2126,4.2719,4.2007,4.2458,39882000
2014-03-31,4.2529,4.2909,4.2233,4.2482,27340400
2014-04-01,4.3834,4.4759,4.3312,4.4237,65627200
2014-04-02,4.4237,4.4332,4.3763,4.3952,23994800
2014-04-03,4.4047,4.5506,4.4023,4.4427,59954800
2014-04-04,4.4664,4.4925,4.2849,4.3051,36803200
2014-04-07,4.3075,4.4023,4.2837,4.3193,42857600
2014-04-08,4.3193,4.4854,4.3123,4.4735,47069200
2014-04-09,4.4949,4.5328,4.4332,4.4688,42196800
2014-04-10,4.4498,4.5115,4.3454,4.3597,37274800
2014-04-11,4.3264,4.3929,4.2411,4.298,35311200
2014-04-14,4.3264,4.362,4.298,4.3454,29018400
2014-04-15,4.3502,4.4,4.3075,4.3763,30463600
2014-04-16,4.3976,4.4023,4.33,4.3857,23513600
2014-04-17,4.3691,4.4427,4.3597,4.4023,15353200
2014-04-21,4.4047,4.4498,4.3763,4.4379,11700400
2014-04-22,4.445,4.5043,4.4213,4.4759,25512000
2014-04-23,4.483,4.5399,4.4759,4.5281,26158000
2014-04-24,4.5589,4.6158,4.5589,4.5684,39149200
2014-04-25,4.5589,4.6016,4.4332,4.4427,31360000
2014-04-28,4.4782,4.502,4.3691,4.4237,22678800
2014-04-29,4.4403,4.4491,4.3834,4.4332,17130000
2014-04-30,4.4261,4.4308,4.3715,4.381,30574000
2014-05-01,4.4474,4.4569,4.3691,4.4047,19810400
2014-05-02,4.4261,4.4261,4.3454,4.3715,15637600
2014-05-05,4.3668,4.4522,4.362,4.4189,23926000
2014-05-06,4.4616,4.4996,4.317,4.3288,41618800
2014-05-07,4.3288,4.3691,4.2861,4.3347,29390000
2014-05-08,4.317,4.4569,4.2956,4.3881,43272800
2014-05-09,4.2553,4.2956,4.2007,4.2814,53953200
2014-05-12,4.2909,4.4166,4.2885,4.4071,29985600
2014-05-13,4.3478,4.4189,4.3217,4.3359,22110400
2014-05-14,4.3383,4.3549,4.2909,4.2932,21432000
2014-05-15,4.2837,4.3075,4.2268,4.2695,32589600
2014-05-16,4.2363,4.2909,4.2363,4.26,28396000
2014-05-19,4.3051,4.4213,4.2861,4.3976,36007600
2014-05-20,4.399,4.4109,4.3252,4.3466,25620000
2014-05-21,4.3633,4.4002,4.3192,4.3466,21671200
2014-05-22,4.3371,4.3895,4.3371,4.3657,13036400
2014-05-23,4.3895,4.4276,4.3633,4.4062,18265600
2014-05-27,4.4324,4.4848,4.4181,4.4848,20968000
2014-05-28,4.5015,4.5515,4.4586,4.5229,22467600
2014-05-29,4.5206,4.5587,4.5063,4.5158,17188400
2014-05-30,4.5158,4.5396,4.492,4.5277,23912800
2014-06-02,4.542,4.5706,4.4753,4.5134,18150000
2014-06-03,4.5229,4.5277,4.4348,4.4944,24321200
2014-06-04,4.4824,4.5325,4.4801,4.4991,16123600
2014-06-05,4.5063,4.5325,4.4801,4.5182,18869600
2014-06-06,4.5396,4.5754,4.5229,4.5349,16105200
2014-06-09,4.5301,4.5825,4.4991,4.5396,24745600
2014-06-10,4.5229,4.5849,4.5039,4.5635,21760800
2014-06-11,4.5468,4.6338,4.5468,4.623,26622800
2014-06-12,4.623,4.6731,4.5825,4.6516,33714800
2014-06-13,4.6993,4.7017,4.6111,4.6564,22785200
2014-06-16,4.6349,4.6731,4.6016,4.6421,19862000
2014-06-17,4.6469,4.6921,4.623,4.6731,15760800
2014-06-18,4.6612,4.6898,4.6183,4.6683,21553600
2014-06-19,4.5825,4.6064,4.5277,4.5606,47459200
2014-06-20,4.573,4.5885,4.4753,4.511,35314800
2014-06-23,4.4515,4.461,4.399,4.4586,41420000
2014-06-24,4.4515,4.4872,4.3704,4.3895,27578000
2014-06-25,4.4014,4.4372,4.3609,4.4348,21542000
2014-06-26,4.4348,4.4372,4.3609,4.3752,25690800
2014-06-27,4.3704,4.4062,4.3442,4.38,30282000
2014-06-30,4.3633,4.43,4.3633,4.4181,18051200
2014-07-01,4.4133,4.4932,4.399,4.4681,32118000
2014-07-02,4.4515,4.4705,4.4252,4.4521,17928400
2014-07-03,4.4109,4.5039,4.4109,4.492,13689200
2014-07-07,4.4991,4.5015,4.4491,4.4562,12749600
2014-07-08,4.4443,4.4634,4.3776,4.4205,22194000
2014-07-09,4.4586,4.573,4.4252,4.5539,38766800
2014-07-10,4.4681,4.5492,4.4324,4.5289,26630800
2014-07-11,4.5349,4.5539,4.5182,4.5396,19118800
2014-07-14,4.5587,4.6087,4.542,4.5968,27263600
2014-07-15,4.604,4.6278,4.573,4.6159,39544000
2014-07-16,4.6349,4.6707,4.5849,4.6111,31972800
2014-07-17,4.5587,4.6469,4.5587,4.5992,32483200
2014-07-18,4.5039,4.5396,4.3871,4.3943,56781600
2014-07-21,4.3776,4.4515,4.3776,4.4205,24336400
2014-07-22,4.4538,4.4777,4.3919,4.4014,29881600
2014-07-23,4.4038,4.4062,4.3037,4.3085,29735200
2014-07-24,4.3323,4.3442,4.2846,4.3156,25457600
2014-07-25,4.3013,4.3109,4.2322,4.2394,26613200
2014-07-28,4.2584,4.2584,4.15,4.2227,33035200
2014-07-29,4.2251,4.2942,4.2227,4.237,21797200
2014-07-30,4.2632,4.3204,4.2513,4.3085,24618400
2014-07-31,4.2561,4.2894,4.1619,4.1703,40188000
2014-08-01,4.1703,4.2394,4.156,4.2155,21988400
2014-08-04,4.2108,4.2465,4.1846,4.206,24172400
2014-08-05,4.1941,4.2703,4.1583,4.2084,29813600
2014-08-06,4.1798,4.2561,4.1488,4.2036,22345600
2014-08-07,4.2394,4.2775,4.1321,4.1607,40769600
2014-08-08,4.3418,4.5515,4.3418,4.5277,89434800
2014-08-11,4.5325,4.5515,4.492,4.5039,34462400
2014-08-12,4.5015,4.5277,4.4538,4.5039,29615200
2014-08-13,4.511,4.5682,4.4824,4.5301,25659600
2014-08-14,4.5468,4.5468,4.461,4.4801,25599200
2014-08-15,4.4944,4.5623,4.4515,4.5372,36979600
2014-08-18,4.5563,4.604,4.511,4.5992,28407600
2014-08-19,4.6002,4.6601,4.5835,4.6361,24826000
2014-08-20,4.6194,4.6409,4.5966,4.6074,22146800
2014-08-21,4.5955,4.6194,4.5572,4.5643,27279600
2014-08-22,4.5595,4.605,4.5308,4.5667,25122400
2014-08-25,4.5859,4.617,4.5643,4.5739,15338000
2014-08-26,4.5859,4.6649,4.5691,4.6565,26963600
2014-08-27,4.6266,4.6613,4.5955,4.6026,18297200
2014-08-28,4.5931,4.6505,4.5787,4.6409,17970400
2014-08-29,4.6577,4.6649,4.6074,4.6553,20793200
2014-09-02,4.6673,4.6673,4.623,4.6661,19263600
2014-09-03,4.6912,4.7271,4.6601,4.7115,25945600
2014-09-04,4.7032,4.8228,4.7008,4.7941,49183200
2014-09-05,4.7893,4.8109,4.7486,4.7797,25379200
2014-09-08,4.775,4.7845,4.7175,4.7367,31928800
2014-09-09,4.7151,4.7462,4.672,4.6768,19858800
2014-09-10,4.7032,4.7115,4.6493,4.6936,17237600
2014-09-11,4.6601,4.6768,4.5955,4.6457,25072000
2014-09-12,4.6744,4.6744,4.5703,4.5763,26253600
2014-09-15,4.5907,4.5978,4.4949,4.5141,29415200
2014-09-16,4.5021,4.605,4.4877,4.5799,21993600
2014-09-17,4.5691,4.6266,4.5476,4.5835,17358400
2014-09-18,4.6122,4.6577,4.5978,4.6529,21960400
2014-09-19,4.6673,4.672,4.5595,4.5667,60131600
2014-09-22,4.6601,4.6601,4.5165,4.5213,22146400
2014-09-23,4.4973,4.5524,4.4806,4.5021,19614400
2014-09-24,4.4997,4.5428,4.4949,4.5284,15949680
2014-09-25,4.5236,4.5356,4.4207,4.4303,29700236
2014-09-26,4.4447,4.4734,4.4255,4.4387,24118808
2014-09-29,4.404,4.4638,4.3618,4.4315,20854340
2014-09-30,4.4135,4.4471,4.3633,4.4159,27720520
2014-10-01,4.4231,4.4542,4.3609,4.3729,35100484
2014-10-02,4.3657,4.3872,4.2532,4.3537,28899444
2014-10-03,4.38,4.4399,4.3633,4.3633,23913896
2014-10-06,4.38,4.4159,4.3082,4.337,19903108
2014-10-07,4.3178,4.3597,4.2855,4.2903,30189756
2014-10-08,4.2867,4.392,4.2532,4.3705,26017136
2014-10-09,4.3513,4.3549,4.2508,4.2867,30699928
2014-10-10,4.2532,4.2675,4.0306,4.0318,69137688
2014-10-13,4.0593,4.1407,4.0138,4.0174,39762920
2014-10-14,4.0737,4.2245,4.0497,4.1108,37661952
2014-10-15,4.0521,4.1957,4.0246,4.1742,40443912
2014-10-16,4.1,4.2245,4.0904,4.1766,35111776
2014-10-17,4.2269,4.2759,4.1527,4.1694,29074076
2014-10-20,4.1694,4.2424,4.1407,4.2053,20033616
2014-10-21,4.2364,4.3896,4.2245,4.3848,35113088
2014-10-22,4.3776,4.392,4.2819,4.2819,23951684
2014-10-23,4.3561,4.4088,4.325,4.3764,21469976
2014-10-24,4.404,4.4495,4.3764,4.4231,21016608
2014-10-27,4.4207,4.4423,4.3729,4.4255,14511128
2014-10-28,4.4135,4.5368,4.4088,4.5308,19257812
2014-10-29,4.5117,4.538,4.4614,4.5009,16834016
2014-10-30,4.4901,4.5093,4.4159,4.4734,17025804
2014-10-31,4.5763,4.6792,4.5524,4.6768,25633064
2014-11-03,4.7845,4.8013,4.7319,4.7558,30879404
2014-11-04,4.7869,4.8348,4.7079,4.818,36019544
2014-11-05,4.8468,4.848,4.7821,4.818,33565028
2014-11-06,4.8276,4.8468,4.7534,4.8396,39408804
2014-11-07,4.8946,4.9511,4.6888,4.7367,45079848
2014-11-10,4.7319,4.8229,4.7199,4.7917,29338896
2014-11-11,4.763,4.7893,4.6924,4.7343,21301080
2014-11-12,4.7175,4.7295,4.6385,4.702,20458276
2014-11-13,4.7199,4.7269,4.6409,4.6792,22532956
2014-11-14,4.684,4.7367,4.6373,4.7355,16024724
2014-11-17,4.7151,4.7654,4.684,4.7139,15873180
2014-11-18,4.7175,4.8396,4.7056,4.8276,20777248
2014-11-19,4.8313,4.8457,4.7592,4.8097,24030168
2014-11-20,4.776,4.8938,4.7616,4.889,22096904
2014-11-21,4.9323,4.9395,4.8746,4.9166,19897764
2014-11-24,4.9274,4.9683,4.9082,4.9467,13600500
2014-11-25,4.9371,4.9803,4.9274,4.9443,19024084
2014-11-26,4.9154,5.0332,4.913,5.0272,21926536
2014-11-28,5.0452,5.0693,5.0002,5.0404,12483124
2014-12-01,5.0188,5.0476,4.9395,4.9467,19006028
2014-12-02,4.9419,4.9755,4.8962,4.9539,24595192
2014-12-03,4.9779,5.0837,4.9635,5.0813,28445704
2014-12-04,5.0741,5.0933,5.002,5.0356,18663108
2014-12-05,5.038,5.0909,5.0356,5.0645,16568112
2014-12-08,5.0572,5.1077,4.9587,4.9996,22706840
2014-12-09,4.9683,4.9947,4.8938,4.9827,23944752
2014-12-10,4.9683,4.9875,4.8662,4.8722,20471424
2014-12-11,4.901,4.9347,4.8601,4.8698,13565208
2014-12-12,4.8049,4.8481,4.7135,4.7183,32414648
2014-12-15,4.7736,4.8601,4.6897,4.7039,25469672
2014-12-16,4.6991,4.7736,4.6486,4.6498,18530904
2014-12-17,4.7448,4.8481,4.5909,4.8409,34559740
2014-12-18,4.901,4.9587,4.8145,4.8601,22615756
2014-12-19,4.8938,4.9274,4.8481,4.9082,32552920
2014-12-22,4.9034,4.9947,4.8866,4.9947,14897428
2014-12-23,5.0332,5.0572,4.9575,4.9635,10927932
2014-12-24,4.9755,4.9815,4.9395,4.9443,4564512
2014-12-26,4.9443,4.9755,4.9323,4.9491,5264400
2014-12-29,4.9347,4.9755,4.9106,4.9419,8332512
2014-12-30,4.9082,4.9323,4.889,4.8962,11212040
2014-12-31,4.9034,4.9298,4.8049,4.8193,16631832
2015-01-02,4.8385,4.8746,4.7618,4.8385,11368048
2015-01-05,4.8385,4.8529,4.7352,4.7568,19795196
2015-01-06,4.764,4.7688,4.6078,4.6126,19776484
2015-01-07,4.6462,4.6871,4.5861,4.5993,32180744
2015-01-08,4.6534,4.8025,4.651,4.7736,28378136
2015-01-09,4.7904,4.8289,4.7243,4.7928,20818800
2015-01-12,4.8049,4.8061,4.6895,4.7328,19073228
2015-01-13,4.7688,4.865,4.6931,4.7243,23671840
2015-01-14,4.6751,4.7592,4.663,4.7448,15526124
2015-01-15,4.7784,4.8073,4.7087,4.7111,18895028
2015-01-16,4.7039,4.8025,4.6895,4.7976,18151200
2015-01-20,4.8313,4.8577,4.752,4.8121,14030876
2015-01-21,4.7856,4.8914,4.752,4.8794,14477976
2015-01-22,4.889,4.9767,4.8385,4.9635,15971240
2015-01-23,4.9683,4.9863,4.9274,4.9779,12041556
2015-01-26,4.9563,4.9803,4.925,4.9551,13324032
2015-01-27,4.8794,4.8842,4.7087,4.7183,35794884
2015-01-28,4.776,4.7952,4.639,4.6414,27272856
2015-01-29,4.6438,4.7808,4.6222,4.7544,23534124
2015-01-30,4.7207,4.7758,4.6078,4.6162,29819872
2015-02-02,4.6438,4.7352,4.5525,4.7159,25960596
2015-02-03,4.7496,4.8385,4.7255,4.8337,18346680
2015-02-04,4.8193,4.8998,4.8037,4.8457,18151488
2015-02-05,4.8505,4.9274,4.8457,4.9238,14044780
2015-02-06,4.9202,4.9779,4.8818,4.9034,21052292
2015-02-09,4.8746,4.913,4.8433,4.8986,27396772
2015-02-10,4.9034,5.038,4.8818,5.0356,22620452
2015-02-11,5.0476,5.0476,4.9683,5.002,32083112
2015-02-12,5.288,5.4082,5.2567,5.3601,67690352
2015-02-13,5.3481,5.3697,5.2664,5.3625,31008596
2015-02-17,5.3529,5.4058,5.3192,5.3781,20333864
2015-02-18,5.3721,5.3817,5.3072,5.3168,17095988
2015-02-19,5.3841,5.3937,5.3072,5.3301,16943040
2015-02-20,5.3264,5.3721,5.288,5.3685,15775280
2015-02-23,5.3673,5.3673,5.3,5.3264,12503672
2015-02-24,5.3467,5.3829,5.2985,5.3829,14933272
2015-02-25,5.3612,5.3853,5.3166,5.3419,12382104
2015-02-26,5.3467,5.3866,5.313,5.3564,15286388
2015-02-27,5.3419,5.354,5.3036,5.3226,15749092
2015-03-02,5.3081,5.4819,5.3011,5.4517,30151124
2015-03-03,5.4119,5.4384,5.3347,5.3516,16034552
2015-03-04,5.3323,5.424,5.3105,5.4119,22683988
2015-03-05,5.4119,5.5253,5.3974,5.5156,32305700
2015-03-06,5.4843,5.5108,5.4348,5.4408,25739228
2015-03-09,5.4433,5.4963,5.4312,5.4553,22238772
2015-03-10,5.4794,5.5854,5.4698,5.5482,52721068
2015-03-11,5.5494,5.6218,5.5048,5.5205,26211860
2015-03-12,5.4674,5.5084,5.366,5.4698,40697040
2015-03-13,5.4433,5.4915,5.3685,5.477,35928752
2015-03-16,5.5205,5.576,5.4843,5.5422,23695456
2015-03-17,5.5301,5.6121,5.4915,5.6097,29994224
2015-03-18,5.6097,5.6387,5.4674,5.518,41384336
2015-03-19,5.5374,5.6218,5.4963,5.6013,31075436
2015-03-20,5.6483,5.6954,5.5953,5.6628,46208476
2015-03-23,5.4939,5.5663,5.477,5.4794,42601108
2015-03-24,5.4626,5.5012,5.3805,5.4046,33048100
2015-03-25,5.4022,5.4022,5.0596,5.0765,54255360
2015-03-26,4.9728,5.0801,4.9366,5.0584,31191988
2015-03-27,5.0886,5.1778,5.0065,5.1585,31828608
2015-03-30,5.1827,5.2068,5.1151,5.1803,25325024
2015-03-31,5.1658,5.1706,5.0451,5.0488,35727768
2015-04-01,5.0693,5.0862,4.9824,5.0693,33076892
2015-04-02,5.0982,5.1127,5.0379,5.0813,19220344
2015-04-06,5.0596,5.2454,5.0065,5.2273,51586336
2015-04-07,5.2285,5.3323,5.1996,5.2744,41396276
2015-04-08,5.2792,5.3323,5.2285,5.313,36643144
2015-04-09,5.2719,5.4529,5.2695,5.4348,37943308
2015-04-10,5.4408,5.4939,5.4215,5.4915,25872876
2015-04-13,5.4794,5.5108,5.4167,5.4408,23672424
2015-04-14,5.4191,5.4408,5.3428,5.395,22027408
2015-04-15,5.4095,5.5,5.3829,5.4601,24355840
2015-04-16,5.4288,5.4746,5.3878,5.4264,15528232
2015-04-17,5.313,5.4095,5.3105,5.3564,29363668
2015-04-20,5.3805,5.4143,5.3202,5.3299,23162584
2015-04-21,5.395,5.395,5.2961,5.3214,23045460
2015-04-22,5.354,5.3902,5.2719,5.3829,20741924
2015-04-23,5.284,5.4119,5.2237,5.3612,25937876
2015-04-24,5.3588,5.3612,5.2551,5.3154,24095888
2015-04-27,5.3323,5.4505,5.2864,5.3564,24845424
2015-04-28,5.3467,5.401,5.2961,5.3817,23448424
2015-04-29,5.3443,5.3974,5.3202,5.3419,19515676
2015-04-30,5.3154,5.3817,5.3033,5.3552,21884332
2015-05-01,5.3998,5.506,5.3757,5.4891,25696740
2015-05-04,5.4843,5.5205,5.4384,5.4553,20072096
2015-05-05,5.436,5.4433,5.2912,5.3154,29292780
2015-05-06,5.3443,5.395,5.2623,5.3323,31648444
2015-05-07,5.3105,5.4433,5.2937,5.4264,53456308
2015-05-08,5.0693,5.2695,4.9438,5.0246,114655112
2015-05-11,4.9559,5.0283,4.9173,4.9776,54414576
2015-05-12,4.9414,5.0669,4.939,5.0258,38879976
2015-05-13,5.062,5.1006,5.0065,5.0548,30852280
2015-05-14,5.0693,5.1634,5.0572,5.1368,29305120
2015-05-15,5.1585,5.1827,5.1079,5.1392,21582476
2015-05-18,5.1272,5.1634,5.103,5.132,32497168
2015-05-19,5.1388,5.1558,5.0903,5.1,25380888
2015-05-20,5.1025,5.1631,5.0952,5.1,19682324
2015-05-21,5.1025,5.1243,5.0588,5.0637,23969000
2015-05-22,5.0758,5.094,5.0443,5.0564,21261128
2015-05-26,5.0322,5.0661,4.9871,5.0249,25973108
2015-05-27,5.0588,5.317,5.0419,5.294,43233084
2015-05-28,5.294,5.3846,5.2843,5.3667,32765724
2015-05-29,5.3667,5.4006,5.357,5.3642,33516976
2015-06-01,5.3982,5.4782,5.3642,5.4248,37266016
2015-06-02,5.3909,5.42,5.3133,5.317,22430328
2015-06-03,5.3327,5.3739,5.2503,5.26,25078768
2015-06-04,5.2285,5.3715,5.2285,5.3545,32371060
2015-06-05,5.3376,5.42,5.2818,5.3958,31332004
2015-06-08,5.3788,5.4151,5.2115,5.2721,34281204
2015-06-09,5.277,5.3376,5.2673,5.2988,25688888
2015-06-10,5.2358,5.2697,5.1752,5.2043,52946104
2015-06-11,5.2043,5.2964,5.2043,5.26,28305184
2015-06-12,5.2261,5.2576,5.1049,5.117,32372656
2015-06-15,5.0903,5.1303,5.0516,5.1073,30654692
2015-06-16,5.0976,5.1776,5.0467,5.1703,25689012
2015-06-17,5.1679,5.26,5.1558,5.2309,23354592
2015-06-18,5.2746,5.3521,5.26,5.3182,29940360
2015-06-19,5.3182,5.3618,5.2527,5.3012,35565708
2015-06-22,5.3109,5.34,5.1994,5.2782,51423716
2015-06-23,5.2891,5.3303,5.1025,5.1437,41406508
2015-06-24,5.1364,5.1631,5.0685,5.0928,25336816
2015-06-25,5.0928,5.1631,5.0928,5.1315,35046192
2015-06-26,5.0903,5.1315,5.0055,5.0273,42129492
2015-06-29,4.9691,5.02,4.8698,4.877,39172384
2015-06-30,4.9061,4.9279,4.8407,4.8746,31591428
2015-07-01,4.9958,5.0661,4.9013,4.9449,30292004
2015-07-02,4.9425,4.9813,4.9182,4.9497,14576460
2015-07-06,4.9085,4.9764,4.8516,4.8891,21477652
2015-07-07,4.8601,4.8795,4.6443,4.797,59425308
2015-07-08,4.7704,4.7995,4.7243,4.7631,33249148
2015-07-09,4.8382,4.8601,4.6759,4.7049,35758980
2015-07-10,4.7655,4.831,4.7534,4.7873,21670868
2015-07-13,4.8358,4.8455,4.7861,4.8189,21247164
2015-07-14,4.8261,4.831,4.7583,4.8213,24921716
2015-07-15,4.8092,4.8407,4.7437,4.7873,26573392
2015-07-16,4.8164,4.894,4.7995,4.894,28289164
2015-07-17,4.877,4.8819,4.8019,4.8649,22037232
2015-07-20,4.8649,4.8843,4.7631,4.7752,18841036
2015-07-21,4.7655,4.8649,4.7655,4.797,14972040
2015-07-22,4.7631,4.7631,4.6468,4.7037,35647276
2015-07-23,4.7146,4.8334,4.7049,4.7631,16991488
2015-07-24,4.797,4.8019,4.688,4.7073,18884396
2015-07-27,4.6661,4.734,4.6274,4.6807,19242080
2015-07-28,4.6928,4.814,4.6443,4.7825,19830932
2015-07-29,4.7728,4.8795,4.7534,4.8407,23268132
2015-07-30,4.8285,4.9013,4.8285,4.8528,19017916
2015-07-31,4.8722,4.8746,4.8067,4.8358,21836844
2015-08-03,4.8746,4.9231,4.8116,4.9182,39713112
2015-08-04,4.9013,4.9522,4.8819,4.9376,26010056
2015-08-05,5.0588,5.0637,4.9776,4.9885,23425152
2015-08-06,4.9764,5.0128,4.8746,4.957,65567560
2015-08-07,5.4442,5.6648,5.3036,5.5703,140524684
2015-08-10,5.5315,5.8054,5.4976,5.7642,66230544
2015-08-11,5.6794,5.7909,5.6794,5.7351,43500836
2015-08-12,5.643,5.7909,5.643,5.7497,38408048
2015-08-13,5.7569,5.769,5.6866,5.7012,27688584
2015-08-14,5.6963,5.74,5.6624,5.706,21465044
2015-08-17,5.6963,5.6963,5.5994,5.6697,27387892
2015-08-18,5.6522,5.6912,5.5743,5.6182,28708220
2015-08-19,5.6109,5.6729,5.5354,5.5962,24927368
2015-08-20,5.533,5.5597,5.3674,5.3942,42693316
2015-08-21,5.3553,5.4453,5.2214,5.2262,38266556
2015-08-24,4.9341,5.3139,4.8684,5.0412,68228292
2015-08-25,5.2628,5.2822,4.9366,4.9366,62268440
2015-08-26,5.0972,5.3139,5.0583,5.309,61497756
2015-08-27,5.365,5.5111,5.3334,5.5086,46376332
2015-08-28,5.5062,5.567,5.4685,5.533,32094528
2015-08-31,5.5086,5.5451,5.449,5.4721,21935240
2015-09-01,5.3139,5.4039,5.2092,5.2482,35340880
2015-09-02,5.3869,5.4088,5.3017,5.4064,34404260
2015-09-03,5.4867,5.5135,5.4112,5.421,26255752
2015-09-04,5.3285,5.4137,5.292,5.2944,28800980
2015-09-08,5.4234,5.5427,5.402,5.5208,23844872
2015-09-09,5.5378,5.5841,5.3991,5.4112,28939396
2015-09-10,5.3796,5.5646,5.354,5.4964,35707584
2015-09-11,5.4356,5.55,5.4125,5.5135,30158432
2015-09-14,5.5403,5.5573,5.494,5.5232,19246544
2015-09-15,5.5257,5.6133,5.5086,5.5841,32797648
2015-09-16,5.5743,5.6547,5.5317,5.623,17350736
2015-09-17,5.7204,5.7715,5.662,5.6741,26871076
2015-09-18,5.5962,5.718,5.5622,5.6693,32641020
2015-09-21,5.6766,5.7399,5.6474,5.7277,28186464
2015-09-22,5.6036,5.6425,5.5415,5.5719,22835692
2015-09-23,5.5768,5.6328,5.5549,5.5987,16163396
2015-09-24,5.5646,5.7642,5.477,5.7058,38244124
2015-09-25,5.7764,5.8591,5.6912,5.7472,36969072
2015-09-28,5.7472,5.7825,5.6352,5.6717,38792376
2015-09-29,5.7326,5.7812,5.6522,5.7715,38073492
2015-09-30,5.8251,6.0076,5.791,5.9979,54851932
2015-10-01,6.0003,6.0174,5.7131,5.8835,48929708
2015-10-02,5.8518,6.037,5.791,6.0368,38614556
2015-10-05,6.0758,6.2632,6.0441,6.1878,48202284
2015-10-06,6.122,6.2949,6.0977,6.2681,45442104
2015-10-07,6.2827,6.3971,6.1805,6.3338,31015196
2015-10-08,6.307,6.3873,6.1999,6.3703,46006964
2015-10-09,6.3362,6.3971,6.2267,6.346,42324840
2015-10-12,6.3533,6.4507,6.3058,6.4141,22758908
2015-10-13,6.363,6.464,6.3411,6.4263,29844284
2015-10-14,6.4336,6.7635,6.4263,6.66,61219024
2015-10-15,6.6722,6.8134,6.604,6.677,52604604
2015-10-16,6.6989,6.845,6.6819,6.7817,44839588
2015-10-19,6.8036,6.834,6.6916,6.7695,29471120
2015-10-20,6.7403,6.7914,6.6892,6.7598,26482456
2015-10-21,6.8012,6.8426,6.66,6.6722,38668196
2015-10-22,6.7501,6.9351,6.7403,6.9132,30688364
2015-10-23,6.974,7.0057,6.8693,6.9594,38177428
2015-10-26,6.9643,6.9813,6.8645,6.9278,24743740
2015-10-27,6.8937,6.9661,6.8888,6.9229,20826712
2015-10-28,6.9667,6.9789,6.8645,6.9789,21703408
2015-10-29,6.8669,6.9375,6.7257,6.7379,32716708
2015-10-30,6.8109,6.9545,6.7598,6.9059,30115860
2015-11-02,6.9278,6.9935,6.8864,6.9862,19008788
2015-11-03,6.9448,6.9837,6.8596,6.9375,37676920
2015-11-04,6.918,6.9691,6.7914,6.8231,44226284
2015-11-05,6.8572,6.8754,6.7257,6.7452,47879896
2015-11-06,7.4122,7.7749,7.2588,7.6799,117227108
2015-11-09,7.6045,7.6678,7.5387,7.6459,49256900
2015-11-10,7.5461,7.5874,7.3392,7.4998,55225988
2015-11-11,7.5047,7.5582,7.4,7.4268,62012628
2015-11-12,7.4097,7.4779,7.3684,7.4,29108068
2015-11-13,7.4073,7.4389,7.2174,7.2539,29294004
2015-11-16,7.3489,7.4049,7.2905,7.4,34428032
2015-11-17,7.4195,7.4633,7.3692,7.4,25704652
2015-11-18,7.4299,7.5911,7.348,7.5813,35021432
2015-11-19,7.6082,7.6791,7.5471,7.6033,25407212
2015-11-20,7.6595,7.7133,7.6131,7.6693,23974348
2015-11-23,7.7328,7.7328,7.5264,7.5545,24255004
2015-11-24,7.5545,7.6815,7.5203,7.6156,19542768
2015-11-25,7.6009,7.6913,7.5789,7.6058,13829904
2015-11-27,7.6204,7.6937,7.5813,7.6693,8700808
2015-11-30,7.6766,7.7841,7.6693,7.7499,32724320
2015-12-01,7.8183,8.0089,7.811,8.0016,40949732
2015-12-02,8.0138,8.0969,7.9234,7.9405,29424016
2015-12-03,8.004,8.0871,7.8843,7.9234,24665620
2015-12-04,7.9234,8.2606,7.9234,8.2459,45875696
2015-12-07,8.2435,8.2435,8.0651,8.0895,33358716
2015-12-08,7.9894,8.2337,7.9381,8.1995,31448932
2015-12-09,8.197,8.2459,7.9087,7.9918,37267484
2015-12-10,8.0162,8.1018,7.9894,8.0578,23659692
2015-12-11,7.9772,8.0333,7.921,7.9381,22732152
2015-12-14,7.9454,8.0016,7.8623,7.9576,27634580
2015-12-15,8.048,8.1115,8.004,8.0553,30729416
2015-12-16,8.0724,8.1311,8.0016,8.1042,23635496
2015-12-17,8.1164,8.1995,7.9772,7.982,25416176
2015-12-18,7.9258,8.0065,7.8428,7.8525,39589696
2015-12-21,7.9381,8.0456,7.8672,8.037,28421492
2015-12-22,8.0627,8.1262,7.9967,8.0456,13001076
2015-12-23,8.0578,8.1079,8.0431,8.0761,12252556
2015-12-24,8.0529,8.1237,8.0407,8.1042,5244924
2015-12-28,8.0187,8.0969,7.9063,8.0969,14202812
2015-12-29,8.1018,8.2532,8.0798,8.2288,20366048
2015-12-30,8.2215,8.2923,8.1555,8.1579,18034280
2015-12-31,8.1457,8.1824,8.0529,8.0529,14852808
2016-01-04,7.8892,7.96,7.8281,7.9087,35807628
2016-01-05,8.0578,8.1702,7.9405,8.0358,49027256
2016-01-06,7.9039,7.9405,7.6131,7.7035,44934416
2016-01-07,7.5105,7.5625,7.3004,7.3981,64530300
2016-01-08,7.4934,7.5007,7.2234,7.2393,39847128
2016-01-11,7.2466,7.3028,7.122,7.2515,40940380
2016-01-12,7.381,7.4812,7.3224,7.3737,46935572
2016-01-13,7.4299,7.4787,7.1416,7.1489,48167048
2016-01-14,7.0023,7.0854,6.7971,7.0047,60023456
2016-01-15,6.7238,6.8044,6.5088,6.6236,84145212
2016-01-19,6.7604,6.951,6.6493,6.6774,45714148
2016-01-20,6.5503,6.7995,6.4623,6.714,48117828
2016-01-21,6.7873,6.8972,6.648,6.7922,48145688
2016-01-22,6.9217,6.9974,6.907,6.951,25801248
2016-01-25,6.9486,7.028,6.9278,6.9437,27072812
2016-01-26,6.9583,7.0414,6.8862,7.0121,22796728
2016-01-27,7.0023,7.0231,6.7958,6.929,23170112
2016-01-28,6.9852,7.0096,6.7189,6.8533,27677804
2016-01-29,6.9119,7.1697,6.885,7.1562,31050488
2016-02-01,7.1489,7.1953,7.0878,7.1587,28988396
2016-02-02,7.0854,7.122,6.8068,6.8557,34190840
2016-02-03,6.9095,6.951,6.7311,6.8899,32677404
2016-02-04,6.8997,7.0487,6.8239,6.8924,34813800
2016-02-05,6.8459,6.9217,6.4379,6.4575,60042740
2016-02-08,6.3597,6.3915,6.0714,6.1618,60885280
2016-02-09,6.0885,6.4868,6.0592,6.2278,42537256
2016-02-10,6.2669,6.4477,6.1789,6.2131,33579920
2016-02-11,6.0543,6.2449,6.0543,6.1814,34014540
2016-02-12,6.2791,6.2987,6.047,6.2864,34081468
2016-02-16,6.3768,6.6041,6.3573,6.5943,48535180
2016-02-17,6.6774,6.8215,6.6505,6.758,77146664
2016-02-18,7.3126,7.5679,7.3053,7.3395,106865956
2016-02-19,7.3004,7.5032,7.2442,7.4372,52562928
2016-02-22,7.5447,7.7866,7.53,7.7011,44966788
2016-02-23,7.64,7.7939,7.6033,7.7206,36937800
2016-02-24,7.6888,7.7861,7.4763,7.7744,33685344
2016-02-25,7.8037,7.8306,7.6522,7.7915,34961468
2016-02-26,7.8281,7.8467,7.662,7.7402,36196292
2016-02-29,7.7514,7.8519,7.6852,7.6901,32334472
2016-03-01,7.7097,8.0309,7.6974,8.0309,34870048
2016-03-02,7.9868,8.1069,7.9721,8.0775,23383732
2016-03-03,8.0677,8.102,7.8985,8.0064,30200352
2016-03-04,8.0677,8.0751,7.9206,7.9819,17530536
2016-03-07,7.9377,7.9917,7.8262,7.9304,24021980
2016-03-08,7.8495,7.8961,7.76,7.7857,26576044
2016-03-09,7.8544,7.8654,7.6803,7.7808,22278948
2016-03-10,7.8274,7.8715,7.6116,7.7685,28608548
2016-03-11,7.8838,7.9034,7.7906,7.901,27739944
2016-03-14,7.8642,7.9525,7.8274,7.9206,19031472
2016-03-15,7.8789,7.9304,7.7416,7.8813,22621680
2016-03-16,7.8225,8.1437,7.7857,8.1168,36364272
2016-03-17,8.0873,8.1266,7.9387,8.0481,35367836
2016-03-18,8.1437,8.3988,8.0922,8.2909,54551208
2016-03-21,8.2173,8.3178,8.129,8.3154,33778156
2016-03-22,8.2884,8.3583,8.1977,8.3007,24201064
2016-03-23,8.3374,8.5042,8.3007,8.4429,42900684
2016-03-24,8.3669,8.4699,8.3399,8.4552,24495416
2016-03-28,8.4404,8.5778,8.4306,8.541,26538800
2016-03-29,8.5042,8.6979,8.4846,8.6783,26181064
2016-03-30,8.7102,8.8892,8.7053,8.769,37669896
2016-03-31,8.8083,8.8279,8.6685,8.7372,37988208
2016-04-01,8.6832,8.8696,8.617,8.8647,34829276
2016-04-04,8.9382,8.9848,8.7445,8.7788,39394204
2016-04-05,8.7004,8.8475,8.666,8.7666,33956860
2016-04-06,8.6562,8.7837,8.4919,8.7788,45337516
2016-04-07,8.7224,8.8009,8.6513,8.6881,37810576
2016-04-08,8.7592,8.8156,8.6575,8.7445,25593492
2016-04-11,8.796,8.9431,8.769,8.7985,38752392
2016-04-12,8.8279,8.8401,8.617,8.7887,29276308
2016-04-13,8.8279,9.0118,8.8279,9.0093,35071444
2016-04-14,8.9848,9.0731,8.948,9.0339,41656524
2016-04-15,9.0314,9.1859,9.0025,9.105,43697092
2016-04-18,9.0878,9.0878,8.9775,9.0658,30732176
2016-04-19,9.1001,9.1172,8.8475,8.9039,30915108
2016-04-20,8.8892,8.9922,8.8794,8.9382,20017736
2016-04-21,8.9407,8.9824,8.8892,8.9284,17827956
2016-04-22,8.9579,9.0192,8.8634,8.8941,22354156
2016-04-25,8.8965,8.9873,8.872,8.9382,19199060
2016-04-26,8.9922,9.0952,8.9064,8.9456,21453456
2016-04-27,8.9235,9.154,8.9071,9.1491,35239432
2016-04-28,9.0927,9.1467,8.8549,8.8769,38122204
2016-04-29,8.8401,8.8598,8.617,8.7126,32190248
2016-05-02,8.796,8.8818,8.7543,8.8279,25607680
2016-05-03,8.7273,8.7641,8.6467,8.7224,22402340
2016-05-04,8.617,8.6244,8.4355,8.5238,52576260
2016-05-05,8.5949,8.6759,8.5116,8.5753,24688452
2016-05-06,8.5606,8.6869,8.5434,8.6636,18324000
2016-05-09,8.6857,8.7224,8.5802,8.6513,33333644
2016-05-10,8.7053,8.8328,8.6219,8.8181,26967716
2016-05-11,8.8451,8.9407,8.796,8.8426,32817764
2016-05-12,8.9064,8.9456,8.5655,8.7224,67054132
2016-05-13,9.6101,10.054,9.5635,10.0491,211025616
2016-05-16,9.9731,10.4954,9.9412,10.3458,97303028
2016-05-17,10.2992,10.4414,10.1668,10.3679,62839048
2016-05-18,10.2992,10.7529,10.2992,10.6327,54107188
2016-05-19,10.591,10.755,10.5763,10.6793,39887924
2016-05-20,10.7455,10.9147,10.7283,10.8706,39108360
2016-05-23,10.9172,10.9588,10.8215,10.8877,41363508
2016-05-24,10.9202,11.1858,10.8907,11.1513,41578884
2016-05-25,11.1858,11.2325,11.0161,11.1046,45877644
2016-05-26,11.1243,11.3038,11.0923,11.2226,30996324
2016-05-27,11.2349,11.3013,11.198,11.2841,27741556
2016-05-31,11.3333,11.509,11.3259,11.4857,41252524
2016-06-01,11.4316,11.6184,11.3972,11.5078,38713068
2016-06-02,11.5693,11.6873,11.4562,11.5889,32920808
2016-06-03,11.4758,11.4906,11.2251,11.4267,46107456
2016-06-06,11.4562,11.5447,11.3087,11.3677,32251364
2016-06-07,11.4365,11.5004,11.3849,11.3898,19340068
2016-06-08,11.3923,11.4341,11.2595,11.3529,23461724
2016-06-09,11.3136,11.6651,11.289,11.6479,47216668
2016-06-10,11.5103,11.6135,11.3431,11.3578,40002368
2016-06-13,11.3701,11.7263,11.3701,11.5029,47558696
2016-06-14,11.4758,11.5791,11.3468,11.525,29834556
2016-06-15,11.6209,11.7438,11.4931,11.643,30103472
2016-06-16,11.557,11.7094,11.4441,11.6897,24645712
2016-06-17,11.7045,11.7069,11.439,11.4857,47100192
2016-06-20,11.6701,11.8422,11.6627,11.6922,29376920
2016-06-21,11.7414,11.7733,11.6037,11.6209,21250644
2016-06-22,11.6455,11.7217,11.5914,11.6111,20262064
2016-06-23,11.7217,11.9331,11.7143,11.9208,29787976
2016-06-24,11.4316,11.643,11.1366,11.2423,101768444
2016-06-27,11.1489,11.2349,10.9571,11.1218,45033948
2016-06-28,11.3333,11.3455,11.1292,11.2841,38191920
2016-06-29,11.3824,11.557,11.3529,11.4685,31893056
2016-06-30,11.4881,11.6283,11.3947,11.557,43093900
2016-07-01,11.4931,11.643,11.4316,11.4709,21848792
2016-07-05,11.407,11.6602,11.3161,11.6406,37108244
2016-07-06,11.5594,11.7819,11.5004,11.7143,27310376
2016-07-07,11.793,12.0609,11.7389,12.0192,39539968
2016-07-08,12.147,12.5603,12.1003,12.501,48193092
2016-07-11,12.6805,12.8821,12.6657,12.7886,44877748
2016-07-12,12.9312,13.0984,12.769,12.9804,43676180
2016-07-13,13.005,13.0787,12.9558,12.9755,32460520
2016-07-14,13.0443,13.2262,12.9361,13.1082,31689132
2016-07-15,12.9411,13.0136,12.7446,12.9558,42861428
2016-07-18,13.1156,13.1353,12.973,13.0222,25299352
2016-07-19,13.0148,13.2089,12.9902,13.1574,38265000
2016-07-20,13.2017,13.3996,13.1476,13.3295,29646008
2016-07-21,13.3,13.3418,13.0394,13.0836,36130788
2016-07-22,13.1304,13.4401,13.0345,13.4401,31576660
2016-07-25,13.5212,13.7204,13.4622,13.6884,31252844
2016-07-26,13.8089,13.9933,13.7892,13.922,51450956
2016-07-27,14.0424,14.067,13.6982,13.7818,44667544
2016-07-28,13.8138,13.9146,13.7705,13.8113,22191736
2016-07-29,13.863,14.0744,13.6147,14.0375,40958656
2016-08-01,14.0965,14.1481,13.8556,13.9465,30111880
2016-08-02,14.0129,14.0203,13.6442,13.7769,28274880
2016-08-03,13.7597,13.8408,13.6835,13.8138,29982836
2016-08-04,13.8802,14.1334,13.8531,14.0695,27271212
2016-08-05,14.2317,14.3153,14.1629,14.3079,37158940
2016-08-08,14.5046,14.539,14.2883,14.4407,30506412
2016-08-09,14.512,14.6177,14.4407,14.4776,37234236
2016-08-10,14.6054,14.6275,14.3383,14.3841,37573812
2016-08-11,14.4604,14.7382,14.4309,14.6767,68106224
2016-08-12,15.2175,15.5814,14.9053,15.4978,142574568
2016-08-15,15.515,15.61,15.2741,15.4831,57330468
2016-08-16,15.4609,15.4855,15.3429,15.3896,28765380
2016-08-17,15.3896,15.4241,14.9115,15.0332,59521216
2016-08-18,15.011,15.2913,14.952,15.2667,33168380
2016-08-19,15.2593,15.4216,15.193,15.306,29155912
2016-08-22,15.3528,15.3926,15.1711,15.37,24474732
2016-08-23,15.5261,15.5951,15.4498,15.4941,33976232
2016-08-24,15.5483,15.5557,15.1838,15.2552,29844976
2016-08-25,15.2601,15.2675,14.9646,15.1542,40603132
2016-08-26,15.1936,15.3636,15.073,15.2774,30002496
2016-08-29,15.339,15.4005,15.2417,15.2675,27465116
2016-08-30,15.2478,15.3297,15.137,15.1789,28554488
2016-08-31,15.2084,15.2503,15.0631,15.1074,38854568
2016-09-01,15.1198,15.6099,15.1074,15.5532,42849220
2016-09-02,15.5852,15.6025,15.2257,15.4005,32314968
2016-09-06,15.4547,15.5458,15.3757,15.5458,30681280
2016-09-07,15.4966,15.5726,15.2281,15.3168,39798800
2016-09-08,15.302,15.4522,15.1271,15.4276,31580876
2016-09-09,15.2577,15.3439,14.5311,14.6592,69775864
2016-09-12,14.4646,14.9905,14.1161,14.9621,59826096
2016-09-13,14.9252,15.0976,14.6617,14.7454,47176732
2016-09-14,14.7799,14.9252,14.6567,14.8759,31937304
2016-09-15,14.9006,15.4572,14.8661,15.4399,51539196
2016-09-16,15.4941,15.5779,15.2995,15.4769,90244596
2016-09-19,15.6394,16.0729,15.568,15.6813,41712828
2016-09-20,15.8611,15.8611,15.4522,15.5384,33111328
2016-09-21,15.5852,16.0039,15.5828,15.9744,33621348
2016-09-22,16.068,16.1172,15.9227,16.0138,30873148
2016-09-23,16.0335,16.0803,15.9251,15.9965,27613376
2016-09-26,15.8143,15.9103,15.6468,15.8463,23004140
2016-09-27,15.7847,16.4128,15.7773,16.3881,40275076
2016-09-28,16.4128,16.4596,16.2379,16.4473,31978804
2016-09-29,16.4202,16.6517,16.2678,16.6,33668544
2016-09-30,16.6911,17.0408,16.5926,16.8758,42993216
2016-10-03,16.8758,17.1196,16.8293,16.8586,24259412
2016-10-04,16.8832,17.1664,16.696,16.8216,28162580
2016-10-05,16.9645,17.1369,16.7527,16.8044,30544036
2016-10-06,16.6024,16.7059,16.3192,16.5852,36021268
2016-10-07,16.696,16.7403,16.4177,16.4645,28626008
2016-10-10,16.5507,16.6394,16.3709,16.5261,28787472
2016-10-11,16.4719,16.4965,16.1616,16.2872,38853904
2016-10-12,16.2207,16.447,16.0852,16.3611,41992100
2016-10-13,16.169,16.2059,15.6887,16.0951,39011640
2016-10-14,16.2921,16.4029,16.1566,16.2527,33063404
2016-10-17,16.2502,16.4029,16.1369,16.1591,19532640
2016-10-18,16.3832,16.499,16.3167,16.4054,26937096
2016-10-19,16.2946,16.4473,16.2108,16.3709,19905848
2016-10-20,16.563,16.7354,16.329,16.6812,31208288
2016-10-21,16.6221,16.664,16.4768,16.6344,27950616
2016-10-24,16.7477,17.4349,16.7453,17.4152,33983784
2016-10-25,17.3856,17.8068,17.3019,17.7009,39746128
2016-10-26,17.5531,17.9669,17.5359,17.7723,33379124
2016-10-27,17.9078,17.9422,17.3351,17.4078,38866488
2016-10-28,17.4915,17.7575,17.3462,17.3782,29085496
2016-10-31,17.4349,17.6405,17.425,17.526,25238872
2016-11-01,17.59,17.6861,16.8192,17.0063,47322516
2016-11-02,17.1369,17.3684,16.9043,16.9349,29584924
2016-11-03,17.0137,17.0285,16.4128,16.7379,30966372
2016-11-04,16.6271,16.9276,16.3968,16.6418,32877960
2016-11-07,17.1295,17.6639,17.1172,17.5531,48758096
2016-11-08,17.6196,17.6762,17.3635,17.526,42988428
2016-11-09,17.0507,17.462,16.9251,17.2305,45653016
2016-11-10,17.6073,17.6097,16.4423,16.6911,86928156
2016-11-11,19.5825,21.8632,19.3338,21.6661,217534532
2016-11-14,21.6957,21.7203,20.5948,20.5997,134879652
2016-11-15,20.7598,21.5381,20.6711,21.2278,62609032
2016-11-16,21.511,22.7954,21.266,22.5676,98798576
2016-11-17,22.735,23.3464,22.3262,22.7548,83298976
2016-11-18,23.2066,23.2326,22.6094,22.9937,57605996
2016-11-21,23.1734,23.2375,22.7572,22.9001,43643472
2016-11-22,22.9789,23.0871,22.7523,23.0651,33036928
2016-11-23,23.1167,23.4941,22.8824,23.1784,44323428
2016-11-25,23.055,23.4571,23.0402,23.2252,19556312
2016-11-28,23.1537,23.3683,23.0871,23.2129,27873480
2016-11-29,23.1858,23.2943,22.8232,23.0008,44456748
2016-11-30,22.7418,23.2252,22.7171,22.7418,44050180
2016-12-01,22.7171,22.7344,20.9091,21.617,103552296
2016-12-02,21.4246,21.9032,20.9955,21.8168,47829200
2016-12-05,22.1967,22.8429,21.9525,22.6629,60228500
2016-12-06,22.7443,23.1192,22.5864,23.0353,49879500
2016-12-07,22.8996,23.5064,22.7171,23.4497,48080372
2016-12-08,23.4793,23.832,22.9522,23.0575,38154408
2016-12-09,23.2351,23.2524,22.3743,22.6481,38231196
2016-12-12,22.1621,22.1868,21.5924,22.098,60133200
2016-12-13,22.2213,22.764,22.2115,22.4877,38779496
2016-12-14,22.8257,23.9529,22.5864,23.7901,98398152
2016-12-15,23.9011,24.6509,23.8271,24.3475,74654612
2016-12-16,24.6238,24.8384,24.1048,24.7668,108952732
2016-12-19,24.5917,25.27,24.4191,25.0678,74465724
2016-12-20,25.7954,26.1777,25.6819,25.9409,84805732
2016-12-21,26.0569,26.1333,25.5808,26.1037,57613444
2016-12-22,26.3479,26.8536,26.2764,26.4194,71861036
2016-12-23,26.2394,27.0916,26.2123,27.078,64769324
2016-12-27,27.6404,28.9477,27.4332,28.9378,119427368
2016-12-28,29.5002,29.5816,26.8092,26.9473,229576464
2016-12-29,25.8743,27.4998,25.3564,27.485,217536728
2016-12-30,27.4653,27.6059,26.2197,26.3282,121293036
2017-01-03,25.751,26.2369,24.5128,25.1615,150199504
2017-01-04,25.5043,26.0223,25.0431,25.7485,119922024
2017-01-05,25.7831,26.1013,24.9247,25.0949,98429528
2017-01-06,25.3687,25.714,24.9617,25.4303,82285664
2017-01-09,25.529,26.639,25.529,26.4614,91624900
2017-01-10,26.5921,26.9325,26.0544,26.2616,88091876
2017-01-11,26.1457,26.195,25.6893,25.9385,52566352
2017-01-12,25.7091,25.825,25.0653,25.5142,62561656
2017-01-13,25.5537,25.899,25.4205,25.5117,45782172
2017-01-17,25.4057,25.455,24.8063,24.9395,58061036
2017-01-18,24.7249,25.4624,24.4462,25.3934,65442460
2017-01-19,25.423,26.2591,25.4008,25.9385,64487112
2017-01-20,26.1654,26.343,25.4353,25.6548,49202228
2017-01-23,25.603,26.121,25.5783,25.9212,36990556
2017-01-24,26.0223,26.5354,25.8743,26.4737,42805084
2017-01-25,26.898,26.9596,26.2282,26.5872,52337996
2017-01-26,26.6143,27.12,26.3183,27.046,45879880
2017-01-27,27.115,27.5985,26.8486,27.5689,47199716
2017-01-30,27.3592,27.3814,26.6169,27.1372,49600336
2017-01-31,26.8733,27.1446,26.6883,26.93,36275460
2017-02-01,27.2753,28.1485,27.0978,28.1066,59000328
2017-02-02,27.9463,28.5481,27.6404,28.4618,48324160
2017-02-03,28.4766,28.5876,28.0942,28.2126,37274532
2017-02-06,28.1189,28.9393,28.1189,28.9353,50676820
2017-02-07,29.2782,29.8258,29.0809,29.3843,74622268
2017-02-08,29.2042,29.4287,28.706,29.256,44957948
2017-02-09,29.3177,29.367,28.5136,28.706,84256712
2017-02-10,29.5816,29.7715,27.7736,28.0252,165109364
2017-02-13,27.9685,28.114,26.6883,26.7327,118072284
2017-02-14,26.6365,27.1693,26.2172,26.8314,85063148
2017-02-15,26.861,27.083,26.5798,26.8856,37302048
2017-02-16,26.9818,26.9942,26.0618,26.454,64717544
2017-02-17,26.3183,26.4934,25.8472,26.449,56373860
2017-02-21,26.6957,27.4357,26.6932,27.3962,55195132
2017-02-22,27.5173,27.6111,27.1641,27.3543,43377024
2017-02-23,26.0552,26.275,24.6179,24.8179,159288852
2017-02-24,23.9733,25.1908,23.6349,25.0575,102990388
2017-02-27,25.2402,25.9367,25.0822,25.786,71540076
2017-02-28,25.8823,25.9811,24.8883,25.0624,62535872
2017-03-01,25.6329,25.7761,24.971,25.3859,50480556
2017-03-02,25.2575,25.3983,24.4228,24.4499,75433112
2017-03-03,24.3437,24.3931,23.7633,24.3091,86545696
2017-03-06,23.9461,24.2276,23.504,24.1215,88356676
2017-03-07,24.1215,24.5808,23.993,24.3857,60340028
2017-03-08,24.8698,25.0179,24.319,24.3413,63871288
2017-03-09,24.1807,24.5611,24.0548,24.3363,47805884
2017-03-10,24.6006,24.7191,24.2968,24.4796,49974052
2017-03-13,24.5833,25.2526,24.5759,25.1538,77413608
2017-03-14,25.2822,25.3761,24.813,25.1365,52201660
2017-03-15,25.2526,25.4353,24.7759,25.3267,61503408
2017-03-16,25.4329,25.6428,25.2921,25.6378,52309980
2017-03-17,25.8132,26.2083,25.6378,26.196,111968676
2017-03-20,26.3713,27.0703,26.2108,27.0307,74856608
2017-03-21,26.8579,27.1567,26.0762,26.1565,91348412
2017-03-22,26.0453,26.7369,26.0058,26.6899,61676424
2017-03-23,26.6109,26.8103,26.3516,26.4479,53394168
2017-03-24,26.9122,26.9912,26.2824,26.5417,43950184
2017-03-27,26.075,26.7727,25.5798,26.7344,50664400
2017-03-28,26.7467,26.8924,26.4924,26.5961,43244436
2017-03-29,26.6702,26.7937,26.4874,26.5096,34999164
2017-03-30,26.5813,27.1666,26.5245,27.0184,52553396
2017-03-31,26.9221,27.1394,26.7719,26.9023,44080660
2017-04-03,26.9073,27.0801,26.5294,26.7665,44523252
2017-04-04,25.5366,25.7885,24.7809,24.8895,127128016
2017-04-05,24.7006,25.2822,24.5734,24.7043,74704928
2017-04-06,24.7562,25.0056,24.3042,24.8846,63512016
2017-04-07,24.9488,25.1241,24.6277,24.7784,42515556
2017-04-10,24.7858,24.8525,24.1042,24.1461,75633056
2017-04-11,23.8448,24.4252,23.7955,24.2326,61814988
2017-04-12,24.2326,24.3758,23.9807,24.0325,41409184
2017-04-13,23.7905,24.0078,23.5831,23.5831,50689380
2017-04-17,23.7115,24.5092,23.6596,24.5067,49729220
2017-04-18,24.3635,24.5833,24.1042,24.5215,37011776
2017-04-19,24.6969,24.9389,24.5512,24.6179,38082636
2017-04-20,24.7636,25.0541,24.5512,25.0081,40401432
2017-04-21,24.9043,25.139,24.7858,25.1118,34189560
2017-04-24,25.4279,25.5563,25.218,25.4254,37146468
2017-04-25,25.5712,26.0132,25.3563,25.8675,38843888
2017-04-26,26.0034,26.0281,25.6699,25.6897,32700580
2017-04-27,25.7638,26.1738,25.5835,26.0898,31969860
2017-04-28,26.0206,26.0898,25.7021,25.7589,34824628
2017-05-01,25.8675,26.3886,25.7959,26.3368,30773332
2017-05-02,26.0676,26.0788,25.3291,25.5563,62997308
2017-05-03,25.4872,25.8428,25.339,25.7465,33690532
2017-05-04,25.8083,25.9194,25.5687,25.6477,20978768
2017-05-05,25.5316,25.7218,25.3761,25.6502,22842944
2017-05-08,25.7687,25.7836,25.2674,25.381,36523960
2017-05-09,25.4378,25.9144,25.3538,25.423,84767168
2017-05-10,28.2261,30.0858,28.1594,29.9549,212909736
2017-05-11,29.6486,32.2122,29.614,31.2416,193979232
2017-05-12,31.2737,32.0072,31.0637,31.5849,96261836
2017-05-15,31.9973,33.1951,31.9528,33.1704,108754192
2017-05-16,33.6816,33.9434,32.9366,33.7878,112069884
2017-05-17,33.1185,33.3062,31.5009,31.5429,127136632
2017-05-18,31.9825,32.9531,31.3774,32.8642,115603028
2017-05-19,33.8757,34.1712,33.4295,33.6223,101837084
2017-05-22,34.0599,34.4827,33.9512,34.3393,83660900
2017-05-23,34.5371,34.5593,33.5507,33.877,68124988
2017-05-24,34.8486,34.8758,34.1366,34.2577,81737980
2017-05-25,34.6112,34.6187,33.7311,34.1811,60822804
2017-05-26,34.0995,35.9166,33.8968,35.0661,77913988
2017-05-30,35.526,36.1665,35.3653,35.8152,98965192
2017-05-31,36.2652,36.3418,35.118,35.6867,88731576
2017-06-01,35.8449,35.8548,35.2342,35.6891,50333868
2017-06-02,35.6595,35.9215,35.4518,35.5111,48745736
2017-06-05,35.348,36.7201,35.2318,36.5915,81737768
2017-06-06,36.5445,37.0068,36.2924,36.4259,75872756
2017-06-07,36.6706,37.0538,36.5149,36.8659,61261172
2017-06-08,37.9389,39.5557,37.526,39.5409,116174420
2017-06-09,40.7275,41.6571,35.2911,36.9846,369292784
2017-06-12,36.0649,37.5037,35.1329,37.0761,169753120
2017-06-13,38.1713,38.2627,36.008,37.4296,167250320
2017-06-14,37.4592,38.0872,36.7126,37.5087,118464144
2017-06-15,36.3319,37.9735,36.2182,37.6694,96382448
2017-06-16,37.7658,38.2454,37.1428,37.484,92495800
2017-06-19,37.9265,38.9451,37.8894,38.8931,77817756
2017-06-20,39.3159,39.9859,38.7943,38.8363,109544344
2017-06-21,39.1132,39.4618,38.4926,39.4247,68265116
2017-06-22,39.5063,39.6398,38.9129,39.1527,46913296
2017-06-23,39.2294,39.3876,37.8795,38.0303,108858808
2017-06-26,38.3591,38.7151,36.6706,37.615,106395984
2017-06-27,37.4395,37.526,36.1811,36.238,99949252
2017-06-28,36.9154,37.5631,36.0328,37.5161,99494716
2017-06-29,37.2318,37.2615,35.6199,36.2627,106442524
2017-06-30,36.4357,36.5717,35.4765,35.7386,73106104
2017-07-03,35.8597,36.009,34.2602,34.4456,70907284
2017-07-05,35.081,35.6545,34.8906,35.3653,82018952
2017-07-06,35.0735,35.9413,34.5519,35.4716,74628528
2017-07-07,36.0402,36.4654,35.8103,36.2825,65497208
2017-07-10,37.0192,38.0724,36.7582,37.9982,95849076
2017-07-11,38.0353,38.6138,37.615,38.5371,75795532
2017-07-12,39.1354,40.2974,38.7053,40.1762,114520852
2017-07-13,40.2974,41.1132,39.2467,39.7115,136913332
2017-07-14,39.8746,40.7943,39.8054,40.7795,94194832
2017-07-17,41.1206,41.4099,39.9883,40.6064,93079036
2017-07-18,39.9958,41.175,39.8771,41.0292,77663948
2017-07-19,41.1206,41.3852,40.6954,40.8165,68704560
2017-07-20,41.0217,41.4123,40.5229,41.4099,69959556
2017-07-21,41.2047,41.8549,41.0613,41.5582,64833028
2017-07-24,41.6299,41.7263,40.9698,41.0761,65252208
2017-07-25,40.8462,41.0217,40.441,40.8783,49655584
2017-07-26,41.4544,42.0099,41.002,41.3505,64040452
2017-07-27,41.6002,41.7164,38.9525,39.9859,78285516
2017-07-28,39.6274,40.8858,39.3777,40.641,51334948
2017-07-31,40.777,41.1379,39.709,40.1762,55967208
2017-08-01,40.0811,40.683,39.8029,40.6657,43138312
2017-08-02,40.9772,41.0168,39.8697,40.641,47844328
2017-08-03,40.6361,41.1948,40.4655,41.1577,44242164
2017-08-04,41.3852,42.0452,41.1577,41.3382,58909412
2017-08-07,41.6299,42.6139,41.5335,42.6089,71741120
2017-08-08,42.9896,43.1553,41.709,42.1021,75533416
2017-08-09,41.6398,42.5743,41.4519,42.5496,53078492
2017-08-10,42.5619,42.6855,40.6262,40.7275,132808796
2017-08-11,38.8486,39.3085,37.8029,38.5569,149719436
2017-08-14,39.4741,41.6695,39.3579,41.6324,127902164
2017-08-15,41.6843,41.9463,40.9377,41.2813,76453052
2017-08-16,41.4321,41.667,40.505,40.8289,59663144
2017-08-17,40.7448,40.9154,39.8969,39.9191,52544260
2017-08-18,40.463,40.6336,39.4667,39.9265,60120428
2017-08-21,40.1713,40.285,38.9055,39.3456,62367068
2017-08-22,39.711,40.2801,39.518,40.2207,45045612
2017-08-23,39.8867,41.1362,39.8001,41.0249,57951984
2017-08-24,41.3466,41.3911,40.6092,40.874,46970004
2017-08-25,41.1165,41.2179,40.4682,40.5325,35720088
2017-08-28,40.723,40.8517,40.1663,40.8195,38949572
2017-08-29,40.2306,40.9705,40.1492,40.7527,32409428
2017-08-30,40.9507,41.1066,40.6463,40.9952,38440156
2017-08-31,41.1981,41.9652,41.1239,41.9256,61268420
2017-09-01,42.0518,42.5343,41.9652,42.178,44543148
2017-09-05,41.6633,41.7138,40.4713,41.0521,69669568
2017-09-06,41.3812,41.5198,40.6785,41.0274,39767132
2017-09-07,41.1956,41.542,40.8146,41.2179,35286808
2017-09-08,41.1016,41.2501,40.2603,40.5028,49885688
2017-09-11,40.9606,41.9237,40.9061,41.8167,56744312
2017-09-12,42.0641,42.0641,41.3144,41.9676,41148812
2017-09-13,41.7152,42.4452,41.3911,42.1557,58095892
2017-09-14,41.7647,42.6976,41.5198,41.9157,51371348
2017-09-15,42.7718,44.5657,42.7198,44.5657,136479056
2017-09-18,45.8103,47.3098,45.741,46.4066,168446064
2017-09-19,45.9019,46.9757,45.6804,46.3571,87427976
2017-09-20,46.3943,46.8693,45.5802,45.9835,72491964
2017-09-21,44.9443,45.2066,43.9471,44.7265,107559976
2017-09-22,44.6127,45.1101,44.1921,44.2911,49123084
2017-09-25,43.9818,43.9941,42.1037,42.3116,87457904
2017-09-26,43.6601,44.2119,42.1507,42.5491,112562044
2017-09-27,43.4547,43.6156,42.7446,43.4819,71371868
2017-09-28,43.5537,43.5933,42.9945,43.4696,43524260
2017-09-29,44.3108,44.4717,43.858,44.2341,61909172
2017-10-02,44.7364,45.0284,43.7962,44.2911,50347840
2017-10-03,44.3529,44.682,43.9397,44.3826,39033072
2017-10-04,44.4445,44.9765,44.0783,44.7538,42784880
2017-10-05,44.9987,45.0334,44.4296,44.729,43736420
2017-10-06,44.4519,44.9938,44.2911,44.8602,31879828
2017-10-09,45.2288,46.2037,45.0408,45.8722,56349088
2017-10-10,47.3667,47.7428,46.3349,46.7481,97487608
2017-10-11,46.9139,47.2603,46.4536,47.2454,52950936
2017-10-12,47.2801,47.7774,46.9956,47.2677,52829260
2017-10-13,47.8912,48.25,47.4211,48.1486,62872932
2017-10-16,48.448,49.0042,47.8145,48.975,57663832
2017-10-17,48.7672,49.215,48.5841,48.9305,47859468
2017-10-18,49.0196,49.027,47.8343,48.8884,56731628
2017-10-19,48.1115,48.9923,47.6191,48.9429,57077012
2017-10-20,49.1136,49.3858,48.6311,48.7202,45161848
2017-10-23,48.9379,49.2027,48.448,48.6509,42869504
2017-10-24,48.7424,49.1779,48.4826,49.1606,40724528
2017-10-25,48.7647,49.2942,47.3024,47.9185,82816120
2017-10-26,48.1956,48.5371,47.9556,48.4208,32274252
2017-10-27,48.9429,49.9499,48.683,49.9474,57219340
2017-10-30,49.9474,50.9941,49.7891,50.4374,50405668
2017-10-31,50.7566,51.4395,50.6996,51.1723,41190828
2017-11-01,51.8007,51.9541,50.6254,51.2688,50257784
2017-11-02,50.9718,51.4197,50.3904,50.957,34230952
2017-11-03,51.2688,51.6374,50.8088,51.6374,35364096
2017-11-06,51.2688,51.9566,51.145,51.87,38994464
2017-11-07,52.0977,52.6791,51.9753,52.4639,42770168
2017-11-08,52.4193,52.4564,51.2787,51.7537,51644372
2017-11-09,50.7912,51.0535,49.5788,50.8036,93728508
2017-11-10,52.7237,54.1068,52.3649,53.4808,125325496
2017-11-13,53.4808,53.7357,52.4589,52.6123,58237652
2017-11-14,52.7039,53.1493,52.2659,52.9959,52929276
2017-11-15,52.4441,52.4564,51.4172,51.9566,50194924
2017-11-16,52.6989,53.0008,52.2709,52.3599,44176732
2017-11-17,52.9315,53.2854,52.1471,52.2981,51566272
2017-11-20,52.454,53.0924,52.0853,52.9711,39610044
2017-11-21,53.3695,53.5749,53.0503,53.4586,39917432
2017-11-22,53.7311,53.7311,52.8917,53.2185,35663992
2017-11-24,53.382,53.7311,53.1368,53.7212,18075200
2017-11-27,53.8079,53.8202,52.9907,53.0229,42289456
2017-11-28,53.0749,53.169,51.562,52.1736,51275216
2017-11-29,52.0003,52.0282,47.3502,48.6353,139678964
2017-11-30,49.3237,50.1853,48.6923,49.6976,82376796
2017-12-01,49.3509,49.5539,47.6573,48.9473,81154992
2017-12-04,49.5341,49.596,45.6838,46.2186,124084492
2017-12-05,45.1638,47.7142,44.7132,46.4861,98148776
2017-12-06,45.9809,47.0803,45.768,46.8624,46703040
2017-12-07,47.531,47.9371,47.0754,47.5384,54259952
2017-12-08,48.0386,48.2292,47.3304,47.4146,46687424
2017-12-11,47.5557,48.2292,47.3973,48.1995,37274964
2017-12-12,47.7637,47.9965,47.0184,47.2537,45501780
2017-12-13,47.6647,47.6771,46.0255,46.0998,55427968
2017-12-14,46.0354,46.8822,45.7086,46.1716,43816224
2017-12-15,46.6126,47.635,45.9611,47.4319,67003512
2017-12-18,47.838,49.0315,47.5409,49.0018,47770232
2017-12-19,48.9077,48.9597,48.2738,48.5586,37309972
2017-12-20,48.9522,49.0439,48.1723,48.7294,28881824
2017-12-21,48.7641,49.0142,48.4199,48.5041,30090504
2017-12-22,48.1351,48.4447,47.3552,48.3506,46627484
2017-12-26,47.7959,48.9646,47.4963,48.8879,35508132
2017-12-27,48.7542,49.5143,48.6081,48.821,32948892
2017-12-28,49.0587,49.3682,48.8164,48.878,24024992
2017-12-29,49.1404,49.1404,47.9123,47.9123,27996464
2018-01-02,48.4768,49.3979,48.1599,49.3608,35561668
2018-01-03,50.5369,52.914,50.4503,52.6094,91470364
2018-01-04,53.4241,53.9911,52.6639,52.8868,58326880
2018-01-05,53.0353,53.7088,52.2653,53.3349,58012412
2018-01-08,54.573,55.712,54.1223,54.9691,88121688
2018-01-09,55.0236,55.4198,54.1372,54.9543,49699980
2018-01-10,54.0282,55.4198,53.4835,55.3851,58266504
2018-01-11,55.712,56.0264,55.2687,55.4842,40603068
2018-01-12,55.3653,55.7095,54.8057,55.2118,35991608
2018-01-16,55.4767,56.3335,53.6543,54.5012,70234748
2018-01-17,54.6473,55.7417,53.7063,55.6426,53840888
2018-01-18,55.4495,56.118,55.1375,55.5733,40863364
2018-01-19,56.4771,57.2199,56.2072,56.9772,60937944
2018-01-22,57.0565,57.881,56.4796,57.8637,55094244
2018-01-23,58.3985,59.384,58.2131,59.1562,47522820
2018-01-24,59.1884,59.5483,57.829,58.3861,57997236
2018-01-25,58.9309,59.3642,58.3738,58.5223,40988364
2018-01-26,58.9606,60.2531,58.8318,60.2506,51635416
2018-01-29,60.1045,61.4342,59.5771,61.1222,45511412
2018-01-30,59.7009,61.0157,59.0324,60.0996,57083376
2018-01-31,60.8548,61.7214,60.528,60.8622,47857776
2018-02-01,59.0596,61.1346,58.9457,59.5499,51922288
2018-02-02,58.6833,58.9235,57.2397,57.8216,71846220
2018-02-05,56.2072,57.7498,50.7598,52.914,116520560
2018-02-06,50.6112,55.8853,50.5122,55.8556,111480124
2018-02-07,56.846,58.1806,56.1329,56.6529,80293264
2018-02-08,57.9107,58.2425,53.8574,53.8599,114399904
2018-02-09,58.9928,59.1513,53.8599,57.465,167460308
2018-02-12,58.276,58.3069,55.7195,56.4622,109317368
2018-02-13,56.0982,58.0643,55.7739,57.6012,62552476
2018-02-14,57.1976,60.068,57.0862,59.7777,74498996
2018-02-15,60.6109,61.4986,59.8025,61.0356,69890060
2018-02-16,60.7632,61.9022,60.2853,60.3769,63765704
2018-02-20,60.6022,62.3652,60.5651,61.6744,68623848
2018-02-21,62.3206,62.3894,59.7628,59.8,89229376
2018-02-22,60.1393,60.8578,59.339,59.9956,53436532
2018-02-23,60.5952,60.9321,60.0873,60.9321,41530040
2018-02-26,61.3955,61.4401,60.4688,61.0932,46931376
2018-02-27,60.8256,61.6705,60.7339,60.9643,45543596
2018-02-28,61.0734,61.4698,59.842,59.9584,52311512
2018-03-01,59.9361,60.4763,56.5207,57.5328,104011888
2018-03-02,56.4551,58.6701,54.966,58.6057,91342740
2018-03-05,58.1027,58.7816,56.8666,58.3851,62077652
2018-03-06,59.2399,60.1913,58.8088,59.9981,63680972
2018-03-07,58.9674,60.4416,58.955,59.9188,58120904
2018-03-08,60.1938,60.1938,59.3119,59.7553,41191044
2018-03-09,60.231,60.9123,60.07,60.7835,50552592
2018-03-12,61.1972,62.6838,61.1161,61.8811,60506164
2018-03-13,62.3097,63.0555,60.9594,61.3732,61977236
2018-03-14,61.8043,62.0768,61.004,61.6284,50549444
2018-03-15,61.7646,62.5897,61.3558,61.777,40195348
2018-03-16,61.9405,62.2502,61.5639,62.0595,39945728
2018-03-19,61.4896,61.7795,58.7196,59.7107,71377352
2018-03-20,59.7404,62.2255,59.7404,61.8365,55469636
2018-03-21,61.7721,62.4361,61.279,61.5838,43868864
2018-03-22,60.9495,61.4153,59.5474,59.9213,55119676
2018-03-23,60.0575,60.1244,57.6096,57.7211,73561844
2018-03-26,58.9674,60.5853,58.4471,60.5729,61142560
2018-03-27,61.3831,61.9405,54.4693,55.8753,140900048
2018-03-28,55.5309,56.8342,53.7644,54.8421,94590592
2018-03-29,55.5247,58.348,54.6812,57.3792,91662768
2018-04-02,56.6731,58.1374,53.8883,54.7678,92209260
2018-04-03,56.4402,57.072,54.8421,55.8332,66743036
2018-04-04,53.2713,56.1579,53.0211,56.0537,78916644
2018-04-05,56.6384,56.7697,54.1335,54.8496,70123892
2018-04-06,53.8214,54.9041,52.7915,53.083,66298880
2018-04-09,53.7148,54.9958,53.1698,53.3704,49952480
2018-04-10,55.6771,56.7375,55.1048,56.4675,76475228
2018-04-11,56.3188,56.7316,55.7269,56.0537,46024228
2018-04-12,56.9853,58.3034,56.543,58.125,59391800
2018-04-13,58.7617,58.846,56.8738,57.3569,50303568
2018-04-16,57.4243,57.6889,56.4105,57.3545,35079104
2018-04-17,57.8772,59.0665,57.3198,58.8534,44722552
2018-04-18,58.348,59.2771,57.6716,58.5635,39136232
2018-04-19,57.4177,57.7534,56.1925,56.7474,47199732
2018-04-20,56.6607,57.5056,56.3535,56.6657,38619864
2018-04-23,56.8441,57.3569,55.2088,55.469,42750892
2018-04-24,55.7267,56.688,54.1509,54.805,41459576
2018-04-25,54.5077,54.8979,52.1044,53.6801,58849372
2018-04-26,55.3005,55.8827,54.639,55.801,37582296
2018-04-27,56.8614,57.0596,55.6523,56.076,40084980
2018-04-30,56.2395,56.7375,55.5284,55.7217,32784268
2018-05-01,55.6399,56.3039,55.0527,56.2767,25378908
2018-05-02,56.242,56.688,55.8084,56.071,26824740
2018-05-03,56.3907,57.9887,55.9373,57.7261,44314560
2018-05-04,57.4387,59.262,57.2653,59.23,40066152
2018-05-07,60.2792,62.1858,60.1789,61.6135,68761512
2018-05-08,61.616,62.0669,61.1254,62.0396,50661496
2018-05-09,62.2403,63.3949,61.9678,63.3726,59675920
2018-05-10,63.9028,64.542,63.7244,64.4504,99408116
2018-05-11,62.6293,64.3661,62.0743,63.0629,121445624
2018-05-14,63.4444,64.044,63.0307,63.2685,52313908
2018-05-15,62.6318,62.659,59.8346,60.8405,96352840
2018-05-16,60.454,61.5738,60.0848,60.952,55382824
2018-05-17,60.9703,62.3122,60.8083,61.3732,51978420
2018-05-18,61.8935,62.5277,60.8851,60.9346,48371768
2018-05-21,61.9108,61.948,59.5843,60.5134,64062480
2018-05-22,60.6472,60.8999,59.5249,60.1319,51826548
2018-05-23,59.5684,61.3806,59.5609,61.3682,44295704
2018-05-24,61.331,61.8293,60.7983,61.4054,43737180
2018-05-25,61.5318,61.9632,61.1748,61.7996,29211128
2018-05-29,61.6186,62.3103,61.16,61.6285,35268332
2018-05-30,61.9657,62.8061,61.7181,62.7193,39099456
2018-05-31,62.3995,63.2672,62.2929,62.521,49386836
2018-06-01,62.9697,63.9291,62.8829,63.8672,42196992
2018-06-04,64.2093,65.8802,63.887,65.6596,64202564
2018-06-05,65.6918,66.0909,65.2431,65.7141,39171204
2018-06-06,64.8117,65.7662,64.6481,65.7339,37135424
2018-06-07,65.6967,65.8154,64.2713,65.1761,36944864
2018-06-08,64.4473,65.4488,64.2589,65.0224,36045772
2018-06-11,64.896,65.3125,64.482,64.6109,26537012
2018-06-12,64.8762,65.2183,64.3729,65.0968,31915940
2018-06-13,65.1117,65.8629,64.9607,65.0522,33820636
2018-06-14,65.5034,66.738,65.3546,66.1703,43001644
2018-06-15,65.5976,66.3116,65.2873,65.7612,43225952
2018-06-18,65.3199,65.8951,65.0472,65.7191,35626696
2018-06-19,64.6853,65.3596,63.2226,64.4993,59493296
2018-06-20,64.9114,65.5604,64.5268,65.0299,36977976
2018-06-21,65.3497,65.5331,63.6639,63.7407,35951624
2018-06-22,63.949,64.0828,62.0599,62.2136,43415816
2018-06-25,61.1476,61.1847,58.3933,59.2808,66581724
2018-06-26,60.4162,60.8996,59.4767,59.9923,47888548
2018-06-27,60.4286,61.093,58.3833,58.4379,45389212
2018-06-28,58.3387,59.8311,58.2619,59.7121,33801188
2018-06-29,60.3642,60.4906,58.718,58.7304,39229908
2018-07-02,58.0338,60.0915,57.8292,60.0543,35358960
2018-07-03,60.4013,60.4608,58.6312,58.7155,22273300
2018-07-05,59.2684,60.2253,58.8792,60.1757,30621792
2018-07-06,59.9303,61.3992,59.7171,61.3161,29635288
2018-07-09,62.0598,62.1566,61.0039,61.7921,30388088
2018-07-10,61.9161,63.0044,61.512,62.7838,36001560
2018-07-11,61.8541,62.2012,61.2591,61.3657,36750640
2018-07-12,61.8194,62.7639,61.7202,62.283,34550692
2018-07-13,62.4689,62.4689,61.388,61.8095,24716312
2018-07-16,61.5318,62.0624,61.4079,61.5318,19703704
2018-07-17,61.0385,63.0441,60.7831,62.8929,36213580
2018-07-18,62.8185,62.9573,61.8888,62.3995,27764164
2018-07-19,62.2111,62.8185,62.0599,62.4813,23575132
2018-07-20,62.4565,62.8458,62.0896,62.1987,22248644
2018-07-23,61.9334,61.9508,60.3121,61.8318,30158484
2018-07-24,62.3127,63.1804,61.4822,61.6583,35462180
2018-07-25,61.7525,62.5681,61.1724,62.4417,32018204
2018-07-26,62.2409,63.5474,62.0723,63.178,32512512
2018-07-27,63.5449,63.6143,61.9384,62.4788,29542140
2018-07-30,62.6202,62.6797,60.1733,60.5228,34034156
2018-07-31,60.4187,61.4525,60.0297,60.7038,28398784
2018-08-01,61.0186,61.5715,60.4623,61.1029,28355556
2018-08-02,60.3889,62.1714,59.7989,62.1318,26966756
2018-08-03,62.3772,62.7367,62.2086,62.4987,21428808
2018-08-06,62.3722,63.0119,61.9052,62.9772,20750660
2018-08-07,63.4655,63.887,63.1978,63.7011,25813040
2018-08-08,63.7135,64.5167,63.3639,64.0655,26209848
2018-08-09,64.244,64.2713,63.5027,63.5796,20427848
2018-08-10,62.759,63.4903,62.6474,63.1656,25662672
2018-08-13,63.2523,64.7051,63.235,63.4953,37520632
2018-08-14,64.5514,64.953,63.7184,64.8117,46621944
2018-08-15,65.0199,65.3593,63.4407,64.2291,59113576
2018-08-16,64.9282,64.953,63.2201,63.8225,80125904
2018-08-17,62.7069,62.7144,60.4237,60.6939,114318776
2018-08-20,60.2873,62.7714,59.1816,61.4426,85438620
2018-08-21,61.6062,62.8458,61.4079,62.8011,67398840
2018-08-22,62.4739,65.2059,62.4392,65.1563,74985688
2018-08-23,64.7696,66.8074,64.631,66.1529,72068456
2018-08-24,66.2372,67.6329,66.1926,67.4867,53151048
2018-08-27,67.7842,69.1427,67.4681,68.399,50577748
2018-08-28,68.3395,68.5676,66.8198,68.0222,47538380
2018-08-29,67.9447,69.3288,67.7363,69.0783,42010964
2018-08-30,68.7657,69.8787,68.54,68.9096,34660920
2018-08-31,68.7087,69.7505,68.6095,69.6215,30659000
2018-09-04,69.49,70.7476,69.2048,70.3706,39172108
2018-09-05,70.1945,70.5492,68.2498,69.0609,39315676
2018-09-06,68.8972,68.922,67.3174,67.647,32279556
2018-09-07,66.7243,68.6913,66.2754,67.4337,29541872
2018-09-10,67.6595,68.4433,67.2204,68.1456,22013828
2018-09-11,67.6818,68.5598,67.4734,67.6669,24311272
2018-09-12,67.2675,67.4635,64.9682,66.5259,41909036
2018-09-13,67.1857,68.2126,67.0123,67.3047,30553548
2018-09-14,68.2101,69.2296,67.8405,68.5673,38693520
2018-09-17,68.3123,68.8029,67.7537,67.9472,20552756
2018-09-18,67.9869,69.0163,67.1584,67.2254,29952092
2018-09-19,67.04,67.6418,66.5383,67.4635,22485860
2018-09-20,66.2406,66.6648,65.5089,66.0496,43058276
2018-09-21,66.1687,66.6251,65.0153,65.3477,43512628
2018-09-24,65.0376,65.9405,64.1645,65.9058,29391304
2018-09-25,66.568,66.8285,65.7098,66.578,28038984
2018-09-26,66.6276,67.0319,66.0496,66.2084,26854752
2018-09-27,66.5606,66.7739,66.0123,66.3274,21442868
2018-09-28,67.6495,69.9279,67.3692,69.7058,70939656
2018-10-01,70.4847,72.4443,70.0977,71.7745,62205812
2018-10-02,71.4992,72.6179,70.8369,71.0602,38396472
2018-10-03,71.7646,71.839,70.0804,71.1222,32055076
2018-10-04,70.76,71.0031,68.5053,69.2767,39121956
2018-10-05,69.0287,69.6513,66.3622,66.9376,42663444
2018-10-08,66.1042,67.2601,64.5117,65.9231,40861060
2018-10-09,65.7173,66.6648,65.1864,65.8661,27349972
2018-10-10,64.8044,65.2633,60.92,60.9424,68493816
2018-10-11,60.0692,61.4062,58.1075,58.323,72543716
2018-10-12,60.8969,61.8976,59.4442,61.1532,60823668
2018-10-15,61.0193,61.0193,58.3751,58.385,44976128
2018-10-16,59.5136,61.0887,59.02,60.9771,40871180
2018-10-17,61.5997,61.9817,59.7989,60.29,32966804
2018-10-18,60.9845,61.369,58.8092,59.4144,52402192
2018-10-19,59.9676,60.1635,56.48,56.8447,61360996
2018-10-22,57.368,58.3701,56.3238,57.3531,36884364
2018-10-23,54.6767,55.6094,53.754,54.833,62643780
2018-10-24,54.4485,54.9149,49.3239,49.4628,88428796
2018-10-25,48.4855,52.0276,48.0419,51.5538,95172160
2018-10-26,49.19,50.8102,47.9026,49.185,66478512
2018-10-29,50.5989,50.6336,43.6585,46.0423,75801764
2018-10-30,46.2729,50.4525,46.0423,50.3533,80719072
2018-10-31,52.0028,52.7321,50.6038,52.2955,74577216
2018-11-01,52.6601,54.1955,51.3926,54.1013,56652832
2018-11-02,54.007,55.0662,52.1419,53.31,45296008
2018-11-05,53.1785,53.4117,50.9188,52.5287,37933040
2018-11-06,52.4493,53.2926,51.9817,52.3525,29901036
2018-11-07,53.0198,53.9276,52.3823,53.0297,48381204
2018-11-08,52.4369,52.4443,50.5592,51.095,51135292
2018-11-09,50.2045,51.9209,49.8671,51.0156,41324196
2018-11-12,50.1003,50.321,46.7963,47.0146,61711788
2018-11-13,47.9944,50.6534,47.9316,49.438,64471100
2018-11-14,51.1718,51.3157,47.8307,48.9121,52657884
2018-11-15,48.8526,50.9238,48.493,50.202,84070864
2018-11-16,40.5108,42.3315,40.0867,40.7862,196351908
2018-11-19,40.1313,40.1388,35.8749,35.8922,169782020
2018-11-20,33.253,38.2635,33.067,36.9787,169203312
2018-11-21,38.3528,38.5215,35.6219,35.8947,102549400
2018-11-23,35.5474,37.1052,35.4183,35.9666,41196844
2018-11-26,37.1796,38.0676,36.3536,37.9634,81483224
2018-11-27,37.703,38.9457,37.3433,38.1321,73806024
2018-11-28,39.3103,39.7568,37.982,39.7047,80452548
2018-11-29,39.6873,40.0594,38.7299,39.0325,54917360
2018-11-30,39.1292,40.6448,38.6257,40.5381,72956456
2018-12-03,42.8127,43.3286,41.508,42.1777,89080436
2018-12-04,41.7312,41.7808,38.8192,38.9705,81211148
2018-12-06,37.5641,39.3133,37.4078,39.2632,69230964
2018-12-07,39.3053,39.407,36.1194,36.614,68167796
2018-12-10,36.1651,37.9163,36.1279,37.6682,62947340
2018-12-11,38.586,38.6679,35.9666,36.7579,67191328
2018-12-12,36.815,37.8964,35.922,36.934,65413592
2018-12-13,37.4028,38.0453,36.5719,36.9315,47138496
2018-12-14,36.5148,37.3532,36.0907,36.3263,47182124
2018-12-17,36.0262,36.748,35.034,35.6144,66286732
2018-12-18,36.0535,37.2887,35.7806,36.4478,56437004
2018-12-19,36.1105,36.6474,33.8409,34.3568,74536588
2018-12-20,34.2725,35.1729,32.9127,33.511,74958788
2018-12-21,33.7764,34.1063,31.864,32.1393,86374100
2018-12-24,31.3753,32.241,30.8817,31.5217,46383912
2018-12-26,31.983,33.0248,30.8718,33.0149,69509936
2018-12-27,32.4915,32.8363,31.0504,32.5362,63704320
2018-12-28,32.742,34.079,32.3228,33.1513,62849276
2018-12-31,33.5854,33.9103,32.8065,33.1141,46514012
2019-01-02,32.4047,34.3494,32.2584,33.7888,50875360
2019-01-03,33.186,33.5259,31.6738,31.7474,70555144
2019-01-04,32.4791,34.1633,32.1715,33.7814,58561932
2019-01-07,34.3543,35.9394,33.8409,35.5698,70915920
2019-01-08,36.3858,36.4082,33.9575,34.6842,78601716
2019-01-09,35.1977,35.8401,34.6917,35.3664,61725900
2019-01-10,35.1729,36.1105,34.5677,36.0237,52315624
2019-01-11,35.8004,37.1449,35.5226,36.9167,87476264
2019-01-14,36.3933,37.569,36.1576,37.316,73016996
2019-01-15,37.6434,38.0378,36.9911,37.1746,61701004
2019-01-16,37.4475,37.7774,36.8633,36.9191,47010368
2019-01-17,36.5892,38.0329,36.3164,37.6335,49343620
2019-01-18,38.1321,39.1863,37.6161,38.9258,65133692
2019-01-22,38.6232,38.7398,36.5993,36.9018,66155104
2019-01-23,37.4549,38.3429,36.7182,37.0308,59102180
2019-01-24,37.8766,39.3277,37.8295,39.1515,70897044
2019-01-25,38.5562,39.9056,37.5293,39.7245,115522188
2019-01-28,33.8707,35.1332,32.494,34.2328,251152676
2019-01-29,33.7714,34.2551,32.4965,32.6428,115393388
2019-01-30,33.4043,34.2229,32.6081,34.079,97422956
2019-01-31,34.0468,36.0138,33.8293,35.6566,84285352
2019-02-01,35.8426,36.4106,35.3664,35.8997,62504700
2019-02-04,36.0584,37.3755,35.8377,37.0035,52860072
2019-02-05,37.1225,37.5616,36.7852,37.1945,54242500
2019-02-06,37.5268,38.5959,37.4723,37.951,70246588
2019-02-07,37.4867,37.5095,36.1378,36.5669,63712000
2019-02-08,35.8947,36.8596,35.7508,36.7529,46160548
2019-02-11,36.3114,36.8546,35.8426,36.3263,49518060
2019-02-12,36.7108,37.6534,36.5669,37.4971,59106052
2019-02-13,37.7923,38.653,37.6558,37.9212,60537208
2019-02-14,37.9113,38.612,37.4797,38.3305,82726296
2019-02-15,40.4191,40.6473,38.7993,39.0275,151674936
2019-02-19,38.9209,39.66,38.7299,38.8539,55189264
2019-02-20,39.1466,39.9999,39.035,39.3277,54098948
2019-02-21,39.4542,39.6997,38.4917,38.6381,44854672
2019-02-22,39.1565,39.6749,39.0201,39.4864,40174124
2019-02-25,40.3223,40.997,39.2756,39.3624,65601924
2019-02-26,39.3153,39.8758,38.6331,38.968,48846284
2019-02-27,38.8241,39.0895,37.9783,38.5488,50025524
2019-02-28,38.487,38.7104,38.0798,38.3032,32494260
2019-03-01,38.8023,39.2689,38.2188,38.847,35718712
2019-03-04,39.2319,39.4603,38.3628,38.929,40999000
2019-03-05,38.7725,39.2461,38.2287,38.8644,36292476
2019-03-06,38.775,38.8594,37.7272,37.7545,40352596
2019-03-07,37.5186,37.6154,36.5999,37.0617,45010532
2019-03-08,36.1678,37.5111,35.9543,37.4044,42241484
2019-03-11,37.6403,40.24,37.1685,40.0116,85972600
2019-03-12,40.2897,40.8185,39.5274,40.3542,57957472
2019-03-13,40.7292,42.1619,40.6547,41.8689,76890072
2019-03-14,41.9607,42.0799,41.0321,41.1091,51938520
2019-03-15,41.5411,42.5914,41.5063,42.1643,66145928
2019-03-18,42.4797,43.0185,41.6796,41.9508,48699316
2019-03-19,42.8968,44.0738,42.728,43.6293,85497240
2019-03-20,43.9198,44.4537,42.9564,43.3041,71914860
2019-03-21,43.535,45.9361,43.4853,45.6729,82431068
2019-03-22,45.3997,45.8863,43.9347,44.0738,74764348
2019-03-25,43.6666,44.3097,42.4871,43.1501,52521204
2019-03-26,44.5677,45.1291,43.3529,43.9174,70350712
2019-03-27,44.1731,44.6374,43.1302,43.8255,47437176
2019-03-28,44.0862,44.6697,43.4804,44.0117,48026408
2019-03-29,44.6797,44.8286,44.1756,44.5853,45689516
2019-04-01,45.504,45.5636,44.7875,45.2607,48382448
2019-04-02,45.5015,45.8836,45.072,45.4395,44091984
2019-04-03,45.9361,47.4259,45.8864,46.8349,78877872
2019-04-04,46.681,47.1701,46.1173,46.7455,45737676
2019-04-05,47.1776,47.5873,46.8126,47.4135,48174596
2019-04-08,47.1081,47.8728,46.8672,47.622,42419392
2019-04-09,47.2868,47.3986,46.5717,46.9938,43997280
2019-04-10,46.9864,47.9573,46.9417,47.699,44477228
2019-04-11,47.7238,48.0392,47.0658,47.56,37460148
2019-04-12,47.9473,47.9871,47.0932,47.1801,47170656
2019-04-15,47.1031,47.1528,45.4643,45.8616,44009380
2019-04-16,46.2539,46.9218,45.9272,46.7331,39496364
2019-04-17,47.0832,47.2918,46.2812,46.5047,35100272
2019-04-18,46.5717,46.9119,45.9808,46.2589,38098816
2019-04-22,46.023,46.9541,45.7076,46.7977,27993552
2019-04-23,46.9293,47.6568,46.8324,47.3439,34685524
2019-04-24,47.4482,47.8753,46.8399,47.4681,31820480
2019-04-25,47.0658,47.2893,45.6133,46.4103,49929748
2019-04-26,44.8708,44.9149,43.0309,44.2203,86898916
2019-04-29,44.2998,44.8063,43.5772,44.5282,39191932
2019-04-30,44.2054,45.1986,44.0142,44.9429,36292160
2019-05-01,45.4668,45.8889,44.8088,44.8113,35428124
2019-05-02,44.9081,45.9038,44.4748,45.4866,39468540
2019-05-03,45.5711,45.6704,44.8262,45.4419,33682348
2019-05-06,43.5772,44.779,43.2047,44.6573,42217780
2019-05-07,44.1731,44.1731,42.502,42.9837,55521832
2019-05-08,42.7081,43.9869,42.5889,43.1849,41916616
2019-05-09,42.4946,42.5914,41.0693,42.2587,66024656
2019-05-10,41.9508,42.6063,40.7217,41.9185,56949804
2019-05-13,40.5976,40.8285,39.1847,39.3436,65691276
2019-05-14,39.7409,40.5876,39.3537,40.235,52487888
2019-05-15,39.6788,39.9892,39.0854,39.6242,50232004
2019-05-16,39.5696,40.2015,39.145,39.7757,78108816
2019-05-17,39.356,40.6497,38.4721,38.8669,102206792
2019-05-20,37.8786,38.4299,37.4317,37.68,57206536
2019-05-21,38.2883,38.6608,37.901,38.5019,36184988
2019-05-22,38.1145,38.3752,37.6825,37.7917,32586960
2019-05-23,37.1685,37.1685,35.9819,36.58,59184436
2019-05-24,36.7687,37.1213,35.9741,36.0412,35758528
2019-05-28,36.2175,36.5452,35.5694,35.5893,42835408
2019-05-29,35.1125,35.4626,34.4992,34.8469,55980148
2019-05-30,34.8795,35.2374,34.1983,34.5812,39429960
2019-05-31,34.0914,34.4169,33.6564,33.6738,38971968
2019-06-03,33.7857,34.1735,32.9629,33.2562,47864320
2019-06-04,33.8975,35.6004,33.6757,35.5482,64183540
2019-06-05,36.2865,36.3412,34.7577,35.1206,51161540
2019-06-06,35.1629,35.9882,35.138,35.7421,40813848
2019-06-07,35.8017,36.5127,35.6103,36.1696,34885752
2019-06-10,36.7315,37.5841,36.7315,36.898,40278088
2019-06-11,37.4971,37.875,37.0795,37.4747,38387004
2019-06-12,37.0397,37.1019,36.192,36.3437,35889192
2019-06-13,36.5649,37.0397,36.3884,36.8558,30808108
2019-06-14,35.9235,36.1672,35.5074,35.9559,39442624
2019-06-17,35.9385,36.4234,35.7098,36.0528,27604148
2019-06-18,36.6668,38.5586,36.5574,38.0042,58191800
2019-06-19,38.3572,38.4708,37.8038,38.0639,33164396
2019-06-20,38.9712,39.1105,38.1628,38.3075,35016728
2019-06-21,38.1584,38.6506,37.6612,37.7258,43442688
2019-06-24,37.9396,38.2454,37.4673,37.9495,28294872
2019-06-25,37.9993,38.75,37.6289,37.6562,31186644
2019-06-26,38.9315,40.2018,38.8022,39.5902,58407300
2019-06-27,40.4479,40.7685,40.0874,40.5771,44544152
2019-06-28,41.0171,41.1091,40.3584,40.8257,39766636
2019-07-01,42.8989,43.242,40.9326,41.308,71153308
2019-07-02,41.1414,41.3525,40.1968,40.3285,40022752
2019-07-03,40.5622,40.6194,39.8591,40.4578,24663424
2019-07-05,39.8736,39.9184,39.1975,39.8314,39655388
2019-07-08,39.2347,39.4237,38.7798,39.0806,32978676
2019-07-09,38.658,39.3864,38.5312,39.1055,34286048
2019-07-10,39.5405,40.3631,39.4013,39.7891,45207596
2019-07-11,40.52,41.743,40.1471,41.3353,68255856
2019-07-12,41.6137,42.3769,41.6137,41.6659,50639264
2019-07-15,41.8772,42.0378,41.298,41.5814,28983972
2019-07-16,41.4323,41.8052,40.978,41.5342,34144392
2019-07-17,41.5516,42.2576,41.2593,42.188,34820428
2019-07-18,42.2911,42.9337,41.7256,42.3048,44317896
2019-07-19,42.6876,42.7523,41.8126,41.8723,34489580
2019-07-22,42.0861,42.7175,42.0115,42.5882,31593992
2019-07-23,42.981,43.687,42.8244,43.6671,42817656
2019-07-24,44.0996,44.47,43.3389,44.4128,36623748
2019-07-25,43.9977,44.1245,42.8666,43.1003,39269812
2019-07-26,43.3713,43.9878,43.3713,43.5204,27415988
2019-07-29,43.4483,43.6198,42.5758,43.4583,24816196
2019-07-30,42.9934,43.7367,42.8492,43.6149,19777044
2019-07-31,43.2992,43.3079,41.5193,41.9419,35941564
2019-08-01,42.0463,42.9511,40.4753,40.9972,42121256
2019-08-02,40.07,40.7636,39.5952,40.07,42834928
2019-08-05,38.2329,38.2454,37.0149,37.4847,58915744
2019-08-06,38.2329,38.6879,37.3952,37.8725,36127068
2019-08-07,37.2634,38.3746,37.0894,38.2553,37256180
2019-08-08,38.832,39.3541,38.2578,39.3416,30929888
2019-08-09,38.9315,38.9663,37.8228,38.3274,34181672
2019-08-12,37.8054,38.3274,37.43,37.6488,27920048
2019-08-13,37.6338,39.2521,37.2436,38.7923,36051244
2019-08-14,37.9106,38.0216,36.8685,37.3057,41988132
2019-08-15,37.4946,37.6935,36.6405,36.9825,55446204
2019-08-16,39.6126,40.157,38.9986,39.6648,101538512
2019-08-19,40.7984,42.6131,40.6368,42.454,81632244
2019-08-20,42.3993,42.4043,41.5193,41.7306,46352160
2019-08-21,42.3918,43.1177,42.1756,42.5658,42791092
2019-08-22,42.6628,43.0879,42.2363,42.628,30375672
2019-08-23,41.8623,42.4067,40.1819,40.3807,56949732
2019-08-26,41.1688,41.4099,40.7462,41.129,31859416
2019-08-27,41.5118,41.5392,39.9283,40.2216,29154956
2019-08-28,39.958,40.6448,39.5648,40.1172,25582812
2019-08-29,41.033,41.879,40.9981,41.5555,35837304
2019-08-30,42.0183,42.516,41.5008,41.6824,29090848
2019-09-03,40.9533,41.2843,40.6229,40.8513,29651080
2019-09-04,41.4585,42.0681,41.4585,41.9935,22812036
2019-09-05,43.0149,44.7879,42.9988,44.7257,69648500
2019-09-06,44.4918,45.0616,44.0737,44.4544,37470608
2019-09-09,44.7655,45.7807,44.7506,44.9148,41752532
2019-09-10,44.5863,45.8479,44.4893,45.5817,35281220
2019-09-11,45.7285,46.3506,45.4375,45.8678,36151128
2019-09-12,46.3331,46.8806,45.7733,45.8529,32784100
2019-09-13,45.186,45.5568,44.8352,45.2731,32459148
2019-09-16,44.5216,45.1885,44.4171,44.8426,23183184
2019-09-17,44.9098,45.0978,44.4445,45.0566,22847312
2019-09-18,44.9869,45.1437,43.9194,44.7854,26403768
2019-09-19,44.8451,45.0292,43.922,44.0289,25634276
2019-09-20,44.019,44.2554,42.8694,42.9714,35725180
2019-09-23,42.9739,43.9617,42.9365,43.5064,25582588
2019-09-24,43.8199,44.116,42.5757,42.9316,32124180
2019-09-25,42.9266,44.5465,42.4787,44.3499,31310688
2019-09-26,44.2529,44.34,43.6184,44.1285,23782592
2019-09-27,43.7104,44.218,42.1328,42.74,36595896
2019-09-30,42.9988,43.4168,42.6852,43.3148,19319908
2019-10-01,43.5462,45.0392,43.2501,43.2974,36756600
2019-10-02,43.0784,43.1978,42.3344,43.0585,29566176
2019-10-03,43.1033,45.1785,42.7997,45.1163,46273060
2019-10-04,45.1387,45.5742,44.4868,45.2806,26796020
2019-10-07,45.93,46.8657,45.8429,45.8678,48831356
2019-10-08,44.9496,44.9496,43.9194,44.1011,44934264
2019-10-09,44.87,45.4622,44.5814,44.967,30788328
2019-10-10,44.9446,46.0544,44.8924,45.5443,32751556
2019-10-11,46.3854,47.1145,46.1963,46.2809,45086672
2019-10-14,46.1938,46.6243,45.8815,46.4153,21033576
2019-10-15,47.3185,49.5904,47.1792,48.8638,66798532
2019-10-16,48.5229,49.573,48.2119,48.3263,43275312
2019-10-17,48.7717,49.2232,47.8013,48.3462,26431696
2019-10-18,48.3512,48.6772,46.6566,47.4006,30192156
2019-10-21,48.0153,48.9086,47.8262,48.7742,26186844
2019-10-22,49.3441,50.3966,48.5975,48.6747,33736912
2019-10-23,47.8535,48.6871,47.535,48.5453,28577000
2019-10-24,48.9584,49.3217,48.6175,48.9857,23903732
2019-10-25,49.792,51.1059,49.7148,50.8968,42309152
2019-10-28,51.3347,51.9817,51.0403,51.4567,33079164
2019-10-29,51.3173,51.382,50.2996,50.4937,21123680
2019-10-30,50.7624,50.8196,49.8318,50.5136,20596152
2019-10-31,50.3046,50.5136,49.2221,50.0209,20973260
2019-11-01,49.6675,50.735,49.4168,50.4116,28363824
2019-11-04,51.2228,52.5043,50.9914,52.3798,37671620
2019-11-05,52.3774,52.6386,51.6781,52.1584,30086848
2019-11-06,51.917,52.1733,50.7898,51.6657,26901340
2019-11-07,52.5306,52.6784,51.3945,51.8424,28033992
2019-11-08,51.6732,52.019,51.2974,51.703,18940748
2019-11-11,51.6955,52.034,50.8321,51.8025,24378944
2019-11-12,52.1858,52.7183,51.8349,52.1584,28383884
2019-11-13,51.8448,52.1211,51.2352,51.8996,30236496
2019-11-14,51.9892,52.2256,51.3885,52.2032,52700684
2019-11-15,52.1808,52.6983,49.9258,50.8097,105421636
2019-11-18,50.735,53.089,50.7052,52.8228,57531852
2019-11-19,52.5122,52.7481,51.173,51.7553,41538024
2019-11-20,51.5263,53.3876,51.4005,52.5491,47301752
2019-11-21,52.5043,53.0617,52.0837,52.3002,28838920
2019-11-22,52.5267,52.9928,52.2405,52.4769,22409880
2019-11-25,53.7584,55.0946,53.629,55.0449,50734744
2019-11-26,54.8682,54.9154,53.9326,53.9973,38568092
2019-11-27,54.4527,54.7964,54.0817,54.3456,21642872
2019-11-29,54.0369,54.3207,53.7331,53.9721,14155696
2019-12-02,53.9024,54.0369,51.9551,52.107,37386968
2019-12-03,50.2692,51.7509,49.8957,51.711,47414612
2019-12-04,52.5477,52.7719,51.8629,52.1493,27361836
2019-12-05,52.3684,52.5253,51.6733,51.98,18513776
2019-12-06,52.6722,53.1628,52.5726,52.8341,23241828
2019-12-09,52.605,53.3819,52.5179,52.8341,21513280
2019-12-10,53.1354,53.8028,52.6075,53.2848,25668912
2019-12-11,53.3894,54.1763,53.3645,54.1215,23400988
2019-12-12,53.8327,55.9792,53.743,55.7974,40608336
2019-12-13,55.8273,57.0201,55.2371,55.7775,45496732
2019-12-16,56.2531,56.792,55.9717,56.0664,32130736
2019-12-17,56.2531,57.0749,56.1585,56.8483,32326392
2019-12-18,57.1969,57.7572,57.1122,57.1521,34427876
2019-12-19,57.4982,58.7682,57.4484,58.6337,45310696
2019-12-20,59.2986,59.8614,59.1056,59.6074,60338428
2019-12-23,59.8938,60.215,59.3634,59.4704,35539260
2019-12-24,59.316,59.5924,58.9724,59.4206,13886388
2019-12-26,59.4555,59.844,59.2662,59.5626,18321804
2019-12-27,59.7145,59.8489,58.7209,58.9848,25481004
2019-12-30,58.7657,58.818,57.5381,57.8518,25824712
2019-12-31,57.4982,58.6873,57.3065,58.5939,23121132
2020-01-02,59.453,59.7419,58.9475,59.7419,23767876
2020-01-03,58.5441,59.2239,58.2951,58.7856,20577232
2020-01-06,57.8518,59.0845,57.5903,59.0322,25532516
2020-01-07,59.316,60.205,58.8653,59.7468,31920576
2020-01-08,59.7045,60.2723,59.3033,59.8589,27724068
2020-01-09,60.723,61.2409,59.9772,60.5163,25031700
2020-01-10,61.5896,61.8934,60.6981,60.84,31646240
2020-01-13,61.6717,62.9986,61.4451,62.7475,30956672
2020-01-14,62.3192,62.5732,61.4451,61.5771,35957932
2020-01-15,61.7041,61.928,60.8923,61.1513,26310544
2020-01-16,61.6867,62.0478,61.4514,61.988,28419164
2020-01-17,62.1797,62.2544,61.5995,62.0752,25379056
2020-01-21,61.7079,62.0776,61.4004,61.7415,21285040
2020-01-22,62.1947,63.1484,62.0054,62.2669,23923868
2020-01-23,62.6828,63.0513,61.7938,62.9666,24451444
2020-01-24,64.1221,64.6201,61.8311,62.374,37351356
2020-01-27,59.326,60.3246,57.8294,59.8141,47053416
2020-01-28,60.474,62.0727,59.9421,61.7489,31097604
2020-01-29,61.6045,61.9656,60.7454,61.1438,25945116
2020-01-30,60.1652,61.3455,59.6149,61.2111,29050360
2020-01-31,60.7529,60.8724,58.4569,58.8753,37041972
2020-02-03,58.6935,60.041,58.6312,59.8464,25592820
2020-02-04,61.2658,61.7315,60.7653,61.5398,27154356
2020-02-05,62.75,62.8521,61.6095,62.4437,20822008
2020-02-06,62.7873,63.3128,61.9755,63.3115,21828204
2020-02-07,62.9119,63.1335,62.3969,62.6504,18975212
2020-02-10,62.877,65.4917,62.8272,65.4842,52960776
2020-02-11,66.5674,67.8573,65.9474,66.7094,63855688
2020-02-12,67.2373,67.9321,66.8482,67.8673,37464472
2020-02-13,67.2871,68.1014,67.0132,67.429,52801536
2020-02-14,71.5329,73.4528,71.2191,72.1629,104192372
2020-02-18,71.1303,74.0355,70.9352,73.8512,62188100
2020-02-19,75.0764,78.5427,75.0753,78.3659,69433124
2020-02-20,77.8841,78.7693,73.7964,76.8718,81005036
2020-02-21,75.7487,76.0002,72.3795,73.2287,76929324
2020-02-24,67.2821,70.1912,66.7368,68.0516,85691492
2020-02-25,68.8045,69.4237,64.2366,65.2551,105549768
2020-02-26,65.2576,68.592,65.2427,66.6496,74966144
2020-02-27,63.5148,66.5299,62.0173,62.9417,90641492
2020-02-28,60.4139,67.8904,60.2482,67.2948,113467528
2020-03-02,68.9967,69.1686,65.0348,68.8796,89074556
2020-03-03,69.4369,70.0358,65.3986,66.2533,65279312
2020-03-04,67.3272,70.9876,66.5797,70.8929,59740736
2020-03-05,68.897,70.5665,67.6512,68.0972,54032748
2020-03-06,66.1212,66.8762,64.2873,66.2907,51541228
2020-03-09,59.7772,64.6361,59.3486,61.1576,60475728
2020-03-10,63.9235,65.0547,61.2947,65.0547,58064872
2020-03-11,63.6531,63.9384,60.4425,61.4143,49747352
2020-03-12,56.1791,58.8351,53.7721,53.8992,81654140
2020-03-13,57.435,60.0563,54.7214,60.0114,63483772
2020-03-16,52.9274,56.3386,48.3401,48.9381,72050612
2020-03-17,50.0619,55.0329,47.5925,54.1384,81733124
2020-03-18,49.8588,52.3119,45.0212,50.5378,86909540
2020-03-19,50.3235,54.0038,48.1881,53.0669,76551388
2020-03-20,54.5694,57.3901,51.1134,51.2679,80463416
2020-03-23,51.2579,53.9415,49.4663,52.9971,64387464
2020-03-24,57.0612,62.9567,56.8245,62.0896,110164380
2020-03-25,63.2407,65.2391,60.7141,61.2025,78966972
2020-03-26,63.2756,65.3388,62.2939,64.0979,69758768
2020-03-27,62.2939,65.5625,61.965,62.9741,63882976
2020-03-30,63.6295,66.2707,63.1884,66.1785,60225012
2020-03-31,66.5797,68.6229,64.225,65.6827,94673184
2020-04-01,63.7017,65.1669,60.1211,60.5671,65319088
2020-04-02,60.8586,63.7889,60.3777,63.6569,66512632
2020-04-03,63.2806,63.6967,59.401,60.7764,66321384
2020-04-06,63.5996,67.2475,63.024,66.8787,71761468
2020-04-07,69.0964,69.3331,64.1129,64.5439,78116968
2020-04-08,65.6353,66.7666,64.9351,66.5174,53998360
2020-04-09,67.7757,68.005,64.8903,65.5207,52624780
2020-04-13,64.9227,67.3272,64.0381,67.24,39840728
2020-04-14,68.5233,71.0948,68.2465,70.7534,53094668
2020-04-15,69.0715,70.8075,68.618,69.9785,36614884
2020-04-16,71.5333,74.5035,71.4012,73.432,74562040
2020-04-17,74.2543,74.4686,71.4984,72.839,53912196
2020-04-20,71.5732,73.133,71.0823,71.5258,44639848
2020-04-21,70.3447,70.9577,66.5573,67.1553,73515984
2020-04-22,69.0789,71.7302,68.6229,71.3016,46851244
2020-04-23,71.7227,73.0427,70.5167,70.7683,41767600
2020-04-24,70.6662,72.1787,69.9187,72.1587,35264548
2020-04-27,73.5043,75.6248,73.2576,74.0251,47469008
2020-04-28,75.5002,75.7992,72.545,72.5998,43322036
2020-04-29,73.9478,74.8972,73.1953,74.3689,37916188
2020-04-30,73.8289,74.3689,72.6895,72.829,37591772
2020-05-01,70.8531,71.9868,69.9793,70.4619,34209780
2020-05-04,69.9884,72.7194,69.9884,72.5811,31755520
2020-05-05,73.6239,74.8199,72.5823,73.1928,36889564
2020-05-06,73.9877,75.251,73.6089,74.202,32346556
2020-05-07,75.5949,76.599,75.0823,75.9661,37373052
2020-05-08,76.6838,77.9296,76.3449,77.8674,33990712
2020-05-11,77.8175,80.8575,77.531,80.389,46645868
2020-05-12,80.9671,81.4555,77.6705,77.7677,49305928
2020-05-13,78.9139,80.5186,75.697,77.5434,62585008
2020-05-14,78.1576,80.095,76.6215,80.0402,60231236
2020-05-15,78.6373,84.7247,78.4803,84.6275,98175644
2020-05-18,87.3161,88.8709,86.5188,87.2139,77640344
2020-05-19,87.6126,90.5753,87.3385,87.7646,71732196
2020-05-20,89.6135,90.1318,88.5944,89.4042,58753620
2020-05-21,90.2165,90.2255,87.0868,87.4631,76106964
2020-05-22,87.9615,90.6301,86.8451,89.9648,103876500
2020-05-26,91.2655,91.5147,86.434,86.89,77077904
2020-05-27,85.9656,86.0428,79.7038,84.9713,117589224
2020-05-28,83.8451,87.3161,83.5162,84.5901,73612816
2020-05-29,85.2629,88.4623,84.5702,88.4623,74591976
2020-06-01,88.0412,88.1159,86.6084,87.7721,39051100
2020-06-02,87.6724,88.0811,86.2945,87.9615,38990984
2020-06-03,87.9316,88.3701,86.7131,87.4058,36415772
2020-06-04,87.0319,89.1782,86.5283,87.4158,42288280
2020-06-05,87.695,89.7142,86.8322,88.9464,48174604
2020-06-08,88.5201,88.6435,86.6106,87.7997,38618028
2020-06-09,87.7498,90.8385,87.2637,90.2028,46848884
2020-06-10,91.4169,94.7299,91.2748,93.4012,62553176
2020-06-11,91.2399,92.3492,87.6102,87.7124,57647896
2020-06-12,91.3645,91.6113,86.786,89.071,57090816
2020-06-15,87.9019,91.5614,87.1889,91.4767,40000216
2020-06-16,91.9877,92.404,88.1362,90.4272,53382644
2020-06-17,90.8784,92.7256,90.4446,92.0974,40830564
2020-06-18,92.0077,92.5611,90.8859,91.9179,24584856
2020-06-19,92.1622,94.1815,92.011,92.3492,52416052
2020-06-22,92.7356,95.0415,92.4693,94.9966,39592732
2020-06-23,95.2385,96.1509,93.8075,94.2313,37510740
2020-06-24,94.4931,95.2921,91.1851,92.0924,44700840
2020-06-25,93.4142,94.7798,91.5614,94.6302,37607200
2020-06-26,94.7299,94.7299,90.9906,91.2897,59208576
2020-06-29,91.4368,91.7833,88.747,91.7384,33881952
2020-06-30,92.8751,94.9917,92.4016,94.7075,36634680
2020-07-01,94.9368,95.4845,93.8624,95.0291,32948720
2020-07-02,96.116,97.0982,95.5102,95.8492,36407568
2020-07-06,97.1405,98.8058,96.8489,98.1128,31615524
2020-07-07,99.1797,100.4137,98.2274,98.4368,35780156
2020-07-08,99.6534,101.9593,99.3717,101.8695,37749384
2020-07-09,103.5074,105.3995,102.044,104.7912,49470872
2020-07-10,105.5864,106.2496,103.4924,104.4946,49767476
2020-07-13,105.6488,107.6156,99.965,100.2367,45707728
2020-07-14,100.4636,103.7317,97.5768,103.475,54269424
2020-07-15,103.8464,104.0334,100.2716,101.9817,40398492
2020-07-16,99.8653,101.7773,98.6737,101.0594,34496472
2020-07-17,101.9643,102.1936,100.5907,101.725,26628492
2020-07-20,102.4504,105.0131,101.2787,104.8087,28485088
2020-07-21,104.8311,105.299,102.575,102.9913,27766684
2020-07-22,103.3802,105.7236,102.623,104.0907,36729124
2020-07-23,104.3799,105.1701,100.0273,101.0095,41166128
2020-07-24,98.4692,103.3528,97.492,101.6552,47329200
2020-07-27,102.0316,104.1206,101.887,103.9187,28312516
2020-07-28,103.4475,103.5248,101.8022,101.8646,26752036
2020-07-29,103.6126,104.8635,103.1758,104.3575,28279668
2020-07-30,103.455,105.9284,102.6598,105.8382,30352560
2020-07-31,105.3322,107.3589,104.0334,105.8457,38628600
2020-08-03,107.0199,110.6719,106.8479,109.7895,41088180
2020-08-04,110.1858,111.9583,108.75,111.9583,31033560
2020-08-05,112.1203,113.3935,111.345,112.5466,24942652
2020-08-06,113.1748,113.2571,111.4697,113.0327,24431568
2020-08-07,112.8034,114.7204,110.0612,111.6766,34251596
2020-08-10,113.0203,113.7582,108.2563,111.3326,42779592
2020-08-11,110.4227,111.0509,107.6506,108.1915,35070668
2020-08-12,109.595,114.344,109.2709,114.0772,46325996
2020-08-13,115.1317,116.8842,113.2346,114.1047,37163848
2020-08-14,114.9722,116.7147,114.0797,115.3112,36643616
2020-08-17,118.1756,123.7447,117.8359,123.0192,61671432
2020-08-18,124.146,124.6047,120.5189,122.2589,49929968
2020-08-19,122.6154,122.7999,120.636,121.0399,55607912
2020-08-20,119.4095,123.3982,118.4498,121.0648,91653108
2020-08-21,121.6706,127.7228,121.6049,126.4744,99986952
2020-08-24,128.4712,128.7579,124.7194,126.8408,48841472
2020-08-25,125.9484,127.2497,125.38,127.1375,28562468
2020-08-26,127.6285,128.319,126.4171,127.3668,31987832
2020-08-27,127.4516,128.1347,125.307,125.9235,31427884
2020-08-28,126.3888,131.1062,126.0656,131.1037,53715852
2020-08-31,131.453,135.364,130.0068,133.3647,49511556
2020-09-01,134.4557,139.58,134.0218,137.8569,50782440
2020-09-02,146.6619,146.8913,138.6449,143.0985,86628188
2020-09-03,137.9331,138.4903,128.4585,129.8225,92352508
2020-09-04,127.5109,131.4134,116.7485,125.9026,146368284
2020-09-08,117.0452,125.1794,116.7435,118.8257,78849956
2020-09-09,123.6832,127.7653,122.005,126.8252,73163784
2020-09-10,129.5607,130.3187,121.3592,122.803,69868444
2020-09-11,124.5361,126.2018,118.6536,121.3343,63692688
2020-09-14,130.4758,132.8099,125.9888,128.3937,119567544
2020-09-15,132.4608,132.6478,127.9498,129.5781,72385192
2020-09-16,129.2415,130.593,124.8178,124.8253,55484472
2020-09-17,121.0124,125.5759,120.0401,124.3166,79007496
2020-09-18,125.6158,126.0023,119.5812,121.5811,69529876
2020-09-21,118.9454,124.9051,118.7409,124.8527,71739564
2020-09-22,125.4288,126.1569,121.245,126.0547,64387492
2020-09-23,125.4338,126.9449,120.4839,120.9278,64352040
2020-09-24,120.4141,125.3739,119.8331,123.1646,73124032
2020-09-25,124.157,128.5059,122.1447,128.4086,58801628
2020-09-28,130.0694,130.1841,127.1743,130.017,57085844
2020-09-29,129.0445,134.0841,129.0021,131.9196,61898592
2020-09-30,131.2389,135.877,131.1666,134.9594,68583132
2020-10-01,137.2285,137.2758,134.2637,135.7972,52242292
2020-10-02,131.9122,134.8496,130.1766,130.2888,55249588
2020-10-05,132.0219,136.094,131.8899,136.0765,47691108
2020-10-06,137.9467,141.0587,136.3009,137.0141,77923500
2020-10-07,139.6399,140.8318,138.2809,139.2833,41522804
2020-10-08,140.3905,140.4852,137.2285,138.034,37526784
2020-10-09,137.3183,137.8894,136.2585,137.2759,34689092
2020-10-12,139.5376,143.1035,138.7696,141.8966,43330344
2020-10-13,142.5998,143.1184,139.8281,142.1185,34375124
2020-10-14,142.5399,143.0611,139.2434,140.5924,26866228
2020-10-15,137.754,139.6997,137.3258,139.3431,26291712
2020-10-16,140.0089,140.8543,137.5727,137.7622,24263960
2020-10-19,138.6736,139.4778,133.725,134.6327,29190880
2020-10-20,135.488,137.645,134.725,136.1064,22921204
2020-10-21,135.9019,137.5627,134.4307,134.902,21959732
2020-10-22,134.8796,135.7698,131.9795,133.2687,28938048
2020-10-23,134.1564,135.5853,132.573,135.5553,23348428
2020-10-26,133.927,136.5781,130.0519,131.0768,33601104
2020-10-27,132.7201,134.0766,131.578,133.6253,24931084
2020-10-28,131.6429,132.2613,125.7679,125.9474,37302232
2020-10-29,128.057,131.5905,127.1743,129.9073,32008184
2020-10-30,128.1717,129.0333,122.6858,125.0198,41739600
2020-11-02,126.2542,128.0387,123.6334,125.4861,29965264
2020-11-03,126.7604,130.7152,125.7056,129.8624,27290108
2020-11-04,133.5505,137.9218,133.0281,137.5901,41022928
2020-11-05,141.2632,143.0237,139.5526,141.2383,31707440
2020-11-06,140.7371,145.5148,138.595,145.248,38334928
2020-11-09,145.1533,146.5397,135.7598,135.9593,58297788
2020-11-10,135.7174,135.7174,125.9599,127.3738,63898760
2020-11-11,130.204,134.0056,129.1517,133.8372,40474344
2020-11-12,134.4449,137.3083,132.8198,134.2237,36663500
2020-11-13,135.9247,136.3383,130.2589,132.6303,34676232
2020-11-16,131.3885,136.1463,131.224,134.8073,41377480
2020-11-17,135.1788,135.6152,132.6989,133.8796,31202796
2020-11-18,134.3085,135.7099,131.5132,133.9445,51092532
2020-11-19,131.79,134.5305,130.6654,134.0592,56593420
2020-11-20,134.1963,134.6003,130.3163,130.5432,33686192
2020-11-23,131.3748,133.4831,129.8225,131.0643,35979156
2020-11-24,131.0893,131.2838,128.5208,129.2465,34275532
2020-11-25,129.9921,132.3549,129.8674,132.0094,25991640
2020-11-27,133.4083,133.7325,131.369,132.2737,16727520
2020-11-30,132.3111,133.7824,129.3921,133.6727,28695200
2020-12-01,134.5778,134.9419,131.9446,133.5579,29649516
2020-12-02,133.164,136.3851,132.0044,135.099,28336120
2020-12-03,135.5684,136.2917,132.9892,133.6577,19952064
2020-12-04,134.1815,135.294,133.5848,135.2765,20224340
2020-12-07,135.7056,137.0026,134.6953,135.7604,22324324
2020-12-08,135.5434,135.6806,132.5153,133.1987,27192088
2020-12-09,132.7048,133.8373,128.392,129.0157,40130120
2020-12-10,128.3996,130.3926,128.2038,129.4298,20776472
2020-12-11,129.3799,129.9062,127.9406,129.8388,20926564
2020-12-14,130.5834,133.5854,130.4799,132.7872,27015788
2020-12-15,134.0942,134.3362,131.5699,133.3035,19348592
2020-12-16,133.9221,134.0693,131.8268,132.1262,22311468
2020-12-17,133.3659,133.4931,131.4876,133.1114,23138388
2020-12-18,133.4881,133.7475,130.41,132.4205,34206464
2020-12-21,130.4524,133.3983,129.3824,133.0216,30233216
2020-12-22,132.8919,133.0715,130.2442,132.4829,18631488
2020-12-23,132.2609,132.4504,129.7565,129.7989,17789692
2020-12-24,130.0783,131.0286,129.0955,129.6443,9788352
2020-12-28,130.3302,130.3302,127.3437,128.7089,21256564
2020-12-29,128.9583,130.43,128.1327,129.1404,16963924
2020-12-30,129.6099,131.8393,128.6765,131.1608,22539716
2020-12-31,131.0686,131.2145,128.8585,130.2554,19242440
2021-01-04,130.7468,136.2169,129.3325,130.8391,56064180
2021-01-05,130.7019,134.1316,130.5747,133.745,31444360
2021-01-06,131.9266,132.1511,125.576,125.8603,58042300
2021-01-07,129.3824,133.4756,128.5742,133.1389,45653220
2021-01-08,133.3235,133.9071,130.1257,132.4679,29252860
2021-01-11,133.8847,139.2949,133.3235,135.9076,51902880
2021-01-12,137.2146,137.2346,133.1488,134.5432,28712296
2021-01-13,134.5952,135.9425,133.548,135.0121,20868776
2021-01-14,135.4437,135.6906,131.5076,131.7046,28312028
2021-01-15,131.9815,132.9518,128.195,128.3048,27778128
2021-01-19,129.8688,130.6443,128.1502,129.9586,22170292
2021-01-20,130.8216,134.0019,130.2728,133.3559,25576304
2021-01-21,133.8832,139.6777,132.2309,138.3621,33833960
2021-01-22,137.0908,138.105,135.965,136.8156,24681856
2021-01-25,137.5065,137.9729,132.0661,136.2244,24782992
2021-01-26,135.4979,136.1396,133.5729,134.0493,16398040
2021-01-27,132.0014,132.0289,127.6488,128.886,37127284
2021-01-28,129.6692,133.0965,129.3125,130.2155,22683992
2021-01-29,130.4549,133.0466,128.8237,129.6044,27155204
2021-02-01,130.2388,132.408,128.7363,132.0713,21319472
2021-02-02,133.6851,135.4137,132.5552,135.2616,21815368
2021-02-03,136.0523,139.0031,134.86,134.9997,24540928
2021-02-04,135.0046,136.4264,133.0776,136.3341,20133848
2021-02-05,136.9403,137.0625,135.1518,135.6033,16915364
2021-02-08,136.9624,144.4109,136.9624,144.0617,43377556
2021-02-09,143.0826,145.5034,141.904,142.3106,28756012
2021-02-10,144.3061,148.7136,143.0901,147.3093,48191048
2021-02-11,149.4644,152.3779,148.9132,152.1633,44530188
2021-02-12,150.1604,152.5663,147.4166,149.2749,37475748
2021-02-16,150.3025,153.3781,149.1626,152.9565,32195952
2021-02-17,151.3676,151.8916,147.4665,148.7236,27569868
2021-02-18,146.9576,148.3969,145.4211,147.9554,23408080
2021-02-19,149.9059,151.4275,148.132,148.9282,27172412
2021-02-22,147.4141,150.991,142.9267,143.2335,32588556
2021-02-23,140.4349,142.0662,133.5928,141.1009,39177932
2021-02-24,140.9088,144.7401,137.2496,144.6628,44831908
2021-02-25,140.1372,143.4231,131.8643,132.7747,82443604
2021-02-26,137.2146,138.2323,133.3085,136.8355,50093040
2021-03-01,138.4369,138.9358,135.2266,138.1051,35318300
2021-03-02,138.6863,138.8909,133.6577,133.76,26411412
2021-03-03,133.9595,134.2114,127.6987,127.7585,37527864
2021-03-04,127.7186,129.4572,120.5648,123.4233,57334516
2021-03-05,125.2168,125.2168,116.5289,124.3338,54283884
2021-03-08,124.219,124.4311,115.404,115.6709,54311168
2021-03-09,121.0674,125.923,120.3588,124.9599,52182552
2021-03-10,128.1562,129.5485,124.3336,124.4409,38437656
2021-03-11,129.249,130.2097,127.0982,129.6832,29991428
2021-03-12,126.2374,128.6377,125.656,128.3109,24396396
2021-03-15,128.3982,131.8116,127.4238,131.6569,22100244
2021-03-16,133.3062,134.8631,130.9133,132.6549,27084536
2021-03-17,130.1448,134.2718,129.6433,133.154,24254968
2021-03-18,131.1104,131.5845,126.924,126.9784,29418808
2021-03-19,127.2529,128.9646,125.8806,128.2086,29920696
2021-03-22,128.8773,133.6854,128.8174,131.607,29780308
2021-03-23,132.2856,133.1864,129.9602,130.4542,22110880
2021-03-24,131.2576,131.3362,126.1226,126.185,24424612
2021-03-25,124.7528,126.9011,122.4822,125.1096,29514456
2021-03-26,125.3017,128.3134,123.4952,128.1437,36396896
2021-03-29,127.9541,130.3719,126.7539,129.2316,27351988
2021-03-30,128.1706,129.501,126.8038,128.4681,19829756
2021-03-31,129.9028,134.444,129.5734,133.2238,31477752
2021-04-01,135.4595,138.4312,134.8507,137.8498,30827460
2021-04-05,138.4063,139.868,137.0639,139.6039,25434284
2021-04-06,139.7255,140.2689,137.4693,138.3464,19174596
2021-04-07,138.5385,142.1589,136.8493,141.1609,25128436
2021-04-08,142.2513,144.4346,142.2133,142.8925,24441492
2021-04-09,141.8645,143.8008,141.4753,143.7209,19517088
2021-04-12,142.6206,153.2275,141.1185,151.7953,86932200
2021-04-13,152.0198,156.6957,150.9644,156.4911,67621188
2021-04-14,155.9472,156.8999,151.9799,152.4739,38550192
2021-04-15,156.3215,161.8273,156.0121,161.0598,59848068
2021-04-16,160.2198,161.3442,158.345,158.8166,33520756
2021-04-19,155.0643,157.7687,152.0348,153.3198,40441808
2021-04-20,152.9355,154.6697,149.34,151.4185,33413304
2021-04-21,150.8945,153.3273,150.7298,153.3073,21677704
2021-04-22,153.452,154.0865,147.5485,148.2147,27778628
2021-04-23,149.0542,153.0516,148.7137,152.3567,22777220
2021-04-26,151.5562,154.49,150.9569,154.48,19540460
2021-04-27,155.4831,156.4013,153.2474,153.5194,16457300
2021-04-28,153.3472,155.0215,151.8603,152.4714,20941620
2021-04-29,153.7016,154.0659,150.4229,152.9505,17319648
2021-04-30,151.4509,153.3522,149.6794,149.8041,20191008
2021-05-03,150.9569,152.172,147.5884,148.08,20391184
2021-05-04,146.0888,146.0913,139.831,143.2344,40532480
2021-05-05,146.805,147.8479,143.5962,144.3048,29202304
2021-05-06,144.6716,145.4301,141.9054,144.9486,19338092
2021-05-07,147.7955,149.4174,146.4327,147.8354,22932732
2021-05-10,147.5859,147.7731,142.2238,142.381,26432620
2021-05-11,137.9821,143.2693,137.2335,142.7853,28503068
2021-05-12,139.8235,142.3261,136.8268,137.3184,30340932
2021-05-13,140.0655,140.5346,134.3292,136.3877,28572748
2021-05-14,138.6308,143.0034,137.2186,142.154,25775496
2021-05-17,141.2956,141.4179,138.2665,141.3805,21620660
2021-05-18,142.3935,143.7634,139.7686,139.8859,18366492
2021-05-19,135.4021,140.5221,135.17,140.3849,34022812
2021-05-20,142.7478,146.5533,142.4284,145.8418,32159192
2021-05-21,151.3436,151.925,148.4057,149.627,67299200
2021-05-24,151.8302,157.1449,151.4659,155.8175,55227244
2021-05-25,157.3545,157.8784,154.525,156.1743,43540688
2021-05-26,157.0376,157.6314,155.5604,156.6957,33841836
2021-05-27,156.6933,157.1948,154.3004,154.5799,57590812
2021-05-28,154.7096,162.4593,154.7096,162.1302,64453560
2021-06-01,162.3847,163.5637,158.7243,162.3298,47280300
2021-06-02,162.2075,168.8608,162.0404,167.4573,59016804
2021-06-03,166.6839,172.2555,165.5086,169.3686,57607228
2021-06-04,170.7934,176.2677,170.6237,175.4418,61374988
2021-06-07,175.3709,177.7798,171.5943,175.8486,57473644
2021-06-08,174.9328,175.8744,172.1757,174.2317,32384676
2021-06-09,174.8583,175.4498,172.2628,173.286,37770624
2021-06-10,173.2037,174.6212,171.4667,173.9524,28637660
2021-06-11,174.4965,179.0859,174.1396,177.9481,41150012
2021-06-14,178.7542,180.0869,176.3259,179.8798,32137428
2021-06-15,178.844,179.8548,176.9767,177.5812,24003964
2021-06-16,177.6036,179.2401,175.5439,177.7983,30378844
2021-06-17,177.4421,188.0283,177.2593,186.2538,80965488
2021-06-18,187.5192,193.4191,185.5226,186.0692,96885428
2021-06-21,184.0376,185.0484,177.9221,183.9578,67010376
2021-06-22,184.3995,189.3136,183.5447,188.5449,57692248
2021-06-23,189.7529,191.2004,188.7546,190.247,33235704
2021-06-24,191.9491,193.8683,190.5565,191.727,31937896
2021-06-25,192.4757,193.1246,188.621,189.985,27836592
2021-06-28,193.2818,200.4446,192.86,199.5087,49296392
2021-06-29,198.4854,200.6442,196.233,199.9255,36487204
2021-06-30,199.6497,201.2806,198.2982,199.6834,32656616
2021-07-01,200.9063,204.2106,199.8481,201.7748,48013496
2021-07-02,204.0521,204.7023,202.531,204.5201,34339668
2021-07-06,207.0208,208.064,203.1549,206.6315,44476920
2021-07-07,208.1788,208.3935,202.9732,203.3696,40999912
2021-07-08,198.2259,200.9861,196.671,198.6876,50249140
2021-07-09,199.2841,200.4583,197.2051,200.1601,29662268
2021-07-12,202.0543,204.9768,201.5327,204.7747,32198476
2021-07-13,203.6566,204.263,200.7965,202.1541,29070632
2021-07-14,203.2298,203.8288,197.1901,198.0761,38009920
2021-07-15,197.7791,198.131,188.2629,189.3386,55056452
2021-07-16,189.98,191.2439,180.4213,181.2998,68478532
2021-07-19,178.8465,190.0948,178.3499,187.4768,74905876
2021-07-20,186.9801,188.0583,181.3298,185.8021,43366188
2021-07-21,188.4975,194.9365,187.0999,193.7685,37101736
2021-07-22,196.0845,198.5303,192.4308,195.6053,32382595
2021-07-23,196.2278,196.6635,192.1712,195.246,19567198
2021-07-26,192.7802,194.0879,188.817,192.6105,20243745
2021-07-27,192.321,195.8849,187.0899,191.7519,24673157
2021-07-28,192.862,196.1245,189.6256,194.6969,20219115
2021-07-29,194.8566,198.1909,192.9502,196.2842,19078088
2021-07-30,193.8484,195.9647,192.301,194.657,18349746
2021-08-02,196.6635,199.2691,193.2793,197.1627,21579596
2021-08-03,197.0629,201.8746,191.8717,197.8116,30181074
2021-08-04,199.5586,202.833,197.9414,202.3937,23130940
2021-08-05,204.6499,206.9759,203.0726,206.0175,21143537
2021-08-06,204.8895,205.3487,201.7548,203.3122,17849661
2021-08-09,204.1108,204.7296,201.086,202.6034,14644310
2021-08-10,202.8729,203.9511,198.0066,199.0195,17923778
2021-08-11,200.0877,200.1476,193.9681,196.6536,18592484
2021-08-12,198.3606,199.9478,195.8649,198.71,15186155
2021-08-13,198.71,201.7929,198.171,201.5352,18306286
2021-08-16,201.0061,202.5235,194.1978,199.1593,21115280
2021-08-17,196.5138,197.3623,192.3409,194.2477,20131267
2021-08-18,194.667,196.0012,189.6755,190.0748,25885163
2021-08-19,194.6071,204.6,187.2996,197.6419,76573522
2021-08-20,199.5686,208.2942,198.9896,207.8045,66553930
2021-08-23,209.3518,219.5943,209.1422,219.205,55402740
2021-08-24,217.1585,219.215,214.9822,217.5578,29542888
2021-08-25,216.9987,224.3162,216.849,221.7506,34601878
2021-08-26,221.6208,223.0184,217.5278,220.3031,23666727
2021-08-27,221.4611,226.8319,221.2914,225.9734,30324334
2021-08-30,227.9098,230.0364,225.1248,226.4925,26235344
2021-08-31,226.6029,226.6029,220.8617,223.5076,25787958
2021-09-01,224.5061,226.6228,223.223,224.0668,19945746
2021-09-02,224.8356,225.5843,222.604,223.6174,18730379
2021-09-03,222.9085,229.5084,221.6604,228.0806,28083198
2021-09-07,227.9808,228.6397,224.8795,226.2734,19086095
2021-09-08,224.7857,225.7542,219.4339,223.0483,25190374
2021-09-09,222.7787,225.0353,220.9715,221.4308,19396037
2021-09-10,223.1413,225.9139,222.3594,224.4362,24586974
2021-09-13,226.493,229.2888,218.2457,221.1812,29377411
2021-09-14,222.4093,223.7572,220.5222,222.0798,19837934
2021-09-15,222.7488,223.3278,219.324,223.0683,16410069
2021-09-16,221.4952,222.4293,218.9346,222.0798,15427596
2021-09-17,222.6589,222.8686,217.9661,218.665,28622683
2021-09-20,211.1366,214.0022,206.304,210.8071,34658846
2021-09-21,213.8374,213.9223,209.1796,212.135,20306115
2021-09-22,213.3282,219.2641,211.6358,219.0744,26167248
2021-09-23,221.0614,225.0003,218.5652,224.4761,24650840
2021-09-24,220.3624,221.1512,218.2756,220.4723,21622491
2021-09-27,216.7714,217.6566,212.9238,216.2687,24090907
2021-09-28,211.8105,213.8624,206.1941,206.6734,33982051
2021-09-29,209.0747,209.8485,204.3569,204.8562,21757168
2021-09-30,207.3663,210.3378,206.5636,206.8431,22043030
2021-10-01,207.1826,208.271,201.721,207.1027,23785663
2021-10-04,204.7264,205.1037,195.2509,197.0182,34351164
2021-10-05,199.1949,206.1642,198.2363,204.1972,27784391
2021-10-06,200.8923,206.8831,200.4929,206.6834,28488358
2021-10-07,210.5974,212.8939,209.3992,210.4276,25565697
2021-10-08,210.6872,211.7356,207.4322,207.9914,15037701
2021-10-11,205.4353,210.3078,204.7963,206.6335,16254707
2021-10-12,207.9564,210.2479,204.966,206.3938,16117744
2021-10-13,208.86,209.5789,206.8132,209.0697,17410969
2021-10-14,212.5544,217.2172,210.897,217.1274,23421816
2021-10-15,217.7664,218.9746,216.2887,218.2856,22385244
2021-10-18,217.1573,222.569,216.1089,221.8801,18626239
2021-10-19,222.4193,223.4477,220.0329,222.5591,15933562
2021-10-20,222.7038,223.9869,219.4838,220.6919,14482801
2021-10-21,220.632,226.7626,220.4922,226.5729,18650257
2021-10-22,227.8809,230.9462,225.2649,226.9124,24719640
2021-10-25,229.3786,233.1927,227.3517,231.3057,22790958
2021-10-26,239.5231,252.2037,238.8741,246.7919,48189987
2021-10-27,244.3657,250.5162,242.4487,244.136,24257105
2021-10-28,248.3995,249.1184,244.8549,249.0285,22977809
2021-10-29,249.6226,256.6968,249.6176,255.2789,29157020
2021-11-01,256.0977,258.5439,251.8841,257.875,26039537
2021-11-02,257.825,266.3719,257.6054,263.6062,28744823
2021-11-03,266.2921,267.4303,261.9487,265.5732,23826254
2021-11-04,271.8735,313.1703,270.7652,297.5542,115053013
2021-11-05,301.4083,313.5197,293.6502,297.0649,84934406
2021-11-08,301.0289,310.5243,298.6126,307.5688,49585168
2021-11-09,322.3262,322.6058,299.1817,306.1011,64216853
2021-11-10,293.111,308.0281,287.3398,294.1394,63500110
2021-11-11,304.214,305.4321,297.3146,303.4352,32926679
2021-11-12,299.641,306.3307,295.8468,303.4352,41026129
2021-11-15,305.0527,305.9713,292.0227,299.7908,38238625
2021-11-16,297.1348,303.4352,296.6043,301.568,26144537
2021-11-17,303.7147,304.6233,287.5595,292.1624,38997587
2021-11-18,323.1749,327.0989,312.7309,316.2655,77969319
2021-11-19,321.9368,330.3739,318.562,329.3455,52600114
2021-11-22,334.6573,345.9401,318.5121,319.0712,72424724
2021-11-23,314.8677,323.105,308.3277,316.9744,53037746
2021-11-24,314.1288,328.0475,308.8069,326.2402,43516226
2021-11-26,325.5014,326.5997,313.0205,314.5481,27535754
2021-11-29,323.1649,333.6089,319.87,333.2495,44589443
2021-11-30,331.1827,333.0198,318.1527,326.2602,61822270
2021-12-01,331.7288,332.4265,313.3599,313.9091,48186831
2021-12-02,311.7022,324.3244,309.8149,320.8094,46972984
2021-12-03,319.5512,320.8394,300.8774,306.4995,53593258
2021-12-06,298.3809,301.9859,279.9868,299.9487,65843940
2021-12-07,309.1358,324.0349,306.0801,323.8152,59305348
2021-12-08,319.5412,322.4471,313.7694,317.8136,47367543
2021-12-09,316.8949,321.5983,303.8532,304.4724,48557326
2021-12-10,311.0631,312.6109,298.1912,301.5565,48361760
2021-12-13,302.0658,302.5151,280.7657,281.215,59020744
2021-12-14,276.6015,286.3778,272.1178,282.9726,65815968
2021-12-15,283.6017,304.5722,277.9896,304.1628,69278766
2021-12-16,311.0831,311.163,280.536,283.4719,70368255
2021-12-17,279.4575,288.8144,277.2107,277.6201,71158909
2021-12-20,272.667,281.0453,271.0693,276.8012,45618849
2021-12-21,283.3421,290.7916,273.6257,290.3422,51569528
2021-12-22,288.5048,295.1355,284.091,293.5877,39271538
2021-12-23,297.1327,300.1684,293.8973,295.9843,34302174
2021-12-27,296.184,310.429,295.9843,309.016,40158869
2021-12-28,312.6809,312.8606,299.6972,302.7947,41509404
2021-12-29,302.3004,305.0516,293.2481,299.5892,34106254
2021-12-30,297.8517,304.1428,294.9857,295.4451,30679722
2021-12-31,296.3238,299.8788,292.8943,293.6975,26347792
2022-01-03,297.7318,306.6793,297.4323,300.7876,39073857
2022-01-04,302.3454,304.2527,283.0924,292.4892,52264865
2022-01-05,289.084,293.7474,274.9439,275.6529,49322386
2022-01-06,276.0123,283.9811,270.2704,281.3848,45170547
2022-01-07,281.0153,283.8214,270.1905,272.0879,40785297
2022-01-10,265.4372,274.3047,256.0787,273.6157,59205088
2022-01-11,272.8418,280.2564,268.0136,277.7799,40276508
2022-01-12,280.2714,285.549,275.6928,279.5973,38039006
2022-01-13,283.392,284.4006,264.6084,265.3773,53520180
2022-01-14,262.6311,271.5876,261.7325,269.0421,39583235
2022-01-18,262.2317,266.0064,257.3386,258.6667,42267538
2022-01-19,260.4242,265.0594,250.1686,250.3184,48360408
2022-01-20,252.6851,255.4317,240.4423,241.1613,42699541
2022-01-21,234.7403,247.8819,232.3037,233.4122,71451727
2022-01-24,222.9868,233.4721,208.587,233.3922,90659029
2022-01-25,225.1438,229.1082,219.6915,222.9269,65163390
2022-01-26,232.0741,240.2326,222.6872,227.4006,75295828
2022-01-27,235.3495,239.6135,216.446,219.1322,56978351
2022-01-28,219.8128,228.2594,212.6613,228.0797,54090197
2022-01-31,231.4949,244.7463,230.1967,244.5166,56121759
2022-02-01,250.6879,251.0973,238.565,246.0345,51130767
2022-02-02,257.5782,257.8079,245.1857,252.066,53610656
2022-02-03,244.237,250.4183,237.4665,239.1441,39403489
2022-02-04,239.3838,246.0045,235.9886,242.8489,35482850
2022-02-07,243.3782,251.4668,241.6806,246.9332,37400716
2022-02-08,243.2484,251.9462,239.4637,250.7279,40804643
2022-02-09,255.8607,266.8752,253.1744,266.6755,51986886
2022-02-10,259.5854,268.8723,255.641,257.8778,50802013
2022-02-11,258.7965,261.1532,237.3966,239.1541,59980406
2022-02-14,239.0043,248.4011,237.2168,242.3297,43803297
2022-02-15,249.1401,265.0777,247.4924,264.5784,69532185
2022-02-16,262.2217,265.4472,255.1616,264.7382,68453797
2022-02-17,255.9405,257.4884,241.3111,244.7263,80348611
2022-02-18,246.329,249.5096,230.676,236.0884,76125491
2022-02-22,230.0269,240.3024,229.6774,233.572,62919566
2022-02-23,237.6862,241.2111,222.6972,223.556,56193752
2022-02-24,209.8553,237.6662,208.607,237.1469,73038186
2022-02-25,236.8773,241.8304,233.4821,241.2312,52621589
2022-02-28,239.5835,246.3041,236.7376,243.508,46894166
2022-03-01,242.5693,243.4281,230.9956,234.4407,40767998
2022-03-02,237.266,243.7879,233.8602,241.9003,38289172
2022-03-03,242.3147,242.9588,234.3996,236.8465,36290834
2022-03-04,233.5506,236.5069,224.5418,229.0761,43071781
2022-03-07,227.8876,230.0449,213.036,213.2558,44641820
2022-03-08,212.8263,223.453,206.2444,214.8737,55256405
2022-03-09,223.5929,231.9126,222.1947,229.8552,48907884
2022-03-10,225.0312,227.598,218.5492,226.2996,42162352
2022-03-11,229.9351,231.1636,220.1872,220.7265,36573292
2022-03-14,218.4194,222.3445,211.3282,213.036,38360758
2022-03-15,214.9137,230.0949,212.9562,229.4457,48874103
2022-03-16,234.7092,245.6656,231.4332,244.6568,66619553
2022-03-17,240.9015,248.1126,238.7641,247.3535,46677021
2022-03-18,247.6831,265.3611,245.9353,264.2026,72806452
2022-03-21,264.742,271.1839,259.3486,267.0091,58807971
2022-03-22,266.9392,272.0429,260.3973,264.9117,54491839
2022-03-23,260.9367,265.7857,255.4336,256.0228,49757897
2022-03-24,261.3362,282.8494,258.7494,281.1516,87372057
2022-03-25,278.5149,283.229,272.3725,276.5773,57776944
2022-03-28,277.2115,282.1504,271.7233,281.8408,42316725
2022-03-29,286.5899,289.1018,279.4537,286.2054,48716414
2022-03-30,282.6897,284.6023,274.6896,276.5573,45434654
2022-03-31,277.4762,282.1304,272.3625,272.5223,52070724
2022-04-01,273.4112,274.6197,262.3449,266.7894,51457293
2022-04-04,266.9492,275.2389,265.8006,273.2614,39412016
2022-04-05,272.2027,272.8519,257.8805,258.9891,43093087
2022-04-06,249.0314,252.6869,239.7329,243.7679,70248059
2022-04-07,244.1075,246.914,234.4894,241.7804,55045946
2022-04-08,238.874,238.9339,230.3347,230.9039,52195580
2022-04-11,221.8651,222.9232,216.3319,218.8988,57150819
2022-04-12,225.0911,226.9688,212.557,214.7739,65965783
2022-04-13,217.0111,224.7215,214.2845,221.7552,51489773
2022-04-14,224.7715,227.4881,211.3681,212.3169,56909685
2022-04-18,211.7376,220.6066,210.5291,217.5604,51244264
2022-04-19,216.9312,223.4531,212.8762,221.7053,51113559
2022-04-20,224.8923,226.4231,211.7376,214.5541,46697126
2022-04-21,216.8228,223.6429,199.7525,201.5802,65269800
2022-04-22,202.7787,204.6065,194.7587,194.9085,62160690
2022-04-25,191.7824,199.2032,190.7237,198.7737,63942065
2022-04-26,196.936,197.6351,186.4689,187.6475,64496017
2022-04-27,185.7498,191.4328,182.6736,183.9221,49504761
2022-04-28,189.4353,200.122,184.6669,197.5752,56164233
2022-04-29,193.7799,201.0357,184.9408,185.2405,49516710
2022-05-02,185.1755,195.4978,183.6824,195.0883,56638454
2022-05-03,193.7599,198.0047,191.0932,195.7774,46811668
2022-05-04,198.9834,203.7475,187.2779,203.0884,64630503
2022-05-05,198.4241,199.0034,184.771,188.2068,62396169
2022-05-06,187.1281,194.8785,179.6774,186.5189,63232654
2022-05-09,180.1168,182.3241,168.0618,169.2902,63980977
2022-05-10,176.6711,181.7548,170.0393,175.7322,75926561
2022-05-11,173.2553,177.3103,165.475,166.0942,66862583
2022-05-12,161.9903,167.6722,155.4773,161.5498,70834270
2022-05-13,167.6722,179.0624,165.7197,176.8409,66262662
2022-05-16,174.8733,177.6599,170.8483,172.4263,51669608
2022-05-17,180.5163,183.4826,176.1218,181.545,58107263
2022-05-18,176.8309,180.9558,168.4313,169.1704,53827828
2022-05-19,169.1604,176.6511,167.1334,171.0281,61924473
2022-05-20,173.1055,173.8845,157.355,166.7334,73482619
2022-05-23,162.5386,168.9407,161.5899,168.7709,62888342
2022-05-24,164.8957,165.7646,157.6047,161.3401,56750692
2022-05-25,160.0017,170.8981,159.802,169.5399,72083203
2022-05-26,160.1615,180.6961,160.0217,178.2891,98778430
2022-05-27,181.6349,188.5763,180.776,187.8772,73837935
2022-05-31,189.5651,191.7624,183.2729,186.4889,66052902
2022-06-01,187.0083,190.296,180.9957,182.9733,54282214
2022-06-02,182.6936,195.9472,181.7548,195.6775,63741838
2022-06-03,190.5789,193.0837,184.9864,186.9683,57104636
2022-06-06,191.1531,193.1307,185.4123,187.6275,41542567
2022-06-07,184.4914,189.7649,181.6549,189.0258,37942618
2022-06-08,187.7976,191.6037,185.1603,186.2892,36209516
2022-06-09,184.6209,189.1363,180.2254,180.2953,39305412
2022-06-10,175.8199,176.7889,168.5174,169.5663,46285457
2022-06-13,159.8363,162.9531,155.9003,156.3099,59853719
2022-06-14,157.149,160.4956,153.9623,158.1979,46341112
2022-06-15,160.7853,168.5074,159.097,165.1009,56098052
2022-06-16,158.4377,159.2601,153.8524,155.8503,54221774
2022-06-17,156.3199,159.7863,153.1231,158.6375,63033397
2022-06-21,164.5764,169.906,163.9021,165.4905,48196899
2022-06-22,162.094,166.4495,161.6344,163.4326,43036891
2022-06-23,165.016,165.6803,158.3678,162.084,45789395
2022-06-24,164.8311,171.2246,162.9331,171.0847,45889672
2022-06-27,172.9428,173.1227,166.0849,168.5174,41958601
2022-06-28,168.8271,171.8439,159.2868,159.6564,45790895
2022-06-29,157.9782,158.0381,151.5448,155.261,48064377
2022-06-30,153.4528,155.5107,148.4679,151.4349,68246357
2022-07-01,148.8375,150.475,143.7727,145.0814,57761008
2022-07-05,141.6049,149.5568,140.4062,149.4869,64352464
2022-07-06,149.9464,153.0331,147.7387,151.1452,52812168
2022-07-07,154.3968,159.2868,153.7325,158.4177,49191305
2022-07-08,154.1421,160.2058,153.7325,158.2179,46727755
2022-07-11,155.1011,155.111,150.2262,151.3649,42325300
2022-07-12,152.5238,154.1521,148.6178,150.6657,45276603
2022-07-13,145.7507,153.5927,144.502,151.4848,51945158
2022-07-14,150.9254,154.5716,147.1293,153.5627,45347293
2022-07-15,156.4298,157.6585,154.2919,157.4587,38304688
2022-07-18,162.8532,168.7971,159.8562,160.8452,66720255
2022-07-19,164.6913,170.9249,161.5546,169.7461,69785143
2022-07-20,169.2966,179.1415,167.8381,177.8878,75120278
2022-07-21,178.667,181.2543,175.2661,180.3153,55487855
2022-07-22,178.7469,179.4861,171.1896,173.0128,53314936
2022-07-25,170.0158,171.0648,166.3196,170.0658,48074751
2022-07-26,168.7172,169.0169,164.6114,165.1608,38911732
2022-07-27,170.1457,179.1765,168.957,177.7179,56695661
2022-07-28,179.5661,181.2144,174.2215,179.656,46943715
2022-07-29,177.9477,182.2533,176.739,181.4441,43422807
2022-08-01,181.6339,188.2671,179.7159,184.2213,47440245
2022-08-02,181.0346,189.1815,180.7349,185.0704,48648068
2022-08-03,181.6539,189.4859,181.1844,188.7367,41615059
2022-08-04,188.2971,192.5428,187.408,191.9534,40716526
2022-08-05,187.9075,192.0924,186.469,189.6957,38602076
2022-08-08,174.8409,182.2034,172.2436,177.7479,97950589
2022-08-09,172.3435,174.2934,167.0689,170.6852,66612702
2022-08-10,176.7989,180.9946,172.9929,180.7848,59577429
2022-08-11,181.1245,186.8786,178.5771,179.2364,50851369
2022-08-12,181.4142,186.9885,179.3463,186.8985,47422409
2022-08-15,186.8186,191.4439,185.9395,190.1252,45664364
2022-08-16,189.0014,191.2241,184.8207,188.5968,45015752
2022-08-17,185.0404,186.6888,181.2643,183.1624,44427705
2022-08-18,182.8227,188.4568,181.6439,187.5379,41424271
2022-08-19,183.8716,185.0105,177.5182,178.3073,43982930
2022-08-22,174.721,175.4003,169.4864,170.1657,40843172
2022-08-23,169.7111,174.4713,169.5263,171.6342,36803228
2022-08-24,169.9459,173.8819,168.7771,172.0438,52266071
2022-08-25,168.2676,179.2863,168.1577,178.9467,76846650
2022-08-26,178.3873,179.0566,162.2038,162.4336,76528099
2022-08-29,160.0361,163.2128,157.5086,157.8483,49371295
2022-08-30,159.4367,160.2259,151.6646,154.5217,52793786
2022-08-31,153.6826,155.241,149.432,150.7855,54760604
2022-09-01,141.9446,143.6528,132.5663,139.2274,117376459
2022-09-02,140.8557,141.565,135.7709,136.3303,74315746
2022-09-06,137.1695,137.649,133.3734,134.5122,53326958
2022-09-07,135.5307,138.2787,133.3623,137.0396,51157820
2022-09-08,134.4915,139.9775,133.5921,139.7976,61993198
2022-09-09,141.4664,144.6341,141.1566,143.7647,48580875
2022-09-12,143.5848,145.3635,141.8761,144.9438,48193742
2022-09-13,137.919,139.1181,130.8941,131.2139,71201320
2022-09-14,132.443,132.8026,129.0355,131.1839,58188933
2022-09-15,130.0567,132.233,127.8064,129.1954,52002896
2022-09-16,127.3217,132.0233,126.0776,131.8834,66838658
2022-09-19,130.0248,134.5315,130.0048,133.722,56711505
2022-09-20,132.0483,134.7289,130.4744,131.6636,52303929
2022-09-21,132.0333,140.2073,131.004,132.5129,80475043
2022-09-22,130.6043,131.3935,124.189,125.5181,75671089
2022-09-23,124.1091,126.0177,122.4803,125.0684,65563125
2022-09-26,124.8186,126.4973,122.0506,122.1905,54176996
2022-09-27,124.9785,127.2668,122.4903,124.0391,55126468
2022-09-28,124.0092,128.1361,123.4482,127.2668,53967139
2022-09-29,124.3889,124.9085,119.3727,122.1106,53128782
2022-09-30,120.7815,126.2375,120.6616,121.3011,56362793
2022-10-03,123.3796,126.6872,120.9614,125.0284,54322328
2022-10-04,128.6957,132.1032,128.6957,131.5736,58011380
2022-10-05,129.0125,133.1125,126.1176,131.9933,50358307
2022-10-06,132.1032,136.46,130.9341,131.2039,63528449
2022-10-07,124.9585,126.6073,120.132,120.6716,67062901
2022-10-10,120.2819,121.1545,113.9977,116.6146,69448417
2022-10-11,115.5254,118.3733,112.7474,115.7752,66442167
2022-10-12,115.7052,117.2641,113.367,114.9158,48868614
2022-10-13,109.6297,120.6915,108.0509,119.5125,84862308
2022-10-14,120.4817,121.0214,111.958,112.1878,70807952
2022-10-17,115.0957,119.3925,115.0857,118.793,57611684
2022-10-18,123.3496,124.8286,116.095,119.5824,65681473
2022-10-19,118.703,123.4096,118.2534,120.4218,52201183
2022-10-20,121.0413,127.5965,120.9614,121.8507,64774076
2022-10-21,120.8934,124.8885,118.783,124.5688,60648504
2022-10-24,124.9884,127.007,120.5517,125.8978,51561113
2022-10-25,126.8421,132.9026,126.5473,132.5129,49989599
2022-10-26,128.5958,133.782,126.987,128.8656,52635322
2022-10-27,136.2002,138.2787,131.124,131.6636,57872767
2022-10-28,130.9441,138.3986,130.5144,138.2387,51964746
2022-10-31,137.6791,138.2787,132.8727,134.8712,48521163
2022-11-01,138.0089,139.1481,135.091,135.3309,42638377
2022-11-02,138.3986,141.996,132.0157,132.0932,67064734
2022-11-03,130.3345,137.7091,129.4652,134.1118,49890522
2022-11-04,139.7576,142.1858,136.8697,141.4564,61102619
2022-11-07,142.1759,144.0145,139.4379,142.9053,40887470
2022-11-08,147.9017,148.8011,142.0559,145.9131,59415260
2022-11-09,141.5113,142.006,137.4894,137.6592,45317933
2022-11-10,147.8917,157.6145,145.3635,157.3847,69655834
2022-11-11,157.9593,163.77,154.7067,163.1505,65370596
2022-11-14,162.0613,165.2789,159.1035,162.8307,52460338
2022-11-15,167.0926,169.8556,163.7001,166.538,54319795
2022-11-16,161.4967,163.5002,158.6138,158.9835,59428119
2022-11-17,157.035,162.5409,155.2363,156.6552,71043074
2022-11-18,159.5431,159.9029,151.0894,153.9772,49019122
2022-11-21,151.3591,154.6567,150.6896,153.0579,40392649
2022-11-22,153.1678,160.4582,151.1053,160.2626,47111411
2022-11-23,160.8622,165.149,160.3626,165.0691,42724093
2022-11-25,163.0606,164.7493,161.6016,162.5809,16778357
2022-11-28,160.1427,163.4503,157.1349,158.1542,30308747
2022-11-29,158.1542,159.2034,155.0864,156.2755,29690119
2022-11-30,156.8922,169.2161,155.8927,169.1461,55634665
2022-12-01,169.9057,172.5644,166.2675,171.265,46944711
2022-12-02,166.5074,169.2418,164.3685,168.6763,37084695
2022-12-05,166.7073,169.8657,164.6384,166.0177,35009627
2022-12-06,165.218,165.6478,158.1116,159.7907,35188433
2022-12-07,157.6418,161.7798,156.5923,161.1201,37161874
2022-12-08,162.6493,171.7048,159.5109,171.6049,51308852
2022-12-09,171.5149,175.7428,169.6658,169.9257,46185201
2022-12-12,170.2855,175.2931,167.8867,175.2631,45480074
2022-12-13,185.2181,187.8068,177.0222,180.6304,65551921
2022-12-14,179.7808,182.4295,174.1136,176.6524,49480011
2022-12-15,171.375,173.1141,166.9172,169.436,47776362
2022-12-16,168.5584,170.3255,164.0186,165.6278,47766622
2022-12-19,165.6378,166.0077,161.37,162.4594,35351201
2022-12-20,160.5604,163.0191,158.4414,160.7703,40222789
2022-12-21,161.0601,166.1876,160.9402,164.9282,32440257
2022-12-22,160.8552,161.3,148.7462,153.314,56442326
2022-12-23,151.8847,153.314,148.7562,151.9846,34932563
2022-12-27,150.6653,150.9251,140.4903,141.14,46243679
2022-12-28,139.201,142.5493,138.7712,140.2904,35024862
2022-12-29,143.9486,146.7572,142.1995,145.9576,35419681
2022-12-30,143.2689,146.2174,142.2594,146.0675,31048983
2023-01-03,148.4364,149.8857,140.8901,143.079,40079838
2023-01-04,145.5978,148.4564,142.3394,147.4169,43039102
2023-01-05,144.8382,145.5678,141.4094,142.5793,38847471
2023-01-06,144.6682,150.0256,140.2704,148.5163,40440639
2023-01-09,152.7642,160.4804,151.3349,156.2025,50335951
2023-01-10,154.9931,159.5408,154.6433,159.0111,38325585
2023-01-11,158.3166,160.2005,155.5528,159.9307,35246884
2023-01-12,160.9202,166.2875,154.8432,165.0281,55016534
2023-01-13,162.6993,169.1361,161.5699,168.9062,44728706
2023-01-17,168.9062,177.1921,168.9062,176.9322,50943730
2023-01-18,176.5824,178.6414,172.7343,173.6838,43811513
2023-01-19,170.2755,171.8847,167.2271,167.5669,45141995
2023-01-20,170.0257,178.4715,168.1666,178.3016,56153456
2023-01-23,180.5504,192.3546,178.0867,191.8348,65179850
2023-01-24,188.1767,194.8533,188.1067,192.5545,48737357
2023-01-25,189.0312,193.604,185.7079,193.1342,44759294
2023-01-26,196.9123,201.56,192.6844,197.9218,48511759
2023-01-27,194.5235,206.1777,193.9538,203.549,54097483
2023-01-30,199.4011,201.3002,191.4051,191.525,48665741
2023-01-31,191.6,196.7724,189.4061,195.2731,48846567
2023-02-01,196.8124,211.8149,196.0128,209.3262,65525629
2023-02-02,209.8959,219.3812,206.8974,216.9824,55892571
2023-02-03,209.8959,217.3421,207.7869,210.8954,42835975
2023-02-06,207.9568,215.5931,207.7569,210.7854,45125734
2023-02-07,213.714,222.4796,211.3951,221.6201,66101117
2023-02-08,223.759,228.6666,219.971,221.9399,55673577
2023-02-09,225.9479,230.0859,221.0903,223.2593,52093224
2023-02-10,216.7925,220.6669,208.0068,212.5446,54855396
2023-02-13,215.2732,220.3707,209.5161,217.772,47337271
2023-02-14,215.673,230.3737,213.5541,229.5961,67151700
2023-02-15,225.3782,228.4367,220.9504,227.5271,42000952
2023-02-16,221.2203,225.3882,219.1593,219.9109,40874692
2023-02-17,216.2028,217.2922,209.646,213.774,46588764
2023-02-21,209.8959,214.8314,206.0778,206.4476,40812856
2023-02-22,206.9673,210.9354,204.1088,207.4371,43395060
2023-02-23,234.2838,238.7616,230.1358,236.5227,111493792
2023-02-24,232.1349,234.6236,229.3562,232.7446,58838534
2023-02-27,236.5827,238.681,234.4237,234.8935,43830678
2023-02-28,233.6041,238.1319,231.945,232.0449,44381453
2023-03-01,231.805,232.4404,224.9684,226.8675,45513526
2023-03-02,224.7685,233.6881,224.2088,233.0244,38836354
2023-03-03,233.0844,238.8815,231.1853,238.7816,40922908
2023-03-06,238.7916,242.3598,234.7536,235.4232,43529646
2023-03-07,235.9235,241.1718,232.3347,232.8045,51325406
2023-03-08,234.7939,241.9216,234.1591,241.7316,51005732
2023-03-09,241.6716,244.4607,233.7526,234.284,49941238
2023-03-10,234.0141,236.1934,227.1863,229.5756,47375169
2023-03-13,227.4463,232.9045,222.8977,229.5856,42113728
2023-03-14,234.8838,242.1115,234.524,240.552,47154065
2023-03-15,237.533,242.7813,233.5243,242.2015,51769194
2023-03-16,240.1921,255.7971,238.8626,255.3272,57930523
2023-03-17,259.7358,263.9044,256.5968,257.1666,84611797
2023-03-20,256.067,260.1557,251.2169,258.9161,43153600
2023-03-21,261.7152,263.8345,253.7277,261.9051,54517471
2023-03-22,264.1644,275.8006,262.285,264.5942,79257117
2023-03-23,271.0671,274.9009,266.8135,271.8219,56260352
2023-03-24,270.2224,271.582,263.4646,267.7032,45160367
2023-03-27,268.283,269.9125,263.5646,265.224,36017737
2023-03-28,264.3843,265.0441,258.4162,264.0144,35478562
2023-03-29,268.1631,270.6922,265.8838,269.7525,39121070
2023-03-30,272.2018,274.9009,270.9322,273.7413,35635798
2023-03-31,271.312,278.2529,270.9622,277.68,43197767
2023-04-03,275.0008,279.9093,273.2714,279.5594,39531723
2023-04-04,279.5694,279.9093,272.9815,274.441,36642020
2023-04-05,268.203,269.8925,263.8645,268.7229,50325737
2023-04-06,265.7538,270.7122,264.1844,270.2824,39765434
2023-04-10,268.1431,276.1204,266.6036,275.7006,37977230
2023-04-11,277.1451,277.8099,271.1721,271.6019,30232827
2023-04-12,273.6113,274.5909,264.3893,264.8641,44348123
2023-04-13,267.2534,268.7819,263.2047,264.5442,35219041
2023-04-14,264.9541,268.7429,262.115,267.4933,39336507
2023-04-17,265.5689,269.9725,264.2461,269.9325,31348982
2023-04-18,275.2458,281.0089,273.4813,276.5803,60271753
2023-04-19,273.5213,279.9093,272.2317,279.2195,35137342
2023-04-20,276.6203,280.2092,269.9125,270.9522,42412956
2023-04-21,269.4326,271.7419,267.1334,271.1021,34253583
2023-04-24,270.0425,273.5712,266.6237,270.3324,32678946
2023-04-25,270.6922,272.3817,262.165,262.325,36774922
2023-04-26,269.9325,273.2114,266.9644,269.4726,40449391
2023-04-27,273.5413,274.8609,266.1638,272.1718,37426523
2023-04-28,272.1618,277.49,270.6271,277.4001,29107979
2023-05-01,278.3098,290.4902,277.71,289.0063,56621484
2023-05-02,286.707,288.2664,280.739,282.0086,39695786
2023-05-03,278.3098,283.5781,274.631,277.9299,38100341
2023-05-04,276.4204,278.4997,272.3117,275.5307,31932341
2023-05-05,278.1648,287.4568,277.2201,286.707,35372987
2023-05-08,285.1276,292.1053,283.4081,291.4155,34368321
2023-05-09,288.8963,289.6361,284.4078,285.6174,30241782
2023-05-10,289.956,291.0356,284.5206,288.7564,36846209
2023-05-11,288.8663,289.4062,282.3685,285.6874,32119602
2023-05-12,285.1975,287.7067,280.3691,283.3082,27375738
2023-05-15,284.9926,289.5961,281.4288,289.4362,29303275
2023-05-16,288.3165,298.6032,288.2266,292.0353,44769506
2023-05-17,295.7441,301.8921,294.2047,301.6822,42531033
2023-05-18,304.0014,318.1768,303.1017,316.6773,73892125
2023-05-19,315.2578,315.6976,309.0598,312.5387,46743508
2023-05-22,308.9099,315.0978,306.7006,311.659,36967690
2023-05-23,309.8995,312.7786,306.2107,306.7805,35465380
2023-05-24,302.0021,305.9708,297.9634,305.281,55205507
2023-05-25,385.1051,394.672,366.2313,379.6769,153870943
2023-05-26,378.7772,391.5731,375.3783,389.3338,71439676
2023-05-30,405.8184,419.2441,399.3605,400.98,91423698
2023-05-31,394.752,402.8194,378.0974,378.2174,99882681
2023-06-01,384.7653,400.3702,383.2757,397.5711,62365927
2023-06-02,400.84,404.8687,390.4535,393.1425,48063288
2023-06-05,388.9639,395.5221,386.9446,391.583,39408637
2023-06-06,388.1742,391.4731,381.3564,386.4147,37992399
2023-06-07,389.0654,394.9041,373.4788,374.6685,50802869
2023-06-08,377.158,388.5555,374.9685,385.0163,41559164
2023-06-09,390.2851,397.0237,385.5862,387.6157,42446193
2023-06-12,391.9148,395.214,386.096,394.7342,38436504
2023-06-13,401.7726,410.9206,397.3136,410.1308,60766986
2023-06-14,408.1513,429.9065,405.4318,429.8765,72934577
2023-06-15,425.9274,432.7959,421.3784,426.4373,56671548
2023-06-16,434.4055,437.115,426.5123,426.8272,65570941
2023-06-20,429.8865,439.8044,426.6472,437.9848,44796268
2023-06-21,434.9154,436.0552,420.7085,430.3564,54746091
2023-06-22,422.4381,434.1606,422.2482,430.1565,40810251
2023-06-23,424.5477,427.9969,420.0587,421.9982,35601754
2023-06-26,424.5177,427.547,400.9128,406.2317,58999101
2023-06-27,407.9013,419.3088,404.3921,418.669,44789425
2023-06-28,406.5116,418.359,405.0919,411.0806,57991324
2023-06-29,415.4897,415.9096,405.9117,408.1313,37374578
2023-06-30,416.7094,425.4075,414.9198,422.928,49519295
2023-07-03,425.0776,428.8867,421.9283,424.0378,19820919
2023-07-05,421.2584,431.6761,420.7585,423.078,32200868
2023-07-06,418.349,421.6983,413.3701,420.9385,30255857
2023-07-07,423.128,432.0461,421.7083,424.9376,35453083
2023-07-10,426.4773,428.0169,416.3995,421.7083,34681852
2023-07-11,424.7176,427.487,420.5785,423.9578,29760752
2023-07-12,430.2364,439.2545,427.6798,438.9246,47494334
2023-07-13,445.0832,461.4497,444.8233,459.67,46979400
2023-07-14,465.7268,480.7755,450.502,454.5912,76774722
2023-07-17,462.7894,464.8589,452.5257,464.509,50489060
2023-07-18,466.9085,478.8558,457.2406,474.8368,56567364
2023-07-19,474.5368,478.076,467.3184,470.6677,42069500
2023-07-20,464.9689,470.7676,450.522,455.101,53183537
2023-07-21,457.7805,458.5603,440.9041,442.9937,79084866
2023-07-24,447.2128,450.9919,440.3043,446.023,36649332
2023-07-25,449.3123,461.7246,449.1323,456.6907,33704231
2023-07-26,460.11,460.4299,446.203,454.4212,36140646
2023-07-27,465.0889,473.847,457.4005,458.9002,45251107
2023-07-28,466.5785,470.1678,463.7092,467.3984,32534130
2023-07-31,467.4384,471.1975,464.959,467.1884,24980560
2023-08-01,464.494,468.898,460.1699,464.9689,23362746
2023-08-02,458.2104,458.3003,433.7757,442.5938,52587115
2023-08-03,437.9048,451.0819,437.9048,445.0532,32130169
2023-08-04,449.7522,456.3208,443.8335,446.7029,36014592
2023-08-07,451.0119,455.301,445.5376,454.0663,32052464
2023-08-08,448.4325,452.3216,440.4643,446.5429,35076273
2023-08-09,442.6438,443.0237,421.2484,425.4475,57893349
2023-08-10,421.5083,435.6453,418.2591,423.7879,48884251
2023-08-11,417.4192,420.0887,406.3017,408.4612,53030882
2023-08-14,404.772,437.9048,403.0224,437.4349,67535798
2023-08-15,445.5031,452.5816,437.005,439.3045,67185048
2023-08-16,445.1032,446.6529,433.9656,434.7655,52238024
2023-08-17,439.6044,440.5242,429.9165,433.3408,44864930
2023-08-18,426.2573,435.6852,416.5094,432.8959,58015938
2023-08-21,444.8433,470.5477,442.1239,469.5679,68618240
2023-08-22,481.2454,481.7652,453.2324,456.5807,74938827
2023-08-23,458.5603,471.8974,451.9817,471.0576,65275843
2023-08-24,502.0508,502.5507,471.4875,471.5275,114332956
2023-08-25,470.0178,477.9461,450.1421,460.08,92034625
2023-08-28,464.719,469.6979,448.7824,468.2482,68268652
2023-08-29,466.5586,490.7033,463.8092,487.7339,69598037
2023-08-30,490.3334,499.1615,484.1447,492.5329,72021140
2023-08-31,493.6927,497.3319,489.4736,493.4427,51985449
2023-09-01,497.5118,497.8917,481.3113,484.9845,46383030
2023-09-05,482.1252,488.4019,478.496,485.3745,37248967
2023-09-06,484.3459,485.4257,465.7383,470.5477,46716287
2023-09-07,455.1897,463.3786,451.4602,462.3488,43190693
2023-09-08,459.3592,465.9983,452.6501,455.6597,45431533
2023-09-11,461.4189,461.5689,443.0613,451.7202,46579340
2023-09-12,447.3208,456.6695,445.251,448.6406,34274870
2023-09-13,445.9409,459.2392,444.9711,454.7898,39090278
2023-09-14,459.4392,459.809,451.2502,455.7496,35714579
2023-09-15,453.35,455.9296,438.022,438.9419,50487686
2023-09-18,427.4234,442.3614,419.9444,439.6018,48530242
2023-09-19,438.272,439.6018,429.9631,435.1424,36825242
2023-09-20,435.9423,438.9719,422.1741,422.3341,35936198
2023-09-21,415.7749,420.9443,409.7457,410.1157,44608933
2023-09-22,415.665,421.0942,412.2554,416.0449,47077432
2023-09-25,415.8549,425.3037,411.7155,422.1641,41250036
2023-09-26,419.9544,428.1433,416.4948,419.0545,40020748
2023-09-27,423.2439,428.6632,416.235,424.6238,44378733
2023-09-28,424.5438,434.4056,421.0942,430.8329,41987189
2023-09-29,438.212,441.3815,433.0121,434.9324,39715427
2023-10-02,440.2417,451.6902,438.5519,447.7607,42848722
2023-10-03,448.0207,451.2402,432.4027,435.1124,46833817
2023-10-04,437.3621,441.3715,432.8628,440.3517,36025370
2023-10-05,440.4417,448.9405,438.8219,446.8208,39207545
2023-10-06,441.8715,457.8294,440.2017,457.5594,42996763
2023-10-09,448.3606,455.9896,443.6212,452.6701,40799677
2023-10-10,453.04,462.5287,450.8203,457.9194,35956194
2023-10-11,461.8988,468.528,460.439,467.998,37473008
2023-10-12,467.7081,476.027,463.2387,469.3878,47975409
2023-10-13,469.5378,471.0976,452.74,454.5498,47303677
2023-10-16,450.5703,462.1888,449.0605,460.889,37104471
2023-10-17,439.9417,447.4807,424.7437,439.3218,80761841
2023-10-18,425.8536,432.1328,418.1946,421.9041,62308845
2023-10-19,428.0533,432.9127,418.7645,420.9543,48966324
2023-10-20,418.8445,424.6438,410.7256,413.8152,47081395
2023-10-23,412.2354,432.4226,409.3958,429.6931,47293692
2023-10-24,430.713,436.9121,426.8535,436.5722,38367421
2023-10-25,433.9225,436.4422,415.495,417.7347,38475031
2023-10-26,418.4746,422.4995,398.7491,403.2066,53154458
2023-10-27,411.2455,412.0054,400.097,404.9464,41190065
2023-10-30,410.8156,422.764,404.7564,411.5555,38323696
2023-10-31,404.4464,408.7359,392.2482,407.746,51377181
2023-11-01,408.7859,423.7539,408.6359,423.194,43256192
2023-11-02,433.2226,438.7819,428.8832,435.0024,39962580
2023-11-03,440.1417,453.0299,437.1721,449.9904,41655235
2023-11-06,452.785,459.2892,448.9305,457.4494,40008500
2023-11-07,457.1295,462.1188,451.5152,459.4891,34140066
2023-11-08,460.939,468.6079,459.6191,465.6783,34437948
2023-11-09,474.6071,482.2361,467.4381,469.4378,53395509
2023-11-10,474.9371,484.6558,472.7675,483.286,41329926
2023-11-13,483.136,491.095,480.9264,486.1356,38242046
2023-11-14,496.7342,498.274,490.3352,496.4942,41344869
2023-11-15,499.2839,499.5338,481.9362,488.8153,47123985
2023-11-16,486.7255,495.1813,483.236,494.7345,33802768
2023-11-17,495.1744,497.1042,490.0051,492.9147,31978728
2023-11-20,493.0547,505.4131,491.745,504.0232,40900781
2023-11-21,501.1936,505.1031,492.1548,499.3739,50122740
2023-11-22,498.454,503.2827,476.8369,487.0955,90064233
2023-11-24,484.6359,489.1452,477.3868,477.6967,29367363
2023-11-27,477.9367,485.2357,476.4569,482.3561,39386873
2023-11-28,482.2961,483.165,474.6671,478.1467,38948716
2023-11-29,483.7259,487.5554,478.5366,481.3363,36043867
2023-11-30,480.1764,481.0363,464.1585,467.6381,52042111
2023-12-01,465.1884,471.9375,461.8088,467.5881,35821539
2023-12-04,460.709,460.709,450.0404,455.0397,42881449
2023-12-05,454.6388,465.9783,452.6889,465.6383,36218878
2023-12-06,472.123,473.848,454.0989,455.0088,36691046
2023-12-07,456.9787,466.2683,456.0188,465.9383,34168490
2023-12-08,465.9283,477.3863,465.4783,475.0379,35133342
2023-12-11,474.8879,475.2879,458.2787,466.2483,50107557
2023-12-12,460.4386,476.6378,460.4386,476.5478,36994942
2023-12-13,476.2678,485.9174,476.0578,480.8576,43606752
2023-12-14,483.8775,486.6774,474.1979,483.4775,38160558
2023-12-15,481.9176,494.017,481.1776,488.8773,47924969
2023-12-18,493.977,504.3064,491.4771,500.7467,40888812
2023-12-19,494.217,496.9769,488.9272,496.0169,46313248
2023-12-20,496.5269,499.9667,480.9576,481.0876,39395411
2023-12-21,488.0873,490.9272,484.1675,489.8772,29915086
2023-12-22,491.9271,493.807,484.6474,488.2773,25250676
2023-12-26,489.6572,495.9769,489.5772,492.7671,24275419
2023-12-27,495.087,496.7769,490.8272,494.147,23206387
2023-12-28,496.4069,498.8167,494.097,495.197,24441403
2023-12-29,498.1068,499.9467,487.4873,495.197,38929330
2024-01-02,492.4171,492.9271,475.9279,481.6576,40838492
2024-01-03,474.8279,481.8186,473.178,475.6679,31815730
2024-01-04,477.6478,484.9774,475.0579,479.9577,30588048
2024-01-05,484.5975,495.4469,483.0376,490.9472,41080455
2024-01-08,495.097,522.7257,494.767,522.5057,62965777
2024-01-09,523.9856,543.2247,516.8759,531.3753,76531427
2024-01-10,536.1351,545.9746,534.8651,543.4747,52965765
2024-01-11,549.9644,553.4342,535.5751,548.1945,59374924
2024-01-12,546.1746,549.6744,543.2755,547.0745,35299360
2024-01-16,550.1544,568.3235,548.9745,563.7938,44217040
2024-01-17,563.4438,564.6805,547.3745,560.5039,47252644
2024-01-18,572.5734,575.9732,561.0439,571.0434,48611876
2024-01-19,579.863,594.9723,572.2234,594.8823,53706511
2024-01-22,600.4621,603.2819,590.6725,596.5122,44647218
2024-01-23,595.6723,599.0721,585.8227,598.7021,29114497
2024-01-24,603.0119,628.4608,599.3521,613.5914,55743467
2024-01-25,623.471,627.1608,608.4717,616.1413,47308117
2024-01-26,609.5716,617.8013,605.7018,610.2816,38856304
2024-01-29,612.2915,624.8609,609.0417,624.6209,33899082
2024-01-30,628.9707,634.9005,622.571,627.7108,39595945
2024-01-31,614.3714,622.6612,606.9718,615.2414,45068532
2024-02-01,620.9711,631.8806,616.4713,630.2407,36001577
2024-02-02,639.7102,665.969,636.8704,661.5692,47216243
2024-02-05,682.2183,694.9377,672.0187,693.2877,66919900
2024-02-06,696.2676,697.5074,662.9692,682.1983,67754245
2024-02-07,683.1582,702.1673,675.9685,700.9574,48485835
2024-02-08,700.7074,707.9071,694.5177,696.3776,41106808
2024-02-09,705.2972,721.8164,702.0873,721.2964,43218606
2024-02-12,725.9662,746.0753,712.4668,722.4464,61014797
2024-02-13,703.9672,734.4658,696.1676,721.2464,59775127
2024-02-14,731.9859,742.3255,719.3465,738.9656,50166982
2024-02-15,738.6556,739.7156,723.9663,726.5462,41498166
2024-02-16,740.9655,743.9854,724.9763,726.0962,49532662
2024-02-20,719.4365,719.5265,677.3085,694.4877,69558878
2024-02-21,680.0284,688.8479,662.4492,674.6886,58135130
2024-02-22,750.2151,785.7134,742.1655,785.3435,85075330
2024-02-23,807.8624,823.9017,775.6639,788.1333,81993074
2024-02-26,796.9629,806.4224,785.0135,790.8832,49895132
2024-02-27,793.7731,794.763,771.5841,786.9734,38938177
2024-02-28,776.1639,789.2933,771.2141,776.5939,37945301
2024-02-29,790.9032,799.8628,783.4635,791.0832,48339752
2024-03-01,799.9628,822.9617,794.3133,822.7517,47357108
2024-03-04,841.2609,876.9092,837.151,852.3303,60527099
2024-03-05,852.7,860.97,834.1701,859.64,51449199
2024-03-06,880.22,897.24,870.3001,887,57486354
2024-03-07,901.58,927.67,896.0201,926.69,58662888
2024-03-08,951.379,974,865.06,875.28,111914861
2024-03-11,864.29,887.97,841.66,857.74,66611510
2024-03-12,880.49,919.6,861.501,919.13,65437480
2024-03-13,910.55,915.04,884.35,908.88,62726626
2024-03-14,895.77,906.46,866,879.44,59711081
2024-03-15,869.3,895.46,862.57,878.365,60702876